onset	duration	nwb_table	treelevel
7.13100004196167	0.09999999999999964	epochs	0.0
7.13100004196167	0.04499999999999993	epochs	1.0
7.17600004196167	0.010005000000000486	epochs	1.0
7.18600504196167	0.04499499999999923	epochs	1.0
7.23100004196167	0.7049950000000003	epochs	0.0
7.23100004196167	0.5	epochs	-1.0
7.23100004196167	0.5	epochs	-1.0
7.23100004196167	0.5	epochs	1.0
7.73100004196167	0.0600000000000005	epochs	-1.0
7.73100004196167	0.025000000000000355	epochs	-1.0
7.73100004196167	0.025000000000000355	epochs	1.0
7.75600004196167	0.009999999999999787	epochs	-1.0
7.75600004196167	0.009999999999999787	epochs	1.0
7.76600004196167	0.025000000000000355	epochs	-1.0
7.76600004196167	0.025000000000000355	epochs	1.0
7.79100004196167	0.05999999999999961	epochs	-1.0
7.79100004196167	0.025000000000000355	epochs	-1.0
7.79100004196167	0.025000000000000355	epochs	1.0
7.81600004196167	0.009999999999999787	epochs	-1.0
7.81600004196167	0.009999999999999787	epochs	1.0
7.82600004196167	0.024999999999999467	epochs	-1.0
7.82600004196167	0.024999999999999467	epochs	1.0
7.85100004196167	0.0600000000000005	epochs	-1.0
7.85100004196167	0.025000000000000355	epochs	-1.0
7.85100004196167	0.025000000000000355	epochs	1.0
7.87600004196167	0.009999999999999787	epochs	-1.0
7.87600004196167	0.009999999999999787	epochs	1.0
7.88600004196167	0.025000000000000355	epochs	-1.0
7.88600004196167	0.025000000000000355	epochs	1.0
7.91100004196167	0.024994999999999656	epochs	1.0
437.8680000305176	0.10000000000002274	epochs	0.0
437.8680000305176	0.045000000000015916	epochs	1.0
437.9130000305176	0.010004999999978281	epochs	1.0
437.9230050305176	0.04499500000002854	epochs	1.0
437.9680000305176	0.7049949999999967	epochs	0.0
437.9680000305176	0.5	epochs	-1.0
437.9680000305176	0.5	epochs	1.0
438.4680000305176	0.060000000000002274	epochs	-1.0
438.4680000305176	0.024999999999977263	epochs	-1.0
438.4680000305176	0.024999999999977263	epochs	1.0
438.4930000305176	0.009999999999990905	epochs	-1.0
438.4930000305176	0.009999999999990905	epochs	1.0
438.50300003051757	0.025000000000034106	epochs	-1.0
438.50300003051757	0.025000000000034106	epochs	1.0
438.5280000305176	0.060000000000002274	epochs	-1.0
438.5280000305176	0.024999999999977263	epochs	-1.0
438.5280000305176	0.024999999999977263	epochs	1.0
438.5530000305176	0.009999999999990905	epochs	-1.0
438.5530000305176	0.009999999999990905	epochs	1.0
438.56300003051757	0.025000000000034106	epochs	-1.0
438.56300003051757	0.025000000000034106	epochs	1.0
438.5880000305176	0.05999999999994543	epochs	-1.0
438.5880000305176	0.024999999999977263	epochs	-1.0
438.5880000305176	0.024999999999977263	epochs	1.0
438.6130000305176	0.009999999999990905	epochs	-1.0
438.6130000305176	0.009999999999990905	epochs	1.0
438.6230000305176	0.024999999999977263	epochs	-1.0
438.6230000305176	0.024999999999977263	epochs	1.0
438.64800003051755	0.02499500000004673	epochs	1.0
473.06699991226196	0.10000000000002274	epochs	0.0
473.06699991226196	0.045000000000015916	epochs	1.0
473.111999912262	0.010004999999978281	epochs	1.0
473.12200491226196	0.04499500000002854	epochs	1.0
473.166999912262	61.384995	epochs	0.0
473.166999912262	0.5	epochs	-1.0
473.166999912262	0.5	epochs	-1.0
473.166999912262	0.5	epochs	1.0
473.666999912262	0.060000000000002274	epochs	-1.0
473.666999912262	0.024999999999977263	epochs	-1.0
473.666999912262	0.024999999999977263	epochs	1.0
473.69199991226196	0.009999999999990905	epochs	-1.0
473.69199991226196	0.009999999999990905	epochs	1.0
473.70199991226195	0.025000000000034106	epochs	-1.0
473.70199991226195	0.025000000000034106	epochs	1.0
473.726999912262	0.060000000000002274	epochs	-1.0
473.726999912262	0.024999999999977263	epochs	-1.0
473.726999912262	0.024999999999977263	epochs	1.0
473.75199991226197	0.009999999999990905	epochs	-1.0
473.75199991226197	0.009999999999990905	epochs	1.0
473.76199991226196	0.025000000000034106	epochs	-1.0
473.76199991226196	0.025000000000034106	epochs	1.0
473.786999912262	0.05999999999994543	epochs	-1.0
473.786999912262	0.024999999999977263	epochs	-1.0
473.786999912262	0.024999999999977263	epochs	1.0
473.81199991226197	0.009999999999990905	epochs	-1.0
473.81199991226197	0.009999999999990905	epochs	1.0
473.82199991226196	0.024999999999977263	epochs	-1.0
473.82199991226196	0.024999999999977263	epochs	1.0
473.84699991226194	60.0	epochs	1.0
533.8469999122619	0.5	epochs	-1.0
533.8469999122619	0.5	epochs	-1.0
533.8469999122619	0.5	epochs	1.0
534.3469999122619	0.06000000000005912	epochs	-1.0
534.3469999122619	0.024999999999977263	epochs	-1.0
534.3469999122619	0.024999999999977263	epochs	1.0
534.3719999122619	0.010000000000104592	epochs	-1.0
534.3719999122619	0.010000000000104592	epochs	1.0
534.381999912262	0.024999999999977263	epochs	-1.0
534.381999912262	0.024999999999977263	epochs	1.0
534.406999912262	0.05999999999994543	epochs	-1.0
534.406999912262	0.024999999999977263	epochs	-1.0
534.406999912262	0.024999999999977263	epochs	1.0
534.431999912262	0.009999999999990905	epochs	-1.0
534.431999912262	0.009999999999990905	epochs	1.0
534.441999912262	0.024999999999977263	epochs	-1.0
534.441999912262	0.024999999999977263	epochs	1.0
534.4669999122619	0.06000000000005912	epochs	-1.0
534.4669999122619	0.024999999999977263	epochs	-1.0
534.4669999122619	0.024999999999977263	epochs	1.0
534.4919999122619	0.009999999999990905	epochs	-1.0
534.4919999122619	0.009999999999990905	epochs	1.0
534.5019999122619	0.02500000000009095	epochs	-1.0
534.5019999122619	0.02500000000009095	epochs	1.0
534.526999912262	0.024994999999989886	epochs	1.0
566.7870001792908	0.10000000000002274	epochs	0.0
566.7870001792908	0.04499999999995907	epochs	1.0
566.8320001792907	0.010005000000091968	epochs	1.0
566.8420051792908	0.044994999999971697	epochs	1.0
566.8870001792908	0.7049949999999399	epochs	0.0
566.8870001792908	0.5	epochs	-1.0
566.8870001792908	0.5	epochs	-1.0
566.8870001792908	0.5	epochs	1.0
567.3870001792908	0.05999999999994543	epochs	-1.0
567.3870001792908	0.024999999999977263	epochs	-1.0
567.3870001792908	0.024999999999977263	epochs	1.0
567.4120001792908	0.009999999999990905	epochs	-1.0
567.4120001792908	0.009999999999990905	epochs	1.0
567.4220001792908	0.024999999999977263	epochs	-1.0
567.4220001792908	0.024999999999977263	epochs	1.0
567.4470001792907	0.06000000000005912	epochs	-1.0
567.4470001792907	0.024999999999977263	epochs	-1.0
567.4470001792907	0.024999999999977263	epochs	1.0
567.4720001792907	0.010000000000104592	epochs	-1.0
567.4720001792907	0.010000000000104592	epochs	1.0
567.4820001792908	0.024999999999977263	epochs	-1.0
567.4820001792908	0.024999999999977263	epochs	1.0
567.5070001792908	0.05999999999994543	epochs	-1.0
567.5070001792908	0.024999999999977263	epochs	-1.0
567.5070001792908	0.024999999999977263	epochs	1.0
567.5320001792908	0.009999999999990905	epochs	-1.0
567.5320001792908	0.009999999999990905	epochs	1.0
567.5420001792908	0.024999999999977263	epochs	-1.0
567.5420001792908	0.024999999999977263	epochs	1.0
567.5670001792907	0.024994999999989886	epochs	1.0
617.0700001716614	0.09140000000002146	epochs	0.0
617.0700001716614	0.04070000000001528	epochs	1.0
617.1107001716614	0.01001999999994041	epochs	1.0
617.1207201716613	0.040680000000065775	epochs	1.0
617.1614001716614	5.999979999999937	epochs	0.0
617.1614001716614	0.5	epochs	1.0
617.1614078716614	0.5	epochs	-1.0
617.1614078716614	0.5	epochs	-1.0
617.6614001716614	5.0	epochs	1.0
622.6614001716614	0.4999799999999368	epochs	1.0
622.6614078716614	0.4999722999999676	epochs	-1.0
627.9809999465942	0.09140000000002146	epochs	0.0
627.9809999465942	0.04070000000001528	epochs	1.0
628.0216999465943	0.01001999999994041	epochs	1.0
628.0317199465942	0.040680000000065775	epochs	1.0
628.0723999465943	2.5276999999999816	epochs	0.0
628.0723999465943	0.5	epochs	1.0
628.0724076465942	0.5	epochs	-1.0
628.5723999465943	1.0	epochs	1.0
629.5723999465943	1.0276999999999816	epochs	1.0
630.0724076465942	0.5	epochs	-1.0
630.6000999465942	0.9722799999999552	epochs	0.0
630.9070000648499	0.09140000000002146	epochs	0.0
630.9070000648499	0.04070000000001528	epochs	1.0
630.9477000648499	0.01001999999994041	epochs	1.0
630.9577200648498	0.040680000000065775	epochs	1.0
630.9984000648499	0.507759999999962	epochs	0.0
630.9984000648499	0.5	epochs	1.0
630.9984077648498	0.5	epochs	-1.0
631.4984000648499	0.0077599999999620195	epochs	1.0
631.5061600648498	2.992219999999975	epochs	0.0
631.8070001602173	0.09140000000002146	epochs	0.0
631.8070001602173	0.04070000000001528	epochs	1.0
631.8477001602173	0.01001999999994041	epochs	1.0
631.8577201602172	0.040680000000065775	epochs	1.0
631.8984001602173	0.5081599999999753	epochs	0.0
631.8984001602173	0.5	epochs	1.0
631.8984078602173	0.5	epochs	-1.0
632.3984001602173	0.008159999999975298	epochs	1.0
632.4065601602173	2.9918199999999615	epochs	0.0
632.7070002555847	0.09140000000002146	epochs	0.0
632.7070002555847	0.04070000000001528	epochs	1.0
632.7477002555847	0.01001999999994041	epochs	1.0
632.7577202555847	0.040680000000065775	epochs	1.0
632.7984002555847	2.527780000000007	epochs	0.0
632.7984002555847	0.5	epochs	1.0
632.7984079555847	0.5	epochs	-1.0
633.2984002555847	1.0	epochs	1.0
634.2984002555847	1.027780000000007	epochs	1.0
634.7984079555847	0.5	epochs	-1.0
635.3261802555847	0.9721999999999298	epochs	0.0
635.606999874115	0.09140000000002146	epochs	0.0
635.606999874115	0.04070000000001528	epochs	1.0
635.647699874115	0.01001999999994041	epochs	1.0
635.657719874115	0.040680000000065775	epochs	1.0
635.698399874115	2.528940000000034	epochs	0.0
635.698399874115	0.5	epochs	1.0
635.698407574115	0.5	epochs	-1.0
636.198399874115	1.0	epochs	1.0
637.198399874115	1.0289400000000342	epochs	1.0
637.698407574115	0.5	epochs	-1.0
638.227339874115	0.9710399999999026	epochs	0.0
638.5240001678467	0.09140000000002146	epochs	0.0
638.5240001678467	0.04070000000001528	epochs	1.0
638.5647001678467	0.01001999999994041	epochs	1.0
638.5747201678466	0.040680000000065775	epochs	1.0
638.6154001678467	2.527680000000032	epochs	0.0
638.6154001678467	0.5	epochs	1.0
638.6154078678467	0.5	epochs	-1.0
639.1154001678467	1.0	epochs	1.0
640.1154001678467	1.0276800000000321	epochs	1.0
640.6154078678467	0.5	epochs	-1.0
641.1430801678467	0.9722999999999047	epochs	0.0
641.4660000801086	0.09140000000002146	epochs	0.0
641.4660000801086	0.04070000000001528	epochs	1.0
641.5067000801087	0.01001999999994041	epochs	1.0
641.5167200801086	0.040680000000065775	epochs	1.0
641.5574000801087	2.5296599999999216	epochs	0.0
641.5574000801087	0.5	epochs	1.0
641.5574077801086	0.5	epochs	-1.0
642.0574000801087	1.0	epochs	1.0
643.0574000801087	1.0296599999999216	epochs	1.0
643.5574077801086	0.5	epochs	-1.0
644.0870600801086	0.9703200000000152	epochs	0.0
644.5	0.15297999999995682	epochs	0.0
644.5	0.049999999999954525	epochs	1.0
644.55	0.0030000000000427463	epochs	1.0
644.553	0.09997999999995955	epochs	1.0
645.0160002708435	0.15297999999995682	epochs	0.0
645.0160002708435	0.049999999999954525	epochs	1.0
645.0660002708435	0.0030000000000427463	epochs	1.0
645.0690002708435	0.09997999999995955	epochs	1.0
645.5329999923706	0.15297999999995682	epochs	0.0
645.5329999923706	0.049999999999954525	epochs	1.0
645.5829999923706	0.0030000000000427463	epochs	1.0
645.5859999923706	0.09997999999995955	epochs	1.0
646.0329999923706	0.15297999999995682	epochs	0.0
646.0329999923706	0.049999999999954525	epochs	1.0
646.0829999923706	0.0030000000000427463	epochs	1.0
646.0859999923706	0.09997999999995955	epochs	1.0
646.5329999923706	0.15297999999995682	epochs	0.0
646.5329999923706	0.049999999999954525	epochs	1.0
646.5829999923706	0.0030000000000427463	epochs	1.0
646.5859999923706	0.09997999999995955	epochs	1.0
647.0659999847412	0.15297999999995682	epochs	0.0
647.0659999847412	0.049999999999954525	epochs	1.0
647.1159999847412	0.0030000000000427463	epochs	1.0
647.1189999847412	0.09997999999995955	epochs	1.0
647.5999999046326	0.15297999999995682	epochs	0.0
647.5999999046326	0.049999999999954525	epochs	1.0
647.6499999046325	0.0030000000000427463	epochs	1.0
647.6529999046326	0.09997999999995955	epochs	1.0
648.0999999046326	0.15297999999995682	epochs	0.0
648.0999999046326	0.049999999999954525	epochs	1.0
648.1499999046325	0.0030000000000427463	epochs	1.0
648.1529999046326	0.09997999999995955	epochs	1.0
648.6160001754761	0.15297999999995682	epochs	0.0
648.6160001754761	0.049999999999954525	epochs	1.0
648.666000175476	0.0030000000000427463	epochs	1.0
648.6690001754761	0.09997999999995955	epochs	1.0
649.2210001945496	0.15297999999995682	epochs	0.0
649.2210001945496	0.049999999999954525	epochs	1.0
649.2710001945495	0.0030000000000427463	epochs	1.0
649.2740001945496	0.09997999999995955	epochs	1.0
649.7379999160767	0.15297999999995682	epochs	0.0
649.7379999160767	0.049999999999954525	epochs	1.0
649.7879999160766	0.0030000000000427463	epochs	1.0
649.7909999160767	0.09997999999995955	epochs	1.0
650.4040002822876	0.09140000000002146	epochs	0.0
650.4040002822876	0.04070000000001528	epochs	1.0
650.4447002822876	0.01001999999994041	epochs	1.0
650.4547202822876	0.040680000000065775	epochs	1.0
650.4954002822876	1.5082400000000007	epochs	0.0
650.4954002822876	0.5	epochs	1.0
650.4954079822876	0.5	epochs	-1.0
650.9954002822876	0.0029999999999290594	epochs	1.0
650.9984002822875	1.0052400000000716	epochs	1.0
651.4984079822876	0.5	epochs	-1.0
652.0036402822876	0.0947400000000016	epochs	0.0
652.6540002822876	0.09140000000002146	epochs	0.0
652.6540002822876	0.04070000000001528	epochs	1.0
652.6947002822876	0.01001999999994041	epochs	1.0
652.7047202822876	0.040680000000065775	epochs	1.0
652.7454002822876	1.5086000000000013	epochs	0.0
652.7454002822876	0.5	epochs	1.0
652.7454079822876	0.5	epochs	-1.0
653.2454002822876	0.0029999999999290594	epochs	1.0
653.2484002822875	1.0056000000000722	epochs	1.0
653.7484079822876	0.5	epochs	-1.0
654.2540002822876	0.09438000000000102	epochs	0.0
654.8380002975464	0.6499800000000278	epochs	0.0
654.8380002975464	0.049999999999954525	epochs	1.0
654.8880002975463	0.5	epochs	1.0
655.3880002975463	0.09998000000007323	epochs	1.0
655.9710001945496	0.6499800000000278	epochs	0.0
655.9710001945496	0.049999999999954525	epochs	1.0
656.0210001945495	0.5	epochs	1.0
656.5210001945495	0.09998000000007323	epochs	1.0
657.121000289917	0.6499800000000278	epochs	0.0
657.121000289917	0.049999999999954525	epochs	1.0
657.171000289917	0.5	epochs	1.0
657.671000289917	0.09998000000007323	epochs	1.0
658.2039999961853	0.6499800000000278	epochs	0.0
658.2039999961853	0.049999999999954525	epochs	1.0
658.2539999961853	0.5	epochs	1.0
658.7539999961853	0.09998000000007323	epochs	1.0
659.3289999961853	0.6499800000000278	epochs	0.0
659.3289999961853	0.049999999999954525	epochs	1.0
659.3789999961853	0.5	epochs	1.0
659.8789999961853	0.09998000000007323	epochs	1.0
660.5130000114441	0.09140000000002146	epochs	0.0
660.5130000114441	0.04070000000001528	epochs	1.0
660.5537000114441	0.01001999999994041	epochs	1.0
660.563720011444	0.040680000000065775	epochs	1.0
660.6044000114441	2.528320000000008	epochs	0.0
660.6044000114441	0.5	epochs	1.0
660.6044077114441	0.5	epochs	-1.0
661.1044000114441	1.0	epochs	1.0
662.1044000114441	1.028320000000008	epochs	1.0
662.6044077114441	0.5	epochs	-1.0
663.1327200114441	2.971659999999929	epochs	0.0
665.6630001068115	0.09140000000002146	epochs	0.0
665.6630001068115	0.04070000000001528	epochs	1.0
665.7037001068115	0.01001999999994041	epochs	1.0
665.7137201068115	0.040680000000065775	epochs	1.0
665.7544001068115	0.5078599999999369	epochs	0.0
665.7544001068115	0.5	epochs	1.0
665.7544078068115	0.5	epochs	-1.0
666.2544001068115	0.007859999999936917	epochs	1.0
666.2622601068115	4.99212	epochs	0.0
670.8850002288818	0.09140000000002146	epochs	0.0
670.8850002288818	0.04070000000001528	epochs	1.0
670.9257002288819	0.01001999999994041	epochs	1.0
670.9357202288818	0.040680000000065775	epochs	1.0
670.9764002288819	2.527339999999981	epochs	0.0
670.9764002288819	0.5	epochs	1.0
670.9764079288818	0.5	epochs	-1.0
671.4764002288819	1.0	epochs	1.0
672.4764002288819	1.027339999999981	epochs	1.0
672.9764079288818	0.5	epochs	-1.0
673.5037402288818	2.9726399999999558	epochs	0.0
676.0520000457764	0.09140000000002146	epochs	0.0
676.0520000457764	0.04070000000001528	epochs	1.0
676.0927000457764	0.01001999999994041	epochs	1.0
676.1027200457763	0.040680000000065775	epochs	1.0
676.1434000457764	2.527719999999931	epochs	0.0
676.1434000457764	0.5	epochs	1.0
676.1434077457764	0.5	epochs	-1.0
676.6434000457764	1.0	epochs	1.0
677.6434000457764	1.0277199999999311	epochs	1.0
678.1434077457764	0.5	epochs	-1.0
678.6711200457763	2.9722600000000057	epochs	0.0
681.2560000419617	0.09140000000002146	epochs	0.0
681.2560000419617	0.04070000000001528	epochs	1.0
681.2967000419617	0.01001999999994041	epochs	1.0
681.3067200419616	0.040680000000065775	epochs	1.0
681.3474000419617	2.528220000000033	epochs	0.0
681.3474000419617	0.5	epochs	1.0
681.3474077419617	0.5	epochs	-1.0
681.8474000419617	1.0	epochs	1.0
682.8474000419617	1.028220000000033	epochs	1.0
683.3474077419617	0.5	epochs	-1.0
683.8756200419617	3.971759999999904	epochs	0.0
684.3889999389648	0.09140000000002146	epochs	0.0
684.3889999389648	0.04070000000001528	epochs	1.0
684.4296999389649	0.01001999999994041	epochs	1.0
684.4397199389648	0.040680000000065775	epochs	1.0
684.4803999389649	2.5273999999999432	epochs	0.0
684.4803999389649	0.5	epochs	1.0
684.4804076389648	0.5	epochs	-1.0
684.9803999389649	1.0	epochs	1.0
685.9803999389649	1.0273999999999432	epochs	1.0
686.4804076389648	0.5	epochs	-1.0
687.0077999389648	3.9725799999999936	epochs	0.0
687.5729999542236	0.09140000000002146	epochs	0.0
687.5729999542236	0.04070000000001528	epochs	1.0
687.6136999542236	0.01001999999994041	epochs	1.0
687.6237199542236	0.040680000000065775	epochs	1.0
687.6643999542237	2.52819999999997	epochs	0.0
687.6643999542237	0.5	epochs	1.0
687.6644076542236	0.5	epochs	-1.0
688.1643999542237	1.0	epochs	1.0
689.1643999542237	1.0281999999999698	epochs	1.0
689.6644076542236	0.5	epochs	-1.0
690.1925999542236	3.971779999999967	epochs	0.0
690.7119998931885	0.09140000000002146	epochs	0.0
690.7119998931885	0.04070000000001528	epochs	1.0
690.7526998931885	0.01001999999994041	epochs	1.0
690.7627198931884	0.040680000000065775	epochs	1.0
690.8033998931885	2.5279600000000073	epochs	0.0
690.8033998931885	0.5	epochs	1.0
690.8034075931885	0.5	epochs	-1.0
691.3033998931885	1.0	epochs	1.0
692.3033998931885	1.0279600000000073	epochs	1.0
692.8034075931885	0.5	epochs	-1.0
693.3313598931885	3.9720199999999295	epochs	0.0
694.2779998779297	0.09140000000002146	epochs	0.0
694.2779998779297	0.04070000000001528	epochs	1.0
694.3186998779297	0.01001999999994041	epochs	1.0
694.3287198779296	0.040680000000065775	epochs	1.0
694.3693998779297	2.527219999999943	epochs	0.0
694.3693998779297	0.5	epochs	1.0
694.3694075779297	0.5	epochs	-1.0
694.8693998779297	1.0	epochs	1.0
695.8693998779297	1.027219999999943	epochs	1.0
696.3694075779297	0.5	epochs	-1.0
696.8966198779297	7.972759999999994	epochs	0.0
709.5019998550415	0.09140000000002146	epochs	0.0
709.5019998550415	0.04070000000001528	epochs	1.0
709.5426998550415	0.01001999999994041	epochs	1.0
709.5527198550415	0.040680000000065775	epochs	1.0
709.5933998550415	2.5281400000000076	epochs	0.0
709.5933998550415	0.5	epochs	1.0
709.5934075550415	0.5	epochs	-1.0
710.0933998550415	1.0	epochs	1.0
711.0933998550415	1.0281400000000076	epochs	1.0
711.5934075550415	0.5	epochs	-1.0
712.1215398550415	7.971839999999929	epochs	0.0
724.6750001907349	0.09140000000002146	epochs	0.0
724.6750001907349	0.04070000000001528	epochs	1.0
724.7157001907349	0.01001999999994041	epochs	1.0
724.7257201907348	0.040680000000065775	epochs	1.0
724.7664001907349	3.527659999999969	epochs	0.0
724.7664001907349	0.5	epochs	1.0
724.7664078907349	0.5	epochs	-1.0
725.2664001907349	1.0	epochs	1.0
726.2664001907349	2.027659999999969	epochs	1.0
726.7664078907349	0.5	epochs	-1.0
727.2664078907349	0.5	epochs	-1.0
727.7664078907349	0.5	epochs	-1.0
728.2940601907349	6.972319999999968	epochs	0.0
739.8369998931885	0.09140000000002146	epochs	0.0
739.8369998931885	0.04070000000001528	epochs	1.0
739.8776998931885	0.01001999999994041	epochs	1.0
739.8877198931884	0.040680000000065775	epochs	1.0
739.9283998931885	2.52837999999997	epochs	0.0
739.9283998931885	0.5	epochs	1.0
739.9284075931885	0.5	epochs	-1.0
740.4283998931885	1.0	epochs	1.0
741.4283998931885	1.02837999999997	epochs	1.0
741.9284075931885	0.5	epochs	-1.0
742.4567798931885	7.971599999999967	epochs	0.0
755.0420002937317	0.09140000000002146	epochs	0.0
755.0420002937317	0.04070000000001528	epochs	1.0
755.0827002937317	0.01001999999994041	epochs	1.0
755.0927202937316	0.040680000000065775	epochs	1.0
755.1334002937317	2.52819999999997	epochs	0.0
755.1334002937317	0.5	epochs	1.0
755.1334079937317	0.5	epochs	-1.0
755.6334002937317	1.0	epochs	1.0
756.6334002937317	1.0281999999999698	epochs	1.0
757.1334079937317	0.5	epochs	-1.0
757.6616002937317	7.971779999999967	epochs	0.0
770.1840000152588	0.09140000000002146	epochs	0.0
770.1840000152588	0.04070000000001528	epochs	1.0
770.2247000152588	0.01001999999994041	epochs	1.0
770.2347200152587	0.040680000000065775	epochs	1.0
770.2754000152588	5.008500000000026	epochs	0.0
770.2754000152588	0.5	epochs	1.0
770.2754077152588	0.5	epochs	-1.0
770.7754000152588	1.0	epochs	1.0
771.7754000152588	3.5085000000000264	epochs	1.0
772.2754077152588	0.5	epochs	-1.0
772.7754077152588	0.5	epochs	-1.0
773.2754077152588	0.5	epochs	-1.0
773.7754077152588	0.5	epochs	-1.0
774.2754077152588	0.5	epochs	-1.0
774.7754077152588	0.5	epochs	-1.0
775.2839000152588	5.49147999999991	epochs	0.0
785.3680000305176	0.09140000000002146	epochs	0.0
785.3680000305176	0.04070000000001528	epochs	1.0
785.4087000305176	0.01001999999994041	epochs	1.0
785.4187200305175	0.040680000000065775	epochs	1.0
785.4594000305176	4.027899999999931	epochs	0.0
785.4594000305176	0.5	epochs	1.0
785.4594077305176	0.5	epochs	-1.0
785.9594000305176	1.0	epochs	1.0
786.9594000305176	2.5278999999999314	epochs	1.0
787.4594077305176	0.5	epochs	-1.0
787.9594077305176	0.5	epochs	-1.0
788.4594077305176	0.5	epochs	-1.0
788.9594077305176	0.5	epochs	-1.0
789.4873000305175	6.472080000000005	epochs	0.0
800.5370001792908	0.09140000000002146	epochs	0.0
800.5370001792908	0.04070000000001528	epochs	1.0
800.5777001792908	0.01001999999994041	epochs	1.0
800.5877201792907	0.040680000000065775	epochs	1.0
800.6284001792908	2.528760000000034	epochs	0.0
800.6284001792908	0.5	epochs	1.0
800.6284078792908	0.5	epochs	-1.0
801.1284001792908	1.0	epochs	1.0
802.1284001792908	1.0287600000000339	epochs	1.0
802.6284078792908	0.5	epochs	-1.0
803.1571601792908	7.971219999999903	epochs	0.0
815.6519999504089	0.09140000000002146	epochs	0.0
815.6519999504089	0.04070000000001528	epochs	1.0
815.692699950409	0.01001999999994041	epochs	1.0
815.7027199504089	0.040680000000065775	epochs	1.0
815.743399950409	2.5271400000000313	epochs	0.0
815.743399950409	0.5	epochs	1.0
815.7434076504089	0.5	epochs	-1.0
816.243399950409	1.0	epochs	1.0
817.243399950409	1.0271400000000313	epochs	1.0
817.7434076504089	0.5	epochs	-1.0
818.270539950409	7.972839999999906	epochs	0.0
830.9229998588562	0.09140000000002146	epochs	0.0
830.9229998588562	0.04070000000001528	epochs	1.0
830.9636998588562	0.01001999999994041	epochs	1.0
830.9737198588562	0.040680000000065775	epochs	1.0
831.0143998588562	9.067459999999983	epochs	0.0
831.0143998588562	0.5	epochs	1.0
831.0144075588562	0.5	epochs	-1.0
831.5143998588562	8.567459999999983	epochs	1.0
839.0819998588562	0.9998600000000124	epochs	-1.0
839.0819998588562	0.03963999999996304	epochs	-1.0
839.5795075588562	0.5	epochs	-1.0
840.0818598588562	10.432519999999954	epochs	0.0
841.3289999961853	0.09140000000002146	epochs	0.0
841.3289999961853	0.04070000000001528	epochs	1.0
841.3696999961853	0.01001999999994041	epochs	1.0
841.3797199961853	0.040680000000065775	epochs	1.0
841.4203999961853	8.967179999999985	epochs	0.0
841.4203999961853	0.5	epochs	1.0
841.4204076961853	0.5	epochs	-1.0
841.9203999961853	8.467179999999985	epochs	1.0
849.3888799961853	0.9986999999999853	epochs	-1.0
849.3888799961853	0.03933999999992466	epochs	-1.0
849.8863876961854	0.5	epochs	-1.0
850.3875799961853	10.532799999999952	epochs	0.0
851.2829999923706	0.09140000000002146	epochs	0.0
851.2829999923706	0.04070000000001528	epochs	1.0
851.3236999923706	0.01001999999994041	epochs	1.0
851.3337199923706	0.040680000000065775	epochs	1.0
851.3743999923706	9.02715999999998	epochs	0.0
851.3743999923706	0.5	epochs	1.0
851.3744076923706	0.5	epochs	-1.0
851.8743999923706	8.52715999999998	epochs	1.0
859.4023999923706	0.9991599999999607	epochs	-1.0
859.4023999923706	0.03944000000001324	epochs	-1.0
859.8999076923706	0.5	epochs	-1.0
860.4015599923706	10.472819999999956	epochs	0.0
885.8670001029968	0.09140000000002146	epochs	0.0
885.8670001029968	0.04070000000001528	epochs	1.0
885.9077001029968	0.01001999999994041	epochs	1.0
885.9177201029968	0.040680000000065775	epochs	1.0
885.9584001029968	11.547599999999989	epochs	0.0
885.9584001029968	0.5	epochs	1.0
885.9584078029968	0.5	epochs	-1.0
886.4584001029968	11.047599999999989	epochs	1.0
895.5065801029968	1.9994199999999864	epochs	-1.0
895.5065801029968	0.03885999999999967	epochs	-1.0
896.0032478029968	0.5	epochs	-1.0
896.5032478029968	0.5	epochs	-1.0
897.0032478029968	0.5	epochs	-1.0
897.5060001029968	7.952379999999948	epochs	0.0
898.6020002365112	0.09140000000002146	epochs	0.0
898.6020002365112	0.04070000000001528	epochs	1.0
898.6427002365112	0.01001999999994041	epochs	1.0
898.6527202365112	0.040680000000065775	epochs	1.0
898.6934002365113	16.087599999999952	epochs	0.0
898.6934002365113	0.5	epochs	1.0
898.6934079365112	0.5	epochs	-1.0
899.1934002365113	15.587599999999952	epochs	1.0
911.7612002365113	3.0197999999999183	epochs	-1.0
911.7612002365113	0.04009999999993852	epochs	-1.0
912.2562079365113	0.5	epochs	-1.0
912.7562079365113	0.5	epochs	-1.0
913.2562079365113	0.5	epochs	-1.0
913.7562079365113	0.5	epochs	-1.0
914.2562079365113	0.5	epochs	-1.0
914.7810002365112	3.4123799999999846	epochs	0.0
915.9359998703003	0.09140000000002146	epochs	0.0
915.9359998703003	0.04070000000001528	epochs	1.0
915.9766998703003	0.01001999999994041	epochs	1.0
915.9867198703002	0.040680000000065775	epochs	1.0
916.0273998703003	0.5077199999999493	epochs	0.0
916.0273998703003	0.5	epochs	1.0
916.0274075703003	0.5	epochs	-1.0
916.5273998703003	0.007719999999949323	epochs	1.0
916.5351198703003	18.992259999999987	epochs	0.0
945.0820002555847	0.09140000000002146	epochs	0.0
945.0820002555847	0.04070000000001528	epochs	1.0
945.1227002555847	0.01001999999994041	epochs	1.0
945.1327202555847	0.040680000000065775	epochs	1.0
945.1734002555847	17.50789999999995	epochs	0.0
945.1734002555847	0.5	epochs	1.0
945.1734079555847	0.5	epochs	-1.0
945.6734002555847	16.0	epochs	1.0
961.6734002555847	1.0078999999999496	epochs	1.0
962.1634079555847	0.5	epochs	-1.0
962.6813002555847	1.9920799999999872	epochs	0.0
977.7140002250671	0.09136000000000877	epochs	0.0
977.7140002250671	0.04064000000005308	epochs	1.0
977.7546402250672	0.010079999999902611	epochs	1.0
977.7647202250671	0.04064000000005308	epochs	1.0
977.8053602250671	2.0	epochs	0.0
979.8053602250671	21.507920000000013	epochs	0.0
979.8053602250671	1.0	epochs	1.0
979.8054079250671	0.5	epochs	-1.0
980.3054079250671	19.99912000000006	epochs	-1.0
980.8053602250671	20.0	epochs	1.0
980.8053602250671	8.000000002539309e-05	epochs	2.0
980.8054402250672	4.356719999999996	epochs	-1.0
980.8054402250672	1.9745599999999968	epochs	2.0
980.8054402250672	1.0985600000000204	epochs	3.0
981.9040002250672	0.8759999999999764	epochs	3.0
982.7800002250672	1.3523999999999887	epochs	2.0
982.7800002250672	0.7286399999999276	epochs	3.0
983.5086402250671	0.6237600000000612	epochs	3.0
984.1324002250672	1.0297600000000102	epochs	2.0
984.1324002250672	0.5453599999999597	epochs	3.0
984.6777602250671	0.48440000000005057	epochs	3.0
985.1621602250672	0.8317599999999175	epochs	2.0
985.1621602250672	0.4357599999999593	epochs	3.0
985.5979202250671	0.39599999999995816	epochs	3.0
985.9939202250671	0.697840000000042	epochs	2.0
985.9939202250671	0.3628800000000183	epochs	3.0
986.3568002250671	0.3349600000000237	epochs	3.0
986.6917602250671	0.6010400000000118	epochs	2.0
986.6917602250671	0.3108799999999974	epochs	3.0
987.0026402250671	0.2901600000000144	epochs	3.0
987.2928002250671	0.5278399999999692	epochs	2.0
987.2928002250671	0.2719200000000228	epochs	3.0
987.5647202250672	0.2559199999999464	epochs	3.0
987.8206402250671	0.47064000000000306	epochs	2.0
987.8206402250671	0.24167999999997392	epochs	3.0
988.0623202250671	0.22896000000002914	epochs	3.0
988.2912802250671	0.42456000000004224	epochs	2.0
988.2912802250671	0.2174400000000105	epochs	3.0
988.5087202250671	0.20712000000003172	epochs	3.0
988.7158402250672	0.3867199999999684	epochs	2.0
988.7158402250672	0.1976799999999912	epochs	3.0
988.9135202250671	0.18903999999997723	epochs	3.0
989.1025602250671	0.3551200000000563	epochs	2.0
989.1025602250671	0.1811999999999898	epochs	3.0
989.2837602250671	0.17392000000006647	epochs	3.0
989.4576802250672	0.328239999999937	epochs	2.0
989.4576802250672	0.1671999999999798	epochs	3.0
989.6248802250672	0.16103999999995722	epochs	3.0
989.7859202250671	0.30520000000001346	epochs	2.0
989.7859202250671	0.1552800000000616	epochs	3.0
989.9412002250672	0.14991999999995187	epochs	3.0
990.0911202250671	0.28512000000000626	epochs	2.0
990.0911202250671	0.1448800000000574	epochs	3.0
990.2360002250672	0.14023999999994885	epochs	3.0
990.3762402250671	0.26751999999999043	epochs	2.0
990.3762402250671	0.13584000000003016	epochs	3.0
990.5120802250672	0.13167999999996027	epochs	3.0
990.6437602250671	0.2520799999999781	epochs	2.0
990.6437602250671	0.12783999999999196	epochs	3.0
990.7716002250671	0.12423999999998614	epochs	3.0
990.8958402250671	0.2381599999999935	epochs	2.0
990.8958402250671	0.12072000000000571	epochs	3.0
991.0165602250671	0.11743999999998778	epochs	3.0
991.1340002250671	0.225840000000062	epochs	2.0
991.1340002250671	0.11440000000004602	epochs	3.0
991.2484002250671	0.11144000000001597	epochs	3.0
991.3598402250672	0.21464000000003125	epochs	2.0
991.3598402250672	0.10863999999992302	epochs	3.0
991.4684802250671	0.10600000000010823	epochs	3.0
991.5744802250672	0.20447999999998956	epochs	2.0
991.5744802250672	0.10343999999997777	epochs	3.0
991.6779202250672	0.10104000000001179	epochs	3.0
991.7789602250672	0.19535999999993692	epochs	2.0
991.7789602250672	0.0987999999999829	epochs	3.0
991.8777602250672	0.09655999999995402	epochs	3.0
991.9743202250671	0.18695999999999913	epochs	2.0
991.9743202250671	0.09447999999997592	epochs	3.0
992.0688002250671	0.09248000000002321	epochs	3.0
992.1612802250671	0.1792000000000371	epochs	2.0
992.1612802250671	0.0904800000000705	epochs	3.0
992.2517602250672	0.0887199999999666	epochs	3.0
992.3404802250672	0.17207999999993717	epochs	2.0
992.3404802250672	0.086879999999951	epochs	3.0
992.4273602250671	0.08519999999998618	epochs	3.0
992.5125602250671	0.165520000000015	epochs	2.0
992.5125602250671	0.08360000000004675	epochs	3.0
992.5961602250671	0.08191999999996824	epochs	3.0
992.6780802250671	0.15952000000004318	epochs	2.0
992.6780802250671	0.0804800000000796	epochs	3.0
992.7585602250672	0.07903999999996358	epochs	3.0
992.8376002250671	0.15376000000003387	epochs	2.0
992.8376002250671	0.07759999999996126	epochs	3.0
992.9152002250671	0.07616000000007261	epochs	3.0
992.9913602250672	0.14855999999997493	epochs	2.0
992.9913602250672	0.07495999999991909	epochs	3.0
993.0663202250671	0.07360000000005584	epochs	3.0
993.1399202250672	0.14368000000001757	epochs	2.0
993.1399202250672	0.07247999999992771	epochs	3.0
993.2124002250671	0.07120000000008986	epochs	3.0
993.2836002250672	0.13903999999990901	epochs	2.0
993.2836002250672	0.07007999999996173	epochs	3.0
993.3536802250671	0.06895999999994729	epochs	3.0
993.4226402250671	0.13472000000001572	epochs	2.0
993.4226402250671	0.06792000000007192	epochs	3.0
993.4905602250672	0.0667999999999438	epochs	3.0
993.5573602250671	0.13071999999999662	epochs	2.0
993.5573602250671	0.06584000000009382	epochs	3.0
993.6232002250672	0.0648799999999028	epochs	3.0
993.6880802250671	0.1268000000000029	epochs	2.0
993.6880802250671	0.06384000000002743	epochs	3.0
993.7519202250671	0.06295999999997548	epochs	3.0
993.8148802250671	0.12328000000002248	epochs	2.0
993.8148802250671	0.062080000000037217	epochs	3.0
993.8769602250671	0.061199999999985266	epochs	3.0
993.9381602250671	0.11984000000006745	epochs	2.0
993.9381602250671	0.060320000000047	epochs	3.0
993.9984802250672	0.059520000000020445	epochs	3.0
994.0580002250672	0.11663999999996122	epochs	2.0
994.0580002250672	0.05871999999999389	epochs	3.0
994.1167202250672	0.05791999999996733	epochs	3.0
994.1746402250672	0.11360000000001946	epochs	2.0
994.1746402250672	0.05719999999996617	epochs	3.0
994.2318402250671	0.056400000000053296	epochs	3.0
994.2882402250672	0.1107200000000148	epochs	2.0
994.2882402250672	0.055679999999938445	epochs	3.0
994.3439202250671	0.05504000000007636	epochs	3.0
994.3989602250672	0.10791999999992186	epochs	2.0
994.3989602250672	0.05423999999993612	epochs	3.0
994.4532002250671	0.05367999999998574	epochs	3.0
994.5068802250671	0.10527999999999338	epochs	2.0
994.5068802250671	0.052959999999984575	epochs	3.0
994.5598402250671	0.052320000000008804	epochs	3.0
994.6121602250671	0.1028800000000274	epochs	2.0
994.6121602250671	0.051760000000058426	epochs	3.0
994.6639202250672	0.05111999999996897	epochs	3.0
994.7150402250671	0.10040000000003602	epochs	2.0
994.7150402250671	0.0504799999999932	epochs	3.0
994.7655202250671	0.04992000000004282	epochs	3.0
994.8154402250672	0.09823999999991884	epochs	2.0
994.8154402250672	0.049359999999978754	epochs	3.0
994.8648002250671	0.04887999999994008	epochs	3.0
994.9136802250671	0.09600000000000364	epochs	2.0
994.9136802250671	0.048240000000078	epochs	3.0
994.9619202250672	0.04775999999992564	epochs	3.0
995.0096802250671	0.09392000000002554	epochs	2.0
995.0096802250671	0.04720000000008895	epochs	3.0
995.0568802250672	0.04671999999993659	epochs	3.0
995.1036002250671	0.09192000000007283	epochs	2.0
995.1036002250671	0.04615999999998621	epochs	3.0
995.1497602250671	0.04576000000008662	epochs	3.0
995.1955202250672	0.09007999999994354	epochs	2.0
995.1955202250672	0.04527999999993426	epochs	3.0
995.2408002250671	0.04480000000000928	epochs	3.0
995.2856002250671	0.08816000000001623	epochs	2.0
995.2856002250671	0.044319999999970605	epochs	3.0
995.3299202250671	0.04384000000004562	epochs	3.0
995.3737602250671	0.08647999999993772	epochs	2.0
995.3737602250671	0.04344000000003234	epochs	3.0
995.4172002250672	0.043039999999905376	epochs	3.0
995.4602402250671	0.08472000000006119	epochs	2.0
995.4602402250671	0.04256000000009408	epochs	3.0
995.5028002250672	0.04215999999996711	epochs	3.0
995.5449602250671	0.08320000000003347	epochs	2.0
995.5449602250671	0.041759999999953834	epochs	3.0
995.5867202250671	0.041440000000079635	epochs	3.0
995.6281602250672	0.08151999999995496	epochs	2.0
995.6281602250672	0.04095999999992728	epochs	3.0
995.6691202250671	0.040560000000027685	epochs	3.0
995.7096802250671	0.08007999999995263	epochs	2.0
995.7096802250671	0.0402400000000398	epochs	3.0
995.7499202250672	0.039839999999912834	epochs	3.0
995.7897602250671	0.07864000000006399	epochs	2.0
995.7897602250671	0.039520000000038635	epochs	3.0
995.8292802250671	0.03912000000002536	epochs	3.0
995.8684002250671	0.07719999999994798	epochs	2.0
995.8684002250671	0.03880000000003747	epochs	3.0
995.9072002250672	0.038399999999910506	epochs	3.0
995.9456002250671	0.07591999999999643	epochs	2.0
995.9456002250671	0.0381600000000617	epochs	3.0
995.9837602250672	0.037759999999934735	epochs	3.0
996.0215202250671	0.0745600000000195	epochs	2.0
996.0215202250671	0.037440000000060536	epochs	3.0
996.0589602250672	0.037119999999958964	epochs	3.0
996.0960802250671	0.07335999999997966	epochs	2.0
996.0960802250671	0.03679999999997108	epochs	3.0
996.1328802250671	0.036560000000008586	epochs	3.0
996.1694402250671	0.07208000000002812	epochs	2.0
996.1694402250671	0.03615999999999531	epochs	3.0
996.2056002250671	0.035920000000032815	epochs	3.0
996.2415202250671	0.07087999999998829	epochs	2.0
996.2415202250671	0.03560000000004493	epochs	3.0
996.2771202250672	0.03527999999994336	epochs	3.0
996.3124002250671	0.06983999999999924	epochs	2.0
996.3124002250671	0.035039999999980864	epochs	3.0
996.3474402250671	0.03480000000001837	epochs	3.0
996.3822402250671	0.06864000000007309	epochs	2.0
996.3822402250671	0.034480000000030486	epochs	3.0
996.4167202250671	0.0341600000000426	epochs	3.0
996.4508802250672	0.06759999999997035	epochs	2.0
996.4508802250672	0.03391999999996642	epochs	3.0
996.4848002250671	0.03368000000000393	epochs	3.0
996.5184802250672	0.0665599999999813	epochs	2.0
996.5184802250672	0.03344000000004144	epochs	3.0
996.5519202250672	0.033119999999939864	epochs	3.0
996.5850402250671	0.06560000000001764	epochs	2.0
996.5850402250671	0.032960000000002765	epochs	3.0
996.6180002250671	0.03264000000001488	epochs	3.0
996.6506402250671	0.0645600000000286	epochs	2.0
996.6506402250671	0.0323999999999387	epochs	3.0
996.6830402250671	0.032160000000089894	epochs	3.0
996.7152002250672	0.06367999999997664	epochs	2.0
996.7152002250672	0.03199999999992542	epochs	3.0
996.7472002250671	0.03168000000005122	epochs	3.0
996.7788802250672	0.06272000000001299	epochs	2.0
996.7788802250672	0.03143999999997504	epochs	3.0
996.8103202250671	0.031280000000037944	epochs	3.0
996.8416002250672	0.06183999999996104	epochs	2.0
996.8416002250672	0.031039999999961765	epochs	3.0
996.8726402250671	0.030799999999999272	epochs	3.0
996.9034402250671	0.060960000000022774	epochs	2.0
996.9034402250671	0.03056000000003678	epochs	3.0
996.9340002250672	0.030399999999985994	epochs	3.0
996.9644002250672	0.060159999999996217	epochs	2.0
996.9644002250672	0.0301600000000235	epochs	3.0
996.9945602250672	0.029999999999972715	epochs	3.0
997.0245602250671	0.059279999999944266	epochs	2.0
997.0245602250671	0.02967999999998483	epochs	3.0
997.0542402250671	0.029599999999959437	epochs	3.0
997.0838402250671	0.058480000000031396	epochs	2.0
997.0838402250671	0.029359999999996944	epochs	3.0
997.1132002250671	0.02912000000003445	epochs	3.0
997.1423202250671	0.05776000000003023	epochs	2.0
997.1423202250671	0.028959999999983665	epochs	3.0
997.1712802250671	0.028800000000046566	epochs	3.0
997.2000802250672	0.056960000000003674	epochs	2.0
997.2000802250672	0.028559999999970387	epochs	3.0
997.2286402250671	0.028400000000033288	epochs	3.0
997.2570402250672	0.05624000000000251	epochs	2.0
997.2570402250672	0.028159999999957108	epochs	3.0
997.2852002250671	0.028080000000045402	epochs	3.0
997.3132802250672	0.05543999999997595	epochs	2.0
997.3132802250672	0.027839999999969223	epochs	3.0
997.3411202250671	0.02760000000000673	epochs	3.0
997.3687202250671	0.054880000000025575	epochs	2.0
997.3687202250671	0.027519999999981337	epochs	3.0
997.3962402250671	0.027360000000044238	epochs	3.0
997.4236002250672	0.05407999999999902	epochs	2.0
997.4236002250672	0.02711999999996806	epochs	3.0
997.4507202250671	0.02696000000003096	epochs	3.0
997.4776802250672	0.05344000000002325	epochs	2.0
997.4776802250672	0.026799999999980173	epochs	3.0
997.5044802250671	0.026640000000043074	epochs	3.0
997.5311202250672	0.05287999999995918	epochs	2.0
997.5311202250672	0.026479999999992287	epochs	3.0
997.5576002250672	0.026399999999966894	epochs	3.0
997.5840002250671	0.05215999999995802	epochs	2.0
997.5840002250671	0.026160000000004402	epochs	3.0
997.6101602250671	0.025999999999953616	epochs	3.0
997.6361602250671	0.051520000000095934	epochs	2.0
997.6361602250671	0.025840000000016516	epochs	3.0
997.6620002250671	0.025680000000079417	epochs	3.0
997.6876802250672	0.05095999999991818	epochs	2.0
997.6876802250672	0.025599999999940337	epochs	3.0
997.7132802250671	0.025359999999977845	epochs	3.0
997.7386402250671	0.050399999999967804	epochs	2.0
997.7386402250671	0.02528000000006614	epochs	3.0
997.7639202250672	0.025119999999901665	epochs	3.0
997.7890402250671	0.04976000000010572	epochs	2.0
997.7890402250671	0.024960000000078253	epochs	3.0
997.8140002250672	0.024800000000027467	epochs	3.0
997.8388002250672	0.04919999999992797	epochs	2.0
997.8388002250672	0.02463999999997668	epochs	3.0
997.8634402250672	0.024559999999951287	epochs	3.0
997.8880002250671	0.04872000000000298	epochs	2.0
997.8880002250671	0.024400000000014188	epochs	3.0
997.9124002250671	0.024319999999988795	epochs	3.0
997.9367202250671	0.04808000000002721	epochs	2.0
997.9367202250671	0.024080000000026303	epochs	3.0
997.9608002250671	0.02400000000000091	epochs	3.0
997.9848002250671	0.04759999999998854	epochs	2.0
997.9848002250671	0.023839999999950123	epochs	3.0
998.0086402250671	0.023760000000038417	epochs	3.0
998.0324002250671	0.04711999999994987	epochs	2.0
998.0324002250671	0.02359999999998763	epochs	3.0
998.0560002250671	0.023519999999962238	epochs	3.0
998.0795202250671	0.04655999999999949	epochs	2.0
998.0795202250671	0.02336000000002514	epochs	3.0
998.1028802250671	0.023199999999974352	epochs	3.0
998.1260802250671	0.046080000000074506	epochs	2.0
998.1260802250671	0.023120000000062646	epochs	3.0
998.1492002250671	0.02296000000001186	epochs	3.0
998.1721602250672	0.045600000000035834	epochs	2.0
998.1721602250672	0.022879999999986467	epochs	3.0
998.1950402250671	0.022720000000049367	epochs	3.0
998.2177602250672	0.04511999999999716	epochs	2.0
998.2177602250672	0.022639999999910287	epochs	3.0
998.2404002250671	0.022480000000086875	epochs	3.0
998.2628802250672	0.04463999999995849	epochs	2.0
998.2628802250672	0.022399999999947795	epochs	3.0
998.2852802250671	0.022240000000010696	epochs	3.0
998.3075202250672	0.04423999999994521	epochs	2.0
998.3075202250672	0.022159999999985303	epochs	3.0
998.3296802250671	0.02207999999995991	epochs	3.0
998.3517602250671	0.04376000000002023	epochs	2.0
998.3517602250671	0.02192000000002281	epochs	3.0
998.3736802250671	0.021839999999997417	epochs	3.0
998.3955202250671	0.04336000000000695	epochs	2.0
998.3955202250671	0.021759999999972024	epochs	3.0
998.4172802250671	0.021600000000034925	epochs	3.0
998.4388802250671	0.04287999999996828	epochs	2.0
998.4388802250671	0.02143999999998414	epochs	3.0
998.4603202250671	0.02143999999998414	epochs	3.0
998.4817602250671	0.042480000000068685	epochs	2.0
998.4817602250671	0.02128000000004704	epochs	3.0
998.5030402250671	0.021200000000021646	epochs	3.0
998.5242402250672	0.04207999999994172	epochs	2.0
998.5242402250672	0.02103999999997086	epochs	3.0
998.5452802250671	0.02103999999997086	epochs	3.0
998.5663202250671	0.04168000000004213	epochs	2.0
998.5663202250671	0.02088000000003376	epochs	3.0
998.5872002250671	0.020800000000008367	epochs	3.0
998.6080002250671	0.041200000000003456	epochs	2.0
998.6080002250671	0.02063999999995758	epochs	3.0
998.6286402250671	0.020560000000045875	epochs	3.0
998.6492002250671	0.04088000000001557	epochs	2.0
998.6492002250671	0.020560000000045875	epochs	3.0
998.6697602250672	0.020319999999969696	epochs	3.0
998.6900802250672	0.040560000000027685	epochs	2.0
998.6900802250672	0.020319999999969696	epochs	3.0
998.7104002250671	0.02024000000005799	epochs	3.0
998.7306402250672	0.04007999999998901	epochs	2.0
998.7306402250672	0.020079999999893516	epochs	3.0
998.7507202250671	0.020000000000095497	epochs	3.0
998.7707202250672	0.03976000000000113	epochs	2.0
998.7707202250672	0.019919999999956417	epochs	3.0
998.7906402250671	0.01984000000004471	epochs	3.0
998.8104802250672	0.039439999999899555	epochs	2.0
998.8104802250672	0.01975999999990563	epochs	3.0
998.8302402250671	0.019679999999993925	epochs	3.0
998.8499202250671	0.03904000000011365	epochs	2.0
998.8499202250671	0.019520000000056825	epochs	3.0
998.8694402250671	0.019520000000056825	epochs	3.0
998.8889602250672	0.038639999999986685	epochs	2.0
998.8889602250672	0.019359999999892352	epochs	3.0
998.9083202250671	0.019280000000094333	epochs	3.0
998.9276002250672	0.038399999999910506	epochs	2.0
998.9276002250672	0.019279999999980646	epochs	3.0
998.9468802250672	0.01911999999992986	epochs	3.0
998.9660002250671	0.038000000000010914	epochs	2.0
998.9660002250671	0.019040000000018154	epochs	3.0
998.9850402250671	0.01895999999999276	epochs	3.0
999.0040002250671	0.03768000000002303	epochs	2.0
999.0040002250671	0.018880000000081054	epochs	3.0
999.0228802250672	0.018799999999941974	epochs	3.0
999.0416802250671	0.03736000000003514	epochs	2.0
999.0416802250671	0.018720000000030268	epochs	3.0
999.0604002250672	0.018640000000004875	epochs	3.0
999.0790402250672	0.03703999999993357	epochs	2.0
999.0790402250672	0.018559999999979482	epochs	3.0
999.0976002250671	0.01847999999995409	epochs	3.0
999.1160802250671	0.03672000000005937	epochs	2.0
999.1160802250671	0.018400000000042382	epochs	3.0
999.1344802250671	0.01832000000001699	epochs	3.0
999.1528002250672	0.03647999999998319	epochs	2.0
999.1528002250672	0.018239999999991596	epochs	3.0
999.1710402250671	0.018239999999991596	epochs	3.0
999.1892802250671	0.036079999999969914	epochs	2.0
999.1892802250671	0.018080000000054497	epochs	3.0
999.2073602250672	0.017999999999915417	epochs	3.0
999.2253602250671	0.03584000000000742	epochs	2.0
999.2253602250671	0.01792000000000371	epochs	3.0
999.2432802250671	0.01792000000000371	epochs	3.0
999.2612002250671	0.035520000000019536	epochs	2.0
999.2612002250671	0.01776000000006661	epochs	3.0
999.2789602250672	0.017759999999952925	epochs	3.0
999.2967202250671	0.03520000000003165	epochs	2.0
999.2967202250671	0.01768000000004122	epochs	3.0
999.3144002250672	0.017519999999990432	epochs	3.0
999.3319202250672	0.03495999999995547	epochs	2.0
999.3319202250672	0.017519999999990432	epochs	3.0
999.3494402250672	0.01743999999996504	epochs	3.0
999.3668802250671	0.03471999999999298	epochs	2.0
999.3668802250671	0.01743999999996504	epochs	3.0
999.3843202250671	0.01728000000002794	epochs	3.0
999.4016002250671	0.03440000000000509	epochs	2.0
999.4016002250671	0.017200000000002547	epochs	3.0
999.4188002250671	0.017200000000002547	epochs	3.0
999.4360002250671	0.0341600000000426	epochs	2.0
999.4360002250671	0.017119999999977153	epochs	3.0
999.4531202250671	0.017040000000065447	epochs	3.0
999.4701602250672	0.03383999999994103	epochs	2.0
999.4701602250672	0.016959999999926367	epochs	3.0
999.4871202250671	0.01688000000001466	epochs	3.0
999.5040002250671	0.033599999999978536	epochs	2.0
999.5040002250671	0.016799999999989268	epochs	3.0
999.5208002250671	0.016799999999989268	epochs	3.0
999.5376002250671	0.033360000000016043	epochs	2.0
999.5376002250671	0.01672000000007756	epochs	3.0
999.5543202250672	0.016639999999938482	epochs	3.0
999.5709602250671	0.03312000000005355	epochs	2.0
999.5709602250671	0.016560000000026776	epochs	3.0
999.5875202250671	0.016560000000026776	epochs	3.0
999.6040802250672	0.03279999999995198	epochs	2.0
999.6040802250672	0.01639999999997599	epochs	3.0
999.6204802250671	0.01639999999997599	epochs	3.0
999.6368802250671	0.032559999999989486	epochs	2.0
999.6368802250671	0.016320000000064283	epochs	3.0
999.6532002250672	0.016239999999925203	epochs	3.0
999.6694402250671	0.03240000000005239	epochs	2.0
999.6694402250671	0.01624000000003889	epochs	3.0
999.6856802250671	0.016160000000013497	epochs	3.0
999.7018402250671	0.032079999999950815	epochs	2.0
999.7018402250671	0.016079999999988104	epochs	3.0
999.7179202250671	0.01599999999996271	epochs	3.0
999.7339202250671	0.031920000000013715	epochs	2.0
999.7339202250671	0.016000000000076398	epochs	3.0
999.7499202250672	0.015919999999937318	epochs	3.0
999.7658402250671	0.03160000000002583	epochs	2.0
999.7658402250671	0.01584000000002561	epochs	3.0
999.7816802250671	0.01576000000000022	epochs	3.0
999.7974402250671	0.03143999999997504	epochs	2.0
999.7974402250671	0.01576000000000022	epochs	3.0
999.8132002250671	0.015679999999974825	epochs	3.0
999.8288802250671	0.03120000000001255	epochs	2.0
999.8288802250671	0.015600000000063119	epochs	3.0
999.8444802250672	0.015599999999949432	epochs	3.0
999.8600802250671	0.03096000000005006	epochs	2.0
999.8600802250671	0.015520000000037726	epochs	3.0
999.8756002250672	0.015440000000012333	epochs	3.0
999.8910402250672	0.03071999999997388	epochs	2.0
999.8910402250672	0.015440000000012333	epochs	3.0
999.9064802250672	0.015279999999961547	epochs	3.0
999.9217602250671	0.03056000000003678	epochs	2.0
999.9217602250671	0.01535999999998694	epochs	3.0
999.9371202250671	0.01520000000004984	epochs	3.0
999.9523202250672	0.0303199999999606	epochs	2.0
999.9523202250672	0.015199999999936153	epochs	3.0
999.9675202250671	0.015120000000024447	epochs	3.0
999.9826402250671	0.030079999999998108	epochs	2.0
999.9826402250671	0.015120000000024447	epochs	3.0
999.9977602250672	0.014959999999973661	epochs	3.0
1000.0127202250671	0.029919999999947322	epochs	2.0
1000.0127202250671	0.015039999999999054	epochs	3.0
1000.0277602250671	0.014879999999948268	epochs	3.0
1000.0426402250671	0.029680000000098516	epochs	2.0
1000.0426402250671	0.014880000000061955	epochs	3.0
1000.0575202250672	0.014800000000036562	epochs	3.0
1000.0723202250672	0.029519999999934043	epochs	2.0
1000.0723202250672	0.014799999999922875	epochs	3.0
1000.0871202250671	0.014720000000011169	epochs	3.0
1000.1018402250671	0.02927999999997155	epochs	2.0
1000.1018402250671	0.014720000000011169	epochs	3.0
1000.1165602250671	0.014559999999960382	epochs	3.0
1000.1311202250671	0.02912000000003445	epochs	2.0
1000.1311202250671	0.014640000000099462	epochs	3.0
1000.1457602250672	0.01447999999993499	epochs	3.0
1000.1602402250671	0.028959999999983665	epochs	2.0
1000.1602402250671	0.014480000000048676	epochs	3.0
1000.1747202250672	0.01447999999993499	epochs	3.0
1000.1892002250671	0.02863999999999578	epochs	2.0
1000.1892002250671	0.01431999999999789	epochs	3.0
1000.2035202250671	0.01431999999999789	epochs	3.0
1000.2178402250671	0.028560000000084074	epochs	2.0
1000.2178402250671	0.01431999999999789	epochs	3.0
1000.2321602250671	0.014240000000086184	epochs	3.0
1000.2464002250672	0.028319999999894208	epochs	2.0
1000.2464002250672	0.014159999999947104	epochs	3.0
1000.2605602250671	0.014159999999947104	epochs	3.0
1000.2747202250671	0.028160000000070795	epochs	2.0
1000.2747202250671	0.01416000000006079	epochs	3.0
1000.2888802250671	0.014000000000010004	epochs	3.0
1000.3028802250672	0.02800000000002001	epochs	2.0
1000.3028802250672	0.014000000000010004	epochs	3.0
1000.3168802250672	0.014000000000010004	epochs	3.0
1000.3308802250672	0.02775999999994383	epochs	2.0
1000.3308802250672	0.013919999999984611	epochs	3.0
1000.3448002250672	0.013839999999959218	epochs	3.0
1000.3586402250671	0.027680000000032123	epochs	2.0
1000.3586402250671	0.013840000000072905	epochs	3.0
1000.3724802250672	0.013839999999959218	epochs	3.0
1000.3863202250672	0.027439999999955944	epochs	2.0
1000.3863202250672	0.013759999999933825	epochs	3.0
1000.4000802250671	0.013680000000022119	epochs	3.0
1000.4137602250671	0.027280000000018845	epochs	2.0
1000.4137602250671	0.013680000000022119	epochs	3.0
1000.4274402250671	0.013599999999996726	epochs	3.0
1000.4410402250671	0.02711999999996806	epochs	2.0
1000.4410402250671	0.013519999999971333	epochs	3.0
1000.4545602250671	0.013599999999996726	epochs	3.0
1000.4681602250671	0.026880000000005566	epochs	2.0
1000.4681602250671	0.013440000000059626	epochs	3.0
1000.4816002250672	0.01343999999994594	epochs	3.0
1000.4950402250671	0.026799999999980173	epochs	2.0
1000.4950402250671	0.013440000000059626	epochs	3.0
1000.5084802250672	0.013359999999920547	epochs	3.0
1000.5218402250671	0.02656000000001768	epochs	2.0
1000.5218402250671	0.01328000000000884	epochs	3.0
1000.5351202250671	0.01328000000000884	epochs	3.0
1000.5484002250671	0.026479999999992287	epochs	2.0
1000.5484002250671	0.01328000000000884	epochs	3.0
1000.5616802250671	0.013199999999983447	epochs	3.0
1000.5748802250671	0.026240000000029795	epochs	2.0
1000.5748802250671	0.013120000000071741	epochs	3.0
1000.5880002250672	0.013119999999958054	epochs	3.0
1000.6011202250671	0.026160000000004402	epochs	2.0
1000.6011202250671	0.013120000000071741	epochs	3.0
1000.6142402250672	0.013039999999932661	epochs	3.0
1000.6272802250671	0.026000000000067303	epochs	2.0
1000.6272802250671	0.013040000000046348	epochs	3.0
1000.6403202250672	0.012960000000020955	epochs	3.0
1000.6532802250672	0.025759999999991123	epochs	2.0
1000.6532802250672	0.012879999999995562	epochs	3.0
1000.6661602250672	0.012879999999995562	epochs	3.0
1000.6790402250672	0.02567999999996573	epochs	2.0
1000.6790402250672	0.012879999999995562	epochs	3.0
1000.6919202250672	0.012799999999970169	epochs	3.0
1000.7047202250671	0.02552000000002863	epochs	2.0
1000.7047202250671	0.012799999999970169	epochs	3.0
1000.7175202250671	0.012720000000058462	epochs	3.0
1000.7302402250672	0.025359999999977845	epochs	2.0
1000.7302402250672	0.012719999999944775	epochs	3.0
1000.7429602250671	0.01264000000003307	epochs	3.0
1000.7556002250672	0.025200000000040745	epochs	2.0
1000.7556002250672	0.01264000000003307	epochs	3.0
1000.7682402250672	0.012560000000007676	epochs	3.0
1000.7808002250672	0.024559999999951287	epochs	2.0
1000.8045279250672	0.5	epochs	-1.0
1000.8053602250671	0.5079200000000128	epochs	1.0
1001.3132802250672	0.4919999999999618	epochs	0.0
1002.7140002250671	0.09136000000000877	epochs	0.0
1002.7140002250671	0.04064000000005308	epochs	1.0
1002.7546402250672	0.010079999999902611	epochs	1.0
1002.7647202250671	0.04064000000005308	epochs	1.0
1002.8053602250671	2.0	epochs	0.0
1004.8053602250671	21.50807999999995	epochs	0.0
1004.8053602250671	1.0	epochs	1.0
1004.8054079250671	0.5	epochs	-1.0
1005.3054079250671	19.999119999999948	epochs	-1.0
1005.8053602250671	19.999999999999886	epochs	1.0
1005.8053602250671	8.000000002539309e-05	epochs	2.0
1005.8054402250672	4.356719999999996	epochs	-1.0
1005.8054402250672	1.9745599999999968	epochs	2.0
1005.8054402250672	1.0985600000000204	epochs	3.0
1006.9040002250672	0.8759999999999764	epochs	3.0
1007.7800002250672	1.3523999999999887	epochs	2.0
1007.7800002250672	0.7286399999999276	epochs	3.0
1008.5086402250671	0.6237600000000612	epochs	3.0
1009.1324002250672	1.0297600000000102	epochs	2.0
1009.1324002250672	0.5453599999999597	epochs	3.0
1009.6777602250671	0.48440000000005057	epochs	3.0
1010.1621602250672	0.8317599999999175	epochs	2.0
1010.1621602250672	0.4357599999999593	epochs	3.0
1010.5979202250671	0.39599999999995816	epochs	3.0
1010.9939202250671	0.697840000000042	epochs	2.0
1010.9939202250671	0.3628800000000183	epochs	3.0
1011.3568002250671	0.3349600000000237	epochs	3.0
1011.6917602250671	0.6010400000000118	epochs	2.0
1011.6917602250671	0.3108799999999974	epochs	3.0
1012.0026402250671	0.2901600000000144	epochs	3.0
1012.2928002250671	0.5278399999999692	epochs	2.0
1012.2928002250671	0.2719200000000228	epochs	3.0
1012.5647202250672	0.2559199999999464	epochs	3.0
1012.8206402250671	0.47064000000000306	epochs	2.0
1012.8206402250671	0.24167999999997392	epochs	3.0
1013.0623202250671	0.22896000000002914	epochs	3.0
1013.2912802250671	0.42456000000004224	epochs	2.0
1013.2912802250671	0.2174400000000105	epochs	3.0
1013.5087202250671	0.20712000000003172	epochs	3.0
1013.7158402250672	0.3867199999999684	epochs	2.0
1013.7158402250672	0.1976799999999912	epochs	3.0
1013.9135202250671	0.18903999999997723	epochs	3.0
1014.1025602250671	0.3551200000000563	epochs	2.0
1014.1025602250671	0.1811999999999898	epochs	3.0
1014.2837602250671	0.17392000000006647	epochs	3.0
1014.4576802250672	0.328239999999937	epochs	2.0
1014.4576802250672	0.1671999999999798	epochs	3.0
1014.6248802250672	0.16103999999995722	epochs	3.0
1014.7859202250671	0.30520000000001346	epochs	2.0
1014.7859202250671	0.1552800000000616	epochs	3.0
1014.9412002250672	0.14991999999995187	epochs	3.0
1015.0911202250671	0.28512000000000626	epochs	2.0
1015.0911202250671	0.1448800000000574	epochs	3.0
1015.2360002250672	0.14023999999994885	epochs	3.0
1015.3762402250671	0.26751999999999043	epochs	2.0
1015.3762402250671	0.13584000000003016	epochs	3.0
1015.5120802250672	0.13167999999996027	epochs	3.0
1015.6437602250671	0.2520799999999781	epochs	2.0
1015.6437602250671	0.12783999999999196	epochs	3.0
1015.7716002250671	0.12423999999998614	epochs	3.0
1015.8958402250671	0.2381599999999935	epochs	2.0
1015.8958402250671	0.12072000000000571	epochs	3.0
1016.0165602250671	0.11743999999998778	epochs	3.0
1016.1340002250671	0.225840000000062	epochs	2.0
1016.1340002250671	0.11440000000004602	epochs	3.0
1016.2484002250671	0.11144000000001597	epochs	3.0
1016.3598402250672	0.21464000000003125	epochs	2.0
1016.3598402250672	0.10863999999992302	epochs	3.0
1016.4684802250671	0.10600000000010823	epochs	3.0
1016.5744802250672	0.20447999999998956	epochs	2.0
1016.5744802250672	0.10343999999997777	epochs	3.0
1016.6779202250672	0.10104000000001179	epochs	3.0
1016.7789602250672	0.19535999999993692	epochs	2.0
1016.7789602250672	0.0987999999999829	epochs	3.0
1016.8777602250672	0.09655999999995402	epochs	3.0
1016.9743202250671	0.18695999999999913	epochs	2.0
1016.9743202250671	0.09447999999997592	epochs	3.0
1017.0688002250671	0.09248000000002321	epochs	3.0
1017.1612802250671	0.1792000000000371	epochs	2.0
1017.1612802250671	0.0904800000000705	epochs	3.0
1017.2517602250672	0.0887199999999666	epochs	3.0
1017.3404802250672	0.17207999999993717	epochs	2.0
1017.3404802250672	0.086879999999951	epochs	3.0
1017.4273602250671	0.08519999999998618	epochs	3.0
1017.5125602250671	0.165520000000015	epochs	2.0
1017.5125602250671	0.08360000000004675	epochs	3.0
1017.5961602250671	0.08191999999996824	epochs	3.0
1017.6780802250671	0.15952000000004318	epochs	2.0
1017.6780802250671	0.0804800000000796	epochs	3.0
1017.7585602250672	0.07903999999996358	epochs	3.0
1017.8376002250671	0.15376000000003387	epochs	2.0
1017.8376002250671	0.07759999999996126	epochs	3.0
1017.9152002250671	0.07616000000007261	epochs	3.0
1017.9913602250672	0.14855999999997493	epochs	2.0
1017.9913602250672	0.07495999999991909	epochs	3.0
1018.0663202250671	0.07360000000005584	epochs	3.0
1018.1399202250672	0.14368000000001757	epochs	2.0
1018.1399202250672	0.07247999999992771	epochs	3.0
1018.2124002250671	0.07120000000008986	epochs	3.0
1018.2836002250672	0.13903999999990901	epochs	2.0
1018.2836002250672	0.07007999999996173	epochs	3.0
1018.3536802250671	0.06895999999994729	epochs	3.0
1018.4226402250671	0.13472000000001572	epochs	2.0
1018.4226402250671	0.06792000000007192	epochs	3.0
1018.4905602250672	0.0667999999999438	epochs	3.0
1018.5573602250671	0.13071999999999662	epochs	2.0
1018.5573602250671	0.06584000000009382	epochs	3.0
1018.6232002250672	0.0648799999999028	epochs	3.0
1018.6880802250671	0.1268000000000029	epochs	2.0
1018.6880802250671	0.06384000000002743	epochs	3.0
1018.7519202250671	0.06295999999997548	epochs	3.0
1018.8148802250671	0.12328000000002248	epochs	2.0
1018.8148802250671	0.062080000000037217	epochs	3.0
1018.8769602250671	0.061199999999985266	epochs	3.0
1018.9381602250671	0.11984000000006745	epochs	2.0
1018.9381602250671	0.060320000000047	epochs	3.0
1018.9984802250672	0.059520000000020445	epochs	3.0
1019.0580002250672	0.11663999999996122	epochs	2.0
1019.0580002250672	0.05871999999999389	epochs	3.0
1019.1167202250672	0.05791999999996733	epochs	3.0
1019.1746402250672	0.11360000000001946	epochs	2.0
1019.1746402250672	0.05719999999996617	epochs	3.0
1019.2318402250671	0.056400000000053296	epochs	3.0
1019.2882402250672	0.1107200000000148	epochs	2.0
1019.2882402250672	0.055679999999938445	epochs	3.0
1019.3439202250671	0.05504000000007636	epochs	3.0
1019.3989602250672	0.10791999999992186	epochs	2.0
1019.3989602250672	0.05423999999993612	epochs	3.0
1019.4532002250671	0.05367999999998574	epochs	3.0
1019.5068802250671	0.10527999999999338	epochs	2.0
1019.5068802250671	0.052959999999984575	epochs	3.0
1019.5598402250671	0.052320000000008804	epochs	3.0
1019.6121602250671	0.1028800000000274	epochs	2.0
1019.6121602250671	0.051760000000058426	epochs	3.0
1019.6639202250672	0.05111999999996897	epochs	3.0
1019.7150402250671	0.10040000000003602	epochs	2.0
1019.7150402250671	0.0504799999999932	epochs	3.0
1019.7655202250671	0.04992000000004282	epochs	3.0
1019.8154402250672	0.09823999999991884	epochs	2.0
1019.8154402250672	0.049359999999978754	epochs	3.0
1019.8648002250671	0.04887999999994008	epochs	3.0
1019.9136802250671	0.09600000000000364	epochs	2.0
1019.9136802250671	0.048240000000078	epochs	3.0
1019.9619202250672	0.04775999999992564	epochs	3.0
1020.0096802250671	0.09392000000002554	epochs	2.0
1020.0096802250671	0.04720000000008895	epochs	3.0
1020.0568802250672	0.04671999999993659	epochs	3.0
1020.1036002250671	0.09192000000007283	epochs	2.0
1020.1036002250671	0.04615999999998621	epochs	3.0
1020.1497602250671	0.04576000000008662	epochs	3.0
1020.1955202250672	0.09007999999994354	epochs	2.0
1020.1955202250672	0.04527999999993426	epochs	3.0
1020.2408002250671	0.04480000000000928	epochs	3.0
1020.2856002250671	0.08816000000001623	epochs	2.0
1020.2856002250671	0.044319999999970605	epochs	3.0
1020.3299202250671	0.04384000000004562	epochs	3.0
1020.3737602250671	0.08647999999993772	epochs	2.0
1020.3737602250671	0.04344000000003234	epochs	3.0
1020.4172002250672	0.043039999999905376	epochs	3.0
1020.4602402250671	0.08472000000006119	epochs	2.0
1020.4602402250671	0.04256000000009408	epochs	3.0
1020.5028002250672	0.04215999999996711	epochs	3.0
1020.5449602250671	0.08320000000003347	epochs	2.0
1020.5449602250671	0.041759999999953834	epochs	3.0
1020.5867202250671	0.041440000000079635	epochs	3.0
1020.6281602250672	0.08151999999995496	epochs	2.0
1020.6281602250672	0.04095999999992728	epochs	3.0
1020.6691202250671	0.040560000000027685	epochs	3.0
1020.7096802250671	0.08007999999995263	epochs	2.0
1020.7096802250671	0.0402400000000398	epochs	3.0
1020.7499202250672	0.039839999999912834	epochs	3.0
1020.7897602250671	0.07864000000006399	epochs	2.0
1020.7897602250671	0.039520000000038635	epochs	3.0
1020.8292802250671	0.03912000000002536	epochs	3.0
1020.8684002250671	0.07719999999994798	epochs	2.0
1020.8684002250671	0.03880000000003747	epochs	3.0
1020.9072002250672	0.038399999999910506	epochs	3.0
1020.9456002250671	0.07591999999999643	epochs	2.0
1020.9456002250671	0.0381600000000617	epochs	3.0
1020.9837602250672	0.037759999999934735	epochs	3.0
1021.0215202250671	0.0745600000000195	epochs	2.0
1021.0215202250671	0.037440000000060536	epochs	3.0
1021.0589602250672	0.037119999999958964	epochs	3.0
1021.0960802250671	0.07335999999997966	epochs	2.0
1021.0960802250671	0.03679999999997108	epochs	3.0
1021.1328802250671	0.036560000000008586	epochs	3.0
1021.1694402250671	0.07208000000002812	epochs	2.0
1021.1694402250671	0.03615999999999531	epochs	3.0
1021.2056002250671	0.035920000000032815	epochs	3.0
1021.2415202250671	0.07087999999998829	epochs	2.0
1021.2415202250671	0.03560000000004493	epochs	3.0
1021.2771202250672	0.03527999999994336	epochs	3.0
1021.3124002250671	0.06983999999999924	epochs	2.0
1021.3124002250671	0.035039999999980864	epochs	3.0
1021.3474402250671	0.03480000000001837	epochs	3.0
1021.3822402250671	0.06864000000007309	epochs	2.0
1021.3822402250671	0.034480000000030486	epochs	3.0
1021.4167202250671	0.0341600000000426	epochs	3.0
1021.4508802250672	0.06759999999997035	epochs	2.0
1021.4508802250672	0.03391999999996642	epochs	3.0
1021.4848002250671	0.03368000000000393	epochs	3.0
1021.5184802250672	0.0665599999999813	epochs	2.0
1021.5184802250672	0.03344000000004144	epochs	3.0
1021.5519202250672	0.033119999999939864	epochs	3.0
1021.5850402250671	0.06560000000001764	epochs	2.0
1021.5850402250671	0.032960000000002765	epochs	3.0
1021.6180002250671	0.03264000000001488	epochs	3.0
1021.6506402250671	0.0645600000000286	epochs	2.0
1021.6506402250671	0.0323999999999387	epochs	3.0
1021.6830402250671	0.032160000000089894	epochs	3.0
1021.7152002250672	0.06367999999997664	epochs	2.0
1021.7152002250672	0.03199999999992542	epochs	3.0
1021.7472002250671	0.03168000000005122	epochs	3.0
1021.7788802250672	0.06272000000001299	epochs	2.0
1021.7788802250672	0.03143999999997504	epochs	3.0
1021.8103202250671	0.031280000000037944	epochs	3.0
1021.8416002250672	0.06183999999996104	epochs	2.0
1021.8416002250672	0.031039999999961765	epochs	3.0
1021.8726402250671	0.030799999999999272	epochs	3.0
1021.9034402250671	0.060960000000022774	epochs	2.0
1021.9034402250671	0.03056000000003678	epochs	3.0
1021.9340002250672	0.030399999999985994	epochs	3.0
1021.9644002250672	0.060159999999996217	epochs	2.0
1021.9644002250672	0.0301600000000235	epochs	3.0
1021.9945602250672	0.029999999999972715	epochs	3.0
1022.0245602250671	0.059279999999944266	epochs	2.0
1022.0245602250671	0.02967999999998483	epochs	3.0
1022.0542402250671	0.029599999999959437	epochs	3.0
1022.0838402250671	0.058480000000031396	epochs	2.0
1022.0838402250671	0.029359999999996944	epochs	3.0
1022.1132002250671	0.02912000000003445	epochs	3.0
1022.1423202250671	0.05776000000003023	epochs	2.0
1022.1423202250671	0.028959999999983665	epochs	3.0
1022.1712802250671	0.028800000000046566	epochs	3.0
1022.2000802250672	0.056960000000003674	epochs	2.0
1022.2000802250672	0.028559999999970387	epochs	3.0
1022.2286402250671	0.028400000000033288	epochs	3.0
1022.2570402250672	0.05624000000000251	epochs	2.0
1022.2570402250672	0.028159999999957108	epochs	3.0
1022.2852002250671	0.028080000000045402	epochs	3.0
1022.3132802250672	0.05543999999997595	epochs	2.0
1022.3132802250672	0.027839999999969223	epochs	3.0
1022.3411202250671	0.02760000000000673	epochs	3.0
1022.3687202250671	0.054880000000025575	epochs	2.0
1022.3687202250671	0.027519999999981337	epochs	3.0
1022.3962402250671	0.027360000000044238	epochs	3.0
1022.4236002250672	0.05407999999999902	epochs	2.0
1022.4236002250672	0.02711999999996806	epochs	3.0
1022.4507202250671	0.02696000000003096	epochs	3.0
1022.4776802250672	0.05344000000002325	epochs	2.0
1022.4776802250672	0.026799999999980173	epochs	3.0
1022.5044802250671	0.026640000000043074	epochs	3.0
1022.5311202250672	0.05287999999995918	epochs	2.0
1022.5311202250672	0.026479999999992287	epochs	3.0
1022.5576002250672	0.026399999999966894	epochs	3.0
1022.5840002250671	0.05215999999995802	epochs	2.0
1022.5840002250671	0.026160000000004402	epochs	3.0
1022.6101602250671	0.025999999999953616	epochs	3.0
1022.6361602250671	0.051520000000095934	epochs	2.0
1022.6361602250671	0.025840000000016516	epochs	3.0
1022.6620002250671	0.025680000000079417	epochs	3.0
1022.6876802250672	0.05095999999991818	epochs	2.0
1022.6876802250672	0.025599999999940337	epochs	3.0
1022.7132802250671	0.025359999999977845	epochs	3.0
1022.7386402250671	0.050399999999967804	epochs	2.0
1022.7386402250671	0.02528000000006614	epochs	3.0
1022.7639202250672	0.025119999999901665	epochs	3.0
1022.7890402250671	0.04976000000010572	epochs	2.0
1022.7890402250671	0.024960000000078253	epochs	3.0
1022.8140002250672	0.024800000000027467	epochs	3.0
1022.8388002250672	0.04919999999992797	epochs	2.0
1022.8388002250672	0.02463999999997668	epochs	3.0
1022.8634402250672	0.024559999999951287	epochs	3.0
1022.8880002250671	0.04872000000000298	epochs	2.0
1022.8880002250671	0.024400000000014188	epochs	3.0
1022.9124002250671	0.024319999999988795	epochs	3.0
1022.9367202250671	0.04808000000002721	epochs	2.0
1022.9367202250671	0.024080000000026303	epochs	3.0
1022.9608002250671	0.02400000000000091	epochs	3.0
1022.9848002250671	0.04759999999998854	epochs	2.0
1022.9848002250671	0.023839999999950123	epochs	3.0
1023.0086402250671	0.023760000000038417	epochs	3.0
1023.0324002250671	0.04711999999994987	epochs	2.0
1023.0324002250671	0.02359999999998763	epochs	3.0
1023.0560002250671	0.023519999999962238	epochs	3.0
1023.0795202250671	0.04655999999999949	epochs	2.0
1023.0795202250671	0.02336000000002514	epochs	3.0
1023.1028802250671	0.023199999999974352	epochs	3.0
1023.1260802250671	0.046080000000074506	epochs	2.0
1023.1260802250671	0.023120000000062646	epochs	3.0
1023.1492002250671	0.02296000000001186	epochs	3.0
1023.1721602250672	0.045600000000035834	epochs	2.0
1023.1721602250672	0.022879999999986467	epochs	3.0
1023.1950402250671	0.022720000000049367	epochs	3.0
1023.2177602250672	0.04511999999999716	epochs	2.0
1023.2177602250672	0.022639999999910287	epochs	3.0
1023.2404002250671	0.022480000000086875	epochs	3.0
1023.2628802250672	0.04463999999995849	epochs	2.0
1023.2628802250672	0.022399999999947795	epochs	3.0
1023.2852802250671	0.022240000000010696	epochs	3.0
1023.3075202250672	0.04423999999994521	epochs	2.0
1023.3075202250672	0.022159999999985303	epochs	3.0
1023.3296802250671	0.02207999999995991	epochs	3.0
1023.3517602250671	0.04376000000002023	epochs	2.0
1023.3517602250671	0.02192000000002281	epochs	3.0
1023.3736802250671	0.021839999999997417	epochs	3.0
1023.3955202250671	0.04336000000000695	epochs	2.0
1023.3955202250671	0.021759999999972024	epochs	3.0
1023.4172802250671	0.021600000000034925	epochs	3.0
1023.4388802250671	0.04287999999996828	epochs	2.0
1023.4388802250671	0.02143999999998414	epochs	3.0
1023.4603202250671	0.02143999999998414	epochs	3.0
1023.4817602250671	0.042480000000068685	epochs	2.0
1023.4817602250671	0.02128000000004704	epochs	3.0
1023.5030402250671	0.021200000000021646	epochs	3.0
1023.5242402250672	0.04207999999994172	epochs	2.0
1023.5242402250672	0.02103999999997086	epochs	3.0
1023.5452802250671	0.02103999999997086	epochs	3.0
1023.5663202250671	0.04168000000004213	epochs	2.0
1023.5663202250671	0.02088000000003376	epochs	3.0
1023.5872002250671	0.020800000000008367	epochs	3.0
1023.6080002250671	0.041200000000003456	epochs	2.0
1023.6080002250671	0.02063999999995758	epochs	3.0
1023.6286402250671	0.020560000000045875	epochs	3.0
1023.6492002250671	0.04088000000001557	epochs	2.0
1023.6492002250671	0.020560000000045875	epochs	3.0
1023.6697602250672	0.020319999999969696	epochs	3.0
1023.6900802250672	0.040560000000027685	epochs	2.0
1023.6900802250672	0.020319999999969696	epochs	3.0
1023.7104002250671	0.02024000000005799	epochs	3.0
1023.7306402250672	0.04007999999998901	epochs	2.0
1023.7306402250672	0.020079999999893516	epochs	3.0
1023.7507202250671	0.020000000000095497	epochs	3.0
1023.7707202250672	0.03976000000000113	epochs	2.0
1023.7707202250672	0.019919999999956417	epochs	3.0
1023.7906402250671	0.01984000000004471	epochs	3.0
1023.8104802250672	0.039439999999899555	epochs	2.0
1023.8104802250672	0.01975999999990563	epochs	3.0
1023.8302402250671	0.019679999999993925	epochs	3.0
1023.8499202250671	0.03904000000011365	epochs	2.0
1023.8499202250671	0.019520000000056825	epochs	3.0
1023.8694402250671	0.019520000000056825	epochs	3.0
1023.8889602250672	0.038639999999986685	epochs	2.0
1023.8889602250672	0.019359999999892352	epochs	3.0
1023.9083202250671	0.019280000000094333	epochs	3.0
1023.9276002250672	0.038399999999910506	epochs	2.0
1023.9276002250672	0.019279999999980646	epochs	3.0
1023.9468802250672	0.01911999999992986	epochs	3.0
1023.9660002250671	0.038000000000010914	epochs	2.0
1023.9660002250671	0.019040000000018154	epochs	3.0
1023.9850402250671	0.01895999999999276	epochs	3.0
1024.004000225067	0.037680000000136715	epochs	2.0
1024.004000225067	0.018880000000081054	epochs	3.0
1024.0228802250672	0.01880000000005566	epochs	3.0
1024.0416802250672	0.03735999999980777	epochs	2.0
1024.0416802250672	0.018719999999802894	epochs	3.0
1024.060400225067	0.018640000000004875	epochs	3.0
1024.079040225067	0.037040000000160944	epochs	2.0
1024.079040225067	0.018560000000206855	epochs	3.0
1024.0976002250673	0.01847999999995409	epochs	3.0
1024.1160802250672	0.036719999999832	epochs	2.0
1024.1160802250672	0.018399999999928696	epochs	3.0
1024.1344802250671	0.018319999999903303	epochs	3.0
1024.152800225067	0.036480000000210566	epochs	2.0
1024.152800225067	0.018240000000105283	epochs	3.0
1024.1710402250671	0.018240000000105283	epochs	3.0
1024.1892802250673	0.03607999999985623	epochs	2.0
1024.1892802250673	0.018079999999827123	epochs	3.0
1024.207360225067	0.018000000000029104	epochs	3.0
1024.225360225067	0.03584000000000742	epochs	2.0
1024.225360225067	0.01792000000000371	epochs	3.0
1024.243280225067	0.01792000000000371	epochs	3.0
1024.2612002250671	0.03552000000013322	epochs	2.0
1024.2612002250671	0.017759999999952925	epochs	3.0
1024.278960225067	0.017760000000180298	epochs	3.0
1024.2967202250672	0.03519999999980428	epochs	2.0
1024.2967202250672	0.01767999999992753	epochs	3.0
1024.3144002250672	0.017519999999876745	epochs	3.0
1024.331920225067	0.034960000000182845	epochs	2.0
1024.331920225067	0.01752000000010412	epochs	3.0
1024.3494402250672	0.017440000000078726	epochs	3.0
1024.3668802250672	0.03471999999987929	epochs	2.0
1024.3668802250672	0.017439999999851352	epochs	3.0
1024.384320225067	0.01728000000002794	epochs	3.0
1024.401600225067	0.03440000000000509	epochs	2.0
1024.401600225067	0.017200000000002547	epochs	3.0
1024.4188002250671	0.017200000000002547	epochs	3.0
1024.4360002250671	0.034159999999928914	epochs	2.0
1024.4360002250671	0.017119999999977153	epochs	3.0
1024.453120225067	0.01703999999995176	epochs	3.0
1024.470160225067	0.033840000000054715	epochs	2.0
1024.470160225067	0.01696000000015374	epochs	3.0
1024.4871202250672	0.016879999999900974	epochs	3.0
1024.504000225067	0.033599999999978536	epochs	2.0
1024.504000225067	0.016800000000102955	epochs	3.0
1024.5208002250672	0.01679999999987558	epochs	3.0
1024.537600225067	0.03336000000012973	epochs	2.0
1024.537600225067	0.01672000000007756	epochs	3.0
1024.5543202250672	0.01664000000005217	epochs	3.0
1024.5709602250672	0.03311999999982618	epochs	2.0
1024.5709602250672	0.016560000000026776	epochs	3.0
1024.5875202250672	0.016559999999799402	epochs	3.0
1024.604080225067	0.03280000000017935	epochs	2.0
1024.604080225067	0.016400000000203363	epochs	3.0
1024.6204802250672	0.01639999999997599	epochs	3.0
1024.6368802250672	0.0325599999998758	epochs	2.0
1024.6368802250672	0.016319999999950596	epochs	3.0
1024.6532002250672	0.016239999999925203	epochs	3.0
1024.669440225067	0.03240000000005239	epochs	2.0
1024.669440225067	0.016240000000152577	epochs	3.0
1024.6856802250672	0.01615999999989981	epochs	3.0
1024.7018402250671	0.032079999999950815	epochs	2.0
1024.7018402250671	0.01608000000010179	epochs	3.0
1024.7179202250672	0.015999999999849024	epochs	3.0
1024.733920225067	0.0319200000001274	epochs	2.0
1024.733920225067	0.016000000000076398	epochs	3.0
1024.7499202250672	0.015920000000051004	epochs	3.0
1024.7658402250672	0.03160000000002583	epochs	2.0
1024.7658402250672	0.01584000000002561	epochs	3.0
1024.7816802250672	0.01576000000000022	epochs	3.0
1024.7974402250672	0.03143999999997504	epochs	2.0
1024.7974402250672	0.01576000000000022	epochs	3.0
1024.8132002250672	0.015679999999974825	epochs	3.0
1024.8288802250672	0.031199999999898864	epochs	2.0
1024.8288802250672	0.015599999999949432	epochs	3.0
1024.8444802250672	0.015599999999949432	epochs	3.0
1024.8600802250671	0.03096000000005006	epochs	2.0
1024.8600802250671	0.015519999999924039	epochs	3.0
1024.875600225067	0.01544000000012602	epochs	3.0
1024.8910402250672	0.03071999999997388	epochs	2.0
1024.8910402250672	0.015439999999898646	epochs	3.0
1024.906480225067	0.015280000000075233	epochs	3.0
1024.9217602250671	0.030559999999923093	epochs	2.0
1024.9217602250671	0.015360000000100626	epochs	3.0
1024.9371202250672	0.015199999999822467	epochs	3.0
1024.952320225067	0.030320000000074288	epochs	2.0
1024.952320225067	0.01520000000004984	epochs	3.0
1024.9675202250671	0.015120000000024447	epochs	3.0
1024.9826402250671	0.030079999999998108	epochs	2.0
1024.9826402250671	0.015120000000024447	epochs	3.0
1024.9977602250672	0.014959999999973661	epochs	3.0
1025.0127202250671	0.029919999999947322	epochs	2.0
1025.0127202250671	0.015039999999999054	epochs	3.0
1025.0277602250671	0.014879999999948268	epochs	3.0
1025.042640225067	0.029680000000098516	epochs	2.0
1025.042640225067	0.014879999999948268	epochs	3.0
1025.057520225067	0.014800000000150249	epochs	3.0
1025.0723202250672	0.02952000000004773	epochs	2.0
1025.0723202250672	0.014799999999922875	epochs	3.0
1025.087120225067	0.014720000000124855	epochs	3.0
1025.1018402250672	0.02927999999997155	epochs	2.0
1025.1018402250672	0.014719999999897482	epochs	3.0
1025.1165602250671	0.01456000000007407	epochs	3.0
1025.1311202250672	0.029119999999920765	epochs	2.0
1025.1311202250672	0.014639999999872089	epochs	3.0
1025.145760225067	0.014480000000048676	epochs	3.0
1025.1602402250671	0.028960000000097352	epochs	2.0
1025.1602402250671	0.014480000000048676	epochs	3.0
1025.1747202250672	0.014480000000048676	epochs	3.0
1025.1892002250672	0.02863999999999578	epochs	2.0
1025.1892002250672	0.01431999999999789	epochs	3.0
1025.2035202250672	0.01431999999999789	epochs	3.0
1025.2178402250672	0.028559999999970387	epochs	2.0
1025.2178402250672	0.01431999999999789	epochs	3.0
1025.2321602250672	0.014239999999972497	epochs	3.0
1025.2464002250672	0.028319999999894208	epochs	2.0
1025.2464002250672	0.014159999999947104	epochs	3.0
1025.2605602250671	0.014159999999947104	epochs	3.0
1025.274720225067	0.028160000000070795	epochs	2.0
1025.274720225067	0.014159999999947104	epochs	3.0
1025.288880225067	0.014000000000123691	epochs	3.0
1025.3028802250672	0.02800000000002001	epochs	2.0
1025.3028802250672	0.013999999999896318	epochs	3.0
1025.316880225067	0.014000000000123691	epochs	3.0
1025.3308802250672	0.02775999999994383	epochs	2.0
1025.3308802250672	0.013919999999870925	epochs	3.0
1025.344800225067	0.013840000000072905	epochs	3.0
1025.3586402250671	0.027679999999918437	epochs	2.0
1025.3586402250671	0.013840000000072905	epochs	3.0
1025.3724802250672	0.013839999999845531	epochs	3.0
1025.386320225067	0.02744000000006963	epochs	2.0
1025.386320225067	0.013760000000047512	epochs	3.0
1025.400080225067	0.013680000000022119	epochs	3.0
1025.413760225067	0.027280000000018845	epochs	2.0
1025.413760225067	0.013680000000022119	epochs	3.0
1025.4274402250671	0.013599999999996726	epochs	3.0
1025.4410402250671	0.02711999999996806	epochs	2.0
1025.4410402250671	0.013519999999971333	epochs	3.0
1025.454560225067	0.013599999999996726	epochs	3.0
1025.468160225067	0.026880000000119253	epochs	2.0
1025.468160225067	0.01343999999994594	epochs	3.0
1025.481600225067	0.013440000000173313	epochs	3.0
1025.4950402250672	0.026799999999866486	epochs	2.0
1025.4950402250672	0.01343999999994594	epochs	3.0
1025.5084802250672	0.013359999999920547	epochs	3.0
1025.521840225067	0.02656000000001768	epochs	2.0
1025.521840225067	0.013280000000122527	epochs	3.0
1025.5351202250672	0.013279999999895153	epochs	3.0
1025.548400225067	0.026479999999992287	epochs	2.0
1025.548400225067	0.013280000000122527	epochs	3.0
1025.5616802250672	0.01319999999986976	epochs	3.0
1025.574880225067	0.026240000000143482	epochs	2.0
1025.574880225067	0.013120000000071741	epochs	3.0
1025.5880002250672	0.013120000000071741	epochs	3.0
1025.6011202250672	0.026159999999890715	epochs	2.0
1025.6011202250672	0.013119999999844367	epochs	3.0
1025.614240225067	0.013040000000046348	epochs	3.0
1025.6272802250671	0.026000000000067303	epochs	2.0
1025.6272802250671	0.013040000000046348	epochs	3.0
1025.6403202250672	0.012960000000020955	epochs	3.0
1025.6532802250672	0.025759999999991123	epochs	2.0
1025.6532802250672	0.012879999999995562	epochs	3.0
1025.6661602250672	0.012879999999995562	epochs	3.0
1025.6790402250672	0.02567999999996573	epochs	2.0
1025.6790402250672	0.012879999999995562	epochs	3.0
1025.6919202250672	0.012799999999970169	epochs	3.0
1025.7047202250671	0.025519999999914944	epochs	2.0
1025.7047202250671	0.012799999999970169	epochs	3.0
1025.7175202250671	0.012719999999944775	epochs	3.0
1025.730240225067	0.02536000000009153	epochs	2.0
1025.730240225067	0.01272000000017215	epochs	3.0
1025.7429602250672	0.012639999999919382	epochs	3.0
1025.7556002250672	0.025200000000040745	epochs	2.0
1025.7556002250672	0.012639999999919382	epochs	3.0
1025.768240225067	0.012560000000121363	epochs	3.0
1025.7808002250672	0.0245599999998376	epochs	2.0
1025.804527925067	0.5	epochs	-1.0
1025.805360225067	0.5080800000000636	epochs	1.0
1026.313440225067	0.4918400000001384	epochs	0.0
1027.3910002708435	0.09135999999989508	epochs	0.0
1027.3910002708435	0.04063999999993939	epochs	1.0
1027.4316402708434	0.010080000000016298	epochs	1.0
1027.4417202708435	0.04063999999993939	epochs	1.0
1027.4823602708434	2.0	epochs	0.0
1029.4823602708434	0.5281600000000708	epochs	0.0
1029.4823602708434	0.5281600000000708	epochs	1.0
1029.4824079708435	0.5	epochs	-1.0
1029.9824079708435	0.02811229999997522	epochs	-1.0
1030.0105202708435	21.47176000000013	epochs	0.0
1031.1979999542236	0.09135999999989508	epochs	0.0
1031.1979999542236	0.04063999999993939	epochs	1.0
1031.2386399542236	0.010080000000016298	epochs	1.0
1031.2487199542236	0.04063999999993939	epochs	1.0
1031.2893599542235	2.0	epochs	0.0
1033.2893599542235	21.999920000000202	epochs	0.0
1033.2893599542235	1.0	epochs	1.0
1033.2894076542236	0.5	epochs	-1.0
1033.7894076542236	19.999119999999948	epochs	-1.0
1034.2893599542235	20.0	epochs	1.0
1034.2893599542235	8.000000002539309e-05	epochs	2.0
1034.2894399542236	4.356719999999996	epochs	-1.0
1034.2894399542236	1.9745600000001104	epochs	2.0
1034.2894399542236	1.098560000000134	epochs	3.0
1035.3879999542237	0.8759999999999764	epochs	3.0
1036.2639999542237	1.3523999999999887	epochs	2.0
1036.2639999542237	0.7286400000000413	epochs	3.0
1036.9926399542237	0.6237599999999475	epochs	3.0
1037.6163999542237	1.0297599999998965	epochs	2.0
1037.6163999542237	0.5453600000000733	epochs	3.0
1038.1617599542237	0.4843999999998232	epochs	3.0
1038.6461599542235	0.8317600000000311	epochs	2.0
1038.6461599542235	0.435760000000073	epochs	3.0
1039.0819199542236	0.39599999999995816	epochs	3.0
1039.4779199542236	0.697840000000042	epochs	2.0
1039.4779199542236	0.362880000000132	epochs	3.0
1039.8407999542237	0.33495999999991	epochs	3.0
1040.1757599542236	0.6010400000000118	epochs	2.0
1040.1757599542236	0.3108799999999974	epochs	3.0
1040.4866399542236	0.2901600000000144	epochs	3.0
1040.7767999542236	0.5278399999999692	epochs	2.0
1040.7767999542236	0.2719199999999091	epochs	3.0
1041.0487199542235	0.2559200000000601	epochs	3.0
1041.3046399542236	0.47064000000000306	epochs	2.0
1041.3046399542236	0.2416800000000876	epochs	3.0
1041.5463199542237	0.22895999999991545	epochs	3.0
1041.7752799542236	0.42455999999992855	epochs	2.0
1041.7752799542236	0.2174400000001242	epochs	3.0
1041.9927199542237	0.20711999999980435	epochs	3.0
1042.1998399542235	0.3867200000001958	epochs	2.0
1042.1998399542235	0.1976799999999912	epochs	3.0
1042.3975199542235	0.1890400000002046	epochs	3.0
1042.5865599542237	0.3551199999999426	epochs	2.0
1042.5865599542237	0.1811999999999898	epochs	3.0
1042.7677599542237	0.17391999999995278	epochs	3.0
1042.9416799542237	0.3282400000000507	epochs	2.0
1042.9416799542237	0.16719999999986612	epochs	3.0
1043.1088799542235	0.1610400000001846	epochs	3.0
1043.2699199542237	0.30520000000001346	epochs	2.0
1043.2699199542237	0.1552799999999479	epochs	3.0
1043.4251999542237	0.14992000000006556	epochs	3.0
1043.5751199542237	0.28512000000000626	epochs	2.0
1043.5751199542237	0.14487999999983003	epochs	3.0
1043.7199999542236	0.14024000000017622	epochs	3.0
1043.8602399542237	0.26751999999987675	epochs	2.0
1043.8602399542237	0.13583999999991647	epochs	3.0
1043.9960799542237	0.13167999999996027	epochs	3.0
1044.1277599542236	0.2520799999999781	epochs	2.0
1044.1277599542236	0.12784000000010565	epochs	3.0
1044.2555999542237	0.12423999999987245	epochs	3.0
1044.3798399542236	0.23816000000010717	epochs	2.0
1044.3798399542236	0.1207200000001194	epochs	3.0
1044.5005599542237	0.11743999999998778	epochs	3.0
1044.6179999542237	0.22583999999983462	epochs	2.0
1044.6179999542237	0.11439999999993233	epochs	3.0
1044.7323999542236	0.11143999999990228	epochs	3.0
1044.8438399542235	0.21464000000014494	epochs	2.0
1044.8438399542235	0.1086400000001504	epochs	3.0
1044.9524799542237	0.10599999999999454	epochs	3.0
1045.0584799542237	0.20447999999987587	epochs	2.0
1045.0584799542237	0.10343999999986409	epochs	3.0
1045.1619199542235	0.10104000000001179	epochs	3.0
1045.2629599542236	0.1953600000001643	epochs	2.0
1045.2629599542236	0.0987999999999829	epochs	3.0
1045.3617599542235	0.09656000000018139	epochs	3.0
1045.4583199542237	0.18695999999999913	epochs	2.0
1045.4583199542237	0.09447999999997592	epochs	3.0
1045.5527999542237	0.09248000000002321	epochs	3.0
1045.6452799542237	0.17919999999980973	epochs	2.0
1045.6452799542237	0.09047999999984313	epochs	3.0
1045.7357599542236	0.0887199999999666	epochs	3.0
1045.8244799542235	0.17208000000005086	epochs	2.0
1045.8244799542235	0.08688000000006468	epochs	3.0
1045.9113599542236	0.08519999999998618	epochs	3.0
1045.9965599542236	0.165520000000015	epochs	2.0
1045.9965599542236	0.08360000000016043	epochs	3.0
1046.0801599542237	0.08191999999985455	epochs	3.0
1046.1620799542236	0.1595199999999295	epochs	2.0
1046.1620799542236	0.0804800000000796	epochs	3.0
1046.2425599542237	0.0790399999998499	epochs	3.0
1046.3215999542235	0.15376000000014756	epochs	2.0
1046.3215999542235	0.07760000000007494	epochs	3.0
1046.3991999542236	0.07616000000007261	epochs	3.0
1046.4753599542237	0.14855999999986125	epochs	2.0
1046.4753599542237	0.07495999999991909	epochs	3.0
1046.5503199542236	0.07359999999994216	epochs	3.0
1046.6239199542235	0.14368000000013126	epochs	2.0
1046.6239199542235	0.0724800000000414	epochs	3.0
1046.6963999542236	0.07120000000008986	epochs	3.0
1046.7675999542237	0.1390400000000227	epochs	2.0
1046.7675999542237	0.07007999999996173	epochs	3.0
1046.8376799542236	0.06896000000006097	epochs	3.0
1046.9066399542237	0.13472000000001572	epochs	2.0
1046.9066399542237	0.06791999999995824	epochs	3.0
1046.9745599542237	0.06680000000005748	epochs	3.0
1047.0413599542237	0.13071999999988293	epochs	2.0
1047.0413599542237	0.06583999999998014	epochs	3.0
1047.1071999542237	0.0648799999999028	epochs	3.0
1047.1720799542236	0.1268000000000029	epochs	2.0
1047.1720799542236	0.06384000000002743	epochs	3.0
1047.2359199542236	0.06295999999997548	epochs	3.0
1047.2988799542236	0.12328000000002248	epochs	2.0
1047.2988799542236	0.0620800000001509	epochs	3.0
1047.3609599542237	0.06119999999987158	epochs	3.0
1047.4221599542236	0.11984000000006745	epochs	2.0
1047.4221599542236	0.060320000000047	epochs	3.0
1047.4824799542237	0.059520000000020445	epochs	3.0
1047.5419999542237	0.11663999999996122	epochs	2.0
1047.5419999542237	0.05871999999999389	epochs	3.0
1047.6007199542237	0.05791999999996733	epochs	3.0
1047.6586399542236	0.11359999999990578	epochs	2.0
1047.6586399542236	0.05719999999996617	epochs	3.0
1047.7158399542236	0.05639999999993961	epochs	3.0
1047.7722399542236	0.1107200000001285	epochs	2.0
1047.7722399542236	0.05568000000016582	epochs	3.0
1047.8279199542237	0.055039999999962674	epochs	3.0
1047.8829599542237	0.10791999999992186	epochs	2.0
1047.8829599542237	0.05423999999993612	epochs	3.0
1047.9371999542236	0.05367999999998574	epochs	3.0
1047.9908799542236	0.10527999999999338	epochs	2.0
1047.9908799542236	0.052959999999984575	epochs	3.0
1048.0438399542236	0.052320000000008804	epochs	3.0
1048.0961599542236	0.10288000000014108	epochs	2.0
1048.0961599542236	0.051760000000058426	epochs	3.0
1048.1479199542237	0.051120000000082655	epochs	3.0
1048.1990399542237	0.10039999999980864	epochs	2.0
1048.1990399542237	0.05047999999987951	epochs	3.0
1048.2495199542236	0.04991999999992913	epochs	3.0
1048.2994399542235	0.09824000000003252	epochs	2.0
1048.2994399542235	0.049359999999978754	epochs	3.0
1048.3487999542235	0.04888000000005377	epochs	3.0
1048.3976799542236	0.09600000000000364	epochs	2.0
1048.3976799542236	0.048240000000078	epochs	3.0
1048.4459199542237	0.04775999999992564	epochs	3.0
1048.4936799542236	0.09392000000002554	epochs	2.0
1048.4936799542236	0.04719999999997526	epochs	3.0
1048.5408799542236	0.04672000000005028	epochs	3.0
1048.5875999542236	0.09192000000007283	epochs	2.0
1048.5875999542236	0.0461600000000999	epochs	3.0
1048.6337599542237	0.04575999999997293	epochs	3.0
1048.6795199542237	0.09007999999994354	epochs	2.0
1048.6795199542237	0.04528000000004795	epochs	3.0
1048.7247999542237	0.04479999999989559	epochs	3.0
1048.7695999542236	0.08816000000001623	epochs	2.0
1048.7695999542236	0.044319999999970605	epochs	3.0
1048.8139199542236	0.04384000000004562	epochs	3.0
1048.8577599542236	0.08647999999993772	epochs	2.0
1048.8577599542236	0.043439999999918655	epochs	3.0
1048.9011999542236	0.04304000000001906	epochs	3.0
1048.9442399542236	0.08472000000006119	epochs	2.0
1048.9442399542236	0.04256000000009408	epochs	3.0
1048.9867999542237	0.04215999999996711	epochs	3.0
1049.0289599542236	0.08320000000003347	epochs	2.0
1049.0289599542236	0.04176000000006752	epochs	3.0
1049.0707199542237	0.04143999999996595	epochs	3.0
1049.1121599542237	0.08151999999995496	epochs	2.0
1049.1121599542237	0.040960000000040964	epochs	3.0
1049.1531199542237	0.040559999999914	epochs	3.0
1049.1936799542236	0.08007999999995263	epochs	2.0
1049.1936799542236	0.0402400000000398	epochs	3.0
1049.2339199542237	0.039839999999912834	epochs	3.0
1049.2737599542236	0.0786399999999503	epochs	2.0
1049.2737599542236	0.039520000000038635	epochs	3.0
1049.3132799542236	0.03911999999991167	epochs	3.0
1049.3523999542235	0.07720000000017535	epochs	2.0
1049.3523999542235	0.03880000000003747	epochs	3.0
1049.3911999542236	0.03840000000013788	epochs	3.0
1049.4295999542237	0.07591999999999643	epochs	2.0
1049.4295999542237	0.038159999999834326	epochs	3.0
1049.4677599542235	0.03776000000016211	epochs	3.0
1049.5055199542237	0.0745600000000195	epochs	2.0
1049.5055199542237	0.03743999999983316	epochs	3.0
1049.5429599542235	0.03712000000018634	epochs	3.0
1049.5800799542237	0.07335999999986598	epochs	2.0
1049.5800799542237	0.03679999999985739	epochs	3.0
1049.6168799542236	0.036560000000008586	epochs	3.0
1049.6534399542236	0.07208000000014181	epochs	2.0
1049.6534399542236	0.036160000000108994	epochs	3.0
1049.6895999542237	0.035920000000032815	epochs	3.0
1049.7255199542237	0.07087999999998829	epochs	2.0
1049.7255199542237	0.03559999999993124	epochs	3.0
1049.7611199542237	0.035280000000057044	epochs	3.0
1049.7963999542237	0.06983999999988555	epochs	2.0
1049.7963999542237	0.035039999999980864	epochs	3.0
1049.8314399542237	0.034799999999904685	epochs	3.0
1049.8662399542236	0.0686399999999594	epochs	2.0
1049.8662399542236	0.034480000000030486	epochs	3.0
1049.9007199542236	0.034159999999928914	epochs	3.0
1049.9348799542236	0.06760000000008404	epochs	2.0
1049.9348799542236	0.03392000000008011	epochs	3.0
1049.9687999542236	0.03368000000000393	epochs	3.0
1050.0024799542236	0.0665599999999813	epochs	2.0
1050.0024799542236	0.03343999999992775	epochs	3.0
1050.0359199542236	0.03312000000005355	epochs	3.0
1050.0690399542236	0.06559999999990396	epochs	2.0
1050.0690399542236	0.032960000000002765	epochs	3.0
1050.1019999542236	0.03263999999990119	epochs	3.0
1050.1346399542235	0.0645600000000286	epochs	2.0
1050.1346399542235	0.03240000000005239	epochs	3.0
1050.1670399542236	0.03215999999997621	epochs	3.0
1050.1991999542236	0.06367999999997664	epochs	2.0
1050.1991999542236	0.032000000000152795	epochs	3.0
1050.2311999542237	0.03167999999982385	epochs	3.0
1050.2628799542235	0.06272000000012667	epochs	2.0
1050.2628799542235	0.03144000000020242	epochs	3.0
1050.2943199542237	0.03127999999992426	epochs	3.0
1050.3255999542237	0.061840000000074724	epochs	2.0
1050.3255999542237	0.03104000000007545	epochs	3.0
1050.3566399542237	0.030799999999999272	epochs	3.0
1050.3874399542237	0.0609599999997954	epochs	2.0
1050.3874399542237	0.030559999999923093	epochs	3.0
1050.4179999542237	0.030399999999872307	epochs	3.0
1050.4483999542235	0.060159999999996217	epochs	2.0
1050.4483999542235	0.0301600000000235	epochs	3.0
1050.4785599542236	0.029999999999972715	epochs	3.0
1050.5085599542235	0.05928000000017164	epochs	2.0
1050.5085599542235	0.029680000000098516	epochs	3.0
1050.5382399542236	0.029600000000073123	epochs	3.0
1050.5678399542237	0.05847999999991771	epochs	2.0
1050.5678399542237	0.029359999999996944	epochs	3.0
1050.5971999542237	0.029119999999920765	epochs	3.0
1050.6263199542236	0.057759999999916545	epochs	2.0
1050.6263199542236	0.028960000000097352	epochs	3.0
1050.6552799542237	0.028799999999819192	epochs	3.0
1050.6840799542235	0.05696000000011736	epochs	2.0
1050.6840799542235	0.02856000000019776	epochs	3.0
1050.7126399542237	0.0283999999999196	epochs	3.0
1050.7410399542237	0.05623999999988882	epochs	2.0
1050.7410399542237	0.028160000000070795	epochs	3.0
1050.7691999542237	0.02807999999981803	epochs	3.0
1050.7972799542235	0.05544000000008964	epochs	2.0
1050.7972799542235	0.027840000000196596	epochs	3.0
1050.8251199542237	0.027599999999893043	epochs	3.0
1050.8527199542236	0.05487999999991189	epochs	2.0
1050.8527199542236	0.027520000000095024	epochs	3.0
1050.8802399542237	0.027359999999816864	epochs	3.0
1050.9075999542235	0.054080000000112705	epochs	2.0
1050.9075999542235	0.027120000000195432	epochs	3.0
1050.9347199542237	0.026959999999917272	epochs	3.0
1050.9616799542237	0.05343999999990956	epochs	2.0
1050.9616799542237	0.026799999999866486	epochs	3.0
1050.9884799542235	0.026640000000043074	epochs	3.0
1051.0151199542236	0.05287999999995918	epochs	2.0
1051.0151199542236	0.026479999999992287	epochs	3.0
1051.0415999542236	0.026399999999966894	epochs	3.0
1051.0679999542235	0.05216000000018539	epochs	2.0
1051.0679999542235	0.02616000000011809	epochs	3.0
1051.0941599542236	0.026000000000067303	epochs	3.0
1051.1201599542237	0.05151999999998225	epochs	2.0
1051.1201599542237	0.025840000000016516	epochs	3.0
1051.1459999542237	0.02567999999996573	epochs	3.0
1051.1716799542237	0.05096000000003187	epochs	2.0
1051.1716799542237	0.025599999999940337	epochs	3.0
1051.1972799542236	0.02536000000009153	epochs	3.0
1051.2226399542237	0.05039999999985412	epochs	2.0
1051.2226399542237	0.025279999999838765	epochs	3.0
1051.2479199542236	0.025120000000015352	epochs	3.0
1051.2730399542236	0.04976000000010572	epochs	2.0
1051.2730399542236	0.024959999999964566	epochs	3.0
1051.2979999542235	0.024800000000141154	epochs	3.0
1051.3227999542237	0.04919999999992797	epochs	2.0
1051.3227999542237	0.024639999999862994	epochs	3.0
1051.3474399542235	0.024560000000064974	epochs	3.0
1051.3719999542236	0.04872000000000298	epochs	2.0
1051.3719999542236	0.024400000000014188	epochs	3.0
1051.3963999542236	0.024319999999988795	epochs	3.0
1051.4207199542236	0.04808000000002721	epochs	2.0
1051.4207199542236	0.024079999999912616	epochs	3.0
1051.4447999542235	0.024000000000114596	epochs	3.0
1051.4687999542236	0.04760000000010223	epochs	2.0
1051.4687999542236	0.02384000000006381	epochs	3.0
1051.4926399542237	0.023760000000038417	epochs	3.0
1051.5163999542237	0.04711999999994987	epochs	2.0
1051.5163999542237	0.02359999999998763	epochs	3.0
1051.5399999542237	0.023519999999962238	epochs	3.0
1051.5635199542237	0.04655999999999949	epochs	2.0
1051.5635199542237	0.02335999999991145	epochs	3.0
1051.5868799542236	0.02320000000008804	epochs	3.0
1051.6100799542237	0.04607999999984713	epochs	2.0
1051.6100799542237	0.023119999999835272	epochs	3.0
1051.6331999542235	0.02296000000001186	epochs	3.0
1051.6561599542235	0.04560000000014952	epochs	2.0
1051.6561599542235	0.022879999999986467	epochs	3.0
1051.6790399542235	0.022720000000163054	epochs	3.0
1051.7017599542237	0.04511999999999716	epochs	2.0
1051.7017599542237	0.022639999999910287	epochs	3.0
1051.7243999542236	0.022480000000086875	epochs	3.0
1051.7468799542237	0.044639999999844804	epochs	2.0
1051.7468799542237	0.022400000000061482	epochs	3.0
1051.7692799542237	0.022239999999783322	epochs	3.0
1051.7915199542235	0.044240000000172586	epochs	2.0
1051.7915199542235	0.022160000000212676	epochs	3.0
1051.8136799542237	0.02207999999995991	epochs	3.0
1051.8357599542237	0.04376000000002023	epochs	2.0
1051.8357599542237	0.021919999999909123	epochs	3.0
1051.8576799542236	0.021840000000111104	epochs	3.0
1051.8795199542237	0.04335999999989326	epochs	2.0
1051.8795199542237	0.021759999999858337	epochs	3.0
1051.9012799542236	0.021600000000034925	epochs	3.0
1051.9228799542236	0.04287999999996828	epochs	2.0
1051.9228799542236	0.02143999999998414	epochs	3.0
1051.9443199542236	0.02143999999998414	epochs	3.0
1051.9657599542236	0.042480000000068685	epochs	2.0
1051.9657599542236	0.021280000000160726	epochs	3.0
1051.9870399542237	0.02119999999990796	epochs	3.0
1052.0082399542237	0.04207999999994172	epochs	2.0
1052.0082399542237	0.021040000000084547	epochs	3.0
1052.0292799542237	0.021039999999857173	epochs	3.0
1052.0503199542236	0.04168000000004213	epochs	2.0
1052.0503199542236	0.02088000000003376	epochs	3.0
1052.0711999542236	0.020800000000008367	epochs	3.0
1052.0919999542236	0.04119999999988977	epochs	2.0
1052.0919999542236	0.02063999999995758	epochs	3.0
1052.1126399542236	0.020559999999932188	epochs	3.0
1052.1331999542235	0.04088000000001557	epochs	2.0
1052.1331999542235	0.020560000000159562	epochs	3.0
1052.1537599542237	0.02031999999985601	epochs	3.0
1052.1740799542235	0.04056000000014137	epochs	2.0
1052.1740799542235	0.020320000000083382	epochs	3.0
1052.1943999542236	0.02024000000005799	epochs	3.0
1052.2146399542237	0.04007999999998901	epochs	2.0
1052.2146399542237	0.020080000000007203	epochs	3.0
1052.2347199542237	0.01999999999998181	epochs	3.0
1052.2547199542237	0.03975999999988744	epochs	2.0
1052.2547199542237	0.019919999999956417	epochs	3.0
1052.2746399542236	0.019839999999931024	epochs	3.0
1052.2944799542236	0.03944000000001324	epochs	2.0
1052.2944799542236	0.019760000000133005	epochs	3.0
1052.3142399542237	0.019679999999880238	epochs	3.0
1052.3339199542236	0.03904000000011365	epochs	2.0
1052.3339199542236	0.019520000000056825	epochs	3.0
1052.3534399542236	0.019520000000056825	epochs	3.0
1052.3729599542237	0.038639999999986685	epochs	2.0
1052.3729599542237	0.01936000000000604	epochs	3.0
1052.3923199542237	0.019279999999980646	epochs	3.0
1052.4115999542237	0.038399999999910506	epochs	2.0
1052.4115999542237	0.019279999999980646	epochs	3.0
1052.4308799542237	0.01911999999992986	epochs	3.0
1052.4499999542236	0.038000000000010914	epochs	2.0
1052.4499999542236	0.01904000000013184	epochs	3.0
1052.4690399542237	0.018959999999879074	epochs	3.0
1052.4879999542236	0.037680000000136715	epochs	2.0
1052.4879999542236	0.018880000000081054	epochs	3.0
1052.5068799542237	0.01880000000005566	epochs	3.0
1052.5256799542237	0.03735999999980777	epochs	2.0
1052.5256799542237	0.018719999999802894	epochs	3.0
1052.5443999542235	0.018640000000004875	epochs	3.0
1052.5630399542235	0.037040000000160944	epochs	2.0
1052.5630399542235	0.018560000000206855	epochs	3.0
1052.5815999542237	0.01847999999995409	epochs	3.0
1052.6000799542237	0.036719999999832	epochs	2.0
1052.6000799542237	0.018399999999928696	epochs	3.0
1052.6184799542236	0.018319999999903303	epochs	3.0
1052.6367999542235	0.036480000000210566	epochs	2.0
1052.6367999542235	0.018240000000105283	epochs	3.0
1052.6550399542236	0.018240000000105283	epochs	3.0
1052.6732799542237	0.03607999999985623	epochs	2.0
1052.6732799542237	0.018079999999827123	epochs	3.0
1052.6913599542236	0.018000000000029104	epochs	3.0
1052.7093599542236	0.03584000000000742	epochs	2.0
1052.7093599542236	0.01792000000000371	epochs	3.0
1052.7272799542236	0.01792000000000371	epochs	3.0
1052.7451999542236	0.03552000000013322	epochs	2.0
1052.7451999542236	0.017759999999952925	epochs	3.0
1052.7629599542236	0.017760000000180298	epochs	3.0
1052.7807199542237	0.03519999999980428	epochs	2.0
1052.7807199542237	0.01767999999992753	epochs	3.0
1052.7983999542237	0.017519999999876745	epochs	3.0
1052.8159199542235	0.034960000000182845	epochs	2.0
1052.8159199542235	0.01752000000010412	epochs	3.0
1052.8334399542236	0.017440000000078726	epochs	3.0
1052.8508799542237	0.03471999999987929	epochs	2.0
1052.8508799542237	0.017439999999851352	epochs	3.0
1052.8683199542236	0.01728000000002794	epochs	3.0
1052.8855999542236	0.03440000000000509	epochs	2.0
1052.8855999542236	0.017200000000002547	epochs	3.0
1052.9027999542236	0.017200000000002547	epochs	3.0
1052.9199999542236	0.034159999999928914	epochs	2.0
1052.9199999542236	0.017119999999977153	epochs	3.0
1052.9371199542236	0.01703999999995176	epochs	3.0
1052.9541599542235	0.033840000000054715	epochs	2.0
1052.9541599542235	0.01696000000015374	epochs	3.0
1052.9711199542237	0.016879999999900974	epochs	3.0
1052.9879999542236	0.033599999999978536	epochs	2.0
1052.9879999542236	0.016800000000102955	epochs	3.0
1053.0047999542237	0.01679999999987558	epochs	3.0
1053.0215999542236	0.03336000000012973	epochs	2.0
1053.0215999542236	0.01672000000007756	epochs	3.0
1053.0383199542237	0.01664000000005217	epochs	3.0
1053.0549599542237	0.03311999999982618	epochs	2.0
1053.0549599542237	0.016560000000026776	epochs	3.0
1053.0715199542237	0.016559999999799402	epochs	3.0
1053.0880799542235	0.03280000000017935	epochs	2.0
1053.0880799542235	0.016400000000203363	epochs	3.0
1053.1044799542237	0.01639999999997599	epochs	3.0
1053.1208799542237	0.0325599999998758	epochs	2.0
1053.1208799542237	0.016319999999950596	epochs	3.0
1053.1371999542237	0.016239999999925203	epochs	3.0
1053.1534399542236	0.03240000000005239	epochs	2.0
1053.1534399542236	0.016240000000152577	epochs	3.0
1053.1696799542237	0.01615999999989981	epochs	3.0
1053.1858399542236	0.032079999999950815	epochs	2.0
1053.1858399542236	0.01608000000010179	epochs	3.0
1053.2019199542237	0.015999999999849024	epochs	3.0
1053.2179199542236	0.0319200000001274	epochs	2.0
1053.2179199542236	0.016000000000076398	epochs	3.0
1053.2339199542237	0.015920000000051004	epochs	3.0
1053.2498399542237	0.03160000000002583	epochs	2.0
1053.2498399542237	0.01584000000002561	epochs	3.0
1053.2656799542237	0.01576000000000022	epochs	3.0
1053.2814399542237	0.03143999999997504	epochs	2.0
1053.2814399542237	0.01576000000000022	epochs	3.0
1053.2971999542237	0.015679999999974825	epochs	3.0
1053.3128799542237	0.031199999999898864	epochs	2.0
1053.3128799542237	0.015599999999949432	epochs	3.0
1053.3284799542237	0.015599999999949432	epochs	3.0
1053.3440799542236	0.03096000000005006	epochs	2.0
1053.3440799542236	0.015519999999924039	epochs	3.0
1053.3595999542235	0.01544000000012602	epochs	3.0
1053.3750399542237	0.03071999999997388	epochs	2.0
1053.3750399542237	0.015439999999898646	epochs	3.0
1053.3904799542236	0.015280000000075233	epochs	3.0
1053.4057599542236	0.030559999999923093	epochs	2.0
1053.4057599542236	0.015360000000100626	epochs	3.0
1053.4211199542237	0.015199999999822467	epochs	3.0
1053.4363199542236	0.030320000000074288	epochs	2.0
1053.4363199542236	0.01520000000004984	epochs	3.0
1053.4515199542236	0.015120000000024447	epochs	3.0
1053.4666399542236	0.030079999999998108	epochs	2.0
1053.4666399542236	0.015120000000024447	epochs	3.0
1053.4817599542237	0.014959999999973661	epochs	3.0
1053.4967199542236	0.029919999999947322	epochs	2.0
1053.4967199542236	0.015039999999999054	epochs	3.0
1053.5117599542236	0.014879999999948268	epochs	3.0
1053.5266399542236	0.029680000000098516	epochs	2.0
1053.5266399542236	0.014879999999948268	epochs	3.0
1053.5415199542235	0.014800000000150249	epochs	3.0
1053.5563199542237	0.02952000000004773	epochs	2.0
1053.5563199542237	0.014799999999922875	epochs	3.0
1053.5711199542236	0.014720000000124855	epochs	3.0
1053.5858399542237	0.02927999999997155	epochs	2.0
1053.5858399542237	0.014719999999897482	epochs	3.0
1053.6005599542236	0.01456000000007407	epochs	3.0
1053.6151199542237	0.029119999999920765	epochs	2.0
1053.6151199542237	0.014639999999872089	epochs	3.0
1053.6297599542236	0.014480000000048676	epochs	3.0
1053.6442399542236	0.028960000000097352	epochs	2.0
1053.6442399542236	0.014480000000048676	epochs	3.0
1053.6587199542237	0.014480000000048676	epochs	3.0
1053.6731999542237	0.02863999999999578	epochs	2.0
1053.6731999542237	0.01431999999999789	epochs	3.0
1053.6875199542237	0.01431999999999789	epochs	3.0
1053.7018399542237	0.028559999999970387	epochs	2.0
1053.7018399542237	0.01431999999999789	epochs	3.0
1053.7161599542237	0.014239999999972497	epochs	3.0
1053.7303999542237	0.028319999999894208	epochs	2.0
1053.7303999542237	0.014159999999947104	epochs	3.0
1053.7445599542236	0.014159999999947104	epochs	3.0
1053.7587199542236	0.028160000000070795	epochs	2.0
1053.7587199542236	0.014159999999947104	epochs	3.0
1053.7728799542235	0.014000000000123691	epochs	3.0
1053.7868799542237	0.02800000000002001	epochs	2.0
1053.7868799542237	0.013999999999896318	epochs	3.0
1053.8008799542235	0.014000000000123691	epochs	3.0
1053.8148799542237	0.02775999999994383	epochs	2.0
1053.8148799542237	0.013919999999870925	epochs	3.0
1053.8287999542235	0.013840000000072905	epochs	3.0
1053.8426399542236	0.027679999999918437	epochs	2.0
1053.8426399542236	0.013840000000072905	epochs	3.0
1053.8564799542237	0.013839999999845531	epochs	3.0
1053.8703199542235	0.02744000000006963	epochs	2.0
1053.8703199542235	0.013760000000047512	epochs	3.0
1053.8840799542236	0.013680000000022119	epochs	3.0
1053.8977599542236	0.027280000000018845	epochs	2.0
1053.8977599542236	0.013680000000022119	epochs	3.0
1053.9114399542236	0.013599999999996726	epochs	3.0
1053.9250399542236	0.02711999999996806	epochs	2.0
1053.9250399542236	0.013519999999971333	epochs	3.0
1053.9385599542236	0.013599999999996726	epochs	3.0
1053.9521599542236	0.026880000000119253	epochs	2.0
1053.9521599542236	0.01343999999994594	epochs	3.0
1053.9655999542235	0.013440000000173313	epochs	3.0
1053.9790399542237	0.026799999999866486	epochs	2.0
1053.9790399542237	0.01343999999994594	epochs	3.0
1053.9924799542237	0.013359999999920547	epochs	3.0
1054.0058399542236	0.02656000000001768	epochs	2.0
1054.0058399542236	0.013280000000122527	epochs	3.0
1054.0191199542237	0.013279999999895153	epochs	3.0
1054.0323999542236	0.026479999999992287	epochs	2.0
1054.0323999542236	0.013280000000122527	epochs	3.0
1054.0456799542237	0.01319999999986976	epochs	3.0
1054.0588799542236	0.026240000000143482	epochs	2.0
1054.0588799542236	0.013120000000071741	epochs	3.0
1054.0719999542237	0.013120000000071741	epochs	3.0
1054.0851199542237	0.026159999999890715	epochs	2.0
1054.0851199542237	0.013119999999844367	epochs	3.0
1054.0982399542236	0.013040000000046348	epochs	3.0
1054.1112799542236	0.026000000000067303	epochs	2.0
1054.1112799542236	0.013040000000046348	epochs	3.0
1054.1243199542237	0.012960000000020955	epochs	3.0
1054.1372799542237	0.025759999999991123	epochs	2.0
1054.1372799542237	0.012879999999995562	epochs	3.0
1054.1501599542237	0.012879999999995562	epochs	3.0
1054.1630399542237	0.02567999999996573	epochs	2.0
1054.1630399542237	0.012879999999995562	epochs	3.0
1054.1759199542237	0.012799999999970169	epochs	3.0
1054.1887199542236	0.025519999999914944	epochs	2.0
1054.1887199542236	0.012799999999970169	epochs	3.0
1054.2015199542236	0.012719999999944775	epochs	3.0
1054.2142399542236	0.02536000000009153	epochs	2.0
1054.2142399542236	0.01272000000017215	epochs	3.0
1054.2269599542237	0.012639999999919382	epochs	3.0
1054.2395999542236	0.025200000000040745	epochs	2.0
1054.2395999542236	0.012639999999919382	epochs	3.0
1054.2522399542236	0.012560000000121363	epochs	3.0
1054.2647999542237	0.0245599999998376	epochs	2.0
1054.2885276542236	0.5	epochs	-1.0
1054.2893599542235	0.999920000000202	epochs	1.0
1054.7885276542236	0.5	epochs	-1.0
1056.590000152588	0.09135999999989508	epochs	0.0
1056.590000152588	0.04063999999993939	epochs	1.0
1056.6306401525878	0.010080000000016298	epochs	1.0
1056.6407201525878	0.04063999999993939	epochs	1.0
1056.6813601525878	2.0	epochs	0.0
1058.6813601525878	21.999920000000202	epochs	0.0
1058.6813601525878	1.0	epochs	1.0
1058.6814078525879	0.5	epochs	-1.0
1059.1814078525879	19.999119999999948	epochs	-1.0
1059.6813601525878	20.0	epochs	1.0
1059.6813601525878	8.000000002539309e-05	epochs	2.0
1059.6814401525878	4.356719999999996	epochs	-1.0
1059.6814401525878	1.9745600000001104	epochs	2.0
1059.6814401525878	1.098560000000134	epochs	3.0
1060.780000152588	0.8759999999999764	epochs	3.0
1061.656000152588	1.3523999999999887	epochs	2.0
1061.656000152588	0.7286400000000413	epochs	3.0
1062.384640152588	0.6237599999999475	epochs	3.0
1063.008400152588	1.0297599999998965	epochs	2.0
1063.008400152588	0.5453600000000733	epochs	3.0
1063.553760152588	0.4843999999998232	epochs	3.0
1064.0381601525878	0.8317600000000311	epochs	2.0
1064.0381601525878	0.435760000000073	epochs	3.0
1064.4739201525879	0.39599999999995816	epochs	3.0
1064.8699201525878	0.697840000000042	epochs	2.0
1064.8699201525878	0.362880000000132	epochs	3.0
1065.232800152588	0.33495999999991	epochs	3.0
1065.5677601525879	0.6010400000000118	epochs	2.0
1065.5677601525879	0.3108799999999974	epochs	3.0
1065.8786401525879	0.2901600000000144	epochs	3.0
1066.168800152588	0.5278399999999692	epochs	2.0
1066.168800152588	0.2719199999999091	epochs	3.0
1066.4407201525878	0.2559200000000601	epochs	3.0
1066.6966401525879	0.47064000000000306	epochs	2.0
1066.6966401525879	0.2416800000000876	epochs	3.0
1066.938320152588	0.22895999999991545	epochs	3.0
1067.1672801525879	0.42455999999992855	epochs	2.0
1067.1672801525879	0.2174400000001242	epochs	3.0
1067.384720152588	0.20711999999980435	epochs	3.0
1067.5918401525878	0.3867200000001958	epochs	2.0
1067.5918401525878	0.1976799999999912	epochs	3.0
1067.7895201525878	0.1890400000002046	epochs	3.0
1067.978560152588	0.3551199999999426	epochs	2.0
1067.978560152588	0.1811999999999898	epochs	3.0
1068.159760152588	0.17391999999995278	epochs	3.0
1068.333680152588	0.3282400000000507	epochs	2.0
1068.333680152588	0.16719999999986612	epochs	3.0
1068.5008801525878	0.1610400000001846	epochs	3.0
1068.661920152588	0.30520000000001346	epochs	2.0
1068.661920152588	0.1552799999999479	epochs	3.0
1068.817200152588	0.14992000000006556	epochs	3.0
1068.967120152588	0.28512000000000626	epochs	2.0
1068.967120152588	0.14487999999983003	epochs	3.0
1069.1120001525878	0.14024000000017622	epochs	3.0
1069.252240152588	0.26751999999987675	epochs	2.0
1069.252240152588	0.13583999999991647	epochs	3.0
1069.388080152588	0.13167999999996027	epochs	3.0
1069.5197601525879	0.2520799999999781	epochs	2.0
1069.5197601525879	0.12784000000010565	epochs	3.0
1069.647600152588	0.12423999999987245	epochs	3.0
1069.7718401525879	0.23816000000010717	epochs	2.0
1069.7718401525879	0.1207200000001194	epochs	3.0
1069.892560152588	0.11743999999998778	epochs	3.0
1070.010000152588	0.22583999999983462	epochs	2.0
1070.010000152588	0.11439999999993233	epochs	3.0
1070.124400152588	0.11143999999990228	epochs	3.0
1070.2358401525878	0.21464000000014494	epochs	2.0
1070.2358401525878	0.1086400000001504	epochs	3.0
1070.344480152588	0.10599999999999454	epochs	3.0
1070.450480152588	0.20447999999987587	epochs	2.0
1070.450480152588	0.10343999999986409	epochs	3.0
1070.5539201525878	0.10104000000001179	epochs	3.0
1070.6549601525878	0.1953600000001643	epochs	2.0
1070.6549601525878	0.0987999999999829	epochs	3.0
1070.7537601525878	0.09656000000018139	epochs	3.0
1070.850320152588	0.18695999999999913	epochs	2.0
1070.850320152588	0.09447999999997592	epochs	3.0
1070.944800152588	0.09248000000002321	epochs	3.0
1071.037280152588	0.17919999999980973	epochs	2.0
1071.037280152588	0.09047999999984313	epochs	3.0
1071.1277601525878	0.0887199999999666	epochs	3.0
1071.2164801525878	0.17208000000005086	epochs	2.0
1071.2164801525878	0.08688000000006468	epochs	3.0
1071.3033601525879	0.08519999999998618	epochs	3.0
1071.3885601525878	0.165520000000015	epochs	2.0
1071.3885601525878	0.08360000000016043	epochs	3.0
1071.472160152588	0.08191999999985455	epochs	3.0
1071.5540801525879	0.1595199999999295	epochs	2.0
1071.5540801525879	0.0804800000000796	epochs	3.0
1071.634560152588	0.0790399999998499	epochs	3.0
1071.7136001525878	0.15376000000014756	epochs	2.0
1071.7136001525878	0.07760000000007494	epochs	3.0
1071.7912001525879	0.07616000000007261	epochs	3.0
1071.867360152588	0.14855999999986125	epochs	2.0
1071.867360152588	0.07495999999991909	epochs	3.0
1071.9423201525879	0.07359999999994216	epochs	3.0
1072.0159201525878	0.14368000000013126	epochs	2.0
1072.0159201525878	0.0724800000000414	epochs	3.0
1072.0884001525878	0.07120000000008986	epochs	3.0
1072.159600152588	0.1390400000000227	epochs	2.0
1072.159600152588	0.07007999999996173	epochs	3.0
1072.229680152588	0.06896000000006097	epochs	3.0
1072.298640152588	0.13472000000001572	epochs	2.0
1072.298640152588	0.06791999999995824	epochs	3.0
1072.366560152588	0.06680000000005748	epochs	3.0
1072.433360152588	0.13071999999988293	epochs	2.0
1072.433360152588	0.06583999999998014	epochs	3.0
1072.499200152588	0.0648799999999028	epochs	3.0
1072.5640801525878	0.1268000000000029	epochs	2.0
1072.5640801525878	0.06384000000002743	epochs	3.0
1072.6279201525879	0.06295999999997548	epochs	3.0
1072.6908801525879	0.12328000000002248	epochs	2.0
1072.6908801525879	0.0620800000001509	epochs	3.0
1072.752960152588	0.06119999999987158	epochs	3.0
1072.8141601525879	0.11984000000006745	epochs	2.0
1072.8141601525879	0.060320000000047	epochs	3.0
1072.874480152588	0.059520000000020445	epochs	3.0
1072.934000152588	0.11663999999996122	epochs	2.0
1072.934000152588	0.05871999999999389	epochs	3.0
1072.992720152588	0.05791999999996733	epochs	3.0
1073.050640152588	0.11359999999990578	epochs	2.0
1073.050640152588	0.05719999999996617	epochs	3.0
1073.1078401525879	0.05639999999993961	epochs	3.0
1073.1642401525878	0.1107200000001285	epochs	2.0
1073.1642401525878	0.05568000000016582	epochs	3.0
1073.219920152588	0.055039999999962674	epochs	3.0
1073.274960152588	0.10791999999992186	epochs	2.0
1073.274960152588	0.05423999999993612	epochs	3.0
1073.3292001525879	0.05367999999998574	epochs	3.0
1073.3828801525879	0.10527999999999338	epochs	2.0
1073.3828801525879	0.052959999999984575	epochs	3.0
1073.4358401525878	0.052320000000008804	epochs	3.0
1073.4881601525879	0.10288000000014108	epochs	2.0
1073.4881601525879	0.051760000000058426	epochs	3.0
1073.539920152588	0.051120000000082655	epochs	3.0
1073.591040152588	0.10039999999980864	epochs	2.0
1073.591040152588	0.05047999999987951	epochs	3.0
1073.6415201525879	0.04991999999992913	epochs	3.0
1073.6914401525878	0.09824000000003252	epochs	2.0
1073.6914401525878	0.049359999999978754	epochs	3.0
1073.7408001525878	0.04888000000005377	epochs	3.0
1073.7896801525878	0.09600000000000364	epochs	2.0
1073.7896801525878	0.048240000000078	epochs	3.0
1073.837920152588	0.04775999999992564	epochs	3.0
1073.8856801525878	0.09392000000002554	epochs	2.0
1073.8856801525878	0.04719999999997526	epochs	3.0
1073.9328801525878	0.04672000000005028	epochs	3.0
1073.9796001525879	0.09192000000007283	epochs	2.0
1073.9796001525879	0.0461600000000999	epochs	3.0
1074.025760152588	0.04575999999997293	epochs	3.0
1074.071520152588	0.09007999999994354	epochs	2.0
1074.071520152588	0.04528000000004795	epochs	3.0
1074.116800152588	0.04479999999989559	epochs	3.0
1074.1616001525879	0.08816000000001623	epochs	2.0
1074.1616001525879	0.044319999999970605	epochs	3.0
1074.2059201525879	0.04384000000004562	epochs	3.0
1074.249760152588	0.08647999999993772	epochs	2.0
1074.249760152588	0.043439999999918655	epochs	3.0
1074.2932001525878	0.04304000000001906	epochs	3.0
1074.3362401525878	0.08472000000006119	epochs	2.0
1074.3362401525878	0.04256000000009408	epochs	3.0
1074.378800152588	0.04215999999996711	epochs	3.0
1074.420960152588	0.08320000000003347	epochs	2.0
1074.420960152588	0.04176000000006752	epochs	3.0
1074.462720152588	0.04143999999996595	epochs	3.0
1074.504160152588	0.08151999999995496	epochs	2.0
1074.504160152588	0.040960000000040964	epochs	3.0
1074.545120152588	0.040559999999914	epochs	3.0
1074.5856801525879	0.08007999999995263	epochs	2.0
1074.5856801525879	0.0402400000000398	epochs	3.0
1074.625920152588	0.039839999999912834	epochs	3.0
1074.6657601525878	0.0786399999999503	epochs	2.0
1074.6657601525878	0.039520000000038635	epochs	3.0
1074.7052801525879	0.03911999999991167	epochs	3.0
1074.7444001525878	0.07720000000017535	epochs	2.0
1074.7444001525878	0.03880000000003747	epochs	3.0
1074.7832001525878	0.03840000000013788	epochs	3.0
1074.821600152588	0.07591999999999643	epochs	2.0
1074.821600152588	0.038159999999834326	epochs	3.0
1074.8597601525878	0.03776000000016211	epochs	3.0
1074.897520152588	0.0745600000000195	epochs	2.0
1074.897520152588	0.03743999999983316	epochs	3.0
1074.9349601525878	0.03712000000018634	epochs	3.0
1074.972080152588	0.07335999999986598	epochs	2.0
1074.972080152588	0.03679999999985739	epochs	3.0
1075.0088801525878	0.036560000000008586	epochs	3.0
1075.0454401525878	0.07208000000014181	epochs	2.0
1075.0454401525878	0.036160000000108994	epochs	3.0
1075.081600152588	0.035920000000032815	epochs	3.0
1075.117520152588	0.07087999999998829	epochs	2.0
1075.117520152588	0.03559999999993124	epochs	3.0
1075.153120152588	0.035280000000057044	epochs	3.0
1075.188400152588	0.06983999999988555	epochs	2.0
1075.188400152588	0.035039999999980864	epochs	3.0
1075.223440152588	0.034799999999904685	epochs	3.0
1075.2582401525879	0.0686399999999594	epochs	2.0
1075.2582401525879	0.034480000000030486	epochs	3.0
1075.292720152588	0.034159999999928914	epochs	3.0
1075.3268801525878	0.06760000000008404	epochs	2.0
1075.3268801525878	0.03392000000008011	epochs	3.0
1075.360800152588	0.03368000000000393	epochs	3.0
1075.394480152588	0.0665599999999813	epochs	2.0
1075.394480152588	0.03343999999992775	epochs	3.0
1075.4279201525878	0.03312000000005355	epochs	3.0
1075.4610401525879	0.06559999999990396	epochs	2.0
1075.4610401525879	0.032960000000002765	epochs	3.0
1075.494000152588	0.03263999999990119	epochs	3.0
1075.5266401525878	0.0645600000000286	epochs	2.0
1075.5266401525878	0.03240000000005239	epochs	3.0
1075.5590401525878	0.03215999999997621	epochs	3.0
1075.5912001525878	0.06367999999997664	epochs	2.0
1075.5912001525878	0.032000000000152795	epochs	3.0
1075.623200152588	0.03167999999982385	epochs	3.0
1075.6548801525878	0.06272000000012667	epochs	2.0
1075.6548801525878	0.03144000000020242	epochs	3.0
1075.686320152588	0.03127999999992426	epochs	3.0
1075.717600152588	0.061840000000074724	epochs	2.0
1075.717600152588	0.03104000000007545	epochs	3.0
1075.748640152588	0.030799999999999272	epochs	3.0
1075.779440152588	0.0609599999997954	epochs	2.0
1075.779440152588	0.030559999999923093	epochs	3.0
1075.810000152588	0.030399999999872307	epochs	3.0
1075.8404001525878	0.060159999999996217	epochs	2.0
1075.8404001525878	0.0301600000000235	epochs	3.0
1075.8705601525878	0.029999999999972715	epochs	3.0
1075.9005601525878	0.05928000000017164	epochs	2.0
1075.9005601525878	0.029680000000098516	epochs	3.0
1075.9302401525879	0.029600000000073123	epochs	3.0
1075.959840152588	0.05847999999991771	epochs	2.0
1075.959840152588	0.029359999999996944	epochs	3.0
1075.989200152588	0.029119999999920765	epochs	3.0
1076.0183201525879	0.057759999999916545	epochs	2.0
1076.0183201525879	0.028960000000097352	epochs	3.0
1076.047280152588	0.028799999999819192	epochs	3.0
1076.0760801525878	0.05696000000011736	epochs	2.0
1076.0760801525878	0.02856000000019776	epochs	3.0
1076.104640152588	0.0283999999999196	epochs	3.0
1076.133040152588	0.05623999999988882	epochs	2.0
1076.133040152588	0.028160000000070795	epochs	3.0
1076.161200152588	0.02807999999981803	epochs	3.0
1076.1892801525878	0.05544000000008964	epochs	2.0
1076.1892801525878	0.027840000000196596	epochs	3.0
1076.217120152588	0.027599999999893043	epochs	3.0
1076.244720152588	0.05487999999991189	epochs	2.0
1076.244720152588	0.027520000000095024	epochs	3.0
1076.272240152588	0.027359999999816864	epochs	3.0
1076.2996001525878	0.054080000000112705	epochs	2.0
1076.2996001525878	0.027120000000195432	epochs	3.0
1076.326720152588	0.026959999999917272	epochs	3.0
1076.353680152588	0.05343999999990956	epochs	2.0
1076.353680152588	0.026799999999866486	epochs	3.0
1076.3804801525878	0.026640000000043074	epochs	3.0
1076.4071201525878	0.05287999999995918	epochs	2.0
1076.4071201525878	0.026479999999992287	epochs	3.0
1076.4336001525878	0.026399999999966894	epochs	3.0
1076.4600001525878	0.05216000000018539	epochs	2.0
1076.4600001525878	0.02616000000011809	epochs	3.0
1076.486160152588	0.026000000000067303	epochs	3.0
1076.512160152588	0.05151999999998225	epochs	2.0
1076.512160152588	0.025840000000016516	epochs	3.0
1076.538000152588	0.02567999999996573	epochs	3.0
1076.563680152588	0.05096000000003187	epochs	2.0
1076.563680152588	0.025599999999940337	epochs	3.0
1076.589280152588	0.02536000000009153	epochs	3.0
1076.614640152588	0.05039999999985412	epochs	2.0
1076.614640152588	0.025279999999838765	epochs	3.0
1076.6399201525878	0.025120000000015352	epochs	3.0
1076.6650401525878	0.04976000000010572	epochs	2.0
1076.6650401525878	0.024959999999964566	epochs	3.0
1076.6900001525878	0.024800000000141154	epochs	3.0
1076.714800152588	0.04919999999992797	epochs	2.0
1076.714800152588	0.024639999999862994	epochs	3.0
1076.7394401525878	0.024560000000064974	epochs	3.0
1076.7640001525879	0.04872000000000298	epochs	2.0
1076.7640001525879	0.024400000000014188	epochs	3.0
1076.7884001525879	0.024319999999988795	epochs	3.0
1076.8127201525879	0.04808000000002721	epochs	2.0
1076.8127201525879	0.024079999999912616	epochs	3.0
1076.8368001525878	0.024000000000114596	epochs	3.0
1076.860800152588	0.04760000000010223	epochs	2.0
1076.860800152588	0.02384000000006381	epochs	3.0
1076.884640152588	0.023760000000038417	epochs	3.0
1076.908400152588	0.04711999999994987	epochs	2.0
1076.908400152588	0.02359999999998763	epochs	3.0
1076.932000152588	0.023519999999962238	epochs	3.0
1076.955520152588	0.04655999999999949	epochs	2.0
1076.955520152588	0.02335999999991145	epochs	3.0
1076.9788801525879	0.02320000000008804	epochs	3.0
1077.002080152588	0.04607999999984713	epochs	2.0
1077.002080152588	0.023119999999835272	epochs	3.0
1077.0252001525878	0.02296000000001186	epochs	3.0
1077.0481601525878	0.04560000000014952	epochs	2.0
1077.0481601525878	0.022879999999986467	epochs	3.0
1077.0710401525878	0.022720000000163054	epochs	3.0
1077.093760152588	0.04511999999999716	epochs	2.0
1077.093760152588	0.022639999999910287	epochs	3.0
1077.1164001525879	0.022480000000086875	epochs	3.0
1077.138880152588	0.044639999999844804	epochs	2.0
1077.138880152588	0.022400000000061482	epochs	3.0
1077.161280152588	0.022239999999783322	epochs	3.0
1077.1835201525878	0.044240000000172586	epochs	2.0
1077.1835201525878	0.022160000000212676	epochs	3.0
1077.205680152588	0.02207999999995991	epochs	3.0
1077.227760152588	0.04376000000002023	epochs	2.0
1077.227760152588	0.021919999999909123	epochs	3.0
1077.2496801525879	0.021840000000111104	epochs	3.0
1077.271520152588	0.04335999999989326	epochs	2.0
1077.271520152588	0.021759999999858337	epochs	3.0
1077.2932801525878	0.021600000000034925	epochs	3.0
1077.3148801525879	0.04287999999996828	epochs	2.0
1077.3148801525879	0.02143999999998414	epochs	3.0
1077.3363201525879	0.02143999999998414	epochs	3.0
1077.3577601525878	0.042480000000068685	epochs	2.0
1077.3577601525878	0.021280000000160726	epochs	3.0
1077.379040152588	0.02119999999990796	epochs	3.0
1077.400240152588	0.04207999999994172	epochs	2.0
1077.400240152588	0.021040000000084547	epochs	3.0
1077.421280152588	0.021039999999857173	epochs	3.0
1077.4423201525879	0.04168000000004213	epochs	2.0
1077.4423201525879	0.02088000000003376	epochs	3.0
1077.463200152588	0.020800000000008367	epochs	3.0
1077.484000152588	0.04119999999988977	epochs	2.0
1077.484000152588	0.02063999999995758	epochs	3.0
1077.5046401525879	0.020559999999932188	epochs	3.0
1077.5252001525878	0.04088000000001557	epochs	2.0
1077.5252001525878	0.020560000000159562	epochs	3.0
1077.545760152588	0.02031999999985601	epochs	3.0
1077.5660801525878	0.04056000000014137	epochs	2.0
1077.5660801525878	0.020320000000083382	epochs	3.0
1077.5864001525879	0.02024000000005799	epochs	3.0
1077.606640152588	0.04007999999998901	epochs	2.0
1077.606640152588	0.020080000000007203	epochs	3.0
1077.626720152588	0.01999999999998181	epochs	3.0
1077.646720152588	0.03975999999988744	epochs	2.0
1077.646720152588	0.019919999999956417	epochs	3.0
1077.666640152588	0.019839999999931024	epochs	3.0
1077.6864801525878	0.03944000000001324	epochs	2.0
1077.6864801525878	0.019760000000133005	epochs	3.0
1077.706240152588	0.019679999999880238	epochs	3.0
1077.7259201525878	0.03904000000011365	epochs	2.0
1077.7259201525878	0.019520000000056825	epochs	3.0
1077.745440152588	0.019520000000056825	epochs	3.0
1077.764960152588	0.038639999999986685	epochs	2.0
1077.764960152588	0.01936000000000604	epochs	3.0
1077.784320152588	0.019279999999980646	epochs	3.0
1077.803600152588	0.038399999999910506	epochs	2.0
1077.803600152588	0.019279999999980646	epochs	3.0
1077.822880152588	0.01911999999992986	epochs	3.0
1077.8420001525878	0.038000000000010914	epochs	2.0
1077.8420001525878	0.01904000000013184	epochs	3.0
1077.861040152588	0.018959999999879074	epochs	3.0
1077.8800001525879	0.037680000000136715	epochs	2.0
1077.8800001525879	0.018880000000081054	epochs	3.0
1077.898880152588	0.01880000000005566	epochs	3.0
1077.917680152588	0.03735999999980777	epochs	2.0
1077.917680152588	0.018719999999802894	epochs	3.0
1077.9364001525878	0.018640000000004875	epochs	3.0
1077.9550401525878	0.037040000000160944	epochs	2.0
1077.9550401525878	0.018560000000206855	epochs	3.0
1077.973600152588	0.01847999999995409	epochs	3.0
1077.992080152588	0.036719999999832	epochs	2.0
1077.992080152588	0.018399999999928696	epochs	3.0
1078.010480152588	0.018319999999903303	epochs	3.0
1078.0288001525878	0.036480000000210566	epochs	2.0
1078.0288001525878	0.018240000000105283	epochs	3.0
1078.047040152588	0.018240000000105283	epochs	3.0
1078.065280152588	0.03607999999985623	epochs	2.0
1078.065280152588	0.018079999999827123	epochs	3.0
1078.0833601525878	0.018000000000029104	epochs	3.0
1078.1013601525879	0.03584000000000742	epochs	2.0
1078.1013601525879	0.01792000000000371	epochs	3.0
1078.1192801525879	0.01792000000000371	epochs	3.0
1078.1372001525879	0.03552000000013322	epochs	2.0
1078.1372001525879	0.017759999999952925	epochs	3.0
1078.1549601525878	0.017760000000180298	epochs	3.0
1078.172720152588	0.03519999999980428	epochs	2.0
1078.172720152588	0.01767999999992753	epochs	3.0
1078.190400152588	0.017519999999876745	epochs	3.0
1078.2079201525878	0.034960000000182845	epochs	2.0
1078.2079201525878	0.01752000000010412	epochs	3.0
1078.225440152588	0.017440000000078726	epochs	3.0
1078.242880152588	0.03471999999987929	epochs	2.0
1078.242880152588	0.017439999999851352	epochs	3.0
1078.2603201525878	0.01728000000002794	epochs	3.0
1078.2776001525879	0.03440000000000509	epochs	2.0
1078.2776001525879	0.017200000000002547	epochs	3.0
1078.2948001525879	0.017200000000002547	epochs	3.0
1078.3120001525879	0.034159999999928914	epochs	2.0
1078.3120001525879	0.017119999999977153	epochs	3.0
1078.3291201525878	0.01703999999995176	epochs	3.0
1078.3461601525878	0.033840000000054715	epochs	2.0
1078.3461601525878	0.01696000000015374	epochs	3.0
1078.363120152588	0.016879999999900974	epochs	3.0
1078.3800001525879	0.033599999999978536	epochs	2.0
1078.3800001525879	0.016800000000102955	epochs	3.0
1078.396800152588	0.01679999999987558	epochs	3.0
1078.4136001525878	0.03336000000012973	epochs	2.0
1078.4136001525878	0.01672000000007756	epochs	3.0
1078.430320152588	0.01664000000005217	epochs	3.0
1078.446960152588	0.03311999999982618	epochs	2.0
1078.446960152588	0.016560000000026776	epochs	3.0
1078.463520152588	0.016559999999799402	epochs	3.0
1078.4800801525878	0.03280000000017935	epochs	2.0
1078.4800801525878	0.016400000000203363	epochs	3.0
1078.496480152588	0.01639999999997599	epochs	3.0
1078.512880152588	0.0325599999998758	epochs	2.0
1078.512880152588	0.016319999999950596	epochs	3.0
1078.529200152588	0.016239999999925203	epochs	3.0
1078.5454401525878	0.03240000000005239	epochs	2.0
1078.5454401525878	0.016240000000152577	epochs	3.0
1078.561680152588	0.01615999999989981	epochs	3.0
1078.577840152588	0.032079999999950815	epochs	2.0
1078.577840152588	0.01608000000010179	epochs	3.0
1078.593920152588	0.015999999999849024	epochs	3.0
1078.6099201525878	0.0319200000001274	epochs	2.0
1078.6099201525878	0.016000000000076398	epochs	3.0
1078.625920152588	0.015920000000051004	epochs	3.0
1078.641840152588	0.03160000000002583	epochs	2.0
1078.641840152588	0.01584000000002561	epochs	3.0
1078.657680152588	0.01576000000000022	epochs	3.0
1078.673440152588	0.03143999999997504	epochs	2.0
1078.673440152588	0.01576000000000022	epochs	3.0
1078.689200152588	0.015679999999974825	epochs	3.0
1078.704880152588	0.031199999999898864	epochs	2.0
1078.704880152588	0.015599999999949432	epochs	3.0
1078.720480152588	0.015599999999949432	epochs	3.0
1078.7360801525879	0.03096000000005006	epochs	2.0
1078.7360801525879	0.015519999999924039	epochs	3.0
1078.7516001525878	0.01544000000012602	epochs	3.0
1078.767040152588	0.03071999999997388	epochs	2.0
1078.767040152588	0.015439999999898646	epochs	3.0
1078.7824801525878	0.015280000000075233	epochs	3.0
1078.797760152588	0.030559999999923093	epochs	2.0
1078.797760152588	0.015360000000100626	epochs	3.0
1078.813120152588	0.015199999999822467	epochs	3.0
1078.8283201525878	0.030320000000074288	epochs	2.0
1078.8283201525878	0.01520000000004984	epochs	3.0
1078.8435201525879	0.015120000000024447	epochs	3.0
1078.858640152588	0.030079999999998108	epochs	2.0
1078.858640152588	0.015120000000024447	epochs	3.0
1078.873760152588	0.014959999999973661	epochs	3.0
1078.888720152588	0.029919999999947322	epochs	2.0
1078.888720152588	0.015039999999999054	epochs	3.0
1078.903760152588	0.014879999999948268	epochs	3.0
1078.9186401525878	0.029680000000098516	epochs	2.0
1078.9186401525878	0.014879999999948268	epochs	3.0
1078.9335201525878	0.014800000000150249	epochs	3.0
1078.948320152588	0.02952000000004773	epochs	2.0
1078.948320152588	0.014799999999922875	epochs	3.0
1078.9631201525879	0.014720000000124855	epochs	3.0
1078.977840152588	0.02927999999997155	epochs	2.0
1078.977840152588	0.014719999999897482	epochs	3.0
1078.9925601525879	0.01456000000007407	epochs	3.0
1079.007120152588	0.029119999999920765	epochs	2.0
1079.007120152588	0.014639999999872089	epochs	3.0
1079.0217601525878	0.014480000000048676	epochs	3.0
1079.0362401525879	0.028960000000097352	epochs	2.0
1079.0362401525879	0.014480000000048676	epochs	3.0
1079.050720152588	0.014480000000048676	epochs	3.0
1079.065200152588	0.02863999999999578	epochs	2.0
1079.065200152588	0.01431999999999789	epochs	3.0
1079.079520152588	0.01431999999999789	epochs	3.0
1079.093840152588	0.028559999999970387	epochs	2.0
1079.093840152588	0.01431999999999789	epochs	3.0
1079.108160152588	0.014239999999972497	epochs	3.0
1079.122400152588	0.028319999999894208	epochs	2.0
1079.122400152588	0.014159999999947104	epochs	3.0
1079.136560152588	0.014159999999947104	epochs	3.0
1079.1507201525878	0.028160000000070795	epochs	2.0
1079.1507201525878	0.014159999999947104	epochs	3.0
1079.1648801525878	0.014000000000123691	epochs	3.0
1079.178880152588	0.02800000000002001	epochs	2.0
1079.178880152588	0.013999999999896318	epochs	3.0
1079.1928801525878	0.014000000000123691	epochs	3.0
1079.206880152588	0.02775999999994383	epochs	2.0
1079.206880152588	0.013919999999870925	epochs	3.0
1079.2208001525878	0.013840000000072905	epochs	3.0
1079.2346401525879	0.027679999999918437	epochs	2.0
1079.2346401525879	0.013840000000072905	epochs	3.0
1079.248480152588	0.013839999999845531	epochs	3.0
1079.2623201525878	0.02744000000006963	epochs	2.0
1079.2623201525878	0.013760000000047512	epochs	3.0
1079.2760801525878	0.013680000000022119	epochs	3.0
1079.2897601525879	0.027280000000018845	epochs	2.0
1079.2897601525879	0.013680000000022119	epochs	3.0
1079.3034401525879	0.013599999999996726	epochs	3.0
1079.3170401525879	0.02711999999996806	epochs	2.0
1079.3170401525879	0.013519999999971333	epochs	3.0
1079.3305601525879	0.013599999999996726	epochs	3.0
1079.3441601525878	0.026880000000119253	epochs	2.0
1079.3441601525878	0.01343999999994594	epochs	3.0
1079.3576001525878	0.013440000000173313	epochs	3.0
1079.371040152588	0.026799999999866486	epochs	2.0
1079.371040152588	0.01343999999994594	epochs	3.0
1079.384480152588	0.013359999999920547	epochs	3.0
1079.3978401525878	0.02656000000001768	epochs	2.0
1079.3978401525878	0.013280000000122527	epochs	3.0
1079.411120152588	0.013279999999895153	epochs	3.0
1079.4244001525879	0.026479999999992287	epochs	2.0
1079.4244001525879	0.013280000000122527	epochs	3.0
1079.437680152588	0.01319999999986976	epochs	3.0
1079.4508801525878	0.026240000000143482	epochs	2.0
1079.4508801525878	0.013120000000071741	epochs	3.0
1079.464000152588	0.013120000000071741	epochs	3.0
1079.477120152588	0.026159999999890715	epochs	2.0
1079.477120152588	0.013119999999844367	epochs	3.0
1079.4902401525878	0.013040000000046348	epochs	3.0
1079.5032801525879	0.026000000000067303	epochs	2.0
1079.5032801525879	0.013040000000046348	epochs	3.0
1079.516320152588	0.012960000000020955	epochs	3.0
1079.529280152588	0.025759999999991123	epochs	2.0
1079.529280152588	0.012879999999995562	epochs	3.0
1079.542160152588	0.012879999999995562	epochs	3.0
1079.555040152588	0.02567999999996573	epochs	2.0
1079.555040152588	0.012879999999995562	epochs	3.0
1079.567920152588	0.012799999999970169	epochs	3.0
1079.580720152588	0.025519999999914944	epochs	2.0
1079.580720152588	0.012799999999970169	epochs	3.0
1079.5935201525879	0.012719999999944775	epochs	3.0
1079.6062401525878	0.02536000000009153	epochs	2.0
1079.6062401525878	0.01272000000017215	epochs	3.0
1079.618960152588	0.012639999999919382	epochs	3.0
1079.631600152588	0.025200000000040745	epochs	2.0
1079.631600152588	0.012639999999919382	epochs	3.0
1079.6442401525878	0.012560000000121363	epochs	3.0
1079.656800152588	0.0245599999998376	epochs	2.0
1079.6805278525878	0.5	epochs	-1.0
1079.6813601525878	0.999920000000202	epochs	1.0
1080.1805278525878	0.5	epochs	-1.0
1081.8000001907349	0.09135999999989508	epochs	0.0
1081.8000001907349	0.04063999999993939	epochs	1.0
1081.8406401907348	0.010080000000016298	epochs	1.0
1081.8507201907348	0.04063999999993939	epochs	1.0
1081.8913601907348	2.0	epochs	0.0
1083.8913601907348	0.5276000000001204	epochs	0.0
1083.8913601907348	0.5276000000001204	epochs	1.0
1083.8914078907349	0.5	epochs	-1.0
1084.3914078907349	0.027552300000024843	epochs	-1.0
1084.4189601907349	21.47232000000008	epochs	0.0
1085.7160000801086	0.09135999999989508	epochs	0.0
1085.7160000801086	0.04063999999993939	epochs	1.0
1085.7566400801086	0.010080000000016298	epochs	1.0
1085.7667200801086	0.04063999999993939	epochs	1.0
1085.8073600801085	2.0	epochs	0.0
1087.8073600801085	0.528400000000147	epochs	0.0
1087.8073600801085	0.528400000000147	epochs	1.0
1087.8074077801086	0.5	epochs	-1.0
1088.3074077801086	0.0283523000000514	epochs	-1.0
1088.3357600801087	21.471520000000055	epochs	0.0
1089.483000278473	0.09135999999989508	epochs	0.0
1089.483000278473	0.04063999999993939	epochs	1.0
1089.5236402784728	0.010080000000016298	epochs	1.0
1089.5337202784729	0.04063999999993939	epochs	1.0
1089.5743602784728	2.0	epochs	0.0
1091.5743602784728	0.5281600000000708	epochs	0.0
1091.5743602784728	0.5281600000000708	epochs	1.0
1091.574407978473	0.5	epochs	-1.0
1092.074407978473	0.02811229999997522	epochs	-1.0
1092.1025202784729	21.47176000000013	epochs	0.0
1093.3330001831055	0.09135999999989508	epochs	0.0
1093.3330001831055	0.04063999999993939	epochs	1.0
1093.3736401831054	0.010080000000016298	epochs	1.0
1093.3837201831054	0.04063999999993939	epochs	1.0
1093.4243601831054	2.0	epochs	0.0
1095.4243601831054	0.5281600000000708	epochs	0.0
1095.4243601831054	0.5281600000000708	epochs	1.0
1095.4244078831055	0.5	epochs	-1.0
1095.9244078831055	0.02811229999997522	epochs	-1.0
1095.9525201831054	21.47176000000013	epochs	0.0
1097.1490001678467	0.09135999999989508	epochs	0.0
1097.1490001678467	0.04063999999993939	epochs	1.0
1097.1896401678466	0.010080000000016298	epochs	1.0
1097.1997201678466	0.04063999999993939	epochs	1.0
1097.2403601678466	2.0	epochs	0.0
1099.2403601678466	21.999920000000202	epochs	0.0
1099.2403601678466	1.0	epochs	1.0
1099.2404078678467	0.5	epochs	-1.0
1099.7404078678467	19.999119999999948	epochs	-1.0
1100.2403601678466	20.0	epochs	1.0
1100.2403601678466	8.000000002539309e-05	epochs	2.0
1100.2404401678466	4.356719999999996	epochs	-1.0
1100.2404401678466	1.9745600000001104	epochs	2.0
1100.2404401678466	1.098560000000134	epochs	3.0
1101.3390001678467	0.8759999999999764	epochs	3.0
1102.2150001678467	1.3523999999999887	epochs	2.0
1102.2150001678467	0.7286400000000413	epochs	3.0
1102.9436401678468	0.6237599999999475	epochs	3.0
1103.5674001678467	1.0297599999998965	epochs	2.0
1103.5674001678467	0.5453600000000733	epochs	3.0
1104.1127601678468	0.4843999999998232	epochs	3.0
1104.5971601678466	0.8317600000000311	epochs	2.0
1104.5971601678466	0.435760000000073	epochs	3.0
1105.0329201678467	0.39599999999995816	epochs	3.0
1105.4289201678466	0.697840000000042	epochs	2.0
1105.4289201678466	0.362880000000132	epochs	3.0
1105.7918001678468	0.33495999999991	epochs	3.0
1106.1267601678467	0.6010400000000118	epochs	2.0
1106.1267601678467	0.3108799999999974	epochs	3.0
1106.4376401678467	0.2901600000000144	epochs	3.0
1106.7278001678467	0.5278399999999692	epochs	2.0
1106.7278001678467	0.2719199999999091	epochs	3.0
1106.9997201678466	0.2559200000000601	epochs	3.0
1107.2556401678467	0.47064000000000306	epochs	2.0
1107.2556401678467	0.2416800000000876	epochs	3.0
1107.4973201678467	0.22895999999991545	epochs	3.0
1107.7262801678467	0.42455999999992855	epochs	2.0
1107.7262801678467	0.2174400000001242	epochs	3.0
1107.9437201678468	0.20711999999980435	epochs	3.0
1108.1508401678466	0.3867200000001958	epochs	2.0
1108.1508401678466	0.1976799999999912	epochs	3.0
1108.3485201678466	0.1890400000002046	epochs	3.0
1108.5375601678468	0.3551199999999426	epochs	2.0
1108.5375601678468	0.1811999999999898	epochs	3.0
1108.7187601678468	0.17391999999995278	epochs	3.0
1108.8926801678467	0.3282400000000507	epochs	2.0
1108.8926801678467	0.16719999999986612	epochs	3.0
1109.0598801678466	0.1610400000001846	epochs	3.0
1109.2209201678468	0.30520000000001346	epochs	2.0
1109.2209201678468	0.1552799999999479	epochs	3.0
1109.3762001678467	0.14992000000006556	epochs	3.0
1109.5261201678468	0.28512000000000626	epochs	2.0
1109.5261201678468	0.14487999999983003	epochs	3.0
1109.6710001678466	0.14024000000017622	epochs	3.0
1109.8112401678468	0.26751999999987675	epochs	2.0
1109.8112401678468	0.13583999999991647	epochs	3.0
1109.9470801678467	0.13167999999996027	epochs	3.0
1110.0787601678467	0.2520799999999781	epochs	2.0
1110.0787601678467	0.12784000000010565	epochs	3.0
1110.2066001678468	0.12423999999987245	epochs	3.0
1110.3308401678466	0.23816000000010717	epochs	2.0
1110.3308401678466	0.1207200000001194	epochs	3.0
1110.4515601678468	0.11743999999998778	epochs	3.0
1110.5690001678468	0.22583999999983462	epochs	2.0
1110.5690001678468	0.11439999999993233	epochs	3.0
1110.6834001678467	0.11143999999990228	epochs	3.0
1110.7948401678466	0.21464000000014494	epochs	2.0
1110.7948401678466	0.1086400000001504	epochs	3.0
1110.9034801678467	0.10599999999999454	epochs	3.0
1111.0094801678467	0.20447999999987587	epochs	2.0
1111.0094801678467	0.10343999999986409	epochs	3.0
1111.1129201678466	0.10104000000001179	epochs	3.0
1111.2139601678466	0.1953600000001643	epochs	2.0
1111.2139601678466	0.0987999999999829	epochs	3.0
1111.3127601678466	0.09656000000018139	epochs	3.0
1111.4093201678468	0.18695999999999913	epochs	2.0
1111.4093201678468	0.09447999999997592	epochs	3.0
1111.5038001678467	0.09248000000002321	epochs	3.0
1111.5962801678468	0.17919999999980973	epochs	2.0
1111.5962801678468	0.09047999999984313	epochs	3.0
1111.6867601678466	0.0887199999999666	epochs	3.0
1111.7754801678466	0.17208000000005086	epochs	2.0
1111.7754801678466	0.08688000000006468	epochs	3.0
1111.8623601678466	0.08519999999998618	epochs	3.0
1111.9475601678466	0.165520000000015	epochs	2.0
1111.9475601678466	0.08360000000016043	epochs	3.0
1112.0311601678468	0.08191999999985455	epochs	3.0
1112.1130801678466	0.1595199999999295	epochs	2.0
1112.1130801678466	0.0804800000000796	epochs	3.0
1112.1935601678467	0.0790399999998499	epochs	3.0
1112.2726001678466	0.15376000000014756	epochs	2.0
1112.2726001678466	0.07760000000007494	epochs	3.0
1112.3502001678467	0.07616000000007261	epochs	3.0
1112.4263601678467	0.14855999999986125	epochs	2.0
1112.4263601678467	0.07495999999991909	epochs	3.0
1112.5013201678466	0.07359999999994216	epochs	3.0
1112.5749201678466	0.14368000000013126	epochs	2.0
1112.5749201678466	0.0724800000000414	epochs	3.0
1112.6474001678466	0.07120000000008986	epochs	3.0
1112.7186001678467	0.1390400000000227	epochs	2.0
1112.7186001678467	0.07007999999996173	epochs	3.0
1112.7886801678467	0.06896000000006097	epochs	3.0
1112.8576401678467	0.13472000000001572	epochs	2.0
1112.8576401678467	0.06791999999995824	epochs	3.0
1112.9255601678467	0.06680000000005748	epochs	3.0
1112.9923601678468	0.13071999999988293	epochs	2.0
1112.9923601678468	0.06583999999998014	epochs	3.0
1113.0582001678467	0.0648799999999028	epochs	3.0
1113.1230801678466	0.1268000000000029	epochs	2.0
1113.1230801678466	0.06384000000002743	epochs	3.0
1113.1869201678467	0.06295999999997548	epochs	3.0
1113.2498801678466	0.12328000000002248	epochs	2.0
1113.2498801678466	0.0620800000001509	epochs	3.0
1113.3119601678468	0.06119999999987158	epochs	3.0
1113.3731601678467	0.11984000000006745	epochs	2.0
1113.3731601678467	0.060320000000047	epochs	3.0
1113.4334801678467	0.059520000000020445	epochs	3.0
1113.4930001678467	0.11663999999996122	epochs	2.0
1113.4930001678467	0.05871999999999389	epochs	3.0
1113.5517201678467	0.05791999999996733	epochs	3.0
1113.6096401678467	0.11359999999990578	epochs	2.0
1113.6096401678467	0.05719999999996617	epochs	3.0
1113.6668401678467	0.05639999999993961	epochs	3.0
1113.7232401678466	0.1107200000001285	epochs	2.0
1113.7232401678466	0.05568000000016582	epochs	3.0
1113.7789201678468	0.055039999999962674	epochs	3.0
1113.8339601678467	0.10791999999992186	epochs	2.0
1113.8339601678467	0.05423999999993612	epochs	3.0
1113.8882001678467	0.05367999999998574	epochs	3.0
1113.9418801678466	0.10527999999999338	epochs	2.0
1113.9418801678466	0.052959999999984575	epochs	3.0
1113.9948401678466	0.052320000000008804	epochs	3.0
1114.0471601678466	0.10288000000014108	epochs	2.0
1114.0471601678466	0.051760000000058426	epochs	3.0
1114.0989201678467	0.051120000000082655	epochs	3.0
1114.1500401678468	0.10039999999980864	epochs	2.0
1114.1500401678468	0.05047999999987951	epochs	3.0
1114.2005201678467	0.04991999999992913	epochs	3.0
1114.2504401678466	0.09824000000003252	epochs	2.0
1114.2504401678466	0.049359999999978754	epochs	3.0
1114.2998001678466	0.04888000000005377	epochs	3.0
1114.3486801678466	0.09600000000000364	epochs	2.0
1114.3486801678466	0.048240000000078	epochs	3.0
1114.3969201678467	0.04775999999992564	epochs	3.0
1114.4446801678466	0.09392000000002554	epochs	2.0
1114.4446801678466	0.04719999999997526	epochs	3.0
1114.4918801678466	0.04672000000005028	epochs	3.0
1114.5386001678467	0.09192000000007283	epochs	2.0
1114.5386001678467	0.0461600000000999	epochs	3.0
1114.5847601678468	0.04575999999997293	epochs	3.0
1114.6305201678467	0.09007999999994354	epochs	2.0
1114.6305201678467	0.04528000000004795	epochs	3.0
1114.6758001678468	0.04479999999989559	epochs	3.0
1114.7206001678467	0.08816000000001623	epochs	2.0
1114.7206001678467	0.044319999999970605	epochs	3.0
1114.7649201678466	0.04384000000004562	epochs	3.0
1114.8087601678467	0.08647999999993772	epochs	2.0
1114.8087601678467	0.043439999999918655	epochs	3.0
1114.8522001678466	0.04304000000001906	epochs	3.0
1114.8952401678466	0.08472000000006119	epochs	2.0
1114.8952401678466	0.04256000000009408	epochs	3.0
1114.9378001678467	0.04215999999996711	epochs	3.0
1114.9799601678467	0.08320000000003347	epochs	2.0
1114.9799601678467	0.04176000000006752	epochs	3.0
1115.0217201678468	0.04143999999996595	epochs	3.0
1115.0631601678467	0.08151999999995496	epochs	2.0
1115.0631601678467	0.040960000000040964	epochs	3.0
1115.1041201678468	0.040559999999914	epochs	3.0
1115.1446801678467	0.08007999999995263	epochs	2.0
1115.1446801678467	0.0402400000000398	epochs	3.0
1115.1849201678467	0.039839999999912834	epochs	3.0
1115.2247601678466	0.0786399999999503	epochs	2.0
1115.2247601678466	0.039520000000038635	epochs	3.0
1115.2642801678467	0.03911999999991167	epochs	3.0
1115.3034001678466	0.07720000000017535	epochs	2.0
1115.3034001678466	0.03880000000003747	epochs	3.0
1115.3422001678466	0.03840000000013788	epochs	3.0
1115.3806001678468	0.07591999999999643	epochs	2.0
1115.3806001678468	0.038159999999834326	epochs	3.0
1115.4187601678466	0.03776000000016211	epochs	3.0
1115.4565201678467	0.0745600000000195	epochs	2.0
1115.4565201678467	0.03743999999983316	epochs	3.0
1115.4939601678466	0.03712000000018634	epochs	3.0
1115.5310801678468	0.07335999999986598	epochs	2.0
1115.5310801678468	0.03679999999985739	epochs	3.0
1115.5678801678466	0.036560000000008586	epochs	3.0
1115.6044401678466	0.07208000000014181	epochs	2.0
1115.6044401678466	0.036160000000108994	epochs	3.0
1115.6406001678467	0.035920000000032815	epochs	3.0
1115.6765201678468	0.07087999999998829	epochs	2.0
1115.6765201678468	0.03559999999993124	epochs	3.0
1115.7121201678467	0.035280000000057044	epochs	3.0
1115.7474001678468	0.06983999999988555	epochs	2.0
1115.7474001678468	0.035039999999980864	epochs	3.0
1115.7824401678467	0.034799999999904685	epochs	3.0
1115.8172401678466	0.0686399999999594	epochs	2.0
1115.8172401678466	0.034480000000030486	epochs	3.0
1115.8517201678467	0.034159999999928914	epochs	3.0
1115.8858801678466	0.06760000000008404	epochs	2.0
1115.8858801678466	0.03392000000008011	epochs	3.0
1115.9198001678467	0.03368000000000393	epochs	3.0
1115.9534801678467	0.0665599999999813	epochs	2.0
1115.9534801678467	0.03343999999992775	epochs	3.0
1115.9869201678466	0.03312000000005355	epochs	3.0
1116.0200401678467	0.06559999999990396	epochs	2.0
1116.0200401678467	0.032960000000002765	epochs	3.0
1116.0530001678467	0.03263999999990119	epochs	3.0
1116.0856401678466	0.0645600000000286	epochs	2.0
1116.0856401678466	0.03240000000005239	epochs	3.0
1116.1180401678466	0.03215999999997621	epochs	3.0
1116.1502001678466	0.06367999999997664	epochs	2.0
1116.1502001678466	0.032000000000152795	epochs	3.0
1116.1822001678468	0.03167999999982385	epochs	3.0
1116.2138801678466	0.06272000000012667	epochs	2.0
1116.2138801678466	0.03144000000020242	epochs	3.0
1116.2453201678468	0.03127999999992426	epochs	3.0
1116.2766001678467	0.061840000000074724	epochs	2.0
1116.2766001678467	0.03104000000007545	epochs	3.0
1116.3076401678468	0.030799999999999272	epochs	3.0
1116.3384401678468	0.0609599999997954	epochs	2.0
1116.3384401678468	0.030559999999923093	epochs	3.0
1116.3690001678467	0.030399999999872307	epochs	3.0
1116.3994001678466	0.060159999999996217	epochs	2.0
1116.3994001678466	0.0301600000000235	epochs	3.0
1116.4295601678466	0.029999999999972715	epochs	3.0
1116.4595601678466	0.05928000000017164	epochs	2.0
1116.4595601678466	0.029680000000098516	epochs	3.0
1116.4892401678467	0.029600000000073123	epochs	3.0
1116.5188401678467	0.05847999999991771	epochs	2.0
1116.5188401678467	0.029359999999996944	epochs	3.0
1116.5482001678467	0.029119999999920765	epochs	3.0
1116.5773201678467	0.057759999999916545	epochs	2.0
1116.5773201678467	0.028960000000097352	epochs	3.0
1116.6062801678468	0.028799999999819192	epochs	3.0
1116.6350801678466	0.05696000000011736	epochs	2.0
1116.6350801678466	0.02856000000019776	epochs	3.0
1116.6636401678468	0.0283999999999196	epochs	3.0
1116.6920401678467	0.05623999999988882	epochs	2.0
1116.6920401678467	0.028160000000070795	epochs	3.0
1116.7202001678468	0.02807999999981803	epochs	3.0
1116.7482801678466	0.05544000000008964	epochs	2.0
1116.7482801678466	0.027840000000196596	epochs	3.0
1116.7761201678468	0.027599999999893043	epochs	3.0
1116.8037201678467	0.05487999999991189	epochs	2.0
1116.8037201678467	0.027520000000095024	epochs	3.0
1116.8312401678468	0.027359999999816864	epochs	3.0
1116.8586001678466	0.054080000000112705	epochs	2.0
1116.8586001678466	0.027120000000195432	epochs	3.0
1116.8857201678468	0.026959999999917272	epochs	3.0
1116.9126801678467	0.05343999999990956	epochs	2.0
1116.9126801678467	0.026799999999866486	epochs	3.0
1116.9394801678466	0.026640000000043074	epochs	3.0
1116.9661201678466	0.05287999999995918	epochs	2.0
1116.9661201678466	0.026479999999992287	epochs	3.0
1116.9926001678466	0.026399999999966894	epochs	3.0
1117.0190001678466	0.05216000000018539	epochs	2.0
1117.0190001678466	0.02616000000011809	epochs	3.0
1117.0451601678467	0.026000000000067303	epochs	3.0
1117.0711601678468	0.05151999999998225	epochs	2.0
1117.0711601678468	0.025840000000016516	epochs	3.0
1117.0970001678468	0.02567999999996573	epochs	3.0
1117.1226801678467	0.05096000000003187	epochs	2.0
1117.1226801678467	0.025599999999940337	epochs	3.0
1117.1482801678467	0.02536000000009153	epochs	3.0
1117.1736401678468	0.05039999999985412	epochs	2.0
1117.1736401678468	0.025279999999838765	epochs	3.0
1117.1989201678466	0.025120000000015352	epochs	3.0
1117.2240401678466	0.04976000000010572	epochs	2.0
1117.2240401678466	0.024959999999964566	epochs	3.0
1117.2490001678466	0.024800000000141154	epochs	3.0
1117.2738001678467	0.04919999999992797	epochs	2.0
1117.2738001678467	0.024639999999862994	epochs	3.0
1117.2984401678466	0.024560000000064974	epochs	3.0
1117.3230001678467	0.04872000000000298	epochs	2.0
1117.3230001678467	0.024400000000014188	epochs	3.0
1117.3474001678467	0.024319999999988795	epochs	3.0
1117.3717201678467	0.04808000000002721	epochs	2.0
1117.3717201678467	0.024079999999912616	epochs	3.0
1117.3958001678466	0.024000000000114596	epochs	3.0
1117.4198001678467	0.04760000000010223	epochs	2.0
1117.4198001678467	0.02384000000006381	epochs	3.0
1117.4436401678468	0.023760000000038417	epochs	3.0
1117.4674001678468	0.04711999999994987	epochs	2.0
1117.4674001678468	0.02359999999998763	epochs	3.0
1117.4910001678468	0.023519999999962238	epochs	3.0
1117.5145201678467	0.04655999999999949	epochs	2.0
1117.5145201678467	0.02335999999991145	epochs	3.0
1117.5378801678467	0.02320000000008804	epochs	3.0
1117.5610801678467	0.04607999999984713	epochs	2.0
1117.5610801678467	0.023119999999835272	epochs	3.0
1117.5842001678466	0.02296000000001186	epochs	3.0
1117.6071601678466	0.04560000000014952	epochs	2.0
1117.6071601678466	0.022879999999986467	epochs	3.0
1117.6300401678466	0.022720000000163054	epochs	3.0
1117.6527601678467	0.04511999999999716	epochs	2.0
1117.6527601678467	0.022639999999910287	epochs	3.0
1117.6754001678466	0.022480000000086875	epochs	3.0
1117.6978801678467	0.044639999999844804	epochs	2.0
1117.6978801678467	0.022400000000061482	epochs	3.0
1117.7202801678468	0.022239999999783322	epochs	3.0
1117.7425201678466	0.044240000000172586	epochs	2.0
1117.7425201678466	0.022160000000212676	epochs	3.0
1117.7646801678468	0.02207999999995991	epochs	3.0
1117.7867601678468	0.04376000000002023	epochs	2.0
1117.7867601678468	0.021919999999909123	epochs	3.0
1117.8086801678467	0.021840000000111104	epochs	3.0
1117.8305201678468	0.04335999999989326	epochs	2.0
1117.8305201678468	0.021759999999858337	epochs	3.0
1117.8522801678466	0.021600000000034925	epochs	3.0
1117.8738801678467	0.04287999999996828	epochs	2.0
1117.8738801678467	0.02143999999998414	epochs	3.0
1117.8953201678466	0.02143999999998414	epochs	3.0
1117.9167601678466	0.042480000000068685	epochs	2.0
1117.9167601678466	0.021280000000160726	epochs	3.0
1117.9380401678468	0.02119999999990796	epochs	3.0
1117.9592401678467	0.04207999999994172	epochs	2.0
1117.9592401678467	0.021040000000084547	epochs	3.0
1117.9802801678468	0.021039999999857173	epochs	3.0
1118.0013201678466	0.04168000000004213	epochs	2.0
1118.0013201678466	0.02088000000003376	epochs	3.0
1118.0222001678467	0.020800000000008367	epochs	3.0
1118.0430001678467	0.04119999999988977	epochs	2.0
1118.0430001678467	0.02063999999995758	epochs	3.0
1118.0636401678466	0.020559999999932188	epochs	3.0
1118.0842001678466	0.04088000000001557	epochs	2.0
1118.0842001678466	0.020560000000159562	epochs	3.0
1118.1047601678467	0.02031999999985601	epochs	3.0
1118.1250801678466	0.04056000000014137	epochs	2.0
1118.1250801678466	0.020320000000083382	epochs	3.0
1118.1454001678467	0.02024000000005799	epochs	3.0
1118.1656401678467	0.04007999999998901	epochs	2.0
1118.1656401678467	0.020080000000007203	epochs	3.0
1118.1857201678467	0.01999999999998181	epochs	3.0
1118.2057201678467	0.03975999999988744	epochs	2.0
1118.2057201678467	0.019919999999956417	epochs	3.0
1118.2256401678467	0.019839999999931024	epochs	3.0
1118.2454801678466	0.03944000000001324	epochs	2.0
1118.2454801678466	0.019760000000133005	epochs	3.0
1118.2652401678467	0.019679999999880238	epochs	3.0
1118.2849201678466	0.03904000000011365	epochs	2.0
1118.2849201678466	0.019520000000056825	epochs	3.0
1118.3044401678467	0.019520000000056825	epochs	3.0
1118.3239601678467	0.038639999999986685	epochs	2.0
1118.3239601678467	0.01936000000000604	epochs	3.0
1118.3433201678467	0.019279999999980646	epochs	3.0
1118.3626001678467	0.038399999999910506	epochs	2.0
1118.3626001678467	0.019279999999980646	epochs	3.0
1118.3818801678467	0.01911999999992986	epochs	3.0
1118.4010001678466	0.038000000000010914	epochs	2.0
1118.4010001678466	0.01904000000013184	epochs	3.0
1118.4200401678468	0.018959999999879074	epochs	3.0
1118.4390001678466	0.037680000000136715	epochs	2.0
1118.4390001678466	0.018880000000081054	epochs	3.0
1118.4578801678467	0.01880000000005566	epochs	3.0
1118.4766801678468	0.03735999999980777	epochs	2.0
1118.4766801678468	0.018719999999802894	epochs	3.0
1118.4954001678466	0.018640000000004875	epochs	3.0
1118.5140401678466	0.037040000000160944	epochs	2.0
1118.5140401678466	0.018560000000206855	epochs	3.0
1118.5326001678468	0.01847999999995409	epochs	3.0
1118.5510801678467	0.036719999999832	epochs	2.0
1118.5510801678467	0.018399999999928696	epochs	3.0
1118.5694801678467	0.018319999999903303	epochs	3.0
1118.5878001678466	0.036480000000210566	epochs	2.0
1118.5878001678466	0.018240000000105283	epochs	3.0
1118.6060401678467	0.018240000000105283	epochs	3.0
1118.6242801678468	0.03607999999985623	epochs	2.0
1118.6242801678468	0.018079999999827123	epochs	3.0
1118.6423601678466	0.018000000000029104	epochs	3.0
1118.6603601678466	0.03584000000000742	epochs	2.0
1118.6603601678466	0.01792000000000371	epochs	3.0
1118.6782801678467	0.01792000000000371	epochs	3.0
1118.6962001678467	0.03552000000013322	epochs	2.0
1118.6962001678467	0.017759999999952925	epochs	3.0
1118.7139601678466	0.017760000000180298	epochs	3.0
1118.7317201678468	0.03519999999980428	epochs	2.0
1118.7317201678468	0.01767999999992753	epochs	3.0
1118.7494001678467	0.017519999999876745	epochs	3.0
1118.7669201678466	0.034960000000182845	epochs	2.0
1118.7669201678466	0.01752000000010412	epochs	3.0
1118.7844401678467	0.017440000000078726	epochs	3.0
1118.8018801678468	0.03471999999987929	epochs	2.0
1118.8018801678468	0.017439999999851352	epochs	3.0
1118.8193201678466	0.01728000000002794	epochs	3.0
1118.8366001678467	0.03440000000000509	epochs	2.0
1118.8366001678467	0.017200000000002547	epochs	3.0
1118.8538001678467	0.017200000000002547	epochs	3.0
1118.8710001678467	0.034159999999928914	epochs	2.0
1118.8710001678467	0.017119999999977153	epochs	3.0
1118.8881201678466	0.01703999999995176	epochs	3.0
1118.9051601678466	0.033840000000054715	epochs	2.0
1118.9051601678466	0.01696000000015374	epochs	3.0
1118.9221201678467	0.016879999999900974	epochs	3.0
1118.9390001678466	0.033599999999978536	epochs	2.0
1118.9390001678466	0.016800000000102955	epochs	3.0
1118.9558001678467	0.01679999999987558	epochs	3.0
1118.9726001678466	0.03336000000012973	epochs	2.0
1118.9726001678466	0.01672000000007756	epochs	3.0
1118.9893201678467	0.01664000000005217	epochs	3.0
1119.0059601678468	0.03311999999982618	epochs	2.0
1119.0059601678468	0.016560000000026776	epochs	3.0
1119.0225201678468	0.016559999999799402	epochs	3.0
1119.0390801678466	0.03280000000017935	epochs	2.0
1119.0390801678466	0.016400000000203363	epochs	3.0
1119.0554801678468	0.01639999999997599	epochs	3.0
1119.0718801678468	0.0325599999998758	epochs	2.0
1119.0718801678468	0.016319999999950596	epochs	3.0
1119.0882001678467	0.016239999999925203	epochs	3.0
1119.1044401678466	0.03240000000005239	epochs	2.0
1119.1044401678466	0.016240000000152577	epochs	3.0
1119.1206801678468	0.01615999999989981	epochs	3.0
1119.1368401678467	0.032079999999950815	epochs	2.0
1119.1368401678467	0.01608000000010179	epochs	3.0
1119.1529201678468	0.015999999999849024	epochs	3.0
1119.1689201678466	0.0319200000001274	epochs	2.0
1119.1689201678466	0.016000000000076398	epochs	3.0
1119.1849201678467	0.015920000000051004	epochs	3.0
1119.2008401678468	0.03160000000002583	epochs	2.0
1119.2008401678468	0.01584000000002561	epochs	3.0
1119.2166801678468	0.01576000000000022	epochs	3.0
1119.2324401678468	0.03143999999997504	epochs	2.0
1119.2324401678468	0.01576000000000022	epochs	3.0
1119.2482001678468	0.015679999999974825	epochs	3.0
1119.2638801678468	0.031199999999898864	epochs	2.0
1119.2638801678468	0.015599999999949432	epochs	3.0
1119.2794801678467	0.015599999999949432	epochs	3.0
1119.2950801678467	0.03096000000005006	epochs	2.0
1119.2950801678467	0.015519999999924039	epochs	3.0
1119.3106001678466	0.01544000000012602	epochs	3.0
1119.3260401678467	0.03071999999997388	epochs	2.0
1119.3260401678467	0.015439999999898646	epochs	3.0
1119.3414801678466	0.015280000000075233	epochs	3.0
1119.3567601678467	0.030559999999923093	epochs	2.0
1119.3567601678467	0.015360000000100626	epochs	3.0
1119.3721201678468	0.015199999999822467	epochs	3.0
1119.3873201678466	0.030320000000074288	epochs	2.0
1119.3873201678466	0.01520000000004984	epochs	3.0
1119.4025201678467	0.015120000000024447	epochs	3.0
1119.4176401678467	0.030079999999998108	epochs	2.0
1119.4176401678467	0.015120000000024447	epochs	3.0
1119.4327601678467	0.014959999999973661	epochs	3.0
1119.4477201678467	0.029919999999947322	epochs	2.0
1119.4477201678467	0.015039999999999054	epochs	3.0
1119.4627601678467	0.014879999999948268	epochs	3.0
1119.4776401678466	0.029680000000098516	epochs	2.0
1119.4776401678466	0.014879999999948268	epochs	3.0
1119.4925201678466	0.014800000000150249	epochs	3.0
1119.5073201678467	0.02952000000004773	epochs	2.0
1119.5073201678467	0.014799999999922875	epochs	3.0
1119.5221201678467	0.014720000000124855	epochs	3.0
1119.5368401678468	0.02927999999997155	epochs	2.0
1119.5368401678468	0.014719999999897482	epochs	3.0
1119.5515601678467	0.01456000000007407	epochs	3.0
1119.5661201678467	0.029119999999920765	epochs	2.0
1119.5661201678467	0.014639999999872089	epochs	3.0
1119.5807601678466	0.014480000000048676	epochs	3.0
1119.5952401678467	0.028960000000097352	epochs	2.0
1119.5952401678467	0.014480000000048676	epochs	3.0
1119.6097201678467	0.014480000000048676	epochs	3.0
1119.6242001678468	0.02863999999999578	epochs	2.0
1119.6242001678468	0.01431999999999789	epochs	3.0
1119.6385201678468	0.01431999999999789	epochs	3.0
1119.6528401678468	0.028559999999970387	epochs	2.0
1119.6528401678468	0.01431999999999789	epochs	3.0
1119.6671601678468	0.014239999999972497	epochs	3.0
1119.6814001678467	0.028319999999894208	epochs	2.0
1119.6814001678467	0.014159999999947104	epochs	3.0
1119.6955601678467	0.014159999999947104	epochs	3.0
1119.7097201678466	0.028160000000070795	epochs	2.0
1119.7097201678466	0.014159999999947104	epochs	3.0
1119.7238801678466	0.014000000000123691	epochs	3.0
1119.7378801678467	0.02800000000002001	epochs	2.0
1119.7378801678467	0.013999999999896318	epochs	3.0
1119.7518801678466	0.014000000000123691	epochs	3.0
1119.7658801678467	0.02775999999994383	epochs	2.0
1119.7658801678467	0.013919999999870925	epochs	3.0
1119.7798001678466	0.013840000000072905	epochs	3.0
1119.7936401678467	0.027679999999918437	epochs	2.0
1119.7936401678467	0.013840000000072905	epochs	3.0
1119.8074801678467	0.013839999999845531	epochs	3.0
1119.8213201678466	0.02744000000006963	epochs	2.0
1119.8213201678466	0.013760000000047512	epochs	3.0
1119.8350801678466	0.013680000000022119	epochs	3.0
1119.8487601678466	0.027280000000018845	epochs	2.0
1119.8487601678466	0.013680000000022119	epochs	3.0
1119.8624401678467	0.013599999999996726	epochs	3.0
1119.8760401678467	0.02711999999996806	epochs	2.0
1119.8760401678467	0.013519999999971333	epochs	3.0
1119.8895601678466	0.013599999999996726	epochs	3.0
1119.9031601678466	0.026880000000119253	epochs	2.0
1119.9031601678466	0.01343999999994594	epochs	3.0
1119.9166001678466	0.013440000000173313	epochs	3.0
1119.9300401678468	0.026799999999866486	epochs	2.0
1119.9300401678468	0.01343999999994594	epochs	3.0
1119.9434801678467	0.013359999999920547	epochs	3.0
1119.9568401678466	0.02656000000001768	epochs	2.0
1119.9568401678466	0.013280000000122527	epochs	3.0
1119.9701201678467	0.013279999999895153	epochs	3.0
1119.9834001678466	0.026479999999992287	epochs	2.0
1119.9834001678466	0.013280000000122527	epochs	3.0
1119.9966801678468	0.01319999999986976	epochs	3.0
1120.0098801678466	0.026240000000143482	epochs	2.0
1120.0098801678466	0.013120000000071741	epochs	3.0
1120.0230001678467	0.013120000000071741	epochs	3.0
1120.0361201678468	0.026159999999890715	epochs	2.0
1120.0361201678468	0.013119999999844367	epochs	3.0
1120.0492401678466	0.013040000000046348	epochs	3.0
1120.0622801678467	0.026000000000067303	epochs	2.0
1120.0622801678467	0.013040000000046348	epochs	3.0
1120.0753201678467	0.012960000000020955	epochs	3.0
1120.0882801678467	0.025759999999991123	epochs	2.0
1120.0882801678467	0.012879999999995562	epochs	3.0
1120.1011601678467	0.012879999999995562	epochs	3.0
1120.1140401678467	0.02567999999996573	epochs	2.0
1120.1140401678467	0.012879999999995562	epochs	3.0
1120.1269201678467	0.012799999999970169	epochs	3.0
1120.1397201678467	0.025519999999914944	epochs	2.0
1120.1397201678467	0.012799999999970169	epochs	3.0
1120.1525201678467	0.012719999999944775	epochs	3.0
1120.1652401678466	0.02536000000009153	epochs	2.0
1120.1652401678466	0.01272000000017215	epochs	3.0
1120.1779601678468	0.012639999999919382	epochs	3.0
1120.1906001678467	0.025200000000040745	epochs	2.0
1120.1906001678467	0.012639999999919382	epochs	3.0
1120.2032401678466	0.012560000000121363	epochs	3.0
1120.2158001678467	0.0245599999998376	epochs	2.0
1120.2395278678466	0.5	epochs	-1.0
1120.2403601678466	0.999920000000202	epochs	1.0
1120.7395278678466	0.5	epochs	-1.0
1122.5469999313354	0.09135999999989508	epochs	0.0
1122.5469999313354	0.04063999999993939	epochs	1.0
1122.5876399313354	0.010080000000016298	epochs	1.0
1122.5977199313354	0.04063999999993939	epochs	1.0
1122.6383599313353	2.0	epochs	0.0
1124.6383599313353	0.5283200000001216	epochs	0.0
1124.6383599313353	0.5283200000001216	epochs	1.0
1124.6384076313354	0.5	epochs	-1.0
1125.1384076313354	0.028272300000026007	epochs	-1.0
1125.1666799313355	21.47160000000008	epochs	0.0
1165.5329999923706	0.09135999999989508	epochs	0.0
1165.5329999923706	0.04063999999993939	epochs	1.0
1165.5736399923705	0.010080000000016298	epochs	1.0
1165.5837199923706	0.04063999999993939	epochs	1.0
1165.6243599923705	0.2299199999999928	epochs	0.0
1165.6243599923705	0.0500000000001819	epochs	1.0
1165.6743599923707	0.009999999999990905	epochs	1.0
1165.6843599923707	0.049999999999954525	epochs	1.0
1165.7343599923706	0.009999999999990905	epochs	1.0
1165.7443599923706	0.049999999999954525	epochs	1.0
1165.7943599923706	0.009999999999990905	epochs	1.0
1165.8043599923706	0.04991999999992913	epochs	1.0
1577.8499999046326	0.09135999999989508	epochs	0.0
1577.8499999046326	0.04063999999993939	epochs	1.0
1577.8906399046325	0.010080000000016298	epochs	1.0
1577.9007199046325	0.04063999999993939	epochs	1.0
1577.9413599046325	2.999920000000202	epochs	0.0
1577.9413599046325	1.0	epochs	1.0
1578.9413599046325	1.0	epochs	1.0
1579.9413599046325	0.999920000000202	epochs	1.0
1582.3499999046326	0.09135999999989508	epochs	0.0
1582.3499999046326	0.04063999999993939	epochs	1.0
1582.3906399046325	0.010080000000016298	epochs	1.0
1582.4007199046325	0.04063999999993939	epochs	1.0
1582.4413599046325	2.999920000000202	epochs	0.0
1582.4413599046325	1.0	epochs	1.0
1583.4413599046325	1.0	epochs	1.0
1584.4413599046325	0.999920000000202	epochs	1.0
1586.6280002593994	0.09135999999989508	epochs	0.0
1586.6280002593994	0.04063999999993939	epochs	1.0
1586.6686402593994	0.010080000000016298	epochs	1.0
1586.6787202593994	0.04063999999993939	epochs	1.0
1586.7193602593993	2.999920000000202	epochs	0.0
1586.7193602593993	1.0	epochs	1.0
1587.7193602593993	1.0	epochs	1.0
1588.7193602593993	0.999920000000202	epochs	1.0
1590.9440002441406	0.09135999999989508	epochs	0.0
1590.9440002441406	0.04063999999993939	epochs	1.0
1590.9846402441406	0.010080000000016298	epochs	1.0
1590.9947202441406	0.04063999999993939	epochs	1.0
1591.0353602441405	2.999920000000202	epochs	0.0
1591.0353602441405	1.0	epochs	1.0
1592.0353602441405	1.0	epochs	1.0
1593.0353602441405	0.999920000000202	epochs	1.0
1595.2820000648499	0.09135999999989508	epochs	0.0
1595.2820000648499	0.04063999999993939	epochs	1.0
1595.3226400648498	0.010080000000016298	epochs	1.0
1595.3327200648498	0.04063999999993939	epochs	1.0
1595.3733600648497	2.999920000000202	epochs	0.0
1595.3733600648497	1.0	epochs	1.0
1596.3733600648497	1.0	epochs	1.0
1597.3733600648497	0.999920000000202	epochs	1.0
1599.5989999771118	0.09135999999989508	epochs	0.0
1599.5989999771118	0.04063999999993939	epochs	1.0
1599.6396399771118	0.010080000000016298	epochs	1.0
1599.6497199771118	0.04063999999993939	epochs	1.0
1599.6903599771117	2.999920000000202	epochs	0.0
1599.6903599771117	1.0	epochs	1.0
1600.6903599771117	1.0	epochs	1.0
1601.6903599771117	0.999920000000202	epochs	1.0
1603.9219999313354	0.09135999999989508	epochs	0.0
1603.9219999313354	0.04063999999993939	epochs	1.0
1603.9626399313354	0.010080000000016298	epochs	1.0
1603.9727199313354	0.04063999999993939	epochs	1.0
1604.0133599313353	2.999920000000202	epochs	0.0
1604.0133599313353	1.0	epochs	1.0
1605.0133599313353	1.0	epochs	1.0
1606.0133599313353	0.999920000000202	epochs	1.0
1608.2220001220703	0.09135999999989508	epochs	0.0
1608.2220001220703	0.04063999999993939	epochs	1.0
1608.2626401220703	0.010080000000016298	epochs	1.0
1608.2727201220703	0.04063999999993939	epochs	1.0
1608.3133601220702	2.999920000000202	epochs	0.0
1608.3133601220702	1.0	epochs	1.0
1609.3133601220702	1.0	epochs	1.0
1610.3133601220702	0.999920000000202	epochs	1.0
1612.5550003051758	0.09135999999989508	epochs	0.0
1612.5550003051758	0.04063999999993939	epochs	1.0
1612.5956403051757	0.010080000000016298	epochs	1.0
1612.6057203051757	0.04063999999993939	epochs	1.0
1612.6463603051757	2.999920000000202	epochs	0.0
1612.6463603051757	1.0	epochs	1.0
1613.6463603051757	1.0	epochs	1.0
1614.6463603051757	0.999920000000202	epochs	1.0
1616.9700002670288	0.09135999999989508	epochs	0.0
1616.9700002670288	0.04063999999993939	epochs	1.0
1617.0106402670287	0.010080000000016298	epochs	1.0
1617.0207202670288	0.04063999999993939	epochs	1.0
1617.0613602670287	2.999920000000202	epochs	0.0
1617.0613602670287	1.0	epochs	1.0
1618.0613602670287	1.0	epochs	1.0
1619.0613602670287	0.999920000000202	epochs	1.0
1621.3540000915527	0.09135999999989508	epochs	0.0
1621.3540000915527	0.04063999999993939	epochs	1.0
1621.3946400915527	0.010080000000016298	epochs	1.0
1621.4047200915527	0.04063999999993939	epochs	1.0
1621.4453600915526	2.999920000000202	epochs	0.0
1621.4453600915526	1.0	epochs	1.0
1622.4453600915526	1.0	epochs	1.0
1623.4453600915526	0.999920000000202	epochs	1.0
1625.715000152588	0.09135999999989508	epochs	0.0
1625.715000152588	0.04063999999993939	epochs	1.0
1625.7556401525878	0.010080000000016298	epochs	1.0
1625.7657201525878	0.04063999999993939	epochs	1.0
1625.8063601525878	2.999920000000202	epochs	0.0
1625.8063601525878	1.0	epochs	1.0
1626.8063601525878	1.0	epochs	1.0
1627.8063601525878	0.999920000000202	epochs	1.0
1630.0650000572205	0.09135999999989508	epochs	0.0
1630.0650000572205	0.04063999999993939	epochs	1.0
1630.1056400572204	0.010080000000016298	epochs	1.0
1630.1157200572204	0.04063999999993939	epochs	1.0
1630.1563600572204	2.999920000000202	epochs	0.0
1630.1563600572204	1.0	epochs	1.0
1631.1563600572204	1.0	epochs	1.0
1632.1563600572204	0.999920000000202	epochs	1.0
1634.4470000267029	0.09135999999989508	epochs	0.0
1634.4470000267029	0.04063999999993939	epochs	1.0
1634.4876400267028	0.010080000000016298	epochs	1.0
1634.4977200267028	0.04063999999993939	epochs	1.0
1634.5383600267028	2.999920000000202	epochs	0.0
1634.5383600267028	1.0	epochs	1.0
1635.5383600267028	1.0	epochs	1.0
1636.5383600267028	0.999920000000202	epochs	1.0
1638.8140001296997	0.09135999999989508	epochs	0.0
1638.8140001296997	0.04063999999993939	epochs	1.0
1638.8546401296996	0.010080000000016298	epochs	1.0
1638.8647201296997	0.04063999999993939	epochs	1.0
1638.9053601296996	2.999920000000202	epochs	0.0
1638.9053601296996	1.0	epochs	1.0
1639.9053601296996	1.0	epochs	1.0
1640.9053601296996	0.999920000000202	epochs	1.0
1643.2140002250671	0.09135999999989508	epochs	0.0
1643.2140002250671	0.04063999999993939	epochs	1.0
1643.254640225067	0.010080000000016298	epochs	1.0
1643.264720225067	0.04063999999993939	epochs	1.0
1643.305360225067	2.999920000000202	epochs	0.0
1643.305360225067	1.0	epochs	1.0
1644.305360225067	1.0	epochs	1.0
1645.305360225067	0.999920000000202	epochs	1.0
1647.6440000534058	0.09135999999989508	epochs	0.0
1647.6440000534058	0.04063999999993939	epochs	1.0
1647.6846400534057	0.010080000000016298	epochs	1.0
1647.6947200534057	0.04063999999993939	epochs	1.0
1647.7353600534057	2.999920000000202	epochs	0.0
1647.7353600534057	1.0	epochs	1.0
1648.7353600534057	1.0	epochs	1.0
1649.7353600534057	0.999920000000202	epochs	1.0
1652.0609998703003	0.09135999999989508	epochs	0.0
1652.0609998703003	0.04063999999993939	epochs	1.0
1652.1016398703002	0.010080000000016298	epochs	1.0
1652.1117198703002	0.04063999999993939	epochs	1.0
1652.1523598703002	2.999920000000202	epochs	0.0
1652.1523598703002	1.0	epochs	1.0
1653.1523598703002	1.0	epochs	1.0
1654.1523598703002	0.999920000000202	epochs	1.0
1656.526999950409	0.09135999999989508	epochs	0.0
1656.526999950409	0.04063999999993939	epochs	1.0
1656.5676399504089	0.010080000000016298	epochs	1.0
1656.577719950409	0.04063999999993939	epochs	1.0
1656.6183599504088	2.999920000000202	epochs	0.0
1656.6183599504088	1.0	epochs	1.0
1657.6183599504088	1.0	epochs	1.0
1658.6183599504088	0.999920000000202	epochs	1.0
1660.9770002365112	0.09135999999989508	epochs	0.0
1660.9770002365112	0.04063999999993939	epochs	1.0
1661.0176402365112	0.010080000000016298	epochs	1.0
1661.0277202365112	0.04063999999993939	epochs	1.0
1661.0683602365111	2.999920000000202	epochs	0.0
1661.0683602365111	0.900000000000091	epochs	1.0
1661.9683602365112	0.09999999999990905	epochs	1.0
1662.0683602365111	1.0	epochs	1.0
1663.0683602365111	0.999920000000202	epochs	1.0
1665.4229998588562	0.09135999999989508	epochs	0.0
1665.4229998588562	0.04063999999993939	epochs	1.0
1665.4636398588561	0.010080000000016298	epochs	1.0
1665.4737198588562	0.04063999999993939	epochs	1.0
1665.514359858856	2.999920000000202	epochs	0.0
1665.514359858856	0.900000000000091	epochs	1.0
1666.4143598588562	0.09999999999990905	epochs	1.0
1666.514359858856	1.0	epochs	1.0
1667.514359858856	0.999920000000202	epochs	1.0
1669.8229999542236	0.09135999999989508	epochs	0.0
1669.8229999542236	0.04063999999993939	epochs	1.0
1669.8636399542236	0.010080000000016298	epochs	1.0
1669.8737199542236	0.04063999999993939	epochs	1.0
1669.9143599542235	2.999920000000202	epochs	0.0
1669.9143599542235	0.900000000000091	epochs	1.0
1670.8143599542236	0.09999999999990905	epochs	1.0
1670.9143599542235	1.0	epochs	1.0
1671.9143599542235	0.999920000000202	epochs	1.0
1674.268000125885	0.09135999999989508	epochs	0.0
1674.268000125885	0.04063999999993939	epochs	1.0
1674.308640125885	0.010080000000016298	epochs	1.0
1674.318720125885	0.04063999999993939	epochs	1.0
1674.359360125885	2.999920000000202	epochs	0.0
1674.359360125885	0.900000000000091	epochs	1.0
1675.259360125885	0.09999999999990905	epochs	1.0
1675.359360125885	1.0	epochs	1.0
1676.359360125885	0.999920000000202	epochs	1.0
1678.7350001335144	0.09135999999989508	epochs	0.0
1678.7350001335144	0.04063999999993939	epochs	1.0
1678.7756401335143	0.010080000000016298	epochs	1.0
1678.7857201335144	0.04063999999993939	epochs	1.0
1678.8263601335143	2.999920000000202	epochs	0.0
1678.8263601335143	0.900000000000091	epochs	1.0
1679.7263601335144	0.09999999999990905	epochs	1.0
1679.8263601335143	1.0	epochs	1.0
1680.8263601335143	0.999920000000202	epochs	1.0
1683.2020001411438	0.09135999999989508	epochs	0.0
1683.2020001411438	0.04063999999993939	epochs	1.0
1683.2426401411437	0.010080000000016298	epochs	1.0
1683.2527201411438	0.04063999999993939	epochs	1.0
1683.2933601411437	2.999920000000202	epochs	0.0
1683.2933601411437	0.900000000000091	epochs	1.0
1684.1933601411438	0.09999999999990905	epochs	1.0
1684.2933601411437	1.0	epochs	1.0
1685.2933601411437	0.999920000000202	epochs	1.0
1687.7579998970032	0.09135999999989508	epochs	0.0
1687.7579998970032	0.04063999999993939	epochs	1.0
1687.798639897003	0.010080000000016298	epochs	1.0
1687.8087198970031	0.04063999999993939	epochs	1.0
1687.849359897003	2.999920000000202	epochs	0.0
1687.849359897003	0.900000000000091	epochs	1.0
1688.7493598970032	0.09999999999990905	epochs	1.0
1688.849359897003	1.0	epochs	1.0
1689.849359897003	0.999920000000202	epochs	1.0
1692.3250002861023	0.09135999999989508	epochs	0.0
1692.3250002861023	0.04063999999993939	epochs	1.0
1692.3656402861022	0.010080000000016298	epochs	1.0
1692.3757202861023	0.04063999999993939	epochs	1.0
1692.4163602861022	2.999920000000202	epochs	0.0
1692.4163602861022	0.900000000000091	epochs	1.0
1693.3163602861023	0.09999999999990905	epochs	1.0
1693.4163602861022	1.0	epochs	1.0
1694.4163602861022	0.999920000000202	epochs	1.0
1696.8470001220703	0.09135999999989508	epochs	0.0
1696.8470001220703	0.04063999999993939	epochs	1.0
1696.8876401220703	0.010080000000016298	epochs	1.0
1696.8977201220703	0.04063999999993939	epochs	1.0
1696.9383601220702	2.999920000000202	epochs	0.0
1696.9383601220702	0.900000000000091	epochs	1.0
1697.8383601220703	0.09999999999990905	epochs	1.0
1697.9383601220702	1.0	epochs	1.0
1698.9383601220702	0.999920000000202	epochs	1.0
1701.4470000267029	0.09135999999989508	epochs	0.0
1701.4470000267029	0.04063999999993939	epochs	1.0
1701.4876400267028	0.010080000000016298	epochs	1.0
1701.4977200267028	0.04063999999993939	epochs	1.0
1701.5383600267028	2.999920000000202	epochs	0.0
1701.5383600267028	1.0	epochs	1.0
1702.5383600267028	1.0	epochs	1.0
1703.5383600267028	0.999920000000202	epochs	1.0
1706.0720000267029	0.09135999999989508	epochs	0.0
1706.0720000267029	0.04063999999993939	epochs	1.0
1706.1126400267028	0.010080000000016298	epochs	1.0
1706.1227200267028	0.04063999999993939	epochs	1.0
1706.1633600267028	2.999920000000202	epochs	0.0
1706.1633600267028	1.0	epochs	1.0
1707.1633600267028	1.0	epochs	1.0
1708.1633600267028	0.999920000000202	epochs	1.0
1710.6890001296997	0.09135999999989508	epochs	0.0
1710.6890001296997	0.04063999999993939	epochs	1.0
1710.7296401296996	0.010080000000016298	epochs	1.0
1710.7397201296997	0.04063999999993939	epochs	1.0
1710.7803601296996	2.999920000000202	epochs	0.0
1710.7803601296996	1.0	epochs	1.0
1711.7803601296996	1.0	epochs	1.0
1712.7803601296996	0.999920000000202	epochs	1.0
1715.2920002937317	0.09135999999989508	epochs	0.0
1715.2920002937317	0.04063999999993939	epochs	1.0
1715.3326402937316	0.010080000000016298	epochs	1.0
1715.3427202937316	0.04063999999993939	epochs	1.0
1715.3833602937316	2.999920000000202	epochs	0.0
1715.3833602937316	1.0	epochs	1.0
1716.3833602937316	1.0	epochs	1.0
1717.3833602937316	0.999920000000202	epochs	1.0
1719.9590001106262	0.09135999999989508	epochs	0.0
1719.9590001106262	0.04063999999993939	epochs	1.0
1719.9996401106262	0.010080000000016298	epochs	1.0
1720.0097201106262	0.04063999999993939	epochs	1.0
1720.0503601106261	2.999920000000202	epochs	0.0
1720.0503601106261	1.0	epochs	1.0
1721.0503601106261	1.0	epochs	1.0
1722.0503601106261	0.999920000000202	epochs	1.0
1724.5380001068115	0.09135999999989508	epochs	0.0
1724.5380001068115	0.04063999999993939	epochs	1.0
1724.5786401068115	0.010080000000016298	epochs	1.0
1724.5887201068115	0.04063999999993939	epochs	1.0
1724.6293601068114	2.999920000000202	epochs	0.0
1724.6293601068114	1.0	epochs	1.0
1725.6293601068114	1.0	epochs	1.0
1726.6293601068114	0.999920000000202	epochs	1.0
1729.138000011444	0.09135999999989508	epochs	0.0
1729.138000011444	0.04063999999993939	epochs	1.0
1729.178640011444	0.010080000000016298	epochs	1.0
1729.188720011444	0.04063999999993939	epochs	1.0
1729.229360011444	2.999920000000202	epochs	0.0
1729.229360011444	1.0	epochs	1.0
1730.229360011444	1.0	epochs	1.0
1731.229360011444	0.999920000000202	epochs	1.0
1733.7039999961853	0.09135999999989508	epochs	0.0
1733.7039999961853	0.04063999999993939	epochs	1.0
1733.7446399961852	0.010080000000016298	epochs	1.0
1733.7547199961853	0.04063999999993939	epochs	1.0
1733.7953599961852	2.999920000000202	epochs	0.0
1733.7953599961852	1.0	epochs	1.0
1734.7953599961852	1.0	epochs	1.0
1735.7953599961852	0.999920000000202	epochs	1.0
1738.4180002212524	0.09135999999989508	epochs	0.0
1738.4180002212524	0.04063999999993939	epochs	1.0
1738.4586402212524	0.010080000000016298	epochs	1.0
1738.4687202212524	0.04063999999993939	epochs	1.0
1738.5093602212523	2.999920000000202	epochs	0.0
1738.5093602212523	1.0	epochs	1.0
1739.5093602212523	1.0	epochs	1.0
1740.5093602212523	0.999920000000202	epochs	1.0
1743.034999847412	0.09135999999989508	epochs	0.0
1743.034999847412	0.04063999999993939	epochs	1.0
1743.075639847412	0.010080000000016298	epochs	1.0
1743.085719847412	0.04063999999993939	epochs	1.0
1743.126359847412	2.999920000000202	epochs	0.0
1743.126359847412	1.0	epochs	1.0
1744.126359847412	1.0	epochs	1.0
1745.126359847412	0.999920000000202	epochs	1.0
1747.6870002746582	0.09135999999989508	epochs	0.0
1747.6870002746582	0.04063999999993939	epochs	1.0
1747.7276402746581	0.010080000000016298	epochs	1.0
1747.7377202746582	0.04063999999993939	epochs	1.0
1747.778360274658	2.999920000000202	epochs	0.0
1747.778360274658	1.0	epochs	1.0
1748.778360274658	1.0	epochs	1.0
1749.778360274658	0.999920000000202	epochs	1.0
1752.4040002822876	0.09135999999989508	epochs	0.0
1752.4040002822876	0.04063999999993939	epochs	1.0
1752.4446402822875	0.010080000000016298	epochs	1.0
1752.4547202822876	0.04063999999993939	epochs	1.0
1752.4953602822875	2.999920000000202	epochs	0.0
1752.4953602822875	1.0	epochs	1.0
1753.4953602822875	1.0	epochs	1.0
1754.4953602822875	0.999920000000202	epochs	1.0
1757.0859999656677	0.09135999999989508	epochs	0.0
1757.0859999656677	0.04063999999993939	epochs	1.0
1757.1266399656677	0.010080000000016298	epochs	1.0
1757.1367199656677	0.04063999999993939	epochs	1.0
1757.1773599656676	2.999920000000202	epochs	0.0
1757.1773599656676	1.0	epochs	1.0
1758.1773599656676	1.0	epochs	1.0
1759.1773599656676	0.999920000000202	epochs	1.0
1761.8190002441406	0.09135999999989508	epochs	0.0
1761.8190002441406	0.04063999999993939	epochs	1.0
1761.8596402441406	0.010080000000016298	epochs	1.0
1761.8697202441406	0.04063999999993939	epochs	1.0
1761.9103602441405	2.999920000000202	epochs	0.0
1761.9103602441405	1.0	epochs	1.0
1762.9103602441405	1.0	epochs	1.0
1763.9103602441405	0.999920000000202	epochs	1.0
1766.5780000686646	0.09135999999989508	epochs	0.0
1766.5780000686646	0.04063999999993939	epochs	1.0
1766.6186400686645	0.010080000000016298	epochs	1.0
1766.6287200686645	0.04063999999993939	epochs	1.0
1766.6693600686644	2.999920000000202	epochs	0.0
1766.6693600686644	1.0	epochs	1.0
1767.6693600686644	1.0	epochs	1.0
1768.6693600686644	0.999920000000202	epochs	1.0
1771.3949999809265	0.09135999999989508	epochs	0.0
1771.3949999809265	0.04063999999993939	epochs	1.0
1771.4356399809265	0.010080000000016298	epochs	1.0
1771.4457199809265	0.04063999999993939	epochs	1.0
1771.4863599809264	2.999920000000202	epochs	0.0
1771.4863599809264	1.0	epochs	1.0
1772.4863599809264	1.0	epochs	1.0
1773.4863599809264	0.999920000000202	epochs	1.0
1776.143000125885	0.09135999999989508	epochs	0.0
1776.143000125885	0.04063999999993939	epochs	1.0
1776.183640125885	0.010080000000016298	epochs	1.0
1776.193720125885	0.04063999999993939	epochs	1.0
1776.234360125885	2.999920000000202	epochs	0.0
1776.234360125885	1.0	epochs	1.0
1777.234360125885	1.0	epochs	1.0
1778.234360125885	0.999920000000202	epochs	1.0
1780.9430003166199	0.09135999999989508	epochs	0.0
1780.9430003166199	0.04063999999993939	epochs	1.0
1780.9836403166198	0.010080000000016298	epochs	1.0
1780.9937203166198	0.04063999999993939	epochs	1.0
1781.0343603166198	2.999920000000202	epochs	0.0
1781.0343603166198	1.0	epochs	1.0
1782.0343603166198	1.0	epochs	1.0
1783.0343603166198	0.999920000000202	epochs	1.0
1785.8200001716614	0.09135999999989508	epochs	0.0
1785.8200001716614	0.04063999999993939	epochs	1.0
1785.8606401716613	0.010080000000016298	epochs	1.0
1785.8707201716613	0.04063999999993939	epochs	1.0
1785.9113601716613	2.999920000000202	epochs	0.0
1785.9113601716613	1.0	epochs	1.0
1786.9113601716613	1.0	epochs	1.0
1787.9113601716613	0.999920000000202	epochs	1.0
1790.7200002670288	0.09135999999989508	epochs	0.0
1790.7200002670288	0.04063999999993939	epochs	1.0
1790.7606402670287	0.010080000000016298	epochs	1.0
1790.7707202670288	0.04063999999993939	epochs	1.0
1790.8113602670287	2.999920000000202	epochs	0.0
1790.8113602670287	1.0	epochs	1.0
1791.8113602670287	1.0	epochs	1.0
1792.8113602670287	0.999920000000202	epochs	1.0
1795.6579999923706	0.09135999999989508	epochs	0.0
1795.6579999923706	0.04063999999993939	epochs	1.0
1795.6986399923705	0.010080000000016298	epochs	1.0
1795.7087199923706	0.04063999999993939	epochs	1.0
1795.7493599923705	3.6499200000000656	epochs	0.0
1795.7493599923705	2.0	epochs	1.0
1797.7493599923705	0.3000000000001819	epochs	1.0
1798.0493599923707	0.005040000000008149	epochs	1.0
1798.0543999923707	0.2999999999999545	epochs	1.0
1798.3543999923706	1.0	epochs	1.0
1799.3543999923706	0.04487999999992098	epochs	1.0
1801.191999912262	0.09135999999989508	epochs	0.0
1801.191999912262	0.04063999999993939	epochs	1.0
1801.232639912262	0.010080000000016298	epochs	1.0
1801.242719912262	0.04063999999993939	epochs	1.0
1801.2833599122619	3.6499200000000656	epochs	0.0
1801.2833599122619	2.0	epochs	1.0
1803.2833599122619	0.3000000000001819	epochs	1.0
1803.583359912262	0.009999999999990905	epochs	1.0
1803.593359912262	0.2999999999999545	epochs	1.0
1803.893359912262	1.0	epochs	1.0
1804.893359912262	0.03991999999993823	epochs	1.0
1806.731999874115	0.09135999999989508	epochs	0.0
1806.731999874115	0.04063999999993939	epochs	1.0
1806.772639874115	0.010080000000016298	epochs	1.0
1806.782719874115	0.04063999999993939	epochs	1.0
1806.8233598741149	3.6499200000000656	epochs	0.0
1806.8233598741149	2.0	epochs	1.0
1808.8233598741149	0.3000000000001819	epochs	1.0
1809.123359874115	0.015039999999999054	epochs	1.0
1809.138399874115	0.2999999999999545	epochs	1.0
1809.438399874115	1.0	epochs	1.0
1810.438399874115	0.03487999999993008	epochs	1.0
1812.2490000724792	0.09135999999989508	epochs	0.0
1812.2490000724792	0.04063999999993939	epochs	1.0
1812.2896400724792	0.010080000000016298	epochs	1.0
1812.2997200724792	0.04063999999993939	epochs	1.0
1812.3403600724791	3.6499200000000656	epochs	0.0
1812.3403600724791	2.0	epochs	1.0
1814.3403600724791	0.3000000000001819	epochs	1.0
1814.6403600724793	0.01999999999998181	epochs	1.0
1814.6603600724793	0.2999999999999545	epochs	1.0
1814.9603600724793	1.0	epochs	1.0
1815.9603600724793	0.029919999999947322	epochs	1.0
1817.8740000724792	0.09135999999989508	epochs	0.0
1817.8740000724792	0.04063999999993939	epochs	1.0
1817.9146400724792	0.010080000000016298	epochs	1.0
1817.9247200724792	0.04063999999993939	epochs	1.0
1817.9653600724791	3.6499200000000656	epochs	0.0
1817.9653600724791	2.0	epochs	1.0
1819.9653600724791	0.3000000000001819	epochs	1.0
1820.2653600724793	0.02503999999998996	epochs	1.0
1820.2904000724793	0.2999999999999545	epochs	1.0
1820.5904000724793	1.0	epochs	1.0
1821.5904000724793	0.024879999999939173	epochs	1.0
1823.424000263214	0.09135999999989508	epochs	0.0
1823.424000263214	0.04063999999993939	epochs	1.0
1823.464640263214	0.010080000000016298	epochs	1.0
1823.474720263214	0.04063999999993939	epochs	1.0
1823.515360263214	3.6499200000000656	epochs	0.0
1823.515360263214	2.0	epochs	1.0
1825.515360263214	0.3000000000001819	epochs	1.0
1825.8153602632142	0.029999999999972715	epochs	1.0
1825.8453602632142	0.2999999999999545	epochs	1.0
1826.1453602632141	1.0	epochs	1.0
1827.1453602632141	0.019919999999956417	epochs	1.0
1829.0149998664856	0.09135999999989508	epochs	0.0
1829.0149998664856	0.04063999999993939	epochs	1.0
1829.0556398664855	0.010080000000016298	epochs	1.0
1829.0657198664856	0.04063999999993939	epochs	1.0
1829.1063598664855	3.6499200000000656	epochs	0.0
1829.1063598664855	2.0	epochs	1.0
1831.1063598664855	0.3000000000001819	epochs	1.0
1831.4063598664857	0.035039999999980864	epochs	1.0
1831.4413998664857	0.2999999999999545	epochs	1.0
1831.7413998664856	1.0	epochs	1.0
1832.7413998664856	0.014879999999948268	epochs	1.0
1834.6240000724792	0.09135999999989508	epochs	0.0
1834.6240000724792	0.04063999999993939	epochs	1.0
1834.6646400724792	0.010080000000016298	epochs	1.0
1834.6747200724792	0.04063999999993939	epochs	1.0
1834.7153600724791	3.6499200000000656	epochs	0.0
1834.7153600724791	2.0	epochs	1.0
1836.7153600724791	0.3000000000001819	epochs	1.0
1837.0153600724793	0.03999999999996362	epochs	1.0
1837.0553600724793	0.2999999999999545	epochs	1.0
1837.3553600724792	1.0	epochs	1.0
1838.3553600724792	0.009919999999965512	epochs	1.0
1840.2400002479553	0.09135999999989508	epochs	0.0
1840.2400002479553	0.04063999999993939	epochs	1.0
1840.2806402479553	0.010080000000016298	epochs	1.0
1840.2907202479553	0.04063999999993939	epochs	1.0
1840.3313602479552	3.6499200000000656	epochs	0.0
1840.3313602479552	2.0	epochs	1.0
1842.3313602479552	0.3000000000001819	epochs	1.0
1842.6313602479554	0.04503999999997177	epochs	1.0
1842.6764002479554	0.2999999999999545	epochs	1.0
1842.9764002479553	1.0	epochs	1.0
1843.9764002479553	0.004879999999957363	epochs	1.0
1845.8640003204346	0.09135999999989508	epochs	0.0
1845.8640003204346	0.04063999999993939	epochs	1.0
1845.9046403204345	0.010080000000016298	epochs	1.0
1845.9147203204345	0.04063999999993939	epochs	1.0
1845.9553603204345	3.6499200000000656	epochs	0.0
1845.9553603204345	2.0	epochs	1.0
1847.9553603204345	0.3000000000001819	epochs	1.0
1848.2553603204346	0.049999999999954525	epochs	1.0
1848.3053603204346	0.2999999999999545	epochs	1.0
1848.6053603204346	0.9999199999999746	epochs	1.0
1851.531000137329	0.09135999999989508	epochs	0.0
1851.531000137329	0.04063999999993939	epochs	1.0
1851.571640137329	0.010080000000016298	epochs	1.0
1851.581720137329	0.04063999999993939	epochs	1.0
1851.622360137329	4.099920000000111	epochs	0.0
1851.622360137329	2.0	epochs	1.0
1853.622360137329	0.3000000000001819	epochs	1.0
1853.9223601373292	0.09999999999990905	epochs	1.0
1854.022360137329	0.2999999999999545	epochs	1.0
1854.322360137329	1.0	epochs	1.0
1855.322360137329	0.39992000000006556	epochs	1.0
1858.7699999809265	0.09135999999989508	epochs	0.0
1858.7699999809265	0.04063999999993939	epochs	1.0
1858.8106399809265	0.010080000000016298	epochs	1.0
1858.8207199809265	0.04063999999993939	epochs	1.0
1858.8613599809264	4.099920000000111	epochs	0.0
1858.8613599809264	2.0	epochs	1.0
1860.8613599809264	0.3000000000001819	epochs	1.0
1861.1613599809266	0.1999999999998181	epochs	1.0
1861.3613599809264	0.3000000000001819	epochs	1.0
1861.6613599809266	1.0	epochs	1.0
1862.6613599809266	0.29991999999992913	epochs	1.0
1866.0110001564026	0.09135999999989508	epochs	0.0
1866.0110001564026	0.04063999999993939	epochs	1.0
1866.0516401564025	0.010080000000016298	epochs	1.0
1866.0617201564025	0.04063999999993939	epochs	1.0
1866.1023601564025	4.099920000000111	epochs	0.0
1866.1023601564025	2.0	epochs	1.0
1868.1023601564025	0.3000000000001819	epochs	1.0
1868.4023601564027	0.2999999999999545	epochs	1.0
1868.7023601564026	0.2999999999999545	epochs	1.0
1869.0023601564026	1.0	epochs	1.0
1870.0023601564026	0.19992000000002008	epochs	1.0
1873.2940001487732	0.09135999999989508	epochs	0.0
1873.2940001487732	0.04063999999993939	epochs	1.0
1873.3346401487731	0.010080000000016298	epochs	1.0
1873.3447201487731	0.04063999999993939	epochs	1.0
1873.385360148773	4.099920000000111	epochs	0.0
1873.385360148773	2.0	epochs	1.0
1875.385360148773	0.3000000000001819	epochs	1.0
1875.6853601487733	0.3999999999998636	epochs	1.0
1876.0853601487731	0.2999999999999545	epochs	1.0
1876.385360148773	1.0	epochs	1.0
1877.385360148773	0.09992000000011103	epochs	1.0
1880.6100001335144	0.09135999999989508	epochs	0.0
1880.6100001335144	0.04063999999993939	epochs	1.0
1880.6506401335143	0.010080000000016298	epochs	1.0
1880.6607201335144	0.04063999999993939	epochs	1.0
1880.7013601335143	4.099920000000111	epochs	0.0
1880.7013601335143	2.0	epochs	1.0
1882.7013601335143	0.3000000000001819	epochs	1.0
1883.0013601335145	0.5	epochs	1.0
1883.5013601335145	0.2999999999999545	epochs	1.0
1883.8013601335144	0.9999199999999746	epochs	1.0
1887.8810000419617	0.09135999999989508	epochs	0.0
1887.8810000419617	0.04063999999993939	epochs	1.0
1887.9216400419616	0.010080000000016298	epochs	1.0
1887.9317200419616	0.04063999999993939	epochs	1.0
1887.9723600419616	7.599920000000111	epochs	0.0
1887.9723600419616	2.0	epochs	1.0
1889.9723600419616	0.3000000000001819	epochs	1.0
1890.2723600419617	1.0	epochs	1.0
1891.2723600419617	0.2999999999999545	epochs	1.0
1891.5723600419617	1.0	epochs	1.0
1892.5723600419617	2.9999199999999746	epochs	1.0
1898.7340002059937	0.09135999999989508	epochs	0.0
1898.7340002059937	0.04063999999993939	epochs	1.0
1898.7746402059936	0.010080000000016298	epochs	1.0
1898.7847202059936	0.04063999999993939	epochs	1.0
1898.8253602059935	3.8878400000000966	epochs	0.0
1898.8253602059935	2.0	epochs	1.0
1900.8253602059935	0.3000000000001819	epochs	1.0
1901.1253602059937	1.5878399999999147	epochs	1.0
1902.7132002059936	3.7120800000000145	epochs	0.0
