onset	duration	nwb_table	treelevel
8.6419997215271	0.09999999999999964	epochs	0.0
8.6419997215271	0.04499999999999993	epochs	1.0
8.6869997215271	0.010004999999999598	epochs	1.0
8.6970047215271	0.04499500000000012	epochs	1.0
8.7419997215271	0.7049950000000003	epochs	0.0
8.7419997215271	0.5	epochs	-1.0
8.7419997215271	0.5	epochs	-1.0
8.7419997215271	0.5	epochs	1.0
9.2419997215271	0.0600000000000005	epochs	-1.0
9.2419997215271	0.025000000000000355	epochs	-1.0
9.2419997215271	0.025000000000000355	epochs	1.0
9.2669997215271	0.009999999999999787	epochs	-1.0
9.2669997215271	0.009999999999999787	epochs	1.0
9.2769997215271	0.025000000000000355	epochs	-1.0
9.2769997215271	0.025000000000000355	epochs	1.0
9.3019997215271	0.0600000000000005	epochs	-1.0
9.3019997215271	0.025000000000000355	epochs	-1.0
9.3019997215271	0.025000000000000355	epochs	1.0
9.3269997215271	0.009999999999999787	epochs	-1.0
9.3269997215271	0.009999999999999787	epochs	1.0
9.3369997215271	0.025000000000000355	epochs	-1.0
9.3369997215271	0.025000000000000355	epochs	1.0
9.3619997215271	0.05999999999999872	epochs	-1.0
9.3619997215271	0.02499999999999858	epochs	-1.0
9.3619997215271	0.02499999999999858	epochs	1.0
9.386999721527099	0.010000000000001563	epochs	-1.0
9.386999721527099	0.010000000000001563	epochs	1.0
9.3969997215271	0.02499999999999858	epochs	-1.0
9.3969997215271	0.02499999999999858	epochs	1.0
9.421999721527099	0.024995000000000545	epochs	1.0
235.05800008773804	0.09999999999999432	epochs	0.0
235.05800008773804	0.044999999999987494	epochs	1.0
235.10300008773802	0.010005000000006703	epochs	1.0
235.11300508773803	0.04499500000000012	epochs	1.0
235.15800008773803	0.7049949999999967	epochs	0.0
235.15800008773803	0.5	epochs	-1.0
235.15800008773803	0.5	epochs	1.0
235.65800008773803	0.060000000000002274	epochs	-1.0
235.65800008773803	0.025000000000005684	epochs	-1.0
235.65800008773803	0.025000000000005684	epochs	1.0
235.68300008773804	0.009999999999990905	epochs	-1.0
235.68300008773804	0.009999999999990905	epochs	1.0
235.69300008773803	0.025000000000005684	epochs	-1.0
235.69300008773803	0.025000000000005684	epochs	1.0
235.71800008773803	0.060000000000002274	epochs	-1.0
235.71800008773803	0.025000000000005684	epochs	-1.0
235.71800008773803	0.025000000000005684	epochs	1.0
235.74300008773804	0.009999999999990905	epochs	-1.0
235.74300008773804	0.009999999999990905	epochs	1.0
235.75300008773803	0.025000000000005684	epochs	-1.0
235.75300008773803	0.025000000000005684	epochs	1.0
235.77800008773804	0.060000000000002274	epochs	-1.0
235.77800008773804	0.025000000000005684	epochs	-1.0
235.77800008773804	0.025000000000005684	epochs	1.0
235.80300008773804	0.009999999999990905	epochs	-1.0
235.80300008773804	0.009999999999990905	epochs	1.0
235.81300008773803	0.025000000000005684	epochs	-1.0
235.81300008773803	0.025000000000005684	epochs	1.0
235.83800008773804	0.024994999999989886	epochs	1.0
276.82800006866455	0.10000000000002274	epochs	0.0
276.82800006866455	0.045000000000015916	epochs	1.0
276.87300006866457	0.010004999999978281	epochs	1.0
276.88300506866454	0.04499500000002854	epochs	1.0
276.9280000686646	61.384995	epochs	0.0
276.9280000686646	0.5	epochs	-1.0
276.9280000686646	0.5	epochs	-1.0
276.9280000686646	0.5	epochs	1.0
277.4280000686646	0.060000000000002274	epochs	-1.0
277.4280000686646	0.024999999999977263	epochs	-1.0
277.4280000686646	0.024999999999977263	epochs	1.0
277.45300006866455	0.009999999999990905	epochs	-1.0
277.45300006866455	0.009999999999990905	epochs	1.0
277.46300006866454	0.025000000000034106	epochs	-1.0
277.46300006866454	0.025000000000034106	epochs	1.0
277.4880000686646	0.060000000000002274	epochs	-1.0
277.4880000686646	0.024999999999977263	epochs	-1.0
277.4880000686646	0.024999999999977263	epochs	1.0
277.51300006866455	0.009999999999990905	epochs	-1.0
277.51300006866455	0.009999999999990905	epochs	1.0
277.52300006866454	0.025000000000034106	epochs	-1.0
277.52300006866454	0.025000000000034106	epochs	1.0
277.5480000686646	0.05999999999994543	epochs	-1.0
277.5480000686646	0.024999999999977263	epochs	-1.0
277.5480000686646	0.024999999999977263	epochs	1.0
277.57300006866456	0.009999999999990905	epochs	-1.0
277.57300006866456	0.009999999999990905	epochs	1.0
277.58300006866455	0.024999999999977263	epochs	-1.0
277.58300006866455	0.024999999999977263	epochs	1.0
277.6080000686645	60.0	epochs	1.0
337.6080000686645	0.5	epochs	-1.0
337.6080000686645	0.5	epochs	-1.0
337.6080000686645	0.5	epochs	1.0
338.1080000686645	0.06000000000005912	epochs	-1.0
338.1080000686645	0.025000000000034106	epochs	-1.0
338.1080000686645	0.025000000000034106	epochs	1.0
338.13300006866456	0.009999999999990905	epochs	-1.0
338.13300006866456	0.009999999999990905	epochs	1.0
338.14300006866455	0.025000000000034106	epochs	-1.0
338.14300006866455	0.025000000000034106	epochs	1.0
338.1680000686646	0.05999999999994543	epochs	-1.0
338.1680000686646	0.024999999999977263	epochs	-1.0
338.1680000686646	0.024999999999977263	epochs	1.0
338.19300006866456	0.009999999999990905	epochs	-1.0
338.19300006866456	0.009999999999990905	epochs	1.0
338.20300006866455	0.024999999999977263	epochs	-1.0
338.20300006866455	0.024999999999977263	epochs	1.0
338.2280000686645	0.060000000000002274	epochs	-1.0
338.2280000686645	0.025000000000034106	epochs	-1.0
338.2280000686645	0.025000000000034106	epochs	1.0
338.25300006866456	0.009999999999990905	epochs	-1.0
338.25300006866456	0.009999999999990905	epochs	1.0
338.26300006866455	0.024999999999977263	epochs	-1.0
338.26300006866455	0.024999999999977263	epochs	1.0
338.28800006866453	0.02499500000004673	epochs	1.0
374.59800004959106	0.10000000000002274	epochs	0.0
374.59800004959106	0.045000000000015916	epochs	1.0
374.6430000495911	0.010004999999978281	epochs	1.0
374.65300504959106	0.04499500000002854	epochs	1.0
374.6980000495911	0.7049949999999967	epochs	0.0
374.6980000495911	0.5	epochs	-1.0
374.6980000495911	0.5	epochs	-1.0
374.6980000495911	0.5	epochs	1.0
375.1980000495911	0.060000000000002274	epochs	-1.0
375.1980000495911	0.024999999999977263	epochs	-1.0
375.1980000495911	0.024999999999977263	epochs	1.0
375.22300004959106	0.009999999999990905	epochs	-1.0
375.22300004959106	0.009999999999990905	epochs	1.0
375.23300004959106	0.025000000000034106	epochs	-1.0
375.23300004959106	0.025000000000034106	epochs	1.0
375.2580000495911	0.060000000000002274	epochs	-1.0
375.2580000495911	0.024999999999977263	epochs	-1.0
375.2580000495911	0.024999999999977263	epochs	1.0
375.28300004959107	0.009999999999990905	epochs	-1.0
375.28300004959107	0.009999999999990905	epochs	1.0
375.29300004959106	0.025000000000034106	epochs	-1.0
375.29300004959106	0.025000000000034106	epochs	1.0
375.3180000495911	0.05999999999994543	epochs	-1.0
375.3180000495911	0.024999999999977263	epochs	-1.0
375.3180000495911	0.024999999999977263	epochs	1.0
375.34300004959107	0.009999999999990905	epochs	-1.0
375.34300004959107	0.009999999999990905	epochs	1.0
375.35300004959106	0.024999999999977263	epochs	-1.0
375.35300004959106	0.024999999999977263	epochs	1.0
375.37800004959104	0.02499500000004673	epochs	1.0
414.85400009155273	0.18795999999997548	epochs	0.0
414.85400009155273	0.08897999999999229	epochs	1.0
414.9429800915527	0.010019999999997253	epochs	1.0
414.9530000915527	0.08895999999998594	epochs	1.0
415.0419600915527	5.9999800000000505	epochs	0.0
415.0419600915527	0.5	epochs	1.0
415.0419699915527	0.5	epochs	-1.0
415.0419699915527	0.5	epochs	-1.0
415.5419600915527	5.0	epochs	1.0
420.5419600915527	0.4999800000000505	epochs	1.0
420.5419699915527	0.4999701000000414	epochs	-1.0
430.9759998321533	0.18795999999997548	epochs	0.0
430.9759998321533	0.08897999999999229	epochs	1.0
431.0649798321533	0.010019999999997253	epochs	1.0
431.0749998321533	0.08895999999998594	epochs	1.0
431.1639598321533	3.0320200000000455	epochs	0.0
431.1639598321533	0.5	epochs	1.0
431.1639697321533	0.5	epochs	-1.0
431.6639598321533	1.0	epochs	1.0
432.6639598321533	1.5320200000000455	epochs	1.0
433.1639697321533	0.5	epochs	-1.0
433.6639697321533	0.5	epochs	-1.0
434.19597983215334	0.46796000000000504	epochs	0.0
434.9590001106262	0.18795999999997548	epochs	0.0
434.9590001106262	0.08897999999999229	epochs	1.0
435.0479801106262	0.010019999999997253	epochs	1.0
435.0580001106262	0.08895999999998594	epochs	1.0
435.1469601106262	2.5122800000000325	epochs	0.0
435.1469601106262	0.5	epochs	1.0
435.1469700106262	0.5	epochs	-1.0
435.6469601106262	1.0	epochs	1.0
436.6469601106262	1.0122800000000325	epochs	1.0
437.1469700106262	0.5	epochs	-1.0
437.65924011062623	0.987700000000018	epochs	0.0
438.4260001182556	0.18795999999997548	epochs	0.0
438.4260001182556	0.08897999999999229	epochs	1.0
438.5149801182556	0.010019999999997253	epochs	1.0
438.5250001182556	0.08895999999998594	epochs	1.0
438.6139601182556	3.4999800000000505	epochs	0.0
438.6139601182556	0.5	epochs	1.0
438.6139700182556	0.5	epochs	-1.0
439.1139601182556	1.0	epochs	1.0
440.1139601182556	1.9999800000000505	epochs	1.0
440.6139700182556	0.5	epochs	-1.0
441.1139700182556	0.5	epochs	-1.0
442.96999979019165	0.18795999999997548	epochs	0.0
442.96999979019165	0.08897999999999229	epochs	1.0
443.05897979019164	0.010019999999997253	epochs	1.0
443.06899979019164	0.08895999999998594	epochs	1.0
443.1579597901916	3.0325200000000336	epochs	0.0
443.1579597901916	0.5	epochs	1.0
443.15796969019163	0.5	epochs	-1.0
443.6579597901916	1.0	epochs	1.0
444.6579597901916	1.5325200000000336	epochs	1.0
445.15796969019163	0.5	epochs	-1.0
445.65796969019163	0.5	epochs	-1.0
446.19047979019166	0.46746000000001686	epochs	0.0
446.96999979019165	0.18795999999997548	epochs	0.0
446.96999979019165	0.08897999999999229	epochs	1.0
447.05897979019164	0.010019999999997253	epochs	1.0
447.06899979019164	0.08895999999998594	epochs	1.0
447.1579597901916	3.4999800000000505	epochs	0.0
447.1579597901916	0.5	epochs	1.0
447.15796969019163	0.5	epochs	-1.0
447.6579597901916	1.0	epochs	1.0
448.6579597901916	1.9999800000000505	epochs	1.0
449.15796969019163	0.5	epochs	-1.0
449.65796969019163	0.5	epochs	-1.0
451.56500005722046	0.18795999999997548	epochs	0.0
451.56500005722046	0.08897999999999229	epochs	1.0
451.65398005722045	0.010019999999997253	epochs	1.0
451.66400005722045	0.08895999999998594	epochs	1.0
451.75296005722043	0.5123200000000452	epochs	0.0
451.75296005722043	0.5	epochs	1.0
451.75296995722044	0.5	epochs	-1.0
452.25296005722043	0.012320000000045184	epochs	1.0
452.2652800572205	2.9876600000000053	epochs	0.0
459.7150001525879	0.18795999999997548	epochs	0.0
459.7150001525879	0.08897999999999229	epochs	1.0
459.8039801525879	0.010019999999997253	epochs	1.0
459.8140001525879	0.08895999999998594	epochs	1.0
459.90296015258787	3.4999800000000505	epochs	0.0
459.90296015258787	0.5	epochs	1.0
459.9029700525879	0.5	epochs	-1.0
460.40296015258787	1.0	epochs	1.0
461.40296015258787	1.9999800000000505	epochs	1.0
461.9029700525879	0.5	epochs	-1.0
462.4029700525879	0.5	epochs	-1.0
464.289999961853	0.18795999999997548	epochs	0.0
464.289999961853	0.08897999999999229	epochs	1.0
464.378979961853	0.010019999999997253	epochs	1.0
464.388999961853	0.08895999999998594	epochs	1.0
464.477959961853	0.5123800000000074	epochs	0.0
464.477959961853	0.5	epochs	1.0
464.477969861853	0.5	epochs	-1.0
464.977959961853	0.012380000000007385	epochs	1.0
464.990339961853	2.987600000000043	epochs	0.0
472.4800000190735	0.18795999999997548	epochs	0.0
472.4800000190735	0.08897999999999229	epochs	1.0
472.5689800190735	0.010019999999997253	epochs	1.0
472.5790000190735	0.08895999999998594	epochs	1.0
472.66796001907346	2.512300000000039	epochs	0.0
472.66796001907346	0.5	epochs	1.0
472.66796991907347	0.5	epochs	-1.0
473.16796001907346	1.0	epochs	1.0
474.16796001907346	1.0123000000000388	epochs	1.0
474.66796991907347	0.5	epochs	-1.0
475.1802600190735	0.9876800000000117	epochs	0.0
476.11299991607666	0.18795999999997548	epochs	0.0
476.11299991607666	0.08897999999999229	epochs	1.0
476.20197991607665	0.010019999999997253	epochs	1.0
476.21199991607665	0.08895999999998594	epochs	1.0
476.30095991607664	3.0324400000000082	epochs	0.0
476.30095991607664	0.5	epochs	1.0
476.30096981607664	0.5	epochs	-1.0
476.80095991607664	1.0	epochs	1.0
477.80095991607664	1.5324400000000082	epochs	1.0
478.30096981607664	0.5	epochs	-1.0
478.80096981607664	0.5	epochs	-1.0
479.33339991607664	0.46754000000004226	epochs	0.0
480.29699993133545	0.15298000000001366	epochs	0.0
480.29699993133545	0.05000000000001137	epochs	1.0
480.34699993133546	0.002999999999985903	epochs	1.0
480.34999993133545	0.09998000000001639	epochs	1.0
481.5019998550415	0.15298000000001366	epochs	0.0
481.5019998550415	0.05000000000001137	epochs	1.0
481.5519998550415	0.002999999999985903	epochs	1.0
481.5549998550415	0.09998000000001639	epochs	1.0
482.6019997596741	0.15298000000001366	epochs	0.0
482.6019997596741	0.05000000000001137	epochs	1.0
482.6519997596741	0.002999999999985903	epochs	1.0
482.65499975967407	0.09998000000001639	epochs	1.0
483.7350001335144	0.15298000000001366	epochs	0.0
483.7350001335144	0.05000000000001137	epochs	1.0
483.7850001335144	0.002999999999985903	epochs	1.0
483.7880001335144	0.09998000000001639	epochs	1.0
484.9520001411438	0.15298000000001366	epochs	0.0
484.9520001411438	0.05000000000001137	epochs	1.0
485.0020001411438	0.002999999999985903	epochs	1.0
485.0050001411438	0.09998000000001639	epochs	1.0
486.1019997596741	0.15298000000001366	epochs	0.0
486.1019997596741	0.05000000000001137	epochs	1.0
486.1519997596741	0.002999999999985903	epochs	1.0
486.15499975967407	0.09998000000001639	epochs	1.0
487.268000125885	0.15298000000001366	epochs	0.0
487.268000125885	0.05000000000001137	epochs	1.0
487.318000125885	0.002999999999985903	epochs	1.0
487.321000125885	0.09998000000001639	epochs	1.0
488.46799993515015	0.15298000000001366	epochs	0.0
488.46799993515015	0.05000000000001137	epochs	1.0
488.51799993515016	0.002999999999985903	epochs	1.0
488.52099993515014	0.09998000000001639	epochs	1.0
489.65199995040894	0.15298000000001366	epochs	0.0
489.65199995040894	0.05000000000001137	epochs	1.0
489.70199995040895	0.002999999999985903	epochs	1.0
489.70499995040893	0.09998000000001639	epochs	1.0
490.8489999771118	0.15298000000001366	epochs	0.0
490.8489999771118	0.05000000000001137	epochs	1.0
490.8989999771118	0.002999999999985903	epochs	1.0
490.9019999771118	0.09998000000001639	epochs	1.0
492.0989999771118	0.15298000000001366	epochs	0.0
492.0989999771118	0.05000000000001137	epochs	1.0
492.1489999771118	0.002999999999985903	epochs	1.0
492.1519999771118	0.09998000000001639	epochs	1.0
493.3990001678467	0.18795999999997548	epochs	0.0
493.3990001678467	0.08897999999999229	epochs	1.0
493.4879801678467	0.010019999999997253	epochs	1.0
493.49800016784667	0.08895999999998594	epochs	1.0
493.58696016784666	1.6029800000000023	epochs	0.0
493.58696016784666	0.5	epochs	1.0
493.58697006784666	0.5	epochs	-1.0
494.08696016784666	0.0030000000000427463	epochs	1.0
494.0899601678467	1.0999799999999595	epochs	1.0
494.5899700678467	0.5	epochs	-1.0
496.31500005722046	0.18795999999997548	epochs	0.0
496.31500005722046	0.08897999999999229	epochs	1.0
496.40398005722045	0.010019999999997253	epochs	1.0
496.41400005722045	0.08895999999998594	epochs	1.0
496.50296005722043	0.5125400000000013	epochs	0.0
496.50296005722043	0.5	epochs	1.0
496.50296995722044	0.5	epochs	-1.0
497.00296005722043	0.0030000000000427463	epochs	1.0
497.0059600572205	0.009539999999958582	epochs	1.0
497.01550005722044	1.090440000000001	epochs	0.0
509.57100009918213	0.18795999999997548	epochs	0.0
509.57100009918213	0.08897999999999229	epochs	1.0
509.6599800991821	0.010019999999997253	epochs	1.0
509.6700000991821	0.08895999999998594	epochs	1.0
509.7589600991821	1.5120600000000195	epochs	0.0
509.7589600991821	0.5	epochs	1.0
509.7589699991821	0.5	epochs	-1.0
510.2589600991821	0.0030000000000427463	epochs	1.0
510.26196009918215	1.0090599999999768	epochs	1.0
510.76196999918216	0.5	epochs	-1.0
511.2710200991821	0.09091999999998279	epochs	0.0
512.3860001564026	0.18795999999997548	epochs	0.0
512.3860001564026	0.08897999999999229	epochs	1.0
512.4749801564026	0.010020000000054097	epochs	1.0
512.4850001564026	0.0889599999999291	epochs	1.0
512.5739601564026	0.5122800000000325	epochs	0.0
512.5739601564026	0.5	epochs	1.0
512.5739700564026	0.5	epochs	-1.0
513.0739601564026	0.0030000000000427463	epochs	1.0
513.0769601564026	0.009279999999989741	epochs	1.0
513.0862401564026	1.0906999999999698	epochs	0.0
525.731999874115	0.18795999999997548	epochs	0.0
525.731999874115	0.08897999999999229	epochs	1.0
525.820979874115	0.010020000000054097	epochs	1.0
525.830999874115	0.0889599999999291	epochs	1.0
525.919959874115	1.5116800000000694	epochs	0.0
525.919959874115	0.5	epochs	1.0
525.919969774115	0.5	epochs	-1.0
526.419959874115	0.0030000000000427463	epochs	1.0
526.422959874115	1.0086800000000267	epochs	1.0
526.922969774115	0.5	epochs	-1.0
527.431639874115	0.09129999999993288	epochs	0.0
528.5650000572205	0.18795999999997548	epochs	0.0
528.5650000572205	0.08897999999999229	epochs	1.0
528.6539800572205	0.010020000000054097	epochs	1.0
528.6640000572205	0.0889599999999291	epochs	1.0
528.7529600572204	1.5117199999999684	epochs	0.0
528.7529600572204	0.5	epochs	1.0
528.7529699572204	0.5	epochs	-1.0
529.2529600572204	0.0030000000000427463	epochs	1.0
529.2559600572205	1.0087199999999257	epochs	1.0
529.7559699572205	0.5	epochs	-1.0
530.2646800572204	0.09126000000003387	epochs	0.0
531.4969997406006	0.6499800000000278	epochs	0.0
531.4969997406006	0.049999999999954525	epochs	1.0
531.5469997406005	0.5	epochs	1.0
532.0469997406005	0.09998000000007323	epochs	1.0
533.4299998283386	0.6499800000000278	epochs	0.0
533.4299998283386	0.049999999999954525	epochs	1.0
533.4799998283386	0.5	epochs	1.0
533.9799998283386	0.09998000000007323	epochs	1.0
535.3639998435974	0.6499800000000278	epochs	0.0
535.3639998435974	0.049999999999954525	epochs	1.0
535.4139998435974	0.5	epochs	1.0
535.9139998435974	0.09998000000007323	epochs	1.0
537.3470001220703	0.18795999999997548	epochs	0.0
537.3470001220703	0.08897999999999229	epochs	1.0
537.4359801220703	0.010020000000054097	epochs	1.0
537.4460001220704	0.0889599999999291	epochs	1.0
537.5349601220703	0.51204000000007	epochs	0.0
537.5349601220703	0.5	epochs	1.0
537.5349700220703	0.5	epochs	-1.0
538.0349601220703	0.012040000000069995	epochs	1.0
538.0470001220704	4.9879399999999805	epochs	0.0
542.4860000610352	0.18795999999997548	epochs	0.0
542.4860000610352	0.08897999999999229	epochs	1.0
542.5749800610351	0.010020000000054097	epochs	1.0
542.5850000610352	0.0889599999999291	epochs	1.0
542.6739600610351	5.032220000000052	epochs	0.0
542.6739600610351	0.5	epochs	1.0
542.6739699610351	0.5	epochs	-1.0
543.1739600610351	1.0	epochs	1.0
544.1739600610351	3.532220000000052	epochs	1.0
544.6739699610351	0.5	epochs	-1.0
545.1739699610351	0.5	epochs	-1.0
545.6739699610351	0.5	epochs	-1.0
546.1739699610351	0.5	epochs	-1.0
546.6739699610351	0.5	epochs	-1.0
547.1739699610351	0.5	epochs	-1.0
547.7061800610352	0.4677599999999984	epochs	0.0
549.1189999580383	0.18795999999997548	epochs	0.0
549.1189999580383	0.08897999999999229	epochs	1.0
549.2079799580383	0.010020000000054097	epochs	1.0
549.2179999580384	0.0889599999999291	epochs	1.0
549.3069599580383	0.5123800000000074	epochs	0.0
549.3069599580383	0.5	epochs	1.0
549.3069698580383	0.5	epochs	-1.0
549.8069599580383	0.012380000000007385	epochs	1.0
549.8193399580383	4.987600000000043	epochs	0.0
569.2979998588562	0.18795999999997548	epochs	0.0
569.2979998588562	0.08897999999999229	epochs	1.0
569.3869798588562	0.010020000000054097	epochs	1.0
569.3969998588562	0.0889599999999291	epochs	1.0
569.4859598588562	5.0514799999999696	epochs	0.0
569.4859598588562	0.5	epochs	1.0
569.4859697588562	0.5	epochs	-1.0
569.9859598588562	1.0	epochs	1.0
570.9859598588562	3.5514799999999696	epochs	1.0
571.4859697588562	0.5	epochs	-1.0
571.9859697588562	0.5	epochs	-1.0
572.4859697588562	0.5	epochs	-1.0
572.9859697588562	0.5	epochs	-1.0
573.4859697588562	0.5	epochs	-1.0
573.9859697588562	0.5	epochs	-1.0
574.5374398588561	0.44850000000008095	epochs	0.0
575.9340000152588	0.18795999999997548	epochs	0.0
575.9340000152588	0.08897999999999229	epochs	1.0
576.0229800152588	0.010020000000054097	epochs	1.0
576.0330000152588	0.0889599999999291	epochs	1.0
576.1219600152588	0.5116600000000062	epochs	0.0
576.1219600152588	0.5	epochs	1.0
576.1219699152588	0.5	epochs	-1.0
576.6219600152588	0.011660000000006221	epochs	1.0
576.6336200152588	4.988320000000044	epochs	0.0
581.0840001106262	0.18795999999997548	epochs	0.0
581.0840001106262	0.08897999999999229	epochs	1.0
581.1729801106262	0.010020000000054097	epochs	1.0
581.1830001106263	0.0889599999999291	epochs	1.0
581.2719601106262	4.531940000000077	epochs	0.0
581.2719601106262	0.5	epochs	1.0
581.2719700106262	0.5	epochs	-1.0
581.7719601106262	1.0	epochs	1.0
582.7719601106262	3.031940000000077	epochs	1.0
583.2719700106262	0.5	epochs	-1.0
583.7719700106262	0.5	epochs	-1.0
584.2719700106262	0.5	epochs	-1.0
584.7719700106262	0.5	epochs	-1.0
585.2719700106262	0.5	epochs	-1.0
585.8039001106263	0.9680399999999736	epochs	0.0
587.2469997406006	0.18795999999997548	epochs	0.0
587.2469997406006	0.08897999999999229	epochs	1.0
587.3359797406006	0.010020000000054097	epochs	1.0
587.3459997406006	0.0889599999999291	epochs	1.0
587.4349597406006	4.531659999999988	epochs	0.0
587.4349597406006	0.5	epochs	1.0
587.4349696406006	0.5	epochs	-1.0
587.9349597406006	1.0	epochs	1.0
588.9349597406006	3.031659999999988	epochs	1.0
589.4349696406006	0.5	epochs	-1.0
589.9349696406006	0.5	epochs	-1.0
590.4349696406006	0.5	epochs	-1.0
590.9349696406006	0.5	epochs	-1.0
591.4349696406006	0.5	epochs	-1.0
591.9666197406005	0.9683200000000625	epochs	0.0
593.5359997749329	0.18795999999997548	epochs	0.0
593.5359997749329	0.08897999999999229	epochs	1.0
593.6249797749329	0.010020000000054097	epochs	1.0
593.6349997749329	0.0889599999999291	epochs	1.0
593.7239597749328	2.5121800000000576	epochs	0.0
593.7239597749328	0.5	epochs	1.0
593.7239696749328	0.5	epochs	-1.0
594.2239597749328	1.0	epochs	1.0
595.2239597749328	1.0121800000000576	epochs	1.0
595.7239696749328	0.5	epochs	-1.0
596.2361397749329	2.987799999999993	epochs	0.0
598.7189998626709	0.18795999999997548	epochs	0.0
598.7189998626709	0.08897999999999229	epochs	1.0
598.8079798626709	0.010020000000054097	epochs	1.0
598.817999862671	0.0889599999999291	epochs	1.0
598.9069598626709	2.511820000000057	epochs	0.0
598.9069598626709	0.5	epochs	1.0
598.9069697626709	0.5	epochs	-1.0
599.4069598626709	1.0	epochs	1.0
600.4069598626709	1.011820000000057	epochs	1.0
600.9069697626709	0.5	epochs	-1.0
601.4187798626709	2.9881599999999935	epochs	0.0
603.8589997291565	0.18795999999997548	epochs	0.0
603.8589997291565	0.08897999999999229	epochs	1.0
603.9479797291565	0.010020000000054097	epochs	1.0
603.9579997291565	0.0889599999999291	epochs	1.0
604.0469597291565	0.5124000000000706	epochs	0.0
604.0469597291565	0.5	epochs	1.0
604.0469696291565	0.5	epochs	-1.0
604.5469597291565	0.012400000000070577	epochs	1.0
604.5593597291565	4.98757999999998	epochs	0.0
628.8629999160767	0.18795999999997548	epochs	0.0
628.8629999160767	0.08897999999999229	epochs	1.0
628.9519799160767	0.010020000000054097	epochs	1.0
628.9619999160767	0.0889599999999291	epochs	1.0
629.0509599160766	5.4999800000000505	epochs	0.0
629.0509599160766	0.5	epochs	1.0
629.0509698160766	0.5	epochs	-1.0
629.5509599160766	1.0	epochs	1.0
630.5509599160766	3.9999800000000505	epochs	1.0
631.0509698160766	0.5	epochs	-1.0
631.5509698160766	0.5	epochs	-1.0
632.0509698160766	0.5	epochs	-1.0
632.5509698160766	0.5	epochs	-1.0
633.0509698160766	0.5	epochs	-1.0
633.5509698160766	0.5	epochs	-1.0
636.2540001869202	0.18795999999997548	epochs	0.0
636.2540001869202	0.08897999999999229	epochs	1.0
636.3429801869202	0.010020000000054097	epochs	1.0
636.3530001869202	0.0889599999999291	epochs	1.0
636.4419601869201	5.03236000000004	epochs	0.0
636.4419601869201	0.5	epochs	1.0
636.4419700869202	0.5	epochs	-1.0
636.9419601869201	1.0	epochs	1.0
637.9419601869201	3.5323600000000397	epochs	1.0
638.4419700869202	0.5	epochs	-1.0
638.9419700869202	0.5	epochs	-1.0
639.4419700869202	0.5	epochs	-1.0
639.9419700869202	0.5	epochs	-1.0
640.4419700869202	0.5	epochs	-1.0
640.9419700869202	0.5	epochs	-1.0
641.4743201869202	0.4676200000000108	epochs	0.0
643.2269997596741	0.18795999999997548	epochs	0.0
643.2269997596741	0.08897999999999229	epochs	1.0
643.3159797596741	0.010020000000054097	epochs	1.0
643.3259997596741	0.0889599999999291	epochs	1.0
643.414959759674	0.5116400000000567	epochs	0.0
643.414959759674	0.5	epochs	1.0
643.4149696596741	0.5	epochs	-1.0
643.914959759674	0.011640000000056716	epochs	1.0
643.9265997596741	4.988339999999994	epochs	0.0
663.3330001831055	0.18795999999997548	epochs	0.0
663.3330001831055	0.08897999999999229	epochs	1.0
663.4219801831055	0.010020000000054097	epochs	1.0
663.4320001831055	0.0889599999999291	epochs	1.0
663.5209601831054	5.051820000000021	epochs	0.0
663.5209601831054	0.5	epochs	1.0
663.5209700831055	0.5	epochs	-1.0
664.0209601831054	1.0	epochs	1.0
665.0209601831054	3.5518200000000206	epochs	1.0
665.5209700831055	0.5	epochs	-1.0
666.0209700831055	0.5	epochs	-1.0
666.5209700831055	0.5	epochs	-1.0
667.0209700831055	0.5	epochs	-1.0
667.5209700831055	0.5	epochs	-1.0
668.0209700831055	0.5	epochs	-1.0
668.5727801831055	0.44816000000002987	epochs	0.0
670.3829998970032	0.18795999999997548	epochs	0.0
670.3829998970032	0.08897999999999229	epochs	1.0
670.4719798970032	0.010020000000054097	epochs	1.0
670.4819998970032	0.0889599999999291	epochs	1.0
670.5709598970031	3.5323000000000775	epochs	0.0
670.5709598970031	0.5	epochs	1.0
670.5709697970032	0.5	epochs	-1.0
671.0709598970031	1.0	epochs	1.0
672.0709598970031	2.0323000000000775	epochs	1.0
672.5709697970032	0.5	epochs	-1.0
673.0709697970032	0.5	epochs	-1.0
673.5709697970032	0.5	epochs	-1.0
674.1032598970032	1.967679999999973	epochs	0.0
676.1160001754761	0.18795999999997548	epochs	0.0
676.1160001754761	0.08897999999999229	epochs	1.0
676.2049801754761	0.010020000000054097	epochs	1.0
676.2150001754761	0.0889599999999291	epochs	1.0
676.303960175476	4.032120000000077	epochs	0.0
676.303960175476	0.5	epochs	1.0
676.3039700754761	0.5	epochs	-1.0
676.803960175476	1.0	epochs	1.0
677.803960175476	2.532120000000077	epochs	1.0
678.3039700754761	0.5	epochs	-1.0
678.8039700754761	0.5	epochs	-1.0
679.3039700754761	0.5	epochs	-1.0
679.8039700754761	0.5	epochs	-1.0
680.3360801754761	1.4678599999999733	epochs	0.0
682.2469997406006	0.18795999999997548	epochs	0.0
682.2469997406006	0.08897999999999229	epochs	1.0
682.3359797406006	0.010020000000054097	epochs	1.0
682.3459997406006	0.0889599999999291	epochs	1.0
682.4349597406006	2.531659999999988	epochs	0.0
682.4349597406006	0.5	epochs	1.0
682.4349696406006	0.5	epochs	-1.0
682.9349597406006	1.0	epochs	1.0
683.9349597406006	1.031659999999988	epochs	1.0
684.4349696406006	0.5	epochs	-1.0
684.9666197406005	2.9683200000000625	epochs	0.0
687.3800001144409	0.18795999999997548	epochs	0.0
687.3800001144409	0.08897999999999229	epochs	1.0
687.4689801144409	0.010020000000054097	epochs	1.0
687.479000114441	0.0889599999999291	epochs	1.0
687.5679601144409	2.532440000000065	epochs	0.0
687.5679601144409	0.5	epochs	1.0
687.5679700144409	0.5	epochs	-1.0
688.0679601144409	1.0	epochs	1.0
689.0679601144409	1.032440000000065	epochs	1.0
689.5679700144409	0.5	epochs	-1.0
690.100400114441	2.9675399999999854	epochs	0.0
692.5110001564026	0.18795999999997548	epochs	0.0
692.5110001564026	0.08897999999999229	epochs	1.0
692.5999801564026	0.010020000000054097	epochs	1.0
692.6100001564026	0.0889599999999291	epochs	1.0
692.6989601564026	2.511799999999994	epochs	0.0
692.6989601564026	0.5	epochs	1.0
692.6989700564026	0.5	epochs	-1.0
693.1989601564026	1.0	epochs	1.0
694.1989601564026	1.0117999999999938	epochs	1.0
694.6989700564026	0.5	epochs	-1.0
695.2107601564026	2.9881800000000567	epochs	0.0
697.6609997749329	0.18795999999997548	epochs	0.0
697.6609997749329	0.08897999999999229	epochs	1.0
697.7499797749329	0.010020000000054097	epochs	1.0
697.7599997749329	0.0889599999999291	epochs	1.0
697.8489597749328	2.512079999999969	epochs	0.0
697.8489597749328	0.5	epochs	1.0
697.8489696749328	0.5	epochs	-1.0
698.3489597749328	1.0	epochs	1.0
699.3489597749328	1.012079999999969	epochs	1.0
699.8489696749328	0.5	epochs	-1.0
700.3610397749328	2.9879000000000815	epochs	0.0
702.8039999008179	0.18795999999997548	epochs	0.0
702.8039999008179	0.08897999999999229	epochs	1.0
702.8929799008179	0.010020000000054097	epochs	1.0
702.9029999008179	0.0889599999999291	epochs	1.0
702.9919599008178	4.031920000000014	epochs	0.0
702.9919599008178	0.5	epochs	1.0
702.9919698008179	0.5	epochs	-1.0
703.4919599008178	1.0	epochs	1.0
704.4919599008178	2.5319200000000137	epochs	1.0
704.9919698008179	0.5	epochs	-1.0
705.4919698008179	0.5	epochs	-1.0
705.9919698008179	0.5	epochs	-1.0
706.4919698008179	0.5	epochs	-1.0
707.0238799008179	2.468060000000037	epochs	0.0
709.2540001869202	0.18795999999997548	epochs	0.0
709.2540001869202	0.08897999999999229	epochs	1.0
709.3429801869202	0.010020000000054097	epochs	1.0
709.3530001869202	0.0889599999999291	epochs	1.0
709.4419601869201	0.5125400000000582	epochs	0.0
709.4419601869201	0.5	epochs	1.0
709.4419700869202	0.5	epochs	-1.0
709.9419601869201	0.012540000000058171	epochs	1.0
709.9545001869202	5.987439999999992	epochs	0.0
720.3810000419617	0.18795999999997548	epochs	0.0
720.3810000419617	0.08897999999999229	epochs	1.0
720.4699800419617	0.010020000000054097	epochs	1.0
720.4800000419617	0.0889599999999291	epochs	1.0
720.5689600419616	0.5124000000000706	epochs	0.0
720.5689600419616	0.5	epochs	1.0
720.5689699419617	0.5	epochs	-1.0
721.0689600419616	0.012400000000070577	epochs	1.0
721.0813600419617	5.98757999999998	epochs	0.0
723.2490000724792	0.18795999999997548	epochs	0.0
723.2490000724792	0.08897999999999229	epochs	1.0
723.3379800724792	0.010020000000054097	epochs	1.0
723.3480000724793	0.0889599999999291	epochs	1.0
723.4369600724792	4.031600000000026	epochs	0.0
723.4369600724792	0.5	epochs	1.0
723.4369699724792	0.5	epochs	-1.0
723.9369600724792	1.0	epochs	1.0
724.9369600724792	2.531600000000026	epochs	1.0
725.4369699724792	0.5	epochs	-1.0
725.9369699724792	0.5	epochs	-1.0
726.4369699724792	0.5	epochs	-1.0
726.9369699724792	0.5	epochs	-1.0
727.4685600724792	2.4683800000000247	epochs	0.0
729.8990001678467	0.18795999999997548	epochs	0.0
729.8990001678467	0.08897999999999229	epochs	1.0
729.9879801678467	0.010020000000054097	epochs	1.0
729.9980001678467	0.0889599999999291	epochs	1.0
730.0869601678467	0.5120200000000068	epochs	0.0
730.0869601678467	0.5	epochs	1.0
730.0869700678467	0.5	epochs	-1.0
730.5869601678467	0.012020000000006803	epochs	1.0
730.5989801678467	5.987960000000044	epochs	0.0
732.8319997787476	0.18795999999997548	epochs	0.0
732.8319997787476	0.08897999999999229	epochs	1.0
732.9209797787476	0.010020000000054097	epochs	1.0
732.9309997787476	0.0889599999999291	epochs	1.0
733.0199597787475	4.5318600000000515	epochs	0.0
733.0199597787475	0.5	epochs	1.0
733.0199696787475	0.5	epochs	-1.0
733.5199597787475	1.0	epochs	1.0
734.5199597787475	3.0318600000000515	epochs	1.0
735.0199696787475	0.5	epochs	-1.0
735.5199696787475	0.5	epochs	-1.0
736.0199696787475	0.5	epochs	-1.0
736.5199696787475	0.5	epochs	-1.0
737.0199696787475	0.5	epochs	-1.0
737.5518197787476	1.968119999999999	epochs	0.0
740.146999835968	0.18795999999997548	epochs	0.0
740.146999835968	0.08897999999999229	epochs	1.0
740.235979835968	0.010020000000054097	epochs	1.0
740.2459998359681	0.0889599999999291	epochs	1.0
740.334959835968	5.051739999999995	epochs	0.0
740.334959835968	0.5	epochs	1.0
740.334969735968	0.5	epochs	-1.0
740.834959835968	1.0	epochs	1.0
741.834959835968	3.5517399999999952	epochs	1.0
742.334969735968	0.5	epochs	-1.0
742.834969735968	0.5	epochs	-1.0
743.334969735968	0.5	epochs	-1.0
743.834969735968	0.5	epochs	-1.0
744.334969735968	0.5	epochs	-1.0
744.834969735968	0.5	epochs	-1.0
745.386699835968	1.4482400000000553	epochs	0.0
749.164999961853	0.18795999999997548	epochs	0.0
749.164999961853	0.08897999999999229	epochs	1.0
749.253979961853	0.010020000000054097	epochs	1.0
749.2639999618531	0.0889599999999291	epochs	1.0
749.352959961853	5.532519999999977	epochs	0.0
749.352959961853	0.5	epochs	1.0
749.352969861853	0.5	epochs	-1.0
749.852959961853	1.0	epochs	1.0
750.852959961853	4.032519999999977	epochs	1.0
751.352969861853	0.5	epochs	-1.0
751.852969861853	0.5	epochs	-1.0
752.352969861853	0.5	epochs	-1.0
752.852969861853	0.5	epochs	-1.0
753.352969861853	0.5	epochs	-1.0
753.852969861853	0.5	epochs	-1.0
754.352969861853	0.5	epochs	-1.0
754.885479961853	4.967460000000074	epochs	0.0
764.2979998588562	0.18795999999997548	epochs	0.0
764.2979998588562	0.08897999999999229	epochs	1.0
764.3869798588562	0.010020000000054097	epochs	1.0
764.3969998588562	0.0889599999999291	epochs	1.0
764.4859598588562	0.5121599999999944	epochs	0.0
764.4859598588562	0.5	epochs	1.0
764.4859697588562	0.5	epochs	-1.0
764.9859598588562	0.012159999999994398	epochs	1.0
764.9981198588562	9.987820000000056	epochs	0.0
779.4769997596741	0.18795999999997548	epochs	0.0
779.4769997596741	0.08897999999999229	epochs	1.0
779.5659797596741	0.010020000000054097	epochs	1.0
779.5759997596741	0.0889599999999291	epochs	1.0
779.664959759674	6.051600000000008	epochs	0.0
779.664959759674	0.5	epochs	1.0
779.6649696596741	0.5	epochs	-1.0
780.164959759674	1.0	epochs	1.0
781.164959759674	4.551600000000008	epochs	1.0
781.6649696596741	0.5	epochs	-1.0
782.1649696596741	0.5	epochs	-1.0
782.6649696596741	0.5	epochs	-1.0
783.1649696596741	0.5	epochs	-1.0
783.6649696596741	0.5	epochs	-1.0
784.1649696596741	0.5	epochs	-1.0
784.6649696596741	0.5	epochs	-1.0
785.1649696596741	0.5	epochs	-1.0
785.716559759674	4.448380000000043	epochs	0.0
794.5819997787476	0.18795999999997548	epochs	0.0
794.5819997787476	0.08897999999999229	epochs	1.0
794.6709797787476	0.010020000000054097	epochs	1.0
794.6809997787476	0.0889599999999291	epochs	1.0
794.7699597787475	0.5117199999999684	epochs	0.0
794.7699597787475	0.5	epochs	1.0
794.7699696787475	0.5	epochs	-1.0
795.2699597787475	0.011719999999968422	epochs	1.0
795.2816797787475	9.988260000000082	epochs	0.0
809.7569999694824	0.18795999999997548	epochs	0.0
809.7569999694824	0.08897999999999229	epochs	1.0
809.8459799694824	0.010020000000054097	epochs	1.0
809.8559999694825	0.0889599999999291	epochs	1.0
809.9449599694824	8.51150000000007	epochs	0.0
809.9449599694824	0.5	epochs	1.0
809.9449698694824	0.5	epochs	-1.0
810.4449599694824	1.0	epochs	1.0
811.4449599694824	7.011500000000069	epochs	1.0
811.9449698694824	0.5	epochs	-1.0
812.4449698694824	0.5	epochs	-1.0
812.9449698694824	0.5	epochs	-1.0
813.4449698694824	0.5	epochs	-1.0
813.9449698694824	0.5	epochs	-1.0
814.4449698694824	0.5	epochs	-1.0
814.9449698694824	0.5	epochs	-1.0
815.4449698694824	0.5	epochs	-1.0
815.9449698694824	0.5	epochs	-1.0
816.4449698694824	0.5	epochs	-1.0
816.9449698694824	0.5	epochs	-1.0
817.4449698694824	0.5	epochs	-1.0
817.9449698694824	0.5	epochs	-1.0
818.4564599694825	1.9884799999999814	epochs	0.0
824.9980001449585	0.18795999999997548	epochs	0.0
824.9980001449585	0.08897999999999229	epochs	1.0
825.0869801449585	0.010020000000054097	epochs	1.0
825.0970001449585	0.0889599999999291	epochs	1.0
825.1859601449585	0.5119200000000319	epochs	0.0
825.1859601449585	0.5	epochs	1.0
825.1859700449585	0.5	epochs	-1.0
825.6859601449585	0.011920000000031905	epochs	1.0
825.6978801449585	9.988060000000019	epochs	0.0
840.1809997558594	0.18795999999997548	epochs	0.0
840.1809997558594	0.08897999999999229	epochs	1.0
840.2699797558594	0.010020000000054097	epochs	1.0
840.2799997558594	0.0889599999999291	epochs	1.0
840.3689597558594	0.5120000000000573	epochs	0.0
840.3689597558594	0.5	epochs	1.0
840.3689696558594	0.5	epochs	-1.0
840.8689597558594	0.012000000000057298	epochs	1.0
840.8809597558594	9.987979999999993	epochs	0.0
855.3819999694824	0.18795999999997548	epochs	0.0
855.3819999694824	0.08897999999999229	epochs	1.0
855.4709799694824	0.010020000000054097	epochs	1.0
855.4809999694825	0.0889599999999291	epochs	1.0
855.5699599694824	9.032280000000014	epochs	0.0
855.5699599694824	0.5	epochs	1.0
855.5699698694824	0.5	epochs	-1.0
856.0699599694824	1.0	epochs	1.0
857.0699599694824	7.532280000000014	epochs	1.0
857.5699698694824	0.5	epochs	-1.0
858.0699698694824	0.5	epochs	-1.0
858.5699698694824	0.5	epochs	-1.0
859.0699698694824	0.5	epochs	-1.0
859.5699698694824	0.5	epochs	-1.0
860.0699698694824	0.5	epochs	-1.0
860.5699698694824	0.5	epochs	-1.0
861.0699698694824	0.5	epochs	-1.0
861.5699698694824	0.5	epochs	-1.0
862.0699698694824	0.5	epochs	-1.0
862.5699698694824	0.5	epochs	-1.0
863.0699698694824	0.5	epochs	-1.0
863.5699698694824	0.5	epochs	-1.0
864.0699698694824	0.5	epochs	-1.0
864.6022399694824	1.4677000000000362	epochs	0.0
870.5819997787476	0.18795999999997548	epochs	0.0
870.5819997787476	0.08897999999999229	epochs	1.0
870.6709797787476	0.010020000000054097	epochs	1.0
870.6809997787476	0.0889599999999291	epochs	1.0
870.7699597787475	10.011939999999981	epochs	0.0
870.7699597787475	0.5	epochs	1.0
870.7699696787475	0.5	epochs	-1.0
871.2699597787475	1.0	epochs	1.0
872.2699597787475	8.511939999999981	epochs	1.0
872.7699696787475	0.5	epochs	-1.0
873.2699696787475	0.5	epochs	-1.0
873.7699696787475	0.5	epochs	-1.0
874.2699696787475	0.5	epochs	-1.0
874.7699696787475	0.5	epochs	-1.0
875.2699696787475	0.5	epochs	-1.0
875.7699696787475	0.5	epochs	-1.0
876.2699696787475	0.5	epochs	-1.0
876.7699696787475	0.5	epochs	-1.0
877.2699696787475	0.5	epochs	-1.0
877.7699696787475	0.5	epochs	-1.0
878.2699696787475	0.5	epochs	-1.0
878.7699696787475	0.5	epochs	-1.0
879.2699696787475	0.5	epochs	-1.0
879.7699696787475	0.5	epochs	-1.0
880.2699696787475	0.5	epochs	-1.0
880.7818997787475	0.4880400000000691	epochs	0.0
885.6960000991821	0.18795999999997548	epochs	0.0
885.6960000991821	0.08897999999999229	epochs	1.0
885.7849800991821	0.010020000000054097	epochs	1.0
885.7950000991822	0.0889599999999291	epochs	1.0
885.8839600991821	8.011640000000057	epochs	0.0
885.8839600991821	0.5	epochs	1.0
885.8839699991821	0.5	epochs	-1.0
886.3839600991821	1.0	epochs	1.0
887.3839600991821	6.511640000000057	epochs	1.0
887.8839699991821	0.5	epochs	-1.0
888.3839699991821	0.5	epochs	-1.0
888.8839699991821	0.5	epochs	-1.0
889.3839699991821	0.5	epochs	-1.0
889.8839699991821	0.5	epochs	-1.0
890.3839699991821	0.5	epochs	-1.0
890.8839699991821	0.5	epochs	-1.0
891.3839699991821	0.5	epochs	-1.0
891.8839699991821	0.5	epochs	-1.0
892.3839699991821	0.5	epochs	-1.0
892.8839699991821	0.5	epochs	-1.0
893.3839699991821	0.5	epochs	-1.0
893.8956000991822	2.488339999999994	epochs	0.0
900.9029998779297	0.18795999999997548	epochs	0.0
900.9029998779297	0.08897999999999229	epochs	1.0
900.9919798779297	0.010020000000054097	epochs	1.0
901.0019998779297	0.0889599999999291	epochs	1.0
901.0909598779297	0.5118999999999687	epochs	0.0
901.0909598779297	0.5	epochs	1.0
901.0909697779297	0.5	epochs	-1.0
901.5909598779297	0.011899999999968713	epochs	1.0
901.6028598779296	9.988080000000082	epochs	0.0
916.0380001068115	0.18795999999997548	epochs	0.0
916.0380001068115	0.08897999999999229	epochs	1.0
916.1269801068115	0.010020000000054097	epochs	1.0
916.1370001068116	0.0889599999999291	epochs	1.0
916.2259601068115	6.051199999999994	epochs	0.0
916.2259601068115	0.5	epochs	1.0
916.2259700068115	0.5	epochs	-1.0
916.7259601068115	1.0	epochs	1.0
917.7259601068115	4.551199999999994	epochs	1.0
918.2259700068115	0.5	epochs	-1.0
918.7259700068115	0.5	epochs	-1.0
919.2259700068115	0.5	epochs	-1.0
919.7259700068115	0.5	epochs	-1.0
920.2259700068115	0.5	epochs	-1.0
920.7259700068115	0.5	epochs	-1.0
921.2259700068115	0.5	epochs	-1.0
921.7259700068115	0.5	epochs	-1.0
922.2771601068115	4.448780000000056	epochs	0.0
931.1539998054504	0.18795999999997548	epochs	0.0
931.1539998054504	0.08897999999999229	epochs	1.0
931.2429798054504	0.010020000000054097	epochs	1.0
931.2529998054505	0.0889599999999291	epochs	1.0
931.3419598054504	5.0316400000000385	epochs	0.0
931.3419598054504	0.5	epochs	1.0
931.3419697054504	0.5	epochs	-1.0
931.8419598054504	1.0	epochs	1.0
932.8419598054504	3.5316400000000385	epochs	1.0
933.3419697054504	0.5	epochs	-1.0
933.8419697054504	0.5	epochs	-1.0
934.3419697054504	0.5	epochs	-1.0
934.8419697054504	0.5	epochs	-1.0
935.3419697054504	0.5	epochs	-1.0
935.8419697054504	0.5	epochs	-1.0
936.3735998054505	5.468340000000012	epochs	0.0
946.311999797821	0.18795999999997548	epochs	0.0
946.311999797821	0.08897999999999229	epochs	1.0
946.400979797821	0.010020000000054097	epochs	1.0
946.4109997978211	0.0889599999999291	epochs	1.0
946.499959797821	0.5125600000000077	epochs	0.0
946.499959797821	0.5	epochs	1.0
946.499969697821	0.5	epochs	-1.0
946.999959797821	0.012560000000007676	epochs	1.0
947.012519797821	9.987420000000043	epochs	0.0
961.5549998283386	0.18795999999997548	epochs	0.0
961.5549998283386	0.08897999999999229	epochs	1.0
961.6439798283386	0.010020000000054097	epochs	1.0
961.6539998283387	0.0889599999999291	epochs	1.0
961.7429598283386	5.812000000000012	epochs	0.0
961.7429598283386	0.5	epochs	1.0
961.7429697283386	0.5	epochs	-1.0
962.2429598283386	5.312000000000012	epochs	1.0
964.5550998283386	2.9998600000000124	epochs	-1.0
964.5550998283386	0.03966000000002623	epochs	-1.0
965.0526097283387	0.5	epochs	-1.0
965.5526097283387	0.5	epochs	-1.0
966.0526097283387	0.5	epochs	-1.0
966.5526097283387	0.5	epochs	-1.0
967.0526097283387	0.5	epochs	-1.0
967.5549598283386	13.687980000000039	epochs	0.0
971.5460000038147	0.18795999999997548	epochs	0.0
971.5460000038147	0.08897999999999229	epochs	1.0
971.6349800038147	0.010020000000054097	epochs	1.0
971.6450000038147	0.0889599999999291	epochs	1.0
971.7339600038147	5.392560000000003	epochs	0.0
971.7339600038147	0.5	epochs	1.0
971.7339699038147	0.5	epochs	-1.0
972.2339600038147	4.892560000000003	epochs	1.0
974.6065000038147	2.5200199999999313	epochs	-1.0
974.6065000038147	0.040019999999913125	epochs	-1.0
975.1040099038147	0.5	epochs	-1.0
975.6040099038147	0.5	epochs	-1.0
976.1040099038147	0.5	epochs	-1.0
976.6040099038147	0.5	epochs	-1.0
977.1265200038147	14.107420000000047	epochs	0.0
980.5329999923706	0.18795999999997548	epochs	0.0
980.5329999923706	0.08897999999999229	epochs	1.0
980.6219799923706	0.010020000000054097	epochs	1.0
980.6319999923707	0.0889599999999291	epochs	1.0
980.7209599923706	0.5126400000000331	epochs	0.0
980.7209599923706	0.5	epochs	1.0
980.7209698923706	0.5	epochs	-1.0
981.2209599923706	0.01264000000003307	epochs	1.0
981.2335999923706	18.987340000000017	epochs	0.0
1009.7090001106262	0.18795999999997548	epochs	0.0
1009.7090001106262	0.08897999999999229	epochs	1.0
1009.7979801106262	0.010020000000054097	epochs	1.0
1009.8080001106263	0.0889599999999291	epochs	1.0
1009.8969601106262	3.711900000000014	epochs	0.0
1009.8969601106262	0.5	epochs	1.0
1009.8969700106262	0.5	epochs	-1.0
1010.3969601106262	3.211900000000014	epochs	1.0
1012.6093001106262	0.999559999999974	epochs	-1.0
1012.6093001106262	0.03966000000002623	epochs	-1.0
1013.1068100106262	0.5	epochs	-1.0
1013.6088601106262	15.788080000000036	epochs	0.0
1017.3990001678467	0.18795999999997548	epochs	0.0
1017.3990001678467	0.08897999999999229	epochs	1.0
1017.4879801678467	0.010020000000054097	epochs	1.0
1017.4980001678467	0.0889599999999291	epochs	1.0
1017.5869601678467	5.371759999999995	epochs	0.0
1017.5869601678467	0.5	epochs	1.0
1017.5869700678467	0.5	epochs	-1.0
1018.0869601678467	4.871759999999995	epochs	1.0
1020.9589401678467	1.999779999999987	epochs	-1.0
1020.9589401678467	0.04021999999997661	epochs	-1.0
1021.4556100678467	0.5	epochs	-1.0
1021.9556100678467	0.5	epochs	-1.0
1022.4556100678467	0.5	epochs	-1.0
1022.9587201678466	14.128220000000056	epochs	0.0
1026.715000152588	0.18795999999997548	epochs	0.0
1026.715000152588	0.08897999999999229	epochs	1.0
1026.8039801525879	0.01001999999994041	epochs	1.0
1026.8140001525878	0.08896000000004278	epochs	1.0
1026.9029601525879	6.992160000000013	epochs	0.0
1026.9029601525879	0.5	epochs	1.0
1026.902970052588	0.5	epochs	-1.0
1027.4029601525879	6.492160000000013	epochs	1.0
1032.394840152588	1.5002799999999752	epochs	-1.0
1032.394840152588	0.040299999999888314	epochs	-1.0
1032.889850052588	0.5	epochs	-1.0
1033.389850052588	0.5	epochs	-1.0
1033.8951201525879	12.507820000000038	epochs	0.0
1037.7610001564026	0.18795999999997548	epochs	0.0
1037.7610001564026	0.08897999999999229	epochs	1.0
1037.8499801564026	0.01001999999994041	epochs	1.0
1037.8600001564025	0.08896000000004278	epochs	1.0
1037.9489601564026	12.53152	epochs	0.0
1037.9489601564026	0.5	epochs	1.0
1037.9489700564027	0.5	epochs	-1.0
1038.4489601564026	12.03152	epochs	1.0
1048.4805801564025	1.999900000000025	epochs	-1.0
1048.4805801564025	0.03960000000006403	epochs	-1.0
1048.9705900564027	0.5	epochs	-1.0
1049.4705900564027	0.5	epochs	-1.0
1049.9705900564027	0.5	epochs	-1.0
1050.4804801564026	6.96846000000005	epochs	0.0
1070.9140000343323	0.18792000000007647	epochs	0.0
1070.9140000343323	0.08896000000004278	epochs	1.0
1071.0029600343323	0.010080000000016298	epochs	1.0
1071.0130400343323	0.08888000000001739	epochs	1.0
1071.1019200343324	2.0	epochs	0.0
1073.1019200343324	5.412159999999858	epochs	0.0
1073.1019200343324	1.0	epochs	1.0
1073.1019699343324	0.5	epochs	-1.0
1073.6019699343324	4.912110099999836	epochs	-1.0
1074.1019200343324	4.412159999999858	epochs	1.0
1074.1019200343324	8.000000002539309e-05	epochs	2.0
1074.1020000343324	4.356719999999996	epochs	-1.0
1074.1020000343324	1.974559999999883	epochs	2.0
1074.1020000343324	1.0985599999999067	epochs	3.0
1075.2005600343323	0.8759999999999764	epochs	3.0
1076.0765600343323	1.3523999999999887	epochs	2.0
1076.0765600343323	0.7286400000000413	epochs	3.0
1076.8052000343323	0.6237599999999475	epochs	3.0
1077.4289600343322	1.029760000000124	epochs	2.0
1077.4289600343322	0.5453600000000733	epochs	3.0
1077.9743200343323	0.48440000000005057	epochs	3.0
1078.4587200343324	0.05535999999983687	epochs	2.0
1078.4587200343324	0.05535999999983687	epochs	3.0
1078.5140800343322	16.587760000000117	epochs	0.0
1082.866000175476	0.18792000000007647	epochs	0.0
1082.866000175476	0.08896000000004278	epochs	1.0
1082.9549601754761	0.010080000000016298	epochs	1.0
1082.9650401754761	0.08888000000001739	epochs	1.0
1083.0539201754762	2.0	epochs	0.0
1085.0539201754762	21.531600000000026	epochs	0.0
1085.0539201754762	1.0	epochs	1.0
1085.0539700754762	0.5	epochs	-1.0
1085.5539700754762	19.99687999999992	epochs	-1.0
1086.0539201754762	20.0	epochs	1.0
1086.0539201754762	8.000000002539309e-05	epochs	2.0
1086.0540001754762	4.356719999999996	epochs	-1.0
1086.0540001754762	1.974559999999883	epochs	2.0
1086.0540001754762	1.0985599999999067	epochs	3.0
1087.152560175476	0.8759999999999764	epochs	3.0
1088.028560175476	1.3523999999999887	epochs	2.0
1088.028560175476	0.7286400000000413	epochs	3.0
1088.757200175476	0.6237599999999475	epochs	3.0
1089.380960175476	1.029760000000124	epochs	2.0
1089.380960175476	0.5453600000000733	epochs	3.0
1089.9263201754761	0.48440000000005057	epochs	3.0
1090.4107201754762	0.8317599999998038	epochs	2.0
1090.4107201754762	0.4357599999998456	epochs	3.0
1090.846480175476	0.39599999999995816	epochs	3.0
1091.242480175476	0.697840000000042	epochs	2.0
1091.242480175476	0.362880000000132	epochs	3.0
1091.605360175476	0.33495999999991	epochs	3.0
1091.940320175476	0.6010400000000118	epochs	2.0
1091.940320175476	0.3108799999999974	epochs	3.0
1092.251200175476	0.2901600000000144	epochs	3.0
1092.541360175476	0.5278399999999692	epochs	2.0
1092.541360175476	0.2719200000001365	epochs	3.0
1092.8132801754762	0.2559199999998327	epochs	3.0
1093.069200175476	0.47064000000000306	epochs	2.0
1093.069200175476	0.2416800000000876	epochs	3.0
1093.310880175476	0.22895999999991545	epochs	3.0
1093.539840175476	0.4245600000001559	epochs	2.0
1093.539840175476	0.2174400000001242	epochs	3.0
1093.7572801754761	0.20712000000003172	epochs	3.0
1093.9644001754762	0.3867199999999684	epochs	2.0
1093.9644001754762	0.1976799999999912	epochs	3.0
1094.1620801754761	0.18903999999997723	epochs	3.0
1094.3511201754761	0.3551199999999426	epochs	2.0
1094.3511201754761	0.1811999999999898	epochs	3.0
1094.5323201754761	0.17391999999995278	epochs	3.0
1094.706240175476	0.3282400000000507	epochs	2.0
1094.706240175476	0.1672000000000935	epochs	3.0
1094.8734401754762	0.16103999999995722	epochs	3.0
1095.0344801754761	0.30520000000001346	epochs	2.0
1095.0344801754761	0.1552799999999479	epochs	3.0
1095.189760175476	0.14992000000006556	epochs	3.0
1095.3396801754761	0.28512000000000626	epochs	2.0
1095.3396801754761	0.14487999999983003	epochs	3.0
1095.484560175476	0.14024000000017622	epochs	3.0
1095.6248001754761	0.26751999999987675	epochs	2.0
1095.6248001754761	0.13583999999991647	epochs	3.0
1095.760640175476	0.13167999999996027	epochs	3.0
1095.892320175476	0.2520799999999781	epochs	2.0
1095.892320175476	0.12784000000010565	epochs	3.0
1096.0201601754761	0.12423999999987245	epochs	3.0
1096.144400175476	0.23816000000010717	epochs	2.0
1096.144400175476	0.1207200000001194	epochs	3.0
1096.265120175476	0.11743999999998778	epochs	3.0
1096.382560175476	0.225840000000062	epochs	2.0
1096.382560175476	0.11439999999993233	epochs	3.0
1096.496960175476	0.11144000000012966	epochs	3.0
1096.6084001754762	0.21463999999991756	epochs	2.0
1096.6084001754762	0.10863999999992302	epochs	3.0
1096.717040175476	0.10599999999999454	epochs	3.0
1096.823040175476	0.20448000000010325	epochs	2.0
1096.823040175476	0.10344000000009146	epochs	3.0
1096.9264801754762	0.10104000000001179	epochs	3.0
1097.0275201754762	0.19535999999993692	epochs	2.0
1097.0275201754762	0.0987999999999829	epochs	3.0
1097.1263201754762	0.09655999999995402	epochs	3.0
1097.2228801754761	0.18695999999999913	epochs	2.0
1097.2228801754761	0.09447999999997592	epochs	3.0
1097.317360175476	0.09248000000002321	epochs	3.0
1097.4098401754761	0.1792000000000371	epochs	2.0
1097.4098401754761	0.09047999999984313	epochs	3.0
1097.500320175476	0.08872000000019398	epochs	3.0
1097.5890401754762	0.17207999999982349	epochs	2.0
1097.5890401754762	0.08687999999983731	epochs	3.0
1097.675920175476	0.08519999999998618	epochs	3.0
1097.761120175476	0.165520000000015	epochs	2.0
1097.761120175476	0.08360000000016043	epochs	3.0
1097.8447201754761	0.08191999999985455	epochs	3.0
1097.926640175476	0.15952000000015687	epochs	2.0
1097.926640175476	0.0804800000000796	epochs	3.0
1098.007120175476	0.07904000000007727	epochs	3.0
1098.0861601754762	0.15375999999992018	epochs	2.0
1098.0861601754762	0.07759999999984757	epochs	3.0
1098.163760175476	0.07616000000007261	epochs	3.0
1098.239920175476	0.14856000000008862	epochs	2.0
1098.239920175476	0.07495999999991909	epochs	3.0
1098.314880175476	0.07360000000016953	epochs	3.0
1098.3884801754762	0.14367999999990388	epochs	2.0
1098.3884801754762	0.07247999999981403	epochs	3.0
1098.460960175476	0.07120000000008986	epochs	3.0
1098.532160175476	0.1390400000000227	epochs	2.0
1098.532160175476	0.07007999999996173	epochs	3.0
1098.602240175476	0.06896000000006097	epochs	3.0
1098.671200175476	0.13472000000001572	epochs	2.0
1098.671200175476	0.06791999999995824	epochs	3.0
1098.739120175476	0.06680000000005748	epochs	3.0
1098.805920175476	0.13071999999988293	epochs	2.0
1098.805920175476	0.06583999999998014	epochs	3.0
1098.871760175476	0.0648799999999028	epochs	3.0
1098.936640175476	0.1268000000000029	epochs	2.0
1098.936640175476	0.06384000000002743	epochs	3.0
1099.000480175476	0.06295999999997548	epochs	3.0
1099.063440175476	0.12328000000002248	epochs	2.0
1099.063440175476	0.0620800000001509	epochs	3.0
1099.1255201754761	0.06119999999987158	epochs	3.0
1099.186720175476	0.11984000000006745	epochs	2.0
1099.186720175476	0.060320000000047	epochs	3.0
1099.247040175476	0.059520000000020445	epochs	3.0
1099.306560175476	0.11663999999996122	epochs	2.0
1099.306560175476	0.05871999999999389	epochs	3.0
1099.365280175476	0.05791999999996733	epochs	3.0
1099.423200175476	0.11360000000013315	epochs	2.0
1099.423200175476	0.05719999999996617	epochs	3.0
1099.480400175476	0.05640000000016698	epochs	3.0
1099.5368001754762	0.11071999999990112	epochs	2.0
1099.5368001754762	0.055679999999938445	epochs	3.0
1099.592480175476	0.055039999999962674	epochs	3.0
1099.647520175476	0.10791999999992186	epochs	2.0
1099.647520175476	0.05423999999993612	epochs	3.0
1099.701760175476	0.05367999999998574	epochs	3.0
1099.755440175476	0.10527999999999338	epochs	2.0
1099.755440175476	0.052959999999984575	epochs	3.0
1099.808400175476	0.052320000000008804	epochs	3.0
1099.860720175476	0.10288000000014108	epochs	2.0
1099.860720175476	0.051760000000058426	epochs	3.0
1099.912480175476	0.051120000000082655	epochs	3.0
1099.9636001754761	0.10040000000003602	epochs	2.0
1099.9636001754761	0.05047999999987951	epochs	3.0
1100.014080175476	0.049920000000156506	epochs	3.0
1100.0640001754762	0.09823999999980515	epochs	2.0
1100.0640001754762	0.049359999999978754	epochs	3.0
1100.1133601754761	0.048879999999826396	epochs	3.0
1100.162240175476	0.09600000000000364	epochs	2.0
1100.162240175476	0.048240000000078	epochs	3.0
1100.210480175476	0.04775999999992564	epochs	3.0
1100.258240175476	0.09392000000002554	epochs	2.0
1100.258240175476	0.047200000000202635	epochs	3.0
1100.3054401754762	0.0467199999998229	epochs	3.0
1100.352160175476	0.09192000000007283	epochs	2.0
1100.352160175476	0.0461600000000999	epochs	3.0
1100.398320175476	0.04575999999997293	epochs	3.0
1100.444080175476	0.09007999999994354	epochs	2.0
1100.444080175476	0.04528000000004795	epochs	3.0
1100.4893601754761	0.04479999999989559	epochs	3.0
1100.534160175476	0.08816000000001623	epochs	2.0
1100.534160175476	0.044319999999970605	epochs	3.0
1100.578480175476	0.04384000000004562	epochs	3.0
1100.622320175476	0.08647999999993772	epochs	2.0
1100.622320175476	0.04344000000014603	epochs	3.0
1100.6657601754762	0.04303999999979169	epochs	3.0
1100.708800175476	0.08472000000006119	epochs	2.0
1100.708800175476	0.04256000000009408	epochs	3.0
1100.751360175476	0.04215999999996711	epochs	3.0
1100.793520175476	0.08320000000003347	epochs	2.0
1100.793520175476	0.04176000000006752	epochs	3.0
1100.835280175476	0.04143999999996595	epochs	3.0
1100.876720175476	0.08151999999995496	epochs	2.0
1100.876720175476	0.040960000000040964	epochs	3.0
1100.917680175476	0.040559999999914	epochs	3.0
1100.958240175476	0.08007999999995263	epochs	2.0
1100.958240175476	0.0402400000000398	epochs	3.0
1100.998480175476	0.039839999999912834	epochs	3.0
1101.038320175476	0.07864000000017768	epochs	2.0
1101.038320175476	0.039520000000038635	epochs	3.0
1101.077840175476	0.039120000000139044	epochs	3.0
1101.1169601754762	0.07719999999994798	epochs	2.0
1101.1169601754762	0.03880000000003747	epochs	3.0
1101.1557601754762	0.038399999999910506	epochs	3.0
1101.194160175476	0.07591999999999643	epochs	2.0
1101.194160175476	0.0381600000000617	epochs	3.0
1101.2323201754762	0.037759999999934735	epochs	3.0
1101.270080175476	0.0745600000000195	epochs	2.0
1101.270080175476	0.037440000000060536	epochs	3.0
1101.3075201754762	0.037119999999958964	epochs	3.0
1101.3446401754761	0.07335999999986598	epochs	2.0
1101.3446401754761	0.03679999999985739	epochs	3.0
1101.381440175476	0.036560000000008586	epochs	3.0
1101.418000175476	0.07208000000014181	epochs	2.0
1101.418000175476	0.036160000000108994	epochs	3.0
1101.454160175476	0.035920000000032815	epochs	3.0
1101.4900801754761	0.07087999999998829	epochs	2.0
1101.4900801754761	0.03559999999993124	epochs	3.0
1101.525680175476	0.035280000000057044	epochs	3.0
1101.560960175476	0.06983999999988555	epochs	2.0
1101.560960175476	0.035039999999980864	epochs	3.0
1101.596000175476	0.034799999999904685	epochs	3.0
1101.630800175476	0.06864000000018677	epochs	2.0
1101.630800175476	0.034480000000030486	epochs	3.0
1101.665280175476	0.03416000000015629	epochs	3.0
1101.6994401754762	0.06759999999985666	epochs	2.0
1101.6994401754762	0.033919999999852735	epochs	3.0
1101.733360175476	0.03368000000000393	epochs	3.0
1101.767040175476	0.0665599999999813	epochs	2.0
1101.767040175476	0.03343999999992775	epochs	3.0
1101.800480175476	0.03312000000005355	epochs	3.0
1101.833600175476	0.06560000000013133	epochs	2.0
1101.833600175476	0.032960000000002765	epochs	3.0
1101.866560175476	0.032640000000128566	epochs	3.0
1101.8992001754762	0.0645600000000286	epochs	2.0
1101.8992001754762	0.03239999999982501	epochs	3.0
1101.931600175476	0.03216000000020358	epochs	3.0
1101.9637601754762	0.06367999999997664	epochs	2.0
1101.9637601754762	0.03199999999992542	epochs	3.0
1101.995760175476	0.03168000000005122	epochs	3.0
1102.0274401754762	0.0627199999998993	epochs	2.0
1102.0274401754762	0.03143999999997504	epochs	3.0
1102.0588801754761	0.03127999999992426	epochs	3.0
1102.090160175476	0.061840000000074724	epochs	2.0
1102.090160175476	0.03104000000007545	epochs	3.0
1102.1212001754761	0.030799999999999272	epochs	3.0
1102.1520001754761	0.060960000000022774	epochs	2.0
1102.1520001754761	0.030559999999923093	epochs	3.0
1102.182560175476	0.03040000000009968	epochs	3.0
1102.2129601754762	0.060159999999996217	epochs	2.0
1102.2129601754762	0.0301600000000235	epochs	3.0
1102.2431201754762	0.029999999999972715	epochs	3.0
1102.2731201754762	0.059279999999944266	epochs	2.0
1102.2731201754762	0.029679999999871143	epochs	3.0
1102.302800175476	0.029600000000073123	epochs	3.0
1102.332400175476	0.05847999999991771	epochs	2.0
1102.332400175476	0.029359999999996944	epochs	3.0
1102.361760175476	0.029119999999920765	epochs	3.0
1102.390880175476	0.05776000000014392	epochs	2.0
1102.390880175476	0.028960000000097352	epochs	3.0
1102.419840175476	0.028800000000046566	epochs	3.0
1102.4486401754762	0.05695999999988999	epochs	2.0
1102.4486401754762	0.028559999999970387	epochs	3.0
1102.4772001754761	0.0283999999999196	epochs	3.0
1102.505600175476	0.0562400000001162	epochs	2.0
1102.505600175476	0.028160000000070795	epochs	3.0
1102.5337601754761	0.028080000000045402	epochs	3.0
1102.5618401754762	0.055439999999862266	epochs	2.0
1102.5618401754762	0.027839999999969223	epochs	3.0
1102.5896801754761	0.027599999999893043	epochs	3.0
1102.617280175476	0.05488000000013926	epochs	2.0
1102.617280175476	0.027520000000095024	epochs	3.0
1102.6448001754761	0.027360000000044238	epochs	3.0
1102.6721601754762	0.05407999999988533	epochs	2.0
1102.6721601754762	0.02711999999996806	epochs	3.0
1102.6992801754761	0.026959999999917272	epochs	3.0
1102.726240175476	0.053440000000136934	epochs	2.0
1102.726240175476	0.02680000000009386	epochs	3.0
1102.7530401754761	0.026640000000043074	epochs	3.0
1102.7796801754762	0.05287999999995918	epochs	2.0
1102.7796801754762	0.026479999999992287	epochs	3.0
1102.8061601754762	0.026399999999966894	epochs	3.0
1102.8325601754761	0.05215999999995802	epochs	2.0
1102.8325601754761	0.026159999999890715	epochs	3.0
1102.858720175476	0.026000000000067303	epochs	3.0
1102.884720175476	0.05151999999998225	epochs	2.0
1102.884720175476	0.025840000000016516	epochs	3.0
1102.9105601754761	0.02567999999996573	epochs	3.0
1102.936240175476	0.05096000000003187	epochs	2.0
1102.936240175476	0.025599999999940337	epochs	3.0
1102.961840175476	0.02536000000009153	epochs	3.0
1102.9872001754761	0.05039999999985412	epochs	2.0
1102.9872001754761	0.02528000000006614	epochs	3.0
1103.0124801754762	0.02511999999978798	epochs	3.0
1103.037600175476	0.04976000000010572	epochs	2.0
1103.037600175476	0.02496000000019194	epochs	3.0
1103.0625601754762	0.02479999999991378	epochs	3.0
1103.087360175476	0.04919999999992797	epochs	2.0
1103.087360175476	0.024640000000090367	epochs	3.0
1103.1120001754762	0.0245599999998376	epochs	3.0
1103.136560175476	0.04872000000000298	epochs	2.0
1103.136560175476	0.024400000000014188	epochs	3.0
1103.160960175476	0.024319999999988795	epochs	3.0
1103.185280175476	0.04808000000002721	epochs	2.0
1103.185280175476	0.02408000000013999	epochs	3.0
1103.2093601754761	0.023999999999887223	epochs	3.0
1103.233360175476	0.04760000000010223	epochs	2.0
1103.233360175476	0.02384000000006381	epochs	3.0
1103.257200175476	0.023760000000038417	epochs	3.0
1103.2809601754761	0.04711999999994987	epochs	2.0
1103.2809601754761	0.02359999999998763	epochs	3.0
1103.3045601754761	0.023519999999962238	epochs	3.0
1103.328080175476	0.04655999999999949	epochs	2.0
1103.328080175476	0.02335999999991145	epochs	3.0
1103.351440175476	0.02320000000008804	epochs	3.0
1103.374640175476	0.046080000000074506	epochs	2.0
1103.374640175476	0.023120000000062646	epochs	3.0
1103.3977601754762	0.02296000000001186	epochs	3.0
1103.4207201754762	0.04559999999992215	epochs	2.0
1103.4207201754762	0.022879999999986467	epochs	3.0
1103.4436001754761	0.02271999999993568	epochs	3.0
1103.466320175476	0.04511999999999716	epochs	2.0
1103.466320175476	0.022639999999910287	epochs	3.0
1103.488960175476	0.022480000000086875	epochs	3.0
1103.511440175476	0.04464000000007218	epochs	2.0
1103.511440175476	0.022400000000061482	epochs	3.0
1103.5338401754761	0.022240000000010696	epochs	3.0
1103.5560801754762	0.04423999999994521	epochs	2.0
1103.5560801754762	0.022159999999985303	epochs	3.0
1103.5782401754761	0.02207999999995991	epochs	3.0
1103.600320175476	0.04376000000002023	epochs	2.0
1103.600320175476	0.021919999999909123	epochs	3.0
1103.622240175476	0.021840000000111104	epochs	3.0
1103.6440801754761	0.04335999999989326	epochs	2.0
1103.6440801754761	0.021759999999858337	epochs	3.0
1103.665840175476	0.021600000000034925	epochs	3.0
1103.687440175476	0.04287999999996828	epochs	2.0
1103.687440175476	0.02143999999998414	epochs	3.0
1103.708880175476	0.02143999999998414	epochs	3.0
1103.730320175476	0.042480000000068685	epochs	2.0
1103.730320175476	0.021280000000160726	epochs	3.0
1103.7516001754761	0.02119999999990796	epochs	3.0
1103.772800175476	0.04207999999994172	epochs	2.0
1103.772800175476	0.021040000000084547	epochs	3.0
1103.7938401754761	0.021039999999857173	epochs	3.0
1103.814880175476	0.04168000000004213	epochs	2.0
1103.814880175476	0.02088000000003376	epochs	3.0
1103.835760175476	0.020800000000008367	epochs	3.0
1103.856560175476	0.04120000000011714	epochs	2.0
1103.856560175476	0.02063999999995758	epochs	3.0
1103.877200175476	0.020560000000159562	epochs	3.0
1103.8977601754762	0.04088000000001557	epochs	2.0
1103.8977601754762	0.020559999999932188	epochs	3.0
1103.918320175476	0.020320000000083382	epochs	3.0
1103.9386401754762	0.040559999999914	epochs	2.0
1103.9386401754762	0.02031999999985601	epochs	3.0
1103.958960175476	0.02024000000005799	epochs	3.0
1103.979200175476	0.04007999999998901	epochs	2.0
1103.979200175476	0.020080000000007203	epochs	3.0
1103.999280175476	0.01999999999998181	epochs	3.0
1104.019280175476	0.039760000000114815	epochs	2.0
1104.019280175476	0.019919999999956417	epochs	3.0
1104.039200175476	0.019840000000158398	epochs	3.0
1104.0590401754762	0.03943999999978587	epochs	2.0
1104.0590401754762	0.01975999999990563	epochs	3.0
1104.078800175476	0.019679999999880238	epochs	3.0
1104.098480175476	0.03904000000011365	epochs	2.0
1104.098480175476	0.019520000000056825	epochs	3.0
1104.118000175476	0.019520000000056825	epochs	3.0
1104.137520175476	0.038639999999986685	epochs	2.0
1104.137520175476	0.01936000000000604	epochs	3.0
1104.156880175476	0.019279999999980646	epochs	3.0
1104.176160175476	0.038399999999910506	epochs	2.0
1104.176160175476	0.019279999999980646	epochs	3.0
1104.195440175476	0.01911999999992986	epochs	3.0
1104.214560175476	0.038000000000010914	epochs	2.0
1104.214560175476	0.01904000000013184	epochs	3.0
1104.233600175476	0.018959999999879074	epochs	3.0
1104.252560175476	0.037680000000136715	epochs	2.0
1104.252560175476	0.018880000000081054	epochs	3.0
1104.271440175476	0.01880000000005566	epochs	3.0
1104.2902401754761	0.03736000000003514	epochs	2.0
1104.2902401754761	0.018720000000030268	epochs	3.0
1104.3089601754762	0.018640000000004875	epochs	3.0
1104.3276001754762	0.03703999999993357	epochs	2.0
1104.3276001754762	0.018559999999979482	epochs	3.0
1104.3461601754761	0.01847999999995409	epochs	3.0
1104.364640175476	0.03672000000005937	epochs	2.0
1104.364640175476	0.018399999999928696	epochs	3.0
1104.383040175476	0.018320000000130676	epochs	3.0
1104.4013601754762	0.03647999999998319	epochs	2.0
1104.4013601754762	0.01823999999987791	epochs	3.0
1104.419600175476	0.018240000000105283	epochs	3.0
1104.4378401754761	0.03607999999985623	epochs	2.0
1104.4378401754761	0.018079999999827123	epochs	3.0
1104.455920175476	0.018000000000029104	epochs	3.0
1104.473920175476	0.03584000000000742	epochs	2.0
1104.473920175476	0.01792000000000371	epochs	3.0
1104.491840175476	0.01792000000000371	epochs	3.0
1104.509760175476	0.03552000000013322	epochs	2.0
1104.509760175476	0.017760000000180298	epochs	3.0
1104.5275201754762	0.017759999999952925	epochs	3.0
1104.5452801754761	0.03520000000003165	epochs	2.0
1104.5452801754761	0.01767999999992753	epochs	3.0
1104.562960175476	0.01752000000010412	epochs	3.0
1104.5804801754762	0.03495999999995547	epochs	2.0
1104.5804801754762	0.017519999999876745	epochs	3.0
1104.598000175476	0.017440000000078726	epochs	3.0
1104.6154401754761	0.03471999999987929	epochs	2.0
1104.6154401754761	0.017439999999851352	epochs	3.0
1104.632880175476	0.01728000000002794	epochs	3.0
1104.650160175476	0.03440000000000509	epochs	2.0
1104.650160175476	0.017200000000002547	epochs	3.0
1104.667360175476	0.017200000000002547	epochs	3.0
1104.684560175476	0.03416000000015629	epochs	2.0
1104.684560175476	0.017119999999977153	epochs	3.0
1104.701680175476	0.017040000000179134	epochs	3.0
1104.7187201754762	0.03383999999982734	epochs	2.0
1104.7187201754762	0.016959999999926367	epochs	3.0
1104.735680175476	0.016879999999900974	epochs	3.0
1104.752560175476	0.033599999999978536	epochs	2.0
1104.752560175476	0.016800000000102955	epochs	3.0
1104.769360175476	0.01679999999987558	epochs	3.0
1104.786160175476	0.03336000000012973	epochs	2.0
1104.786160175476	0.01672000000007756	epochs	3.0
1104.802880175476	0.01664000000005217	epochs	3.0
1104.819520175476	0.03312000000005355	epochs	2.0
1104.819520175476	0.016560000000026776	epochs	3.0
1104.8360801754761	0.016560000000026776	epochs	3.0
1104.8526401754762	0.03279999999995198	epochs	2.0
1104.8526401754762	0.01639999999997599	epochs	3.0
1104.8690401754761	0.01639999999997599	epochs	3.0
1104.885440175476	0.0325599999998758	epochs	2.0
1104.885440175476	0.016319999999950596	epochs	3.0
1104.901760175476	0.016239999999925203	epochs	3.0
1104.918000175476	0.03240000000005239	epochs	2.0
1104.918000175476	0.016240000000152577	epochs	3.0
1104.9342401754761	0.01615999999989981	epochs	3.0
1104.950400175476	0.032079999999950815	epochs	2.0
1104.950400175476	0.01608000000010179	epochs	3.0
1104.9664801754761	0.015999999999849024	epochs	3.0
1104.982480175476	0.0319200000001274	epochs	2.0
1104.982480175476	0.016000000000076398	epochs	3.0
1104.998480175476	0.015920000000051004	epochs	3.0
1105.014400175476	0.03160000000002583	epochs	2.0
1105.014400175476	0.01584000000002561	epochs	3.0
1105.0302401754761	0.01576000000000022	epochs	3.0
1105.0460001754761	0.03143999999997504	epochs	2.0
1105.0460001754761	0.01576000000000022	epochs	3.0
1105.0617601754761	0.015679999999974825	epochs	3.0
1105.077440175476	0.031199999999898864	epochs	2.0
1105.077440175476	0.015599999999949432	epochs	3.0
1105.093040175476	0.015599999999949432	epochs	3.0
1105.108640175476	0.03096000000005006	epochs	2.0
1105.108640175476	0.015520000000151413	epochs	3.0
1105.1241601754762	0.015439999999898646	epochs	3.0
1105.139600175476	0.03071999999997388	epochs	2.0
1105.139600175476	0.01544000000012602	epochs	3.0
1105.1550401754762	0.01527999999984786	epochs	3.0
1105.170320175476	0.030559999999923093	epochs	2.0
1105.170320175476	0.015360000000100626	epochs	3.0
1105.1856801754761	0.015199999999822467	epochs	3.0
1105.200880175476	0.030320000000074288	epochs	2.0
1105.200880175476	0.01520000000004984	epochs	3.0
1105.216080175476	0.015120000000024447	epochs	3.0
1105.231200175476	0.030079999999998108	epochs	2.0
1105.231200175476	0.015120000000024447	epochs	3.0
1105.246320175476	0.014959999999973661	epochs	3.0
1105.261280175476	0.029919999999947322	epochs	2.0
1105.261280175476	0.015039999999999054	epochs	3.0
1105.276320175476	0.014879999999948268	epochs	3.0
1105.291200175476	0.029680000000098516	epochs	2.0
1105.291200175476	0.014880000000175642	epochs	3.0
1105.3060801754762	0.014799999999922875	epochs	3.0
1105.320880175476	0.02952000000004773	epochs	2.0
1105.320880175476	0.014799999999922875	epochs	3.0
1105.335680175476	0.014720000000124855	epochs	3.0
1105.3504001754761	0.02927999999997155	epochs	2.0
1105.3504001754761	0.014719999999897482	epochs	3.0
1105.365120175476	0.01456000000007407	epochs	3.0
1105.379680175476	0.029119999999920765	epochs	2.0
1105.379680175476	0.014639999999872089	epochs	3.0
1105.394320175476	0.014480000000048676	epochs	3.0
1105.408800175476	0.028960000000097352	epochs	2.0
1105.408800175476	0.014480000000048676	epochs	3.0
1105.423280175476	0.014480000000048676	epochs	3.0
1105.4377601754761	0.02863999999999578	epochs	2.0
1105.4377601754761	0.01431999999999789	epochs	3.0
1105.452080175476	0.01431999999999789	epochs	3.0
1105.466400175476	0.028559999999970387	epochs	2.0
1105.466400175476	0.01431999999999789	epochs	3.0
1105.480720175476	0.014239999999972497	epochs	3.0
1105.494960175476	0.028319999999894208	epochs	2.0
1105.494960175476	0.014159999999947104	epochs	3.0
1105.509120175476	0.014159999999947104	epochs	3.0
1105.523280175476	0.028160000000070795	epochs	2.0
1105.523280175476	0.014160000000174477	epochs	3.0
1105.5374401754761	0.013999999999896318	epochs	3.0
1105.551440175476	0.02800000000002001	epochs	2.0
1105.551440175476	0.014000000000123691	epochs	3.0
1105.5654401754762	0.013999999999896318	epochs	3.0
1105.579440175476	0.02775999999994383	epochs	2.0
1105.579440175476	0.013920000000098298	epochs	3.0
1105.5933601754762	0.013839999999845531	epochs	3.0
1105.607200175476	0.02768000000014581	epochs	2.0
1105.607200175476	0.013840000000072905	epochs	3.0
1105.621040175476	0.013840000000072905	epochs	3.0
1105.6348801754762	0.027439999999842257	epochs	2.0
1105.6348801754762	0.013759999999820138	epochs	3.0
1105.648640175476	0.013680000000022119	epochs	3.0
1105.662320175476	0.027280000000018845	epochs	2.0
1105.662320175476	0.013680000000022119	epochs	3.0
1105.676000175476	0.013599999999996726	epochs	3.0
1105.689600175476	0.02711999999996806	epochs	2.0
1105.689600175476	0.013519999999971333	epochs	3.0
1105.703120175476	0.013599999999996726	epochs	3.0
1105.716720175476	0.026880000000119253	epochs	2.0
1105.716720175476	0.013440000000173313	epochs	3.0
1105.7301601754762	0.01343999999994594	epochs	3.0
1105.743600175476	0.026799999999866486	epochs	2.0
1105.743600175476	0.01343999999994594	epochs	3.0
1105.757040175476	0.013359999999920547	epochs	3.0
1105.770400175476	0.02656000000001768	epochs	2.0
1105.770400175476	0.013280000000122527	epochs	3.0
1105.783680175476	0.013279999999895153	epochs	3.0
1105.796960175476	0.026479999999992287	epochs	2.0
1105.796960175476	0.013280000000122527	epochs	3.0
1105.810240175476	0.01319999999986976	epochs	3.0
1105.823440175476	0.026240000000143482	epochs	2.0
1105.823440175476	0.013120000000071741	epochs	3.0
1105.836560175476	0.013120000000071741	epochs	3.0
1105.8496801754761	0.026159999999890715	epochs	2.0
1105.8496801754761	0.013119999999844367	epochs	3.0
1105.862800175476	0.013040000000046348	epochs	3.0
1105.875840175476	0.026000000000067303	epochs	2.0
1105.875840175476	0.013040000000046348	epochs	3.0
1105.888880175476	0.012960000000020955	epochs	3.0
1105.901840175476	0.025759999999991123	epochs	2.0
1105.901840175476	0.012879999999995562	epochs	3.0
1105.914720175476	0.012879999999995562	epochs	3.0
1105.927600175476	0.02567999999996573	epochs	2.0
1105.927600175476	0.012879999999995562	epochs	3.0
1105.940480175476	0.012799999999970169	epochs	3.0
1105.953280175476	0.025520000000142318	epochs	2.0
1105.953280175476	0.012799999999970169	epochs	3.0
1105.966080175476	0.01272000000017215	epochs	3.0
1105.9788001754762	0.025359999999864158	epochs	2.0
1105.9788001754762	0.012719999999944775	epochs	3.0
1105.9915201754761	0.012639999999919382	epochs	3.0
1106.004160175476	0.025200000000040745	epochs	2.0
1106.004160175476	0.012639999999919382	epochs	3.0
1106.016800175476	0.012560000000121363	epochs	3.0
1106.029360175476	0.024560000000064974	epochs	2.0
1106.050850075476	0.5	epochs	-1.0
1106.0539201754762	0.5316000000000258	epochs	1.0
1106.5855201754762	0.4683199999999488	epochs	0.0
1111.1089997291565	0.18792000000007647	epochs	0.0
1111.1089997291565	0.08896000000004278	epochs	1.0
1111.1979597291565	0.010080000000016298	epochs	1.0
1111.2080397291566	0.08888000000001739	epochs	1.0
1111.2969197291566	2.0	epochs	0.0
1113.2969197291566	21.511279999999942	epochs	0.0
1113.2969197291566	1.0	epochs	1.0
1113.2969696291566	0.5	epochs	-1.0
1113.7969696291566	19.99687999999992	epochs	-1.0
1114.2969197291566	20.0	epochs	1.0
1114.2969197291566	8.000000002539309e-05	epochs	2.0
1114.2969997291566	4.356719999999996	epochs	-1.0
1114.2969997291566	1.974559999999883	epochs	2.0
1114.2969997291566	1.0985599999999067	epochs	3.0
1115.3955597291565	0.8759999999999764	epochs	3.0
1116.2715597291565	1.3523999999999887	epochs	2.0
1116.2715597291565	0.7286400000000413	epochs	3.0
1117.0001997291565	0.6237599999999475	epochs	3.0
1117.6239597291565	1.029760000000124	epochs	2.0
1117.6239597291565	0.5453600000000733	epochs	3.0
1118.1693197291565	0.48440000000005057	epochs	3.0
1118.6537197291566	0.8317599999998038	epochs	2.0
1118.6537197291566	0.4357599999998456	epochs	3.0
1119.0894797291564	0.39599999999995816	epochs	3.0
1119.4854797291564	0.697840000000042	epochs	2.0
1119.4854797291564	0.362880000000132	epochs	3.0
1119.8483597291565	0.33495999999991	epochs	3.0
1120.1833197291564	0.6010400000000118	epochs	2.0
1120.1833197291564	0.3108799999999974	epochs	3.0
1120.4941997291564	0.2901600000000144	epochs	3.0
1120.7843597291564	0.5278399999999692	epochs	2.0
1120.7843597291564	0.2719200000001365	epochs	3.0
1121.0562797291566	0.2559199999998327	epochs	3.0
1121.3121997291564	0.47064000000000306	epochs	2.0
1121.3121997291564	0.2416800000000876	epochs	3.0
1121.5538797291565	0.22895999999991545	epochs	3.0
1121.7828397291564	0.4245600000001559	epochs	2.0
1121.7828397291564	0.2174400000001242	epochs	3.0
1122.0002797291565	0.20712000000003172	epochs	3.0
1122.2073997291566	0.3867199999999684	epochs	2.0
1122.2073997291566	0.1976799999999912	epochs	3.0
1122.4050797291566	0.18903999999997723	epochs	3.0
1122.5941197291565	0.3551199999999426	epochs	2.0
1122.5941197291565	0.1811999999999898	epochs	3.0
1122.7753197291565	0.17391999999995278	epochs	3.0
1122.9492397291565	0.3282400000000507	epochs	2.0
1122.9492397291565	0.1672000000000935	epochs	3.0
1123.1164397291566	0.16103999999995722	epochs	3.0
1123.2774797291565	0.30520000000001346	epochs	2.0
1123.2774797291565	0.1552799999999479	epochs	3.0
1123.4327597291565	0.14992000000006556	epochs	3.0
1123.5826797291566	0.28512000000000626	epochs	2.0
1123.5826797291566	0.14487999999983003	epochs	3.0
1123.7275597291564	0.14024000000017622	epochs	3.0
1123.8677997291566	0.26751999999987675	epochs	2.0
1123.8677997291566	0.13583999999991647	epochs	3.0
1124.0036397291565	0.13167999999996027	epochs	3.0
1124.1353197291564	0.2520799999999781	epochs	2.0
1124.1353197291564	0.12784000000010565	epochs	3.0
1124.2631597291565	0.12423999999987245	epochs	3.0
1124.3873997291564	0.23816000000010717	epochs	2.0
1124.3873997291564	0.1207200000001194	epochs	3.0
1124.5081197291565	0.11743999999998778	epochs	3.0
1124.6255597291565	0.225840000000062	epochs	2.0
1124.6255597291565	0.11439999999993233	epochs	3.0
1124.7399597291565	0.11144000000012966	epochs	3.0
1124.8513997291566	0.21463999999991756	epochs	2.0
1124.8513997291566	0.10863999999992302	epochs	3.0
1124.9600397291565	0.10599999999999454	epochs	3.0
1125.0660397291565	0.20448000000010325	epochs	2.0
1125.0660397291565	0.10344000000009146	epochs	3.0
1125.1694797291566	0.10104000000001179	epochs	3.0
1125.2705197291566	0.19535999999993692	epochs	2.0
1125.2705197291566	0.0987999999999829	epochs	3.0
1125.3693197291566	0.09655999999995402	epochs	3.0
1125.4658797291565	0.18695999999999913	epochs	2.0
1125.4658797291565	0.09447999999997592	epochs	3.0
1125.5603597291565	0.09248000000002321	epochs	3.0
1125.6528397291565	0.1792000000000371	epochs	2.0
1125.6528397291565	0.09047999999984313	epochs	3.0
1125.7433197291564	0.08872000000019398	epochs	3.0
1125.8320397291566	0.17207999999982349	epochs	2.0
1125.8320397291566	0.08687999999983731	epochs	3.0
1125.9189197291564	0.08519999999998618	epochs	3.0
1126.0041197291564	0.165520000000015	epochs	2.0
1126.0041197291564	0.08360000000016043	epochs	3.0
1126.0877197291566	0.08191999999985455	epochs	3.0
1126.1696397291564	0.15952000000015687	epochs	2.0
1126.1696397291564	0.0804800000000796	epochs	3.0
1126.2501197291565	0.07904000000007727	epochs	3.0
1126.3291597291566	0.15375999999992018	epochs	2.0
1126.3291597291566	0.07759999999984757	epochs	3.0
1126.4067597291564	0.07616000000007261	epochs	3.0
1126.4829197291565	0.14856000000008862	epochs	2.0
1126.4829197291565	0.07495999999991909	epochs	3.0
1126.5578797291564	0.07360000000016953	epochs	3.0
1126.6314797291566	0.14367999999990388	epochs	2.0
1126.6314797291566	0.07247999999981403	epochs	3.0
1126.7039597291564	0.07120000000008986	epochs	3.0
1126.7751597291565	0.1390400000000227	epochs	2.0
1126.7751597291565	0.07007999999996173	epochs	3.0
1126.8452397291564	0.06896000000006097	epochs	3.0
1126.9141997291565	0.13472000000001572	epochs	2.0
1126.9141997291565	0.06791999999995824	epochs	3.0
1126.9821197291565	0.06680000000005748	epochs	3.0
1127.0489197291565	0.13071999999988293	epochs	2.0
1127.0489197291565	0.06583999999998014	epochs	3.0
1127.1147597291565	0.0648799999999028	epochs	3.0
1127.1796397291564	0.1268000000000029	epochs	2.0
1127.1796397291564	0.06384000000002743	epochs	3.0
1127.2434797291564	0.06295999999997548	epochs	3.0
1127.3064397291564	0.12328000000002248	epochs	2.0
1127.3064397291564	0.0620800000001509	epochs	3.0
1127.3685197291566	0.06119999999987158	epochs	3.0
1127.4297197291564	0.11984000000006745	epochs	2.0
1127.4297197291564	0.060320000000047	epochs	3.0
1127.4900397291565	0.059520000000020445	epochs	3.0
1127.5495597291565	0.11663999999996122	epochs	2.0
1127.5495597291565	0.05871999999999389	epochs	3.0
1127.6082797291565	0.05791999999996733	epochs	3.0
1127.6661997291565	0.11360000000013315	epochs	2.0
1127.6661997291565	0.05719999999996617	epochs	3.0
1127.7233997291564	0.05640000000016698	epochs	3.0
1127.7797997291566	0.11071999999990112	epochs	2.0
1127.7797997291566	0.055679999999938445	epochs	3.0
1127.8354797291565	0.055039999999962674	epochs	3.0
1127.8905197291565	0.10791999999992186	epochs	2.0
1127.8905197291565	0.05423999999993612	epochs	3.0
1127.9447597291564	0.05367999999998574	epochs	3.0
1127.9984397291564	0.10527999999999338	epochs	2.0
1127.9984397291564	0.052959999999984575	epochs	3.0
1128.0513997291564	0.052320000000008804	epochs	3.0
1128.1037197291564	0.10288000000014108	epochs	2.0
1128.1037197291564	0.051760000000058426	epochs	3.0
1128.1554797291565	0.051120000000082655	epochs	3.0
1128.2065997291566	0.10040000000003602	epochs	2.0
1128.2065997291566	0.05047999999987951	epochs	3.0
1128.2570797291564	0.049920000000156506	epochs	3.0
1128.3069997291566	0.09823999999980515	epochs	2.0
1128.3069997291566	0.049359999999978754	epochs	3.0
1128.3563597291566	0.048879999999826396	epochs	3.0
1128.4052397291564	0.09600000000000364	epochs	2.0
1128.4052397291564	0.048240000000078	epochs	3.0
1128.4534797291565	0.04775999999992564	epochs	3.0
1128.5012397291564	0.09392000000002554	epochs	2.0
1128.5012397291564	0.047200000000202635	epochs	3.0
1128.5484397291566	0.0467199999998229	epochs	3.0
1128.5951597291564	0.09192000000007283	epochs	2.0
1128.5951597291564	0.0461600000000999	epochs	3.0
1128.6413197291565	0.04575999999997293	epochs	3.0
1128.6870797291565	0.09007999999994354	epochs	2.0
1128.6870797291565	0.04528000000004795	epochs	3.0
1128.7323597291565	0.04479999999989559	epochs	3.0
1128.7771597291564	0.08816000000001623	epochs	2.0
1128.7771597291564	0.044319999999970605	epochs	3.0
1128.8214797291564	0.04384000000004562	epochs	3.0
1128.8653197291565	0.08647999999993772	epochs	2.0
1128.8653197291565	0.04344000000014603	epochs	3.0
1128.9087597291566	0.04303999999979169	epochs	3.0
1128.9517997291564	0.08472000000006119	epochs	2.0
1128.9517997291564	0.04256000000009408	epochs	3.0
1128.9943597291565	0.04215999999996711	epochs	3.0
1129.0365197291565	0.08320000000003347	epochs	2.0
1129.0365197291565	0.04176000000006752	epochs	3.0
1129.0782797291565	0.04143999999996595	epochs	3.0
1129.1197197291565	0.08151999999995496	epochs	2.0
1129.1197197291565	0.040960000000040964	epochs	3.0
1129.1606797291565	0.040559999999914	epochs	3.0
1129.2012397291564	0.08007999999995263	epochs	2.0
1129.2012397291564	0.0402400000000398	epochs	3.0
1129.2414797291565	0.039839999999912834	epochs	3.0
1129.2813197291564	0.07864000000017768	epochs	2.0
1129.2813197291564	0.039520000000038635	epochs	3.0
1129.3208397291564	0.039120000000139044	epochs	3.0
1129.3599597291566	0.07719999999994798	epochs	2.0
1129.3599597291566	0.03880000000003747	epochs	3.0
1129.3987597291566	0.038399999999910506	epochs	3.0
1129.4371597291565	0.07591999999999643	epochs	2.0
1129.4371597291565	0.0381600000000617	epochs	3.0
1129.4753197291566	0.037759999999934735	epochs	3.0
1129.5130797291565	0.0745600000000195	epochs	2.0
1129.5130797291565	0.037440000000060536	epochs	3.0
1129.5505197291566	0.037119999999958964	epochs	3.0
1129.5876397291565	0.07335999999986598	epochs	2.0
1129.5876397291565	0.03679999999985739	epochs	3.0
1129.6244397291564	0.036560000000008586	epochs	3.0
1129.6609997291564	0.07208000000014181	epochs	2.0
1129.6609997291564	0.036160000000108994	epochs	3.0
1129.6971597291565	0.035920000000032815	epochs	3.0
1129.7330797291565	0.07087999999998829	epochs	2.0
1129.7330797291565	0.03559999999993124	epochs	3.0
1129.7686797291565	0.035280000000057044	epochs	3.0
1129.8039597291565	0.06983999999988555	epochs	2.0
1129.8039597291565	0.035039999999980864	epochs	3.0
1129.8389997291565	0.034799999999904685	epochs	3.0
1129.8737997291564	0.06864000000018677	epochs	2.0
1129.8737997291564	0.034480000000030486	epochs	3.0
1129.9082797291564	0.03416000000015629	epochs	3.0
1129.9424397291566	0.06759999999985666	epochs	2.0
1129.9424397291566	0.033919999999852735	epochs	3.0
1129.9763597291565	0.03368000000000393	epochs	3.0
1130.0100397291565	0.0665599999999813	epochs	2.0
1130.0100397291565	0.03343999999992775	epochs	3.0
1130.0434797291564	0.03312000000005355	epochs	3.0
1130.0765997291564	0.06560000000013133	epochs	2.0
1130.0765997291564	0.032960000000002765	epochs	3.0
1130.1095597291564	0.032640000000128566	epochs	3.0
1130.1421997291566	0.0645600000000286	epochs	2.0
1130.1421997291566	0.03239999999982501	epochs	3.0
1130.1745997291564	0.03216000000020358	epochs	3.0
1130.2067597291566	0.06367999999997664	epochs	2.0
1130.2067597291566	0.03199999999992542	epochs	3.0
1130.2387597291565	0.03168000000005122	epochs	3.0
1130.2704397291566	0.0627199999998993	epochs	2.0
1130.2704397291566	0.03143999999997504	epochs	3.0
1130.3018797291566	0.03127999999992426	epochs	3.0
1130.3331597291565	0.061840000000074724	epochs	2.0
1130.3331597291565	0.03104000000007545	epochs	3.0
1130.3641997291566	0.030799999999999272	epochs	3.0
1130.3949997291566	0.060960000000022774	epochs	2.0
1130.3949997291566	0.030559999999923093	epochs	3.0
1130.4255597291565	0.03040000000009968	epochs	3.0
1130.4559597291566	0.060159999999996217	epochs	2.0
1130.4559597291566	0.0301600000000235	epochs	3.0
1130.4861197291566	0.029999999999972715	epochs	3.0
1130.5161197291566	0.059279999999944266	epochs	2.0
1130.5161197291566	0.029679999999871143	epochs	3.0
1130.5457997291564	0.029600000000073123	epochs	3.0
1130.5753997291565	0.05847999999991771	epochs	2.0
1130.5753997291565	0.029359999999996944	epochs	3.0
1130.6047597291565	0.029119999999920765	epochs	3.0
1130.6338797291564	0.05776000000014392	epochs	2.0
1130.6338797291564	0.028960000000097352	epochs	3.0
1130.6628397291565	0.028800000000046566	epochs	3.0
1130.6916397291566	0.05695999999988999	epochs	2.0
1130.6916397291566	0.028559999999970387	epochs	3.0
1130.7201997291565	0.0283999999999196	epochs	3.0
1130.7485997291565	0.0562400000001162	epochs	2.0
1130.7485997291565	0.028160000000070795	epochs	3.0
1130.7767597291565	0.028080000000045402	epochs	3.0
1130.8048397291566	0.055439999999862266	epochs	2.0
1130.8048397291566	0.027839999999969223	epochs	3.0
1130.8326797291566	0.027599999999893043	epochs	3.0
1130.8602797291564	0.05488000000013926	epochs	2.0
1130.8602797291564	0.027520000000095024	epochs	3.0
1130.8877997291565	0.027360000000044238	epochs	3.0
1130.9151597291566	0.05407999999988533	epochs	2.0
1130.9151597291566	0.02711999999996806	epochs	3.0
1130.9422797291566	0.026959999999917272	epochs	3.0
1130.9692397291565	0.053440000000136934	epochs	2.0
1130.9692397291565	0.02680000000009386	epochs	3.0
1130.9960397291566	0.026640000000043074	epochs	3.0
1131.0226797291566	0.05287999999995918	epochs	2.0
1131.0226797291566	0.026479999999992287	epochs	3.0
1131.0491597291566	0.026399999999966894	epochs	3.0
1131.0755597291566	0.05215999999995802	epochs	2.0
1131.0755597291566	0.026159999999890715	epochs	3.0
1131.1017197291565	0.026000000000067303	epochs	3.0
1131.1277197291565	0.05151999999998225	epochs	2.0
1131.1277197291565	0.025840000000016516	epochs	3.0
1131.1535597291565	0.02567999999996573	epochs	3.0
1131.1792397291565	0.05096000000003187	epochs	2.0
1131.1792397291565	0.025599999999940337	epochs	3.0
1131.2048397291564	0.02536000000009153	epochs	3.0
1131.2301997291565	0.05039999999985412	epochs	2.0
1131.2301997291565	0.02528000000006614	epochs	3.0
1131.2554797291566	0.02511999999978798	epochs	3.0
1131.2805997291564	0.04976000000010572	epochs	2.0
1131.2805997291564	0.02496000000019194	epochs	3.0
1131.3055597291566	0.02479999999991378	epochs	3.0
1131.3303597291565	0.04919999999992797	epochs	2.0
1131.3303597291565	0.024640000000090367	epochs	3.0
1131.3549997291566	0.0245599999998376	epochs	3.0
1131.3795597291564	0.04872000000000298	epochs	2.0
1131.3795597291564	0.024400000000014188	epochs	3.0
1131.4039597291564	0.024319999999988795	epochs	3.0
1131.4282797291564	0.04808000000002721	epochs	2.0
1131.4282797291564	0.02408000000013999	epochs	3.0
1131.4523597291566	0.023999999999887223	epochs	3.0
1131.4763597291565	0.04760000000010223	epochs	2.0
1131.4763597291565	0.02384000000006381	epochs	3.0
1131.5001997291565	0.023760000000038417	epochs	3.0
1131.5239597291566	0.04711999999994987	epochs	2.0
1131.5239597291566	0.02359999999998763	epochs	3.0
1131.5475597291565	0.023519999999962238	epochs	3.0
1131.5710797291565	0.04655999999999949	epochs	2.0
1131.5710797291565	0.02335999999991145	epochs	3.0
1131.5944397291564	0.02320000000008804	epochs	3.0
1131.6176397291565	0.046080000000074506	epochs	2.0
1131.6176397291565	0.023120000000062646	epochs	3.0
1131.6407597291566	0.02296000000001186	epochs	3.0
1131.6637197291566	0.04559999999992215	epochs	2.0
1131.6637197291566	0.022879999999986467	epochs	3.0
1131.6865997291566	0.02271999999993568	epochs	3.0
1131.7093197291565	0.04511999999999716	epochs	2.0
1131.7093197291565	0.022639999999910287	epochs	3.0
1131.7319597291564	0.022480000000086875	epochs	3.0
1131.7544397291565	0.04464000000007218	epochs	2.0
1131.7544397291565	0.022400000000061482	epochs	3.0
1131.7768397291566	0.022240000000010696	epochs	3.0
1131.7990797291566	0.04423999999994521	epochs	2.0
1131.7990797291566	0.022159999999985303	epochs	3.0
1131.8212397291566	0.02207999999995991	epochs	3.0
1131.8433197291565	0.04376000000002023	epochs	2.0
1131.8433197291565	0.021919999999909123	epochs	3.0
1131.8652397291564	0.021840000000111104	epochs	3.0
1131.8870797291565	0.04335999999989326	epochs	2.0
1131.8870797291565	0.021759999999858337	epochs	3.0
1131.9088397291564	0.021600000000034925	epochs	3.0
1131.9304397291564	0.04287999999996828	epochs	2.0
1131.9304397291564	0.02143999999998414	epochs	3.0
1131.9518797291564	0.02143999999998414	epochs	3.0
1131.9733197291564	0.042480000000068685	epochs	2.0
1131.9733197291564	0.021280000000160726	epochs	3.0
1131.9945997291566	0.02119999999990796	epochs	3.0
1132.0157997291565	0.04207999999994172	epochs	2.0
1132.0157997291565	0.021040000000084547	epochs	3.0
1132.0368397291566	0.021039999999857173	epochs	3.0
1132.0578797291564	0.04168000000004213	epochs	2.0
1132.0578797291564	0.02088000000003376	epochs	3.0
1132.0787597291564	0.020800000000008367	epochs	3.0
1132.0995597291565	0.04120000000011714	epochs	2.0
1132.0995597291565	0.02063999999995758	epochs	3.0
1132.1201997291564	0.020560000000159562	epochs	3.0
1132.1407597291566	0.04088000000001557	epochs	2.0
1132.1407597291566	0.020559999999932188	epochs	3.0
1132.1613197291565	0.020320000000083382	epochs	3.0
1132.1816397291566	0.040559999999914	epochs	2.0
1132.1816397291566	0.02031999999985601	epochs	3.0
1132.2019597291564	0.02024000000005799	epochs	3.0
1132.2221997291565	0.04007999999998901	epochs	2.0
1132.2221997291565	0.020080000000007203	epochs	3.0
1132.2422797291565	0.01999999999998181	epochs	3.0
1132.2622797291565	0.039760000000114815	epochs	2.0
1132.2622797291565	0.019919999999956417	epochs	3.0
1132.2821997291564	0.019840000000158398	epochs	3.0
1132.3020397291566	0.03943999999978587	epochs	2.0
1132.3020397291566	0.01975999999990563	epochs	3.0
1132.3217997291565	0.019679999999880238	epochs	3.0
1132.3414797291564	0.03904000000011365	epochs	2.0
1132.3414797291564	0.019520000000056825	epochs	3.0
1132.3609997291564	0.019520000000056825	epochs	3.0
1132.3805197291565	0.038639999999986685	epochs	2.0
1132.3805197291565	0.01936000000000604	epochs	3.0
1132.3998797291565	0.019279999999980646	epochs	3.0
1132.4191597291565	0.038399999999910506	epochs	2.0
1132.4191597291565	0.019279999999980646	epochs	3.0
1132.4384397291565	0.01911999999992986	epochs	3.0
1132.4575597291564	0.038000000000010914	epochs	2.0
1132.4575597291564	0.01904000000013184	epochs	3.0
1132.4765997291565	0.018959999999879074	epochs	3.0
1132.4955597291564	0.037680000000136715	epochs	2.0
1132.4955597291564	0.018880000000081054	epochs	3.0
1132.5144397291565	0.01880000000005566	epochs	3.0
1132.5332397291565	0.03736000000003514	epochs	2.0
1132.5332397291565	0.018720000000030268	epochs	3.0
1132.5519597291566	0.018640000000004875	epochs	3.0
1132.5705997291566	0.03703999999993357	epochs	2.0
1132.5705997291566	0.018559999999979482	epochs	3.0
1132.5891597291566	0.01847999999995409	epochs	3.0
1132.6076397291565	0.03672000000005937	epochs	2.0
1132.6076397291565	0.018399999999928696	epochs	3.0
1132.6260397291564	0.018320000000130676	epochs	3.0
1132.6443597291566	0.03647999999998319	epochs	2.0
1132.6443597291566	0.01823999999987791	epochs	3.0
1132.6625997291565	0.018240000000105283	epochs	3.0
1132.6808397291566	0.03607999999985623	epochs	2.0
1132.6808397291566	0.018079999999827123	epochs	3.0
1132.6989197291564	0.018000000000029104	epochs	3.0
1132.7169197291564	0.03584000000000742	epochs	2.0
1132.7169197291564	0.01792000000000371	epochs	3.0
1132.7348397291564	0.01792000000000371	epochs	3.0
1132.7527597291564	0.03552000000013322	epochs	2.0
1132.7527597291564	0.017760000000180298	epochs	3.0
1132.7705197291566	0.017759999999952925	epochs	3.0
1132.7882797291566	0.03520000000003165	epochs	2.0
1132.7882797291566	0.01767999999992753	epochs	3.0
1132.8059597291565	0.01752000000010412	epochs	3.0
1132.8234797291566	0.03495999999995547	epochs	2.0
1132.8234797291566	0.017519999999876745	epochs	3.0
1132.8409997291565	0.017440000000078726	epochs	3.0
1132.8584397291565	0.03471999999987929	epochs	2.0
1132.8584397291565	0.017439999999851352	epochs	3.0
1132.8758797291564	0.01728000000002794	epochs	3.0
1132.8931597291564	0.03440000000000509	epochs	2.0
1132.8931597291564	0.017200000000002547	epochs	3.0
1132.9103597291564	0.017200000000002547	epochs	3.0
1132.9275597291564	0.03416000000015629	epochs	2.0
1132.9275597291564	0.017119999999977153	epochs	3.0
1132.9446797291564	0.017040000000179134	epochs	3.0
1132.9617197291566	0.03383999999982734	epochs	2.0
1132.9617197291566	0.016959999999926367	epochs	3.0
1132.9786797291565	0.016879999999900974	epochs	3.0
1132.9955597291564	0.033599999999978536	epochs	2.0
1132.9955597291564	0.016800000000102955	epochs	3.0
1133.0123597291565	0.01679999999987558	epochs	3.0
1133.0291597291564	0.03336000000012973	epochs	2.0
1133.0291597291564	0.01672000000007756	epochs	3.0
1133.0458797291565	0.01664000000005217	epochs	3.0
1133.0625197291565	0.03312000000005355	epochs	2.0
1133.0625197291565	0.016560000000026776	epochs	3.0
1133.0790797291565	0.016560000000026776	epochs	3.0
1133.0956397291566	0.03279999999995198	epochs	2.0
1133.0956397291566	0.01639999999997599	epochs	3.0
1133.1120397291565	0.01639999999997599	epochs	3.0
1133.1284397291565	0.0325599999998758	epochs	2.0
1133.1284397291565	0.016319999999950596	epochs	3.0
1133.1447597291565	0.016239999999925203	epochs	3.0
1133.1609997291564	0.03240000000005239	epochs	2.0
1133.1609997291564	0.016240000000152577	epochs	3.0
1133.1772397291566	0.01615999999989981	epochs	3.0
1133.1933997291565	0.032079999999950815	epochs	2.0
1133.1933997291565	0.01608000000010179	epochs	3.0
1133.2094797291566	0.015999999999849024	epochs	3.0
1133.2254797291564	0.0319200000001274	epochs	2.0
1133.2254797291564	0.016000000000076398	epochs	3.0
1133.2414797291565	0.015920000000051004	epochs	3.0
1133.2573997291565	0.03160000000002583	epochs	2.0
1133.2573997291565	0.01584000000002561	epochs	3.0
1133.2732397291566	0.01576000000000022	epochs	3.0
1133.2889997291566	0.03143999999997504	epochs	2.0
1133.2889997291566	0.01576000000000022	epochs	3.0
1133.3047597291566	0.015679999999974825	epochs	3.0
1133.3204397291565	0.031199999999898864	epochs	2.0
1133.3204397291565	0.015599999999949432	epochs	3.0
1133.3360397291565	0.015599999999949432	epochs	3.0
1133.3516397291564	0.03096000000005006	epochs	2.0
1133.3516397291564	0.015520000000151413	epochs	3.0
1133.3671597291566	0.015439999999898646	epochs	3.0
1133.3825997291565	0.03071999999997388	epochs	2.0
1133.3825997291565	0.01544000000012602	epochs	3.0
1133.3980397291566	0.01527999999984786	epochs	3.0
1133.4133197291565	0.030559999999923093	epochs	2.0
1133.4133197291565	0.015360000000100626	epochs	3.0
1133.4286797291566	0.015199999999822467	epochs	3.0
1133.4438797291564	0.030320000000074288	epochs	2.0
1133.4438797291564	0.01520000000004984	epochs	3.0
1133.4590797291564	0.015120000000024447	epochs	3.0
1133.4741997291565	0.030079999999998108	epochs	2.0
1133.4741997291565	0.015120000000024447	epochs	3.0
1133.4893197291565	0.014959999999973661	epochs	3.0
1133.5042797291565	0.029919999999947322	epochs	2.0
1133.5042797291565	0.015039999999999054	epochs	3.0
1133.5193197291565	0.014879999999948268	epochs	3.0
1133.5341997291564	0.029680000000098516	epochs	2.0
1133.5341997291564	0.014880000000175642	epochs	3.0
1133.5490797291566	0.014799999999922875	epochs	3.0
1133.5638797291565	0.02952000000004773	epochs	2.0
1133.5638797291565	0.014799999999922875	epochs	3.0
1133.5786797291564	0.014720000000124855	epochs	3.0
1133.5933997291565	0.02927999999997155	epochs	2.0
1133.5933997291565	0.014719999999897482	epochs	3.0
1133.6081197291564	0.01456000000007407	epochs	3.0
1133.6226797291565	0.029119999999920765	epochs	2.0
1133.6226797291565	0.014639999999872089	epochs	3.0
1133.6373197291564	0.014480000000048676	epochs	3.0
1133.6517997291564	0.028960000000097352	epochs	2.0
1133.6517997291564	0.014480000000048676	epochs	3.0
1133.6662797291565	0.014480000000048676	epochs	3.0
1133.6807597291565	0.02863999999999578	epochs	2.0
1133.6807597291565	0.01431999999999789	epochs	3.0
1133.6950797291565	0.01431999999999789	epochs	3.0
1133.7093997291565	0.028559999999970387	epochs	2.0
1133.7093997291565	0.01431999999999789	epochs	3.0
1133.7237197291565	0.014239999999972497	epochs	3.0
1133.7379597291565	0.028319999999894208	epochs	2.0
1133.7379597291565	0.014159999999947104	epochs	3.0
1133.7521197291564	0.014159999999947104	epochs	3.0
1133.7662797291564	0.028160000000070795	epochs	2.0
1133.7662797291564	0.014160000000174477	epochs	3.0
1133.7804397291566	0.013999999999896318	epochs	3.0
1133.7944397291565	0.02800000000002001	epochs	2.0
1133.7944397291565	0.014000000000123691	epochs	3.0
1133.8084397291566	0.013999999999896318	epochs	3.0
1133.8224397291565	0.02775999999994383	epochs	2.0
1133.8224397291565	0.013920000000098298	epochs	3.0
1133.8363597291566	0.013839999999845531	epochs	3.0
1133.8501997291564	0.02768000000014581	epochs	2.0
1133.8501997291564	0.013840000000072905	epochs	3.0
1133.8640397291565	0.013840000000072905	epochs	3.0
1133.8778797291566	0.027439999999842257	epochs	2.0
1133.8778797291566	0.013759999999820138	epochs	3.0
1133.8916397291564	0.013680000000022119	epochs	3.0
1133.9053197291564	0.027280000000018845	epochs	2.0
1133.9053197291564	0.013680000000022119	epochs	3.0
1133.9189997291564	0.013599999999996726	epochs	3.0
1133.9325997291564	0.02711999999996806	epochs	2.0
1133.9325997291564	0.013519999999971333	epochs	3.0
1133.9461197291564	0.013599999999996726	epochs	3.0
1133.9597197291564	0.026880000000119253	epochs	2.0
1133.9597197291564	0.013440000000173313	epochs	3.0
1133.9731597291566	0.01343999999994594	epochs	3.0
1133.9865997291565	0.026799999999866486	epochs	2.0
1133.9865997291565	0.01343999999994594	epochs	3.0
1134.0000397291565	0.013359999999920547	epochs	3.0
1134.0133997291564	0.02656000000001768	epochs	2.0
1134.0133997291564	0.013280000000122527	epochs	3.0
1134.0266797291565	0.013279999999895153	epochs	3.0
1134.0399597291564	0.026479999999992287	epochs	2.0
1134.0399597291564	0.013280000000122527	epochs	3.0
1134.0532397291565	0.01319999999986976	epochs	3.0
1134.0664397291564	0.026240000000143482	epochs	2.0
1134.0664397291564	0.013120000000071741	epochs	3.0
1134.0795597291565	0.013120000000071741	epochs	3.0
1134.0926797291565	0.026159999999890715	epochs	2.0
1134.0926797291565	0.013119999999844367	epochs	3.0
1134.1057997291564	0.013040000000046348	epochs	3.0
1134.1188397291564	0.026000000000067303	epochs	2.0
1134.1188397291564	0.013040000000046348	epochs	3.0
1134.1318797291565	0.012960000000020955	epochs	3.0
1134.1448397291565	0.025759999999991123	epochs	2.0
1134.1448397291565	0.012879999999995562	epochs	3.0
1134.1577197291565	0.012879999999995562	epochs	3.0
1134.1705997291565	0.02567999999996573	epochs	2.0
1134.1705997291565	0.012879999999995562	epochs	3.0
1134.1834797291565	0.012799999999970169	epochs	3.0
1134.1962797291565	0.025520000000142318	epochs	2.0
1134.1962797291565	0.012799999999970169	epochs	3.0
1134.2090797291564	0.01272000000017215	epochs	3.0
1134.2217997291566	0.025359999999864158	epochs	2.0
1134.2217997291566	0.012719999999944775	epochs	3.0
1134.2345197291565	0.012639999999919382	epochs	3.0
1134.2471597291565	0.025200000000040745	epochs	2.0
1134.2471597291565	0.012639999999919382	epochs	3.0
1134.2597997291564	0.012560000000121363	epochs	3.0
1134.2723597291565	0.024560000000064974	epochs	2.0
1134.2938496291565	0.5	epochs	-1.0
1134.2969197291566	0.5112799999999424	epochs	1.0
1134.8081997291565	0.48864000000003216	epochs	0.0
1138.9229998588562	0.18792000000007647	epochs	0.0
1138.9229998588562	0.08896000000004278	epochs	1.0
1139.0119598588562	0.010080000000016298	epochs	1.0
1139.0220398588563	0.08888000000001739	epochs	1.0
1139.1109198588563	2.0	epochs	0.0
1141.1109198588563	21.53135999999995	epochs	0.0
1141.1109198588563	1.0	epochs	1.0
1141.1109697588563	0.5	epochs	-1.0
1141.6109697588563	19.99687999999992	epochs	-1.0
1142.1109198588563	20.0	epochs	1.0
1142.1109198588563	8.000000002539309e-05	epochs	2.0
1142.1109998588563	4.356719999999996	epochs	-1.0
1142.1109998588563	1.974559999999883	epochs	2.0
1142.1109998588563	1.0985599999999067	epochs	3.0
1143.2095598588562	0.8759999999999764	epochs	3.0
1144.0855598588562	1.3523999999999887	epochs	2.0
1144.0855598588562	0.7286400000000413	epochs	3.0
1144.8141998588562	0.6237599999999475	epochs	3.0
1145.4379598588562	1.029760000000124	epochs	2.0
1145.4379598588562	0.5453600000000733	epochs	3.0
1145.9833198588562	0.48440000000005057	epochs	3.0
1146.4677198588563	0.8317599999998038	epochs	2.0
1146.4677198588563	0.4357599999998456	epochs	3.0
1146.9034798588561	0.39599999999995816	epochs	3.0
1147.299479858856	0.697840000000042	epochs	2.0
1147.299479858856	0.362880000000132	epochs	3.0
1147.6623598588562	0.33495999999991	epochs	3.0
1147.9973198588561	0.6010400000000118	epochs	2.0
1147.9973198588561	0.3108799999999974	epochs	3.0
1148.3081998588561	0.2901600000000144	epochs	3.0
1148.5983598588562	0.5278399999999692	epochs	2.0
1148.5983598588562	0.2719200000001365	epochs	3.0
1148.8702798588563	0.2559199999998327	epochs	3.0
1149.1261998588561	0.47064000000000306	epochs	2.0
1149.1261998588561	0.2416800000000876	epochs	3.0
1149.3678798588562	0.22895999999991545	epochs	3.0
1149.5968398588561	0.4245600000001559	epochs	2.0
1149.5968398588561	0.2174400000001242	epochs	3.0
1149.8142798588563	0.20712000000003172	epochs	3.0
1150.0213998588563	0.3867199999999684	epochs	2.0
1150.0213998588563	0.1976799999999912	epochs	3.0
1150.2190798588563	0.18903999999997723	epochs	3.0
1150.4081198588563	0.3551199999999426	epochs	2.0
1150.4081198588563	0.1811999999999898	epochs	3.0
1150.5893198588562	0.17391999999995278	epochs	3.0
1150.7632398588562	0.3282400000000507	epochs	2.0
1150.7632398588562	0.1672000000000935	epochs	3.0
1150.9304398588563	0.16103999999995722	epochs	3.0
1151.0914798588562	0.30520000000001346	epochs	2.0
1151.0914798588562	0.1552799999999479	epochs	3.0
1151.2467598588562	0.14992000000006556	epochs	3.0
1151.3966798588563	0.28512000000000626	epochs	2.0
1151.3966798588563	0.14487999999983003	epochs	3.0
1151.541559858856	0.14024000000017622	epochs	3.0
1151.6817998588563	0.26751999999987675	epochs	2.0
1151.6817998588563	0.13583999999991647	epochs	3.0
1151.8176398588562	0.13167999999996027	epochs	3.0
1151.9493198588561	0.2520799999999781	epochs	2.0
1151.9493198588561	0.12784000000010565	epochs	3.0
1152.0771598588562	0.12423999999987245	epochs	3.0
1152.2013998588561	0.23816000000010717	epochs	2.0
1152.2013998588561	0.1207200000001194	epochs	3.0
1152.3221198588562	0.11743999999998778	epochs	3.0
1152.4395598588562	0.225840000000062	epochs	2.0
1152.4395598588562	0.11439999999993233	epochs	3.0
1152.5539598588562	0.11144000000012966	epochs	3.0
1152.6653998588563	0.21463999999991756	epochs	2.0
1152.6653998588563	0.10863999999992302	epochs	3.0
1152.7740398588562	0.10599999999999454	epochs	3.0
1152.8800398588562	0.20448000000010325	epochs	2.0
1152.8800398588562	0.10344000000009146	epochs	3.0
1152.9834798588563	0.10104000000001179	epochs	3.0
1153.0845198588563	0.19535999999993692	epochs	2.0
1153.0845198588563	0.0987999999999829	epochs	3.0
1153.1833198588563	0.09655999999995402	epochs	3.0
1153.2798798588562	0.18695999999999913	epochs	2.0
1153.2798798588562	0.09447999999997592	epochs	3.0
1153.3743598588562	0.09248000000002321	epochs	3.0
1153.4668398588562	0.1792000000000371	epochs	2.0
1153.4668398588562	0.09047999999984313	epochs	3.0
1153.557319858856	0.08872000000019398	epochs	3.0
1153.6460398588563	0.17207999999982349	epochs	2.0
1153.6460398588563	0.08687999999983731	epochs	3.0
1153.7329198588561	0.08519999999998618	epochs	3.0
1153.818119858856	0.165520000000015	epochs	2.0
1153.818119858856	0.08360000000016043	epochs	3.0
1153.9017198588563	0.08191999999985455	epochs	3.0
1153.9836398588561	0.15952000000015687	epochs	2.0
1153.9836398588561	0.0804800000000796	epochs	3.0
1154.0641198588562	0.07904000000007727	epochs	3.0
1154.1431598588563	0.15375999999992018	epochs	2.0
1154.1431598588563	0.07759999999984757	epochs	3.0
1154.2207598588561	0.07616000000007261	epochs	3.0
1154.2969198588562	0.14856000000008862	epochs	2.0
1154.2969198588562	0.07495999999991909	epochs	3.0
1154.3718798588561	0.07360000000016953	epochs	3.0
1154.4454798588563	0.14367999999990388	epochs	2.0
1154.4454798588563	0.07247999999981403	epochs	3.0
1154.517959858856	0.07120000000008986	epochs	3.0
1154.5891598588562	0.1390400000000227	epochs	2.0
1154.5891598588562	0.07007999999996173	epochs	3.0
1154.6592398588562	0.06896000000006097	epochs	3.0
1154.7281998588562	0.13472000000001572	epochs	2.0
1154.7281998588562	0.06791999999995824	epochs	3.0
1154.7961198588562	0.06680000000005748	epochs	3.0
1154.8629198588562	0.13071999999988293	epochs	2.0
1154.8629198588562	0.06583999999998014	epochs	3.0
1154.9287598588562	0.0648799999999028	epochs	3.0
1154.993639858856	0.1268000000000029	epochs	2.0
1154.993639858856	0.06384000000002743	epochs	3.0
1155.0574798588561	0.06295999999997548	epochs	3.0
1155.1204398588561	0.12328000000002248	epochs	2.0
1155.1204398588561	0.0620800000001509	epochs	3.0
1155.1825198588563	0.06119999999987158	epochs	3.0
1155.2437198588561	0.11984000000006745	epochs	2.0
1155.2437198588561	0.060320000000047	epochs	3.0
1155.3040398588562	0.059520000000020445	epochs	3.0
1155.3635598588562	0.11663999999996122	epochs	2.0
1155.3635598588562	0.05871999999999389	epochs	3.0
1155.4222798588562	0.05791999999996733	epochs	3.0
1155.4801998588562	0.11360000000013315	epochs	2.0
1155.4801998588562	0.05719999999996617	epochs	3.0
1155.5373998588561	0.05640000000016698	epochs	3.0
1155.5937998588563	0.11071999999990112	epochs	2.0
1155.5937998588563	0.055679999999938445	epochs	3.0
1155.6494798588562	0.055039999999962674	epochs	3.0
1155.7045198588562	0.10791999999992186	epochs	2.0
1155.7045198588562	0.05423999999993612	epochs	3.0
1155.7587598588561	0.05367999999998574	epochs	3.0
1155.8124398588561	0.10527999999999338	epochs	2.0
1155.8124398588561	0.052959999999984575	epochs	3.0
1155.865399858856	0.052320000000008804	epochs	3.0
1155.9177198588561	0.10288000000014108	epochs	2.0
1155.9177198588561	0.051760000000058426	epochs	3.0
1155.9694798588562	0.051120000000082655	epochs	3.0
1156.0205998588563	0.10040000000003602	epochs	2.0
1156.0205998588563	0.05047999999987951	epochs	3.0
1156.0710798588561	0.049920000000156506	epochs	3.0
1156.1209998588563	0.09823999999980515	epochs	2.0
1156.1209998588563	0.049359999999978754	epochs	3.0
1156.1703598588563	0.048879999999826396	epochs	3.0
1156.219239858856	0.09600000000000364	epochs	2.0
1156.219239858856	0.048240000000078	epochs	3.0
1156.2674798588562	0.04775999999992564	epochs	3.0
1156.315239858856	0.09392000000002554	epochs	2.0
1156.315239858856	0.047200000000202635	epochs	3.0
1156.3624398588563	0.0467199999998229	epochs	3.0
1156.4091598588561	0.09192000000007283	epochs	2.0
1156.4091598588561	0.0461600000000999	epochs	3.0
1156.4553198588562	0.04575999999997293	epochs	3.0
1156.5010798588562	0.09007999999994354	epochs	2.0
1156.5010798588562	0.04528000000004795	epochs	3.0
1156.5463598588562	0.04479999999989559	epochs	3.0
1156.5911598588561	0.08816000000001623	epochs	2.0
1156.5911598588561	0.044319999999970605	epochs	3.0
1156.6354798588561	0.04384000000004562	epochs	3.0
1156.6793198588562	0.08647999999993772	epochs	2.0
1156.6793198588562	0.04344000000014603	epochs	3.0
1156.7227598588563	0.04303999999979169	epochs	3.0
1156.765799858856	0.08472000000006119	epochs	2.0
1156.765799858856	0.04256000000009408	epochs	3.0
1156.8083598588562	0.04215999999996711	epochs	3.0
1156.8505198588562	0.08320000000003347	epochs	2.0
1156.8505198588562	0.04176000000006752	epochs	3.0
1156.8922798588562	0.04143999999996595	epochs	3.0
1156.9337198588562	0.08151999999995496	epochs	2.0
1156.9337198588562	0.040960000000040964	epochs	3.0
1156.9746798588562	0.040559999999914	epochs	3.0
1157.0152398588561	0.08007999999995263	epochs	2.0
1157.0152398588561	0.0402400000000398	epochs	3.0
1157.0554798588562	0.039839999999912834	epochs	3.0
1157.095319858856	0.07864000000017768	epochs	2.0
1157.095319858856	0.039520000000038635	epochs	3.0
1157.1348398588561	0.039120000000139044	epochs	3.0
1157.1739598588563	0.07719999999994798	epochs	2.0
1157.1739598588563	0.03880000000003747	epochs	3.0
1157.2127598588563	0.038399999999910506	epochs	3.0
1157.2511598588562	0.07591999999999643	epochs	2.0
1157.2511598588562	0.0381600000000617	epochs	3.0
1157.2893198588563	0.037759999999934735	epochs	3.0
1157.3270798588562	0.0745600000000195	epochs	2.0
1157.3270798588562	0.037440000000060536	epochs	3.0
1157.3645198588563	0.037119999999958964	epochs	3.0
1157.4016398588562	0.07335999999986598	epochs	2.0
1157.4016398588562	0.03679999999985739	epochs	3.0
1157.438439858856	0.036560000000008586	epochs	3.0
1157.474999858856	0.07208000000014181	epochs	2.0
1157.474999858856	0.036160000000108994	epochs	3.0
1157.5111598588562	0.035920000000032815	epochs	3.0
1157.5470798588563	0.07087999999998829	epochs	2.0
1157.5470798588563	0.03559999999993124	epochs	3.0
1157.5826798588562	0.035280000000057044	epochs	3.0
1157.6179598588562	0.06983999999988555	epochs	2.0
1157.6179598588562	0.035039999999980864	epochs	3.0
1157.6529998588562	0.034799999999904685	epochs	3.0
1157.6877998588561	0.06864000000018677	epochs	2.0
1157.6877998588561	0.034480000000030486	epochs	3.0
1157.7222798588562	0.03416000000015629	epochs	3.0
1157.7564398588563	0.06759999999985666	epochs	2.0
1157.7564398588563	0.033919999999852735	epochs	3.0
1157.7903598588562	0.03368000000000393	epochs	3.0
1157.8240398588562	0.0665599999999813	epochs	2.0
1157.8240398588562	0.03343999999992775	epochs	3.0
1157.857479858856	0.03312000000005355	epochs	3.0
1157.8905998588561	0.06560000000013133	epochs	2.0
1157.8905998588561	0.032960000000002765	epochs	3.0
1157.9235598588562	0.032640000000128566	epochs	3.0
1157.9561998588563	0.0645600000000286	epochs	2.0
1157.9561998588563	0.03239999999982501	epochs	3.0
1157.988599858856	0.03216000000020358	epochs	3.0
1158.0207598588563	0.06367999999997664	epochs	2.0
1158.0207598588563	0.03199999999992542	epochs	3.0
1158.0527598588562	0.03168000000005122	epochs	3.0
1158.0844398588563	0.0627199999998993	epochs	2.0
1158.0844398588563	0.03143999999997504	epochs	3.0
1158.1158798588563	0.03127999999992426	epochs	3.0
1158.1471598588562	0.061840000000074724	epochs	2.0
1158.1471598588562	0.03104000000007545	epochs	3.0
1158.1781998588563	0.030799999999999272	epochs	3.0
1158.2089998588563	0.060960000000022774	epochs	2.0
1158.2089998588563	0.030559999999923093	epochs	3.0
1158.2395598588562	0.03040000000009968	epochs	3.0
1158.2699598588563	0.060159999999996217	epochs	2.0
1158.2699598588563	0.0301600000000235	epochs	3.0
1158.3001198588563	0.029999999999972715	epochs	3.0
1158.3301198588563	0.059279999999944266	epochs	2.0
1158.3301198588563	0.029679999999871143	epochs	3.0
1158.3597998588561	0.029600000000073123	epochs	3.0
1158.3893998588562	0.05847999999991771	epochs	2.0
1158.3893998588562	0.029359999999996944	epochs	3.0
1158.4187598588562	0.029119999999920765	epochs	3.0
1158.4478798588561	0.05776000000014392	epochs	2.0
1158.4478798588561	0.028960000000097352	epochs	3.0
1158.4768398588562	0.028800000000046566	epochs	3.0
1158.5056398588563	0.05695999999988999	epochs	2.0
1158.5056398588563	0.028559999999970387	epochs	3.0
1158.5341998588563	0.0283999999999196	epochs	3.0
1158.5625998588562	0.0562400000001162	epochs	2.0
1158.5625998588562	0.028160000000070795	epochs	3.0
1158.5907598588562	0.028080000000045402	epochs	3.0
1158.6188398588563	0.055439999999862266	epochs	2.0
1158.6188398588563	0.027839999999969223	epochs	3.0
1158.6466798588563	0.027599999999893043	epochs	3.0
1158.6742798588562	0.05488000000013926	epochs	2.0
1158.6742798588562	0.027520000000095024	epochs	3.0
1158.7017998588562	0.027360000000044238	epochs	3.0
1158.7291598588563	0.05407999999988533	epochs	2.0
1158.7291598588563	0.02711999999996806	epochs	3.0
1158.7562798588563	0.026959999999917272	epochs	3.0
1158.7832398588562	0.053440000000136934	epochs	2.0
1158.7832398588562	0.02680000000009386	epochs	3.0
1158.8100398588563	0.026640000000043074	epochs	3.0
1158.8366798588563	0.05287999999995918	epochs	2.0
1158.8366798588563	0.026479999999992287	epochs	3.0
1158.8631598588563	0.026399999999966894	epochs	3.0
1158.8895598588563	0.05215999999995802	epochs	2.0
1158.8895598588563	0.026159999999890715	epochs	3.0
1158.9157198588562	0.026000000000067303	epochs	3.0
1158.9417198588562	0.05151999999998225	epochs	2.0
1158.9417198588562	0.025840000000016516	epochs	3.0
1158.9675598588562	0.02567999999996573	epochs	3.0
1158.9932398588562	0.05096000000003187	epochs	2.0
1158.9932398588562	0.025599999999940337	epochs	3.0
1159.0188398588562	0.02536000000009153	epochs	3.0
1159.0441998588562	0.05039999999985412	epochs	2.0
1159.0441998588562	0.02528000000006614	epochs	3.0
1159.0694798588563	0.02511999999978798	epochs	3.0
1159.094599858856	0.04976000000010572	epochs	2.0
1159.094599858856	0.02496000000019194	epochs	3.0
1159.1195598588563	0.02479999999991378	epochs	3.0
1159.1443598588562	0.04919999999992797	epochs	2.0
1159.1443598588562	0.024640000000090367	epochs	3.0
1159.1689998588563	0.0245599999998376	epochs	3.0
1159.1935598588561	0.04872000000000298	epochs	2.0
1159.1935598588561	0.024400000000014188	epochs	3.0
1159.2179598588561	0.024319999999988795	epochs	3.0
1159.2422798588561	0.04808000000002721	epochs	2.0
1159.2422798588561	0.02408000000013999	epochs	3.0
1159.2663598588563	0.023999999999887223	epochs	3.0
1159.2903598588562	0.04760000000010223	epochs	2.0
1159.2903598588562	0.02384000000006381	epochs	3.0
1159.3141998588562	0.023760000000038417	epochs	3.0
1159.3379598588563	0.04711999999994987	epochs	2.0
1159.3379598588563	0.02359999999998763	epochs	3.0
1159.3615598588563	0.023519999999962238	epochs	3.0
1159.3850798588562	0.04655999999999949	epochs	2.0
1159.3850798588562	0.02335999999991145	epochs	3.0
1159.4084398588561	0.02320000000008804	epochs	3.0
1159.4316398588562	0.046080000000074506	epochs	2.0
1159.4316398588562	0.023120000000062646	epochs	3.0
1159.4547598588563	0.02296000000001186	epochs	3.0
1159.4777198588563	0.04559999999992215	epochs	2.0
1159.4777198588563	0.022879999999986467	epochs	3.0
1159.5005998588563	0.02271999999993568	epochs	3.0
1159.5233198588562	0.04511999999999716	epochs	2.0
1159.5233198588562	0.022639999999910287	epochs	3.0
1159.5459598588561	0.022480000000086875	epochs	3.0
1159.5684398588562	0.04464000000007218	epochs	2.0
1159.5684398588562	0.022400000000061482	epochs	3.0
1159.5908398588563	0.022240000000010696	epochs	3.0
1159.6130798588563	0.04423999999994521	epochs	2.0
1159.6130798588563	0.022159999999985303	epochs	3.0
1159.6352398588563	0.02207999999995991	epochs	3.0
1159.6573198588562	0.04376000000002023	epochs	2.0
1159.6573198588562	0.021919999999909123	epochs	3.0
1159.6792398588561	0.021840000000111104	epochs	3.0
1159.7010798588562	0.04335999999989326	epochs	2.0
1159.7010798588562	0.021759999999858337	epochs	3.0
1159.722839858856	0.021600000000034925	epochs	3.0
1159.7444398588561	0.04287999999996828	epochs	2.0
1159.7444398588561	0.02143999999998414	epochs	3.0
1159.7658798588561	0.02143999999998414	epochs	3.0
1159.787319858856	0.042480000000068685	epochs	2.0
1159.787319858856	0.021280000000160726	epochs	3.0
1159.8085998588563	0.02119999999990796	epochs	3.0
1159.8297998588562	0.04207999999994172	epochs	2.0
1159.8297998588562	0.021040000000084547	epochs	3.0
1159.8508398588563	0.021039999999857173	epochs	3.0
1159.8718798588561	0.04168000000004213	epochs	2.0
1159.8718798588561	0.02088000000003376	epochs	3.0
1159.8927598588562	0.020800000000008367	epochs	3.0
1159.9135598588562	0.04120000000011714	epochs	2.0
1159.9135598588562	0.02063999999995758	epochs	3.0
1159.9341998588561	0.020560000000159562	epochs	3.0
1159.9547598588563	0.04088000000001557	epochs	2.0
1159.9547598588563	0.020559999999932188	epochs	3.0
1159.9753198588562	0.020320000000083382	epochs	3.0
1159.9956398588563	0.040559999999914	epochs	2.0
1159.9956398588563	0.02031999999985601	epochs	3.0
1160.0159598588561	0.02024000000005799	epochs	3.0
1160.0361998588562	0.04007999999998901	epochs	2.0
1160.0361998588562	0.020080000000007203	epochs	3.0
1160.0562798588562	0.01999999999998181	epochs	3.0
1160.0762798588562	0.039760000000114815	epochs	2.0
1160.0762798588562	0.019919999999956417	epochs	3.0
1160.0961998588562	0.019840000000158398	epochs	3.0
1160.1160398588563	0.03943999999978587	epochs	2.0
1160.1160398588563	0.01975999999990563	epochs	3.0
1160.1357998588562	0.019679999999880238	epochs	3.0
1160.155479858856	0.03904000000011365	epochs	2.0
1160.155479858856	0.019520000000056825	epochs	3.0
1160.1749998588562	0.019520000000056825	epochs	3.0
1160.1945198588562	0.038639999999986685	epochs	2.0
1160.1945198588562	0.01936000000000604	epochs	3.0
1160.2138798588562	0.019279999999980646	epochs	3.0
1160.2331598588562	0.038399999999910506	epochs	2.0
1160.2331598588562	0.019279999999980646	epochs	3.0
1160.2524398588562	0.01911999999992986	epochs	3.0
1160.271559858856	0.038000000000010914	epochs	2.0
1160.271559858856	0.01904000000013184	epochs	3.0
1160.2905998588562	0.018959999999879074	epochs	3.0
1160.3095598588561	0.037680000000136715	epochs	2.0
1160.3095598588561	0.018880000000081054	epochs	3.0
1160.3284398588562	0.01880000000005566	epochs	3.0
1160.3472398588563	0.03736000000003514	epochs	2.0
1160.3472398588563	0.018720000000030268	epochs	3.0
1160.3659598588563	0.018640000000004875	epochs	3.0
1160.3845998588563	0.03703999999993357	epochs	2.0
1160.3845998588563	0.018559999999979482	epochs	3.0
1160.4031598588563	0.01847999999995409	epochs	3.0
1160.4216398588562	0.03672000000005937	epochs	2.0
1160.4216398588562	0.018399999999928696	epochs	3.0
1160.4400398588562	0.018320000000130676	epochs	3.0
1160.4583598588563	0.03647999999998319	epochs	2.0
1160.4583598588563	0.01823999999987791	epochs	3.0
1160.4765998588562	0.018240000000105283	epochs	3.0
1160.4948398588563	0.03607999999985623	epochs	2.0
1160.4948398588563	0.018079999999827123	epochs	3.0
1160.512919858856	0.018000000000029104	epochs	3.0
1160.5309198588561	0.03584000000000742	epochs	2.0
1160.5309198588561	0.01792000000000371	epochs	3.0
1160.5488398588561	0.01792000000000371	epochs	3.0
1160.5667598588561	0.03552000000013322	epochs	2.0
1160.5667598588561	0.017760000000180298	epochs	3.0
1160.5845198588563	0.017759999999952925	epochs	3.0
1160.6022798588563	0.03520000000003165	epochs	2.0
1160.6022798588563	0.01767999999992753	epochs	3.0
1160.6199598588562	0.01752000000010412	epochs	3.0
1160.6374798588563	0.03495999999995547	epochs	2.0
1160.6374798588563	0.017519999999876745	epochs	3.0
1160.6549998588562	0.017440000000078726	epochs	3.0
1160.6724398588563	0.03471999999987929	epochs	2.0
1160.6724398588563	0.017439999999851352	epochs	3.0
1160.689879858856	0.01728000000002794	epochs	3.0
1160.7071598588561	0.03440000000000509	epochs	2.0
1160.7071598588561	0.017200000000002547	epochs	3.0
1160.7243598588561	0.017200000000002547	epochs	3.0
1160.7415598588561	0.03416000000015629	epochs	2.0
1160.7415598588561	0.017119999999977153	epochs	3.0
1160.758679858856	0.017040000000179134	epochs	3.0
1160.7757198588563	0.03383999999982734	epochs	2.0
1160.7757198588563	0.016959999999926367	epochs	3.0
1160.7926798588562	0.016879999999900974	epochs	3.0
1160.8095598588561	0.033599999999978536	epochs	2.0
1160.8095598588561	0.016800000000102955	epochs	3.0
1160.8263598588562	0.01679999999987558	epochs	3.0
1160.843159858856	0.03336000000012973	epochs	2.0
1160.843159858856	0.01672000000007756	epochs	3.0
1160.8598798588562	0.01664000000005217	epochs	3.0
1160.8765198588562	0.03312000000005355	epochs	2.0
1160.8765198588562	0.016560000000026776	epochs	3.0
1160.8930798588563	0.016560000000026776	epochs	3.0
1160.9096398588563	0.03279999999995198	epochs	2.0
1160.9096398588563	0.01639999999997599	epochs	3.0
1160.9260398588563	0.01639999999997599	epochs	3.0
1160.9424398588562	0.0325599999998758	epochs	2.0
1160.9424398588562	0.016319999999950596	epochs	3.0
1160.9587598588562	0.016239999999925203	epochs	3.0
1160.974999858856	0.03240000000005239	epochs	2.0
1160.974999858856	0.016240000000152577	epochs	3.0
1160.9912398588563	0.01615999999989981	epochs	3.0
1161.0073998588562	0.032079999999950815	epochs	2.0
1161.0073998588562	0.01608000000010179	epochs	3.0
1161.0234798588563	0.015999999999849024	epochs	3.0
1161.039479858856	0.0319200000001274	epochs	2.0
1161.039479858856	0.016000000000076398	epochs	3.0
1161.0554798588562	0.015920000000051004	epochs	3.0
1161.0713998588562	0.03160000000002583	epochs	2.0
1161.0713998588562	0.01584000000002561	epochs	3.0
1161.0872398588563	0.01576000000000022	epochs	3.0
1161.1029998588563	0.03143999999997504	epochs	2.0
1161.1029998588563	0.01576000000000022	epochs	3.0
1161.1187598588563	0.015679999999974825	epochs	3.0
1161.1344398588562	0.031199999999898864	epochs	2.0
1161.1344398588562	0.015599999999949432	epochs	3.0
1161.1500398588562	0.015599999999949432	epochs	3.0
1161.1656398588561	0.03096000000005006	epochs	2.0
1161.1656398588561	0.015520000000151413	epochs	3.0
1161.1811598588563	0.015439999999898646	epochs	3.0
1161.1965998588562	0.03071999999997388	epochs	2.0
1161.1965998588562	0.01544000000012602	epochs	3.0
1161.2120398588563	0.01527999999984786	epochs	3.0
1161.2273198588562	0.030559999999923093	epochs	2.0
1161.2273198588562	0.015360000000100626	epochs	3.0
1161.2426798588563	0.015199999999822467	epochs	3.0
1161.257879858856	0.030320000000074288	epochs	2.0
1161.257879858856	0.01520000000004984	epochs	3.0
1161.2730798588561	0.015120000000024447	epochs	3.0
1161.2881998588562	0.030079999999998108	epochs	2.0
1161.2881998588562	0.015120000000024447	epochs	3.0
1161.3033198588562	0.014959999999973661	epochs	3.0
1161.3182798588562	0.029919999999947322	epochs	2.0
1161.3182798588562	0.015039999999999054	epochs	3.0
1161.3333198588562	0.014879999999948268	epochs	3.0
1161.348199858856	0.029680000000098516	epochs	2.0
1161.348199858856	0.014880000000175642	epochs	3.0
1161.3630798588563	0.014799999999922875	epochs	3.0
1161.3778798588562	0.02952000000004773	epochs	2.0
1161.3778798588562	0.014799999999922875	epochs	3.0
1161.3926798588561	0.014720000000124855	epochs	3.0
1161.4073998588563	0.02927999999997155	epochs	2.0
1161.4073998588563	0.014719999999897482	epochs	3.0
1161.4221198588561	0.01456000000007407	epochs	3.0
1161.4366798588562	0.029119999999920765	epochs	2.0
1161.4366798588562	0.014639999999872089	epochs	3.0
1161.451319858856	0.014480000000048676	epochs	3.0
1161.4657998588561	0.028960000000097352	epochs	2.0
1161.4657998588561	0.014480000000048676	epochs	3.0
1161.4802798588562	0.014480000000048676	epochs	3.0
1161.4947598588562	0.02863999999999578	epochs	2.0
1161.4947598588562	0.01431999999999789	epochs	3.0
1161.5090798588562	0.01431999999999789	epochs	3.0
1161.5233998588562	0.028559999999970387	epochs	2.0
1161.5233998588562	0.01431999999999789	epochs	3.0
1161.5377198588562	0.014239999999972497	epochs	3.0
1161.5519598588562	0.028319999999894208	epochs	2.0
1161.5519598588562	0.014159999999947104	epochs	3.0
1161.5661198588562	0.014159999999947104	epochs	3.0
1161.580279858856	0.028160000000070795	epochs	2.0
1161.580279858856	0.014160000000174477	epochs	3.0
1161.5944398588563	0.013999999999896318	epochs	3.0
1161.6084398588562	0.02800000000002001	epochs	2.0
1161.6084398588562	0.014000000000123691	epochs	3.0
1161.6224398588563	0.013999999999896318	epochs	3.0
1161.6364398588562	0.02775999999994383	epochs	2.0
1161.6364398588562	0.013920000000098298	epochs	3.0
1161.6503598588563	0.013839999999845531	epochs	3.0
1161.6641998588561	0.02768000000014581	epochs	2.0
1161.6641998588561	0.013840000000072905	epochs	3.0
1161.6780398588562	0.013840000000072905	epochs	3.0
1161.6918798588563	0.027439999999842257	epochs	2.0
1161.6918798588563	0.013759999999820138	epochs	3.0
1161.705639858856	0.013680000000022119	epochs	3.0
1161.7193198588561	0.027280000000018845	epochs	2.0
1161.7193198588561	0.013680000000022119	epochs	3.0
1161.7329998588561	0.013599999999996726	epochs	3.0
1161.7465998588561	0.02711999999996806	epochs	2.0
1161.7465998588561	0.013519999999971333	epochs	3.0
1161.7601198588561	0.013599999999996726	epochs	3.0
1161.773719858856	0.026880000000119253	epochs	2.0
1161.773719858856	0.013440000000173313	epochs	3.0
1161.7871598588563	0.01343999999994594	epochs	3.0
1161.8005998588562	0.026799999999866486	epochs	2.0
1161.8005998588562	0.01343999999994594	epochs	3.0
1161.8140398588562	0.013359999999920547	epochs	3.0
1161.827399858856	0.02656000000001768	epochs	2.0
1161.827399858856	0.013280000000122527	epochs	3.0
1161.8406798588562	0.013279999999895153	epochs	3.0
1161.8539598588561	0.026479999999992287	epochs	2.0
1161.8539598588561	0.013280000000122527	epochs	3.0
1161.8672398588562	0.01319999999986976	epochs	3.0
1161.880439858856	0.026240000000143482	epochs	2.0
1161.880439858856	0.013120000000071741	epochs	3.0
1161.8935598588562	0.013120000000071741	epochs	3.0
1161.9066798588563	0.026159999999890715	epochs	2.0
1161.9066798588563	0.013119999999844367	epochs	3.0
1161.919799858856	0.013040000000046348	epochs	3.0
1161.9328398588561	0.026000000000067303	epochs	2.0
1161.9328398588561	0.013040000000046348	epochs	3.0
1161.9458798588562	0.012960000000020955	epochs	3.0
1161.9588398588562	0.025759999999991123	epochs	2.0
1161.9588398588562	0.012879999999995562	epochs	3.0
1161.9717198588562	0.012879999999995562	epochs	3.0
1161.9845998588562	0.02567999999996573	epochs	2.0
1161.9845998588562	0.012879999999995562	epochs	3.0
1161.9974798588562	0.012799999999970169	epochs	3.0
1162.0102798588562	0.025520000000142318	epochs	2.0
1162.0102798588562	0.012799999999970169	epochs	3.0
1162.0230798588561	0.01272000000017215	epochs	3.0
1162.0357998588563	0.025359999999864158	epochs	2.0
1162.0357998588563	0.012719999999944775	epochs	3.0
1162.0485198588563	0.012639999999919382	epochs	3.0
1162.0611598588562	0.025200000000040745	epochs	2.0
1162.0611598588562	0.012639999999919382	epochs	3.0
1162.073799858856	0.012560000000121363	epochs	3.0
1162.0863598588562	0.024560000000064974	epochs	2.0
1162.1078497588562	0.5	epochs	-1.0
1162.1109198588563	0.5313599999999497	epochs	1.0
1162.6422798588562	0.46856000000002496	epochs	0.0
1181.1890001296997	0.18792000000007647	epochs	0.0
1181.1890001296997	0.08896000000004278	epochs	1.0
1181.2779601296997	0.010080000000016298	epochs	1.0
1181.2880401296998	0.08888000000001739	epochs	1.0
1181.3769201296998	2.0	epochs	0.0
1183.3769201296998	5.411679999999933	epochs	0.0
1183.3769201296998	1.0	epochs	1.0
1183.3769700296998	0.5	epochs	-1.0
1183.8769700296998	4.911630099999911	epochs	-1.0
1184.3769201296998	4.411679999999933	epochs	1.0
1184.3769201296998	8.000000002539309e-05	epochs	2.0
1184.3770001296998	4.356719999999996	epochs	-1.0
1184.3770001296998	1.974559999999883	epochs	2.0
1184.3770001296998	1.0985599999999067	epochs	3.0
1185.4755601296997	0.8759999999999764	epochs	3.0
1186.3515601296997	1.3523999999999887	epochs	2.0
1186.3515601296997	0.7286400000000413	epochs	3.0
1187.0802001296997	0.6237599999999475	epochs	3.0
1187.7039601296997	1.029760000000124	epochs	2.0
1187.7039601296997	0.5453600000000733	epochs	3.0
1188.2493201296998	0.48440000000005057	epochs	3.0
1188.7337201296998	0.05487999999991189	epochs	2.0
1188.7337201296998	0.05487999999991189	epochs	3.0
1188.7886001296997	16.58824000000004	epochs	0.0
1193.2059998512268	0.18792000000007647	epochs	0.0
1193.2059998512268	0.08896000000004278	epochs	1.0
1193.2949598512268	0.010080000000016298	epochs	1.0
1193.3050398512269	0.08888000000001739	epochs	1.0
1193.3939198512269	2.0	epochs	0.0
1195.3939198512269	21.551279999999906	epochs	0.0
1195.3939198512269	1.0	epochs	1.0
1195.393969751227	0.5	epochs	-1.0
1195.893969751227	19.997919999999795	epochs	-1.0
1196.3939198512269	20.0	epochs	1.0
1196.3939198512269	8.000000002539309e-05	epochs	2.0
1196.393999851227	4.356719999999996	epochs	-1.0
1196.393999851227	1.974559999999883	epochs	2.0
1196.393999851227	1.0985599999999067	epochs	3.0
1197.4925598512268	0.8759999999999764	epochs	3.0
1198.3685598512268	1.3523999999999887	epochs	2.0
1198.3685598512268	0.7286400000000413	epochs	3.0
1199.0971998512268	0.6237599999999475	epochs	3.0
1199.7209598512268	1.029760000000124	epochs	2.0
1199.7209598512268	0.5453600000000733	epochs	3.0
1200.2663198512269	0.48440000000005057	epochs	3.0
1200.750719851227	0.8317599999998038	epochs	2.0
1200.750719851227	0.4357599999998456	epochs	3.0
1201.1864798512267	0.39599999999995816	epochs	3.0
1201.5824798512267	0.697840000000042	epochs	2.0
1201.5824798512267	0.362880000000132	epochs	3.0
1201.9453598512268	0.33495999999991	epochs	3.0
1202.2803198512267	0.6010400000000118	epochs	2.0
1202.2803198512267	0.3108799999999974	epochs	3.0
1202.5911998512267	0.2901600000000144	epochs	3.0
1202.8813598512268	0.5278399999999692	epochs	2.0
1202.8813598512268	0.2719200000001365	epochs	3.0
1203.153279851227	0.2559199999998327	epochs	3.0
1203.4091998512267	0.47064000000000306	epochs	2.0
1203.4091998512267	0.2416800000000876	epochs	3.0
1203.6508798512268	0.22895999999991545	epochs	3.0
1203.8798398512267	0.4245600000001559	epochs	2.0
1203.8798398512267	0.2174400000001242	epochs	3.0
1204.0972798512269	0.20712000000003172	epochs	3.0
1204.304399851227	0.3867199999999684	epochs	2.0
1204.304399851227	0.1976799999999912	epochs	3.0
1204.5020798512269	0.18903999999997723	epochs	3.0
1204.6911198512269	0.3551199999999426	epochs	2.0
1204.6911198512269	0.1811999999999898	epochs	3.0
1204.8723198512268	0.17391999999995278	epochs	3.0
1205.0462398512268	0.3282400000000507	epochs	2.0
1205.0462398512268	0.1672000000000935	epochs	3.0
1205.213439851227	0.16103999999995722	epochs	3.0
1205.3744798512269	0.30520000000001346	epochs	2.0
1205.3744798512269	0.1552799999999479	epochs	3.0
1205.5297598512268	0.14992000000006556	epochs	3.0
1205.6796798512269	0.28512000000000626	epochs	2.0
1205.6796798512269	0.14487999999983003	epochs	3.0
1205.8245598512267	0.14024000000017622	epochs	3.0
1205.9647998512269	0.26751999999987675	epochs	2.0
1205.9647998512269	0.13583999999991647	epochs	3.0
1206.1006398512268	0.13167999999996027	epochs	3.0
1206.2323198512267	0.2520799999999781	epochs	2.0
1206.2323198512267	0.12784000000010565	epochs	3.0
1206.3601598512269	0.12423999999987245	epochs	3.0
1206.4843998512267	0.23816000000010717	epochs	2.0
1206.4843998512267	0.1207200000001194	epochs	3.0
1206.6051198512268	0.11743999999998778	epochs	3.0
1206.7225598512268	0.225840000000062	epochs	2.0
1206.7225598512268	0.11439999999993233	epochs	3.0
1206.8369598512268	0.11144000000012966	epochs	3.0
1206.948399851227	0.21463999999991756	epochs	2.0
1206.948399851227	0.10863999999992302	epochs	3.0
1207.0570398512268	0.10599999999999454	epochs	3.0
1207.1630398512268	0.20448000000010325	epochs	2.0
1207.1630398512268	0.10344000000009146	epochs	3.0
1207.266479851227	0.10104000000001179	epochs	3.0
1207.367519851227	0.19535999999993692	epochs	2.0
1207.367519851227	0.0987999999999829	epochs	3.0
1207.466319851227	0.09655999999995402	epochs	3.0
1207.5628798512269	0.18695999999999913	epochs	2.0
1207.5628798512269	0.09447999999997592	epochs	3.0
1207.6573598512268	0.09248000000002321	epochs	3.0
1207.7498398512269	0.1792000000000371	epochs	2.0
1207.7498398512269	0.09047999999984313	epochs	3.0
1207.8403198512267	0.08872000000019398	epochs	3.0
1207.929039851227	0.17207999999982349	epochs	2.0
1207.929039851227	0.08687999999983731	epochs	3.0
1208.0159198512267	0.08519999999998618	epochs	3.0
1208.1011198512267	0.165520000000015	epochs	2.0
1208.1011198512267	0.08360000000016043	epochs	3.0
1208.1847198512269	0.08191999999985455	epochs	3.0
1208.2666398512267	0.15952000000015687	epochs	2.0
1208.2666398512267	0.0804800000000796	epochs	3.0
1208.3471198512268	0.07904000000007727	epochs	3.0
1208.4261598512269	0.15375999999992018	epochs	2.0
1208.4261598512269	0.07759999999984757	epochs	3.0
1208.5037598512267	0.07616000000007261	epochs	3.0
1208.5799198512268	0.14856000000008862	epochs	2.0
1208.5799198512268	0.07495999999991909	epochs	3.0
1208.6548798512267	0.07360000000016953	epochs	3.0
1208.728479851227	0.14367999999990388	epochs	2.0
1208.728479851227	0.07247999999981403	epochs	3.0
1208.8009598512267	0.07120000000008986	epochs	3.0
1208.8721598512268	0.1390400000000227	epochs	2.0
1208.8721598512268	0.07007999999996173	epochs	3.0
1208.9422398512268	0.06896000000006097	epochs	3.0
1209.0111998512268	0.13472000000001572	epochs	2.0
1209.0111998512268	0.06791999999995824	epochs	3.0
1209.0791198512268	0.06680000000005748	epochs	3.0
1209.1459198512268	0.13071999999988293	epochs	2.0
1209.1459198512268	0.06583999999998014	epochs	3.0
1209.2117598512268	0.0648799999999028	epochs	3.0
1209.2766398512267	0.1268000000000029	epochs	2.0
1209.2766398512267	0.06384000000002743	epochs	3.0
1209.3404798512267	0.06295999999997548	epochs	3.0
1209.4034398512267	0.12328000000002248	epochs	2.0
1209.4034398512267	0.0620800000001509	epochs	3.0
1209.4655198512269	0.06119999999987158	epochs	3.0
1209.5267198512267	0.11984000000006745	epochs	2.0
1209.5267198512267	0.060320000000047	epochs	3.0
1209.5870398512268	0.059520000000020445	epochs	3.0
1209.6465598512268	0.11663999999996122	epochs	2.0
1209.6465598512268	0.05871999999999389	epochs	3.0
1209.7052798512268	0.05791999999996733	epochs	3.0
1209.7631998512268	0.11360000000013315	epochs	2.0
1209.7631998512268	0.05719999999996617	epochs	3.0
1209.8203998512267	0.05640000000016698	epochs	3.0
1209.876799851227	0.11071999999990112	epochs	2.0
1209.876799851227	0.055679999999938445	epochs	3.0
1209.9324798512268	0.055039999999962674	epochs	3.0
1209.9875198512268	0.10791999999992186	epochs	2.0
1209.9875198512268	0.05423999999993612	epochs	3.0
1210.0417598512267	0.05367999999998574	epochs	3.0
1210.0954398512267	0.10527999999999338	epochs	2.0
1210.0954398512267	0.052959999999984575	epochs	3.0
1210.1483998512267	0.052320000000008804	epochs	3.0
1210.2007198512267	0.10288000000014108	epochs	2.0
1210.2007198512267	0.051760000000058426	epochs	3.0
1210.2524798512268	0.051120000000082655	epochs	3.0
1210.3035998512269	0.10040000000003602	epochs	2.0
1210.3035998512269	0.05047999999987951	epochs	3.0
1210.3540798512267	0.049920000000156506	epochs	3.0
1210.403999851227	0.09823999999980515	epochs	2.0
1210.403999851227	0.049359999999978754	epochs	3.0
1210.4533598512269	0.048879999999826396	epochs	3.0
1210.5022398512267	0.09600000000000364	epochs	2.0
1210.5022398512267	0.048240000000078	epochs	3.0
1210.5504798512268	0.04775999999992564	epochs	3.0
1210.5982398512267	0.09392000000002554	epochs	2.0
1210.5982398512267	0.047200000000202635	epochs	3.0
1210.645439851227	0.0467199999998229	epochs	3.0
1210.6921598512267	0.09192000000007283	epochs	2.0
1210.6921598512267	0.0461600000000999	epochs	3.0
1210.7383198512268	0.04575999999997293	epochs	3.0
1210.7840798512268	0.09007999999994354	epochs	2.0
1210.7840798512268	0.04528000000004795	epochs	3.0
1210.8293598512269	0.04479999999989559	epochs	3.0
1210.8741598512268	0.08816000000001623	epochs	2.0
1210.8741598512268	0.044319999999970605	epochs	3.0
1210.9184798512267	0.04384000000004562	epochs	3.0
1210.9623198512268	0.08647999999993772	epochs	2.0
1210.9623198512268	0.04344000000014603	epochs	3.0
1211.005759851227	0.04303999999979169	epochs	3.0
1211.0487998512267	0.08472000000006119	epochs	2.0
1211.0487998512267	0.04256000000009408	epochs	3.0
1211.0913598512268	0.04215999999996711	epochs	3.0
1211.1335198512268	0.08320000000003347	epochs	2.0
1211.1335198512268	0.04176000000006752	epochs	3.0
1211.1752798512268	0.04143999999996595	epochs	3.0
1211.2167198512268	0.08151999999995496	epochs	2.0
1211.2167198512268	0.040960000000040964	epochs	3.0
1211.2576798512268	0.040559999999914	epochs	3.0
1211.2982398512268	0.08007999999995263	epochs	2.0
1211.2982398512268	0.0402400000000398	epochs	3.0
1211.3384798512268	0.039839999999912834	epochs	3.0
1211.3783198512267	0.07864000000017768	epochs	2.0
1211.3783198512267	0.039520000000038635	epochs	3.0
1211.4178398512267	0.039120000000139044	epochs	3.0
1211.4569598512269	0.07719999999994798	epochs	2.0
1211.4569598512269	0.03880000000003747	epochs	3.0
1211.495759851227	0.038399999999910506	epochs	3.0
1211.5341598512268	0.07591999999999643	epochs	2.0
1211.5341598512268	0.0381600000000617	epochs	3.0
1211.572319851227	0.037759999999934735	epochs	3.0
1211.6100798512268	0.0745600000000195	epochs	2.0
1211.6100798512268	0.037440000000060536	epochs	3.0
1211.647519851227	0.037119999999958964	epochs	3.0
1211.6846398512268	0.07335999999986598	epochs	2.0
1211.6846398512268	0.03679999999985739	epochs	3.0
1211.7214398512267	0.036560000000008586	epochs	3.0
1211.7579998512267	0.07208000000014181	epochs	2.0
1211.7579998512267	0.036160000000108994	epochs	3.0
1211.7941598512268	0.035920000000032815	epochs	3.0
1211.8300798512269	0.07087999999998829	epochs	2.0
1211.8300798512269	0.03559999999993124	epochs	3.0
1211.8656798512268	0.035280000000057044	epochs	3.0
1211.9009598512268	0.06983999999988555	epochs	2.0
1211.9009598512268	0.035039999999980864	epochs	3.0
1211.9359998512268	0.034799999999904685	epochs	3.0
1211.9707998512267	0.06864000000018677	epochs	2.0
1211.9707998512267	0.034480000000030486	epochs	3.0
1212.0052798512268	0.03416000000015629	epochs	3.0
1212.039439851227	0.06759999999985666	epochs	2.0
1212.039439851227	0.033919999999852735	epochs	3.0
1212.0733598512268	0.03368000000000393	epochs	3.0
1212.1070398512268	0.0665599999999813	epochs	2.0
1212.1070398512268	0.03343999999992775	epochs	3.0
1212.1404798512267	0.03312000000005355	epochs	3.0
1212.1735998512268	0.06560000000013133	epochs	2.0
1212.1735998512268	0.032960000000002765	epochs	3.0
1212.2065598512268	0.032640000000128566	epochs	3.0
1212.2391998512269	0.0645600000000286	epochs	2.0
1212.2391998512269	0.03239999999982501	epochs	3.0
1212.2715998512267	0.03216000000020358	epochs	3.0
1212.303759851227	0.06367999999997664	epochs	2.0
1212.303759851227	0.03199999999992542	epochs	3.0
1212.3357598512268	0.03168000000005122	epochs	3.0
1212.367439851227	0.0627199999998993	epochs	2.0
1212.367439851227	0.03143999999997504	epochs	3.0
1212.3988798512269	0.03127999999992426	epochs	3.0
1212.4301598512268	0.061840000000074724	epochs	2.0
1212.4301598512268	0.03104000000007545	epochs	3.0
1212.4611998512269	0.030799999999999272	epochs	3.0
1212.4919998512269	0.060960000000022774	epochs	2.0
1212.4919998512269	0.030559999999923093	epochs	3.0
1212.5225598512268	0.03040000000009968	epochs	3.0
1212.552959851227	0.060159999999996217	epochs	2.0
1212.552959851227	0.0301600000000235	epochs	3.0
1212.583119851227	0.029999999999972715	epochs	3.0
1212.6131198512269	0.059279999999944266	epochs	2.0
1212.6131198512269	0.029679999999871143	epochs	3.0
1212.6427998512268	0.029600000000073123	epochs	3.0
1212.6723998512268	0.05847999999991771	epochs	2.0
1212.6723998512268	0.029359999999996944	epochs	3.0
1212.7017598512268	0.029119999999920765	epochs	3.0
1212.7308798512267	0.05776000000014392	epochs	2.0
1212.7308798512267	0.028960000000097352	epochs	3.0
1212.7598398512268	0.028800000000046566	epochs	3.0
1212.788639851227	0.05695999999988999	epochs	2.0
1212.788639851227	0.028559999999970387	epochs	3.0
1212.8171998512269	0.0283999999999196	epochs	3.0
1212.8455998512268	0.0562400000001162	epochs	2.0
1212.8455998512268	0.028160000000070795	epochs	3.0
1212.8737598512269	0.028080000000045402	epochs	3.0
1212.901839851227	0.055439999999862266	epochs	2.0
1212.901839851227	0.027839999999969223	epochs	3.0
1212.9296798512269	0.027599999999893043	epochs	3.0
1212.9572798512268	0.05488000000013926	epochs	2.0
1212.9572798512268	0.027520000000095024	epochs	3.0
1212.9847998512269	0.027360000000044238	epochs	3.0
1213.012159851227	0.05407999999988533	epochs	2.0
1213.012159851227	0.02711999999996806	epochs	3.0
1213.0392798512269	0.026959999999917272	epochs	3.0
1213.0662398512268	0.053440000000136934	epochs	2.0
1213.0662398512268	0.02680000000009386	epochs	3.0
1213.0930398512269	0.026640000000043074	epochs	3.0
1213.119679851227	0.05287999999995918	epochs	2.0
1213.119679851227	0.026479999999992287	epochs	3.0
1213.146159851227	0.026399999999966894	epochs	3.0
1213.1725598512269	0.05215999999995802	epochs	2.0
1213.1725598512269	0.026159999999890715	epochs	3.0
1213.1987198512268	0.026000000000067303	epochs	3.0
1213.2247198512268	0.05151999999998225	epochs	2.0
1213.2247198512268	0.025840000000016516	epochs	3.0
1213.2505598512269	0.02567999999996573	epochs	3.0
1213.2762398512268	0.05096000000003187	epochs	2.0
1213.2762398512268	0.025599999999940337	epochs	3.0
1213.3018398512268	0.02536000000009153	epochs	3.0
1213.3271998512269	0.05039999999985412	epochs	2.0
1213.3271998512269	0.02528000000006614	epochs	3.0
1213.352479851227	0.02511999999978798	epochs	3.0
1213.3775998512267	0.04976000000010572	epochs	2.0
1213.3775998512267	0.02496000000019194	epochs	3.0
1213.402559851227	0.02479999999991378	epochs	3.0
1213.4273598512268	0.04919999999992797	epochs	2.0
1213.4273598512268	0.024640000000090367	epochs	3.0
1213.451999851227	0.0245599999998376	epochs	3.0
1213.4765598512267	0.04872000000000298	epochs	2.0
1213.4765598512267	0.024400000000014188	epochs	3.0
1213.5009598512268	0.024319999999988795	epochs	3.0
1213.5252798512267	0.04808000000002721	epochs	2.0
1213.5252798512267	0.02408000000013999	epochs	3.0
1213.5493598512269	0.023999999999887223	epochs	3.0
1213.5733598512268	0.04760000000010223	epochs	2.0
1213.5733598512268	0.02384000000006381	epochs	3.0
1213.5971998512268	0.023760000000038417	epochs	3.0
1213.6209598512269	0.04711999999994987	epochs	2.0
1213.6209598512269	0.02359999999998763	epochs	3.0
1213.6445598512269	0.023519999999962238	epochs	3.0
1213.6680798512268	0.04655999999999949	epochs	2.0
1213.6680798512268	0.02335999999991145	epochs	3.0
1213.6914398512267	0.02320000000008804	epochs	3.0
1213.7146398512268	0.046080000000074506	epochs	2.0
1213.7146398512268	0.023120000000062646	epochs	3.0
1213.7377598512269	0.02296000000001186	epochs	3.0
1213.760719851227	0.04559999999992215	epochs	2.0
1213.760719851227	0.022879999999986467	epochs	3.0
1213.7835998512269	0.02271999999993568	epochs	3.0
1213.8063198512268	0.04511999999999716	epochs	2.0
1213.8063198512268	0.022639999999910287	epochs	3.0
1213.8289598512267	0.022480000000086875	epochs	3.0
1213.8514398512268	0.04464000000007218	epochs	2.0
1213.8514398512268	0.022400000000061482	epochs	3.0
1213.8738398512269	0.022240000000010696	epochs	3.0
1213.896079851227	0.04423999999994521	epochs	2.0
1213.896079851227	0.022159999999985303	epochs	3.0
1213.9182398512269	0.02207999999995991	epochs	3.0
1213.9403198512268	0.04376000000002023	epochs	2.0
1213.9403198512268	0.021919999999909123	epochs	3.0
1213.9622398512267	0.021840000000111104	epochs	3.0
1213.9840798512269	0.04335999999989326	epochs	2.0
1213.9840798512269	0.021759999999858337	epochs	3.0
1214.0058398512267	0.021600000000034925	epochs	3.0
1214.0274398512267	0.04287999999996828	epochs	2.0
1214.0274398512267	0.02143999999998414	epochs	3.0
1214.0488798512267	0.02143999999998414	epochs	3.0
1214.0703198512267	0.042480000000068685	epochs	2.0
1214.0703198512267	0.021280000000160726	epochs	3.0
1214.0915998512269	0.02119999999990796	epochs	3.0
1214.1127998512268	0.04207999999994172	epochs	2.0
1214.1127998512268	0.021040000000084547	epochs	3.0
1214.1338398512269	0.021039999999857173	epochs	3.0
1214.1548798512267	0.04168000000004213	epochs	2.0
1214.1548798512267	0.02088000000003376	epochs	3.0
1214.1757598512268	0.020800000000008367	epochs	3.0
1214.1965598512268	0.04120000000011714	epochs	2.0
1214.1965598512268	0.02063999999995758	epochs	3.0
1214.2171998512267	0.020560000000159562	epochs	3.0
1214.2377598512269	0.04088000000001557	epochs	2.0
1214.2377598512269	0.020559999999932188	epochs	3.0
1214.2583198512268	0.020320000000083382	epochs	3.0
1214.278639851227	0.040559999999914	epochs	2.0
1214.278639851227	0.02031999999985601	epochs	3.0
1214.2989598512268	0.02024000000005799	epochs	3.0
1214.3191998512268	0.04007999999998901	epochs	2.0
1214.3191998512268	0.020080000000007203	epochs	3.0
1214.3392798512268	0.01999999999998181	epochs	3.0
1214.3592798512268	0.039760000000114815	epochs	2.0
1214.3592798512268	0.019919999999956417	epochs	3.0
1214.3791998512268	0.019840000000158398	epochs	3.0
1214.399039851227	0.03943999999978587	epochs	2.0
1214.399039851227	0.01975999999990563	epochs	3.0
1214.4187998512268	0.019679999999880238	epochs	3.0
1214.4384798512267	0.03904000000011365	epochs	2.0
1214.4384798512267	0.019520000000056825	epochs	3.0
1214.4579998512268	0.019520000000056825	epochs	3.0
1214.4775198512268	0.038639999999986685	epochs	2.0
1214.4775198512268	0.01936000000000604	epochs	3.0
1214.4968798512268	0.019279999999980646	epochs	3.0
1214.5161598512268	0.038399999999910506	epochs	2.0
1214.5161598512268	0.019279999999980646	epochs	3.0
1214.5354398512268	0.01911999999992986	epochs	3.0
1214.5545598512267	0.038000000000010914	epochs	2.0
1214.5545598512267	0.01904000000013184	epochs	3.0
1214.5735998512268	0.018959999999879074	epochs	3.0
1214.5925598512267	0.037680000000136715	epochs	2.0
1214.5925598512267	0.018880000000081054	epochs	3.0
1214.6114398512268	0.01880000000005566	epochs	3.0
1214.6302398512269	0.03736000000003514	epochs	2.0
1214.6302398512269	0.018720000000030268	epochs	3.0
1214.648959851227	0.018640000000004875	epochs	3.0
1214.667599851227	0.03703999999993357	epochs	2.0
1214.667599851227	0.018559999999979482	epochs	3.0
1214.6861598512269	0.01847999999995409	epochs	3.0
1214.7046398512268	0.03672000000005937	epochs	2.0
1214.7046398512268	0.018399999999928696	epochs	3.0
1214.7230398512268	0.018320000000130676	epochs	3.0
1214.741359851227	0.03647999999998319	epochs	2.0
1214.741359851227	0.01823999999987791	epochs	3.0
1214.7595998512268	0.018240000000105283	epochs	3.0
1214.7778398512269	0.03607999999985623	epochs	2.0
1214.7778398512269	0.018079999999827123	epochs	3.0
1214.7959198512267	0.018000000000029104	epochs	3.0
1214.8139198512267	0.03584000000000742	epochs	2.0
1214.8139198512267	0.01792000000000371	epochs	3.0
1214.8318398512267	0.01792000000000371	epochs	3.0
1214.8497598512267	0.03552000000013322	epochs	2.0
1214.8497598512267	0.017760000000180298	epochs	3.0
1214.867519851227	0.017759999999952925	epochs	3.0
1214.8852798512269	0.03520000000003165	epochs	2.0
1214.8852798512269	0.01767999999992753	epochs	3.0
1214.9029598512268	0.01752000000010412	epochs	3.0
1214.920479851227	0.03495999999995547	epochs	2.0
1214.920479851227	0.017519999999876745	epochs	3.0
1214.9379998512268	0.017440000000078726	epochs	3.0
1214.9554398512269	0.03471999999987929	epochs	2.0
1214.9554398512269	0.017439999999851352	epochs	3.0
1214.9728798512267	0.01728000000002794	epochs	3.0
1214.9901598512267	0.03440000000000509	epochs	2.0
1214.9901598512267	0.017200000000002547	epochs	3.0
1215.0073598512267	0.017200000000002547	epochs	3.0
1215.0245598512267	0.03416000000015629	epochs	2.0
1215.0245598512267	0.017119999999977153	epochs	3.0
1215.0416798512267	0.017040000000179134	epochs	3.0
1215.058719851227	0.03383999999982734	epochs	2.0
1215.058719851227	0.016959999999926367	epochs	3.0
1215.0756798512268	0.016879999999900974	epochs	3.0
1215.0925598512267	0.033599999999978536	epochs	2.0
1215.0925598512267	0.016800000000102955	epochs	3.0
1215.1093598512268	0.01679999999987558	epochs	3.0
1215.1261598512267	0.03336000000012973	epochs	2.0
1215.1261598512267	0.01672000000007756	epochs	3.0
1215.1428798512268	0.01664000000005217	epochs	3.0
1215.1595198512268	0.03312000000005355	epochs	2.0
1215.1595198512268	0.016560000000026776	epochs	3.0
1215.1760798512269	0.016560000000026776	epochs	3.0
1215.1926398512269	0.03279999999995198	epochs	2.0
1215.1926398512269	0.01639999999997599	epochs	3.0
1215.2090398512269	0.01639999999997599	epochs	3.0
1215.2254398512268	0.0325599999998758	epochs	2.0
1215.2254398512268	0.016319999999950596	epochs	3.0
1215.2417598512268	0.016239999999925203	epochs	3.0
1215.2579998512267	0.03240000000005239	epochs	2.0
1215.2579998512267	0.016240000000152577	epochs	3.0
1215.2742398512269	0.01615999999989981	epochs	3.0
1215.2903998512268	0.032079999999950815	epochs	2.0
1215.2903998512268	0.01608000000010179	epochs	3.0
1215.3064798512269	0.015999999999849024	epochs	3.0
1215.3224798512267	0.0319200000001274	epochs	2.0
1215.3224798512267	0.016000000000076398	epochs	3.0
1215.3384798512268	0.015920000000051004	epochs	3.0
1215.3543998512268	0.03160000000002583	epochs	2.0
1215.3543998512268	0.01584000000002561	epochs	3.0
1215.3702398512269	0.01576000000000022	epochs	3.0
1215.3859998512269	0.03143999999997504	epochs	2.0
1215.3859998512269	0.01576000000000022	epochs	3.0
1215.4017598512269	0.015679999999974825	epochs	3.0
1215.4174398512268	0.031199999999898864	epochs	2.0
1215.4174398512268	0.015599999999949432	epochs	3.0
1215.4330398512268	0.015599999999949432	epochs	3.0
1215.4486398512267	0.03096000000005006	epochs	2.0
1215.4486398512267	0.015520000000151413	epochs	3.0
1215.464159851227	0.015439999999898646	epochs	3.0
1215.4795998512268	0.03071999999997388	epochs	2.0
1215.4795998512268	0.01544000000012602	epochs	3.0
1215.495039851227	0.01527999999984786	epochs	3.0
1215.5103198512268	0.030559999999923093	epochs	2.0
1215.5103198512268	0.015360000000100626	epochs	3.0
1215.5256798512269	0.015199999999822467	epochs	3.0
1215.5408798512267	0.030320000000074288	epochs	2.0
1215.5408798512267	0.01520000000004984	epochs	3.0
1215.5560798512267	0.015120000000024447	epochs	3.0
1215.5711998512268	0.030079999999998108	epochs	2.0
1215.5711998512268	0.015120000000024447	epochs	3.0
1215.5863198512268	0.014959999999973661	epochs	3.0
1215.6012798512268	0.029919999999947322	epochs	2.0
1215.6012798512268	0.015039999999999054	epochs	3.0
1215.6163198512268	0.014879999999948268	epochs	3.0
1215.6311998512267	0.029680000000098516	epochs	2.0
1215.6311998512267	0.014880000000175642	epochs	3.0
1215.646079851227	0.014799999999922875	epochs	3.0
1215.6608798512268	0.02952000000004773	epochs	2.0
1215.6608798512268	0.014799999999922875	epochs	3.0
1215.6756798512267	0.014720000000124855	epochs	3.0
1215.6903998512269	0.02927999999997155	epochs	2.0
1215.6903998512269	0.014719999999897482	epochs	3.0
1215.7051198512268	0.01456000000007407	epochs	3.0
1215.7196798512268	0.029119999999920765	epochs	2.0
1215.7196798512268	0.014639999999872089	epochs	3.0
1215.7343198512267	0.014480000000048676	epochs	3.0
1215.7487998512267	0.028960000000097352	epochs	2.0
1215.7487998512267	0.014480000000048676	epochs	3.0
1215.7632798512268	0.014480000000048676	epochs	3.0
1215.7777598512268	0.02863999999999578	epochs	2.0
1215.7777598512268	0.01431999999999789	epochs	3.0
1215.7920798512268	0.01431999999999789	epochs	3.0
1215.8063998512268	0.028559999999970387	epochs	2.0
1215.8063998512268	0.01431999999999789	epochs	3.0
1215.8207198512268	0.014239999999972497	epochs	3.0
1215.8349598512268	0.028319999999894208	epochs	2.0
1215.8349598512268	0.014159999999947104	epochs	3.0
1215.8491198512268	0.014159999999947104	epochs	3.0
1215.8632798512267	0.028160000000070795	epochs	2.0
1215.8632798512267	0.014160000000174477	epochs	3.0
1215.8774398512269	0.013999999999896318	epochs	3.0
1215.8914398512268	0.02800000000002001	epochs	2.0
1215.8914398512268	0.014000000000123691	epochs	3.0
1215.905439851227	0.013999999999896318	epochs	3.0
1215.9194398512268	0.02775999999994383	epochs	2.0
1215.9194398512268	0.013920000000098298	epochs	3.0
1215.933359851227	0.013839999999845531	epochs	3.0
1215.9471998512267	0.02768000000014581	epochs	2.0
1215.9471998512267	0.013840000000072905	epochs	3.0
1215.9610398512268	0.013840000000072905	epochs	3.0
1215.974879851227	0.027439999999842257	epochs	2.0
1215.974879851227	0.013759999999820138	epochs	3.0
1215.9886398512267	0.013680000000022119	epochs	3.0
1216.0023198512267	0.027280000000018845	epochs	2.0
1216.0023198512267	0.013680000000022119	epochs	3.0
1216.0159998512268	0.013599999999996726	epochs	3.0
1216.0295998512267	0.02711999999996806	epochs	2.0
1216.0295998512267	0.013519999999971333	epochs	3.0
1216.0431198512267	0.013599999999996726	epochs	3.0
1216.0567198512267	0.026880000000119253	epochs	2.0
1216.0567198512267	0.013440000000173313	epochs	3.0
1216.070159851227	0.01343999999994594	epochs	3.0
1216.0835998512268	0.026799999999866486	epochs	2.0
1216.0835998512268	0.01343999999994594	epochs	3.0
1216.0970398512268	0.013359999999920547	epochs	3.0
1216.1103998512267	0.02656000000001768	epochs	2.0
1216.1103998512267	0.013280000000122527	epochs	3.0
1216.1236798512268	0.013279999999895153	epochs	3.0
1216.1369598512267	0.026479999999992287	epochs	2.0
1216.1369598512267	0.013280000000122527	epochs	3.0
1216.1502398512268	0.01319999999986976	epochs	3.0
1216.1634398512267	0.026240000000143482	epochs	2.0
1216.1634398512267	0.013120000000071741	epochs	3.0
1216.1765598512268	0.013120000000071741	epochs	3.0
1216.1896798512269	0.026159999999890715	epochs	2.0
1216.1896798512269	0.013119999999844367	epochs	3.0
1216.2027998512267	0.013040000000046348	epochs	3.0
1216.2158398512267	0.026000000000067303	epochs	2.0
1216.2158398512267	0.013040000000046348	epochs	3.0
1216.2288798512268	0.012960000000020955	epochs	3.0
1216.2418398512268	0.025759999999991123	epochs	2.0
1216.2418398512268	0.012879999999995562	epochs	3.0
1216.2547198512268	0.012879999999995562	epochs	3.0
1216.2675998512268	0.02567999999996573	epochs	2.0
1216.2675998512268	0.012879999999995562	epochs	3.0
1216.2804798512268	0.012799999999970169	epochs	3.0
1216.2932798512268	0.025520000000142318	epochs	2.0
1216.2932798512268	0.012799999999970169	epochs	3.0
1216.3060798512267	0.01272000000017215	epochs	3.0
1216.318799851227	0.025359999999864158	epochs	2.0
1216.318799851227	0.012719999999944775	epochs	3.0
1216.3315198512269	0.012639999999919382	epochs	3.0
1216.3441598512268	0.025200000000040745	epochs	2.0
1216.3441598512268	0.012639999999919382	epochs	3.0
1216.3567998512267	0.012560000000121363	epochs	3.0
1216.3693598512268	0.024560000000064974	epochs	2.0
1216.3918897512267	0.5	epochs	-1.0
1216.3939198512269	0.5512799999999061	epochs	1.0
1216.9451998512268	0.44864000000006854	epochs	0.0
1221.366000175476	0.18792000000007647	epochs	0.0
1221.366000175476	0.08896000000004278	epochs	1.0
1221.4549601754761	0.010080000000016298	epochs	1.0
1221.4650401754761	0.08888000000001739	epochs	1.0
1221.5539201754762	2.0	epochs	0.0
1223.5539201754762	21.532159999999976	epochs	0.0
1223.5539201754762	1.0	epochs	1.0
1223.5539700754762	0.5	epochs	-1.0
1224.0539700754762	19.997919999999795	epochs	-1.0
1224.5539201754762	20.0	epochs	1.0
1224.5539201754762	8.000000002539309e-05	epochs	2.0
1224.5540001754762	4.356719999999996	epochs	-1.0
1224.5540001754762	1.974559999999883	epochs	2.0
1224.5540001754762	1.0985599999999067	epochs	3.0
1225.652560175476	0.8759999999999764	epochs	3.0
1226.528560175476	1.3523999999999887	epochs	2.0
1226.528560175476	0.7286400000000413	epochs	3.0
1227.257200175476	0.6237599999999475	epochs	3.0
1227.880960175476	1.029760000000124	epochs	2.0
1227.880960175476	0.5453600000000733	epochs	3.0
1228.4263201754761	0.48440000000005057	epochs	3.0
1228.9107201754762	0.8317599999998038	epochs	2.0
1228.9107201754762	0.4357599999998456	epochs	3.0
1229.346480175476	0.39599999999995816	epochs	3.0
1229.742480175476	0.697840000000042	epochs	2.0
1229.742480175476	0.362880000000132	epochs	3.0
1230.105360175476	0.33495999999991	epochs	3.0
1230.440320175476	0.6010400000000118	epochs	2.0
1230.440320175476	0.3108799999999974	epochs	3.0
1230.751200175476	0.2901600000000144	epochs	3.0
1231.041360175476	0.5278399999999692	epochs	2.0
1231.041360175476	0.2719200000001365	epochs	3.0
1231.3132801754762	0.2559199999998327	epochs	3.0
1231.569200175476	0.47064000000000306	epochs	2.0
1231.569200175476	0.2416800000000876	epochs	3.0
1231.810880175476	0.22895999999991545	epochs	3.0
1232.039840175476	0.4245600000001559	epochs	2.0
1232.039840175476	0.2174400000001242	epochs	3.0
1232.2572801754761	0.20712000000003172	epochs	3.0
1232.4644001754762	0.3867199999999684	epochs	2.0
1232.4644001754762	0.1976799999999912	epochs	3.0
1232.6620801754761	0.18903999999997723	epochs	3.0
1232.8511201754761	0.3551199999999426	epochs	2.0
1232.8511201754761	0.1811999999999898	epochs	3.0
1233.0323201754761	0.17391999999995278	epochs	3.0
1233.206240175476	0.3282400000000507	epochs	2.0
1233.206240175476	0.1672000000000935	epochs	3.0
1233.3734401754762	0.16103999999995722	epochs	3.0
1233.5344801754761	0.30520000000001346	epochs	2.0
1233.5344801754761	0.1552799999999479	epochs	3.0
1233.689760175476	0.14992000000006556	epochs	3.0
1233.8396801754761	0.28512000000000626	epochs	2.0
1233.8396801754761	0.14487999999983003	epochs	3.0
1233.984560175476	0.14024000000017622	epochs	3.0
1234.1248001754761	0.26751999999987675	epochs	2.0
1234.1248001754761	0.13583999999991647	epochs	3.0
1234.260640175476	0.13167999999996027	epochs	3.0
1234.392320175476	0.2520799999999781	epochs	2.0
1234.392320175476	0.12784000000010565	epochs	3.0
1234.5201601754761	0.12423999999987245	epochs	3.0
1234.644400175476	0.23816000000010717	epochs	2.0
1234.644400175476	0.1207200000001194	epochs	3.0
1234.765120175476	0.11743999999998778	epochs	3.0
1234.882560175476	0.225840000000062	epochs	2.0
1234.882560175476	0.11439999999993233	epochs	3.0
1234.996960175476	0.11144000000012966	epochs	3.0
1235.1084001754762	0.21463999999991756	epochs	2.0
1235.1084001754762	0.10863999999992302	epochs	3.0
1235.217040175476	0.10599999999999454	epochs	3.0
1235.323040175476	0.20448000000010325	epochs	2.0
1235.323040175476	0.10344000000009146	epochs	3.0
1235.4264801754762	0.10104000000001179	epochs	3.0
1235.5275201754762	0.19535999999993692	epochs	2.0
1235.5275201754762	0.0987999999999829	epochs	3.0
1235.6263201754762	0.09655999999995402	epochs	3.0
1235.7228801754761	0.18695999999999913	epochs	2.0
1235.7228801754761	0.09447999999997592	epochs	3.0
1235.817360175476	0.09248000000002321	epochs	3.0
1235.9098401754761	0.1792000000000371	epochs	2.0
1235.9098401754761	0.09047999999984313	epochs	3.0
1236.000320175476	0.08872000000019398	epochs	3.0
1236.0890401754762	0.17207999999982349	epochs	2.0
1236.0890401754762	0.08687999999983731	epochs	3.0
1236.175920175476	0.08519999999998618	epochs	3.0
1236.261120175476	0.165520000000015	epochs	2.0
1236.261120175476	0.08360000000016043	epochs	3.0
1236.3447201754761	0.08191999999985455	epochs	3.0
1236.426640175476	0.15952000000015687	epochs	2.0
1236.426640175476	0.0804800000000796	epochs	3.0
1236.507120175476	0.07904000000007727	epochs	3.0
1236.5861601754762	0.15375999999992018	epochs	2.0
1236.5861601754762	0.07759999999984757	epochs	3.0
1236.663760175476	0.07616000000007261	epochs	3.0
1236.739920175476	0.14856000000008862	epochs	2.0
1236.739920175476	0.07495999999991909	epochs	3.0
1236.814880175476	0.07360000000016953	epochs	3.0
1236.8884801754762	0.14367999999990388	epochs	2.0
1236.8884801754762	0.07247999999981403	epochs	3.0
1236.960960175476	0.07120000000008986	epochs	3.0
1237.032160175476	0.1390400000000227	epochs	2.0
1237.032160175476	0.07007999999996173	epochs	3.0
1237.102240175476	0.06896000000006097	epochs	3.0
1237.171200175476	0.13472000000001572	epochs	2.0
1237.171200175476	0.06791999999995824	epochs	3.0
1237.239120175476	0.06680000000005748	epochs	3.0
1237.305920175476	0.13071999999988293	epochs	2.0
1237.305920175476	0.06583999999998014	epochs	3.0
1237.371760175476	0.0648799999999028	epochs	3.0
1237.436640175476	0.1268000000000029	epochs	2.0
1237.436640175476	0.06384000000002743	epochs	3.0
1237.500480175476	0.06295999999997548	epochs	3.0
1237.563440175476	0.12328000000002248	epochs	2.0
1237.563440175476	0.0620800000001509	epochs	3.0
1237.6255201754761	0.06119999999987158	epochs	3.0
1237.686720175476	0.11984000000006745	epochs	2.0
1237.686720175476	0.060320000000047	epochs	3.0
1237.747040175476	0.059520000000020445	epochs	3.0
1237.806560175476	0.11663999999996122	epochs	2.0
1237.806560175476	0.05871999999999389	epochs	3.0
1237.865280175476	0.05791999999996733	epochs	3.0
1237.923200175476	0.11360000000013315	epochs	2.0
1237.923200175476	0.05719999999996617	epochs	3.0
1237.980400175476	0.05640000000016698	epochs	3.0
1238.0368001754762	0.11071999999990112	epochs	2.0
1238.0368001754762	0.055679999999938445	epochs	3.0
1238.092480175476	0.055039999999962674	epochs	3.0
1238.147520175476	0.10791999999992186	epochs	2.0
1238.147520175476	0.05423999999993612	epochs	3.0
1238.201760175476	0.05367999999998574	epochs	3.0
1238.255440175476	0.10527999999999338	epochs	2.0
1238.255440175476	0.052959999999984575	epochs	3.0
1238.308400175476	0.052320000000008804	epochs	3.0
1238.360720175476	0.10288000000014108	epochs	2.0
1238.360720175476	0.051760000000058426	epochs	3.0
1238.412480175476	0.051120000000082655	epochs	3.0
1238.4636001754761	0.10040000000003602	epochs	2.0
1238.4636001754761	0.05047999999987951	epochs	3.0
1238.514080175476	0.049920000000156506	epochs	3.0
1238.5640001754762	0.09823999999980515	epochs	2.0
1238.5640001754762	0.049359999999978754	epochs	3.0
1238.6133601754761	0.048879999999826396	epochs	3.0
1238.662240175476	0.09600000000000364	epochs	2.0
1238.662240175476	0.048240000000078	epochs	3.0
1238.710480175476	0.04775999999992564	epochs	3.0
1238.758240175476	0.09392000000002554	epochs	2.0
1238.758240175476	0.047200000000202635	epochs	3.0
1238.8054401754762	0.0467199999998229	epochs	3.0
1238.852160175476	0.09192000000007283	epochs	2.0
1238.852160175476	0.0461600000000999	epochs	3.0
1238.898320175476	0.04575999999997293	epochs	3.0
1238.944080175476	0.09007999999994354	epochs	2.0
1238.944080175476	0.04528000000004795	epochs	3.0
1238.9893601754761	0.04479999999989559	epochs	3.0
1239.034160175476	0.08816000000001623	epochs	2.0
1239.034160175476	0.044319999999970605	epochs	3.0
1239.078480175476	0.04384000000004562	epochs	3.0
1239.122320175476	0.08647999999993772	epochs	2.0
1239.122320175476	0.04344000000014603	epochs	3.0
1239.1657601754762	0.04303999999979169	epochs	3.0
1239.208800175476	0.08472000000006119	epochs	2.0
1239.208800175476	0.04256000000009408	epochs	3.0
1239.251360175476	0.04215999999996711	epochs	3.0
1239.293520175476	0.08320000000003347	epochs	2.0
1239.293520175476	0.04176000000006752	epochs	3.0
1239.335280175476	0.04143999999996595	epochs	3.0
1239.376720175476	0.08151999999995496	epochs	2.0
1239.376720175476	0.040960000000040964	epochs	3.0
1239.417680175476	0.040559999999914	epochs	3.0
1239.458240175476	0.08007999999995263	epochs	2.0
1239.458240175476	0.0402400000000398	epochs	3.0
1239.498480175476	0.039839999999912834	epochs	3.0
1239.538320175476	0.07864000000017768	epochs	2.0
1239.538320175476	0.039520000000038635	epochs	3.0
1239.577840175476	0.039120000000139044	epochs	3.0
1239.6169601754762	0.07719999999994798	epochs	2.0
1239.6169601754762	0.03880000000003747	epochs	3.0
1239.6557601754762	0.038399999999910506	epochs	3.0
1239.694160175476	0.07591999999999643	epochs	2.0
1239.694160175476	0.0381600000000617	epochs	3.0
1239.7323201754762	0.037759999999934735	epochs	3.0
1239.770080175476	0.0745600000000195	epochs	2.0
1239.770080175476	0.037440000000060536	epochs	3.0
1239.8075201754762	0.037119999999958964	epochs	3.0
1239.8446401754761	0.07335999999986598	epochs	2.0
1239.8446401754761	0.03679999999985739	epochs	3.0
1239.881440175476	0.036560000000008586	epochs	3.0
1239.918000175476	0.07208000000014181	epochs	2.0
1239.918000175476	0.036160000000108994	epochs	3.0
1239.954160175476	0.035920000000032815	epochs	3.0
1239.9900801754761	0.07087999999998829	epochs	2.0
1239.9900801754761	0.03559999999993124	epochs	3.0
1240.025680175476	0.035280000000057044	epochs	3.0
1240.060960175476	0.06983999999988555	epochs	2.0
1240.060960175476	0.035039999999980864	epochs	3.0
1240.096000175476	0.034799999999904685	epochs	3.0
1240.130800175476	0.06864000000018677	epochs	2.0
1240.130800175476	0.034480000000030486	epochs	3.0
1240.165280175476	0.03416000000015629	epochs	3.0
1240.1994401754762	0.06759999999985666	epochs	2.0
1240.1994401754762	0.033919999999852735	epochs	3.0
1240.233360175476	0.03368000000000393	epochs	3.0
1240.267040175476	0.0665599999999813	epochs	2.0
1240.267040175476	0.03343999999992775	epochs	3.0
1240.300480175476	0.03312000000005355	epochs	3.0
1240.333600175476	0.06560000000013133	epochs	2.0
1240.333600175476	0.032960000000002765	epochs	3.0
1240.366560175476	0.032640000000128566	epochs	3.0
1240.3992001754762	0.0645600000000286	epochs	2.0
1240.3992001754762	0.03239999999982501	epochs	3.0
1240.431600175476	0.03216000000020358	epochs	3.0
1240.4637601754762	0.06367999999997664	epochs	2.0
1240.4637601754762	0.03199999999992542	epochs	3.0
1240.495760175476	0.03168000000005122	epochs	3.0
1240.5274401754762	0.0627199999998993	epochs	2.0
1240.5274401754762	0.03143999999997504	epochs	3.0
1240.5588801754761	0.03127999999992426	epochs	3.0
1240.590160175476	0.061840000000074724	epochs	2.0
1240.590160175476	0.03104000000007545	epochs	3.0
1240.6212001754761	0.030799999999999272	epochs	3.0
1240.6520001754761	0.060960000000022774	epochs	2.0
1240.6520001754761	0.030559999999923093	epochs	3.0
1240.682560175476	0.03040000000009968	epochs	3.0
1240.7129601754762	0.060159999999996217	epochs	2.0
1240.7129601754762	0.0301600000000235	epochs	3.0
1240.7431201754762	0.029999999999972715	epochs	3.0
1240.7731201754762	0.059279999999944266	epochs	2.0
1240.7731201754762	0.029679999999871143	epochs	3.0
1240.802800175476	0.029600000000073123	epochs	3.0
1240.832400175476	0.05847999999991771	epochs	2.0
1240.832400175476	0.029359999999996944	epochs	3.0
1240.861760175476	0.029119999999920765	epochs	3.0
1240.890880175476	0.05776000000014392	epochs	2.0
1240.890880175476	0.028960000000097352	epochs	3.0
1240.919840175476	0.028800000000046566	epochs	3.0
1240.9486401754762	0.05695999999988999	epochs	2.0
1240.9486401754762	0.028559999999970387	epochs	3.0
1240.9772001754761	0.0283999999999196	epochs	3.0
1241.005600175476	0.0562400000001162	epochs	2.0
1241.005600175476	0.028160000000070795	epochs	3.0
1241.0337601754761	0.028080000000045402	epochs	3.0
1241.0618401754762	0.055439999999862266	epochs	2.0
1241.0618401754762	0.027839999999969223	epochs	3.0
1241.0896801754761	0.027599999999893043	epochs	3.0
1241.117280175476	0.05488000000013926	epochs	2.0
1241.117280175476	0.027520000000095024	epochs	3.0
1241.1448001754761	0.027360000000044238	epochs	3.0
1241.1721601754762	0.05407999999988533	epochs	2.0
1241.1721601754762	0.02711999999996806	epochs	3.0
1241.1992801754761	0.026959999999917272	epochs	3.0
1241.226240175476	0.053440000000136934	epochs	2.0
1241.226240175476	0.02680000000009386	epochs	3.0
1241.2530401754761	0.026640000000043074	epochs	3.0
1241.2796801754762	0.05287999999995918	epochs	2.0
1241.2796801754762	0.026479999999992287	epochs	3.0
1241.3061601754762	0.026399999999966894	epochs	3.0
1241.3325601754761	0.05215999999995802	epochs	2.0
1241.3325601754761	0.026159999999890715	epochs	3.0
1241.358720175476	0.026000000000067303	epochs	3.0
1241.384720175476	0.05151999999998225	epochs	2.0
1241.384720175476	0.025840000000016516	epochs	3.0
1241.4105601754761	0.02567999999996573	epochs	3.0
1241.436240175476	0.05096000000003187	epochs	2.0
1241.436240175476	0.025599999999940337	epochs	3.0
1241.461840175476	0.02536000000009153	epochs	3.0
1241.4872001754761	0.05039999999985412	epochs	2.0
1241.4872001754761	0.02528000000006614	epochs	3.0
1241.5124801754762	0.02511999999978798	epochs	3.0
1241.537600175476	0.04976000000010572	epochs	2.0
1241.537600175476	0.02496000000019194	epochs	3.0
1241.5625601754762	0.02479999999991378	epochs	3.0
1241.587360175476	0.04919999999992797	epochs	2.0
1241.587360175476	0.024640000000090367	epochs	3.0
1241.6120001754762	0.0245599999998376	epochs	3.0
1241.636560175476	0.04872000000000298	epochs	2.0
1241.636560175476	0.024400000000014188	epochs	3.0
1241.660960175476	0.024319999999988795	epochs	3.0
1241.685280175476	0.04808000000002721	epochs	2.0
1241.685280175476	0.02408000000013999	epochs	3.0
1241.7093601754761	0.023999999999887223	epochs	3.0
1241.733360175476	0.04760000000010223	epochs	2.0
1241.733360175476	0.02384000000006381	epochs	3.0
1241.757200175476	0.023760000000038417	epochs	3.0
1241.7809601754761	0.04711999999994987	epochs	2.0
1241.7809601754761	0.02359999999998763	epochs	3.0
1241.8045601754761	0.023519999999962238	epochs	3.0
1241.828080175476	0.04655999999999949	epochs	2.0
1241.828080175476	0.02335999999991145	epochs	3.0
1241.851440175476	0.02320000000008804	epochs	3.0
1241.874640175476	0.046080000000074506	epochs	2.0
1241.874640175476	0.023120000000062646	epochs	3.0
1241.8977601754762	0.02296000000001186	epochs	3.0
1241.9207201754762	0.04559999999992215	epochs	2.0
1241.9207201754762	0.022879999999986467	epochs	3.0
1241.9436001754761	0.02271999999993568	epochs	3.0
1241.966320175476	0.04511999999999716	epochs	2.0
1241.966320175476	0.022639999999910287	epochs	3.0
1241.988960175476	0.022480000000086875	epochs	3.0
1242.011440175476	0.04464000000007218	epochs	2.0
1242.011440175476	0.022400000000061482	epochs	3.0
1242.0338401754761	0.022240000000010696	epochs	3.0
1242.0560801754762	0.04423999999994521	epochs	2.0
1242.0560801754762	0.022159999999985303	epochs	3.0
1242.0782401754761	0.02207999999995991	epochs	3.0
1242.100320175476	0.04376000000002023	epochs	2.0
1242.100320175476	0.021919999999909123	epochs	3.0
1242.122240175476	0.021840000000111104	epochs	3.0
1242.1440801754761	0.04335999999989326	epochs	2.0
1242.1440801754761	0.021759999999858337	epochs	3.0
1242.165840175476	0.021600000000034925	epochs	3.0
1242.187440175476	0.04287999999996828	epochs	2.0
1242.187440175476	0.02143999999998414	epochs	3.0
1242.208880175476	0.02143999999998414	epochs	3.0
1242.230320175476	0.042480000000068685	epochs	2.0
1242.230320175476	0.021280000000160726	epochs	3.0
1242.2516001754761	0.02119999999990796	epochs	3.0
1242.272800175476	0.04207999999994172	epochs	2.0
1242.272800175476	0.021040000000084547	epochs	3.0
1242.2938401754761	0.021039999999857173	epochs	3.0
1242.314880175476	0.04168000000004213	epochs	2.0
1242.314880175476	0.02088000000003376	epochs	3.0
1242.335760175476	0.020800000000008367	epochs	3.0
1242.356560175476	0.04120000000011714	epochs	2.0
1242.356560175476	0.02063999999995758	epochs	3.0
1242.377200175476	0.020560000000159562	epochs	3.0
1242.3977601754762	0.04088000000001557	epochs	2.0
1242.3977601754762	0.020559999999932188	epochs	3.0
1242.418320175476	0.020320000000083382	epochs	3.0
1242.4386401754762	0.040559999999914	epochs	2.0
1242.4386401754762	0.02031999999985601	epochs	3.0
1242.458960175476	0.02024000000005799	epochs	3.0
1242.479200175476	0.04007999999998901	epochs	2.0
1242.479200175476	0.020080000000007203	epochs	3.0
1242.499280175476	0.01999999999998181	epochs	3.0
1242.519280175476	0.039760000000114815	epochs	2.0
1242.519280175476	0.019919999999956417	epochs	3.0
1242.539200175476	0.019840000000158398	epochs	3.0
1242.5590401754762	0.03943999999978587	epochs	2.0
1242.5590401754762	0.01975999999990563	epochs	3.0
1242.578800175476	0.019679999999880238	epochs	3.0
1242.598480175476	0.03904000000011365	epochs	2.0
1242.598480175476	0.019520000000056825	epochs	3.0
1242.618000175476	0.019520000000056825	epochs	3.0
1242.637520175476	0.038639999999986685	epochs	2.0
1242.637520175476	0.01936000000000604	epochs	3.0
1242.656880175476	0.019279999999980646	epochs	3.0
1242.676160175476	0.038399999999910506	epochs	2.0
1242.676160175476	0.019279999999980646	epochs	3.0
1242.695440175476	0.01911999999992986	epochs	3.0
1242.714560175476	0.038000000000010914	epochs	2.0
1242.714560175476	0.01904000000013184	epochs	3.0
1242.733600175476	0.018959999999879074	epochs	3.0
1242.752560175476	0.037680000000136715	epochs	2.0
1242.752560175476	0.018880000000081054	epochs	3.0
1242.771440175476	0.01880000000005566	epochs	3.0
1242.7902401754761	0.03736000000003514	epochs	2.0
1242.7902401754761	0.018720000000030268	epochs	3.0
1242.8089601754762	0.018640000000004875	epochs	3.0
1242.8276001754762	0.03703999999993357	epochs	2.0
1242.8276001754762	0.018559999999979482	epochs	3.0
1242.8461601754761	0.01847999999995409	epochs	3.0
1242.864640175476	0.03672000000005937	epochs	2.0
1242.864640175476	0.018399999999928696	epochs	3.0
1242.883040175476	0.018320000000130676	epochs	3.0
1242.9013601754762	0.03647999999998319	epochs	2.0
1242.9013601754762	0.01823999999987791	epochs	3.0
1242.919600175476	0.018240000000105283	epochs	3.0
1242.9378401754761	0.03607999999985623	epochs	2.0
1242.9378401754761	0.018079999999827123	epochs	3.0
1242.955920175476	0.018000000000029104	epochs	3.0
1242.973920175476	0.03584000000000742	epochs	2.0
1242.973920175476	0.01792000000000371	epochs	3.0
1242.991840175476	0.01792000000000371	epochs	3.0
1243.009760175476	0.03552000000013322	epochs	2.0
1243.009760175476	0.017760000000180298	epochs	3.0
1243.0275201754762	0.017759999999952925	epochs	3.0
1243.0452801754761	0.03520000000003165	epochs	2.0
1243.0452801754761	0.01767999999992753	epochs	3.0
1243.062960175476	0.01752000000010412	epochs	3.0
1243.0804801754762	0.03495999999995547	epochs	2.0
1243.0804801754762	0.017519999999876745	epochs	3.0
1243.098000175476	0.017440000000078726	epochs	3.0
1243.1154401754761	0.03471999999987929	epochs	2.0
1243.1154401754761	0.017439999999851352	epochs	3.0
1243.132880175476	0.01728000000002794	epochs	3.0
1243.150160175476	0.03440000000000509	epochs	2.0
1243.150160175476	0.017200000000002547	epochs	3.0
1243.167360175476	0.017200000000002547	epochs	3.0
1243.184560175476	0.03416000000015629	epochs	2.0
1243.184560175476	0.017119999999977153	epochs	3.0
1243.201680175476	0.017040000000179134	epochs	3.0
1243.2187201754762	0.03383999999982734	epochs	2.0
1243.2187201754762	0.016959999999926367	epochs	3.0
1243.235680175476	0.016879999999900974	epochs	3.0
1243.252560175476	0.033599999999978536	epochs	2.0
1243.252560175476	0.016800000000102955	epochs	3.0
1243.269360175476	0.01679999999987558	epochs	3.0
1243.286160175476	0.03336000000012973	epochs	2.0
1243.286160175476	0.01672000000007756	epochs	3.0
1243.302880175476	0.01664000000005217	epochs	3.0
1243.319520175476	0.03312000000005355	epochs	2.0
1243.319520175476	0.016560000000026776	epochs	3.0
1243.3360801754761	0.016560000000026776	epochs	3.0
1243.3526401754762	0.03279999999995198	epochs	2.0
1243.3526401754762	0.01639999999997599	epochs	3.0
1243.3690401754761	0.01639999999997599	epochs	3.0
1243.385440175476	0.0325599999998758	epochs	2.0
1243.385440175476	0.016319999999950596	epochs	3.0
1243.401760175476	0.016239999999925203	epochs	3.0
1243.418000175476	0.03240000000005239	epochs	2.0
1243.418000175476	0.016240000000152577	epochs	3.0
1243.4342401754761	0.01615999999989981	epochs	3.0
1243.450400175476	0.032079999999950815	epochs	2.0
1243.450400175476	0.01608000000010179	epochs	3.0
1243.4664801754761	0.015999999999849024	epochs	3.0
1243.482480175476	0.0319200000001274	epochs	2.0
1243.482480175476	0.016000000000076398	epochs	3.0
1243.498480175476	0.015920000000051004	epochs	3.0
1243.514400175476	0.03160000000002583	epochs	2.0
1243.514400175476	0.01584000000002561	epochs	3.0
1243.5302401754761	0.01576000000000022	epochs	3.0
1243.5460001754761	0.03143999999997504	epochs	2.0
1243.5460001754761	0.01576000000000022	epochs	3.0
1243.5617601754761	0.015679999999974825	epochs	3.0
1243.577440175476	0.031199999999898864	epochs	2.0
1243.577440175476	0.015599999999949432	epochs	3.0
1243.593040175476	0.015599999999949432	epochs	3.0
1243.608640175476	0.03096000000005006	epochs	2.0
1243.608640175476	0.015520000000151413	epochs	3.0
1243.6241601754762	0.015439999999898646	epochs	3.0
1243.639600175476	0.03071999999997388	epochs	2.0
1243.639600175476	0.01544000000012602	epochs	3.0
1243.6550401754762	0.01527999999984786	epochs	3.0
1243.670320175476	0.030559999999923093	epochs	2.0
1243.670320175476	0.015360000000100626	epochs	3.0
1243.6856801754761	0.015199999999822467	epochs	3.0
1243.700880175476	0.030320000000074288	epochs	2.0
1243.700880175476	0.01520000000004984	epochs	3.0
1243.716080175476	0.015120000000024447	epochs	3.0
1243.731200175476	0.030079999999998108	epochs	2.0
1243.731200175476	0.015120000000024447	epochs	3.0
1243.746320175476	0.014959999999973661	epochs	3.0
1243.761280175476	0.029919999999947322	epochs	2.0
1243.761280175476	0.015039999999999054	epochs	3.0
1243.776320175476	0.014879999999948268	epochs	3.0
1243.791200175476	0.029680000000098516	epochs	2.0
1243.791200175476	0.014880000000175642	epochs	3.0
1243.8060801754762	0.014799999999922875	epochs	3.0
1243.820880175476	0.02952000000004773	epochs	2.0
1243.820880175476	0.014799999999922875	epochs	3.0
1243.835680175476	0.014720000000124855	epochs	3.0
1243.8504001754761	0.02927999999997155	epochs	2.0
1243.8504001754761	0.014719999999897482	epochs	3.0
1243.865120175476	0.01456000000007407	epochs	3.0
1243.879680175476	0.029119999999920765	epochs	2.0
1243.879680175476	0.014639999999872089	epochs	3.0
1243.894320175476	0.014480000000048676	epochs	3.0
1243.908800175476	0.028960000000097352	epochs	2.0
1243.908800175476	0.014480000000048676	epochs	3.0
1243.923280175476	0.014480000000048676	epochs	3.0
1243.9377601754761	0.02863999999999578	epochs	2.0
1243.9377601754761	0.01431999999999789	epochs	3.0
1243.952080175476	0.01431999999999789	epochs	3.0
1243.966400175476	0.028559999999970387	epochs	2.0
1243.966400175476	0.01431999999999789	epochs	3.0
1243.980720175476	0.014239999999972497	epochs	3.0
1243.994960175476	0.028319999999894208	epochs	2.0
1243.994960175476	0.014159999999947104	epochs	3.0
1244.009120175476	0.014159999999947104	epochs	3.0
1244.023280175476	0.028160000000070795	epochs	2.0
1244.023280175476	0.014160000000174477	epochs	3.0
1244.0374401754761	0.013999999999896318	epochs	3.0
1244.051440175476	0.02800000000002001	epochs	2.0
1244.051440175476	0.014000000000123691	epochs	3.0
1244.0654401754762	0.013999999999896318	epochs	3.0
1244.079440175476	0.02775999999994383	epochs	2.0
1244.079440175476	0.013920000000098298	epochs	3.0
1244.0933601754762	0.013839999999845531	epochs	3.0
1244.107200175476	0.02768000000014581	epochs	2.0
1244.107200175476	0.013840000000072905	epochs	3.0
1244.121040175476	0.013840000000072905	epochs	3.0
1244.1348801754762	0.027439999999842257	epochs	2.0
1244.1348801754762	0.013759999999820138	epochs	3.0
1244.148640175476	0.013680000000022119	epochs	3.0
1244.162320175476	0.027280000000018845	epochs	2.0
1244.162320175476	0.013680000000022119	epochs	3.0
1244.176000175476	0.013599999999996726	epochs	3.0
1244.189600175476	0.02711999999996806	epochs	2.0
1244.189600175476	0.013519999999971333	epochs	3.0
1244.203120175476	0.013599999999996726	epochs	3.0
1244.216720175476	0.026880000000119253	epochs	2.0
1244.216720175476	0.013440000000173313	epochs	3.0
1244.2301601754762	0.01343999999994594	epochs	3.0
1244.243600175476	0.026799999999866486	epochs	2.0
1244.243600175476	0.01343999999994594	epochs	3.0
1244.257040175476	0.013359999999920547	epochs	3.0
1244.270400175476	0.02656000000001768	epochs	2.0
1244.270400175476	0.013280000000122527	epochs	3.0
1244.283680175476	0.013279999999895153	epochs	3.0
1244.296960175476	0.026479999999992287	epochs	2.0
1244.296960175476	0.013280000000122527	epochs	3.0
1244.310240175476	0.01319999999986976	epochs	3.0
1244.323440175476	0.026240000000143482	epochs	2.0
1244.323440175476	0.013120000000071741	epochs	3.0
1244.336560175476	0.013120000000071741	epochs	3.0
1244.3496801754761	0.026159999999890715	epochs	2.0
1244.3496801754761	0.013119999999844367	epochs	3.0
1244.362800175476	0.013040000000046348	epochs	3.0
1244.375840175476	0.026000000000067303	epochs	2.0
1244.375840175476	0.013040000000046348	epochs	3.0
1244.388880175476	0.012960000000020955	epochs	3.0
1244.401840175476	0.025759999999991123	epochs	2.0
1244.401840175476	0.012879999999995562	epochs	3.0
1244.414720175476	0.012879999999995562	epochs	3.0
1244.427600175476	0.02567999999996573	epochs	2.0
1244.427600175476	0.012879999999995562	epochs	3.0
1244.440480175476	0.012799999999970169	epochs	3.0
1244.453280175476	0.025520000000142318	epochs	2.0
1244.453280175476	0.012799999999970169	epochs	3.0
1244.466080175476	0.01272000000017215	epochs	3.0
1244.4788001754762	0.025359999999864158	epochs	2.0
1244.4788001754762	0.012719999999944775	epochs	3.0
1244.4915201754761	0.012639999999919382	epochs	3.0
1244.504160175476	0.025200000000040745	epochs	2.0
1244.504160175476	0.012639999999919382	epochs	3.0
1244.516800175476	0.012560000000121363	epochs	3.0
1244.529360175476	0.024560000000064974	epochs	2.0
1244.551890075476	0.5	epochs	-1.0
1244.5539201754762	0.5321599999999762	epochs	1.0
1245.0860801754761	0.4677599999999984	epochs	0.0
1249.6579999923706	0.18792000000007647	epochs	0.0
1249.6579999923706	0.08896000000004278	epochs	1.0
1249.7469599923706	0.010080000000016298	epochs	1.0
1249.7570399923707	0.08888000000001739	epochs	1.0
1249.8459199923707	2.0	epochs	0.0
1251.8459199923707	5.411359999999831	epochs	0.0
1251.8459199923707	1.0	epochs	1.0
1251.8459698923707	0.5	epochs	-1.0
1252.3459698923707	4.91131009999981	epochs	-1.0
1252.8459199923707	4.411359999999831	epochs	1.0
1252.8459199923707	8.000000002539309e-05	epochs	2.0
1252.8459999923707	4.356719999999996	epochs	-1.0
1252.8459999923707	1.974559999999883	epochs	2.0
1252.8459999923707	1.0985599999999067	epochs	3.0
1253.9445599923706	0.8759999999999764	epochs	3.0
1254.8205599923706	1.3523999999999887	epochs	2.0
1254.8205599923706	0.7286400000000413	epochs	3.0
1255.5491999923706	0.6237599999999475	epochs	3.0
1256.1729599923706	1.029760000000124	epochs	2.0
1256.1729599923706	0.5453600000000733	epochs	3.0
1256.7183199923707	0.48440000000005057	epochs	3.0
1257.2027199923707	0.054559999999810316	epochs	2.0
1257.2027199923707	0.054559999999810316	epochs	3.0
1257.2572799923705	16.588560000000143	epochs	0.0
1261.9260001182556	0.18792000000007647	epochs	0.0
1261.9260001182556	0.08896000000004278	epochs	1.0
1262.0149601182557	0.010080000000016298	epochs	1.0
1262.0250401182557	0.08888000000001739	epochs	1.0
1262.1139201182557	2.0	epochs	0.0
1264.1139201182557	0.5114399999999932	epochs	0.0
1264.1139201182557	0.5114399999999932	epochs	1.0
1264.1139700182557	0.5	epochs	-1.0
1264.6139700182557	0.011390099999971426	epochs	-1.0
1264.6253601182557	21.48847999999998	epochs	0.0
1269.2919998168945	0.18792000000007647	epochs	0.0
1269.2919998168945	0.08896000000004278	epochs	1.0
1269.3809598168946	0.010080000000016298	epochs	1.0
1269.3910398168946	0.08888000000001739	epochs	1.0
1269.4799198168946	2.0	epochs	0.0
1271.4799198168946	0.5117599999998674	epochs	0.0
1271.4799198168946	0.5117599999998674	epochs	1.0
1271.4799697168946	0.5	epochs	-1.0
1271.9799697168946	0.011710099999845625	epochs	-1.0
1271.9916798168945	21.488160000000107	epochs	0.0
1276.7350001335144	0.18792000000007647	epochs	0.0
1276.7350001335144	0.08896000000004278	epochs	1.0
1276.8239601335144	0.010080000000016298	epochs	1.0
1276.8340401335145	0.08888000000001739	epochs	1.0
1276.9229201335145	2.0	epochs	0.0
1278.9229201335145	0.5316799999998238	epochs	0.0
1278.9229201335145	0.5316799999998238	epochs	1.0
1278.9229700335145	0.5	epochs	-1.0
1279.4229700335145	0.03163009999980204	epochs	-1.0
1279.4546001335143	21.46824000000015	epochs	0.0
1284.2480001449585	0.18792000000007647	epochs	0.0
1284.2480001449585	0.08896000000004278	epochs	1.0
1284.3369601449585	0.010080000000016298	epochs	1.0
1284.3470401449586	0.08888000000001739	epochs	1.0
1284.4359201449586	2.0	epochs	0.0
1286.4359201449586	0.5315200000000004	epochs	0.0
1286.4359201449586	0.5315200000000004	epochs	1.0
1286.4359700449586	0.5	epochs	-1.0
1286.9359700449586	0.03147009999997863	epochs	-1.0
1286.9674401449586	21.468399999999974	epochs	0.0
1291.829999923706	0.18792000000007647	epochs	0.0
1291.829999923706	0.08896000000004278	epochs	1.0
1291.918959923706	0.010080000000016298	epochs	1.0
1291.9290399237061	0.08888000000001739	epochs	1.0
1292.0179199237061	2.0	epochs	0.0
1294.0179199237061	0.5319999999999254	epochs	0.0
1294.0179199237061	0.5319999999999254	epochs	1.0
1294.0179698237062	0.5	epochs	-1.0
1294.5179698237062	0.031950099999903614	epochs	-1.0
1294.549919923706	21.46792000000005	epochs	0.0
1299.4959998130798	0.18792000000007647	epochs	0.0
1299.4959998130798	0.08896000000004278	epochs	1.0
1299.5849598130799	0.010080000000016298	epochs	1.0
1299.59503981308	0.08888000000001739	epochs	1.0
1299.68391981308	2.0	epochs	0.0
1301.68391981308	0.5317599999998492	epochs	0.0
1301.68391981308	0.5317599999998492	epochs	1.0
1301.68396971308	0.5	epochs	-1.0
1302.18396971308	0.031710099999827435	epochs	-1.0
1302.2156798130798	21.468160000000125	epochs	0.0
1307.1180000305176	0.18792000000007647	epochs	0.0
1307.1180000305176	0.08896000000004278	epochs	1.0
1307.2069600305176	0.010080000000016298	epochs	1.0
1307.2170400305176	0.08888000000001739	epochs	1.0
1307.3059200305177	2.0	epochs	0.0
1309.3059200305177	0.532399999999825	epochs	0.0
1309.3059200305177	0.532399999999825	epochs	1.0
1309.3059699305177	0.5	epochs	-1.0
1309.8059699305177	0.032350099999803206	epochs	-1.0
1309.8383200305175	21.46752000000015	epochs	0.0
1335.6859998703003	0.18792000000007647	epochs	0.0
1335.6859998703003	0.08896000000004278	epochs	1.0
1335.7749598703003	0.010080000000016298	epochs	1.0
1335.7850398703004	0.08888000000001739	epochs	1.0
1335.8739198703004	0.2299199999999928	epochs	0.0
1335.8739198703004	0.049999999999954525	epochs	1.0
1335.9239198703003	0.009999999999990905	epochs	1.0
1335.9339198703003	0.049999999999954525	epochs	1.0
1335.9839198703003	0.009999999999990905	epochs	1.0
1335.9939198703003	0.049999999999954525	epochs	1.0
1336.0439198703002	0.009999999999990905	epochs	1.0
1336.0539198703002	0.049920000000156506	epochs	1.0
