onset	duration	nwb_table	treelevel
123.23000001907349	0.09999999999999432	epochs	0.0
123.23000001907349	0.045000000000001705	epochs	1.0
123.27500001907349	0.010004999999992492	epochs	1.0
123.28500501907348	0.04499500000000012	epochs	1.0
123.33000001907348	0.7049950000000109	epochs	0.0
123.33000001907348	0.5	epochs	-1.0
123.33000001907348	0.5	epochs	1.0
123.83000001907348	0.060000000000002274	epochs	-1.0
123.83000001907348	0.025000000000005684	epochs	-1.0
123.83000001907348	0.025000000000005684	epochs	1.0
123.85500001907349	0.010000000000005116	epochs	-1.0
123.85500001907349	0.010000000000005116	epochs	1.0
123.86500001907349	0.024999999999991473	epochs	-1.0
123.86500001907349	0.024999999999991473	epochs	1.0
123.89000001907348	0.060000000000002274	epochs	-1.0
123.89000001907348	0.025000000000005684	epochs	-1.0
123.89000001907348	0.025000000000005684	epochs	1.0
123.91500001907349	0.009999999999990905	epochs	-1.0
123.91500001907349	0.009999999999990905	epochs	1.0
123.92500001907348	0.025000000000005684	epochs	-1.0
123.92500001907348	0.025000000000005684	epochs	1.0
123.95000001907349	0.060000000000002274	epochs	-1.0
123.95000001907349	0.025000000000005684	epochs	-1.0
123.95000001907349	0.025000000000005684	epochs	1.0
123.97500001907349	0.009999999999990905	epochs	-1.0
123.97500001907349	0.009999999999990905	epochs	1.0
123.98500001907348	0.025000000000005684	epochs	-1.0
123.98500001907348	0.025000000000005684	epochs	1.0
124.01000001907349	0.024995000000004097	epochs	1.0
166.2389998435974	0.09999999999999432	epochs	0.0
166.2389998435974	0.044999999999987494	epochs	1.0
166.2839998435974	0.010005000000006703	epochs	1.0
166.2940048435974	0.04499500000000012	epochs	1.0
166.3389998435974	61.384995	epochs	0.0
166.3389998435974	0.5	epochs	-1.0
166.3389998435974	0.5	epochs	-1.0
166.3389998435974	0.5	epochs	1.0
166.8389998435974	0.060000000000002274	epochs	-1.0
166.8389998435974	0.025000000000005684	epochs	-1.0
166.8389998435974	0.025000000000005684	epochs	1.0
166.8639998435974	0.009999999999990905	epochs	-1.0
166.8639998435974	0.009999999999990905	epochs	1.0
166.8739998435974	0.025000000000005684	epochs	-1.0
166.8739998435974	0.025000000000005684	epochs	1.0
166.8989998435974	0.060000000000002274	epochs	-1.0
166.8989998435974	0.025000000000005684	epochs	-1.0
166.8989998435974	0.025000000000005684	epochs	1.0
166.92399984359741	0.009999999999990905	epochs	-1.0
166.92399984359741	0.009999999999990905	epochs	1.0
166.9339998435974	0.025000000000005684	epochs	-1.0
166.9339998435974	0.025000000000005684	epochs	1.0
166.9589998435974	0.060000000000002274	epochs	-1.0
166.9589998435974	0.025000000000005684	epochs	-1.0
166.9589998435974	0.025000000000005684	epochs	1.0
166.98399984359742	0.009999999999990905	epochs	-1.0
166.98399984359742	0.009999999999990905	epochs	1.0
166.9939998435974	0.025000000000005684	epochs	-1.0
166.9939998435974	0.025000000000005684	epochs	1.0
167.0189998435974	60.0	epochs	1.0
227.0189998435974	0.5	epochs	-1.0
227.0189998435974	0.5	epochs	-1.0
227.0189998435974	0.5	epochs	1.0
227.5189998435974	0.060000000000002274	epochs	-1.0
227.5189998435974	0.025000000000005684	epochs	-1.0
227.5189998435974	0.025000000000005684	epochs	1.0
227.54399984359742	0.009999999999990905	epochs	-1.0
227.54399984359742	0.009999999999990905	epochs	1.0
227.5539998435974	0.025000000000005684	epochs	-1.0
227.5539998435974	0.025000000000005684	epochs	1.0
227.57899984359742	0.060000000000002274	epochs	-1.0
227.57899984359742	0.025000000000005684	epochs	-1.0
227.57899984359742	0.025000000000005684	epochs	1.0
227.60399984359742	0.009999999999990905	epochs	-1.0
227.60399984359742	0.009999999999990905	epochs	1.0
227.6139998435974	0.025000000000005684	epochs	-1.0
227.6139998435974	0.025000000000005684	epochs	1.0
227.63899984359742	0.060000000000002274	epochs	-1.0
227.63899984359742	0.025000000000005684	epochs	-1.0
227.63899984359742	0.025000000000005684	epochs	1.0
227.66399984359742	0.009999999999990905	epochs	-1.0
227.66399984359742	0.009999999999990905	epochs	1.0
227.67399984359741	0.025000000000005684	epochs	-1.0
227.67399984359741	0.025000000000005684	epochs	1.0
227.69899984359742	0.024994999999989886	epochs	1.0
266.5079998970032	0.10000000000002274	epochs	0.0
266.5079998970032	0.045000000000015916	epochs	1.0
266.5529998970032	0.010004999999978281	epochs	1.0
266.56300489700317	0.04499500000002854	epochs	1.0
266.6079998970032	0.7049949999999967	epochs	0.0
266.6079998970032	0.5	epochs	-1.0
266.6079998970032	0.5	epochs	-1.0
266.6079998970032	0.5	epochs	1.0
267.1079998970032	0.060000000000002274	epochs	-1.0
267.1079998970032	0.024999999999977263	epochs	-1.0
267.1079998970032	0.024999999999977263	epochs	1.0
267.1329998970032	0.009999999999990905	epochs	-1.0
267.1329998970032	0.009999999999990905	epochs	1.0
267.14299989700316	0.025000000000034106	epochs	-1.0
267.14299989700316	0.025000000000034106	epochs	1.0
267.1679998970032	0.060000000000002274	epochs	-1.0
267.1679998970032	0.024999999999977263	epochs	-1.0
267.1679998970032	0.024999999999977263	epochs	1.0
267.1929998970032	0.009999999999990905	epochs	-1.0
267.1929998970032	0.009999999999990905	epochs	1.0
267.20299989700317	0.025000000000034106	epochs	-1.0
267.20299989700317	0.025000000000034106	epochs	1.0
267.2279998970032	0.05999999999994543	epochs	-1.0
267.2279998970032	0.024999999999977263	epochs	-1.0
267.2279998970032	0.024999999999977263	epochs	1.0
267.2529998970032	0.009999999999990905	epochs	-1.0
267.2529998970032	0.009999999999990905	epochs	1.0
267.26299989700317	0.024999999999977263	epochs	-1.0
267.26299989700317	0.024999999999977263	epochs	1.0
267.28799989700315	0.02499500000004673	epochs	1.0
330.37599992752075	0.2008000000000152	epochs	0.0
330.37599992752075	0.09539999999998372	epochs	1.0
330.47139992752074	0.010019999999997253	epochs	1.0
330.48141992752073	0.09538000000003422	epochs	1.0
330.57679992752077	5.999979999999994	epochs	0.0
330.57679992752077	0.5	epochs	1.0
330.57680312752075	0.5	epochs	-1.0
330.57680312752075	0.5	epochs	-1.0
331.07679992752077	5.0	epochs	1.0
336.07679992752077	0.49997999999999365	epochs	1.0
336.07680312752075	0.4999768000000131	epochs	-1.0
339.3179998397827	0.2008000000000152	epochs	0.0
339.3179998397827	0.09539999999998372	epochs	1.0
339.4133998397827	0.010019999999997253	epochs	1.0
339.4234198397827	0.09538000000003422	epochs	1.0
339.51879983978273	2.5193800000000124	epochs	0.0
339.51879983978273	0.5	epochs	1.0
339.5188030397827	0.5	epochs	-1.0
340.01879983978273	1.0	epochs	1.0
341.01879983978273	1.0193800000000124	epochs	1.0
341.5188030397827	0.5	epochs	-1.0
342.03817983978274	0.9805999999999813	epochs	0.0
343.2350001335144	0.2008000000000152	epochs	0.0
343.2350001335144	0.09539999999998372	epochs	1.0
343.3304001335144	0.010019999999997253	epochs	1.0
343.3404201335144	0.09538000000003422	epochs	1.0
343.4358001335144	2.51891999999998	epochs	0.0
343.4358001335144	0.5	epochs	1.0
343.4358033335144	0.5	epochs	-1.0
343.9358001335144	1.0	epochs	1.0
344.9358001335144	1.01891999999998	epochs	1.0
345.4358033335144	0.5	epochs	-1.0
345.9547201335144	0.9810600000000136	epochs	0.0
347.13500022888184	0.2008000000000152	epochs	0.0
347.13500022888184	0.09539999999998372	epochs	1.0
347.2304002288818	0.010019999999997253	epochs	1.0
347.2404202288818	0.09538000000003422	epochs	1.0
347.33580022888185	2.519020000000012	epochs	0.0
347.33580022888185	0.5	epochs	1.0
347.33580342888183	0.5	epochs	-1.0
347.83580022888185	1.0	epochs	1.0
348.83580022888185	1.0190200000000118	epochs	1.0
349.33580342888183	0.5	epochs	-1.0
349.85482022888186	0.9809599999999818	epochs	0.0
351.0690002441406	0.2008000000000152	epochs	0.0
351.0690002441406	0.09539999999998372	epochs	1.0
351.1644002441406	0.010019999999997253	epochs	1.0
351.1744202441406	0.09538000000003422	epochs	1.0
351.26980024414064	2.5190000000000055	epochs	0.0
351.26980024414064	0.5	epochs	1.0
351.2698034441406	0.5	epochs	-1.0
351.76980024414064	1.0	epochs	1.0
352.76980024414064	1.0190000000000055	epochs	1.0
353.2698034441406	0.5	epochs	-1.0
353.78880024414065	0.9809799999999882	epochs	0.0
355.02899980545044	0.2008000000000152	epochs	0.0
355.02899980545044	0.09539999999998372	epochs	1.0
355.1243998054504	0.010019999999997253	epochs	1.0
355.1344198054504	0.09538000000003422	epochs	1.0
355.22979980545045	2.51952	epochs	0.0
355.22979980545045	0.5	epochs	1.0
355.22980300545044	0.5	epochs	-1.0
355.72979980545045	1.0	epochs	1.0
356.72979980545045	1.01952	epochs	1.0
357.22980300545044	0.5	epochs	-1.0
357.74931980545045	0.9804599999999937	epochs	0.0
359.11299991607666	0.15298000000001366	epochs	0.0
359.11299991607666	0.05000000000001137	epochs	1.0
359.16299991607667	0.002999999999985903	epochs	1.0
359.16599991607666	0.09998000000001639	epochs	1.0
360.5460000038147	0.15298000000001366	epochs	0.0
360.5460000038147	0.05000000000001137	epochs	1.0
360.5960000038147	0.002999999999985903	epochs	1.0
360.5990000038147	0.09998000000001639	epochs	1.0
361.9930000305176	0.15298000000001366	epochs	0.0
361.9930000305176	0.05000000000001137	epochs	1.0
362.0430000305176	0.002999999999985903	epochs	1.0
362.0460000305176	0.09998000000001639	epochs	1.0
363.4590001106262	0.15298000000001366	epochs	0.0
363.4590001106262	0.05000000000001137	epochs	1.0
363.50900011062623	0.002999999999985903	epochs	1.0
363.5120001106262	0.09998000000001639	epochs	1.0
364.9260001182556	0.15298000000001366	epochs	0.0
364.9260001182556	0.05000000000001137	epochs	1.0
364.9760001182556	0.002999999999985903	epochs	1.0
364.9790001182556	0.09998000000001639	epochs	1.0
366.4260001182556	0.15298000000001366	epochs	0.0
366.4260001182556	0.05000000000001137	epochs	1.0
366.4760001182556	0.002999999999985903	epochs	1.0
366.4790001182556	0.09998000000001639	epochs	1.0
367.893000125885	0.15298000000001366	epochs	0.0
367.893000125885	0.05000000000001137	epochs	1.0
367.943000125885	0.002999999999985903	epochs	1.0
367.946000125885	0.09998000000001639	epochs	1.0
369.393000125885	0.15298000000001366	epochs	0.0
369.393000125885	0.05000000000001137	epochs	1.0
369.443000125885	0.002999999999985903	epochs	1.0
369.446000125885	0.09998000000001639	epochs	1.0
370.9260001182556	0.15298000000001366	epochs	0.0
370.9260001182556	0.05000000000001137	epochs	1.0
370.9760001182556	0.002999999999985903	epochs	1.0
370.9790001182556	0.09998000000001639	epochs	1.0
372.4670000076294	0.15298000000001366	epochs	0.0
372.4670000076294	0.05000000000001137	epochs	1.0
372.5170000076294	0.002999999999985903	epochs	1.0
372.5200000076294	0.09998000000001639	epochs	1.0
374.03399991989136	0.15298000000001366	epochs	0.0
374.03399991989136	0.05000000000001137	epochs	1.0
374.08399991989137	0.002999999999985903	epochs	1.0
374.08699991989135	0.09998000000001639	epochs	1.0
375.5840001106262	0.15298000000001366	epochs	0.0
375.5840001106262	0.05000000000001137	epochs	1.0
375.63400011062623	0.002999999999985903	epochs	1.0
375.6370001106262	0.09998000000001639	epochs	1.0
377.1170001029968	0.15298000000001366	epochs	0.0
377.1170001029968	0.05000000000001137	epochs	1.0
377.16700010299684	0.002999999999985903	epochs	1.0
377.1700001029968	0.09998000000001639	epochs	1.0
378.69999980926514	0.15298000000001366	epochs	0.0
378.69999980926514	0.05000000000001137	epochs	1.0
378.74999980926515	0.002999999999985903	epochs	1.0
378.75299980926513	0.09998000000001639	epochs	1.0
380.31699991226196	0.15298000000001366	epochs	0.0
380.31699991226196	0.05000000000001137	epochs	1.0
380.366999912262	0.002999999999985903	epochs	1.0
380.36999991226196	0.09998000000001639	epochs	1.0
381.9340000152588	0.15298000000001366	epochs	0.0
381.9340000152588	0.05000000000001137	epochs	1.0
381.9840000152588	0.002999999999985903	epochs	1.0
381.9870000152588	0.09998000000001639	epochs	1.0
383.54199981689453	0.15298000000001366	epochs	0.0
383.54199981689453	0.05000000000001137	epochs	1.0
383.59199981689454	0.002999999999985903	epochs	1.0
383.59499981689453	0.09998000000001639	epochs	1.0
385.19199991226196	0.15298000000001366	epochs	0.0
385.19199991226196	0.05000000000001137	epochs	1.0
385.241999912262	0.002999999999985903	epochs	1.0
385.24499991226196	0.09998000000001639	epochs	1.0
386.89200019836426	0.15298000000001366	epochs	0.0
386.89200019836426	0.05000000000001137	epochs	1.0
386.94200019836427	0.002999999999985903	epochs	1.0
386.94500019836426	0.09998000000001639	epochs	1.0
388.57499980926514	0.15298000000001366	epochs	0.0
388.57499980926514	0.05000000000001137	epochs	1.0
388.62499980926515	0.002999999999985903	epochs	1.0
388.62799980926513	0.09998000000001639	epochs	1.0
390.29199981689453	0.15298000000001366	epochs	0.0
390.29199981689453	0.05000000000001137	epochs	1.0
390.34199981689454	0.002999999999985903	epochs	1.0
390.34499981689453	0.09998000000001639	epochs	1.0
392.02500009536743	0.15298000000001366	epochs	0.0
392.02500009536743	0.05000000000001137	epochs	1.0
392.07500009536744	0.002999999999985903	epochs	1.0
392.07800009536743	0.09998000000001639	epochs	1.0
393.77699995040894	0.15298000000001366	epochs	0.0
393.77699995040894	0.05000000000001137	epochs	1.0
393.82699995040895	0.002999999999985903	epochs	1.0
393.82999995040893	0.09998000000001639	epochs	1.0
395.52699995040894	0.15298000000001366	epochs	0.0
395.52699995040894	0.05000000000001137	epochs	1.0
395.57699995040895	0.002999999999985903	epochs	1.0
395.57999995040893	0.09998000000001639	epochs	1.0
397.39400005340576	0.2008000000000152	epochs	0.0
397.39400005340576	0.09539999999998372	epochs	1.0
397.48940005340575	0.010019999999997253	epochs	1.0
397.49942005340574	0.09538000000003422	epochs	1.0
397.5948000534058	1.5593599999999697	epochs	0.0
397.5948000534058	0.5	epochs	1.0
397.59480325340576	0.5	epochs	-1.0
398.0948000534058	0.002999999999985903	epochs	1.0
398.09780005340576	1.0563599999999838	epochs	1.0
398.59780325340574	0.5	epochs	-1.0
399.15416005340575	0.04362000000003263	epochs	0.0
400.72700023651123	0.2008000000000152	epochs	0.0
400.72700023651123	0.09539999999998372	epochs	1.0
400.8224002365112	0.010019999999997253	epochs	1.0
400.8324202365112	0.09538000000003422	epochs	1.0
400.92780023651125	1.559599999999989	epochs	0.0
400.92780023651125	0.5	epochs	1.0
400.9278034365112	0.5	epochs	-1.0
401.42780023651125	0.002999999999985903	epochs	1.0
401.43080023651123	1.056600000000003	epochs	1.0
401.9308034365112	0.5	epochs	-1.0
402.48740023651123	0.0433800000000133	epochs	0.0
404.1100001335144	0.6499800000000278	epochs	0.0
404.1100001335144	0.05000000000001137	epochs	1.0
404.1600001335144	0.5	epochs	1.0
404.6600001335144	0.09998000000001639	epochs	1.0
406.3270001411438	0.6499800000000278	epochs	0.0
406.3270001411438	0.05000000000001137	epochs	1.0
406.3770001411438	0.5	epochs	1.0
406.8770001411438	0.09998000000001639	epochs	1.0
408.6100001335144	0.6499800000000278	epochs	0.0
408.6100001335144	0.05000000000001137	epochs	1.0
408.6600001335144	0.5	epochs	1.0
409.1600001335144	0.09998000000001639	epochs	1.0
410.89400005340576	0.6499800000000278	epochs	0.0
410.89400005340576	0.05000000000001137	epochs	1.0
410.9440000534058	0.5	epochs	1.0
411.4440000534058	0.09998000000001639	epochs	1.0
413.13700008392334	0.6499800000000278	epochs	0.0
413.13700008392334	0.05000000000001137	epochs	1.0
413.18700008392335	0.5	epochs	1.0
413.68700008392335	0.09998000000001639	epochs	1.0
415.4539999961853	0.6499800000000278	epochs	0.0
415.4539999961853	0.05000000000001137	epochs	1.0
415.5039999961853	0.5	epochs	1.0
416.0039999961853	0.09998000000001639	epochs	1.0
417.75400018692017	0.6499800000000278	epochs	0.0
417.75400018692017	0.05000000000001137	epochs	1.0
417.8040001869202	0.5	epochs	1.0
418.3040001869202	0.09998000000001639	epochs	1.0
420.10400009155273	0.6499800000000278	epochs	0.0
420.10400009155273	0.05000000000001137	epochs	1.0
420.15400009155275	0.5	epochs	1.0
420.65400009155275	0.09998000000001639	epochs	1.0
422.4539999961853	0.6499800000000278	epochs	0.0
422.4539999961853	0.05000000000001137	epochs	1.0
422.5039999961853	0.5	epochs	1.0
423.0039999961853	0.09998000000001639	epochs	1.0
424.85400009155273	0.2008000000000152	epochs	0.0
424.85400009155273	0.09539999999998372	epochs	1.0
424.9494000915527	0.010019999999997253	epochs	1.0
424.9594200915527	0.09538000000003422	epochs	1.0
425.05480009155275	2.519139999999993	epochs	0.0
425.05480009155275	0.5	epochs	1.0
425.05480329155273	0.5	epochs	-1.0
425.55480009155275	1.0	epochs	1.0
426.55480009155275	1.019139999999993	epochs	1.0
427.05480329155273	0.5	epochs	-1.0
427.57394009155274	2.9808400000000006	epochs	0.0
429.97100019454956	0.2008000000000152	epochs	0.0
429.97100019454956	0.09539999999998372	epochs	1.0
430.06640019454954	0.010019999999997253	epochs	1.0
430.07642019454954	0.09538000000003422	epochs	1.0
430.1718001945496	2.5192799999999806	epochs	0.0
430.1718001945496	0.5	epochs	1.0
430.17180339454956	0.5	epochs	-1.0
430.6718001945496	1.0	epochs	1.0
431.6718001945496	1.0192799999999806	epochs	1.0
432.17180339454956	0.5	epochs	-1.0
432.69108019454956	2.980700000000013	epochs	0.0
435.1630001068115	0.2008000000000152	epochs	0.0
435.1630001068115	0.09539999999998372	epochs	1.0
435.2584001068115	0.010019999999997253	epochs	1.0
435.2684201068115	0.09538000000003422	epochs	1.0
435.36380010681154	2.5187799999999925	epochs	0.0
435.36380010681154	0.5	epochs	1.0
435.3638033068115	0.5	epochs	-1.0
435.86380010681154	1.0	epochs	1.0
436.86380010681154	1.0187799999999925	epochs	1.0
437.3638033068115	0.5	epochs	-1.0
437.88258010681153	3.981200000000001	epochs	0.0
439.72900009155273	0.2008000000000152	epochs	0.0
439.72900009155273	0.09539999999998372	epochs	1.0
439.8244000915527	0.010019999999997253	epochs	1.0
439.8344200915527	0.09538000000003422	epochs	1.0
439.92980009155275	2.5192599999999743	epochs	0.0
439.92980009155275	0.5	epochs	1.0
439.92980329155273	0.5	epochs	-1.0
440.42980009155275	1.0	epochs	1.0
441.42980009155275	1.0192599999999743	epochs	1.0
441.92980329155273	0.5	epochs	-1.0
442.4490600915527	3.9807200000000194	epochs	0.0
444.30800008773804	0.2008000000000152	epochs	0.0
444.30800008773804	0.09539999999998372	epochs	1.0
444.403400087738	0.010019999999997253	epochs	1.0
444.413420087738	0.09538000000003422	epochs	1.0
444.50880008773805	2.5188999999999737	epochs	0.0
444.50880008773805	0.5	epochs	1.0
444.50880328773803	0.5	epochs	-1.0
445.00880008773805	1.0	epochs	1.0
446.00880008773805	1.0188999999999737	epochs	1.0
446.50880328773803	0.5	epochs	-1.0
447.027700087738	3.98108000000002	epochs	0.0
448.9079999923706	0.2008000000000152	epochs	0.0
448.9079999923706	0.09539999999998372	epochs	1.0
449.0033999923706	0.010019999999997253	epochs	1.0
449.0134199923706	0.09538000000003422	epochs	1.0
449.1087999923706	2.519779999999969	epochs	0.0
449.1087999923706	0.5	epochs	1.0
449.1088031923706	0.5	epochs	-1.0
449.6087999923706	1.0	epochs	1.0
450.6087999923706	1.0197799999999688	epochs	1.0
451.1088031923706	0.5	epochs	-1.0
451.6285799923706	3.980200000000025	epochs	0.0
454.07100009918213	0.2008000000000152	epochs	0.0
454.07100009918213	0.09539999999998372	epochs	1.0
454.1664000991821	0.010019999999997253	epochs	1.0
454.1764200991821	0.09538000000003422	epochs	1.0
454.27180009918214	6.039719999999988	epochs	0.0
454.27180009918214	0.5	epochs	1.0
454.2718032991821	0.5	epochs	-1.0
454.77180009918214	1.0	epochs	1.0
455.77180009918214	4.539719999999988	epochs	1.0
456.2718032991821	0.5	epochs	-1.0
456.7718032991821	0.5	epochs	-1.0
457.2718032991821	0.5	epochs	-1.0
457.7718032991821	0.5	epochs	-1.0
458.2718032991821	0.5	epochs	-1.0
458.7718032991821	0.5	epochs	-1.0
459.2718032991821	0.5	epochs	-1.0
459.7718032991821	0.5	epochs	-1.0
460.31152009918213	4.460260000000005	epochs	0.0
469.2090001106262	0.2008000000000152	epochs	0.0
469.2090001106262	0.09539999999998372	epochs	1.0
469.3044001106262	0.010019999999997253	epochs	1.0
469.3144201106262	0.09538000000003422	epochs	1.0
469.40980011062624	2.519139999999993	epochs	0.0
469.40980011062624	0.5	epochs	1.0
469.4098033106262	0.5	epochs	-1.0
469.90980011062624	1.0	epochs	1.0
470.90980011062624	1.019139999999993	epochs	1.0
471.4098033106262	0.5	epochs	-1.0
471.92894011062623	7.980840000000001	epochs	0.0
484.3910002708435	0.2008000000000152	epochs	0.0
484.3910002708435	0.09539999999998372	epochs	1.0
484.4864002708435	0.010019999999997253	epochs	1.0
484.4964202708435	0.09538000000003422	epochs	1.0
484.5918002708435	2.518859999999961	epochs	0.0
484.5918002708435	0.5	epochs	1.0
484.5918034708435	0.5	epochs	-1.0
485.0918002708435	1.0	epochs	1.0
486.0918002708435	1.018859999999961	epochs	1.0
486.5918034708435	0.5	epochs	-1.0
487.1106602708435	7.981120000000033	epochs	0.0
499.5030002593994	0.2008000000000152	epochs	0.0
499.5030002593994	0.09539999999998372	epochs	1.0
499.5984002593994	0.010019999999997253	epochs	1.0
499.6084202593994	0.09538000000003422	epochs	1.0
499.70380025939943	2.5592399999999884	epochs	0.0
499.70380025939943	0.5	epochs	1.0
499.7038034593994	0.5	epochs	-1.0
500.20380025939943	1.0	epochs	1.0
501.20380025939943	1.0592399999999884	epochs	1.0
501.7038034593994	0.5	epochs	-1.0
502.2630402593994	7.940740000000005	epochs	0.0
514.7220001220703	0.20079999999995835	epochs	0.0
514.7220001220703	0.09540000000004056	epochs	1.0
514.8174001220704	0.01001999999994041	epochs	1.0
514.8274201220703	0.09537999999997737	epochs	1.0
514.9228001220703	2.5196600000000444	epochs	0.0
514.9228001220703	0.5	epochs	1.0
514.9228033220703	0.5	epochs	-1.0
515.4228001220703	1.0	epochs	1.0
516.4228001220703	1.0196600000000444	epochs	1.0
516.9228033220703	0.5	epochs	-1.0
517.4424601220703	7.980320000000006	epochs	0.0
529.7620000839233	0.20079999999995835	epochs	0.0
529.7620000839233	0.09540000000004056	epochs	1.0
529.8574000839234	0.01001999999994041	epochs	1.0
529.8674200839233	0.09537999999997737	epochs	1.0
529.9628000839233	2.5190200000000686	epochs	0.0
529.9628000839233	0.5	epochs	1.0
529.9628032839233	0.5	epochs	-1.0
530.4628000839233	1.0	epochs	1.0
531.4628000839233	1.0190200000000686	epochs	1.0
531.9628032839233	0.5	epochs	-1.0
532.4818200839234	7.980959999999982	epochs	0.0
544.9650001525879	0.20079999999995835	epochs	0.0
544.9650001525879	0.09540000000004056	epochs	1.0
545.0604001525879	0.01001999999994041	epochs	1.0
545.0704201525879	0.09537999999997737	epochs	1.0
545.1658001525878	9.158880000000067	epochs	0.0
545.1658001525878	0.5	epochs	1.0
545.1658033525879	0.5	epochs	-1.0
545.6658001525878	8.658880000000067	epochs	1.0
553.3247201525879	0.9999599999999873	epochs	-1.0
553.3247201525879	0.04005999999992582	epochs	-1.0
553.8222233525879	0.5	epochs	-1.0
554.3246801525879	10.341099999999983	epochs	0.0
557.0060000419617	0.20079999999995835	epochs	0.0
557.0060000419617	0.09540000000004056	epochs	1.0
557.1014000419617	0.01001999999994041	epochs	1.0
557.1114200419617	0.09537999999997737	epochs	1.0
557.2068000419616	9.02028000000007	epochs	0.0
557.2068000419616	0.5	epochs	1.0
557.2068032419617	0.5	epochs	-1.0
557.7068000419616	8.52028000000007	epochs	1.0
565.2264800419616	1.0006000000000768	epochs	-1.0
565.2264800419616	0.03954000000010183	epochs	-1.0
565.7239832419617	0.5	epochs	-1.0
566.2270800419617	10.47969999999998	epochs	0.0
568.701000213623	0.20079999999995835	epochs	0.0
568.701000213623	0.09540000000004056	epochs	1.0
568.7964002136231	0.01001999999994041	epochs	1.0
568.806420213623	0.09537999999997737	epochs	1.0
568.901800213623	8.818920000000048	epochs	0.0
568.901800213623	0.5	epochs	1.0
568.901803413623	0.5	epochs	-1.0
569.401800213623	8.318920000000048	epochs	1.0
576.7207602136231	0.9999599999999873	epochs	-1.0
576.7207602136231	0.039679999999975735	epochs	-1.0
577.218263413623	0.5	epochs	-1.0
577.720720213623	10.681060000000002	epochs	0.0
580.2870001792908	0.20079999999995835	epochs	0.0
580.2870001792908	0.09540000000004056	epochs	1.0
580.3824001792908	0.01001999999994041	epochs	1.0
580.3924201792908	0.09537999999997737	epochs	1.0
580.4878001792907	10.879620000000045	epochs	0.0
580.4878001792907	0.5	epochs	1.0
580.4878033792908	0.5	epochs	-1.0
580.9878001792907	10.379620000000045	epochs	1.0
590.3674401792907	0.9999800000000505	epochs	-1.0
590.3674401792907	0.04032000000006519	epochs	-1.0
590.8641033792908	0.5	epochs	-1.0
591.3674201792908	8.620360000000005	epochs	0.0
593.9629998207092	0.20079999999995835	epochs	0.0
593.9629998207092	0.09540000000004056	epochs	1.0
594.0583998207093	0.01001999999994041	epochs	1.0
594.0684198207092	0.09537999999997737	epochs	1.0
594.1637998207092	14.559560000000033	epochs	0.0
594.1637998207092	0.5	epochs	1.0
594.1638030207092	0.5	epochs	-1.0
594.6637998207092	14.059560000000033	epochs	1.0
607.7227798207092	1.0005800000000136	epochs	-1.0
607.7227798207092	0.03989999999998872	epochs	-1.0
608.2177830207092	0.5	epochs	-1.0
608.7233598207092	4.940420000000017	epochs	0.0
611.4609999656677	0.20079999999995835	epochs	0.0
611.4609999656677	0.09540000000004056	epochs	1.0
611.5563999656678	0.01001999999994041	epochs	1.0
611.5664199656677	0.09537999999997737	epochs	1.0
611.6617999656677	17.49914000000001	epochs	0.0
611.6617999656677	0.5	epochs	1.0
611.6618031656677	0.5	epochs	-1.0
612.1617999656677	16.0	epochs	1.0
628.1617999656677	0.9991400000000112	epochs	1.0
628.6518031656677	0.5	epochs	-1.0
629.1609399656677	2.0008400000000393	epochs	0.0
646.4429998397827	0.20079999999995835	epochs	0.0
646.4429998397827	0.09536000000002787	epochs	1.0
646.5383598397827	0.010080000000016298	epochs	1.0
646.5484398397828	0.09535999999991418	epochs	1.0
646.6437998397827	2.0	epochs	0.0
648.6437998397827	21.99992000000009	epochs	0.0
648.6437998397827	1.0	epochs	1.0
648.6438030397827	0.5	epochs	-1.0
649.1438030397827	19.999680000000012	epochs	-1.0
649.6437998397827	20.0	epochs	1.0
649.6437998397827	8.000000002539309e-05	epochs	2.0
649.6438798397827	4.356719999999996	epochs	-1.0
649.6438798397827	1.9745599999999968	epochs	2.0
649.6438798397827	1.0985600000000204	epochs	3.0
650.7424398397827	0.8759999999999764	epochs	3.0
651.6184398397827	1.3523999999999887	epochs	2.0
651.6184398397827	0.7286400000000413	epochs	3.0
652.3470798397827	0.6237599999999475	epochs	3.0
652.9708398397827	1.0297600000000102	epochs	2.0
652.9708398397827	0.5453600000000733	epochs	3.0
653.5161998397828	0.4843999999999369	epochs	3.0
654.0005998397827	0.8317600000000311	epochs	2.0
654.0005998397827	0.435760000000073	epochs	3.0
654.4363598397828	0.39599999999995816	epochs	3.0
654.8323598397827	0.697840000000042	epochs	2.0
654.8323598397827	0.3628800000000183	epochs	3.0
655.1952398397827	0.3349600000000237	epochs	3.0
655.5301998397828	0.6010399999998981	epochs	2.0
655.5301998397828	0.3108799999999974	epochs	3.0
655.8410798397828	0.2901599999999007	epochs	3.0
656.1312398397827	0.5278400000000829	epochs	2.0
656.1312398397827	0.2719200000000228	epochs	3.0
656.4031598397827	0.2559200000000601	epochs	3.0
656.6590798397827	0.47064000000000306	epochs	2.0
656.6590798397827	0.24167999999997392	epochs	3.0
656.9007598397827	0.22896000000002914	epochs	3.0
657.1297198397828	0.42455999999992855	epochs	2.0
657.1297198397828	0.2174400000000105	epochs	3.0
657.3471598397828	0.20711999999991804	epochs	3.0
657.5542798397827	0.3867200000000821	epochs	2.0
657.5542798397827	0.1976799999999912	epochs	3.0
657.7519598397827	0.1890400000000909	epochs	3.0
657.9409998397828	0.3551199999999426	epochs	2.0
657.9409998397828	0.1811999999999898	epochs	3.0
658.1221998397828	0.17391999999995278	epochs	3.0
658.2961198397827	0.3282400000000507	epochs	2.0
658.2961198397827	0.1671999999999798	epochs	3.0
658.4633198397827	0.1610400000000709	epochs	3.0
658.6243598397828	0.30520000000001346	epochs	2.0
658.6243598397828	0.1552799999999479	epochs	3.0
658.7796398397827	0.14992000000006556	epochs	3.0
658.9295598397828	0.28511999999989257	epochs	2.0
658.9295598397828	0.14487999999994372	epochs	3.0
659.0744398397827	0.14023999999994885	epochs	3.0
659.2146798397827	0.2675200000001041	epochs	2.0
659.2146798397827	0.13584000000003016	epochs	3.0
659.3505198397827	0.13168000000007396	epochs	3.0
659.4821998397828	0.2520799999999781	epochs	2.0
659.4821998397828	0.12783999999999196	epochs	3.0
659.6100398397828	0.12423999999998614	epochs	3.0
659.7342798397827	0.2381599999999935	epochs	2.0
659.7342798397827	0.12072000000000571	epochs	3.0
659.8549998397827	0.11743999999998778	epochs	3.0
659.9724398397827	0.2258399999999483	epochs	2.0
659.9724398397827	0.11439999999993233	epochs	3.0
660.0868398397827	0.11144000000001597	epochs	3.0
660.1982798397827	0.21464000000003125	epochs	2.0
660.1982798397827	0.10864000000003671	epochs	3.0
660.3069198397827	0.10599999999999454	epochs	3.0
660.4129198397827	0.20447999999998956	epochs	2.0
660.4129198397827	0.10343999999997777	epochs	3.0
660.5163598397827	0.10104000000001179	epochs	3.0
660.6173998397827	0.1953600000000506	epochs	2.0
660.6173998397827	0.0987999999999829	epochs	3.0
660.7161998397827	0.0965600000000677	epochs	3.0
660.8127598397828	0.18695999999999913	epochs	2.0
660.8127598397828	0.09447999999997592	epochs	3.0
660.9072398397827	0.09248000000002321	epochs	3.0
660.9997198397828	0.17919999999992342	epochs	2.0
660.9997198397828	0.09047999999995682	epochs	3.0
661.0901998397827	0.0887199999999666	epochs	3.0
661.1789198397827	0.17208000000005086	epochs	2.0
661.1789198397827	0.08688000000006468	epochs	3.0
661.2657998397827	0.08519999999998618	epochs	3.0
661.3509998397827	0.165520000000015	epochs	2.0
661.3509998397827	0.08359999999993306	epochs	3.0
661.4345998397827	0.08192000000008193	epochs	3.0
661.5165198397827	0.1595199999999295	epochs	2.0
661.5165198397827	0.08047999999996591	epochs	3.0
661.5969998397827	0.07903999999996358	epochs	3.0
661.6760398397827	0.15376000000003387	epochs	2.0
661.6760398397827	0.07760000000007494	epochs	3.0
661.7536398397827	0.07615999999995893	epochs	3.0
661.8297998397827	0.14855999999997493	epochs	2.0
661.8297998397827	0.07496000000003278	epochs	3.0
661.9047598397827	0.07359999999994216	epochs	3.0
661.9783598397827	0.14368000000001757	epochs	2.0
661.9783598397827	0.0724800000000414	epochs	3.0
662.0508398397827	0.07119999999997617	epochs	3.0
662.1220398397827	0.1390400000000227	epochs	2.0
662.1220398397827	0.07007999999996173	epochs	3.0
662.1921198397827	0.06896000000006097	epochs	3.0
662.2610798397827	0.13472000000001572	epochs	2.0
662.2610798397827	0.06791999999995824	epochs	3.0
662.3289998397827	0.06680000000005748	epochs	3.0
662.3957998397827	0.13071999999999662	epochs	2.0
662.3957998397827	0.06583999999998014	epochs	3.0
662.4616398397827	0.06488000000001648	epochs	3.0
662.5265198397827	0.1268000000000029	epochs	2.0
662.5265198397827	0.06384000000002743	epochs	3.0
662.5903598397828	0.06295999999997548	epochs	3.0
662.6533198397827	0.12328000000002248	epochs	2.0
662.6533198397827	0.06207999999992353	epochs	3.0
662.7153998397827	0.06120000000009895	epochs	3.0
662.7765998397828	0.11983999999995376	epochs	2.0
662.7765998397828	0.060319999999933316	epochs	3.0
662.8369198397827	0.059520000000020445	epochs	3.0
662.8964398397827	0.11663999999996122	epochs	2.0
662.8964398397827	0.05871999999999389	epochs	3.0
662.9551598397827	0.05791999999996733	epochs	3.0
663.0130798397827	0.11360000000001946	epochs	2.0
663.0130798397827	0.057200000000079854	epochs	3.0
663.0702798397828	0.05639999999993961	epochs	3.0
663.1266798397827	0.1107200000000148	epochs	2.0
663.1266798397827	0.05568000000005213	epochs	3.0
663.1823598397827	0.055039999999962674	epochs	3.0
663.2373998397827	0.10792000000003554	epochs	2.0
663.2373998397827	0.054240000000049804	epochs	3.0
663.2916398397828	0.05367999999998574	epochs	3.0
663.3453198397827	0.10527999999999338	epochs	2.0
663.3453198397827	0.052959999999984575	epochs	3.0
663.3982798397827	0.052320000000008804	epochs	3.0
663.4505998397827	0.1028800000000274	epochs	2.0
663.4505998397827	0.05175999999994474	epochs	3.0
663.5023598397827	0.051120000000082655	epochs	3.0
663.5534798397828	0.10039999999992233	epochs	2.0
663.5534798397828	0.0504799999999932	epochs	3.0
663.6039598397828	0.04991999999992913	epochs	3.0
663.6538798397827	0.09824000000003252	epochs	2.0
663.6538798397827	0.049359999999978754	epochs	3.0
663.7032398397827	0.04888000000005377	epochs	3.0
663.7521198397827	0.09600000000000364	epochs	2.0
663.7521198397827	0.04823999999996431	epochs	3.0
663.8003598397827	0.04776000000003933	epochs	3.0
663.8481198397827	0.09392000000002554	epochs	2.0
663.8481198397827	0.04719999999997526	epochs	3.0
663.8953198397827	0.04672000000005028	epochs	3.0
663.9420398397828	0.09191999999995915	epochs	2.0
663.9420398397828	0.04615999999998621	epochs	3.0
663.9881998397827	0.04575999999997293	epochs	3.0
664.0339598397827	0.09008000000005723	epochs	2.0
664.0339598397827	0.04528000000004795	epochs	3.0
664.0792398397828	0.04480000000000928	epochs	3.0
664.1240398397828	0.08815999999990254	epochs	2.0
664.1240398397828	0.044319999999970605	epochs	3.0
664.1683598397827	0.04383999999993193	epochs	3.0
664.2121998397827	0.0864800000000514	epochs	2.0
664.2121998397827	0.04344000000003234	epochs	3.0
664.2556398397827	0.04304000000001906	epochs	3.0
664.2986798397827	0.0847199999999475	epochs	2.0
664.2986798397827	0.04255999999998039	epochs	3.0
664.3412398397827	0.04215999999996711	epochs	3.0
664.3833998397827	0.08320000000003347	epochs	2.0
664.3833998397827	0.04176000000006752	epochs	3.0
664.4251598397827	0.04143999999996595	epochs	3.0
664.4665998397827	0.08151999999995496	epochs	2.0
664.4665998397827	0.040960000000040964	epochs	3.0
664.5075598397827	0.040559999999914	epochs	3.0
664.5481198397827	0.08008000000006632	epochs	2.0
664.5481198397827	0.0402400000000398	epochs	3.0
664.5883598397827	0.03984000000002652	epochs	3.0
664.6281998397827	0.0786399999999503	epochs	2.0
664.6281998397827	0.039520000000038635	epochs	3.0
664.6677198397828	0.03911999999991167	epochs	3.0
664.7068398397827	0.07720000000006166	epochs	2.0
664.7068398397827	0.03880000000003747	epochs	3.0
664.7456398397827	0.03840000000002419	epochs	3.0
664.7840398397827	0.07591999999999643	epochs	2.0
664.7840398397827	0.03815999999994801	epochs	3.0
664.8221998397827	0.03776000000004842	epochs	3.0
664.8599598397827	0.0745600000000195	epochs	2.0
664.8599598397827	0.03743999999994685	epochs	3.0
664.8973998397827	0.03712000000007265	epochs	3.0
664.9345198397828	0.07335999999997966	epochs	2.0
664.9345198397828	0.03679999999997108	epochs	3.0
664.9713198397827	0.036560000000008586	epochs	3.0
665.0078798397827	0.07208000000002812	epochs	2.0
665.0078798397827	0.03615999999999531	epochs	3.0
665.0440398397827	0.035920000000032815	epochs	3.0
665.0799598397828	0.07087999999998829	epochs	2.0
665.0799598397828	0.03559999999993124	epochs	3.0
665.1155598397827	0.035280000000057044	epochs	3.0
665.1508398397827	0.06983999999999924	epochs	2.0
665.1508398397827	0.035039999999980864	epochs	3.0
665.1858798397827	0.03480000000001837	epochs	3.0
665.2206798397827	0.0686399999999594	epochs	2.0
665.2206798397827	0.0344799999999168	epochs	3.0
665.2551598397827	0.0341600000000426	epochs	3.0
665.2893198397827	0.06759999999997035	epochs	2.0
665.2893198397827	0.03391999999996642	epochs	3.0
665.3232398397827	0.03368000000000393	epochs	3.0
665.3569198397827	0.0665599999999813	epochs	2.0
665.3569198397827	0.03344000000004144	epochs	3.0
665.3903598397827	0.033119999999939864	epochs	3.0
665.4234798397827	0.06560000000001764	epochs	2.0
665.4234798397827	0.032960000000002765	epochs	3.0
665.4564398397827	0.03264000000001488	epochs	3.0
665.4890798397827	0.0645600000000286	epochs	2.0
665.4890798397827	0.03240000000005239	epochs	3.0
665.5214798397827	0.03215999999997621	epochs	3.0
665.5536398397827	0.06367999999997664	epochs	2.0
665.5536398397827	0.03200000000003911	epochs	3.0
665.5856398397827	0.031679999999937536	epochs	3.0
665.6173198397827	0.06272000000001299	epochs	2.0
665.6173198397827	0.03144000000008873	epochs	3.0
665.6487598397828	0.03127999999992426	epochs	3.0
665.6800398397827	0.061840000000074724	epochs	2.0
665.6800398397827	0.03104000000007545	epochs	3.0
665.7110798397828	0.030799999999999272	epochs	3.0
665.7418798397828	0.06095999999990909	epochs	2.0
665.7418798397828	0.030559999999923093	epochs	3.0
665.7724398397827	0.030399999999985994	epochs	3.0
665.8028398397827	0.060159999999996217	epochs	2.0
665.8028398397827	0.0301600000000235	epochs	3.0
665.8329998397827	0.029999999999972715	epochs	3.0
665.8629998397827	0.05928000000005795	epochs	2.0
665.8629998397827	0.02967999999998483	epochs	3.0
665.8926798397827	0.029600000000073123	epochs	3.0
665.9222798397827	0.058480000000031396	epochs	2.0
665.9222798397827	0.029359999999996944	epochs	3.0
665.9516398397827	0.02912000000003445	epochs	3.0
665.9807598397828	0.057759999999916545	epochs	2.0
665.9807598397828	0.028959999999983665	epochs	3.0
666.0097198397827	0.02879999999993288	epochs	3.0
666.0385198397827	0.056960000000003674	epochs	2.0
666.0385198397827	0.028560000000084074	epochs	3.0
666.0670798397828	0.0283999999999196	epochs	3.0
666.0954798397827	0.05624000000000251	epochs	2.0
666.0954798397827	0.028160000000070795	epochs	3.0
666.1236398397828	0.028079999999931715	epochs	3.0
666.1517198397827	0.05543999999997595	epochs	2.0
666.1517198397827	0.02784000000008291	epochs	3.0
666.1795598397828	0.027599999999893043	epochs	3.0
666.2071598397827	0.054880000000025575	epochs	2.0
666.2071598397827	0.027520000000095024	epochs	3.0
666.2346798397828	0.02735999999993055	epochs	3.0
666.2620398397827	0.05407999999999902	epochs	2.0
666.2620398397827	0.027120000000081745	epochs	3.0
666.2891598397828	0.026959999999917272	epochs	3.0
666.3161198397827	0.05344000000002325	epochs	2.0
666.3161198397827	0.026799999999980173	epochs	3.0
666.3429198397827	0.026640000000043074	epochs	3.0
666.3695598397827	0.05287999999995918	epochs	2.0
666.3695598397827	0.026479999999992287	epochs	3.0
666.3960398397827	0.026399999999966894	epochs	3.0
666.4224398397827	0.052160000000071705	epochs	2.0
666.4224398397827	0.026160000000004402	epochs	3.0
666.4485998397827	0.026000000000067303	epochs	3.0
666.4745998397827	0.05151999999998225	epochs	2.0
666.4745998397827	0.025840000000016516	epochs	3.0
666.5004398397828	0.02567999999996573	epochs	3.0
666.5261198397827	0.05096000000003187	epochs	2.0
666.5261198397827	0.025599999999940337	epochs	3.0
666.5517198397827	0.02536000000009153	epochs	3.0
666.5770798397828	0.050399999999967804	epochs	2.0
666.5770798397828	0.02527999999995245	epochs	3.0
666.6023598397827	0.025120000000015352	epochs	3.0
666.6274798397827	0.04975999999999203	epochs	2.0
666.6274798397827	0.024959999999964566	epochs	3.0
666.6524398397827	0.024800000000027467	epochs	3.0
666.6772398397827	0.049200000000041655	epochs	2.0
666.6772398397827	0.02463999999997668	epochs	3.0
666.7018798397827	0.024560000000064974	epochs	3.0
666.7264398397828	0.04872000000000298	epochs	2.0
666.7264398397828	0.0243999999999005	epochs	3.0
666.7508398397827	0.024320000000102482	epochs	3.0
666.7751598397828	0.048079999999913525	epochs	2.0
666.7751598397828	0.024079999999912616	epochs	3.0
666.7992398397827	0.02400000000000091	epochs	3.0
666.8232398397827	0.04759999999998854	epochs	2.0
666.8232398397827	0.02384000000006381	epochs	3.0
666.8470798397827	0.02375999999992473	epochs	3.0
666.8708398397827	0.047120000000063555	epochs	2.0
666.8708398397827	0.023600000000101318	epochs	3.0
666.8944398397828	0.023519999999962238	epochs	3.0
666.9179598397827	0.04655999999999949	epochs	2.0
666.9179598397827	0.02336000000002514	epochs	3.0
666.9413198397828	0.023199999999974352	epochs	3.0
666.9645198397827	0.04607999999996082	epochs	2.0
666.9645198397827	0.02311999999994896	epochs	3.0
666.9876398397827	0.02296000000001186	epochs	3.0
667.0105998397827	0.045600000000035834	epochs	2.0
667.0105998397827	0.022879999999986467	epochs	3.0
667.0334798397827	0.022720000000049367	epochs	3.0
667.0561998397827	0.04511999999999716	epochs	2.0
667.0561998397827	0.022640000000023974	epochs	3.0
667.0788398397827	0.022479999999973188	epochs	3.0
667.1013198397827	0.04463999999995849	epochs	2.0
667.1013198397827	0.022399999999947795	epochs	3.0
667.1237198397827	0.022240000000010696	epochs	3.0
667.1459598397827	0.0442400000000589	epochs	2.0
667.1459598397827	0.022159999999985303	epochs	3.0
667.1681198397827	0.022080000000073596	epochs	3.0
667.1901998397827	0.04376000000002023	epochs	2.0
667.1901998397827	0.02192000000002281	epochs	3.0
667.2121198397828	0.021839999999997417	epochs	3.0
667.2339598397828	0.04336000000000695	epochs	2.0
667.2339598397828	0.021759999999972024	epochs	3.0
667.2557198397827	0.021600000000034925	epochs	3.0
667.2773198397828	0.04287999999996828	epochs	2.0
667.2773198397828	0.02143999999998414	epochs	3.0
667.2987598397827	0.02143999999998414	epochs	3.0
667.3201998397827	0.042479999999955	epochs	2.0
667.3201998397827	0.021279999999933352	epochs	3.0
667.3414798397827	0.021200000000021646	epochs	3.0
667.3626798397827	0.042080000000055406	epochs	2.0
667.3626798397827	0.021040000000084547	epochs	3.0
667.3837198397828	0.02103999999997086	epochs	3.0
667.4047598397827	0.04167999999992844	epochs	2.0
667.4047598397827	0.020879999999920074	epochs	3.0
667.4256398397827	0.020800000000008367	epochs	3.0
667.4464398397827	0.041200000000003456	epochs	2.0
667.4464398397827	0.020640000000071268	epochs	3.0
667.4670798397827	0.020559999999932188	epochs	3.0
667.4876398397827	0.04088000000001557	epochs	2.0
667.4876398397827	0.020560000000045875	epochs	3.0
667.5081998397827	0.020319999999969696	epochs	3.0
667.5285198397827	0.040560000000027685	epochs	2.0
667.5285198397827	0.020319999999969696	epochs	3.0
667.5488398397827	0.02024000000005799	epochs	3.0
667.5690798397827	0.04007999999998901	epochs	2.0
667.5690798397827	0.020080000000007203	epochs	3.0
667.5891598397827	0.01999999999998181	epochs	3.0
667.6091598397827	0.03976000000000113	epochs	2.0
667.6091598397827	0.019919999999956417	epochs	3.0
667.6290798397827	0.01984000000004471	epochs	3.0
667.6489198397827	0.03944000000001324	epochs	2.0
667.6489198397827	0.019760000000019318	epochs	3.0
667.6686798397827	0.019679999999993925	epochs	3.0
667.6883598397827	0.039039999999999964	epochs	2.0
667.6883598397827	0.01951999999994314	epochs	3.0
667.7078798397827	0.019520000000056825	epochs	3.0
667.7273998397827	0.038639999999986685	epochs	2.0
667.7273998397827	0.01936000000000604	epochs	3.0
667.7467598397827	0.019279999999980646	epochs	3.0
667.7660398397827	0.03840000000002419	epochs	2.0
667.7660398397827	0.019279999999980646	epochs	3.0
667.7853198397827	0.019120000000043547	epochs	3.0
667.8044398397827	0.038000000000010914	epochs	2.0
667.8044398397827	0.019040000000018154	epochs	3.0
667.8234798397827	0.01895999999999276	epochs	3.0
667.8424398397827	0.03768000000002303	epochs	2.0
667.8424398397827	0.018879999999967367	epochs	3.0
667.8613198397827	0.01880000000005566	epochs	3.0
667.8801198397828	0.037359999999921456	epochs	2.0
667.8801198397828	0.01871999999991658	epochs	3.0
667.8988398397827	0.018640000000004875	epochs	3.0
667.9174798397827	0.03704000000004726	epochs	2.0
667.9174798397827	0.018559999999979482	epochs	3.0
667.9360398397827	0.018480000000067776	epochs	3.0
667.9545198397827	0.036719999999945685	epochs	2.0
667.9545198397827	0.018399999999928696	epochs	3.0
667.9729198397827	0.01832000000001699	epochs	3.0
667.9912398397827	0.03647999999998319	epochs	2.0
667.9912398397827	0.018239999999991596	epochs	3.0
668.0094798397827	0.018239999999991596	epochs	3.0
668.0277198397827	0.0360800000000836	epochs	2.0
668.0277198397827	0.018080000000054497	epochs	3.0
668.0457998397827	0.018000000000029104	epochs	3.0
668.0637998397827	0.03584000000000742	epochs	2.0
668.0637998397827	0.01792000000000371	epochs	3.0
668.0817198397827	0.01792000000000371	epochs	3.0
668.0996398397828	0.035520000000019536	epochs	2.0
668.0996398397828	0.017759999999952925	epochs	3.0
668.1173998397827	0.01776000000006661	epochs	3.0
668.1351598397828	0.035199999999917964	epochs	2.0
668.1351598397828	0.01767999999992753	epochs	3.0
668.1528398397827	0.017519999999990432	epochs	3.0
668.1703598397827	0.03496000000006916	epochs	2.0
668.1703598397827	0.017519999999990432	epochs	3.0
668.1878798397827	0.017440000000078726	epochs	3.0
668.2053198397828	0.03471999999999298	epochs	2.0
668.2053198397828	0.01743999999996504	epochs	3.0
668.2227598397827	0.01728000000002794	epochs	3.0
668.2400398397828	0.03440000000000509	epochs	2.0
668.2400398397828	0.017200000000002547	epochs	3.0
668.2572398397828	0.017200000000002547	epochs	3.0
668.2744398397828	0.034159999999928914	epochs	2.0
668.2744398397828	0.017119999999977153	epochs	3.0
668.2915598397827	0.01703999999995176	epochs	3.0
668.3085998397827	0.033840000000054715	epochs	2.0
668.3085998397827	0.016960000000040054	epochs	3.0
668.3255598397827	0.01688000000001466	epochs	3.0
668.3424398397827	0.033599999999978536	epochs	2.0
668.3424398397827	0.016799999999989268	epochs	3.0
668.3592398397827	0.016799999999989268	epochs	3.0
668.3760398397827	0.033360000000016043	epochs	2.0
668.3760398397827	0.016719999999963875	epochs	3.0
668.3927598397827	0.01664000000005217	epochs	3.0
668.4093998397827	0.033119999999939864	epochs	2.0
668.4093998397827	0.016560000000026776	epochs	3.0
668.4259598397828	0.01655999999991309	epochs	3.0
668.4425198397827	0.032800000000065666	epochs	2.0
668.4425198397827	0.016400000000089676	epochs	3.0
668.4589198397828	0.01639999999997599	epochs	3.0
668.4753198397827	0.032559999999989486	epochs	2.0
668.4753198397827	0.016319999999950596	epochs	3.0
668.4916398397827	0.01624000000003889	epochs	3.0
668.5078798397827	0.0323999999999387	epochs	2.0
668.5078798397827	0.01624000000003889	epochs	3.0
668.5241198397828	0.01615999999989981	epochs	3.0
668.5402798397827	0.0320800000000645	epochs	2.0
668.5402798397827	0.01608000000010179	epochs	3.0
668.5563598397828	0.01599999999996271	epochs	3.0
668.5723598397827	0.031920000000013715	epochs	2.0
668.5723598397827	0.01599999999996271	epochs	3.0
668.5883598397827	0.015920000000051004	epochs	3.0
668.6042798397827	0.03159999999991214	epochs	2.0
668.6042798397827	0.015839999999911925	epochs	3.0
668.6201198397827	0.01576000000000022	epochs	3.0
668.6358798397827	0.03144000000008873	epochs	2.0
668.6358798397827	0.01576000000000022	epochs	3.0
668.6516398397827	0.015680000000088512	epochs	3.0
668.6673198397827	0.03120000000001255	epochs	2.0
668.6673198397827	0.015599999999949432	epochs	3.0
668.6829198397827	0.015600000000063119	epochs	3.0
668.6985198397828	0.030959999999936372	epochs	2.0
668.6985198397828	0.015519999999924039	epochs	3.0
668.7140398397827	0.015440000000012333	epochs	3.0
668.7294798397827	0.03071999999997388	epochs	2.0
668.7294798397827	0.015440000000012333	epochs	3.0
668.7449198397827	0.015279999999961547	epochs	3.0
668.7601998397827	0.03056000000003678	epochs	2.0
668.7601998397827	0.015360000000100626	epochs	3.0
668.7755598397828	0.015199999999936153	epochs	3.0
668.7907598397827	0.0303199999999606	epochs	2.0
668.7907598397827	0.01520000000004984	epochs	3.0
668.8059598397828	0.01511999999991076	epochs	3.0
668.8210798397827	0.030079999999998108	epochs	2.0
668.8210798397827	0.015120000000024447	epochs	3.0
668.8361998397827	0.014959999999973661	epochs	3.0
668.8511598397827	0.02992000000006101	epochs	2.0
668.8511598397827	0.015039999999999054	epochs	3.0
668.8661998397827	0.014880000000061955	epochs	3.0
668.8810798397827	0.02967999999998483	epochs	2.0
668.8810798397827	0.014879999999948268	epochs	3.0
668.8959598397827	0.014800000000036562	epochs	3.0
668.9107598397827	0.02952000000004773	epochs	2.0
668.9107598397827	0.014800000000036562	epochs	3.0
668.9255598397827	0.014720000000011169	epochs	3.0
668.9402798397828	0.02927999999997155	epochs	2.0
668.9402798397828	0.014719999999897482	epochs	3.0
668.9549998397827	0.01456000000007407	epochs	3.0
668.9695598397827	0.02912000000003445	epochs	2.0
668.9695598397827	0.014639999999985776	epochs	3.0
668.9841998397827	0.014480000000048676	epochs	3.0
668.9986798397828	0.028959999999983665	epochs	2.0
668.9986798397828	0.01447999999993499	epochs	3.0
669.0131598397827	0.014480000000048676	epochs	3.0
669.0276398397828	0.02863999999999578	epochs	2.0
669.0276398397828	0.01431999999999789	epochs	3.0
669.0419598397827	0.01431999999999789	epochs	3.0
669.0562798397827	0.028559999999970387	epochs	2.0
669.0562798397827	0.01431999999999789	epochs	3.0
669.0705998397827	0.014239999999972497	epochs	3.0
669.0848398397827	0.028320000000007894	epochs	2.0
669.0848398397827	0.014159999999947104	epochs	3.0
669.0989998397827	0.01416000000006079	epochs	3.0
669.1131598397827	0.028159999999957108	epochs	2.0
669.1131598397827	0.014159999999947104	epochs	3.0
669.1273198397827	0.014000000000010004	epochs	3.0
669.1413198397827	0.02800000000002001	epochs	2.0
669.1413198397827	0.014000000000010004	epochs	3.0
669.1553198397827	0.014000000000010004	epochs	3.0
669.1693198397827	0.027760000000057516	epochs	2.0
669.1693198397827	0.013919999999984611	epochs	3.0
669.1832398397827	0.013840000000072905	epochs	3.0
669.1970798397828	0.027679999999918437	epochs	2.0
669.1970798397828	0.013839999999959218	epochs	3.0
669.2109198397827	0.013839999999959218	epochs	3.0
669.2247598397827	0.02744000000006963	epochs	2.0
669.2247598397827	0.013760000000047512	epochs	3.0
669.2385198397827	0.013680000000022119	epochs	3.0
669.2521998397827	0.027280000000018845	epochs	2.0
669.2521998397827	0.013680000000022119	epochs	3.0
669.2658798397828	0.013599999999996726	epochs	3.0
669.2794798397828	0.02711999999996806	epochs	2.0
669.2794798397828	0.013519999999971333	epochs	3.0
669.2929998397827	0.013599999999996726	epochs	3.0
669.3065998397827	0.026880000000005566	epochs	2.0
669.3065998397827	0.01343999999994594	epochs	3.0
669.3200398397827	0.013440000000059626	epochs	3.0
669.3334798397827	0.026799999999980173	epochs	2.0
669.3334798397827	0.01343999999994594	epochs	3.0
669.3469198397827	0.013360000000034233	epochs	3.0
669.3602798397827	0.02656000000001768	epochs	2.0
669.3602798397827	0.01328000000000884	epochs	3.0
669.3735598397827	0.01328000000000884	epochs	3.0
669.3868398397827	0.026479999999992287	epochs	2.0
669.3868398397827	0.01328000000000884	epochs	3.0
669.4001198397827	0.013199999999983447	epochs	3.0
669.4133198397827	0.026240000000029795	epochs	2.0
669.4133198397827	0.013119999999958054	epochs	3.0
669.4264398397827	0.013120000000071741	epochs	3.0
669.4395598397828	0.026160000000004402	epochs	2.0
669.4395598397828	0.013119999999958054	epochs	3.0
669.4526798397827	0.013040000000046348	epochs	3.0
669.4657198397828	0.025999999999953616	epochs	2.0
669.4657198397828	0.013039999999932661	epochs	3.0
669.4787598397827	0.012960000000020955	epochs	3.0
669.4917198397827	0.025759999999991123	epochs	2.0
669.4917198397827	0.012879999999995562	epochs	3.0
669.5045998397827	0.012879999999995562	epochs	3.0
669.5174798397827	0.02567999999996573	epochs	2.0
669.5174798397827	0.012879999999995562	epochs	3.0
669.5303598397827	0.012799999999970169	epochs	3.0
669.5431598397827	0.02552000000002863	epochs	2.0
669.5431598397827	0.012800000000083855	epochs	3.0
669.5559598397828	0.012719999999944775	epochs	3.0
669.5686798397827	0.025359999999977845	epochs	2.0
669.5686798397827	0.012720000000058462	epochs	3.0
669.5813998397828	0.012639999999919382	epochs	3.0
669.5940398397827	0.025200000000040745	epochs	2.0
669.5940398397827	0.01264000000003307	epochs	3.0
669.6066798397827	0.012560000000007676	epochs	3.0
669.6192398397827	0.024559999999951287	epochs	2.0
669.6434830397827	0.5	epochs	-1.0
669.6437998397827	0.9999200000000883	epochs	1.0
670.1434830397827	0.5	epochs	-1.0
673.7829999923706	0.20079999999995835	epochs	0.0
673.7829999923706	0.09536000000002787	epochs	1.0
673.8783599923706	0.010080000000016298	epochs	1.0
673.8884399923706	0.09535999999991418	epochs	1.0
673.9837999923706	2.0	epochs	0.0
675.9837999923706	0.5187200000000303	epochs	0.0
675.9837999923706	0.5187200000000303	epochs	1.0
675.9838031923706	0.5	epochs	-1.0
676.4838031923706	0.018716799999992872	epochs	-1.0
676.5025199923706	21.481200000000058	epochs	0.0
679.3150000572205	0.20079999999995835	epochs	0.0
679.3150000572205	0.09536000000002787	epochs	1.0
679.4103600572205	0.010080000000016298	epochs	1.0
679.4204400572205	0.09535999999991418	epochs	1.0
679.5158000572204	2.0	epochs	0.0
681.5158000572204	5.3588000000000875	epochs	0.0
681.5158000572204	1.0	epochs	1.0
681.5158032572205	0.5	epochs	-1.0
682.0158032572205	4.85879680000005	epochs	-1.0
682.5158000572204	4.3588000000000875	epochs	1.0
682.5158000572204	8.000000002539309e-05	epochs	2.0
682.5158800572204	4.356719999999996	epochs	-1.0
682.5158800572204	1.9745599999999968	epochs	2.0
682.5158800572204	1.0985600000000204	epochs	3.0
683.6144400572205	0.8759999999999764	epochs	3.0
684.4904400572204	1.3523999999999887	epochs	2.0
684.4904400572204	0.7286400000000413	epochs	3.0
685.2190800572205	0.6237599999999475	epochs	3.0
685.8428400572204	1.0297600000000102	epochs	2.0
685.8428400572204	0.5453600000000733	epochs	3.0
686.3882000572205	0.4843999999999369	epochs	3.0
686.8726000572204	0.002000000000066393	epochs	2.0
686.8726000572204	0.002000000000066393	epochs	3.0
686.8746000572205	16.64112	epochs	0.0
689.7670001983643	0.20079999999995835	epochs	0.0
689.7670001983643	0.09536000000002787	epochs	1.0
689.8623601983643	0.010080000000016298	epochs	1.0
689.8724401983643	0.09535999999991418	epochs	1.0
689.9678001983642	2.0	epochs	0.0
691.9678001983642	21.51920000000007	epochs	0.0
691.9678001983642	1.0	epochs	1.0
691.9678033983643	0.5	epochs	-1.0
692.4678033983643	19.999599999999987	epochs	-1.0
692.9678001983642	20.0	epochs	1.0
692.9678001983642	8.000000002539309e-05	epochs	2.0
692.9678801983642	4.356719999999996	epochs	-1.0
692.9678801983642	1.9745599999999968	epochs	2.0
692.9678801983642	1.0985600000000204	epochs	3.0
694.0664401983643	0.8759999999999764	epochs	3.0
694.9424401983642	1.3523999999999887	epochs	2.0
694.9424401983642	0.7286400000000413	epochs	3.0
695.6710801983643	0.6237599999999475	epochs	3.0
696.2948401983642	1.0297600000000102	epochs	2.0
696.2948401983642	0.5453600000000733	epochs	3.0
696.8402001983643	0.4843999999999369	epochs	3.0
697.3246001983642	0.8317600000000311	epochs	2.0
697.3246001983642	0.435760000000073	epochs	3.0
697.7603601983643	0.39599999999995816	epochs	3.0
698.1563601983643	0.697840000000042	epochs	2.0
698.1563601983643	0.3628800000000183	epochs	3.0
698.5192401983643	0.3349600000000237	epochs	3.0
698.8542001983643	0.6010399999998981	epochs	2.0
698.8542001983643	0.3108799999999974	epochs	3.0
699.1650801983643	0.2901599999999007	epochs	3.0
699.4552401983642	0.5278400000000829	epochs	2.0
699.4552401983642	0.2719200000000228	epochs	3.0
699.7271601983642	0.2559200000000601	epochs	3.0
699.9830801983643	0.47064000000000306	epochs	2.0
699.9830801983643	0.24167999999997392	epochs	3.0
700.2247601983643	0.22896000000002914	epochs	3.0
700.4537201983643	0.42455999999992855	epochs	2.0
700.4537201983643	0.2174400000000105	epochs	3.0
700.6711601983643	0.20711999999991804	epochs	3.0
700.8782801983642	0.3867200000000821	epochs	2.0
700.8782801983642	0.1976799999999912	epochs	3.0
701.0759601983642	0.1890400000000909	epochs	3.0
701.2650001983643	0.3551199999999426	epochs	2.0
701.2650001983643	0.1811999999999898	epochs	3.0
701.4462001983643	0.17391999999995278	epochs	3.0
701.6201201983642	0.3282400000000507	epochs	2.0
701.6201201983642	0.1671999999999798	epochs	3.0
701.7873201983642	0.1610400000000709	epochs	3.0
701.9483601983643	0.30520000000001346	epochs	2.0
701.9483601983643	0.1552799999999479	epochs	3.0
702.1036401983642	0.14992000000006556	epochs	3.0
702.2535601983643	0.28511999999989257	epochs	2.0
702.2535601983643	0.14487999999994372	epochs	3.0
702.3984401983643	0.14023999999994885	epochs	3.0
702.5386801983642	0.2675200000001041	epochs	2.0
702.5386801983642	0.13584000000003016	epochs	3.0
702.6745201983642	0.13168000000007396	epochs	3.0
702.8062001983643	0.2520799999999781	epochs	2.0
702.8062001983643	0.12783999999999196	epochs	3.0
702.9340401983643	0.12423999999998614	epochs	3.0
703.0582801983643	0.2381599999999935	epochs	2.0
703.0582801983643	0.12072000000000571	epochs	3.0
703.1790001983643	0.11743999999998778	epochs	3.0
703.2964401983643	0.2258399999999483	epochs	2.0
703.2964401983643	0.11439999999993233	epochs	3.0
703.4108401983642	0.11144000000001597	epochs	3.0
703.5222801983642	0.21464000000003125	epochs	2.0
703.5222801983642	0.10864000000003671	epochs	3.0
703.6309201983643	0.10599999999999454	epochs	3.0
703.7369201983643	0.20447999999998956	epochs	2.0
703.7369201983643	0.10343999999997777	epochs	3.0
703.8403601983642	0.10104000000001179	epochs	3.0
703.9414001983642	0.1953600000000506	epochs	2.0
703.9414001983642	0.0987999999999829	epochs	3.0
704.0402001983642	0.0965600000000677	epochs	3.0
704.1367601983643	0.18695999999999913	epochs	2.0
704.1367601983643	0.09447999999997592	epochs	3.0
704.2312401983643	0.09248000000002321	epochs	3.0
704.3237201983643	0.17919999999992342	epochs	2.0
704.3237201983643	0.09047999999995682	epochs	3.0
704.4142001983643	0.0887199999999666	epochs	3.0
704.5029201983642	0.17208000000005086	epochs	2.0
704.5029201983642	0.08688000000006468	epochs	3.0
704.5898001983643	0.08519999999998618	epochs	3.0
704.6750001983643	0.165520000000015	epochs	2.0
704.6750001983643	0.08359999999993306	epochs	3.0
704.7586001983642	0.08192000000008193	epochs	3.0
704.8405201983643	0.1595199999999295	epochs	2.0
704.8405201983643	0.08047999999996591	epochs	3.0
704.9210001983643	0.07903999999996358	epochs	3.0
705.0000401983642	0.15376000000003387	epochs	2.0
705.0000401983642	0.07760000000007494	epochs	3.0
705.0776401983643	0.07615999999995893	epochs	3.0
705.1538001983643	0.14855999999997493	epochs	2.0
705.1538001983643	0.07496000000003278	epochs	3.0
705.2287601983643	0.07359999999994216	epochs	3.0
705.3023601983642	0.14368000000001757	epochs	2.0
705.3023601983642	0.0724800000000414	epochs	3.0
705.3748401983643	0.07119999999997617	epochs	3.0
705.4460401983642	0.1390400000000227	epochs	2.0
705.4460401983642	0.07007999999996173	epochs	3.0
705.5161201983642	0.06896000000006097	epochs	3.0
705.5850801983643	0.13472000000001572	epochs	2.0
705.5850801983643	0.06791999999995824	epochs	3.0
705.6530001983642	0.06680000000005748	epochs	3.0
705.7198001983643	0.13071999999999662	epochs	2.0
705.7198001983643	0.06583999999998014	epochs	3.0
705.7856401983643	0.06488000000001648	epochs	3.0
705.8505201983643	0.1268000000000029	epochs	2.0
705.8505201983643	0.06384000000002743	epochs	3.0
705.9143601983643	0.06295999999997548	epochs	3.0
705.9773201983643	0.12328000000002248	epochs	2.0
705.9773201983643	0.06207999999992353	epochs	3.0
706.0394001983642	0.06120000000009895	epochs	3.0
706.1006001983643	0.11983999999995376	epochs	2.0
706.1006001983643	0.060319999999933316	epochs	3.0
706.1609201983642	0.059520000000020445	epochs	3.0
706.2204401983643	0.11663999999996122	epochs	2.0
706.2204401983643	0.05871999999999389	epochs	3.0
706.2791601983643	0.05791999999996733	epochs	3.0
706.3370801983642	0.11360000000001946	epochs	2.0
706.3370801983642	0.057200000000079854	epochs	3.0
706.3942801983643	0.05639999999993961	epochs	3.0
706.4506801983642	0.1107200000000148	epochs	2.0
706.4506801983642	0.05568000000005213	epochs	3.0
706.5063601983643	0.055039999999962674	epochs	3.0
706.5614001983643	0.10792000000003554	epochs	2.0
706.5614001983643	0.054240000000049804	epochs	3.0
706.6156401983643	0.05367999999998574	epochs	3.0
706.6693201983643	0.10527999999999338	epochs	2.0
706.6693201983643	0.052959999999984575	epochs	3.0
706.7222801983643	0.052320000000008804	epochs	3.0
706.7746001983643	0.1028800000000274	epochs	2.0
706.7746001983643	0.05175999999994474	epochs	3.0
706.8263601983642	0.051120000000082655	epochs	3.0
706.8774801983643	0.10039999999992233	epochs	2.0
706.8774801983643	0.0504799999999932	epochs	3.0
706.9279601983643	0.04991999999992913	epochs	3.0
706.9778801983642	0.09824000000003252	epochs	2.0
706.9778801983642	0.049359999999978754	epochs	3.0
707.0272401983642	0.04888000000005377	epochs	3.0
707.0761201983643	0.09600000000000364	epochs	2.0
707.0761201983643	0.04823999999996431	epochs	3.0
707.1243601983642	0.04776000000003933	epochs	3.0
707.1721201983643	0.09392000000002554	epochs	2.0
707.1721201983643	0.04719999999997526	epochs	3.0
707.2193201983642	0.04672000000005028	epochs	3.0
707.2660401983643	0.09191999999995915	epochs	2.0
707.2660401983643	0.04615999999998621	epochs	3.0
707.3122001983643	0.04575999999997293	epochs	3.0
707.3579601983643	0.09008000000005723	epochs	2.0
707.3579601983643	0.04528000000004795	epochs	3.0
707.4032401983643	0.04480000000000928	epochs	3.0
707.4480401983643	0.08815999999990254	epochs	2.0
707.4480401983643	0.044319999999970605	epochs	3.0
707.4923601983643	0.04383999999993193	epochs	3.0
707.5362001983642	0.0864800000000514	epochs	2.0
707.5362001983642	0.04344000000003234	epochs	3.0
707.5796401983642	0.04304000000001906	epochs	3.0
707.6226801983643	0.0847199999999475	epochs	2.0
707.6226801983643	0.04255999999998039	epochs	3.0
707.6652401983642	0.04215999999996711	epochs	3.0
707.7074001983642	0.08320000000003347	epochs	2.0
707.7074001983642	0.04176000000006752	epochs	3.0
707.7491601983643	0.04143999999996595	epochs	3.0
707.7906001983642	0.08151999999995496	epochs	2.0
707.7906001983642	0.040960000000040964	epochs	3.0
707.8315601983643	0.040559999999914	epochs	3.0
707.8721201983642	0.08008000000006632	epochs	2.0
707.8721201983642	0.0402400000000398	epochs	3.0
707.9123601983642	0.03984000000002652	epochs	3.0
707.9522001983643	0.0786399999999503	epochs	2.0
707.9522001983643	0.039520000000038635	epochs	3.0
707.9917201983643	0.03911999999991167	epochs	3.0
708.0308401983642	0.07720000000006166	epochs	2.0
708.0308401983642	0.03880000000003747	epochs	3.0
708.0696401983643	0.03840000000002419	epochs	3.0
708.1080401983643	0.07591999999999643	epochs	2.0
708.1080401983643	0.03815999999994801	epochs	3.0
708.1462001983642	0.03776000000004842	epochs	3.0
708.1839601983643	0.0745600000000195	epochs	2.0
708.1839601983643	0.03743999999994685	epochs	3.0
708.2214001983642	0.03712000000007265	epochs	3.0
708.2585201983643	0.07335999999997966	epochs	2.0
708.2585201983643	0.03679999999997108	epochs	3.0
708.2953201983643	0.036560000000008586	epochs	3.0
708.3318801983643	0.07208000000002812	epochs	2.0
708.3318801983643	0.03615999999999531	epochs	3.0
708.3680401983643	0.035920000000032815	epochs	3.0
708.4039601983643	0.07087999999998829	epochs	2.0
708.4039601983643	0.03559999999993124	epochs	3.0
708.4395601983642	0.035280000000057044	epochs	3.0
708.4748401983643	0.06983999999999924	epochs	2.0
708.4748401983643	0.035039999999980864	epochs	3.0
708.5098801983643	0.03480000000001837	epochs	3.0
708.5446801983643	0.0686399999999594	epochs	2.0
708.5446801983643	0.0344799999999168	epochs	3.0
708.5791601983642	0.0341600000000426	epochs	3.0
708.6133201983642	0.06759999999997035	epochs	2.0
708.6133201983642	0.03391999999996642	epochs	3.0
708.6472401983642	0.03368000000000393	epochs	3.0
708.6809201983642	0.0665599999999813	epochs	2.0
708.6809201983642	0.03344000000004144	epochs	3.0
708.7143601983643	0.033119999999939864	epochs	3.0
708.7474801983642	0.06560000000001764	epochs	2.0
708.7474801983642	0.032960000000002765	epochs	3.0
708.7804401983642	0.03264000000001488	epochs	3.0
708.8130801983642	0.0645600000000286	epochs	2.0
708.8130801983642	0.03240000000005239	epochs	3.0
708.8454801983643	0.03215999999997621	epochs	3.0
708.8776401983642	0.06367999999997664	epochs	2.0
708.8776401983642	0.03200000000003911	epochs	3.0
708.9096401983643	0.031679999999937536	epochs	3.0
708.9413201983642	0.06272000000001299	epochs	2.0
708.9413201983642	0.03144000000008873	epochs	3.0
708.9727601983643	0.03127999999992426	epochs	3.0
709.0040401983642	0.061840000000074724	epochs	2.0
709.0040401983642	0.03104000000007545	epochs	3.0
709.0350801983643	0.030799999999999272	epochs	3.0
709.0658801983643	0.06095999999990909	epochs	2.0
709.0658801983643	0.030559999999923093	epochs	3.0
709.0964401983642	0.030399999999985994	epochs	3.0
709.1268401983642	0.060159999999996217	epochs	2.0
709.1268401983642	0.0301600000000235	epochs	3.0
709.1570001983642	0.029999999999972715	epochs	3.0
709.1870001983642	0.05928000000005795	epochs	2.0
709.1870001983642	0.02967999999998483	epochs	3.0
709.2166801983642	0.029600000000073123	epochs	3.0
709.2462801983643	0.058480000000031396	epochs	2.0
709.2462801983643	0.029359999999996944	epochs	3.0
709.2756401983643	0.02912000000003445	epochs	3.0
709.3047601983643	0.057759999999916545	epochs	2.0
709.3047601983643	0.028959999999983665	epochs	3.0
709.3337201983643	0.02879999999993288	epochs	3.0
709.3625201983642	0.056960000000003674	epochs	2.0
709.3625201983642	0.028560000000084074	epochs	3.0
709.3910801983643	0.0283999999999196	epochs	3.0
709.4194801983642	0.05624000000000251	epochs	2.0
709.4194801983642	0.028160000000070795	epochs	3.0
709.4476401983643	0.028079999999931715	epochs	3.0
709.4757201983642	0.05543999999997595	epochs	2.0
709.4757201983642	0.02784000000008291	epochs	3.0
709.5035601983643	0.027599999999893043	epochs	3.0
709.5311601983642	0.054880000000025575	epochs	2.0
709.5311601983642	0.027520000000095024	epochs	3.0
709.5586801983643	0.02735999999993055	epochs	3.0
709.5860401983642	0.05407999999999902	epochs	2.0
709.5860401983642	0.027120000000081745	epochs	3.0
709.6131601983643	0.026959999999917272	epochs	3.0
709.6401201983642	0.05344000000002325	epochs	2.0
709.6401201983642	0.026799999999980173	epochs	3.0
709.6669201983642	0.026640000000043074	epochs	3.0
709.6935601983643	0.05287999999995918	epochs	2.0
709.6935601983643	0.026479999999992287	epochs	3.0
709.7200401983642	0.026399999999966894	epochs	3.0
709.7464401983642	0.052160000000071705	epochs	2.0
709.7464401983642	0.026160000000004402	epochs	3.0
709.7726001983642	0.026000000000067303	epochs	3.0
709.7986001983643	0.05151999999998225	epochs	2.0
709.7986001983643	0.025840000000016516	epochs	3.0
709.8244401983643	0.02567999999996573	epochs	3.0
709.8501201983643	0.05096000000003187	epochs	2.0
709.8501201983643	0.025599999999940337	epochs	3.0
709.8757201983642	0.02536000000009153	epochs	3.0
709.9010801983643	0.050399999999967804	epochs	2.0
709.9010801983643	0.02527999999995245	epochs	3.0
709.9263601983643	0.025120000000015352	epochs	3.0
709.9514801983643	0.04975999999999203	epochs	2.0
709.9514801983643	0.024959999999964566	epochs	3.0
709.9764401983642	0.024800000000027467	epochs	3.0
710.0012401983643	0.049200000000041655	epochs	2.0
710.0012401983643	0.02463999999997668	epochs	3.0
710.0258801983642	0.024560000000064974	epochs	3.0
710.0504401983643	0.04872000000000298	epochs	2.0
710.0504401983643	0.0243999999999005	epochs	3.0
710.0748401983642	0.024320000000102482	epochs	3.0
710.0991601983643	0.048079999999913525	epochs	2.0
710.0991601983643	0.024079999999912616	epochs	3.0
710.1232401983642	0.02400000000000091	epochs	3.0
710.1472401983642	0.04759999999998854	epochs	2.0
710.1472401983642	0.02384000000006381	epochs	3.0
710.1710801983643	0.02375999999992473	epochs	3.0
710.1948401983642	0.047120000000063555	epochs	2.0
710.1948401983642	0.023600000000101318	epochs	3.0
710.2184401983643	0.023519999999962238	epochs	3.0
710.2419601983643	0.04655999999999949	epochs	2.0
710.2419601983643	0.02336000000002514	epochs	3.0
710.2653201983643	0.023199999999974352	epochs	3.0
710.2885201983643	0.04607999999996082	epochs	2.0
710.2885201983643	0.02311999999994896	epochs	3.0
710.3116401983642	0.02296000000001186	epochs	3.0
710.3346001983642	0.045600000000035834	epochs	2.0
710.3346001983642	0.022879999999986467	epochs	3.0
710.3574801983642	0.022720000000049367	epochs	3.0
710.3802001983643	0.04511999999999716	epochs	2.0
710.3802001983643	0.022640000000023974	epochs	3.0
710.4028401983643	0.022479999999973188	epochs	3.0
710.4253201983643	0.04463999999995849	epochs	2.0
710.4253201983643	0.022399999999947795	epochs	3.0
710.4477201983642	0.022240000000010696	epochs	3.0
710.4699601983642	0.0442400000000589	epochs	2.0
710.4699601983642	0.022159999999985303	epochs	3.0
710.4921201983642	0.022080000000073596	epochs	3.0
710.5142001983643	0.04376000000002023	epochs	2.0
710.5142001983643	0.02192000000002281	epochs	3.0
710.5361201983643	0.021839999999997417	epochs	3.0
710.5579601983643	0.04336000000000695	epochs	2.0
710.5579601983643	0.021759999999972024	epochs	3.0
710.5797201983643	0.021600000000034925	epochs	3.0
710.6013201983643	0.04287999999996828	epochs	2.0
710.6013201983643	0.02143999999998414	epochs	3.0
710.6227601983643	0.02143999999998414	epochs	3.0
710.6442001983643	0.042479999999955	epochs	2.0
710.6442001983643	0.021279999999933352	epochs	3.0
710.6654801983642	0.021200000000021646	epochs	3.0
710.6866801983642	0.042080000000055406	epochs	2.0
710.6866801983642	0.021040000000084547	epochs	3.0
710.7077201983643	0.02103999999997086	epochs	3.0
710.7287601983643	0.04167999999992844	epochs	2.0
710.7287601983643	0.020879999999920074	epochs	3.0
710.7496401983642	0.020800000000008367	epochs	3.0
710.7704401983642	0.041200000000003456	epochs	2.0
710.7704401983642	0.020640000000071268	epochs	3.0
710.7910801983643	0.020559999999932188	epochs	3.0
710.8116401983642	0.04088000000001557	epochs	2.0
710.8116401983642	0.020560000000045875	epochs	3.0
710.8322001983643	0.020319999999969696	epochs	3.0
710.8525201983642	0.040560000000027685	epochs	2.0
710.8525201983642	0.020319999999969696	epochs	3.0
710.8728401983642	0.02024000000005799	epochs	3.0
710.8930801983643	0.04007999999998901	epochs	2.0
710.8930801983643	0.020080000000007203	epochs	3.0
710.9131601983643	0.01999999999998181	epochs	3.0
710.9331601983642	0.03976000000000113	epochs	2.0
710.9331601983642	0.019919999999956417	epochs	3.0
710.9530801983642	0.01984000000004471	epochs	3.0
710.9729201983642	0.03944000000001324	epochs	2.0
710.9729201983642	0.019760000000019318	epochs	3.0
710.9926801983643	0.019679999999993925	epochs	3.0
711.0123601983643	0.039039999999999964	epochs	2.0
711.0123601983643	0.01951999999994314	epochs	3.0
711.0318801983642	0.019520000000056825	epochs	3.0
711.0514001983643	0.038639999999986685	epochs	2.0
711.0514001983643	0.01936000000000604	epochs	3.0
711.0707601983643	0.019279999999980646	epochs	3.0
711.0900401983642	0.03840000000002419	epochs	2.0
711.0900401983642	0.019279999999980646	epochs	3.0
711.1093201983642	0.019120000000043547	epochs	3.0
711.1284401983643	0.038000000000010914	epochs	2.0
711.1284401983643	0.019040000000018154	epochs	3.0
711.1474801983643	0.01895999999999276	epochs	3.0
711.1664401983643	0.03768000000002303	epochs	2.0
711.1664401983643	0.018879999999967367	epochs	3.0
711.1853201983643	0.01880000000005566	epochs	3.0
711.2041201983643	0.037359999999921456	epochs	2.0
711.2041201983643	0.01871999999991658	epochs	3.0
711.2228401983642	0.018640000000004875	epochs	3.0
711.2414801983642	0.03704000000004726	epochs	2.0
711.2414801983642	0.018559999999979482	epochs	3.0
711.2600401983642	0.018480000000067776	epochs	3.0
711.2785201983643	0.036719999999945685	epochs	2.0
711.2785201983643	0.018399999999928696	epochs	3.0
711.2969201983642	0.01832000000001699	epochs	3.0
711.3152401983642	0.03647999999998319	epochs	2.0
711.3152401983642	0.018239999999991596	epochs	3.0
711.3334801983642	0.018239999999991596	epochs	3.0
711.3517201983642	0.0360800000000836	epochs	2.0
711.3517201983642	0.018080000000054497	epochs	3.0
711.3698001983643	0.018000000000029104	epochs	3.0
711.3878001983643	0.03584000000000742	epochs	2.0
711.3878001983643	0.01792000000000371	epochs	3.0
711.4057201983643	0.01792000000000371	epochs	3.0
711.4236401983643	0.035520000000019536	epochs	2.0
711.4236401983643	0.017759999999952925	epochs	3.0
711.4414001983642	0.01776000000006661	epochs	3.0
711.4591601983643	0.035199999999917964	epochs	2.0
711.4591601983643	0.01767999999992753	epochs	3.0
711.4768401983642	0.017519999999990432	epochs	3.0
711.4943601983642	0.03496000000006916	epochs	2.0
711.4943601983642	0.017519999999990432	epochs	3.0
711.5118801983642	0.017440000000078726	epochs	3.0
711.5293201983643	0.03471999999999298	epochs	2.0
711.5293201983643	0.01743999999996504	epochs	3.0
711.5467601983643	0.01728000000002794	epochs	3.0
711.5640401983643	0.03440000000000509	epochs	2.0
711.5640401983643	0.017200000000002547	epochs	3.0
711.5812401983643	0.017200000000002547	epochs	3.0
711.5984401983643	0.034159999999928914	epochs	2.0
711.5984401983643	0.017119999999977153	epochs	3.0
711.6155601983643	0.01703999999995176	epochs	3.0
711.6326001983642	0.033840000000054715	epochs	2.0
711.6326001983642	0.016960000000040054	epochs	3.0
711.6495601983643	0.01688000000001466	epochs	3.0
711.6664401983643	0.033599999999978536	epochs	2.0
711.6664401983643	0.016799999999989268	epochs	3.0
711.6832401983643	0.016799999999989268	epochs	3.0
711.7000401983643	0.033360000000016043	epochs	2.0
711.7000401983643	0.016719999999963875	epochs	3.0
711.7167601983642	0.01664000000005217	epochs	3.0
711.7334001983643	0.033119999999939864	epochs	2.0
711.7334001983643	0.016560000000026776	epochs	3.0
711.7499601983643	0.01655999999991309	epochs	3.0
711.7665201983642	0.032800000000065666	epochs	2.0
711.7665201983642	0.016400000000089676	epochs	3.0
711.7829201983643	0.01639999999997599	epochs	3.0
711.7993201983643	0.032559999999989486	epochs	2.0
711.7993201983643	0.016319999999950596	epochs	3.0
711.8156401983642	0.01624000000003889	epochs	3.0
711.8318801983643	0.0323999999999387	epochs	2.0
711.8318801983643	0.01624000000003889	epochs	3.0
711.8481201983643	0.01615999999989981	epochs	3.0
711.8642801983642	0.0320800000000645	epochs	2.0
711.8642801983642	0.01608000000010179	epochs	3.0
711.8803601983643	0.01599999999996271	epochs	3.0
711.8963601983643	0.031920000000013715	epochs	2.0
711.8963601983643	0.01599999999996271	epochs	3.0
711.9123601983642	0.015920000000051004	epochs	3.0
711.9282801983643	0.03159999999991214	epochs	2.0
711.9282801983643	0.015839999999911925	epochs	3.0
711.9441201983642	0.01576000000000022	epochs	3.0
711.9598801983642	0.03144000000008873	epochs	2.0
711.9598801983642	0.01576000000000022	epochs	3.0
711.9756401983642	0.015680000000088512	epochs	3.0
711.9913201983643	0.03120000000001255	epochs	2.0
711.9913201983643	0.015599999999949432	epochs	3.0
712.0069201983642	0.015600000000063119	epochs	3.0
712.0225201983643	0.030959999999936372	epochs	2.0
712.0225201983643	0.015519999999924039	epochs	3.0
712.0380401983642	0.015440000000012333	epochs	3.0
712.0534801983642	0.03071999999997388	epochs	2.0
712.0534801983642	0.015440000000012333	epochs	3.0
712.0689201983643	0.015279999999961547	epochs	3.0
712.0842001983642	0.03056000000003678	epochs	2.0
712.0842001983642	0.015360000000100626	epochs	3.0
712.0995601983643	0.015199999999936153	epochs	3.0
712.1147601983643	0.0303199999999606	epochs	2.0
712.1147601983643	0.01520000000004984	epochs	3.0
712.1299601983643	0.01511999999991076	epochs	3.0
712.1450801983642	0.030079999999998108	epochs	2.0
712.1450801983642	0.015120000000024447	epochs	3.0
712.1602001983642	0.014959999999973661	epochs	3.0
712.1751601983642	0.02992000000006101	epochs	2.0
712.1751601983642	0.015039999999999054	epochs	3.0
712.1902001983642	0.014880000000061955	epochs	3.0
712.2050801983643	0.02967999999998483	epochs	2.0
712.2050801983643	0.014879999999948268	epochs	3.0
712.2199601983642	0.014800000000036562	epochs	3.0
712.2347601983643	0.02952000000004773	epochs	2.0
712.2347601983643	0.014800000000036562	epochs	3.0
712.2495601983643	0.014720000000011169	epochs	3.0
712.2642801983643	0.02927999999997155	epochs	2.0
712.2642801983643	0.014719999999897482	epochs	3.0
712.2790001983642	0.01456000000007407	epochs	3.0
712.2935601983643	0.02912000000003445	epochs	2.0
712.2935601983643	0.014639999999985776	epochs	3.0
712.3082001983643	0.014480000000048676	epochs	3.0
712.3226801983643	0.028959999999983665	epochs	2.0
712.3226801983643	0.01447999999993499	epochs	3.0
712.3371601983642	0.014480000000048676	epochs	3.0
712.3516401983643	0.02863999999999578	epochs	2.0
712.3516401983643	0.01431999999999789	epochs	3.0
712.3659601983643	0.01431999999999789	epochs	3.0
712.3802801983643	0.028559999999970387	epochs	2.0
712.3802801983643	0.01431999999999789	epochs	3.0
712.3946001983643	0.014239999999972497	epochs	3.0
712.4088401983643	0.028320000000007894	epochs	2.0
712.4088401983643	0.014159999999947104	epochs	3.0
712.4230001983642	0.01416000000006079	epochs	3.0
712.4371601983643	0.028159999999957108	epochs	2.0
712.4371601983643	0.014159999999947104	epochs	3.0
712.4513201983642	0.014000000000010004	epochs	3.0
712.4653201983642	0.02800000000002001	epochs	2.0
712.4653201983642	0.014000000000010004	epochs	3.0
712.4793201983642	0.014000000000010004	epochs	3.0
712.4933201983642	0.027760000000057516	epochs	2.0
712.4933201983642	0.013919999999984611	epochs	3.0
712.5072401983642	0.013840000000072905	epochs	3.0
712.5210801983643	0.027679999999918437	epochs	2.0
712.5210801983643	0.013839999999959218	epochs	3.0
712.5349201983643	0.013839999999959218	epochs	3.0
712.5487601983642	0.02744000000006963	epochs	2.0
712.5487601983642	0.013760000000047512	epochs	3.0
712.5625201983643	0.013680000000022119	epochs	3.0
712.5762001983643	0.027280000000018845	epochs	2.0
712.5762001983643	0.013680000000022119	epochs	3.0
712.5898801983643	0.013599999999996726	epochs	3.0
712.6034801983643	0.02711999999996806	epochs	2.0
712.6034801983643	0.013519999999971333	epochs	3.0
712.6170001983643	0.013599999999996726	epochs	3.0
712.6306001983643	0.026880000000005566	epochs	2.0
712.6306001983643	0.01343999999994594	epochs	3.0
712.6440401983642	0.013440000000059626	epochs	3.0
712.6574801983643	0.026799999999980173	epochs	2.0
712.6574801983643	0.01343999999994594	epochs	3.0
712.6709201983642	0.013360000000034233	epochs	3.0
712.6842801983643	0.02656000000001768	epochs	2.0
712.6842801983643	0.01328000000000884	epochs	3.0
712.6975601983643	0.01328000000000884	epochs	3.0
712.7108401983643	0.026479999999992287	epochs	2.0
712.7108401983643	0.01328000000000884	epochs	3.0
712.7241201983643	0.013199999999983447	epochs	3.0
712.7373201983643	0.026240000000029795	epochs	2.0
712.7373201983643	0.013119999999958054	epochs	3.0
712.7504401983642	0.013120000000071741	epochs	3.0
712.7635601983643	0.026160000000004402	epochs	2.0
712.7635601983643	0.013119999999958054	epochs	3.0
712.7766801983643	0.013040000000046348	epochs	3.0
712.7897201983643	0.025999999999953616	epochs	2.0
712.7897201983643	0.013039999999932661	epochs	3.0
712.8027601983642	0.012960000000020955	epochs	3.0
712.8157201983643	0.025759999999991123	epochs	2.0
712.8157201983643	0.012879999999995562	epochs	3.0
712.8286001983643	0.012879999999995562	epochs	3.0
712.8414801983643	0.02567999999996573	epochs	2.0
712.8414801983643	0.012879999999995562	epochs	3.0
712.8543601983642	0.012799999999970169	epochs	3.0
712.8671601983642	0.02552000000002863	epochs	2.0
712.8671601983642	0.012800000000083855	epochs	3.0
712.8799601983643	0.012719999999944775	epochs	3.0
712.8926801983642	0.025359999999977845	epochs	2.0
712.8926801983642	0.012720000000058462	epochs	3.0
712.9054001983643	0.012639999999919382	epochs	3.0
712.9180401983642	0.025200000000040745	epochs	2.0
712.9180401983642	0.01264000000003307	epochs	3.0
712.9306801983643	0.012560000000007676	epochs	3.0
712.9432401983643	0.024559999999951287	epochs	2.0
712.9674033983642	0.5	epochs	-1.0
712.9678001983642	0.5192000000000689	epochs	1.0
713.4870001983643	0.48072000000001935	epochs	0.0
716.438000202179	0.20079999999995835	epochs	0.0
716.438000202179	0.09536000000002787	epochs	1.0
716.533360202179	0.010080000000016298	epochs	1.0
716.543440202179	0.09535999999991418	epochs	1.0
716.6388002021789	2.0	epochs	0.0
718.6388002021789	21.51920000000007	epochs	0.0
718.6388002021789	1.0	epochs	1.0
718.638803402179	0.5	epochs	-1.0
719.138803402179	19.999599999999987	epochs	-1.0
719.6388002021789	20.0	epochs	1.0
719.6388002021789	8.000000002539309e-05	epochs	2.0
719.6388802021789	4.356719999999996	epochs	-1.0
719.6388802021789	1.9745599999999968	epochs	2.0
719.6388802021789	1.0985600000000204	epochs	3.0
720.737440202179	0.8759999999999764	epochs	3.0
721.6134402021789	1.3523999999999887	epochs	2.0
721.6134402021789	0.7286400000000413	epochs	3.0
722.342080202179	0.6237599999999475	epochs	3.0
722.9658402021789	1.0297600000000102	epochs	2.0
722.9658402021789	0.5453600000000733	epochs	3.0
723.511200202179	0.4843999999999369	epochs	3.0
723.9956002021789	0.8317600000000311	epochs	2.0
723.9956002021789	0.435760000000073	epochs	3.0
724.431360202179	0.39599999999995816	epochs	3.0
724.827360202179	0.697840000000042	epochs	2.0
724.827360202179	0.3628800000000183	epochs	3.0
725.190240202179	0.3349600000000237	epochs	3.0
725.525200202179	0.6010399999998981	epochs	2.0
725.525200202179	0.3108799999999974	epochs	3.0
725.836080202179	0.2901599999999007	epochs	3.0
726.1262402021789	0.5278400000000829	epochs	2.0
726.1262402021789	0.2719200000000228	epochs	3.0
726.3981602021789	0.2559200000000601	epochs	3.0
726.654080202179	0.47064000000000306	epochs	2.0
726.654080202179	0.24167999999997392	epochs	3.0
726.895760202179	0.22896000000002914	epochs	3.0
727.124720202179	0.42455999999992855	epochs	2.0
727.124720202179	0.2174400000000105	epochs	3.0
727.342160202179	0.20711999999991804	epochs	3.0
727.5492802021789	0.3867200000000821	epochs	2.0
727.5492802021789	0.1976799999999912	epochs	3.0
727.7469602021789	0.1890400000000909	epochs	3.0
727.936000202179	0.3551199999999426	epochs	2.0
727.936000202179	0.1811999999999898	epochs	3.0
728.117200202179	0.17391999999995278	epochs	3.0
728.291120202179	0.3282400000000507	epochs	2.0
728.291120202179	0.1671999999999798	epochs	3.0
728.4583202021789	0.1610400000000709	epochs	3.0
728.619360202179	0.30520000000001346	epochs	2.0
728.619360202179	0.1552799999999479	epochs	3.0
728.774640202179	0.14992000000006556	epochs	3.0
728.924560202179	0.28511999999989257	epochs	2.0
728.924560202179	0.14487999999994372	epochs	3.0
729.069440202179	0.14023999999994885	epochs	3.0
729.2096802021789	0.2675200000001041	epochs	2.0
729.2096802021789	0.13584000000003016	epochs	3.0
729.3455202021789	0.13168000000007396	epochs	3.0
729.477200202179	0.2520799999999781	epochs	2.0
729.477200202179	0.12783999999999196	epochs	3.0
729.605040202179	0.12423999999998614	epochs	3.0
729.729280202179	0.2381599999999935	epochs	2.0
729.729280202179	0.12072000000000571	epochs	3.0
729.850000202179	0.11743999999998778	epochs	3.0
729.967440202179	0.2258399999999483	epochs	2.0
729.967440202179	0.11439999999993233	epochs	3.0
730.0818402021789	0.11144000000001597	epochs	3.0
730.1932802021789	0.21464000000003125	epochs	2.0
730.1932802021789	0.10864000000003671	epochs	3.0
730.301920202179	0.10599999999999454	epochs	3.0
730.407920202179	0.20447999999998956	epochs	2.0
730.407920202179	0.10343999999997777	epochs	3.0
730.5113602021789	0.10104000000001179	epochs	3.0
730.612400202179	0.1953600000000506	epochs	2.0
730.612400202179	0.0987999999999829	epochs	3.0
730.7112002021789	0.0965600000000677	epochs	3.0
730.807760202179	0.18695999999999913	epochs	2.0
730.807760202179	0.09447999999997592	epochs	3.0
730.902240202179	0.09248000000002321	epochs	3.0
730.994720202179	0.17919999999992342	epochs	2.0
730.994720202179	0.09047999999995682	epochs	3.0
731.085200202179	0.0887199999999666	epochs	3.0
731.1739202021789	0.17208000000005086	epochs	2.0
731.1739202021789	0.08688000000006468	epochs	3.0
731.260800202179	0.08519999999998618	epochs	3.0
731.346000202179	0.165520000000015	epochs	2.0
731.346000202179	0.08359999999993306	epochs	3.0
731.4296002021789	0.08192000000008193	epochs	3.0
731.511520202179	0.1595199999999295	epochs	2.0
731.511520202179	0.08047999999996591	epochs	3.0
731.592000202179	0.07903999999996358	epochs	3.0
731.6710402021789	0.15376000000003387	epochs	2.0
731.6710402021789	0.07760000000007494	epochs	3.0
731.748640202179	0.07615999999995893	epochs	3.0
731.824800202179	0.14855999999997493	epochs	2.0
731.824800202179	0.07496000000003278	epochs	3.0
731.899760202179	0.07359999999994216	epochs	3.0
731.9733602021789	0.14368000000001757	epochs	2.0
731.9733602021789	0.0724800000000414	epochs	3.0
732.045840202179	0.07119999999997617	epochs	3.0
732.1170402021789	0.1390400000000227	epochs	2.0
732.1170402021789	0.07007999999996173	epochs	3.0
732.1871202021789	0.06896000000006097	epochs	3.0
732.256080202179	0.13472000000001572	epochs	2.0
732.256080202179	0.06791999999995824	epochs	3.0
732.3240002021789	0.06680000000005748	epochs	3.0
732.390800202179	0.13071999999999662	epochs	2.0
732.390800202179	0.06583999999998014	epochs	3.0
732.456640202179	0.06488000000001648	epochs	3.0
732.521520202179	0.1268000000000029	epochs	2.0
732.521520202179	0.06384000000002743	epochs	3.0
732.585360202179	0.06295999999997548	epochs	3.0
732.648320202179	0.12328000000002248	epochs	2.0
732.648320202179	0.06207999999992353	epochs	3.0
732.7104002021789	0.06120000000009895	epochs	3.0
732.771600202179	0.11983999999995376	epochs	2.0
732.771600202179	0.060319999999933316	epochs	3.0
732.8319202021789	0.059520000000020445	epochs	3.0
732.891440202179	0.11663999999996122	epochs	2.0
732.891440202179	0.05871999999999389	epochs	3.0
732.950160202179	0.05791999999996733	epochs	3.0
733.0080802021789	0.11360000000001946	epochs	2.0
733.0080802021789	0.057200000000079854	epochs	3.0
733.065280202179	0.05639999999993961	epochs	3.0
733.1216802021789	0.1107200000000148	epochs	2.0
733.1216802021789	0.05568000000005213	epochs	3.0
733.177360202179	0.055039999999962674	epochs	3.0
733.232400202179	0.10792000000003554	epochs	2.0
733.232400202179	0.054240000000049804	epochs	3.0
733.286640202179	0.05367999999998574	epochs	3.0
733.340320202179	0.10527999999999338	epochs	2.0
733.340320202179	0.052959999999984575	epochs	3.0
733.393280202179	0.052320000000008804	epochs	3.0
733.445600202179	0.1028800000000274	epochs	2.0
733.445600202179	0.05175999999994474	epochs	3.0
733.4973602021789	0.051120000000082655	epochs	3.0
733.548480202179	0.10039999999992233	epochs	2.0
733.548480202179	0.0504799999999932	epochs	3.0
733.598960202179	0.04991999999992913	epochs	3.0
733.6488802021789	0.09824000000003252	epochs	2.0
733.6488802021789	0.049359999999978754	epochs	3.0
733.6982402021789	0.04888000000005377	epochs	3.0
733.747120202179	0.09600000000000364	epochs	2.0
733.747120202179	0.04823999999996431	epochs	3.0
733.7953602021789	0.04776000000003933	epochs	3.0
733.843120202179	0.09392000000002554	epochs	2.0
733.843120202179	0.04719999999997526	epochs	3.0
733.8903202021789	0.04672000000005028	epochs	3.0
733.937040202179	0.09191999999995915	epochs	2.0
733.937040202179	0.04615999999998621	epochs	3.0
733.983200202179	0.04575999999997293	epochs	3.0
734.028960202179	0.09008000000005723	epochs	2.0
734.028960202179	0.04528000000004795	epochs	3.0
734.074240202179	0.04480000000000928	epochs	3.0
734.119040202179	0.08815999999990254	epochs	2.0
734.119040202179	0.044319999999970605	epochs	3.0
734.163360202179	0.04383999999993193	epochs	3.0
734.2072002021789	0.0864800000000514	epochs	2.0
734.2072002021789	0.04344000000003234	epochs	3.0
734.2506402021789	0.04304000000001906	epochs	3.0
734.293680202179	0.0847199999999475	epochs	2.0
734.293680202179	0.04255999999998039	epochs	3.0
734.3362402021789	0.04215999999996711	epochs	3.0
734.3784002021789	0.08320000000003347	epochs	2.0
734.3784002021789	0.04176000000006752	epochs	3.0
734.420160202179	0.04143999999996595	epochs	3.0
734.4616002021789	0.08151999999995496	epochs	2.0
734.4616002021789	0.040960000000040964	epochs	3.0
734.502560202179	0.040559999999914	epochs	3.0
734.5431202021789	0.08008000000006632	epochs	2.0
734.5431202021789	0.0402400000000398	epochs	3.0
734.5833602021789	0.03984000000002652	epochs	3.0
734.623200202179	0.0786399999999503	epochs	2.0
734.623200202179	0.039520000000038635	epochs	3.0
734.662720202179	0.03911999999991167	epochs	3.0
734.7018402021789	0.07720000000006166	epochs	2.0
734.7018402021789	0.03880000000003747	epochs	3.0
734.740640202179	0.03840000000002419	epochs	3.0
734.779040202179	0.07591999999999643	epochs	2.0
734.779040202179	0.03815999999994801	epochs	3.0
734.8172002021789	0.03776000000004842	epochs	3.0
734.854960202179	0.0745600000000195	epochs	2.0
734.854960202179	0.03743999999994685	epochs	3.0
734.8924002021789	0.03712000000007265	epochs	3.0
734.929520202179	0.07335999999997966	epochs	2.0
734.929520202179	0.03679999999997108	epochs	3.0
734.966320202179	0.036560000000008586	epochs	3.0
735.002880202179	0.07208000000002812	epochs	2.0
735.002880202179	0.03615999999999531	epochs	3.0
735.039040202179	0.035920000000032815	epochs	3.0
735.074960202179	0.07087999999998829	epochs	2.0
735.074960202179	0.03559999999993124	epochs	3.0
735.1105602021789	0.035280000000057044	epochs	3.0
735.145840202179	0.06983999999999924	epochs	2.0
735.145840202179	0.035039999999980864	epochs	3.0
735.180880202179	0.03480000000001837	epochs	3.0
735.215680202179	0.0686399999999594	epochs	2.0
735.215680202179	0.0344799999999168	epochs	3.0
735.2501602021789	0.0341600000000426	epochs	3.0
735.284320202179	0.06759999999997035	epochs	2.0
735.284320202179	0.03391999999996642	epochs	3.0
735.3182402021789	0.03368000000000393	epochs	3.0
735.3519202021789	0.0665599999999813	epochs	2.0
735.3519202021789	0.03344000000004144	epochs	3.0
735.385360202179	0.033119999999939864	epochs	3.0
735.4184802021789	0.06560000000001764	epochs	2.0
735.4184802021789	0.032960000000002765	epochs	3.0
735.4514402021789	0.03264000000001488	epochs	3.0
735.4840802021789	0.0645600000000286	epochs	2.0
735.4840802021789	0.03240000000005239	epochs	3.0
735.516480202179	0.03215999999997621	epochs	3.0
735.548640202179	0.06367999999997664	epochs	2.0
735.548640202179	0.03200000000003911	epochs	3.0
735.580640202179	0.031679999999937536	epochs	3.0
735.6123202021789	0.06272000000001299	epochs	2.0
735.6123202021789	0.03144000000008873	epochs	3.0
735.643760202179	0.03127999999992426	epochs	3.0
735.6750402021789	0.061840000000074724	epochs	2.0
735.6750402021789	0.03104000000007545	epochs	3.0
735.706080202179	0.030799999999999272	epochs	3.0
735.736880202179	0.06095999999990909	epochs	2.0
735.736880202179	0.030559999999923093	epochs	3.0
735.7674402021789	0.030399999999985994	epochs	3.0
735.7978402021789	0.060159999999996217	epochs	2.0
735.7978402021789	0.0301600000000235	epochs	3.0
735.8280002021789	0.029999999999972715	epochs	3.0
735.8580002021789	0.05928000000005795	epochs	2.0
735.8580002021789	0.02967999999998483	epochs	3.0
735.8876802021789	0.029600000000073123	epochs	3.0
735.917280202179	0.058480000000031396	epochs	2.0
735.917280202179	0.029359999999996944	epochs	3.0
735.946640202179	0.02912000000003445	epochs	3.0
735.975760202179	0.057759999999916545	epochs	2.0
735.975760202179	0.028959999999983665	epochs	3.0
736.004720202179	0.02879999999993288	epochs	3.0
736.0335202021789	0.056960000000003674	epochs	2.0
736.0335202021789	0.028560000000084074	epochs	3.0
736.062080202179	0.0283999999999196	epochs	3.0
736.0904802021789	0.05624000000000251	epochs	2.0
736.0904802021789	0.028160000000070795	epochs	3.0
736.118640202179	0.028079999999931715	epochs	3.0
736.1467202021789	0.05543999999997595	epochs	2.0
736.1467202021789	0.02784000000008291	epochs	3.0
736.174560202179	0.027599999999893043	epochs	3.0
736.2021602021789	0.054880000000025575	epochs	2.0
736.2021602021789	0.027520000000095024	epochs	3.0
736.229680202179	0.02735999999993055	epochs	3.0
736.2570402021789	0.05407999999999902	epochs	2.0
736.2570402021789	0.027120000000081745	epochs	3.0
736.284160202179	0.026959999999917272	epochs	3.0
736.3111202021789	0.05344000000002325	epochs	2.0
736.3111202021789	0.026799999999980173	epochs	3.0
736.3379202021789	0.026640000000043074	epochs	3.0
736.364560202179	0.05287999999995918	epochs	2.0
736.364560202179	0.026479999999992287	epochs	3.0
736.3910402021789	0.026399999999966894	epochs	3.0
736.4174402021789	0.052160000000071705	epochs	2.0
736.4174402021789	0.026160000000004402	epochs	3.0
736.4436002021789	0.026000000000067303	epochs	3.0
736.469600202179	0.05151999999998225	epochs	2.0
736.469600202179	0.025840000000016516	epochs	3.0
736.495440202179	0.02567999999996573	epochs	3.0
736.521120202179	0.05096000000003187	epochs	2.0
736.521120202179	0.025599999999940337	epochs	3.0
736.5467202021789	0.02536000000009153	epochs	3.0
736.572080202179	0.050399999999967804	epochs	2.0
736.572080202179	0.02527999999995245	epochs	3.0
736.597360202179	0.025120000000015352	epochs	3.0
736.622480202179	0.04975999999999203	epochs	2.0
736.622480202179	0.024959999999964566	epochs	3.0
736.6474402021789	0.024800000000027467	epochs	3.0
736.672240202179	0.049200000000041655	epochs	2.0
736.672240202179	0.02463999999997668	epochs	3.0
736.6968802021789	0.024560000000064974	epochs	3.0
736.721440202179	0.04872000000000298	epochs	2.0
736.721440202179	0.0243999999999005	epochs	3.0
736.7458402021789	0.024320000000102482	epochs	3.0
736.770160202179	0.048079999999913525	epochs	2.0
736.770160202179	0.024079999999912616	epochs	3.0
736.7942402021789	0.02400000000000091	epochs	3.0
736.8182402021789	0.04759999999998854	epochs	2.0
736.8182402021789	0.02384000000006381	epochs	3.0
736.842080202179	0.02375999999992473	epochs	3.0
736.8658402021789	0.047120000000063555	epochs	2.0
736.8658402021789	0.023600000000101318	epochs	3.0
736.889440202179	0.023519999999962238	epochs	3.0
736.912960202179	0.04655999999999949	epochs	2.0
736.912960202179	0.02336000000002514	epochs	3.0
736.936320202179	0.023199999999974352	epochs	3.0
736.959520202179	0.04607999999996082	epochs	2.0
736.959520202179	0.02311999999994896	epochs	3.0
736.9826402021789	0.02296000000001186	epochs	3.0
737.0056002021789	0.045600000000035834	epochs	2.0
737.0056002021789	0.022879999999986467	epochs	3.0
737.0284802021789	0.022720000000049367	epochs	3.0
737.051200202179	0.04511999999999716	epochs	2.0
737.051200202179	0.022640000000023974	epochs	3.0
737.073840202179	0.022479999999973188	epochs	3.0
737.096320202179	0.04463999999995849	epochs	2.0
737.096320202179	0.022399999999947795	epochs	3.0
737.1187202021789	0.022240000000010696	epochs	3.0
737.1409602021789	0.0442400000000589	epochs	2.0
737.1409602021789	0.022159999999985303	epochs	3.0
737.1631202021789	0.022080000000073596	epochs	3.0
737.185200202179	0.04376000000002023	epochs	2.0
737.185200202179	0.02192000000002281	epochs	3.0
737.207120202179	0.021839999999997417	epochs	3.0
737.228960202179	0.04336000000000695	epochs	2.0
737.228960202179	0.021759999999972024	epochs	3.0
737.250720202179	0.021600000000034925	epochs	3.0
737.272320202179	0.04287999999996828	epochs	2.0
737.272320202179	0.02143999999998414	epochs	3.0
737.293760202179	0.02143999999998414	epochs	3.0
737.315200202179	0.042479999999955	epochs	2.0
737.315200202179	0.021279999999933352	epochs	3.0
737.3364802021789	0.021200000000021646	epochs	3.0
737.3576802021789	0.042080000000055406	epochs	2.0
737.3576802021789	0.021040000000084547	epochs	3.0
737.378720202179	0.02103999999997086	epochs	3.0
737.399760202179	0.04167999999992844	epochs	2.0
737.399760202179	0.020879999999920074	epochs	3.0
737.4206402021789	0.020800000000008367	epochs	3.0
737.4414402021789	0.041200000000003456	epochs	2.0
737.4414402021789	0.020640000000071268	epochs	3.0
737.462080202179	0.020559999999932188	epochs	3.0
737.4826402021789	0.04088000000001557	epochs	2.0
737.4826402021789	0.020560000000045875	epochs	3.0
737.503200202179	0.020319999999969696	epochs	3.0
737.5235202021789	0.040560000000027685	epochs	2.0
737.5235202021789	0.020319999999969696	epochs	3.0
737.5438402021789	0.02024000000005799	epochs	3.0
737.564080202179	0.04007999999998901	epochs	2.0
737.564080202179	0.020080000000007203	epochs	3.0
737.584160202179	0.01999999999998181	epochs	3.0
737.604160202179	0.03976000000000113	epochs	2.0
737.604160202179	0.019919999999956417	epochs	3.0
737.6240802021789	0.01984000000004471	epochs	3.0
737.643920202179	0.03944000000001324	epochs	2.0
737.643920202179	0.019760000000019318	epochs	3.0
737.663680202179	0.019679999999993925	epochs	3.0
737.683360202179	0.039039999999999964	epochs	2.0
737.683360202179	0.01951999999994314	epochs	3.0
737.7028802021789	0.019520000000056825	epochs	3.0
737.722400202179	0.038639999999986685	epochs	2.0
737.722400202179	0.01936000000000604	epochs	3.0
737.741760202179	0.019279999999980646	epochs	3.0
737.761040202179	0.03840000000002419	epochs	2.0
737.761040202179	0.019279999999980646	epochs	3.0
737.7803202021789	0.019120000000043547	epochs	3.0
737.799440202179	0.038000000000010914	epochs	2.0
737.799440202179	0.019040000000018154	epochs	3.0
737.818480202179	0.01895999999999276	epochs	3.0
737.837440202179	0.03768000000002303	epochs	2.0
737.837440202179	0.018879999999967367	epochs	3.0
737.856320202179	0.01880000000005566	epochs	3.0
737.875120202179	0.037359999999921456	epochs	2.0
737.875120202179	0.01871999999991658	epochs	3.0
737.8938402021789	0.018640000000004875	epochs	3.0
737.9124802021789	0.03704000000004726	epochs	2.0
737.9124802021789	0.018559999999979482	epochs	3.0
737.9310402021789	0.018480000000067776	epochs	3.0
737.949520202179	0.036719999999945685	epochs	2.0
737.949520202179	0.018399999999928696	epochs	3.0
737.9679202021789	0.01832000000001699	epochs	3.0
737.9862402021789	0.03647999999998319	epochs	2.0
737.9862402021789	0.018239999999991596	epochs	3.0
738.0044802021789	0.018239999999991596	epochs	3.0
738.0227202021789	0.0360800000000836	epochs	2.0
738.0227202021789	0.018080000000054497	epochs	3.0
738.040800202179	0.018000000000029104	epochs	3.0
738.058800202179	0.03584000000000742	epochs	2.0
738.058800202179	0.01792000000000371	epochs	3.0
738.076720202179	0.01792000000000371	epochs	3.0
738.094640202179	0.035520000000019536	epochs	2.0
738.094640202179	0.017759999999952925	epochs	3.0
738.112400202179	0.01776000000006661	epochs	3.0
738.130160202179	0.035199999999917964	epochs	2.0
738.130160202179	0.01767999999992753	epochs	3.0
738.1478402021789	0.017519999999990432	epochs	3.0
738.1653602021789	0.03496000000006916	epochs	2.0
738.1653602021789	0.017519999999990432	epochs	3.0
738.1828802021789	0.017440000000078726	epochs	3.0
738.200320202179	0.03471999999999298	epochs	2.0
738.200320202179	0.01743999999996504	epochs	3.0
738.217760202179	0.01728000000002794	epochs	3.0
738.235040202179	0.03440000000000509	epochs	2.0
738.235040202179	0.017200000000002547	epochs	3.0
738.252240202179	0.017200000000002547	epochs	3.0
738.269440202179	0.034159999999928914	epochs	2.0
738.269440202179	0.017119999999977153	epochs	3.0
738.286560202179	0.01703999999995176	epochs	3.0
738.3036002021789	0.033840000000054715	epochs	2.0
738.3036002021789	0.016960000000040054	epochs	3.0
738.320560202179	0.01688000000001466	epochs	3.0
738.337440202179	0.033599999999978536	epochs	2.0
738.337440202179	0.016799999999989268	epochs	3.0
738.354240202179	0.016799999999989268	epochs	3.0
738.371040202179	0.033360000000016043	epochs	2.0
738.371040202179	0.016719999999963875	epochs	3.0
738.3877602021789	0.01664000000005217	epochs	3.0
738.404400202179	0.033119999999939864	epochs	2.0
738.404400202179	0.016560000000026776	epochs	3.0
738.420960202179	0.01655999999991309	epochs	3.0
738.4375202021789	0.032800000000065666	epochs	2.0
738.4375202021789	0.016400000000089676	epochs	3.0
738.453920202179	0.01639999999997599	epochs	3.0
738.470320202179	0.032559999999989486	epochs	2.0
738.470320202179	0.016319999999950596	epochs	3.0
738.4866402021789	0.01624000000003889	epochs	3.0
738.502880202179	0.0323999999999387	epochs	2.0
738.502880202179	0.01624000000003889	epochs	3.0
738.519120202179	0.01615999999989981	epochs	3.0
738.5352802021789	0.0320800000000645	epochs	2.0
738.5352802021789	0.01608000000010179	epochs	3.0
738.551360202179	0.01599999999996271	epochs	3.0
738.567360202179	0.031920000000013715	epochs	2.0
738.567360202179	0.01599999999996271	epochs	3.0
738.5833602021789	0.015920000000051004	epochs	3.0
738.599280202179	0.03159999999991214	epochs	2.0
738.599280202179	0.015839999999911925	epochs	3.0
738.6151202021789	0.01576000000000022	epochs	3.0
738.6308802021789	0.03144000000008873	epochs	2.0
738.6308802021789	0.01576000000000022	epochs	3.0
738.6466402021789	0.015680000000088512	epochs	3.0
738.662320202179	0.03120000000001255	epochs	2.0
738.662320202179	0.015599999999949432	epochs	3.0
738.6779202021789	0.015600000000063119	epochs	3.0
738.693520202179	0.030959999999936372	epochs	2.0
738.693520202179	0.015519999999924039	epochs	3.0
738.7090402021789	0.015440000000012333	epochs	3.0
738.7244802021789	0.03071999999997388	epochs	2.0
738.7244802021789	0.015440000000012333	epochs	3.0
738.739920202179	0.015279999999961547	epochs	3.0
738.7552002021789	0.03056000000003678	epochs	2.0
738.7552002021789	0.015360000000100626	epochs	3.0
738.770560202179	0.015199999999936153	epochs	3.0
738.785760202179	0.0303199999999606	epochs	2.0
738.785760202179	0.01520000000004984	epochs	3.0
738.800960202179	0.01511999999991076	epochs	3.0
738.8160802021789	0.030079999999998108	epochs	2.0
738.8160802021789	0.015120000000024447	epochs	3.0
738.8312002021789	0.014959999999973661	epochs	3.0
738.8461602021789	0.02992000000006101	epochs	2.0
738.8461602021789	0.015039999999999054	epochs	3.0
738.8612002021789	0.014880000000061955	epochs	3.0
738.876080202179	0.02967999999998483	epochs	2.0
738.876080202179	0.014879999999948268	epochs	3.0
738.8909602021789	0.014800000000036562	epochs	3.0
738.905760202179	0.02952000000004773	epochs	2.0
738.905760202179	0.014800000000036562	epochs	3.0
738.920560202179	0.014720000000011169	epochs	3.0
738.935280202179	0.02927999999997155	epochs	2.0
738.935280202179	0.014719999999897482	epochs	3.0
738.9500002021789	0.01456000000007407	epochs	3.0
738.964560202179	0.02912000000003445	epochs	2.0
738.964560202179	0.014639999999985776	epochs	3.0
738.979200202179	0.014480000000048676	epochs	3.0
738.993680202179	0.028959999999983665	epochs	2.0
738.993680202179	0.01447999999993499	epochs	3.0
739.0081602021789	0.014480000000048676	epochs	3.0
739.022640202179	0.02863999999999578	epochs	2.0
739.022640202179	0.01431999999999789	epochs	3.0
739.036960202179	0.01431999999999789	epochs	3.0
739.051280202179	0.028559999999970387	epochs	2.0
739.051280202179	0.01431999999999789	epochs	3.0
739.065600202179	0.014239999999972497	epochs	3.0
739.079840202179	0.028320000000007894	epochs	2.0
739.079840202179	0.014159999999947104	epochs	3.0
739.0940002021789	0.01416000000006079	epochs	3.0
739.108160202179	0.028159999999957108	epochs	2.0
739.108160202179	0.014159999999947104	epochs	3.0
739.1223202021789	0.014000000000010004	epochs	3.0
739.1363202021789	0.02800000000002001	epochs	2.0
739.1363202021789	0.014000000000010004	epochs	3.0
739.1503202021789	0.014000000000010004	epochs	3.0
739.1643202021789	0.027760000000057516	epochs	2.0
739.1643202021789	0.013919999999984611	epochs	3.0
739.1782402021789	0.013840000000072905	epochs	3.0
739.192080202179	0.027679999999918437	epochs	2.0
739.192080202179	0.013839999999959218	epochs	3.0
739.205920202179	0.013839999999959218	epochs	3.0
739.2197602021789	0.02744000000006963	epochs	2.0
739.2197602021789	0.013760000000047512	epochs	3.0
739.233520202179	0.013680000000022119	epochs	3.0
739.247200202179	0.027280000000018845	epochs	2.0
739.247200202179	0.013680000000022119	epochs	3.0
739.260880202179	0.013599999999996726	epochs	3.0
739.274480202179	0.02711999999996806	epochs	2.0
739.274480202179	0.013519999999971333	epochs	3.0
739.288000202179	0.013599999999996726	epochs	3.0
739.301600202179	0.026880000000005566	epochs	2.0
739.301600202179	0.01343999999994594	epochs	3.0
739.3150402021789	0.013440000000059626	epochs	3.0
739.328480202179	0.026799999999980173	epochs	2.0
739.328480202179	0.01343999999994594	epochs	3.0
739.3419202021789	0.013360000000034233	epochs	3.0
739.355280202179	0.02656000000001768	epochs	2.0
739.355280202179	0.01328000000000884	epochs	3.0
739.368560202179	0.01328000000000884	epochs	3.0
739.381840202179	0.026479999999992287	epochs	2.0
739.381840202179	0.01328000000000884	epochs	3.0
739.395120202179	0.013199999999983447	epochs	3.0
739.408320202179	0.026240000000029795	epochs	2.0
739.408320202179	0.013119999999958054	epochs	3.0
739.4214402021789	0.013120000000071741	epochs	3.0
739.434560202179	0.026160000000004402	epochs	2.0
739.434560202179	0.013119999999958054	epochs	3.0
739.447680202179	0.013040000000046348	epochs	3.0
739.460720202179	0.025999999999953616	epochs	2.0
739.460720202179	0.013039999999932661	epochs	3.0
739.4737602021789	0.012960000000020955	epochs	3.0
739.486720202179	0.025759999999991123	epochs	2.0
739.486720202179	0.012879999999995562	epochs	3.0
739.499600202179	0.012879999999995562	epochs	3.0
739.512480202179	0.02567999999996573	epochs	2.0
739.512480202179	0.012879999999995562	epochs	3.0
739.525360202179	0.012799999999970169	epochs	3.0
739.5381602021789	0.02552000000002863	epochs	2.0
739.5381602021789	0.012800000000083855	epochs	3.0
739.550960202179	0.012719999999944775	epochs	3.0
739.563680202179	0.025359999999977845	epochs	2.0
739.563680202179	0.012720000000058462	epochs	3.0
739.576400202179	0.012639999999919382	epochs	3.0
739.5890402021789	0.025200000000040745	epochs	2.0
739.5890402021789	0.01264000000003307	epochs	3.0
739.601680202179	0.012560000000007676	epochs	3.0
739.614240202179	0.024559999999951287	epochs	2.0
739.6384034021789	0.5	epochs	-1.0
739.6388002021789	0.5192000000000689	epochs	1.0
740.158000202179	0.48072000000001935	epochs	0.0
743.1199998855591	0.20079999999995835	epochs	0.0
743.1199998855591	0.09536000000002787	epochs	1.0
743.2153598855591	0.010080000000016298	epochs	1.0
743.2254398855591	0.09535999999991418	epochs	1.0
743.320799885559	2.0	epochs	0.0
745.320799885559	21.51944000000003	epochs	0.0
745.320799885559	1.0	epochs	1.0
745.3208030855591	0.5	epochs	-1.0
745.8208030855591	19.999599999999987	epochs	-1.0
746.320799885559	20.0	epochs	1.0
746.320799885559	8.000000002539309e-05	epochs	2.0
746.3208798855591	4.356719999999996	epochs	-1.0
746.3208798855591	1.9745599999999968	epochs	2.0
746.3208798855591	1.0985600000000204	epochs	3.0
747.4194398855591	0.8759999999999764	epochs	3.0
748.2954398855591	1.3523999999999887	epochs	2.0
748.2954398855591	0.7286400000000413	epochs	3.0
749.0240798855591	0.6237599999999475	epochs	3.0
749.647839885559	1.0297600000000102	epochs	2.0
749.647839885559	0.5453600000000733	epochs	3.0
750.1931998855591	0.4843999999999369	epochs	3.0
750.6775998855591	0.8317600000000311	epochs	2.0
750.6775998855591	0.435760000000073	epochs	3.0
751.1133598855591	0.39599999999995816	epochs	3.0
751.5093598855591	0.697840000000042	epochs	2.0
751.5093598855591	0.3628800000000183	epochs	3.0
751.8722398855591	0.3349600000000237	epochs	3.0
752.2071998855591	0.6010399999998981	epochs	2.0
752.2071998855591	0.3108799999999974	epochs	3.0
752.5180798855591	0.2901599999999007	epochs	3.0
752.808239885559	0.5278400000000829	epochs	2.0
752.808239885559	0.2719200000000228	epochs	3.0
753.080159885559	0.2559200000000601	epochs	3.0
753.3360798855591	0.47064000000000306	epochs	2.0
753.3360798855591	0.24167999999997392	epochs	3.0
753.5777598855591	0.22896000000002914	epochs	3.0
753.8067198855591	0.42455999999992855	epochs	2.0
753.8067198855591	0.2174400000000105	epochs	3.0
754.0241598855591	0.20711999999991804	epochs	3.0
754.231279885559	0.3867200000000821	epochs	2.0
754.231279885559	0.1976799999999912	epochs	3.0
754.428959885559	0.1890400000000909	epochs	3.0
754.6179998855591	0.3551199999999426	epochs	2.0
754.6179998855591	0.1811999999999898	epochs	3.0
754.7991998855591	0.17391999999995278	epochs	3.0
754.9731198855591	0.3282400000000507	epochs	2.0
754.9731198855591	0.1671999999999798	epochs	3.0
755.140319885559	0.1610400000000709	epochs	3.0
755.3013598855591	0.30520000000001346	epochs	2.0
755.3013598855591	0.1552799999999479	epochs	3.0
755.4566398855591	0.14992000000006556	epochs	3.0
755.6065598855591	0.28511999999989257	epochs	2.0
755.6065598855591	0.14487999999994372	epochs	3.0
755.7514398855591	0.14023999999994885	epochs	3.0
755.891679885559	0.2675200000001041	epochs	2.0
755.891679885559	0.13584000000003016	epochs	3.0
756.0275198855591	0.13168000000007396	epochs	3.0
756.1591998855591	0.2520799999999781	epochs	2.0
756.1591998855591	0.12783999999999196	epochs	3.0
756.2870398855591	0.12423999999998614	epochs	3.0
756.4112798855591	0.2381599999999935	epochs	2.0
756.4112798855591	0.12072000000000571	epochs	3.0
756.5319998855591	0.11743999999998778	epochs	3.0
756.6494398855591	0.2258399999999483	epochs	2.0
756.6494398855591	0.11439999999993233	epochs	3.0
756.763839885559	0.11144000000001597	epochs	3.0
756.875279885559	0.21464000000003125	epochs	2.0
756.875279885559	0.10864000000003671	epochs	3.0
756.9839198855591	0.10599999999999454	epochs	3.0
757.0899198855591	0.20447999999998956	epochs	2.0
757.0899198855591	0.10343999999997777	epochs	3.0
757.1933598855591	0.10104000000001179	epochs	3.0
757.2943998855591	0.1953600000000506	epochs	2.0
757.2943998855591	0.0987999999999829	epochs	3.0
757.393199885559	0.0965600000000677	epochs	3.0
757.4897598855591	0.18695999999999913	epochs	2.0
757.4897598855591	0.09447999999997592	epochs	3.0
757.5842398855591	0.09248000000002321	epochs	3.0
757.6767198855591	0.17919999999992342	epochs	2.0
757.6767198855591	0.09047999999995682	epochs	3.0
757.7671998855591	0.0887199999999666	epochs	3.0
757.855919885559	0.17208000000005086	epochs	2.0
757.855919885559	0.08688000000006468	epochs	3.0
757.9427998855591	0.08519999999998618	epochs	3.0
758.0279998855591	0.165520000000015	epochs	2.0
758.0279998855591	0.08359999999993306	epochs	3.0
758.111599885559	0.08192000000008193	epochs	3.0
758.1935198855591	0.1595199999999295	epochs	2.0
758.1935198855591	0.08047999999996591	epochs	3.0
758.2739998855591	0.07903999999996358	epochs	3.0
758.353039885559	0.15376000000003387	epochs	2.0
758.353039885559	0.07760000000007494	epochs	3.0
758.4306398855591	0.07615999999995893	epochs	3.0
758.5067998855591	0.14855999999997493	epochs	2.0
758.5067998855591	0.07496000000003278	epochs	3.0
758.5817598855591	0.07359999999994216	epochs	3.0
758.655359885559	0.14368000000001757	epochs	2.0
758.655359885559	0.0724800000000414	epochs	3.0
758.7278398855591	0.07119999999997617	epochs	3.0
758.7990398855591	0.1390400000000227	epochs	2.0
758.7990398855591	0.07007999999996173	epochs	3.0
758.869119885559	0.06896000000006097	epochs	3.0
758.9380798855591	0.13472000000001572	epochs	2.0
758.9380798855591	0.06791999999995824	epochs	3.0
759.005999885559	0.06680000000005748	epochs	3.0
759.0727998855591	0.13071999999999662	epochs	2.0
759.0727998855591	0.06583999999998014	epochs	3.0
759.1386398855591	0.06488000000001648	epochs	3.0
759.2035198855591	0.1268000000000029	epochs	2.0
759.2035198855591	0.06384000000002743	epochs	3.0
759.2673598855591	0.06295999999997548	epochs	3.0
759.3303198855591	0.12328000000002248	epochs	2.0
759.3303198855591	0.06207999999992353	epochs	3.0
759.392399885559	0.06120000000009895	epochs	3.0
759.4535998855591	0.11983999999995376	epochs	2.0
759.4535998855591	0.060319999999933316	epochs	3.0
759.5139198855591	0.059520000000020445	epochs	3.0
759.5734398855591	0.11663999999996122	epochs	2.0
759.5734398855591	0.05871999999999389	epochs	3.0
759.6321598855591	0.05791999999996733	epochs	3.0
759.690079885559	0.11360000000001946	epochs	2.0
759.690079885559	0.057200000000079854	epochs	3.0
759.7472798855591	0.05639999999993961	epochs	3.0
759.8036798855591	0.1107200000000148	epochs	2.0
759.8036798855591	0.05568000000005213	epochs	3.0
759.8593598855591	0.055039999999962674	epochs	3.0
759.9143998855591	0.10792000000003554	epochs	2.0
759.9143998855591	0.054240000000049804	epochs	3.0
759.9686398855591	0.05367999999998574	epochs	3.0
760.0223198855591	0.10527999999999338	epochs	2.0
760.0223198855591	0.052959999999984575	epochs	3.0
760.0752798855591	0.052320000000008804	epochs	3.0
760.1275998855591	0.1028800000000274	epochs	2.0
760.1275998855591	0.05175999999994474	epochs	3.0
760.179359885559	0.051120000000082655	epochs	3.0
760.2304798855591	0.10039999999992233	epochs	2.0
760.2304798855591	0.0504799999999932	epochs	3.0
760.2809598855591	0.04991999999992913	epochs	3.0
760.330879885559	0.09824000000003252	epochs	2.0
760.330879885559	0.049359999999978754	epochs	3.0
760.380239885559	0.04888000000005377	epochs	3.0
760.4291198855591	0.09600000000000364	epochs	2.0
760.4291198855591	0.04823999999996431	epochs	3.0
760.477359885559	0.04776000000003933	epochs	3.0
760.5251198855591	0.09392000000002554	epochs	2.0
760.5251198855591	0.04719999999997526	epochs	3.0
760.5723198855591	0.04672000000005028	epochs	3.0
760.6190398855591	0.09191999999995915	epochs	2.0
760.6190398855591	0.04615999999998621	epochs	3.0
760.6651998855591	0.04575999999997293	epochs	3.0
760.7109598855591	0.09008000000005723	epochs	2.0
760.7109598855591	0.04528000000004795	epochs	3.0
760.7562398855591	0.04480000000000928	epochs	3.0
760.8010398855591	0.08815999999990254	epochs	2.0
760.8010398855591	0.044319999999970605	epochs	3.0
760.8453598855591	0.04383999999993193	epochs	3.0
760.889199885559	0.0864800000000514	epochs	2.0
760.889199885559	0.04344000000003234	epochs	3.0
760.9326398855591	0.04304000000001906	epochs	3.0
760.9756798855591	0.0847199999999475	epochs	2.0
760.9756798855591	0.04255999999998039	epochs	3.0
761.0182398855591	0.04215999999996711	epochs	3.0
761.060399885559	0.08320000000003347	epochs	2.0
761.060399885559	0.04176000000006752	epochs	3.0
761.1021598855591	0.04143999999996595	epochs	3.0
761.1435998855591	0.08151999999995496	epochs	2.0
761.1435998855591	0.040960000000040964	epochs	3.0
761.1845598855591	0.040559999999914	epochs	3.0
761.225119885559	0.08008000000006632	epochs	2.0
761.225119885559	0.0402400000000398	epochs	3.0
761.2653598855591	0.03984000000002652	epochs	3.0
761.3051998855591	0.0786399999999503	epochs	2.0
761.3051998855591	0.039520000000038635	epochs	3.0
761.3447198855591	0.03911999999991167	epochs	3.0
761.383839885559	0.07720000000006166	epochs	2.0
761.383839885559	0.03880000000003747	epochs	3.0
761.4226398855591	0.03840000000002419	epochs	3.0
761.4610398855591	0.07591999999999643	epochs	2.0
761.4610398855591	0.03815999999994801	epochs	3.0
761.499199885559	0.03776000000004842	epochs	3.0
761.5369598855591	0.0745600000000195	epochs	2.0
761.5369598855591	0.03743999999994685	epochs	3.0
761.574399885559	0.03712000000007265	epochs	3.0
761.6115198855591	0.07335999999997966	epochs	2.0
761.6115198855591	0.03679999999997108	epochs	3.0
761.6483198855591	0.036560000000008586	epochs	3.0
761.6848798855591	0.07208000000002812	epochs	2.0
761.6848798855591	0.03615999999999531	epochs	3.0
761.7210398855591	0.035920000000032815	epochs	3.0
761.7569598855591	0.07087999999998829	epochs	2.0
761.7569598855591	0.03559999999993124	epochs	3.0
761.7925598855591	0.035280000000057044	epochs	3.0
761.8278398855591	0.06983999999999924	epochs	2.0
761.8278398855591	0.035039999999980864	epochs	3.0
761.8628798855591	0.03480000000001837	epochs	3.0
761.8976798855591	0.0686399999999594	epochs	2.0
761.8976798855591	0.0344799999999168	epochs	3.0
761.932159885559	0.0341600000000426	epochs	3.0
761.9663198855591	0.06759999999997035	epochs	2.0
761.9663198855591	0.03391999999996642	epochs	3.0
762.000239885559	0.03368000000000393	epochs	3.0
762.033919885559	0.0665599999999813	epochs	2.0
762.033919885559	0.03344000000004144	epochs	3.0
762.0673598855591	0.033119999999939864	epochs	3.0
762.100479885559	0.06560000000001764	epochs	2.0
762.100479885559	0.032960000000002765	epochs	3.0
762.133439885559	0.03264000000001488	epochs	3.0
762.166079885559	0.0645600000000286	epochs	2.0
762.166079885559	0.03240000000005239	epochs	3.0
762.1984798855591	0.03215999999997621	epochs	3.0
762.2306398855591	0.06367999999997664	epochs	2.0
762.2306398855591	0.03200000000003911	epochs	3.0
762.2626398855591	0.031679999999937536	epochs	3.0
762.294319885559	0.06272000000001299	epochs	2.0
762.294319885559	0.03144000000008873	epochs	3.0
762.3257598855591	0.03127999999992426	epochs	3.0
762.3570398855591	0.061840000000074724	epochs	2.0
762.3570398855591	0.03104000000007545	epochs	3.0
762.3880798855591	0.030799999999999272	epochs	3.0
762.4188798855591	0.06095999999990909	epochs	2.0
762.4188798855591	0.030559999999923093	epochs	3.0
762.4494398855591	0.030399999999985994	epochs	3.0
762.479839885559	0.060159999999996217	epochs	2.0
762.479839885559	0.0301600000000235	epochs	3.0
762.5099998855591	0.029999999999972715	epochs	3.0
762.539999885559	0.05928000000005795	epochs	2.0
762.539999885559	0.02967999999998483	epochs	3.0
762.569679885559	0.029600000000073123	epochs	3.0
762.5992798855591	0.058480000000031396	epochs	2.0
762.5992798855591	0.029359999999996944	epochs	3.0
762.6286398855591	0.02912000000003445	epochs	3.0
762.6577598855591	0.057759999999916545	epochs	2.0
762.6577598855591	0.028959999999983665	epochs	3.0
762.6867198855591	0.02879999999993288	epochs	3.0
762.715519885559	0.056960000000003674	epochs	2.0
762.715519885559	0.028560000000084074	epochs	3.0
762.7440798855591	0.0283999999999196	epochs	3.0
762.772479885559	0.05624000000000251	epochs	2.0
762.772479885559	0.028160000000070795	epochs	3.0
762.8006398855591	0.028079999999931715	epochs	3.0
762.828719885559	0.05543999999997595	epochs	2.0
762.828719885559	0.02784000000008291	epochs	3.0
762.8565598855591	0.027599999999893043	epochs	3.0
762.884159885559	0.054880000000025575	epochs	2.0
762.884159885559	0.027520000000095024	epochs	3.0
762.9116798855591	0.02735999999993055	epochs	3.0
762.939039885559	0.05407999999999902	epochs	2.0
762.939039885559	0.027120000000081745	epochs	3.0
762.9661598855591	0.026959999999917272	epochs	3.0
762.993119885559	0.05344000000002325	epochs	2.0
762.993119885559	0.026799999999980173	epochs	3.0
763.019919885559	0.026640000000043074	epochs	3.0
763.0465598855591	0.05287999999995918	epochs	2.0
763.0465598855591	0.026479999999992287	epochs	3.0
763.0730398855591	0.026399999999966894	epochs	3.0
763.099439885559	0.052160000000071705	epochs	2.0
763.099439885559	0.026160000000004402	epochs	3.0
763.125599885559	0.026000000000067303	epochs	3.0
763.1515998855591	0.05151999999998225	epochs	2.0
763.1515998855591	0.025840000000016516	epochs	3.0
763.1774398855591	0.02567999999996573	epochs	3.0
763.2031198855591	0.05096000000003187	epochs	2.0
763.2031198855591	0.025599999999940337	epochs	3.0
763.228719885559	0.02536000000009153	epochs	3.0
763.2540798855591	0.050399999999967804	epochs	2.0
763.2540798855591	0.02527999999995245	epochs	3.0
763.2793598855591	0.025120000000015352	epochs	3.0
763.3044798855591	0.04975999999999203	epochs	2.0
763.3044798855591	0.024959999999964566	epochs	3.0
763.329439885559	0.024800000000027467	epochs	3.0
763.3542398855591	0.049200000000041655	epochs	2.0
763.3542398855591	0.02463999999997668	epochs	3.0
763.3788798855591	0.024560000000064974	epochs	3.0
763.4034398855591	0.04872000000000298	epochs	2.0
763.4034398855591	0.0243999999999005	epochs	3.0
763.427839885559	0.024320000000102482	epochs	3.0
763.4521598855591	0.048079999999913525	epochs	2.0
763.4521598855591	0.024079999999912616	epochs	3.0
763.476239885559	0.02400000000000091	epochs	3.0
763.500239885559	0.04759999999998854	epochs	2.0
763.500239885559	0.02384000000006381	epochs	3.0
763.5240798855591	0.02375999999992473	epochs	3.0
763.547839885559	0.047120000000063555	epochs	2.0
763.547839885559	0.023600000000101318	epochs	3.0
763.5714398855591	0.023519999999962238	epochs	3.0
763.5949598855591	0.04655999999999949	epochs	2.0
763.5949598855591	0.02336000000002514	epochs	3.0
763.6183198855591	0.023199999999974352	epochs	3.0
763.6415198855591	0.04607999999996082	epochs	2.0
763.6415198855591	0.02311999999994896	epochs	3.0
763.664639885559	0.02296000000001186	epochs	3.0
763.687599885559	0.045600000000035834	epochs	2.0
763.687599885559	0.022879999999986467	epochs	3.0
763.710479885559	0.022720000000049367	epochs	3.0
763.7331998855591	0.04511999999999716	epochs	2.0
763.7331998855591	0.022640000000023974	epochs	3.0
763.7558398855591	0.022479999999973188	epochs	3.0
763.7783198855591	0.04463999999995849	epochs	2.0
763.7783198855591	0.022399999999947795	epochs	3.0
763.800719885559	0.022240000000010696	epochs	3.0
763.822959885559	0.0442400000000589	epochs	2.0
763.822959885559	0.022159999999985303	epochs	3.0
763.845119885559	0.022080000000073596	epochs	3.0
763.8671998855591	0.04376000000002023	epochs	2.0
763.8671998855591	0.02192000000002281	epochs	3.0
763.8891198855591	0.021839999999997417	epochs	3.0
763.9109598855591	0.04336000000000695	epochs	2.0
763.9109598855591	0.021759999999972024	epochs	3.0
763.9327198855591	0.021600000000034925	epochs	3.0
763.9543198855591	0.04287999999996828	epochs	2.0
763.9543198855591	0.02143999999998414	epochs	3.0
763.9757598855591	0.02143999999998414	epochs	3.0
763.9971998855591	0.042479999999955	epochs	2.0
763.9971998855591	0.021279999999933352	epochs	3.0
764.018479885559	0.021200000000021646	epochs	3.0
764.039679885559	0.042080000000055406	epochs	2.0
764.039679885559	0.021040000000084547	epochs	3.0
764.0607198855591	0.02103999999997086	epochs	3.0
764.0817598855591	0.04167999999992844	epochs	2.0
764.0817598855591	0.020879999999920074	epochs	3.0
764.102639885559	0.020800000000008367	epochs	3.0
764.123439885559	0.041200000000003456	epochs	2.0
764.123439885559	0.020640000000071268	epochs	3.0
764.1440798855591	0.020559999999932188	epochs	3.0
764.164639885559	0.04088000000001557	epochs	2.0
764.164639885559	0.020560000000045875	epochs	3.0
764.1851998855591	0.020319999999969696	epochs	3.0
764.205519885559	0.040560000000027685	epochs	2.0
764.205519885559	0.020319999999969696	epochs	3.0
764.225839885559	0.02024000000005799	epochs	3.0
764.2460798855591	0.04007999999998901	epochs	2.0
764.2460798855591	0.020080000000007203	epochs	3.0
764.2661598855591	0.01999999999998181	epochs	3.0
764.2861598855591	0.03976000000000113	epochs	2.0
764.2861598855591	0.019919999999956417	epochs	3.0
764.306079885559	0.01984000000004471	epochs	3.0
764.3259198855591	0.03944000000001324	epochs	2.0
764.3259198855591	0.019760000000019318	epochs	3.0
764.3456798855591	0.019679999999993925	epochs	3.0
764.3653598855591	0.039039999999999964	epochs	2.0
764.3653598855591	0.01951999999994314	epochs	3.0
764.384879885559	0.019520000000056825	epochs	3.0
764.4043998855591	0.038639999999986685	epochs	2.0
764.4043998855591	0.01936000000000604	epochs	3.0
764.4237598855591	0.019279999999980646	epochs	3.0
764.4430398855591	0.03840000000002419	epochs	2.0
764.4430398855591	0.019279999999980646	epochs	3.0
764.462319885559	0.019120000000043547	epochs	3.0
764.4814398855591	0.038000000000010914	epochs	2.0
764.4814398855591	0.019040000000018154	epochs	3.0
764.5004798855591	0.01895999999999276	epochs	3.0
764.5194398855591	0.03768000000002303	epochs	2.0
764.5194398855591	0.018879999999967367	epochs	3.0
764.5383198855591	0.01880000000005566	epochs	3.0
764.5571198855591	0.037359999999921456	epochs	2.0
764.5571198855591	0.01871999999991658	epochs	3.0
764.575839885559	0.018640000000004875	epochs	3.0
764.594479885559	0.03704000000004726	epochs	2.0
764.594479885559	0.018559999999979482	epochs	3.0
764.613039885559	0.018480000000067776	epochs	3.0
764.6315198855591	0.036719999999945685	epochs	2.0
764.6315198855591	0.018399999999928696	epochs	3.0
764.649919885559	0.01832000000001699	epochs	3.0
764.668239885559	0.03647999999998319	epochs	2.0
764.668239885559	0.018239999999991596	epochs	3.0
764.686479885559	0.018239999999991596	epochs	3.0
764.704719885559	0.0360800000000836	epochs	2.0
764.704719885559	0.018080000000054497	epochs	3.0
764.7227998855591	0.018000000000029104	epochs	3.0
764.7407998855591	0.03584000000000742	epochs	2.0
764.7407998855591	0.01792000000000371	epochs	3.0
764.7587198855591	0.01792000000000371	epochs	3.0
764.7766398855591	0.035520000000019536	epochs	2.0
764.7766398855591	0.017759999999952925	epochs	3.0
764.7943998855591	0.01776000000006661	epochs	3.0
764.8121598855591	0.035199999999917964	epochs	2.0
764.8121598855591	0.01767999999992753	epochs	3.0
764.8298398855591	0.017519999999990432	epochs	3.0
764.8473598855591	0.03496000000006916	epochs	2.0
764.8473598855591	0.017519999999990432	epochs	3.0
764.864879885559	0.017440000000078726	epochs	3.0
764.8823198855591	0.03471999999999298	epochs	2.0
764.8823198855591	0.01743999999996504	epochs	3.0
764.8997598855591	0.01728000000002794	epochs	3.0
764.9170398855591	0.03440000000000509	epochs	2.0
764.9170398855591	0.017200000000002547	epochs	3.0
764.9342398855591	0.017200000000002547	epochs	3.0
764.9514398855591	0.034159999999928914	epochs	2.0
764.9514398855591	0.017119999999977153	epochs	3.0
764.9685598855591	0.01703999999995176	epochs	3.0
764.985599885559	0.033840000000054715	epochs	2.0
764.985599885559	0.016960000000040054	epochs	3.0
765.0025598855591	0.01688000000001466	epochs	3.0
765.0194398855591	0.033599999999978536	epochs	2.0
765.0194398855591	0.016799999999989268	epochs	3.0
765.0362398855591	0.016799999999989268	epochs	3.0
765.0530398855591	0.033360000000016043	epochs	2.0
765.0530398855591	0.016719999999963875	epochs	3.0
765.069759885559	0.01664000000005217	epochs	3.0
765.0863998855591	0.033119999999939864	epochs	2.0
765.0863998855591	0.016560000000026776	epochs	3.0
765.1029598855591	0.01655999999991309	epochs	3.0
765.119519885559	0.032800000000065666	epochs	2.0
765.119519885559	0.016400000000089676	epochs	3.0
765.1359198855591	0.01639999999997599	epochs	3.0
765.1523198855591	0.032559999999989486	epochs	2.0
765.1523198855591	0.016319999999950596	epochs	3.0
765.1686398855591	0.01624000000003889	epochs	3.0
765.1848798855591	0.0323999999999387	epochs	2.0
765.1848798855591	0.01624000000003889	epochs	3.0
765.2011198855591	0.01615999999989981	epochs	3.0
765.217279885559	0.0320800000000645	epochs	2.0
765.217279885559	0.01608000000010179	epochs	3.0
765.2333598855591	0.01599999999996271	epochs	3.0
765.2493598855591	0.031920000000013715	epochs	2.0
765.2493598855591	0.01599999999996271	epochs	3.0
765.2653598855591	0.015920000000051004	epochs	3.0
765.2812798855591	0.03159999999991214	epochs	2.0
765.2812798855591	0.015839999999911925	epochs	3.0
765.297119885559	0.01576000000000022	epochs	3.0
765.312879885559	0.03144000000008873	epochs	2.0
765.312879885559	0.01576000000000022	epochs	3.0
765.328639885559	0.015680000000088512	epochs	3.0
765.3443198855591	0.03120000000001255	epochs	2.0
765.3443198855591	0.015599999999949432	epochs	3.0
765.3599198855591	0.015600000000063119	epochs	3.0
765.3755198855591	0.030959999999936372	epochs	2.0
765.3755198855591	0.015519999999924039	epochs	3.0
765.391039885559	0.015440000000012333	epochs	3.0
765.4064798855591	0.03071999999997388	epochs	2.0
765.4064798855591	0.015440000000012333	epochs	3.0
765.4219198855591	0.015279999999961547	epochs	3.0
765.437199885559	0.03056000000003678	epochs	2.0
765.437199885559	0.015360000000100626	epochs	3.0
765.4525598855591	0.015199999999936153	epochs	3.0
765.4677598855591	0.0303199999999606	epochs	2.0
765.4677598855591	0.01520000000004984	epochs	3.0
765.4829598855591	0.01511999999991076	epochs	3.0
765.498079885559	0.030079999999998108	epochs	2.0
765.498079885559	0.015120000000024447	epochs	3.0
765.5131998855591	0.014959999999973661	epochs	3.0
765.528159885559	0.02992000000006101	epochs	2.0
765.528159885559	0.015039999999999054	epochs	3.0
765.543199885559	0.014880000000061955	epochs	3.0
765.5580798855591	0.02967999999998483	epochs	2.0
765.5580798855591	0.014879999999948268	epochs	3.0
765.572959885559	0.014800000000036562	epochs	3.0
765.5877598855591	0.02952000000004773	epochs	2.0
765.5877598855591	0.014800000000036562	epochs	3.0
765.6025598855591	0.014720000000011169	epochs	3.0
765.6172798855591	0.02927999999997155	epochs	2.0
765.6172798855591	0.014719999999897482	epochs	3.0
765.631999885559	0.01456000000007407	epochs	3.0
765.6465598855591	0.02912000000003445	epochs	2.0
765.6465598855591	0.014639999999985776	epochs	3.0
765.6611998855591	0.014480000000048676	epochs	3.0
765.6756798855591	0.028959999999983665	epochs	2.0
765.6756798855591	0.01447999999993499	epochs	3.0
765.6901598855591	0.014480000000048676	epochs	3.0
765.7046398855591	0.02863999999999578	epochs	2.0
765.7046398855591	0.01431999999999789	epochs	3.0
765.7189598855591	0.01431999999999789	epochs	3.0
765.7332798855591	0.028559999999970387	epochs	2.0
765.7332798855591	0.01431999999999789	epochs	3.0
765.7475998855591	0.014239999999972497	epochs	3.0
765.7618398855591	0.028320000000007894	epochs	2.0
765.7618398855591	0.014159999999947104	epochs	3.0
765.775999885559	0.01416000000006079	epochs	3.0
765.7901598855591	0.028159999999957108	epochs	2.0
765.7901598855591	0.014159999999947104	epochs	3.0
765.804319885559	0.014000000000010004	epochs	3.0
765.818319885559	0.02800000000002001	epochs	2.0
765.818319885559	0.014000000000010004	epochs	3.0
765.8323198855591	0.014000000000010004	epochs	3.0
765.8463198855591	0.027760000000057516	epochs	2.0
765.8463198855591	0.013919999999984611	epochs	3.0
765.860239885559	0.013840000000072905	epochs	3.0
765.8740798855591	0.027679999999918437	epochs	2.0
765.8740798855591	0.013839999999959218	epochs	3.0
765.8879198855591	0.013839999999959218	epochs	3.0
765.901759885559	0.02744000000006963	epochs	2.0
765.901759885559	0.013760000000047512	epochs	3.0
765.9155198855591	0.013680000000022119	epochs	3.0
765.9291998855591	0.027280000000018845	epochs	2.0
765.9291998855591	0.013680000000022119	epochs	3.0
765.9428798855591	0.013599999999996726	epochs	3.0
765.9564798855591	0.02711999999996806	epochs	2.0
765.9564798855591	0.013519999999971333	epochs	3.0
765.9699998855591	0.013599999999996726	epochs	3.0
765.9835998855591	0.026880000000005566	epochs	2.0
765.9835998855591	0.01343999999994594	epochs	3.0
765.997039885559	0.013440000000059626	epochs	3.0
766.0104798855591	0.026799999999980173	epochs	2.0
766.0104798855591	0.01343999999994594	epochs	3.0
766.023919885559	0.013360000000034233	epochs	3.0
766.0372798855591	0.02656000000001768	epochs	2.0
766.0372798855591	0.01328000000000884	epochs	3.0
766.0505598855591	0.01328000000000884	epochs	3.0
766.0638398855591	0.026479999999992287	epochs	2.0
766.0638398855591	0.01328000000000884	epochs	3.0
766.0771198855591	0.013199999999983447	epochs	3.0
766.0903198855591	0.026240000000029795	epochs	2.0
766.0903198855591	0.013119999999958054	epochs	3.0
766.103439885559	0.013120000000071741	epochs	3.0
766.1165598855591	0.026160000000004402	epochs	2.0
766.1165598855591	0.013119999999958054	epochs	3.0
766.1296798855591	0.013040000000046348	epochs	3.0
766.1427198855591	0.025999999999953616	epochs	2.0
766.1427198855591	0.013039999999932661	epochs	3.0
766.1557598855591	0.012960000000020955	epochs	3.0
766.1687198855591	0.025759999999991123	epochs	2.0
766.1687198855591	0.012879999999995562	epochs	3.0
766.1815998855591	0.012879999999995562	epochs	3.0
766.1944798855591	0.02567999999996573	epochs	2.0
766.1944798855591	0.012879999999995562	epochs	3.0
766.2073598855591	0.012799999999970169	epochs	3.0
766.220159885559	0.02552000000002863	epochs	2.0
766.220159885559	0.012800000000083855	epochs	3.0
766.2329598855591	0.012719999999944775	epochs	3.0
766.2456798855591	0.025359999999977845	epochs	2.0
766.2456798855591	0.012720000000058462	epochs	3.0
766.2583998855591	0.012639999999919382	epochs	3.0
766.271039885559	0.025200000000040745	epochs	2.0
766.271039885559	0.01264000000003307	epochs	3.0
766.2836798855591	0.012560000000007676	epochs	3.0
766.2962398855591	0.024559999999951287	epochs	2.0
766.3204030855591	0.5	epochs	-1.0
766.320799885559	0.5194400000000314	epochs	1.0
766.8402398855591	0.48048000000005686	epochs	0.0
780.0679998397827	0.20079999999995835	epochs	0.0
780.0679998397827	0.09536000000002787	epochs	1.0
780.1633598397827	0.010080000000016298	epochs	1.0
780.1734398397828	0.09535999999991418	epochs	1.0
780.2687998397827	2.0	epochs	0.0
782.2687998397827	21.55880000000002	epochs	0.0
782.2687998397827	1.0	epochs	1.0
782.2688030397827	0.5	epochs	-1.0
782.7688030397827	19.999680000000012	epochs	-1.0
783.2687998397827	20.0	epochs	1.0
783.2687998397827	8.000000002539309e-05	epochs	2.0
783.2688798397827	4.356719999999996	epochs	-1.0
783.2688798397827	1.9745599999999968	epochs	2.0
783.2688798397827	1.0985600000000204	epochs	3.0
784.3674398397827	0.8759999999999764	epochs	3.0
785.2434398397827	1.3523999999999887	epochs	2.0
785.2434398397827	0.7286400000000413	epochs	3.0
785.9720798397827	0.6237599999999475	epochs	3.0
786.5958398397827	1.0297600000000102	epochs	2.0
786.5958398397827	0.5453600000000733	epochs	3.0
787.1411998397828	0.4843999999999369	epochs	3.0
787.6255998397827	0.8317600000000311	epochs	2.0
787.6255998397827	0.435760000000073	epochs	3.0
788.0613598397828	0.39599999999995816	epochs	3.0
788.4573598397827	0.697840000000042	epochs	2.0
788.4573598397827	0.3628800000000183	epochs	3.0
788.8202398397827	0.3349600000000237	epochs	3.0
789.1551998397828	0.6010399999998981	epochs	2.0
789.1551998397828	0.3108799999999974	epochs	3.0
789.4660798397828	0.2901599999999007	epochs	3.0
789.7562398397827	0.5278400000000829	epochs	2.0
789.7562398397827	0.2719200000000228	epochs	3.0
790.0281598397827	0.2559200000000601	epochs	3.0
790.2840798397827	0.47064000000000306	epochs	2.0
790.2840798397827	0.24167999999997392	epochs	3.0
790.5257598397827	0.22896000000002914	epochs	3.0
790.7547198397828	0.42455999999992855	epochs	2.0
790.7547198397828	0.2174400000000105	epochs	3.0
790.9721598397828	0.20711999999991804	epochs	3.0
791.1792798397827	0.3867200000000821	epochs	2.0
791.1792798397827	0.1976799999999912	epochs	3.0
791.3769598397827	0.1890400000000909	epochs	3.0
791.5659998397828	0.3551199999999426	epochs	2.0
791.5659998397828	0.1811999999999898	epochs	3.0
791.7471998397828	0.17391999999995278	epochs	3.0
791.9211198397827	0.3282400000000507	epochs	2.0
791.9211198397827	0.1671999999999798	epochs	3.0
792.0883198397827	0.1610400000000709	epochs	3.0
792.2493598397828	0.30520000000001346	epochs	2.0
792.2493598397828	0.1552799999999479	epochs	3.0
792.4046398397827	0.14992000000006556	epochs	3.0
792.5545598397828	0.28511999999989257	epochs	2.0
792.5545598397828	0.14487999999994372	epochs	3.0
792.6994398397827	0.14023999999994885	epochs	3.0
792.8396798397827	0.2675200000001041	epochs	2.0
792.8396798397827	0.13584000000003016	epochs	3.0
792.9755198397827	0.13168000000007396	epochs	3.0
793.1071998397828	0.2520799999999781	epochs	2.0
793.1071998397828	0.12783999999999196	epochs	3.0
793.2350398397828	0.12423999999998614	epochs	3.0
793.3592798397827	0.2381599999999935	epochs	2.0
793.3592798397827	0.12072000000000571	epochs	3.0
793.4799998397827	0.11743999999998778	epochs	3.0
793.5974398397827	0.2258399999999483	epochs	2.0
793.5974398397827	0.11439999999993233	epochs	3.0
793.7118398397827	0.11144000000001597	epochs	3.0
793.8232798397827	0.21464000000003125	epochs	2.0
793.8232798397827	0.10864000000003671	epochs	3.0
793.9319198397827	0.10599999999999454	epochs	3.0
794.0379198397827	0.20447999999998956	epochs	2.0
794.0379198397827	0.10343999999997777	epochs	3.0
794.1413598397827	0.10104000000001179	epochs	3.0
794.2423998397827	0.1953600000000506	epochs	2.0
794.2423998397827	0.0987999999999829	epochs	3.0
794.3411998397827	0.0965600000000677	epochs	3.0
794.4377598397828	0.18695999999999913	epochs	2.0
794.4377598397828	0.09447999999997592	epochs	3.0
794.5322398397827	0.09248000000002321	epochs	3.0
794.6247198397828	0.17919999999992342	epochs	2.0
794.6247198397828	0.09047999999995682	epochs	3.0
794.7151998397827	0.0887199999999666	epochs	3.0
794.8039198397827	0.17208000000005086	epochs	2.0
794.8039198397827	0.08688000000006468	epochs	3.0
794.8907998397827	0.08519999999998618	epochs	3.0
794.9759998397827	0.165520000000015	epochs	2.0
794.9759998397827	0.08359999999993306	epochs	3.0
795.0595998397827	0.08192000000008193	epochs	3.0
795.1415198397827	0.1595199999999295	epochs	2.0
795.1415198397827	0.08047999999996591	epochs	3.0
795.2219998397827	0.07903999999996358	epochs	3.0
795.3010398397827	0.15376000000003387	epochs	2.0
795.3010398397827	0.07760000000007494	epochs	3.0
795.3786398397827	0.07615999999995893	epochs	3.0
795.4547998397827	0.14855999999997493	epochs	2.0
795.4547998397827	0.07496000000003278	epochs	3.0
795.5297598397827	0.07359999999994216	epochs	3.0
795.6033598397827	0.14368000000001757	epochs	2.0
795.6033598397827	0.0724800000000414	epochs	3.0
795.6758398397827	0.07119999999997617	epochs	3.0
795.7470398397827	0.1390400000000227	epochs	2.0
795.7470398397827	0.07007999999996173	epochs	3.0
795.8171198397827	0.06896000000006097	epochs	3.0
795.8860798397827	0.13472000000001572	epochs	2.0
795.8860798397827	0.06791999999995824	epochs	3.0
795.9539998397827	0.06680000000005748	epochs	3.0
796.0207998397827	0.13071999999999662	epochs	2.0
796.0207998397827	0.06583999999998014	epochs	3.0
796.0866398397827	0.06488000000001648	epochs	3.0
796.1515198397827	0.1268000000000029	epochs	2.0
796.1515198397827	0.06384000000002743	epochs	3.0
796.2153598397828	0.06295999999997548	epochs	3.0
796.2783198397827	0.12328000000002248	epochs	2.0
796.2783198397827	0.06207999999992353	epochs	3.0
796.3403998397827	0.06120000000009895	epochs	3.0
796.4015998397828	0.11983999999995376	epochs	2.0
796.4015998397828	0.060319999999933316	epochs	3.0
796.4619198397827	0.059520000000020445	epochs	3.0
796.5214398397827	0.11663999999996122	epochs	2.0
796.5214398397827	0.05871999999999389	epochs	3.0
796.5801598397827	0.05791999999996733	epochs	3.0
796.6380798397827	0.11360000000001946	epochs	2.0
796.6380798397827	0.057200000000079854	epochs	3.0
796.6952798397828	0.05639999999993961	epochs	3.0
796.7516798397827	0.1107200000000148	epochs	2.0
796.7516798397827	0.05568000000005213	epochs	3.0
796.8073598397827	0.055039999999962674	epochs	3.0
796.8623998397827	0.10792000000003554	epochs	2.0
796.8623998397827	0.054240000000049804	epochs	3.0
796.9166398397828	0.05367999999998574	epochs	3.0
796.9703198397827	0.10527999999999338	epochs	2.0
796.9703198397827	0.052959999999984575	epochs	3.0
797.0232798397827	0.052320000000008804	epochs	3.0
797.0755998397827	0.1028800000000274	epochs	2.0
797.0755998397827	0.05175999999994474	epochs	3.0
797.1273598397827	0.051120000000082655	epochs	3.0
797.1784798397828	0.10039999999992233	epochs	2.0
797.1784798397828	0.0504799999999932	epochs	3.0
797.2289598397828	0.04991999999992913	epochs	3.0
797.2788798397827	0.09824000000003252	epochs	2.0
797.2788798397827	0.049359999999978754	epochs	3.0
797.3282398397827	0.04888000000005377	epochs	3.0
797.3771198397827	0.09600000000000364	epochs	2.0
797.3771198397827	0.04823999999996431	epochs	3.0
797.4253598397827	0.04776000000003933	epochs	3.0
797.4731198397827	0.09392000000002554	epochs	2.0
797.4731198397827	0.04719999999997526	epochs	3.0
797.5203198397827	0.04672000000005028	epochs	3.0
797.5670398397828	0.09191999999995915	epochs	2.0
797.5670398397828	0.04615999999998621	epochs	3.0
797.6131998397827	0.04575999999997293	epochs	3.0
797.6589598397827	0.09008000000005723	epochs	2.0
797.6589598397827	0.04528000000004795	epochs	3.0
797.7042398397828	0.04480000000000928	epochs	3.0
797.7490398397828	0.08815999999990254	epochs	2.0
797.7490398397828	0.044319999999970605	epochs	3.0
797.7933598397827	0.04383999999993193	epochs	3.0
797.8371998397827	0.0864800000000514	epochs	2.0
797.8371998397827	0.04344000000003234	epochs	3.0
797.8806398397827	0.04304000000001906	epochs	3.0
797.9236798397827	0.0847199999999475	epochs	2.0
797.9236798397827	0.04255999999998039	epochs	3.0
797.9662398397827	0.04215999999996711	epochs	3.0
798.0083998397827	0.08320000000003347	epochs	2.0
798.0083998397827	0.04176000000006752	epochs	3.0
798.0501598397827	0.04143999999996595	epochs	3.0
798.0915998397827	0.08151999999995496	epochs	2.0
798.0915998397827	0.040960000000040964	epochs	3.0
798.1325598397827	0.040559999999914	epochs	3.0
798.1731198397827	0.08008000000006632	epochs	2.0
798.1731198397827	0.0402400000000398	epochs	3.0
798.2133598397827	0.03984000000002652	epochs	3.0
798.2531998397827	0.0786399999999503	epochs	2.0
798.2531998397827	0.039520000000038635	epochs	3.0
798.2927198397828	0.03911999999991167	epochs	3.0
798.3318398397827	0.07720000000006166	epochs	2.0
798.3318398397827	0.03880000000003747	epochs	3.0
798.3706398397827	0.03840000000002419	epochs	3.0
798.4090398397827	0.07591999999999643	epochs	2.0
798.4090398397827	0.03815999999994801	epochs	3.0
798.4471998397827	0.03776000000004842	epochs	3.0
798.4849598397827	0.0745600000000195	epochs	2.0
798.4849598397827	0.03743999999994685	epochs	3.0
798.5223998397827	0.03712000000007265	epochs	3.0
798.5595198397828	0.07335999999997966	epochs	2.0
798.5595198397828	0.03679999999997108	epochs	3.0
798.5963198397827	0.036560000000008586	epochs	3.0
798.6328798397827	0.07208000000002812	epochs	2.0
798.6328798397827	0.03615999999999531	epochs	3.0
798.6690398397827	0.035920000000032815	epochs	3.0
798.7049598397828	0.07087999999998829	epochs	2.0
798.7049598397828	0.03559999999993124	epochs	3.0
798.7405598397827	0.035280000000057044	epochs	3.0
798.7758398397827	0.06983999999999924	epochs	2.0
798.7758398397827	0.035039999999980864	epochs	3.0
798.8108798397827	0.03480000000001837	epochs	3.0
798.8456798397827	0.0686399999999594	epochs	2.0
798.8456798397827	0.0344799999999168	epochs	3.0
798.8801598397827	0.0341600000000426	epochs	3.0
798.9143198397827	0.06759999999997035	epochs	2.0
798.9143198397827	0.03391999999996642	epochs	3.0
798.9482398397827	0.03368000000000393	epochs	3.0
798.9819198397827	0.0665599999999813	epochs	2.0
798.9819198397827	0.03344000000004144	epochs	3.0
799.0153598397827	0.033119999999939864	epochs	3.0
799.0484798397827	0.06560000000001764	epochs	2.0
799.0484798397827	0.032960000000002765	epochs	3.0
799.0814398397827	0.03264000000001488	epochs	3.0
799.1140798397827	0.0645600000000286	epochs	2.0
799.1140798397827	0.03240000000005239	epochs	3.0
799.1464798397827	0.03215999999997621	epochs	3.0
799.1786398397827	0.06367999999997664	epochs	2.0
799.1786398397827	0.03200000000003911	epochs	3.0
799.2106398397827	0.031679999999937536	epochs	3.0
799.2423198397827	0.06272000000001299	epochs	2.0
799.2423198397827	0.03144000000008873	epochs	3.0
799.2737598397828	0.03127999999992426	epochs	3.0
799.3050398397827	0.061840000000074724	epochs	2.0
799.3050398397827	0.03104000000007545	epochs	3.0
799.3360798397828	0.030799999999999272	epochs	3.0
799.3668798397828	0.06095999999990909	epochs	2.0
799.3668798397828	0.030559999999923093	epochs	3.0
799.3974398397827	0.030399999999985994	epochs	3.0
799.4278398397827	0.060159999999996217	epochs	2.0
799.4278398397827	0.0301600000000235	epochs	3.0
799.4579998397827	0.029999999999972715	epochs	3.0
799.4879998397827	0.05928000000005795	epochs	2.0
799.4879998397827	0.02967999999998483	epochs	3.0
799.5176798397827	0.029600000000073123	epochs	3.0
799.5472798397827	0.058480000000031396	epochs	2.0
799.5472798397827	0.029359999999996944	epochs	3.0
799.5766398397827	0.02912000000003445	epochs	3.0
799.6057598397828	0.057759999999916545	epochs	2.0
799.6057598397828	0.028959999999983665	epochs	3.0
799.6347198397827	0.02879999999993288	epochs	3.0
799.6635198397827	0.056960000000003674	epochs	2.0
799.6635198397827	0.028560000000084074	epochs	3.0
799.6920798397828	0.0283999999999196	epochs	3.0
799.7204798397827	0.05624000000000251	epochs	2.0
799.7204798397827	0.028160000000070795	epochs	3.0
799.7486398397828	0.028079999999931715	epochs	3.0
799.7767198397827	0.05543999999997595	epochs	2.0
799.7767198397827	0.02784000000008291	epochs	3.0
799.8045598397828	0.027599999999893043	epochs	3.0
799.8321598397827	0.054880000000025575	epochs	2.0
799.8321598397827	0.027520000000095024	epochs	3.0
799.8596798397828	0.02735999999993055	epochs	3.0
799.8870398397827	0.05407999999999902	epochs	2.0
799.8870398397827	0.027120000000081745	epochs	3.0
799.9141598397828	0.026959999999917272	epochs	3.0
799.9411198397827	0.05344000000002325	epochs	2.0
799.9411198397827	0.026799999999980173	epochs	3.0
799.9679198397827	0.026640000000043074	epochs	3.0
799.9945598397827	0.05287999999995918	epochs	2.0
799.9945598397827	0.026479999999992287	epochs	3.0
800.0210398397827	0.026399999999966894	epochs	3.0
800.0474398397827	0.052160000000071705	epochs	2.0
800.0474398397827	0.026160000000004402	epochs	3.0
800.0735998397827	0.026000000000067303	epochs	3.0
800.0995998397827	0.05151999999998225	epochs	2.0
800.0995998397827	0.025840000000016516	epochs	3.0
800.1254398397828	0.02567999999996573	epochs	3.0
800.1511198397827	0.05096000000003187	epochs	2.0
800.1511198397827	0.025599999999940337	epochs	3.0
800.1767198397827	0.02536000000009153	epochs	3.0
800.2020798397828	0.050399999999967804	epochs	2.0
800.2020798397828	0.02527999999995245	epochs	3.0
800.2273598397827	0.025120000000015352	epochs	3.0
800.2524798397827	0.04975999999999203	epochs	2.0
800.2524798397827	0.024959999999964566	epochs	3.0
800.2774398397827	0.024800000000027467	epochs	3.0
800.3022398397827	0.049200000000041655	epochs	2.0
800.3022398397827	0.02463999999997668	epochs	3.0
800.3268798397827	0.024560000000064974	epochs	3.0
800.3514398397828	0.04872000000000298	epochs	2.0
800.3514398397828	0.0243999999999005	epochs	3.0
800.3758398397827	0.024320000000102482	epochs	3.0
800.4001598397828	0.048079999999913525	epochs	2.0
800.4001598397828	0.024079999999912616	epochs	3.0
800.4242398397827	0.02400000000000091	epochs	3.0
800.4482398397827	0.04759999999998854	epochs	2.0
800.4482398397827	0.02384000000006381	epochs	3.0
800.4720798397827	0.02375999999992473	epochs	3.0
800.4958398397827	0.047120000000063555	epochs	2.0
800.4958398397827	0.023600000000101318	epochs	3.0
800.5194398397828	0.023519999999962238	epochs	3.0
800.5429598397827	0.04655999999999949	epochs	2.0
800.5429598397827	0.02336000000002514	epochs	3.0
800.5663198397828	0.023199999999974352	epochs	3.0
800.5895198397827	0.04607999999996082	epochs	2.0
800.5895198397827	0.02311999999994896	epochs	3.0
800.6126398397827	0.02296000000001186	epochs	3.0
800.6355998397827	0.045600000000035834	epochs	2.0
800.6355998397827	0.022879999999986467	epochs	3.0
800.6584798397827	0.022720000000049367	epochs	3.0
800.6811998397827	0.04511999999999716	epochs	2.0
800.6811998397827	0.022640000000023974	epochs	3.0
800.7038398397827	0.022479999999973188	epochs	3.0
800.7263198397827	0.04463999999995849	epochs	2.0
800.7263198397827	0.022399999999947795	epochs	3.0
800.7487198397827	0.022240000000010696	epochs	3.0
800.7709598397827	0.0442400000000589	epochs	2.0
800.7709598397827	0.022159999999985303	epochs	3.0
800.7931198397827	0.022080000000073596	epochs	3.0
800.8151998397827	0.04376000000002023	epochs	2.0
800.8151998397827	0.02192000000002281	epochs	3.0
800.8371198397828	0.021839999999997417	epochs	3.0
800.8589598397828	0.04336000000000695	epochs	2.0
800.8589598397828	0.021759999999972024	epochs	3.0
800.8807198397827	0.021600000000034925	epochs	3.0
800.9023198397828	0.04287999999996828	epochs	2.0
800.9023198397828	0.02143999999998414	epochs	3.0
800.9237598397827	0.02143999999998414	epochs	3.0
800.9451998397827	0.042479999999955	epochs	2.0
800.9451998397827	0.021279999999933352	epochs	3.0
800.9664798397827	0.021200000000021646	epochs	3.0
800.9876798397827	0.042080000000055406	epochs	2.0
800.9876798397827	0.021040000000084547	epochs	3.0
801.0087198397828	0.02103999999997086	epochs	3.0
801.0297598397827	0.04167999999992844	epochs	2.0
801.0297598397827	0.020879999999920074	epochs	3.0
801.0506398397827	0.020800000000008367	epochs	3.0
801.0714398397827	0.041200000000003456	epochs	2.0
801.0714398397827	0.020640000000071268	epochs	3.0
801.0920798397827	0.020559999999932188	epochs	3.0
801.1126398397827	0.04088000000001557	epochs	2.0
801.1126398397827	0.020560000000045875	epochs	3.0
801.1331998397827	0.020319999999969696	epochs	3.0
801.1535198397827	0.040560000000027685	epochs	2.0
801.1535198397827	0.020319999999969696	epochs	3.0
801.1738398397827	0.02024000000005799	epochs	3.0
801.1940798397827	0.04007999999998901	epochs	2.0
801.1940798397827	0.020080000000007203	epochs	3.0
801.2141598397827	0.01999999999998181	epochs	3.0
801.2341598397827	0.03976000000000113	epochs	2.0
801.2341598397827	0.019919999999956417	epochs	3.0
801.2540798397827	0.01984000000004471	epochs	3.0
801.2739198397827	0.03944000000001324	epochs	2.0
801.2739198397827	0.019760000000019318	epochs	3.0
801.2936798397827	0.019679999999993925	epochs	3.0
801.3133598397827	0.039039999999999964	epochs	2.0
801.3133598397827	0.01951999999994314	epochs	3.0
801.3328798397827	0.019520000000056825	epochs	3.0
801.3523998397827	0.038639999999986685	epochs	2.0
801.3523998397827	0.01936000000000604	epochs	3.0
801.3717598397827	0.019279999999980646	epochs	3.0
801.3910398397827	0.03840000000002419	epochs	2.0
801.3910398397827	0.019279999999980646	epochs	3.0
801.4103198397827	0.019120000000043547	epochs	3.0
801.4294398397827	0.038000000000010914	epochs	2.0
801.4294398397827	0.019040000000018154	epochs	3.0
801.4484798397827	0.01895999999999276	epochs	3.0
801.4674398397827	0.03768000000002303	epochs	2.0
801.4674398397827	0.018879999999967367	epochs	3.0
801.4863198397827	0.01880000000005566	epochs	3.0
801.5051198397828	0.037359999999921456	epochs	2.0
801.5051198397828	0.01871999999991658	epochs	3.0
801.5238398397827	0.018640000000004875	epochs	3.0
801.5424798397827	0.03704000000004726	epochs	2.0
801.5424798397827	0.018559999999979482	epochs	3.0
801.5610398397827	0.018480000000067776	epochs	3.0
801.5795198397827	0.036719999999945685	epochs	2.0
801.5795198397827	0.018399999999928696	epochs	3.0
801.5979198397827	0.01832000000001699	epochs	3.0
801.6162398397827	0.03647999999998319	epochs	2.0
801.6162398397827	0.018239999999991596	epochs	3.0
801.6344798397827	0.018239999999991596	epochs	3.0
801.6527198397827	0.0360800000000836	epochs	2.0
801.6527198397827	0.018080000000054497	epochs	3.0
801.6707998397827	0.018000000000029104	epochs	3.0
801.6887998397827	0.03584000000000742	epochs	2.0
801.6887998397827	0.01792000000000371	epochs	3.0
801.7067198397827	0.01792000000000371	epochs	3.0
801.7246398397828	0.035520000000019536	epochs	2.0
801.7246398397828	0.017759999999952925	epochs	3.0
801.7423998397827	0.01776000000006661	epochs	3.0
801.7601598397828	0.035199999999917964	epochs	2.0
801.7601598397828	0.01767999999992753	epochs	3.0
801.7778398397827	0.017519999999990432	epochs	3.0
801.7953598397827	0.03496000000006916	epochs	2.0
801.7953598397827	0.017519999999990432	epochs	3.0
801.8128798397827	0.017440000000078726	epochs	3.0
801.8303198397828	0.03471999999999298	epochs	2.0
801.8303198397828	0.01743999999996504	epochs	3.0
801.8477598397827	0.01728000000002794	epochs	3.0
801.8650398397828	0.03440000000000509	epochs	2.0
801.8650398397828	0.017200000000002547	epochs	3.0
801.8822398397828	0.017200000000002547	epochs	3.0
801.8994398397828	0.034159999999928914	epochs	2.0
801.8994398397828	0.017119999999977153	epochs	3.0
801.9165598397827	0.01703999999995176	epochs	3.0
801.9335998397827	0.033840000000054715	epochs	2.0
801.9335998397827	0.016960000000040054	epochs	3.0
801.9505598397827	0.01688000000001466	epochs	3.0
801.9674398397827	0.033599999999978536	epochs	2.0
801.9674398397827	0.016799999999989268	epochs	3.0
801.9842398397827	0.016799999999989268	epochs	3.0
802.0010398397827	0.033360000000016043	epochs	2.0
802.0010398397827	0.016719999999963875	epochs	3.0
802.0177598397827	0.01664000000005217	epochs	3.0
802.0343998397827	0.033119999999939864	epochs	2.0
802.0343998397827	0.016560000000026776	epochs	3.0
802.0509598397828	0.01655999999991309	epochs	3.0
802.0675198397827	0.032800000000065666	epochs	2.0
802.0675198397827	0.016400000000089676	epochs	3.0
802.0839198397828	0.01639999999997599	epochs	3.0
802.1003198397827	0.032559999999989486	epochs	2.0
802.1003198397827	0.016319999999950596	epochs	3.0
802.1166398397827	0.01624000000003889	epochs	3.0
802.1328798397827	0.0323999999999387	epochs	2.0
802.1328798397827	0.01624000000003889	epochs	3.0
802.1491198397828	0.01615999999989981	epochs	3.0
802.1652798397827	0.0320800000000645	epochs	2.0
802.1652798397827	0.01608000000010179	epochs	3.0
802.1813598397828	0.01599999999996271	epochs	3.0
802.1973598397827	0.031920000000013715	epochs	2.0
802.1973598397827	0.01599999999996271	epochs	3.0
802.2133598397827	0.015920000000051004	epochs	3.0
802.2292798397827	0.03159999999991214	epochs	2.0
802.2292798397827	0.015839999999911925	epochs	3.0
802.2451198397827	0.01576000000000022	epochs	3.0
802.2608798397827	0.03144000000008873	epochs	2.0
802.2608798397827	0.01576000000000022	epochs	3.0
802.2766398397827	0.015680000000088512	epochs	3.0
802.2923198397827	0.03120000000001255	epochs	2.0
802.2923198397827	0.015599999999949432	epochs	3.0
802.3079198397827	0.015600000000063119	epochs	3.0
802.3235198397828	0.030959999999936372	epochs	2.0
802.3235198397828	0.015519999999924039	epochs	3.0
802.3390398397827	0.015440000000012333	epochs	3.0
802.3544798397827	0.03071999999997388	epochs	2.0
802.3544798397827	0.015440000000012333	epochs	3.0
802.3699198397827	0.015279999999961547	epochs	3.0
802.3851998397827	0.03056000000003678	epochs	2.0
802.3851998397827	0.015360000000100626	epochs	3.0
802.4005598397828	0.015199999999936153	epochs	3.0
802.4157598397827	0.0303199999999606	epochs	2.0
802.4157598397827	0.01520000000004984	epochs	3.0
802.4309598397828	0.01511999999991076	epochs	3.0
802.4460798397827	0.030079999999998108	epochs	2.0
802.4460798397827	0.015120000000024447	epochs	3.0
802.4611998397827	0.014959999999973661	epochs	3.0
802.4761598397827	0.02992000000006101	epochs	2.0
802.4761598397827	0.015039999999999054	epochs	3.0
802.4911998397827	0.014880000000061955	epochs	3.0
802.5060798397827	0.02967999999998483	epochs	2.0
802.5060798397827	0.014879999999948268	epochs	3.0
802.5209598397827	0.014800000000036562	epochs	3.0
802.5357598397827	0.02952000000004773	epochs	2.0
802.5357598397827	0.014800000000036562	epochs	3.0
802.5505598397827	0.014720000000011169	epochs	3.0
802.5652798397828	0.02927999999997155	epochs	2.0
802.5652798397828	0.014719999999897482	epochs	3.0
802.5799998397827	0.01456000000007407	epochs	3.0
802.5945598397827	0.02912000000003445	epochs	2.0
802.5945598397827	0.014639999999985776	epochs	3.0
802.6091998397827	0.014480000000048676	epochs	3.0
802.6236798397828	0.028959999999983665	epochs	2.0
802.6236798397828	0.01447999999993499	epochs	3.0
802.6381598397827	0.014480000000048676	epochs	3.0
802.6526398397828	0.02863999999999578	epochs	2.0
802.6526398397828	0.01431999999999789	epochs	3.0
802.6669598397827	0.01431999999999789	epochs	3.0
802.6812798397827	0.028559999999970387	epochs	2.0
802.6812798397827	0.01431999999999789	epochs	3.0
802.6955998397827	0.014239999999972497	epochs	3.0
802.7098398397827	0.028320000000007894	epochs	2.0
802.7098398397827	0.014159999999947104	epochs	3.0
802.7239998397827	0.01416000000006079	epochs	3.0
802.7381598397827	0.028159999999957108	epochs	2.0
802.7381598397827	0.014159999999947104	epochs	3.0
802.7523198397827	0.014000000000010004	epochs	3.0
802.7663198397827	0.02800000000002001	epochs	2.0
802.7663198397827	0.014000000000010004	epochs	3.0
802.7803198397827	0.014000000000010004	epochs	3.0
802.7943198397827	0.027760000000057516	epochs	2.0
802.7943198397827	0.013919999999984611	epochs	3.0
802.8082398397827	0.013840000000072905	epochs	3.0
802.8220798397828	0.027679999999918437	epochs	2.0
802.8220798397828	0.013839999999959218	epochs	3.0
802.8359198397827	0.013839999999959218	epochs	3.0
802.8497598397827	0.02744000000006963	epochs	2.0
802.8497598397827	0.013760000000047512	epochs	3.0
802.8635198397827	0.013680000000022119	epochs	3.0
802.8771998397827	0.027280000000018845	epochs	2.0
802.8771998397827	0.013680000000022119	epochs	3.0
802.8908798397828	0.013599999999996726	epochs	3.0
802.9044798397828	0.02711999999996806	epochs	2.0
802.9044798397828	0.013519999999971333	epochs	3.0
802.9179998397827	0.013599999999996726	epochs	3.0
802.9315998397827	0.026880000000005566	epochs	2.0
802.9315998397827	0.01343999999994594	epochs	3.0
802.9450398397827	0.013440000000059626	epochs	3.0
802.9584798397827	0.026799999999980173	epochs	2.0
802.9584798397827	0.01343999999994594	epochs	3.0
802.9719198397827	0.013360000000034233	epochs	3.0
802.9852798397827	0.02656000000001768	epochs	2.0
802.9852798397827	0.01328000000000884	epochs	3.0
802.9985598397827	0.01328000000000884	epochs	3.0
803.0118398397827	0.026479999999992287	epochs	2.0
803.0118398397827	0.01328000000000884	epochs	3.0
803.0251198397827	0.013199999999983447	epochs	3.0
803.0383198397827	0.026240000000029795	epochs	2.0
803.0383198397827	0.013119999999958054	epochs	3.0
803.0514398397827	0.013120000000071741	epochs	3.0
803.0645598397828	0.026160000000004402	epochs	2.0
803.0645598397828	0.013119999999958054	epochs	3.0
803.0776798397827	0.013040000000046348	epochs	3.0
803.0907198397828	0.025999999999953616	epochs	2.0
803.0907198397828	0.013039999999932661	epochs	3.0
803.1037598397827	0.012960000000020955	epochs	3.0
803.1167198397827	0.025759999999991123	epochs	2.0
803.1167198397827	0.012879999999995562	epochs	3.0
803.1295998397827	0.012879999999995562	epochs	3.0
803.1424798397827	0.02567999999996573	epochs	2.0
803.1424798397827	0.012879999999995562	epochs	3.0
803.1553598397827	0.012799999999970169	epochs	3.0
803.1681598397827	0.02552000000002863	epochs	2.0
803.1681598397827	0.012800000000083855	epochs	3.0
803.1809598397828	0.012719999999944775	epochs	3.0
803.1936798397827	0.025359999999977845	epochs	2.0
803.1936798397827	0.012720000000058462	epochs	3.0
803.2063998397828	0.012639999999919382	epochs	3.0
803.2190398397827	0.025200000000040745	epochs	2.0
803.2190398397827	0.01264000000003307	epochs	3.0
803.2316798397827	0.012560000000007676	epochs	3.0
803.2442398397827	0.024559999999951287	epochs	2.0
803.2684830397827	0.5	epochs	-1.0
803.2687998397827	0.5588000000000193	epochs	1.0
803.8275998397827	0.441120000000069	epochs	0.0
806.9400000572205	0.20079999999995835	epochs	0.0
806.9400000572205	0.09536000000002787	epochs	1.0
807.0353600572205	0.010080000000016298	epochs	1.0
807.0454400572205	0.09535999999991418	epochs	1.0
807.1408000572204	2.0	epochs	0.0
809.1408000572204	21.51872000000003	epochs	0.0
809.1408000572204	1.0	epochs	1.0
809.1408032572205	0.5	epochs	-1.0
809.6408032572205	19.999680000000012	epochs	-1.0
810.1408000572204	20.0	epochs	1.0
810.1408000572204	8.000000002539309e-05	epochs	2.0
810.1408800572204	4.356719999999996	epochs	-1.0
810.1408800572204	1.9745599999999968	epochs	2.0
810.1408800572204	1.0985600000000204	epochs	3.0
811.2394400572205	0.8759999999999764	epochs	3.0
812.1154400572204	1.3523999999999887	epochs	2.0
812.1154400572204	0.7286400000000413	epochs	3.0
812.8440800572205	0.6237599999999475	epochs	3.0
813.4678400572204	1.0297600000000102	epochs	2.0
813.4678400572204	0.5453600000000733	epochs	3.0
814.0132000572205	0.4843999999999369	epochs	3.0
814.4976000572204	0.8317600000000311	epochs	2.0
814.4976000572204	0.435760000000073	epochs	3.0
814.9333600572205	0.39599999999995816	epochs	3.0
815.3293600572205	0.697840000000042	epochs	2.0
815.3293600572205	0.3628800000000183	epochs	3.0
815.6922400572205	0.3349600000000237	epochs	3.0
816.0272000572205	0.6010399999998981	epochs	2.0
816.0272000572205	0.3108799999999974	epochs	3.0
816.3380800572205	0.2901599999999007	epochs	3.0
816.6282400572204	0.5278400000000829	epochs	2.0
816.6282400572204	0.2719200000000228	epochs	3.0
816.9001600572204	0.2559200000000601	epochs	3.0
817.1560800572205	0.47064000000000306	epochs	2.0
817.1560800572205	0.24167999999997392	epochs	3.0
817.3977600572205	0.22896000000002914	epochs	3.0
817.6267200572205	0.42455999999992855	epochs	2.0
817.6267200572205	0.2174400000000105	epochs	3.0
817.8441600572205	0.20711999999991804	epochs	3.0
818.0512800572204	0.3867200000000821	epochs	2.0
818.0512800572204	0.1976799999999912	epochs	3.0
818.2489600572204	0.1890400000000909	epochs	3.0
818.4380000572205	0.3551199999999426	epochs	2.0
818.4380000572205	0.1811999999999898	epochs	3.0
818.6192000572205	0.17391999999995278	epochs	3.0
818.7931200572204	0.3282400000000507	epochs	2.0
818.7931200572204	0.1671999999999798	epochs	3.0
818.9603200572204	0.1610400000000709	epochs	3.0
819.1213600572205	0.30520000000001346	epochs	2.0
819.1213600572205	0.1552799999999479	epochs	3.0
819.2766400572204	0.14992000000006556	epochs	3.0
819.4265600572205	0.28511999999989257	epochs	2.0
819.4265600572205	0.14487999999994372	epochs	3.0
819.5714400572205	0.14023999999994885	epochs	3.0
819.7116800572204	0.2675200000001041	epochs	2.0
819.7116800572204	0.13584000000003016	epochs	3.0
819.8475200572204	0.13168000000007396	epochs	3.0
819.9792000572205	0.2520799999999781	epochs	2.0
819.9792000572205	0.12783999999999196	epochs	3.0
820.1070400572205	0.12423999999998614	epochs	3.0
820.2312800572205	0.2381599999999935	epochs	2.0
820.2312800572205	0.12072000000000571	epochs	3.0
820.3520000572205	0.11743999999998778	epochs	3.0
820.4694400572205	0.2258399999999483	epochs	2.0
820.4694400572205	0.11439999999993233	epochs	3.0
820.5838400572204	0.11144000000001597	epochs	3.0
820.6952800572204	0.21464000000003125	epochs	2.0
820.6952800572204	0.10864000000003671	epochs	3.0
820.8039200572205	0.10599999999999454	epochs	3.0
820.9099200572205	0.20447999999998956	epochs	2.0
820.9099200572205	0.10343999999997777	epochs	3.0
821.0133600572204	0.10104000000001179	epochs	3.0
821.1144000572205	0.1953600000000506	epochs	2.0
821.1144000572205	0.0987999999999829	epochs	3.0
821.2132000572204	0.0965600000000677	epochs	3.0
821.3097600572205	0.18695999999999913	epochs	2.0
821.3097600572205	0.09447999999997592	epochs	3.0
821.4042400572205	0.09248000000002321	epochs	3.0
821.4967200572205	0.17919999999992342	epochs	2.0
821.4967200572205	0.09047999999995682	epochs	3.0
821.5872000572205	0.0887199999999666	epochs	3.0
821.6759200572204	0.17208000000005086	epochs	2.0
821.6759200572204	0.08688000000006468	epochs	3.0
821.7628000572205	0.08519999999998618	epochs	3.0
821.8480000572205	0.165520000000015	epochs	2.0
821.8480000572205	0.08359999999993306	epochs	3.0
821.9316000572204	0.08192000000008193	epochs	3.0
822.0135200572205	0.1595199999999295	epochs	2.0
822.0135200572205	0.08047999999996591	epochs	3.0
822.0940000572205	0.07903999999996358	epochs	3.0
822.1730400572204	0.15376000000003387	epochs	2.0
822.1730400572204	0.07760000000007494	epochs	3.0
822.2506400572205	0.07615999999995893	epochs	3.0
822.3268000572205	0.14855999999997493	epochs	2.0
822.3268000572205	0.07496000000003278	epochs	3.0
822.4017600572205	0.07359999999994216	epochs	3.0
822.4753600572204	0.14368000000001757	epochs	2.0
822.4753600572204	0.0724800000000414	epochs	3.0
822.5478400572205	0.07119999999997617	epochs	3.0
822.6190400572204	0.1390400000000227	epochs	2.0
822.6190400572204	0.07007999999996173	epochs	3.0
822.6891200572204	0.06896000000006097	epochs	3.0
822.7580800572205	0.13472000000001572	epochs	2.0
822.7580800572205	0.06791999999995824	epochs	3.0
822.8260000572204	0.06680000000005748	epochs	3.0
822.8928000572205	0.13071999999999662	epochs	2.0
822.8928000572205	0.06583999999998014	epochs	3.0
822.9586400572205	0.06488000000001648	epochs	3.0
823.0235200572205	0.1268000000000029	epochs	2.0
823.0235200572205	0.06384000000002743	epochs	3.0
823.0873600572205	0.06295999999997548	epochs	3.0
823.1503200572205	0.12328000000002248	epochs	2.0
823.1503200572205	0.06207999999992353	epochs	3.0
823.2124000572204	0.06120000000009895	epochs	3.0
823.2736000572205	0.11983999999995376	epochs	2.0
823.2736000572205	0.060319999999933316	epochs	3.0
823.3339200572204	0.059520000000020445	epochs	3.0
823.3934400572205	0.11663999999996122	epochs	2.0
823.3934400572205	0.05871999999999389	epochs	3.0
823.4521600572205	0.05791999999996733	epochs	3.0
823.5100800572204	0.11360000000001946	epochs	2.0
823.5100800572204	0.057200000000079854	epochs	3.0
823.5672800572205	0.05639999999993961	epochs	3.0
823.6236800572204	0.1107200000000148	epochs	2.0
823.6236800572204	0.05568000000005213	epochs	3.0
823.6793600572205	0.055039999999962674	epochs	3.0
823.7344000572205	0.10792000000003554	epochs	2.0
823.7344000572205	0.054240000000049804	epochs	3.0
823.7886400572205	0.05367999999998574	epochs	3.0
823.8423200572205	0.10527999999999338	epochs	2.0
823.8423200572205	0.052959999999984575	epochs	3.0
823.8952800572205	0.052320000000008804	epochs	3.0
823.9476000572205	0.1028800000000274	epochs	2.0
823.9476000572205	0.05175999999994474	epochs	3.0
823.9993600572204	0.051120000000082655	epochs	3.0
824.0504800572205	0.10039999999992233	epochs	2.0
824.0504800572205	0.0504799999999932	epochs	3.0
824.1009600572205	0.04991999999992913	epochs	3.0
824.1508800572204	0.09824000000003252	epochs	2.0
824.1508800572204	0.049359999999978754	epochs	3.0
824.2002400572204	0.04888000000005377	epochs	3.0
824.2491200572205	0.09600000000000364	epochs	2.0
824.2491200572205	0.04823999999996431	epochs	3.0
824.2973600572204	0.04776000000003933	epochs	3.0
824.3451200572205	0.09392000000002554	epochs	2.0
824.3451200572205	0.04719999999997526	epochs	3.0
824.3923200572204	0.04672000000005028	epochs	3.0
824.4390400572205	0.09191999999995915	epochs	2.0
824.4390400572205	0.04615999999998621	epochs	3.0
824.4852000572205	0.04575999999997293	epochs	3.0
824.5309600572205	0.09008000000005723	epochs	2.0
824.5309600572205	0.04528000000004795	epochs	3.0
824.5762400572205	0.04480000000000928	epochs	3.0
824.6210400572205	0.08815999999990254	epochs	2.0
824.6210400572205	0.044319999999970605	epochs	3.0
824.6653600572205	0.04383999999993193	epochs	3.0
824.7092000572204	0.0864800000000514	epochs	2.0
824.7092000572204	0.04344000000003234	epochs	3.0
824.7526400572204	0.04304000000001906	epochs	3.0
824.7956800572205	0.0847199999999475	epochs	2.0
824.7956800572205	0.04255999999998039	epochs	3.0
824.8382400572204	0.04215999999996711	epochs	3.0
824.8804000572204	0.08320000000003347	epochs	2.0
824.8804000572204	0.04176000000006752	epochs	3.0
824.9221600572205	0.04143999999996595	epochs	3.0
824.9636000572204	0.08151999999995496	epochs	2.0
824.9636000572204	0.040960000000040964	epochs	3.0
825.0045600572205	0.040559999999914	epochs	3.0
825.0451200572204	0.08008000000006632	epochs	2.0
825.0451200572204	0.0402400000000398	epochs	3.0
825.0853600572204	0.03984000000002652	epochs	3.0
825.1252000572205	0.0786399999999503	epochs	2.0
825.1252000572205	0.039520000000038635	epochs	3.0
825.1647200572205	0.03911999999991167	epochs	3.0
825.2038400572204	0.07720000000006166	epochs	2.0
825.2038400572204	0.03880000000003747	epochs	3.0
825.2426400572205	0.03840000000002419	epochs	3.0
825.2810400572205	0.07591999999999643	epochs	2.0
825.2810400572205	0.03815999999994801	epochs	3.0
825.3192000572204	0.03776000000004842	epochs	3.0
825.3569600572205	0.0745600000000195	epochs	2.0
825.3569600572205	0.03743999999994685	epochs	3.0
825.3944000572204	0.03712000000007265	epochs	3.0
825.4315200572205	0.07335999999997966	epochs	2.0
825.4315200572205	0.03679999999997108	epochs	3.0
825.4683200572205	0.036560000000008586	epochs	3.0
825.5048800572205	0.07208000000002812	epochs	2.0
825.5048800572205	0.03615999999999531	epochs	3.0
825.5410400572205	0.035920000000032815	epochs	3.0
825.5769600572205	0.07087999999998829	epochs	2.0
825.5769600572205	0.03559999999993124	epochs	3.0
825.6125600572204	0.035280000000057044	epochs	3.0
825.6478400572205	0.06983999999999924	epochs	2.0
825.6478400572205	0.035039999999980864	epochs	3.0
825.6828800572205	0.03480000000001837	epochs	3.0
825.7176800572205	0.0686399999999594	epochs	2.0
825.7176800572205	0.0344799999999168	epochs	3.0
825.7521600572204	0.0341600000000426	epochs	3.0
825.7863200572205	0.06759999999997035	epochs	2.0
825.7863200572205	0.03391999999996642	epochs	3.0
825.8202400572204	0.03368000000000393	epochs	3.0
825.8539200572204	0.0665599999999813	epochs	2.0
825.8539200572204	0.03344000000004144	epochs	3.0
825.8873600572205	0.033119999999939864	epochs	3.0
825.9204800572204	0.06560000000001764	epochs	2.0
825.9204800572204	0.032960000000002765	epochs	3.0
825.9534400572204	0.03264000000001488	epochs	3.0
825.9860800572204	0.0645600000000286	epochs	2.0
825.9860800572204	0.03240000000005239	epochs	3.0
826.0184800572205	0.03215999999997621	epochs	3.0
826.0506400572204	0.06367999999997664	epochs	2.0
826.0506400572204	0.03200000000003911	epochs	3.0
826.0826400572205	0.031679999999937536	epochs	3.0
826.1143200572204	0.06272000000001299	epochs	2.0
826.1143200572204	0.03144000000008873	epochs	3.0
826.1457600572205	0.03127999999992426	epochs	3.0
826.1770400572204	0.061840000000074724	epochs	2.0
826.1770400572204	0.03104000000007545	epochs	3.0
826.2080800572205	0.030799999999999272	epochs	3.0
826.2388800572205	0.06095999999990909	epochs	2.0
826.2388800572205	0.030559999999923093	epochs	3.0
826.2694400572204	0.030399999999985994	epochs	3.0
826.2998400572204	0.060159999999996217	epochs	2.0
826.2998400572204	0.0301600000000235	epochs	3.0
826.3300000572204	0.029999999999972715	epochs	3.0
826.3600000572204	0.05928000000005795	epochs	2.0
826.3600000572204	0.02967999999998483	epochs	3.0
826.3896800572204	0.029600000000073123	epochs	3.0
826.4192800572205	0.058480000000031396	epochs	2.0
826.4192800572205	0.029359999999996944	epochs	3.0
826.4486400572205	0.02912000000003445	epochs	3.0
826.4777600572205	0.057759999999916545	epochs	2.0
826.4777600572205	0.028959999999983665	epochs	3.0
826.5067200572205	0.02879999999993288	epochs	3.0
826.5355200572204	0.056960000000003674	epochs	2.0
826.5355200572204	0.028560000000084074	epochs	3.0
826.5640800572205	0.0283999999999196	epochs	3.0
826.5924800572204	0.05624000000000251	epochs	2.0
826.5924800572204	0.028160000000070795	epochs	3.0
826.6206400572205	0.028079999999931715	epochs	3.0
826.6487200572204	0.05543999999997595	epochs	2.0
826.6487200572204	0.02784000000008291	epochs	3.0
826.6765600572205	0.027599999999893043	epochs	3.0
826.7041600572204	0.054880000000025575	epochs	2.0
826.7041600572204	0.027520000000095024	epochs	3.0
826.7316800572205	0.02735999999993055	epochs	3.0
826.7590400572204	0.05407999999999902	epochs	2.0
826.7590400572204	0.027120000000081745	epochs	3.0
826.7861600572205	0.026959999999917272	epochs	3.0
826.8131200572204	0.05344000000002325	epochs	2.0
826.8131200572204	0.026799999999980173	epochs	3.0
826.8399200572204	0.026640000000043074	epochs	3.0
826.8665600572205	0.05287999999995918	epochs	2.0
826.8665600572205	0.026479999999992287	epochs	3.0
826.8930400572204	0.026399999999966894	epochs	3.0
826.9194400572204	0.052160000000071705	epochs	2.0
826.9194400572204	0.026160000000004402	epochs	3.0
826.9456000572204	0.026000000000067303	epochs	3.0
826.9716000572205	0.05151999999998225	epochs	2.0
826.9716000572205	0.025840000000016516	epochs	3.0
826.9974400572205	0.02567999999996573	epochs	3.0
827.0231200572205	0.05096000000003187	epochs	2.0
827.0231200572205	0.025599999999940337	epochs	3.0
827.0487200572204	0.02536000000009153	epochs	3.0
827.0740800572205	0.050399999999967804	epochs	2.0
827.0740800572205	0.02527999999995245	epochs	3.0
827.0993600572205	0.025120000000015352	epochs	3.0
827.1244800572205	0.04975999999999203	epochs	2.0
827.1244800572205	0.024959999999964566	epochs	3.0
827.1494400572204	0.024800000000027467	epochs	3.0
827.1742400572205	0.049200000000041655	epochs	2.0
827.1742400572205	0.02463999999997668	epochs	3.0
827.1988800572204	0.024560000000064974	epochs	3.0
827.2234400572205	0.04872000000000298	epochs	2.0
827.2234400572205	0.0243999999999005	epochs	3.0
827.2478400572204	0.024320000000102482	epochs	3.0
827.2721600572205	0.048079999999913525	epochs	2.0
827.2721600572205	0.024079999999912616	epochs	3.0
827.2962400572204	0.02400000000000091	epochs	3.0
827.3202400572204	0.04759999999998854	epochs	2.0
827.3202400572204	0.02384000000006381	epochs	3.0
827.3440800572205	0.02375999999992473	epochs	3.0
827.3678400572204	0.047120000000063555	epochs	2.0
827.3678400572204	0.023600000000101318	epochs	3.0
827.3914400572205	0.023519999999962238	epochs	3.0
827.4149600572205	0.04655999999999949	epochs	2.0
827.4149600572205	0.02336000000002514	epochs	3.0
827.4383200572205	0.023199999999974352	epochs	3.0
827.4615200572205	0.04607999999996082	epochs	2.0
827.4615200572205	0.02311999999994896	epochs	3.0
827.4846400572204	0.02296000000001186	epochs	3.0
827.5076000572204	0.045600000000035834	epochs	2.0
827.5076000572204	0.022879999999986467	epochs	3.0
827.5304800572204	0.022720000000049367	epochs	3.0
827.5532000572205	0.04511999999999716	epochs	2.0
827.5532000572205	0.022640000000023974	epochs	3.0
827.5758400572205	0.022479999999973188	epochs	3.0
827.5983200572205	0.04463999999995849	epochs	2.0
827.5983200572205	0.022399999999947795	epochs	3.0
827.6207200572204	0.022240000000010696	epochs	3.0
827.6429600572204	0.0442400000000589	epochs	2.0
827.6429600572204	0.022159999999985303	epochs	3.0
827.6651200572204	0.022080000000073596	epochs	3.0
827.6872000572205	0.04376000000002023	epochs	2.0
827.6872000572205	0.02192000000002281	epochs	3.0
827.7091200572205	0.021839999999997417	epochs	3.0
827.7309600572205	0.04336000000000695	epochs	2.0
827.7309600572205	0.021759999999972024	epochs	3.0
827.7527200572205	0.021600000000034925	epochs	3.0
827.7743200572205	0.04287999999996828	epochs	2.0
827.7743200572205	0.02143999999998414	epochs	3.0
827.7957600572205	0.02143999999998414	epochs	3.0
827.8172000572205	0.042479999999955	epochs	2.0
827.8172000572205	0.021279999999933352	epochs	3.0
827.8384800572204	0.021200000000021646	epochs	3.0
827.8596800572204	0.042080000000055406	epochs	2.0
827.8596800572204	0.021040000000084547	epochs	3.0
827.8807200572205	0.02103999999997086	epochs	3.0
827.9017600572205	0.04167999999992844	epochs	2.0
827.9017600572205	0.020879999999920074	epochs	3.0
827.9226400572204	0.020800000000008367	epochs	3.0
827.9434400572204	0.041200000000003456	epochs	2.0
827.9434400572204	0.020640000000071268	epochs	3.0
827.9640800572205	0.020559999999932188	epochs	3.0
827.9846400572204	0.04088000000001557	epochs	2.0
827.9846400572204	0.020560000000045875	epochs	3.0
828.0052000572205	0.020319999999969696	epochs	3.0
828.0255200572204	0.040560000000027685	epochs	2.0
828.0255200572204	0.020319999999969696	epochs	3.0
828.0458400572204	0.02024000000005799	epochs	3.0
828.0660800572205	0.04007999999998901	epochs	2.0
828.0660800572205	0.020080000000007203	epochs	3.0
828.0861600572205	0.01999999999998181	epochs	3.0
828.1061600572204	0.03976000000000113	epochs	2.0
828.1061600572204	0.019919999999956417	epochs	3.0
828.1260800572204	0.01984000000004471	epochs	3.0
828.1459200572205	0.03944000000001324	epochs	2.0
828.1459200572205	0.019760000000019318	epochs	3.0
828.1656800572205	0.019679999999993925	epochs	3.0
828.1853600572205	0.039039999999999964	epochs	2.0
828.1853600572205	0.01951999999994314	epochs	3.0
828.2048800572204	0.019520000000056825	epochs	3.0
828.2244000572205	0.038639999999986685	epochs	2.0
828.2244000572205	0.01936000000000604	epochs	3.0
828.2437600572205	0.019279999999980646	epochs	3.0
828.2630400572205	0.03840000000002419	epochs	2.0
828.2630400572205	0.019279999999980646	epochs	3.0
828.2823200572204	0.019120000000043547	epochs	3.0
828.3014400572205	0.038000000000010914	epochs	2.0
828.3014400572205	0.019040000000018154	epochs	3.0
828.3204800572205	0.01895999999999276	epochs	3.0
828.3394400572205	0.03768000000002303	epochs	2.0
828.3394400572205	0.018879999999967367	epochs	3.0
828.3583200572205	0.01880000000005566	epochs	3.0
828.3771200572205	0.037359999999921456	epochs	2.0
828.3771200572205	0.01871999999991658	epochs	3.0
828.3958400572204	0.018640000000004875	epochs	3.0
828.4144800572204	0.03704000000004726	epochs	2.0
828.4144800572204	0.018559999999979482	epochs	3.0
828.4330400572204	0.018480000000067776	epochs	3.0
828.4515200572205	0.036719999999945685	epochs	2.0
828.4515200572205	0.018399999999928696	epochs	3.0
828.4699200572204	0.01832000000001699	epochs	3.0
828.4882400572204	0.03647999999998319	epochs	2.0
828.4882400572204	0.018239999999991596	epochs	3.0
828.5064800572204	0.018239999999991596	epochs	3.0
828.5247200572204	0.0360800000000836	epochs	2.0
828.5247200572204	0.018080000000054497	epochs	3.0
828.5428000572205	0.018000000000029104	epochs	3.0
828.5608000572205	0.03584000000000742	epochs	2.0
828.5608000572205	0.01792000000000371	epochs	3.0
828.5787200572205	0.01792000000000371	epochs	3.0
828.5966400572205	0.035520000000019536	epochs	2.0
828.5966400572205	0.017759999999952925	epochs	3.0
828.6144000572205	0.01776000000006661	epochs	3.0
828.6321600572205	0.035199999999917964	epochs	2.0
828.6321600572205	0.01767999999992753	epochs	3.0
828.6498400572204	0.017519999999990432	epochs	3.0
828.6673600572204	0.03496000000006916	epochs	2.0
828.6673600572204	0.017519999999990432	epochs	3.0
828.6848800572204	0.017440000000078726	epochs	3.0
828.7023200572205	0.03471999999999298	epochs	2.0
828.7023200572205	0.01743999999996504	epochs	3.0
828.7197600572205	0.01728000000002794	epochs	3.0
828.7370400572205	0.03440000000000509	epochs	2.0
828.7370400572205	0.017200000000002547	epochs	3.0
828.7542400572205	0.017200000000002547	epochs	3.0
828.7714400572205	0.034159999999928914	epochs	2.0
828.7714400572205	0.017119999999977153	epochs	3.0
828.7885600572205	0.01703999999995176	epochs	3.0
828.8056000572204	0.033840000000054715	epochs	2.0
828.8056000572204	0.016960000000040054	epochs	3.0
828.8225600572205	0.01688000000001466	epochs	3.0
828.8394400572205	0.033599999999978536	epochs	2.0
828.8394400572205	0.016799999999989268	epochs	3.0
828.8562400572205	0.016799999999989268	epochs	3.0
828.8730400572205	0.033360000000016043	epochs	2.0
828.8730400572205	0.016719999999963875	epochs	3.0
828.8897600572204	0.01664000000005217	epochs	3.0
828.9064000572205	0.033119999999939864	epochs	2.0
828.9064000572205	0.016560000000026776	epochs	3.0
828.9229600572205	0.01655999999991309	epochs	3.0
828.9395200572204	0.032800000000065666	epochs	2.0
828.9395200572204	0.016400000000089676	epochs	3.0
828.9559200572205	0.01639999999997599	epochs	3.0
828.9723200572205	0.032559999999989486	epochs	2.0
828.9723200572205	0.016319999999950596	epochs	3.0
828.9886400572204	0.01624000000003889	epochs	3.0
829.0048800572205	0.0323999999999387	epochs	2.0
829.0048800572205	0.01624000000003889	epochs	3.0
829.0211200572205	0.01615999999989981	epochs	3.0
829.0372800572204	0.0320800000000645	epochs	2.0
829.0372800572204	0.01608000000010179	epochs	3.0
829.0533600572205	0.01599999999996271	epochs	3.0
829.0693600572205	0.031920000000013715	epochs	2.0
829.0693600572205	0.01599999999996271	epochs	3.0
829.0853600572204	0.015920000000051004	epochs	3.0
829.1012800572205	0.03159999999991214	epochs	2.0
829.1012800572205	0.015839999999911925	epochs	3.0
829.1171200572204	0.01576000000000022	epochs	3.0
829.1328800572204	0.03144000000008873	epochs	2.0
829.1328800572204	0.01576000000000022	epochs	3.0
829.1486400572204	0.015680000000088512	epochs	3.0
829.1643200572205	0.03120000000001255	epochs	2.0
829.1643200572205	0.015599999999949432	epochs	3.0
829.1799200572204	0.015600000000063119	epochs	3.0
829.1955200572205	0.030959999999936372	epochs	2.0
829.1955200572205	0.015519999999924039	epochs	3.0
829.2110400572204	0.015440000000012333	epochs	3.0
829.2264800572204	0.03071999999997388	epochs	2.0
829.2264800572204	0.015440000000012333	epochs	3.0
829.2419200572205	0.015279999999961547	epochs	3.0
829.2572000572204	0.03056000000003678	epochs	2.0
829.2572000572204	0.015360000000100626	epochs	3.0
829.2725600572205	0.015199999999936153	epochs	3.0
829.2877600572205	0.0303199999999606	epochs	2.0
829.2877600572205	0.01520000000004984	epochs	3.0
829.3029600572205	0.01511999999991076	epochs	3.0
829.3180800572204	0.030079999999998108	epochs	2.0
829.3180800572204	0.015120000000024447	epochs	3.0
829.3332000572204	0.014959999999973661	epochs	3.0
829.3481600572204	0.02992000000006101	epochs	2.0
829.3481600572204	0.015039999999999054	epochs	3.0
829.3632000572204	0.014880000000061955	epochs	3.0
829.3780800572205	0.02967999999998483	epochs	2.0
829.3780800572205	0.014879999999948268	epochs	3.0
829.3929600572204	0.014800000000036562	epochs	3.0
829.4077600572205	0.02952000000004773	epochs	2.0
829.4077600572205	0.014800000000036562	epochs	3.0
829.4225600572205	0.014720000000011169	epochs	3.0
829.4372800572205	0.02927999999997155	epochs	2.0
829.4372800572205	0.014719999999897482	epochs	3.0
829.4520000572204	0.01456000000007407	epochs	3.0
829.4665600572205	0.02912000000003445	epochs	2.0
829.4665600572205	0.014639999999985776	epochs	3.0
829.4812000572205	0.014480000000048676	epochs	3.0
829.4956800572205	0.028959999999983665	epochs	2.0
829.4956800572205	0.01447999999993499	epochs	3.0
829.5101600572204	0.014480000000048676	epochs	3.0
829.5246400572205	0.02863999999999578	epochs	2.0
829.5246400572205	0.01431999999999789	epochs	3.0
829.5389600572205	0.01431999999999789	epochs	3.0
829.5532800572205	0.028559999999970387	epochs	2.0
829.5532800572205	0.01431999999999789	epochs	3.0
829.5676000572205	0.014239999999972497	epochs	3.0
829.5818400572205	0.028320000000007894	epochs	2.0
829.5818400572205	0.014159999999947104	epochs	3.0
829.5960000572204	0.01416000000006079	epochs	3.0
829.6101600572205	0.028159999999957108	epochs	2.0
829.6101600572205	0.014159999999947104	epochs	3.0
829.6243200572204	0.014000000000010004	epochs	3.0
829.6383200572204	0.02800000000002001	epochs	2.0
829.6383200572204	0.014000000000010004	epochs	3.0
829.6523200572204	0.014000000000010004	epochs	3.0
829.6663200572204	0.027760000000057516	epochs	2.0
829.6663200572204	0.013919999999984611	epochs	3.0
829.6802400572204	0.013840000000072905	epochs	3.0
829.6940800572205	0.027679999999918437	epochs	2.0
829.6940800572205	0.013839999999959218	epochs	3.0
829.7079200572205	0.013839999999959218	epochs	3.0
829.7217600572204	0.02744000000006963	epochs	2.0
829.7217600572204	0.013760000000047512	epochs	3.0
829.7355200572205	0.013680000000022119	epochs	3.0
829.7492000572205	0.027280000000018845	epochs	2.0
829.7492000572205	0.013680000000022119	epochs	3.0
829.7628800572205	0.013599999999996726	epochs	3.0
829.7764800572205	0.02711999999996806	epochs	2.0
829.7764800572205	0.013519999999971333	epochs	3.0
829.7900000572205	0.013599999999996726	epochs	3.0
829.8036000572205	0.026880000000005566	epochs	2.0
829.8036000572205	0.01343999999994594	epochs	3.0
829.8170400572204	0.013440000000059626	epochs	3.0
829.8304800572205	0.026799999999980173	epochs	2.0
829.8304800572205	0.01343999999994594	epochs	3.0
829.8439200572204	0.013360000000034233	epochs	3.0
829.8572800572205	0.02656000000001768	epochs	2.0
829.8572800572205	0.01328000000000884	epochs	3.0
829.8705600572205	0.01328000000000884	epochs	3.0
829.8838400572205	0.026479999999992287	epochs	2.0
829.8838400572205	0.01328000000000884	epochs	3.0
829.8971200572205	0.013199999999983447	epochs	3.0
829.9103200572205	0.026240000000029795	epochs	2.0
829.9103200572205	0.013119999999958054	epochs	3.0
829.9234400572204	0.013120000000071741	epochs	3.0
829.9365600572205	0.026160000000004402	epochs	2.0
829.9365600572205	0.013119999999958054	epochs	3.0
829.9496800572205	0.013040000000046348	epochs	3.0
829.9627200572205	0.025999999999953616	epochs	2.0
829.9627200572205	0.013039999999932661	epochs	3.0
829.9757600572204	0.012960000000020955	epochs	3.0
829.9887200572205	0.025759999999991123	epochs	2.0
829.9887200572205	0.012879999999995562	epochs	3.0
830.0016000572205	0.012879999999995562	epochs	3.0
830.0144800572205	0.02567999999996573	epochs	2.0
830.0144800572205	0.012879999999995562	epochs	3.0
830.0273600572204	0.012799999999970169	epochs	3.0
830.0401600572204	0.02552000000002863	epochs	2.0
830.0401600572204	0.012800000000083855	epochs	3.0
830.0529600572205	0.012719999999944775	epochs	3.0
830.0656800572204	0.025359999999977845	epochs	2.0
830.0656800572204	0.012720000000058462	epochs	3.0
830.0784000572205	0.012639999999919382	epochs	3.0
830.0910400572204	0.025200000000040745	epochs	2.0
830.0910400572204	0.01264000000003307	epochs	3.0
830.1036800572205	0.012560000000007676	epochs	3.0
830.1162400572205	0.024559999999951287	epochs	2.0
830.1404832572205	0.5	epochs	-1.0
830.1408000572204	0.5187200000000303	epochs	1.0
830.6595200572204	0.481200000000058	epochs	0.0
833.8060002326965	0.20079999999995835	epochs	0.0
833.8060002326965	0.09536000000002787	epochs	1.0
833.9013602326966	0.010080000000016298	epochs	1.0
833.9114402326966	0.09535999999991418	epochs	1.0
834.0068002326965	2.0	epochs	0.0
836.0068002326965	21.518640000000005	epochs	0.0
836.0068002326965	1.0	epochs	1.0
836.0068034326965	0.5	epochs	-1.0
836.5068034326965	19.999680000000012	epochs	-1.0
837.0068002326965	20.0	epochs	1.0
837.0068002326965	8.000000002539309e-05	epochs	2.0
837.0068802326965	4.356719999999996	epochs	-1.0
837.0068802326965	1.9745599999999968	epochs	2.0
837.0068802326965	1.0985600000000204	epochs	3.0
838.1054402326965	0.8759999999999764	epochs	3.0
838.9814402326965	1.3523999999999887	epochs	2.0
838.9814402326965	0.7286400000000413	epochs	3.0
839.7100802326966	0.6237599999999475	epochs	3.0
840.3338402326965	1.0297600000000102	epochs	2.0
840.3338402326965	0.5453600000000733	epochs	3.0
840.8792002326966	0.4843999999999369	epochs	3.0
841.3636002326965	0.8317600000000311	epochs	2.0
841.3636002326965	0.435760000000073	epochs	3.0
841.7993602326966	0.39599999999995816	epochs	3.0
842.1953602326965	0.697840000000042	epochs	2.0
842.1953602326965	0.3628800000000183	epochs	3.0
842.5582402326966	0.3349600000000237	epochs	3.0
842.8932002326966	0.6010399999998981	epochs	2.0
842.8932002326966	0.3108799999999974	epochs	3.0
843.2040802326966	0.2901599999999007	epochs	3.0
843.4942402326965	0.5278400000000829	epochs	2.0
843.4942402326965	0.2719200000000228	epochs	3.0
843.7661602326965	0.2559200000000601	epochs	3.0
844.0220802326966	0.47064000000000306	epochs	2.0
844.0220802326966	0.24167999999997392	epochs	3.0
844.2637602326965	0.22896000000002914	epochs	3.0
844.4927202326966	0.42455999999992855	epochs	2.0
844.4927202326966	0.2174400000000105	epochs	3.0
844.7101602326966	0.20711999999991804	epochs	3.0
844.9172802326965	0.3867200000000821	epochs	2.0
844.9172802326965	0.1976799999999912	epochs	3.0
845.1149602326965	0.1890400000000909	epochs	3.0
845.3040002326966	0.3551199999999426	epochs	2.0
845.3040002326966	0.1811999999999898	epochs	3.0
845.4852002326966	0.17391999999995278	epochs	3.0
845.6591202326965	0.3282400000000507	epochs	2.0
845.6591202326965	0.1671999999999798	epochs	3.0
845.8263202326965	0.1610400000000709	epochs	3.0
845.9873602326966	0.30520000000001346	epochs	2.0
845.9873602326966	0.1552799999999479	epochs	3.0
846.1426402326965	0.14992000000006556	epochs	3.0
846.2925602326966	0.28511999999989257	epochs	2.0
846.2925602326966	0.14487999999994372	epochs	3.0
846.4374402326965	0.14023999999994885	epochs	3.0
846.5776802326965	0.2675200000001041	epochs	2.0
846.5776802326965	0.13584000000003016	epochs	3.0
846.7135202326965	0.13168000000007396	epochs	3.0
846.8452002326966	0.2520799999999781	epochs	2.0
846.8452002326966	0.12783999999999196	epochs	3.0
846.9730402326966	0.12423999999998614	epochs	3.0
847.0972802326966	0.2381599999999935	epochs	2.0
847.0972802326966	0.12072000000000571	epochs	3.0
847.2180002326966	0.11743999999998778	epochs	3.0
847.3354402326966	0.2258399999999483	epochs	2.0
847.3354402326966	0.11439999999993233	epochs	3.0
847.4498402326965	0.11144000000001597	epochs	3.0
847.5612802326965	0.21464000000003125	epochs	2.0
847.5612802326965	0.10864000000003671	epochs	3.0
847.6699202326965	0.10599999999999454	epochs	3.0
847.7759202326965	0.20447999999998956	epochs	2.0
847.7759202326965	0.10343999999997777	epochs	3.0
847.8793602326965	0.10104000000001179	epochs	3.0
847.9804002326965	0.1953600000000506	epochs	2.0
847.9804002326965	0.0987999999999829	epochs	3.0
848.0792002326965	0.0965600000000677	epochs	3.0
848.1757602326966	0.18695999999999913	epochs	2.0
848.1757602326966	0.09447999999997592	epochs	3.0
848.2702402326966	0.09248000000002321	epochs	3.0
848.3627202326966	0.17919999999992342	epochs	2.0
848.3627202326966	0.09047999999995682	epochs	3.0
848.4532002326965	0.0887199999999666	epochs	3.0
848.5419202326965	0.17208000000005086	epochs	2.0
848.5419202326965	0.08688000000006468	epochs	3.0
848.6288002326966	0.08519999999998618	epochs	3.0
848.7140002326965	0.165520000000015	epochs	2.0
848.7140002326965	0.08359999999993306	epochs	3.0
848.7976002326965	0.08192000000008193	epochs	3.0
848.8795202326966	0.1595199999999295	epochs	2.0
848.8795202326966	0.08047999999996591	epochs	3.0
848.9600002326965	0.07903999999996358	epochs	3.0
849.0390402326965	0.15376000000003387	epochs	2.0
849.0390402326965	0.07760000000007494	epochs	3.0
849.1166402326966	0.07615999999995893	epochs	3.0
849.1928002326965	0.14855999999997493	epochs	2.0
849.1928002326965	0.07496000000003278	epochs	3.0
849.2677602326966	0.07359999999994216	epochs	3.0
849.3413602326965	0.14368000000001757	epochs	2.0
849.3413602326965	0.0724800000000414	epochs	3.0
849.4138402326965	0.07119999999997617	epochs	3.0
849.4850402326965	0.1390400000000227	epochs	2.0
849.4850402326965	0.07007999999996173	epochs	3.0
849.5551202326965	0.06896000000006097	epochs	3.0
849.6240802326965	0.13472000000001572	epochs	2.0
849.6240802326965	0.06791999999995824	epochs	3.0
849.6920002326965	0.06680000000005748	epochs	3.0
849.7588002326966	0.13071999999999662	epochs	2.0
849.7588002326966	0.06583999999998014	epochs	3.0
849.8246402326965	0.06488000000001648	epochs	3.0
849.8895202326966	0.1268000000000029	epochs	2.0
849.8895202326966	0.06384000000002743	epochs	3.0
849.9533602326966	0.06295999999997548	epochs	3.0
850.0163202326966	0.12328000000002248	epochs	2.0
850.0163202326966	0.06207999999992353	epochs	3.0
850.0784002326965	0.06120000000009895	epochs	3.0
850.1396002326966	0.11983999999995376	epochs	2.0
850.1396002326966	0.060319999999933316	epochs	3.0
850.1999202326965	0.059520000000020445	epochs	3.0
850.2594402326965	0.11663999999996122	epochs	2.0
850.2594402326965	0.05871999999999389	epochs	3.0
850.3181602326965	0.05791999999996733	epochs	3.0
850.3760802326965	0.11360000000001946	epochs	2.0
850.3760802326965	0.057200000000079854	epochs	3.0
850.4332802326966	0.05639999999993961	epochs	3.0
850.4896802326965	0.1107200000000148	epochs	2.0
850.4896802326965	0.05568000000005213	epochs	3.0
850.5453602326966	0.055039999999962674	epochs	3.0
850.6004002326965	0.10792000000003554	epochs	2.0
850.6004002326965	0.054240000000049804	epochs	3.0
850.6546402326966	0.05367999999998574	epochs	3.0
850.7083202326966	0.10527999999999338	epochs	2.0
850.7083202326966	0.052959999999984575	epochs	3.0
850.7612802326965	0.052320000000008804	epochs	3.0
850.8136002326966	0.1028800000000274	epochs	2.0
850.8136002326966	0.05175999999994474	epochs	3.0
850.8653602326965	0.051120000000082655	epochs	3.0
850.9164802326966	0.10039999999992233	epochs	2.0
850.9164802326966	0.0504799999999932	epochs	3.0
850.9669602326966	0.04991999999992913	epochs	3.0
851.0168802326965	0.09824000000003252	epochs	2.0
851.0168802326965	0.049359999999978754	epochs	3.0
851.0662402326965	0.04888000000005377	epochs	3.0
851.1151202326965	0.09600000000000364	epochs	2.0
851.1151202326965	0.04823999999996431	epochs	3.0
851.1633602326965	0.04776000000003933	epochs	3.0
851.2111202326965	0.09392000000002554	epochs	2.0
851.2111202326965	0.04719999999997526	epochs	3.0
851.2583202326965	0.04672000000005028	epochs	3.0
851.3050402326966	0.09191999999995915	epochs	2.0
851.3050402326966	0.04615999999998621	epochs	3.0
851.3512002326966	0.04575999999997293	epochs	3.0
851.3969602326965	0.09008000000005723	epochs	2.0
851.3969602326965	0.04528000000004795	epochs	3.0
851.4422402326966	0.04480000000000928	epochs	3.0
851.4870402326966	0.08815999999990254	epochs	2.0
851.4870402326966	0.044319999999970605	epochs	3.0
851.5313602326966	0.04383999999993193	epochs	3.0
851.5752002326965	0.0864800000000514	epochs	2.0
851.5752002326965	0.04344000000003234	epochs	3.0
851.6186402326965	0.04304000000001906	epochs	3.0
851.6616802326965	0.0847199999999475	epochs	2.0
851.6616802326965	0.04255999999998039	epochs	3.0
851.7042402326965	0.04215999999996711	epochs	3.0
851.7464002326965	0.08320000000003347	epochs	2.0
851.7464002326965	0.04176000000006752	epochs	3.0
851.7881602326966	0.04143999999996595	epochs	3.0
851.8296002326965	0.08151999999995496	epochs	2.0
851.8296002326965	0.040960000000040964	epochs	3.0
851.8705602326966	0.040559999999914	epochs	3.0
851.9111202326965	0.08008000000006632	epochs	2.0
851.9111202326965	0.0402400000000398	epochs	3.0
851.9513602326965	0.03984000000002652	epochs	3.0
851.9912002326965	0.0786399999999503	epochs	2.0
851.9912002326965	0.039520000000038635	epochs	3.0
852.0307202326966	0.03911999999991167	epochs	3.0
852.0698402326965	0.07720000000006166	epochs	2.0
852.0698402326965	0.03880000000003747	epochs	3.0
852.1086402326965	0.03840000000002419	epochs	3.0
852.1470402326966	0.07591999999999643	epochs	2.0
852.1470402326966	0.03815999999994801	epochs	3.0
852.1852002326965	0.03776000000004842	epochs	3.0
852.2229602326966	0.0745600000000195	epochs	2.0
852.2229602326966	0.03743999999994685	epochs	3.0
852.2604002326965	0.03712000000007265	epochs	3.0
852.2975202326966	0.07335999999997966	epochs	2.0
852.2975202326966	0.03679999999997108	epochs	3.0
852.3343202326965	0.036560000000008586	epochs	3.0
852.3708802326965	0.07208000000002812	epochs	2.0
852.3708802326965	0.03615999999999531	epochs	3.0
852.4070402326965	0.035920000000032815	epochs	3.0
852.4429602326966	0.07087999999998829	epochs	2.0
852.4429602326966	0.03559999999993124	epochs	3.0
852.4785602326965	0.035280000000057044	epochs	3.0
852.5138402326966	0.06983999999999924	epochs	2.0
852.5138402326966	0.035039999999980864	epochs	3.0
852.5488802326965	0.03480000000001837	epochs	3.0
852.5836802326966	0.0686399999999594	epochs	2.0
852.5836802326966	0.0344799999999168	epochs	3.0
852.6181602326965	0.0341600000000426	epochs	3.0
852.6523202326965	0.06759999999997035	epochs	2.0
852.6523202326965	0.03391999999996642	epochs	3.0
852.6862402326965	0.03368000000000393	epochs	3.0
852.7199202326965	0.0665599999999813	epochs	2.0
852.7199202326965	0.03344000000004144	epochs	3.0
852.7533602326965	0.033119999999939864	epochs	3.0
852.7864802326965	0.06560000000001764	epochs	2.0
852.7864802326965	0.032960000000002765	epochs	3.0
852.8194402326965	0.03264000000001488	epochs	3.0
852.8520802326965	0.0645600000000286	epochs	2.0
852.8520802326965	0.03240000000005239	epochs	3.0
852.8844802326965	0.03215999999997621	epochs	3.0
852.9166402326965	0.06367999999997664	epochs	2.0
852.9166402326965	0.03200000000003911	epochs	3.0
852.9486402326966	0.031679999999937536	epochs	3.0
852.9803202326965	0.06272000000001299	epochs	2.0
852.9803202326965	0.03144000000008873	epochs	3.0
853.0117602326966	0.03127999999992426	epochs	3.0
853.0430402326965	0.061840000000074724	epochs	2.0
853.0430402326965	0.03104000000007545	epochs	3.0
853.0740802326966	0.030799999999999272	epochs	3.0
853.1048802326966	0.06095999999990909	epochs	2.0
853.1048802326966	0.030559999999923093	epochs	3.0
853.1354402326965	0.030399999999985994	epochs	3.0
853.1658402326965	0.060159999999996217	epochs	2.0
853.1658402326965	0.0301600000000235	epochs	3.0
853.1960002326965	0.029999999999972715	epochs	3.0
853.2260002326965	0.05928000000005795	epochs	2.0
853.2260002326965	0.02967999999998483	epochs	3.0
853.2556802326965	0.029600000000073123	epochs	3.0
853.2852802326966	0.058480000000031396	epochs	2.0
853.2852802326966	0.029359999999996944	epochs	3.0
853.3146402326965	0.02912000000003445	epochs	3.0
853.3437602326966	0.057759999999916545	epochs	2.0
853.3437602326966	0.028959999999983665	epochs	3.0
853.3727202326966	0.02879999999993288	epochs	3.0
853.4015202326965	0.056960000000003674	epochs	2.0
853.4015202326965	0.028560000000084074	epochs	3.0
853.4300802326966	0.0283999999999196	epochs	3.0
853.4584802326965	0.05624000000000251	epochs	2.0
853.4584802326965	0.028160000000070795	epochs	3.0
853.4866402326966	0.028079999999931715	epochs	3.0
853.5147202326965	0.05543999999997595	epochs	2.0
853.5147202326965	0.02784000000008291	epochs	3.0
853.5425602326966	0.027599999999893043	epochs	3.0
853.5701602326965	0.054880000000025575	epochs	2.0
853.5701602326965	0.027520000000095024	epochs	3.0
853.5976802326966	0.02735999999993055	epochs	3.0
853.6250402326965	0.05407999999999902	epochs	2.0
853.6250402326965	0.027120000000081745	epochs	3.0
853.6521602326966	0.026959999999917272	epochs	3.0
853.6791202326965	0.05344000000002325	epochs	2.0
853.6791202326965	0.026799999999980173	epochs	3.0
853.7059202326965	0.026640000000043074	epochs	3.0
853.7325602326965	0.05287999999995918	epochs	2.0
853.7325602326965	0.026479999999992287	epochs	3.0
853.7590402326965	0.026399999999966894	epochs	3.0
853.7854402326965	0.052160000000071705	epochs	2.0
853.7854402326965	0.026160000000004402	epochs	3.0
853.8116002326965	0.026000000000067303	epochs	3.0
853.8376002326966	0.05151999999998225	epochs	2.0
853.8376002326966	0.025840000000016516	epochs	3.0
853.8634402326966	0.02567999999996573	epochs	3.0
853.8891202326965	0.05096000000003187	epochs	2.0
853.8891202326965	0.025599999999940337	epochs	3.0
853.9147202326965	0.02536000000009153	epochs	3.0
853.9400802326966	0.050399999999967804	epochs	2.0
853.9400802326966	0.02527999999995245	epochs	3.0
853.9653602326965	0.025120000000015352	epochs	3.0
853.9904802326965	0.04975999999999203	epochs	2.0
853.9904802326965	0.024959999999964566	epochs	3.0
854.0154402326965	0.024800000000027467	epochs	3.0
854.0402402326965	0.049200000000041655	epochs	2.0
854.0402402326965	0.02463999999997668	epochs	3.0
854.0648802326965	0.024560000000064974	epochs	3.0
854.0894402326966	0.04872000000000298	epochs	2.0
854.0894402326966	0.0243999999999005	epochs	3.0
854.1138402326965	0.024320000000102482	epochs	3.0
854.1381602326966	0.048079999999913525	epochs	2.0
854.1381602326966	0.024079999999912616	epochs	3.0
854.1622402326965	0.02400000000000091	epochs	3.0
854.1862402326965	0.04759999999998854	epochs	2.0
854.1862402326965	0.02384000000006381	epochs	3.0
854.2100802326966	0.02375999999992473	epochs	3.0
854.2338402326965	0.047120000000063555	epochs	2.0
854.2338402326965	0.023600000000101318	epochs	3.0
854.2574402326966	0.023519999999962238	epochs	3.0
854.2809602326965	0.04655999999999949	epochs	2.0
854.2809602326965	0.02336000000002514	epochs	3.0
854.3043202326966	0.023199999999974352	epochs	3.0
854.3275202326965	0.04607999999996082	epochs	2.0
854.3275202326965	0.02311999999994896	epochs	3.0
854.3506402326965	0.02296000000001186	epochs	3.0
854.3736002326965	0.045600000000035834	epochs	2.0
854.3736002326965	0.022879999999986467	epochs	3.0
854.3964802326965	0.022720000000049367	epochs	3.0
854.4192002326965	0.04511999999999716	epochs	2.0
854.4192002326965	0.022640000000023974	epochs	3.0
854.4418402326966	0.022479999999973188	epochs	3.0
854.4643202326965	0.04463999999995849	epochs	2.0
854.4643202326965	0.022399999999947795	epochs	3.0
854.4867202326965	0.022240000000010696	epochs	3.0
854.5089602326965	0.0442400000000589	epochs	2.0
854.5089602326965	0.022159999999985303	epochs	3.0
854.5311202326965	0.022080000000073596	epochs	3.0
854.5532002326966	0.04376000000002023	epochs	2.0
854.5532002326966	0.02192000000002281	epochs	3.0
854.5751202326966	0.021839999999997417	epochs	3.0
854.5969602326966	0.04336000000000695	epochs	2.0
854.5969602326966	0.021759999999972024	epochs	3.0
854.6187202326965	0.021600000000034925	epochs	3.0
854.6403202326966	0.04287999999996828	epochs	2.0
854.6403202326966	0.02143999999998414	epochs	3.0
854.6617602326966	0.02143999999998414	epochs	3.0
854.6832002326965	0.042479999999955	epochs	2.0
854.6832002326965	0.021279999999933352	epochs	3.0
854.7044802326965	0.021200000000021646	epochs	3.0
854.7256802326965	0.042080000000055406	epochs	2.0
854.7256802326965	0.021040000000084547	epochs	3.0
854.7467202326966	0.02103999999997086	epochs	3.0
854.7677602326966	0.04167999999992844	epochs	2.0
854.7677602326966	0.020879999999920074	epochs	3.0
854.7886402326965	0.020800000000008367	epochs	3.0
854.8094402326965	0.041200000000003456	epochs	2.0
854.8094402326965	0.020640000000071268	epochs	3.0
854.8300802326966	0.020559999999932188	epochs	3.0
854.8506402326965	0.04088000000001557	epochs	2.0
854.8506402326965	0.020560000000045875	epochs	3.0
854.8712002326965	0.020319999999969696	epochs	3.0
854.8915202326965	0.040560000000027685	epochs	2.0
854.8915202326965	0.020319999999969696	epochs	3.0
854.9118402326965	0.02024000000005799	epochs	3.0
854.9320802326965	0.04007999999998901	epochs	2.0
854.9320802326965	0.020080000000007203	epochs	3.0
854.9521602326965	0.01999999999998181	epochs	3.0
854.9721602326965	0.03976000000000113	epochs	2.0
854.9721602326965	0.019919999999956417	epochs	3.0
854.9920802326965	0.01984000000004471	epochs	3.0
855.0119202326965	0.03944000000001324	epochs	2.0
855.0119202326965	0.019760000000019318	epochs	3.0
855.0316802326965	0.019679999999993925	epochs	3.0
855.0513602326965	0.039039999999999964	epochs	2.0
855.0513602326965	0.01951999999994314	epochs	3.0
855.0708802326965	0.019520000000056825	epochs	3.0
855.0904002326965	0.038639999999986685	epochs	2.0
855.0904002326965	0.01936000000000604	epochs	3.0
855.1097602326965	0.019279999999980646	epochs	3.0
855.1290402326965	0.03840000000002419	epochs	2.0
855.1290402326965	0.019279999999980646	epochs	3.0
855.1483202326965	0.019120000000043547	epochs	3.0
855.1674402326965	0.038000000000010914	epochs	2.0
855.1674402326965	0.019040000000018154	epochs	3.0
855.1864802326966	0.01895999999999276	epochs	3.0
855.2054402326966	0.03768000000002303	epochs	2.0
855.2054402326966	0.018879999999967367	epochs	3.0
855.2243202326965	0.01880000000005566	epochs	3.0
855.2431202326966	0.037359999999921456	epochs	2.0
855.2431202326966	0.01871999999991658	epochs	3.0
855.2618402326965	0.018640000000004875	epochs	3.0
855.2804802326965	0.03704000000004726	epochs	2.0
855.2804802326965	0.018559999999979482	epochs	3.0
855.2990402326965	0.018480000000067776	epochs	3.0
855.3175202326966	0.036719999999945685	epochs	2.0
855.3175202326966	0.018399999999928696	epochs	3.0
855.3359202326965	0.01832000000001699	epochs	3.0
855.3542402326965	0.03647999999998319	epochs	2.0
855.3542402326965	0.018239999999991596	epochs	3.0
855.3724802326965	0.018239999999991596	epochs	3.0
855.3907202326965	0.0360800000000836	epochs	2.0
855.3907202326965	0.018080000000054497	epochs	3.0
855.4088002326965	0.018000000000029104	epochs	3.0
855.4268002326966	0.03584000000000742	epochs	2.0
855.4268002326966	0.01792000000000371	epochs	3.0
855.4447202326966	0.01792000000000371	epochs	3.0
855.4626402326966	0.035520000000019536	epochs	2.0
855.4626402326966	0.017759999999952925	epochs	3.0
855.4804002326965	0.01776000000006661	epochs	3.0
855.4981602326966	0.035199999999917964	epochs	2.0
855.4981602326966	0.01767999999992753	epochs	3.0
855.5158402326965	0.017519999999990432	epochs	3.0
855.5333602326965	0.03496000000006916	epochs	2.0
855.5333602326965	0.017519999999990432	epochs	3.0
855.5508802326965	0.017440000000078726	epochs	3.0
855.5683202326966	0.03471999999999298	epochs	2.0
855.5683202326966	0.01743999999996504	epochs	3.0
855.5857602326965	0.01728000000002794	epochs	3.0
855.6030402326966	0.03440000000000509	epochs	2.0
855.6030402326966	0.017200000000002547	epochs	3.0
855.6202402326966	0.017200000000002547	epochs	3.0
855.6374402326966	0.034159999999928914	epochs	2.0
855.6374402326966	0.017119999999977153	epochs	3.0
855.6545602326966	0.01703999999995176	epochs	3.0
855.6716002326965	0.033840000000054715	epochs	2.0
855.6716002326965	0.016960000000040054	epochs	3.0
855.6885602326965	0.01688000000001466	epochs	3.0
855.7054402326966	0.033599999999978536	epochs	2.0
855.7054402326966	0.016799999999989268	epochs	3.0
855.7222402326965	0.016799999999989268	epochs	3.0
855.7390402326965	0.033360000000016043	epochs	2.0
855.7390402326965	0.016719999999963875	epochs	3.0
855.7557602326965	0.01664000000005217	epochs	3.0
855.7724002326966	0.033119999999939864	epochs	2.0
855.7724002326966	0.016560000000026776	epochs	3.0
855.7889602326966	0.01655999999991309	epochs	3.0
855.8055202326965	0.032800000000065666	epochs	2.0
855.8055202326965	0.016400000000089676	epochs	3.0
855.8219202326966	0.01639999999997599	epochs	3.0
855.8383202326966	0.032559999999989486	epochs	2.0
855.8383202326966	0.016319999999950596	epochs	3.0
855.8546402326965	0.01624000000003889	epochs	3.0
855.8708802326965	0.0323999999999387	epochs	2.0
855.8708802326965	0.01624000000003889	epochs	3.0
855.8871202326966	0.01615999999989981	epochs	3.0
855.9032802326965	0.0320800000000645	epochs	2.0
855.9032802326965	0.01608000000010179	epochs	3.0
855.9193602326966	0.01599999999996271	epochs	3.0
855.9353602326966	0.031920000000013715	epochs	2.0
855.9353602326966	0.01599999999996271	epochs	3.0
855.9513602326965	0.015920000000051004	epochs	3.0
855.9672802326966	0.03159999999991214	epochs	2.0
855.9672802326966	0.015839999999911925	epochs	3.0
855.9831202326965	0.01576000000000022	epochs	3.0
855.9988802326965	0.03144000000008873	epochs	2.0
855.9988802326965	0.01576000000000022	epochs	3.0
856.0146402326965	0.015680000000088512	epochs	3.0
856.0303202326966	0.03120000000001255	epochs	2.0
856.0303202326966	0.015599999999949432	epochs	3.0
856.0459202326965	0.015600000000063119	epochs	3.0
856.0615202326966	0.030959999999936372	epochs	2.0
856.0615202326966	0.015519999999924039	epochs	3.0
856.0770402326965	0.015440000000012333	epochs	3.0
856.0924802326965	0.03071999999997388	epochs	2.0
856.0924802326965	0.015440000000012333	epochs	3.0
856.1079202326965	0.015279999999961547	epochs	3.0
856.1232002326965	0.03056000000003678	epochs	2.0
856.1232002326965	0.015360000000100626	epochs	3.0
856.1385602326966	0.015199999999936153	epochs	3.0
856.1537602326965	0.0303199999999606	epochs	2.0
856.1537602326965	0.01520000000004984	epochs	3.0
856.1689602326966	0.01511999999991076	epochs	3.0
856.1840802326965	0.030079999999998108	epochs	2.0
856.1840802326965	0.015120000000024447	epochs	3.0
856.1992002326965	0.014959999999973661	epochs	3.0
856.2141602326965	0.02992000000006101	epochs	2.0
856.2141602326965	0.015039999999999054	epochs	3.0
856.2292002326965	0.014880000000061955	epochs	3.0
856.2440802326965	0.02967999999998483	epochs	2.0
856.2440802326965	0.014879999999948268	epochs	3.0
856.2589602326965	0.014800000000036562	epochs	3.0
856.2737602326965	0.02952000000004773	epochs	2.0
856.2737602326965	0.014800000000036562	epochs	3.0
856.2885602326966	0.014720000000011169	epochs	3.0
856.3032802326966	0.02927999999997155	epochs	2.0
856.3032802326966	0.014719999999897482	epochs	3.0
856.3180002326965	0.01456000000007407	epochs	3.0
856.3325602326966	0.02912000000003445	epochs	2.0
856.3325602326966	0.014639999999985776	epochs	3.0
856.3472002326965	0.014480000000048676	epochs	3.0
856.3616802326966	0.028959999999983665	epochs	2.0
856.3616802326966	0.01447999999993499	epochs	3.0
856.3761602326965	0.014480000000048676	epochs	3.0
856.3906402326966	0.02863999999999578	epochs	2.0
856.3906402326966	0.01431999999999789	epochs	3.0
856.4049602326966	0.01431999999999789	epochs	3.0
856.4192802326966	0.028559999999970387	epochs	2.0
856.4192802326966	0.01431999999999789	epochs	3.0
856.4336002326966	0.014239999999972497	epochs	3.0
856.4478402326965	0.028320000000007894	epochs	2.0
856.4478402326965	0.014159999999947104	epochs	3.0
856.4620002326965	0.01416000000006079	epochs	3.0
856.4761602326965	0.028159999999957108	epochs	2.0
856.4761602326965	0.014159999999947104	epochs	3.0
856.4903202326965	0.014000000000010004	epochs	3.0
856.5043202326965	0.02800000000002001	epochs	2.0
856.5043202326965	0.014000000000010004	epochs	3.0
856.5183202326965	0.014000000000010004	epochs	3.0
856.5323202326965	0.027760000000057516	epochs	2.0
856.5323202326965	0.013919999999984611	epochs	3.0
856.5462402326965	0.013840000000072905	epochs	3.0
856.5600802326966	0.027679999999918437	epochs	2.0
856.5600802326966	0.013839999999959218	epochs	3.0
856.5739202326965	0.013839999999959218	epochs	3.0
856.5877602326965	0.02744000000006963	epochs	2.0
856.5877602326965	0.013760000000047512	epochs	3.0
856.6015202326965	0.013680000000022119	epochs	3.0
856.6152002326966	0.027280000000018845	epochs	2.0
856.6152002326966	0.013680000000022119	epochs	3.0
856.6288802326966	0.013599999999996726	epochs	3.0
856.6424802326966	0.02711999999996806	epochs	2.0
856.6424802326966	0.013519999999971333	epochs	3.0
856.6560002326966	0.013599999999996726	epochs	3.0
856.6696002326966	0.026880000000005566	epochs	2.0
856.6696002326966	0.01343999999994594	epochs	3.0
856.6830402326965	0.013440000000059626	epochs	3.0
856.6964802326966	0.026799999999980173	epochs	2.0
856.6964802326966	0.01343999999994594	epochs	3.0
856.7099202326965	0.013360000000034233	epochs	3.0
856.7232802326965	0.02656000000001768	epochs	2.0
856.7232802326965	0.01328000000000884	epochs	3.0
856.7365602326965	0.01328000000000884	epochs	3.0
856.7498402326966	0.026479999999992287	epochs	2.0
856.7498402326966	0.01328000000000884	epochs	3.0
856.7631202326966	0.013199999999983447	epochs	3.0
856.7763202326965	0.026240000000029795	epochs	2.0
856.7763202326965	0.013119999999958054	epochs	3.0
856.7894402326965	0.013120000000071741	epochs	3.0
856.8025602326966	0.026160000000004402	epochs	2.0
856.8025602326966	0.013119999999958054	epochs	3.0
856.8156802326965	0.013040000000046348	epochs	3.0
856.8287202326966	0.025999999999953616	epochs	2.0
856.8287202326966	0.013039999999932661	epochs	3.0
856.8417602326965	0.012960000000020955	epochs	3.0
856.8547202326965	0.025759999999991123	epochs	2.0
856.8547202326965	0.012879999999995562	epochs	3.0
856.8676002326965	0.012879999999995562	epochs	3.0
856.8804802326965	0.02567999999996573	epochs	2.0
856.8804802326965	0.012879999999995562	epochs	3.0
856.8933602326965	0.012799999999970169	epochs	3.0
856.9061602326965	0.02552000000002863	epochs	2.0
856.9061602326965	0.012800000000083855	epochs	3.0
856.9189602326966	0.012719999999944775	epochs	3.0
856.9316802326965	0.025359999999977845	epochs	2.0
856.9316802326965	0.012720000000058462	epochs	3.0
856.9444002326966	0.012639999999919382	epochs	3.0
856.9570402326965	0.025200000000040745	epochs	2.0
856.9570402326965	0.01264000000003307	epochs	3.0
856.9696802326965	0.012560000000007676	epochs	3.0
856.9822402326965	0.024559999999951287	epochs	2.0
857.0064834326965	0.5	epochs	-1.0
857.0068002326965	0.5186400000000049	epochs	1.0
857.5254402326965	0.4812800000000834	epochs	0.0
872.3489999771118	0.20079999999995835	epochs	0.0
872.3489999771118	0.09536000000002787	epochs	1.0
872.4443599771118	0.010080000000016298	epochs	1.0
872.4544399771119	0.09535999999991418	epochs	1.0
872.5497999771118	2.0	epochs	0.0
874.5497999771118	21.558560000000057	epochs	0.0
874.5497999771118	1.0	epochs	1.0
874.5498031771118	0.5	epochs	-1.0
875.0498031771118	19.999680000000012	epochs	-1.0
875.5497999771118	20.0	epochs	1.0
875.5497999771118	8.000000002539309e-05	epochs	2.0
875.5498799771118	4.356719999999996	epochs	-1.0
875.5498799771118	1.9745599999999968	epochs	2.0
875.5498799771118	1.0985600000000204	epochs	3.0
876.6484399771118	0.8759999999999764	epochs	3.0
877.5244399771118	1.3523999999999887	epochs	2.0
877.5244399771118	0.7286400000000413	epochs	3.0
878.2530799771118	0.6237599999999475	epochs	3.0
878.8768399771118	1.0297600000000102	epochs	2.0
878.8768399771118	0.5453600000000733	epochs	3.0
879.4221999771119	0.4843999999999369	epochs	3.0
879.9065999771118	0.8317600000000311	epochs	2.0
879.9065999771118	0.435760000000073	epochs	3.0
880.3423599771119	0.39599999999995816	epochs	3.0
880.7383599771118	0.697840000000042	epochs	2.0
880.7383599771118	0.3628800000000183	epochs	3.0
881.1012399771118	0.3349600000000237	epochs	3.0
881.4361999771119	0.6010399999998981	epochs	2.0
881.4361999771119	0.3108799999999974	epochs	3.0
881.7470799771119	0.2901599999999007	epochs	3.0
882.0372399771118	0.5278400000000829	epochs	2.0
882.0372399771118	0.2719200000000228	epochs	3.0
882.3091599771118	0.2559200000000601	epochs	3.0
882.5650799771118	0.47064000000000306	epochs	2.0
882.5650799771118	0.24167999999997392	epochs	3.0
882.8067599771118	0.22896000000002914	epochs	3.0
883.0357199771119	0.42455999999992855	epochs	2.0
883.0357199771119	0.2174400000000105	epochs	3.0
883.2531599771119	0.20711999999991804	epochs	3.0
883.4602799771118	0.3867200000000821	epochs	2.0
883.4602799771118	0.1976799999999912	epochs	3.0
883.6579599771118	0.1890400000000909	epochs	3.0
883.8469999771119	0.3551199999999426	epochs	2.0
883.8469999771119	0.1811999999999898	epochs	3.0
884.0281999771119	0.17391999999995278	epochs	3.0
884.2021199771118	0.3282400000000507	epochs	2.0
884.2021199771118	0.1671999999999798	epochs	3.0
884.3693199771118	0.1610400000000709	epochs	3.0
884.5303599771119	0.30520000000001346	epochs	2.0
884.5303599771119	0.1552799999999479	epochs	3.0
884.6856399771118	0.14992000000006556	epochs	3.0
884.8355599771119	0.28511999999989257	epochs	2.0
884.8355599771119	0.14487999999994372	epochs	3.0
884.9804399771118	0.14023999999994885	epochs	3.0
885.1206799771118	0.2675200000001041	epochs	2.0
885.1206799771118	0.13584000000003016	epochs	3.0
885.2565199771118	0.13168000000007396	epochs	3.0
885.3881999771119	0.2520799999999781	epochs	2.0
885.3881999771119	0.12783999999999196	epochs	3.0
885.5160399771119	0.12423999999998614	epochs	3.0
885.6402799771118	0.2381599999999935	epochs	2.0
885.6402799771118	0.12072000000000571	epochs	3.0
885.7609999771119	0.11743999999998778	epochs	3.0
885.8784399771118	0.2258399999999483	epochs	2.0
885.8784399771118	0.11439999999993233	epochs	3.0
885.9928399771118	0.11144000000001597	epochs	3.0
886.1042799771118	0.21464000000003125	epochs	2.0
886.1042799771118	0.10864000000003671	epochs	3.0
886.2129199771118	0.10599999999999454	epochs	3.0
886.3189199771118	0.20447999999998956	epochs	2.0
886.3189199771118	0.10343999999997777	epochs	3.0
886.4223599771118	0.10104000000001179	epochs	3.0
886.5233999771118	0.1953600000000506	epochs	2.0
886.5233999771118	0.0987999999999829	epochs	3.0
886.6221999771118	0.0965600000000677	epochs	3.0
886.7187599771119	0.18695999999999913	epochs	2.0
886.7187599771119	0.09447999999997592	epochs	3.0
886.8132399771118	0.09248000000002321	epochs	3.0
886.9057199771119	0.17919999999992342	epochs	2.0
886.9057199771119	0.09047999999995682	epochs	3.0
886.9961999771118	0.0887199999999666	epochs	3.0
887.0849199771118	0.17208000000005086	epochs	2.0
887.0849199771118	0.08688000000006468	epochs	3.0
887.1717999771118	0.08519999999998618	epochs	3.0
887.2569999771118	0.165520000000015	epochs	2.0
887.2569999771118	0.08359999999993306	epochs	3.0
887.3405999771118	0.08192000000008193	epochs	3.0
887.4225199771118	0.1595199999999295	epochs	2.0
887.4225199771118	0.08047999999996591	epochs	3.0
887.5029999771118	0.07903999999996358	epochs	3.0
887.5820399771118	0.15376000000003387	epochs	2.0
887.5820399771118	0.07760000000007494	epochs	3.0
887.6596399771119	0.07615999999995893	epochs	3.0
887.7357999771118	0.14855999999997493	epochs	2.0
887.7357999771118	0.07496000000003278	epochs	3.0
887.8107599771118	0.07359999999994216	epochs	3.0
887.8843599771118	0.14368000000001757	epochs	2.0
887.8843599771118	0.0724800000000414	epochs	3.0
887.9568399771118	0.07119999999997617	epochs	3.0
888.0280399771118	0.1390400000000227	epochs	2.0
888.0280399771118	0.07007999999996173	epochs	3.0
888.0981199771118	0.06896000000006097	epochs	3.0
888.1670799771118	0.13472000000001572	epochs	2.0
888.1670799771118	0.06791999999995824	epochs	3.0
888.2349999771118	0.06680000000005748	epochs	3.0
888.3017999771118	0.13071999999999662	epochs	2.0
888.3017999771118	0.06583999999998014	epochs	3.0
888.3676399771118	0.06488000000001648	epochs	3.0
888.4325199771118	0.1268000000000029	epochs	2.0
888.4325199771118	0.06384000000002743	epochs	3.0
888.4963599771119	0.06295999999997548	epochs	3.0
888.5593199771118	0.12328000000002248	epochs	2.0
888.5593199771118	0.06207999999992353	epochs	3.0
888.6213999771118	0.06120000000009895	epochs	3.0
888.6825999771119	0.11983999999995376	epochs	2.0
888.6825999771119	0.060319999999933316	epochs	3.0
888.7429199771118	0.059520000000020445	epochs	3.0
888.8024399771118	0.11663999999996122	epochs	2.0
888.8024399771118	0.05871999999999389	epochs	3.0
888.8611599771118	0.05791999999996733	epochs	3.0
888.9190799771118	0.11360000000001946	epochs	2.0
888.9190799771118	0.057200000000079854	epochs	3.0
888.9762799771119	0.05639999999993961	epochs	3.0
889.0326799771118	0.1107200000000148	epochs	2.0
889.0326799771118	0.05568000000005213	epochs	3.0
889.0883599771118	0.055039999999962674	epochs	3.0
889.1433999771118	0.10792000000003554	epochs	2.0
889.1433999771118	0.054240000000049804	epochs	3.0
889.1976399771119	0.05367999999998574	epochs	3.0
889.2513199771118	0.10527999999999338	epochs	2.0
889.2513199771118	0.052959999999984575	epochs	3.0
889.3042799771118	0.052320000000008804	epochs	3.0
889.3565999771118	0.1028800000000274	epochs	2.0
889.3565999771118	0.05175999999994474	epochs	3.0
889.4083599771118	0.051120000000082655	epochs	3.0
889.4594799771119	0.10039999999992233	epochs	2.0
889.4594799771119	0.0504799999999932	epochs	3.0
889.5099599771119	0.04991999999992913	epochs	3.0
889.5598799771118	0.09824000000003252	epochs	2.0
889.5598799771118	0.049359999999978754	epochs	3.0
889.6092399771118	0.04888000000005377	epochs	3.0
889.6581199771118	0.09600000000000364	epochs	2.0
889.6581199771118	0.04823999999996431	epochs	3.0
889.7063599771118	0.04776000000003933	epochs	3.0
889.7541199771118	0.09392000000002554	epochs	2.0
889.7541199771118	0.04719999999997526	epochs	3.0
889.8013199771118	0.04672000000005028	epochs	3.0
889.8480399771119	0.09191999999995915	epochs	2.0
889.8480399771119	0.04615999999998621	epochs	3.0
889.8941999771118	0.04575999999997293	epochs	3.0
889.9399599771118	0.09008000000005723	epochs	2.0
889.9399599771118	0.04528000000004795	epochs	3.0
889.9852399771119	0.04480000000000928	epochs	3.0
890.0300399771119	0.08815999999990254	epochs	2.0
890.0300399771119	0.044319999999970605	epochs	3.0
890.0743599771118	0.04383999999993193	epochs	3.0
890.1181999771118	0.0864800000000514	epochs	2.0
890.1181999771118	0.04344000000003234	epochs	3.0
890.1616399771118	0.04304000000001906	epochs	3.0
890.2046799771118	0.0847199999999475	epochs	2.0
890.2046799771118	0.04255999999998039	epochs	3.0
890.2472399771118	0.04215999999996711	epochs	3.0
890.2893999771118	0.08320000000003347	epochs	2.0
890.2893999771118	0.04176000000006752	epochs	3.0
890.3311599771118	0.04143999999996595	epochs	3.0
890.3725999771118	0.08151999999995496	epochs	2.0
890.3725999771118	0.040960000000040964	epochs	3.0
890.4135599771118	0.040559999999914	epochs	3.0
890.4541199771118	0.08008000000006632	epochs	2.0
890.4541199771118	0.0402400000000398	epochs	3.0
890.4943599771118	0.03984000000002652	epochs	3.0
890.5341999771118	0.0786399999999503	epochs	2.0
890.5341999771118	0.039520000000038635	epochs	3.0
890.5737199771119	0.03911999999991167	epochs	3.0
890.6128399771118	0.07720000000006166	epochs	2.0
890.6128399771118	0.03880000000003747	epochs	3.0
890.6516399771118	0.03840000000002419	epochs	3.0
890.6900399771118	0.07591999999999643	epochs	2.0
890.6900399771118	0.03815999999994801	epochs	3.0
890.7281999771118	0.03776000000004842	epochs	3.0
890.7659599771118	0.0745600000000195	epochs	2.0
890.7659599771118	0.03743999999994685	epochs	3.0
890.8033999771118	0.03712000000007265	epochs	3.0
890.8405199771119	0.07335999999997966	epochs	2.0
890.8405199771119	0.03679999999997108	epochs	3.0
890.8773199771118	0.036560000000008586	epochs	3.0
890.9138799771118	0.07208000000002812	epochs	2.0
890.9138799771118	0.03615999999999531	epochs	3.0
890.9500399771118	0.035920000000032815	epochs	3.0
890.9859599771119	0.07087999999998829	epochs	2.0
890.9859599771119	0.03559999999993124	epochs	3.0
891.0215599771118	0.035280000000057044	epochs	3.0
891.0568399771118	0.06983999999999924	epochs	2.0
891.0568399771118	0.035039999999980864	epochs	3.0
891.0918799771118	0.03480000000001837	epochs	3.0
891.1266799771118	0.0686399999999594	epochs	2.0
891.1266799771118	0.0344799999999168	epochs	3.0
891.1611599771118	0.0341600000000426	epochs	3.0
891.1953199771118	0.06759999999997035	epochs	2.0
891.1953199771118	0.03391999999996642	epochs	3.0
891.2292399771118	0.03368000000000393	epochs	3.0
891.2629199771118	0.0665599999999813	epochs	2.0
891.2629199771118	0.03344000000004144	epochs	3.0
891.2963599771118	0.033119999999939864	epochs	3.0
891.3294799771118	0.06560000000001764	epochs	2.0
891.3294799771118	0.032960000000002765	epochs	3.0
891.3624399771118	0.03264000000001488	epochs	3.0
891.3950799771118	0.0645600000000286	epochs	2.0
891.3950799771118	0.03240000000005239	epochs	3.0
891.4274799771118	0.03215999999997621	epochs	3.0
891.4596399771118	0.06367999999997664	epochs	2.0
891.4596399771118	0.03200000000003911	epochs	3.0
891.4916399771118	0.031679999999937536	epochs	3.0
891.5233199771118	0.06272000000001299	epochs	2.0
891.5233199771118	0.03144000000008873	epochs	3.0
891.5547599771119	0.03127999999992426	epochs	3.0
891.5860399771118	0.061840000000074724	epochs	2.0
891.5860399771118	0.03104000000007545	epochs	3.0
891.6170799771119	0.030799999999999272	epochs	3.0
891.6478799771119	0.06095999999990909	epochs	2.0
891.6478799771119	0.030559999999923093	epochs	3.0
891.6784399771118	0.030399999999985994	epochs	3.0
891.7088399771118	0.060159999999996217	epochs	2.0
891.7088399771118	0.0301600000000235	epochs	3.0
891.7389999771118	0.029999999999972715	epochs	3.0
891.7689999771118	0.05928000000005795	epochs	2.0
891.7689999771118	0.02967999999998483	epochs	3.0
891.7986799771118	0.029600000000073123	epochs	3.0
891.8282799771118	0.058480000000031396	epochs	2.0
891.8282799771118	0.029359999999996944	epochs	3.0
891.8576399771118	0.02912000000003445	epochs	3.0
891.8867599771119	0.057759999999916545	epochs	2.0
891.8867599771119	0.028959999999983665	epochs	3.0
891.9157199771118	0.02879999999993288	epochs	3.0
891.9445199771118	0.056960000000003674	epochs	2.0
891.9445199771118	0.028560000000084074	epochs	3.0
891.9730799771119	0.0283999999999196	epochs	3.0
892.0014799771118	0.05624000000000251	epochs	2.0
892.0014799771118	0.028160000000070795	epochs	3.0
892.0296399771119	0.028079999999931715	epochs	3.0
892.0577199771118	0.05543999999997595	epochs	2.0
892.0577199771118	0.02784000000008291	epochs	3.0
892.0855599771119	0.027599999999893043	epochs	3.0
892.1131599771118	0.054880000000025575	epochs	2.0
892.1131599771118	0.027520000000095024	epochs	3.0
892.1406799771119	0.02735999999993055	epochs	3.0
892.1680399771118	0.05407999999999902	epochs	2.0
892.1680399771118	0.027120000000081745	epochs	3.0
892.1951599771119	0.026959999999917272	epochs	3.0
892.2221199771118	0.05344000000002325	epochs	2.0
892.2221199771118	0.026799999999980173	epochs	3.0
892.2489199771118	0.026640000000043074	epochs	3.0
892.2755599771118	0.05287999999995918	epochs	2.0
892.2755599771118	0.026479999999992287	epochs	3.0
892.3020399771118	0.026399999999966894	epochs	3.0
892.3284399771118	0.052160000000071705	epochs	2.0
892.3284399771118	0.026160000000004402	epochs	3.0
892.3545999771118	0.026000000000067303	epochs	3.0
892.3805999771118	0.05151999999998225	epochs	2.0
892.3805999771118	0.025840000000016516	epochs	3.0
892.4064399771119	0.02567999999996573	epochs	3.0
892.4321199771118	0.05096000000003187	epochs	2.0
892.4321199771118	0.025599999999940337	epochs	3.0
892.4577199771118	0.02536000000009153	epochs	3.0
892.4830799771119	0.050399999999967804	epochs	2.0
892.4830799771119	0.02527999999995245	epochs	3.0
892.5083599771118	0.025120000000015352	epochs	3.0
892.5334799771118	0.04975999999999203	epochs	2.0
892.5334799771118	0.024959999999964566	epochs	3.0
892.5584399771118	0.024800000000027467	epochs	3.0
892.5832399771118	0.049200000000041655	epochs	2.0
892.5832399771118	0.02463999999997668	epochs	3.0
892.6078799771118	0.024560000000064974	epochs	3.0
892.6324399771119	0.04872000000000298	epochs	2.0
892.6324399771119	0.0243999999999005	epochs	3.0
892.6568399771118	0.024320000000102482	epochs	3.0
892.6811599771119	0.048079999999913525	epochs	2.0
892.6811599771119	0.024079999999912616	epochs	3.0
892.7052399771118	0.02400000000000091	epochs	3.0
892.7292399771118	0.04759999999998854	epochs	2.0
892.7292399771118	0.02384000000006381	epochs	3.0
892.7530799771118	0.02375999999992473	epochs	3.0
892.7768399771118	0.047120000000063555	epochs	2.0
892.7768399771118	0.023600000000101318	epochs	3.0
892.8004399771119	0.023519999999962238	epochs	3.0
892.8239599771118	0.04655999999999949	epochs	2.0
892.8239599771118	0.02336000000002514	epochs	3.0
892.8473199771119	0.023199999999974352	epochs	3.0
892.8705199771118	0.04607999999996082	epochs	2.0
892.8705199771118	0.02311999999994896	epochs	3.0
892.8936399771118	0.02296000000001186	epochs	3.0
892.9165999771118	0.045600000000035834	epochs	2.0
892.9165999771118	0.022879999999986467	epochs	3.0
892.9394799771118	0.022720000000049367	epochs	3.0
892.9621999771118	0.04511999999999716	epochs	2.0
892.9621999771118	0.022640000000023974	epochs	3.0
892.9848399771118	0.022479999999973188	epochs	3.0
893.0073199771118	0.04463999999995849	epochs	2.0
893.0073199771118	0.022399999999947795	epochs	3.0
893.0297199771118	0.022240000000010696	epochs	3.0
893.0519599771118	0.0442400000000589	epochs	2.0
893.0519599771118	0.022159999999985303	epochs	3.0
893.0741199771118	0.022080000000073596	epochs	3.0
893.0961999771118	0.04376000000002023	epochs	2.0
893.0961999771118	0.02192000000002281	epochs	3.0
893.1181199771119	0.021839999999997417	epochs	3.0
893.1399599771119	0.04336000000000695	epochs	2.0
893.1399599771119	0.021759999999972024	epochs	3.0
893.1617199771118	0.021600000000034925	epochs	3.0
893.1833199771119	0.04287999999996828	epochs	2.0
893.1833199771119	0.02143999999998414	epochs	3.0
893.2047599771118	0.02143999999998414	epochs	3.0
893.2261999771118	0.042479999999955	epochs	2.0
893.2261999771118	0.021279999999933352	epochs	3.0
893.2474799771118	0.021200000000021646	epochs	3.0
893.2686799771118	0.042080000000055406	epochs	2.0
893.2686799771118	0.021040000000084547	epochs	3.0
893.2897199771119	0.02103999999997086	epochs	3.0
893.3107599771118	0.04167999999992844	epochs	2.0
893.3107599771118	0.020879999999920074	epochs	3.0
893.3316399771118	0.020800000000008367	epochs	3.0
893.3524399771118	0.041200000000003456	epochs	2.0
893.3524399771118	0.020640000000071268	epochs	3.0
893.3730799771118	0.020559999999932188	epochs	3.0
893.3936399771118	0.04088000000001557	epochs	2.0
893.3936399771118	0.020560000000045875	epochs	3.0
893.4141999771118	0.020319999999969696	epochs	3.0
893.4345199771118	0.040560000000027685	epochs	2.0
893.4345199771118	0.020319999999969696	epochs	3.0
893.4548399771118	0.02024000000005799	epochs	3.0
893.4750799771118	0.04007999999998901	epochs	2.0
893.4750799771118	0.020080000000007203	epochs	3.0
893.4951599771118	0.01999999999998181	epochs	3.0
893.5151599771118	0.03976000000000113	epochs	2.0
893.5151599771118	0.019919999999956417	epochs	3.0
893.5350799771118	0.01984000000004471	epochs	3.0
893.5549199771118	0.03944000000001324	epochs	2.0
893.5549199771118	0.019760000000019318	epochs	3.0
893.5746799771118	0.019679999999993925	epochs	3.0
893.5943599771118	0.039039999999999964	epochs	2.0
893.5943599771118	0.01951999999994314	epochs	3.0
893.6138799771118	0.019520000000056825	epochs	3.0
893.6333999771118	0.038639999999986685	epochs	2.0
893.6333999771118	0.01936000000000604	epochs	3.0
893.6527599771118	0.019279999999980646	epochs	3.0
893.6720399771118	0.03840000000002419	epochs	2.0
893.6720399771118	0.019279999999980646	epochs	3.0
893.6913199771118	0.019120000000043547	epochs	3.0
893.7104399771118	0.038000000000010914	epochs	2.0
893.7104399771118	0.019040000000018154	epochs	3.0
893.7294799771119	0.01895999999999276	epochs	3.0
893.7484399771118	0.03768000000002303	epochs	2.0
893.7484399771118	0.018879999999967367	epochs	3.0
893.7673199771118	0.01880000000005566	epochs	3.0
893.7861199771119	0.037359999999921456	epochs	2.0
893.7861199771119	0.01871999999991658	epochs	3.0
893.8048399771118	0.018640000000004875	epochs	3.0
893.8234799771118	0.03704000000004726	epochs	2.0
893.8234799771118	0.018559999999979482	epochs	3.0
893.8420399771118	0.018480000000067776	epochs	3.0
893.8605199771118	0.036719999999945685	epochs	2.0
893.8605199771118	0.018399999999928696	epochs	3.0
893.8789199771118	0.01832000000001699	epochs	3.0
893.8972399771118	0.03647999999998319	epochs	2.0
893.8972399771118	0.018239999999991596	epochs	3.0
893.9154799771118	0.018239999999991596	epochs	3.0
893.9337199771118	0.0360800000000836	epochs	2.0
893.9337199771118	0.018080000000054497	epochs	3.0
893.9517999771118	0.018000000000029104	epochs	3.0
893.9697999771118	0.03584000000000742	epochs	2.0
893.9697999771118	0.01792000000000371	epochs	3.0
893.9877199771119	0.01792000000000371	epochs	3.0
894.0056399771119	0.035520000000019536	epochs	2.0
894.0056399771119	0.017759999999952925	epochs	3.0
894.0233999771118	0.01776000000006661	epochs	3.0
894.0411599771119	0.035199999999917964	epochs	2.0
894.0411599771119	0.01767999999992753	epochs	3.0
894.0588399771118	0.017519999999990432	epochs	3.0
894.0763599771118	0.03496000000006916	epochs	2.0
894.0763599771118	0.017519999999990432	epochs	3.0
894.0938799771118	0.017440000000078726	epochs	3.0
894.1113199771119	0.03471999999999298	epochs	2.0
894.1113199771119	0.01743999999996504	epochs	3.0
894.1287599771118	0.01728000000002794	epochs	3.0
894.1460399771119	0.03440000000000509	epochs	2.0
894.1460399771119	0.017200000000002547	epochs	3.0
894.1632399771119	0.017200000000002547	epochs	3.0
894.1804399771119	0.034159999999928914	epochs	2.0
894.1804399771119	0.017119999999977153	epochs	3.0
894.1975599771118	0.01703999999995176	epochs	3.0
894.2145999771118	0.033840000000054715	epochs	2.0
894.2145999771118	0.016960000000040054	epochs	3.0
894.2315599771118	0.01688000000001466	epochs	3.0
894.2484399771118	0.033599999999978536	epochs	2.0
894.2484399771118	0.016799999999989268	epochs	3.0
894.2652399771118	0.016799999999989268	epochs	3.0
894.2820399771118	0.033360000000016043	epochs	2.0
894.2820399771118	0.016719999999963875	epochs	3.0
894.2987599771118	0.01664000000005217	epochs	3.0
894.3153999771118	0.033119999999939864	epochs	2.0
894.3153999771118	0.016560000000026776	epochs	3.0
894.3319599771119	0.01655999999991309	epochs	3.0
894.3485199771118	0.032800000000065666	epochs	2.0
894.3485199771118	0.016400000000089676	epochs	3.0
894.3649199771119	0.01639999999997599	epochs	3.0
894.3813199771118	0.032559999999989486	epochs	2.0
894.3813199771118	0.016319999999950596	epochs	3.0
894.3976399771118	0.01624000000003889	epochs	3.0
894.4138799771118	0.0323999999999387	epochs	2.0
894.4138799771118	0.01624000000003889	epochs	3.0
894.4301199771119	0.01615999999989981	epochs	3.0
894.4462799771118	0.0320800000000645	epochs	2.0
894.4462799771118	0.01608000000010179	epochs	3.0
894.4623599771119	0.01599999999996271	epochs	3.0
894.4783599771118	0.031920000000013715	epochs	2.0
894.4783599771118	0.01599999999996271	epochs	3.0
894.4943599771118	0.015920000000051004	epochs	3.0
894.5102799771118	0.03159999999991214	epochs	2.0
894.5102799771118	0.015839999999911925	epochs	3.0
894.5261199771118	0.01576000000000022	epochs	3.0
894.5418799771118	0.03144000000008873	epochs	2.0
894.5418799771118	0.01576000000000022	epochs	3.0
894.5576399771118	0.015680000000088512	epochs	3.0
894.5733199771119	0.03120000000001255	epochs	2.0
894.5733199771119	0.015599999999949432	epochs	3.0
894.5889199771118	0.015600000000063119	epochs	3.0
894.6045199771119	0.030959999999936372	epochs	2.0
894.6045199771119	0.015519999999924039	epochs	3.0
894.6200399771118	0.015440000000012333	epochs	3.0
894.6354799771118	0.03071999999997388	epochs	2.0
894.6354799771118	0.015440000000012333	epochs	3.0
894.6509199771118	0.015279999999961547	epochs	3.0
894.6661999771118	0.03056000000003678	epochs	2.0
894.6661999771118	0.015360000000100626	epochs	3.0
894.6815599771119	0.015199999999936153	epochs	3.0
894.6967599771118	0.0303199999999606	epochs	2.0
894.6967599771118	0.01520000000004984	epochs	3.0
894.7119599771119	0.01511999999991076	epochs	3.0
894.7270799771118	0.030079999999998108	epochs	2.0
894.7270799771118	0.015120000000024447	epochs	3.0
894.7421999771118	0.014959999999973661	epochs	3.0
894.7571599771118	0.02992000000006101	epochs	2.0
894.7571599771118	0.015039999999999054	epochs	3.0
894.7721999771118	0.014880000000061955	epochs	3.0
894.7870799771118	0.02967999999998483	epochs	2.0
894.7870799771118	0.014879999999948268	epochs	3.0
894.8019599771118	0.014800000000036562	epochs	3.0
894.8167599771118	0.02952000000004773	epochs	2.0
894.8167599771118	0.014800000000036562	epochs	3.0
894.8315599771119	0.014720000000011169	epochs	3.0
894.8462799771119	0.02927999999997155	epochs	2.0
894.8462799771119	0.014719999999897482	epochs	3.0
894.8609999771118	0.01456000000007407	epochs	3.0
894.8755599771118	0.02912000000003445	epochs	2.0
894.8755599771118	0.014639999999985776	epochs	3.0
894.8901999771118	0.014480000000048676	epochs	3.0
894.9046799771119	0.028959999999983665	epochs	2.0
894.9046799771119	0.01447999999993499	epochs	3.0
894.9191599771118	0.014480000000048676	epochs	3.0
894.9336399771119	0.02863999999999578	epochs	2.0
894.9336399771119	0.01431999999999789	epochs	3.0
894.9479599771119	0.01431999999999789	epochs	3.0
894.9622799771118	0.028559999999970387	epochs	2.0
894.9622799771118	0.01431999999999789	epochs	3.0
894.9765999771118	0.014239999999972497	epochs	3.0
894.9908399771118	0.028320000000007894	epochs	2.0
894.9908399771118	0.014159999999947104	epochs	3.0
895.0049999771118	0.01416000000006079	epochs	3.0
895.0191599771118	0.028159999999957108	epochs	2.0
895.0191599771118	0.014159999999947104	epochs	3.0
895.0333199771118	0.014000000000010004	epochs	3.0
895.0473199771118	0.02800000000002001	epochs	2.0
895.0473199771118	0.014000000000010004	epochs	3.0
895.0613199771118	0.014000000000010004	epochs	3.0
895.0753199771118	0.027760000000057516	epochs	2.0
895.0753199771118	0.013919999999984611	epochs	3.0
895.0892399771118	0.013840000000072905	epochs	3.0
895.1030799771119	0.027679999999918437	epochs	2.0
895.1030799771119	0.013839999999959218	epochs	3.0
895.1169199771118	0.013839999999959218	epochs	3.0
895.1307599771118	0.02744000000006963	epochs	2.0
895.1307599771118	0.013760000000047512	epochs	3.0
895.1445199771118	0.013680000000022119	epochs	3.0
895.1581999771118	0.027280000000018845	epochs	2.0
895.1581999771118	0.013680000000022119	epochs	3.0
895.1718799771119	0.013599999999996726	epochs	3.0
895.1854799771119	0.02711999999996806	epochs	2.0
895.1854799771119	0.013519999999971333	epochs	3.0
895.1989999771118	0.013599999999996726	epochs	3.0
895.2125999771118	0.026880000000005566	epochs	2.0
895.2125999771118	0.01343999999994594	epochs	3.0
895.2260399771118	0.013440000000059626	epochs	3.0
895.2394799771118	0.026799999999980173	epochs	2.0
895.2394799771118	0.01343999999994594	epochs	3.0
895.2529199771118	0.013360000000034233	epochs	3.0
895.2662799771118	0.02656000000001768	epochs	2.0
895.2662799771118	0.01328000000000884	epochs	3.0
895.2795599771118	0.01328000000000884	epochs	3.0
895.2928399771118	0.026479999999992287	epochs	2.0
895.2928399771118	0.01328000000000884	epochs	3.0
895.3061199771118	0.013199999999983447	epochs	3.0
895.3193199771118	0.026240000000029795	epochs	2.0
895.3193199771118	0.013119999999958054	epochs	3.0
895.3324399771118	0.013120000000071741	epochs	3.0
895.3455599771119	0.026160000000004402	epochs	2.0
895.3455599771119	0.013119999999958054	epochs	3.0
895.3586799771118	0.013040000000046348	epochs	3.0
895.3717199771119	0.025999999999953616	epochs	2.0
895.3717199771119	0.013039999999932661	epochs	3.0
895.3847599771118	0.012960000000020955	epochs	3.0
895.3977199771118	0.025759999999991123	epochs	2.0
895.3977199771118	0.012879999999995562	epochs	3.0
895.4105999771118	0.012879999999995562	epochs	3.0
895.4234799771118	0.02567999999996573	epochs	2.0
895.4234799771118	0.012879999999995562	epochs	3.0
895.4363599771118	0.012799999999970169	epochs	3.0
895.4491599771118	0.02552000000002863	epochs	2.0
895.4491599771118	0.012800000000083855	epochs	3.0
895.4619599771119	0.012719999999944775	epochs	3.0
895.4746799771118	0.025359999999977845	epochs	2.0
895.4746799771118	0.012720000000058462	epochs	3.0
895.4873999771119	0.012639999999919382	epochs	3.0
895.5000399771118	0.025200000000040745	epochs	2.0
895.5000399771118	0.01264000000003307	epochs	3.0
895.5126799771118	0.012560000000007676	epochs	3.0
895.5252399771118	0.024559999999951287	epochs	2.0
895.5494831771118	0.5	epochs	-1.0
895.5497999771118	0.5585600000000568	epochs	1.0
896.1083599771118	0.4413600000000315	epochs	0.0
899.3579998016357	0.20079999999995835	epochs	0.0
899.3579998016357	0.09536000000002787	epochs	1.0
899.4533598016358	0.010080000000016298	epochs	1.0
899.4634398016358	0.09535999999991418	epochs	1.0
899.5587998016357	2.0	epochs	0.0
901.5587998016357	5.358879999999999	epochs	0.0
901.5587998016357	1.0	epochs	1.0
901.5588030016357	0.5	epochs	-1.0
902.0588030016357	4.858876799999962	epochs	-1.0
902.5587998016357	4.358879999999999	epochs	1.0
902.5587998016357	8.000000002539309e-05	epochs	2.0
902.5588798016357	4.356719999999996	epochs	-1.0
902.5588798016357	1.9745599999999968	epochs	2.0
902.5588798016357	1.0985600000000204	epochs	3.0
903.6574398016357	0.8759999999999764	epochs	3.0
904.5334398016357	1.3523999999999887	epochs	2.0
904.5334398016357	0.7286400000000413	epochs	3.0
905.2620798016358	0.6237599999999475	epochs	3.0
905.8858398016357	1.0297600000000102	epochs	2.0
905.8858398016357	0.5453600000000733	epochs	3.0
906.4311998016358	0.4843999999999369	epochs	3.0
906.9155998016357	0.0020799999999780994	epochs	2.0
906.9155998016357	0.0020799999999780994	epochs	3.0
906.9176798016357	16.64104000000009	epochs	0.0
910.188000202179	0.20079999999995835	epochs	0.0
910.188000202179	0.09536000000002787	epochs	1.0
910.283360202179	0.010080000000016298	epochs	1.0
910.293440202179	0.09535999999991418	epochs	1.0
910.3888002021789	2.0	epochs	0.0
912.3888002021789	21.518800000000056	epochs	0.0
912.3888002021789	1.0	epochs	1.0
912.388803402179	0.5	epochs	-1.0
912.888803402179	19.999599999999987	epochs	-1.0
913.3888002021789	20.0	epochs	1.0
913.3888002021789	8.000000002539309e-05	epochs	2.0
913.3888802021789	4.356719999999996	epochs	-1.0
913.3888802021789	1.9745599999999968	epochs	2.0
913.3888802021789	1.0985600000000204	epochs	3.0
914.487440202179	0.8759999999999764	epochs	3.0
915.3634402021789	1.3523999999999887	epochs	2.0
915.3634402021789	0.7286400000000413	epochs	3.0
916.092080202179	0.6237599999999475	epochs	3.0
916.7158402021789	1.0297600000000102	epochs	2.0
916.7158402021789	0.5453600000000733	epochs	3.0
917.261200202179	0.4843999999999369	epochs	3.0
917.7456002021789	0.8317600000000311	epochs	2.0
917.7456002021789	0.435760000000073	epochs	3.0
918.181360202179	0.39599999999995816	epochs	3.0
918.577360202179	0.697840000000042	epochs	2.0
918.577360202179	0.3628800000000183	epochs	3.0
918.940240202179	0.3349600000000237	epochs	3.0
919.275200202179	0.6010399999998981	epochs	2.0
919.275200202179	0.3108799999999974	epochs	3.0
919.586080202179	0.2901599999999007	epochs	3.0
919.8762402021789	0.5278400000000829	epochs	2.0
919.8762402021789	0.2719200000000228	epochs	3.0
920.1481602021789	0.2559200000000601	epochs	3.0
920.404080202179	0.47064000000000306	epochs	2.0
920.404080202179	0.24167999999997392	epochs	3.0
920.645760202179	0.22896000000002914	epochs	3.0
920.874720202179	0.42455999999992855	epochs	2.0
920.874720202179	0.2174400000000105	epochs	3.0
921.092160202179	0.20711999999991804	epochs	3.0
921.2992802021789	0.3867200000000821	epochs	2.0
921.2992802021789	0.1976799999999912	epochs	3.0
921.4969602021789	0.1890400000000909	epochs	3.0
921.686000202179	0.3551199999999426	epochs	2.0
921.686000202179	0.1811999999999898	epochs	3.0
921.867200202179	0.17391999999995278	epochs	3.0
922.041120202179	0.3282400000000507	epochs	2.0
922.041120202179	0.1671999999999798	epochs	3.0
922.2083202021789	0.1610400000000709	epochs	3.0
922.369360202179	0.30520000000001346	epochs	2.0
922.369360202179	0.1552799999999479	epochs	3.0
922.524640202179	0.14992000000006556	epochs	3.0
922.674560202179	0.28511999999989257	epochs	2.0
922.674560202179	0.14487999999994372	epochs	3.0
922.819440202179	0.14023999999994885	epochs	3.0
922.9596802021789	0.2675200000001041	epochs	2.0
922.9596802021789	0.13584000000003016	epochs	3.0
923.0955202021789	0.13168000000007396	epochs	3.0
923.227200202179	0.2520799999999781	epochs	2.0
923.227200202179	0.12783999999999196	epochs	3.0
923.355040202179	0.12423999999998614	epochs	3.0
923.479280202179	0.2381599999999935	epochs	2.0
923.479280202179	0.12072000000000571	epochs	3.0
923.600000202179	0.11743999999998778	epochs	3.0
923.717440202179	0.2258399999999483	epochs	2.0
923.717440202179	0.11439999999993233	epochs	3.0
923.8318402021789	0.11144000000001597	epochs	3.0
923.9432802021789	0.21464000000003125	epochs	2.0
923.9432802021789	0.10864000000003671	epochs	3.0
924.051920202179	0.10599999999999454	epochs	3.0
924.157920202179	0.20447999999998956	epochs	2.0
924.157920202179	0.10343999999997777	epochs	3.0
924.2613602021789	0.10104000000001179	epochs	3.0
924.362400202179	0.1953600000000506	epochs	2.0
924.362400202179	0.0987999999999829	epochs	3.0
924.4612002021789	0.0965600000000677	epochs	3.0
924.557760202179	0.18695999999999913	epochs	2.0
924.557760202179	0.09447999999997592	epochs	3.0
924.652240202179	0.09248000000002321	epochs	3.0
924.744720202179	0.17919999999992342	epochs	2.0
924.744720202179	0.09047999999995682	epochs	3.0
924.835200202179	0.0887199999999666	epochs	3.0
924.9239202021789	0.17208000000005086	epochs	2.0
924.9239202021789	0.08688000000006468	epochs	3.0
925.010800202179	0.08519999999998618	epochs	3.0
925.096000202179	0.165520000000015	epochs	2.0
925.096000202179	0.08359999999993306	epochs	3.0
925.1796002021789	0.08192000000008193	epochs	3.0
925.261520202179	0.1595199999999295	epochs	2.0
925.261520202179	0.08047999999996591	epochs	3.0
925.342000202179	0.07903999999996358	epochs	3.0
925.4210402021789	0.15376000000003387	epochs	2.0
925.4210402021789	0.07760000000007494	epochs	3.0
925.498640202179	0.07615999999995893	epochs	3.0
925.574800202179	0.14855999999997493	epochs	2.0
925.574800202179	0.07496000000003278	epochs	3.0
925.649760202179	0.07359999999994216	epochs	3.0
925.7233602021789	0.14368000000001757	epochs	2.0
925.7233602021789	0.0724800000000414	epochs	3.0
925.795840202179	0.07119999999997617	epochs	3.0
925.8670402021789	0.1390400000000227	epochs	2.0
925.8670402021789	0.07007999999996173	epochs	3.0
925.9371202021789	0.06896000000006097	epochs	3.0
926.006080202179	0.13472000000001572	epochs	2.0
926.006080202179	0.06791999999995824	epochs	3.0
926.0740002021789	0.06680000000005748	epochs	3.0
926.140800202179	0.13071999999999662	epochs	2.0
926.140800202179	0.06583999999998014	epochs	3.0
926.206640202179	0.06488000000001648	epochs	3.0
926.271520202179	0.1268000000000029	epochs	2.0
926.271520202179	0.06384000000002743	epochs	3.0
926.335360202179	0.06295999999997548	epochs	3.0
926.398320202179	0.12328000000002248	epochs	2.0
926.398320202179	0.06207999999992353	epochs	3.0
926.4604002021789	0.06120000000009895	epochs	3.0
926.521600202179	0.11983999999995376	epochs	2.0
926.521600202179	0.060319999999933316	epochs	3.0
926.5819202021789	0.059520000000020445	epochs	3.0
926.641440202179	0.11663999999996122	epochs	2.0
926.641440202179	0.05871999999999389	epochs	3.0
926.700160202179	0.05791999999996733	epochs	3.0
926.7580802021789	0.11360000000001946	epochs	2.0
926.7580802021789	0.057200000000079854	epochs	3.0
926.815280202179	0.05639999999993961	epochs	3.0
926.8716802021789	0.1107200000000148	epochs	2.0
926.8716802021789	0.05568000000005213	epochs	3.0
926.927360202179	0.055039999999962674	epochs	3.0
926.982400202179	0.10792000000003554	epochs	2.0
926.982400202179	0.054240000000049804	epochs	3.0
927.036640202179	0.05367999999998574	epochs	3.0
927.090320202179	0.10527999999999338	epochs	2.0
927.090320202179	0.052959999999984575	epochs	3.0
927.143280202179	0.052320000000008804	epochs	3.0
927.195600202179	0.1028800000000274	epochs	2.0
927.195600202179	0.05175999999994474	epochs	3.0
927.2473602021789	0.051120000000082655	epochs	3.0
927.298480202179	0.10039999999992233	epochs	2.0
927.298480202179	0.0504799999999932	epochs	3.0
927.348960202179	0.04991999999992913	epochs	3.0
927.3988802021789	0.09824000000003252	epochs	2.0
927.3988802021789	0.049359999999978754	epochs	3.0
927.4482402021789	0.04888000000005377	epochs	3.0
927.497120202179	0.09600000000000364	epochs	2.0
927.497120202179	0.04823999999996431	epochs	3.0
927.5453602021789	0.04776000000003933	epochs	3.0
927.593120202179	0.09392000000002554	epochs	2.0
927.593120202179	0.04719999999997526	epochs	3.0
927.6403202021789	0.04672000000005028	epochs	3.0
927.687040202179	0.09191999999995915	epochs	2.0
927.687040202179	0.04615999999998621	epochs	3.0
927.733200202179	0.04575999999997293	epochs	3.0
927.778960202179	0.09008000000005723	epochs	2.0
927.778960202179	0.04528000000004795	epochs	3.0
927.824240202179	0.04480000000000928	epochs	3.0
927.869040202179	0.08815999999990254	epochs	2.0
927.869040202179	0.044319999999970605	epochs	3.0
927.913360202179	0.04383999999993193	epochs	3.0
927.9572002021789	0.0864800000000514	epochs	2.0
927.9572002021789	0.04344000000003234	epochs	3.0
928.0006402021789	0.04304000000001906	epochs	3.0
928.043680202179	0.0847199999999475	epochs	2.0
928.043680202179	0.04255999999998039	epochs	3.0
928.0862402021789	0.04215999999996711	epochs	3.0
928.1284002021789	0.08320000000003347	epochs	2.0
928.1284002021789	0.04176000000006752	epochs	3.0
928.170160202179	0.04143999999996595	epochs	3.0
928.2116002021789	0.08151999999995496	epochs	2.0
928.2116002021789	0.040960000000040964	epochs	3.0
928.252560202179	0.040559999999914	epochs	3.0
928.2931202021789	0.08008000000006632	epochs	2.0
928.2931202021789	0.0402400000000398	epochs	3.0
928.3333602021789	0.03984000000002652	epochs	3.0
928.373200202179	0.0786399999999503	epochs	2.0
928.373200202179	0.039520000000038635	epochs	3.0
928.412720202179	0.03911999999991167	epochs	3.0
928.4518402021789	0.07720000000006166	epochs	2.0
928.4518402021789	0.03880000000003747	epochs	3.0
928.490640202179	0.03840000000002419	epochs	3.0
928.529040202179	0.07591999999999643	epochs	2.0
928.529040202179	0.03815999999994801	epochs	3.0
928.5672002021789	0.03776000000004842	epochs	3.0
928.604960202179	0.0745600000000195	epochs	2.0
928.604960202179	0.03743999999994685	epochs	3.0
928.6424002021789	0.03712000000007265	epochs	3.0
928.679520202179	0.07335999999997966	epochs	2.0
928.679520202179	0.03679999999997108	epochs	3.0
928.716320202179	0.036560000000008586	epochs	3.0
928.752880202179	0.07208000000002812	epochs	2.0
928.752880202179	0.03615999999999531	epochs	3.0
928.789040202179	0.035920000000032815	epochs	3.0
928.824960202179	0.07087999999998829	epochs	2.0
928.824960202179	0.03559999999993124	epochs	3.0
928.8605602021789	0.035280000000057044	epochs	3.0
928.895840202179	0.06983999999999924	epochs	2.0
928.895840202179	0.035039999999980864	epochs	3.0
928.930880202179	0.03480000000001837	epochs	3.0
928.965680202179	0.0686399999999594	epochs	2.0
928.965680202179	0.0344799999999168	epochs	3.0
929.0001602021789	0.0341600000000426	epochs	3.0
929.034320202179	0.06759999999997035	epochs	2.0
929.034320202179	0.03391999999996642	epochs	3.0
929.0682402021789	0.03368000000000393	epochs	3.0
929.1019202021789	0.0665599999999813	epochs	2.0
929.1019202021789	0.03344000000004144	epochs	3.0
929.135360202179	0.033119999999939864	epochs	3.0
929.1684802021789	0.06560000000001764	epochs	2.0
929.1684802021789	0.032960000000002765	epochs	3.0
929.2014402021789	0.03264000000001488	epochs	3.0
929.2340802021789	0.0645600000000286	epochs	2.0
929.2340802021789	0.03240000000005239	epochs	3.0
929.266480202179	0.03215999999997621	epochs	3.0
929.298640202179	0.06367999999997664	epochs	2.0
929.298640202179	0.03200000000003911	epochs	3.0
929.330640202179	0.031679999999937536	epochs	3.0
929.3623202021789	0.06272000000001299	epochs	2.0
929.3623202021789	0.03144000000008873	epochs	3.0
929.393760202179	0.03127999999992426	epochs	3.0
929.4250402021789	0.061840000000074724	epochs	2.0
929.4250402021789	0.03104000000007545	epochs	3.0
929.456080202179	0.030799999999999272	epochs	3.0
929.486880202179	0.06095999999990909	epochs	2.0
929.486880202179	0.030559999999923093	epochs	3.0
929.5174402021789	0.030399999999985994	epochs	3.0
929.5478402021789	0.060159999999996217	epochs	2.0
929.5478402021789	0.0301600000000235	epochs	3.0
929.5780002021789	0.029999999999972715	epochs	3.0
929.6080002021789	0.05928000000005795	epochs	2.0
929.6080002021789	0.02967999999998483	epochs	3.0
929.6376802021789	0.029600000000073123	epochs	3.0
929.667280202179	0.058480000000031396	epochs	2.0
929.667280202179	0.029359999999996944	epochs	3.0
929.696640202179	0.02912000000003445	epochs	3.0
929.725760202179	0.057759999999916545	epochs	2.0
929.725760202179	0.028959999999983665	epochs	3.0
929.754720202179	0.02879999999993288	epochs	3.0
929.7835202021789	0.056960000000003674	epochs	2.0
929.7835202021789	0.028560000000084074	epochs	3.0
929.812080202179	0.0283999999999196	epochs	3.0
929.8404802021789	0.05624000000000251	epochs	2.0
929.8404802021789	0.028160000000070795	epochs	3.0
929.868640202179	0.028079999999931715	epochs	3.0
929.8967202021789	0.05543999999997595	epochs	2.0
929.8967202021789	0.02784000000008291	epochs	3.0
929.924560202179	0.027599999999893043	epochs	3.0
929.9521602021789	0.054880000000025575	epochs	2.0
929.9521602021789	0.027520000000095024	epochs	3.0
929.979680202179	0.02735999999993055	epochs	3.0
930.0070402021789	0.05407999999999902	epochs	2.0
930.0070402021789	0.027120000000081745	epochs	3.0
930.034160202179	0.026959999999917272	epochs	3.0
930.0611202021789	0.05344000000002325	epochs	2.0
930.0611202021789	0.026799999999980173	epochs	3.0
930.0879202021789	0.026640000000043074	epochs	3.0
930.114560202179	0.05287999999995918	epochs	2.0
930.114560202179	0.026479999999992287	epochs	3.0
930.1410402021789	0.026399999999966894	epochs	3.0
930.1674402021789	0.052160000000071705	epochs	2.0
930.1674402021789	0.026160000000004402	epochs	3.0
930.1936002021789	0.026000000000067303	epochs	3.0
930.219600202179	0.05151999999998225	epochs	2.0
930.219600202179	0.025840000000016516	epochs	3.0
930.245440202179	0.02567999999996573	epochs	3.0
930.271120202179	0.05096000000003187	epochs	2.0
930.271120202179	0.025599999999940337	epochs	3.0
930.2967202021789	0.02536000000009153	epochs	3.0
930.322080202179	0.050399999999967804	epochs	2.0
930.322080202179	0.02527999999995245	epochs	3.0
930.347360202179	0.025120000000015352	epochs	3.0
930.372480202179	0.04975999999999203	epochs	2.0
930.372480202179	0.024959999999964566	epochs	3.0
930.3974402021789	0.024800000000027467	epochs	3.0
930.422240202179	0.049200000000041655	epochs	2.0
930.422240202179	0.02463999999997668	epochs	3.0
930.4468802021789	0.024560000000064974	epochs	3.0
930.471440202179	0.04872000000000298	epochs	2.0
930.471440202179	0.0243999999999005	epochs	3.0
930.4958402021789	0.024320000000102482	epochs	3.0
930.520160202179	0.048079999999913525	epochs	2.0
930.520160202179	0.024079999999912616	epochs	3.0
930.5442402021789	0.02400000000000091	epochs	3.0
930.5682402021789	0.04759999999998854	epochs	2.0
930.5682402021789	0.02384000000006381	epochs	3.0
930.592080202179	0.02375999999992473	epochs	3.0
930.6158402021789	0.047120000000063555	epochs	2.0
930.6158402021789	0.023600000000101318	epochs	3.0
930.639440202179	0.023519999999962238	epochs	3.0
930.662960202179	0.04655999999999949	epochs	2.0
930.662960202179	0.02336000000002514	epochs	3.0
930.686320202179	0.023199999999974352	epochs	3.0
930.709520202179	0.04607999999996082	epochs	2.0
930.709520202179	0.02311999999994896	epochs	3.0
930.7326402021789	0.02296000000001186	epochs	3.0
930.7556002021789	0.045600000000035834	epochs	2.0
930.7556002021789	0.022879999999986467	epochs	3.0
930.7784802021789	0.022720000000049367	epochs	3.0
930.801200202179	0.04511999999999716	epochs	2.0
930.801200202179	0.022640000000023974	epochs	3.0
930.823840202179	0.022479999999973188	epochs	3.0
930.846320202179	0.04463999999995849	epochs	2.0
930.846320202179	0.022399999999947795	epochs	3.0
930.8687202021789	0.022240000000010696	epochs	3.0
930.8909602021789	0.0442400000000589	epochs	2.0
930.8909602021789	0.022159999999985303	epochs	3.0
930.9131202021789	0.022080000000073596	epochs	3.0
930.935200202179	0.04376000000002023	epochs	2.0
930.935200202179	0.02192000000002281	epochs	3.0
930.957120202179	0.021839999999997417	epochs	3.0
930.978960202179	0.04336000000000695	epochs	2.0
930.978960202179	0.021759999999972024	epochs	3.0
931.000720202179	0.021600000000034925	epochs	3.0
931.022320202179	0.04287999999996828	epochs	2.0
931.022320202179	0.02143999999998414	epochs	3.0
931.043760202179	0.02143999999998414	epochs	3.0
931.065200202179	0.042479999999955	epochs	2.0
931.065200202179	0.021279999999933352	epochs	3.0
931.0864802021789	0.021200000000021646	epochs	3.0
931.1076802021789	0.042080000000055406	epochs	2.0
931.1076802021789	0.021040000000084547	epochs	3.0
931.128720202179	0.02103999999997086	epochs	3.0
931.149760202179	0.04167999999992844	epochs	2.0
931.149760202179	0.020879999999920074	epochs	3.0
931.1706402021789	0.020800000000008367	epochs	3.0
931.1914402021789	0.041200000000003456	epochs	2.0
931.1914402021789	0.020640000000071268	epochs	3.0
931.212080202179	0.020559999999932188	epochs	3.0
931.2326402021789	0.04088000000001557	epochs	2.0
931.2326402021789	0.020560000000045875	epochs	3.0
931.253200202179	0.020319999999969696	epochs	3.0
931.2735202021789	0.040560000000027685	epochs	2.0
931.2735202021789	0.020319999999969696	epochs	3.0
931.2938402021789	0.02024000000005799	epochs	3.0
931.314080202179	0.04007999999998901	epochs	2.0
931.314080202179	0.020080000000007203	epochs	3.0
931.334160202179	0.01999999999998181	epochs	3.0
931.354160202179	0.03976000000000113	epochs	2.0
931.354160202179	0.019919999999956417	epochs	3.0
931.3740802021789	0.01984000000004471	epochs	3.0
931.393920202179	0.03944000000001324	epochs	2.0
931.393920202179	0.019760000000019318	epochs	3.0
931.413680202179	0.019679999999993925	epochs	3.0
931.433360202179	0.039039999999999964	epochs	2.0
931.433360202179	0.01951999999994314	epochs	3.0
931.4528802021789	0.019520000000056825	epochs	3.0
931.472400202179	0.038639999999986685	epochs	2.0
931.472400202179	0.01936000000000604	epochs	3.0
931.491760202179	0.019279999999980646	epochs	3.0
931.511040202179	0.03840000000002419	epochs	2.0
931.511040202179	0.019279999999980646	epochs	3.0
931.5303202021789	0.019120000000043547	epochs	3.0
931.549440202179	0.038000000000010914	epochs	2.0
931.549440202179	0.019040000000018154	epochs	3.0
931.568480202179	0.01895999999999276	epochs	3.0
931.587440202179	0.03768000000002303	epochs	2.0
931.587440202179	0.018879999999967367	epochs	3.0
931.606320202179	0.01880000000005566	epochs	3.0
931.625120202179	0.037359999999921456	epochs	2.0
931.625120202179	0.01871999999991658	epochs	3.0
931.6438402021789	0.018640000000004875	epochs	3.0
931.6624802021789	0.03704000000004726	epochs	2.0
931.6624802021789	0.018559999999979482	epochs	3.0
931.6810402021789	0.018480000000067776	epochs	3.0
931.699520202179	0.036719999999945685	epochs	2.0
931.699520202179	0.018399999999928696	epochs	3.0
931.7179202021789	0.01832000000001699	epochs	3.0
931.7362402021789	0.03647999999998319	epochs	2.0
931.7362402021789	0.018239999999991596	epochs	3.0
931.7544802021789	0.018239999999991596	epochs	3.0
931.7727202021789	0.0360800000000836	epochs	2.0
931.7727202021789	0.018080000000054497	epochs	3.0
931.790800202179	0.018000000000029104	epochs	3.0
931.808800202179	0.03584000000000742	epochs	2.0
931.808800202179	0.01792000000000371	epochs	3.0
931.826720202179	0.01792000000000371	epochs	3.0
931.844640202179	0.035520000000019536	epochs	2.0
931.844640202179	0.017759999999952925	epochs	3.0
931.862400202179	0.01776000000006661	epochs	3.0
931.880160202179	0.035199999999917964	epochs	2.0
931.880160202179	0.01767999999992753	epochs	3.0
931.8978402021789	0.017519999999990432	epochs	3.0
931.9153602021789	0.03496000000006916	epochs	2.0
931.9153602021789	0.017519999999990432	epochs	3.0
931.9328802021789	0.017440000000078726	epochs	3.0
931.950320202179	0.03471999999999298	epochs	2.0
931.950320202179	0.01743999999996504	epochs	3.0
931.967760202179	0.01728000000002794	epochs	3.0
931.985040202179	0.03440000000000509	epochs	2.0
931.985040202179	0.017200000000002547	epochs	3.0
932.002240202179	0.017200000000002547	epochs	3.0
932.019440202179	0.034159999999928914	epochs	2.0
932.019440202179	0.017119999999977153	epochs	3.0
932.036560202179	0.01703999999995176	epochs	3.0
932.0536002021789	0.033840000000054715	epochs	2.0
932.0536002021789	0.016960000000040054	epochs	3.0
932.070560202179	0.01688000000001466	epochs	3.0
932.087440202179	0.033599999999978536	epochs	2.0
932.087440202179	0.016799999999989268	epochs	3.0
932.104240202179	0.016799999999989268	epochs	3.0
932.121040202179	0.033360000000016043	epochs	2.0
932.121040202179	0.016719999999963875	epochs	3.0
932.1377602021789	0.01664000000005217	epochs	3.0
932.154400202179	0.033119999999939864	epochs	2.0
932.154400202179	0.016560000000026776	epochs	3.0
932.170960202179	0.01655999999991309	epochs	3.0
932.1875202021789	0.032800000000065666	epochs	2.0
932.1875202021789	0.016400000000089676	epochs	3.0
932.203920202179	0.01639999999997599	epochs	3.0
932.220320202179	0.032559999999989486	epochs	2.0
932.220320202179	0.016319999999950596	epochs	3.0
932.2366402021789	0.01624000000003889	epochs	3.0
932.252880202179	0.0323999999999387	epochs	2.0
932.252880202179	0.01624000000003889	epochs	3.0
932.269120202179	0.01615999999989981	epochs	3.0
932.2852802021789	0.0320800000000645	epochs	2.0
932.2852802021789	0.01608000000010179	epochs	3.0
932.301360202179	0.01599999999996271	epochs	3.0
932.317360202179	0.031920000000013715	epochs	2.0
932.317360202179	0.01599999999996271	epochs	3.0
932.3333602021789	0.015920000000051004	epochs	3.0
932.349280202179	0.03159999999991214	epochs	2.0
932.349280202179	0.015839999999911925	epochs	3.0
932.3651202021789	0.01576000000000022	epochs	3.0
932.3808802021789	0.03144000000008873	epochs	2.0
932.3808802021789	0.01576000000000022	epochs	3.0
932.3966402021789	0.015680000000088512	epochs	3.0
932.412320202179	0.03120000000001255	epochs	2.0
932.412320202179	0.015599999999949432	epochs	3.0
932.4279202021789	0.015600000000063119	epochs	3.0
932.443520202179	0.030959999999936372	epochs	2.0
932.443520202179	0.015519999999924039	epochs	3.0
932.4590402021789	0.015440000000012333	epochs	3.0
932.4744802021789	0.03071999999997388	epochs	2.0
932.4744802021789	0.015440000000012333	epochs	3.0
932.489920202179	0.015279999999961547	epochs	3.0
932.5052002021789	0.03056000000003678	epochs	2.0
932.5052002021789	0.015360000000100626	epochs	3.0
932.520560202179	0.015199999999936153	epochs	3.0
932.535760202179	0.0303199999999606	epochs	2.0
932.535760202179	0.01520000000004984	epochs	3.0
932.550960202179	0.01511999999991076	epochs	3.0
932.5660802021789	0.030079999999998108	epochs	2.0
932.5660802021789	0.015120000000024447	epochs	3.0
932.5812002021789	0.014959999999973661	epochs	3.0
932.5961602021789	0.02992000000006101	epochs	2.0
932.5961602021789	0.015039999999999054	epochs	3.0
932.6112002021789	0.014880000000061955	epochs	3.0
932.626080202179	0.02967999999998483	epochs	2.0
932.626080202179	0.014879999999948268	epochs	3.0
932.6409602021789	0.014800000000036562	epochs	3.0
932.655760202179	0.02952000000004773	epochs	2.0
932.655760202179	0.014800000000036562	epochs	3.0
932.670560202179	0.014720000000011169	epochs	3.0
932.685280202179	0.02927999999997155	epochs	2.0
932.685280202179	0.014719999999897482	epochs	3.0
932.7000002021789	0.01456000000007407	epochs	3.0
932.714560202179	0.02912000000003445	epochs	2.0
932.714560202179	0.014639999999985776	epochs	3.0
932.729200202179	0.014480000000048676	epochs	3.0
932.743680202179	0.028959999999983665	epochs	2.0
932.743680202179	0.01447999999993499	epochs	3.0
932.7581602021789	0.014480000000048676	epochs	3.0
932.772640202179	0.02863999999999578	epochs	2.0
932.772640202179	0.01431999999999789	epochs	3.0
932.786960202179	0.01431999999999789	epochs	3.0
932.801280202179	0.028559999999970387	epochs	2.0
932.801280202179	0.01431999999999789	epochs	3.0
932.815600202179	0.014239999999972497	epochs	3.0
932.829840202179	0.028320000000007894	epochs	2.0
932.829840202179	0.014159999999947104	epochs	3.0
932.8440002021789	0.01416000000006079	epochs	3.0
932.858160202179	0.028159999999957108	epochs	2.0
932.858160202179	0.014159999999947104	epochs	3.0
932.8723202021789	0.014000000000010004	epochs	3.0
932.8863202021789	0.02800000000002001	epochs	2.0
932.8863202021789	0.014000000000010004	epochs	3.0
932.9003202021789	0.014000000000010004	epochs	3.0
932.9143202021789	0.027760000000057516	epochs	2.0
932.9143202021789	0.013919999999984611	epochs	3.0
932.9282402021789	0.013840000000072905	epochs	3.0
932.942080202179	0.027679999999918437	epochs	2.0
932.942080202179	0.013839999999959218	epochs	3.0
932.955920202179	0.013839999999959218	epochs	3.0
932.9697602021789	0.02744000000006963	epochs	2.0
932.9697602021789	0.013760000000047512	epochs	3.0
932.983520202179	0.013680000000022119	epochs	3.0
932.997200202179	0.027280000000018845	epochs	2.0
932.997200202179	0.013680000000022119	epochs	3.0
933.010880202179	0.013599999999996726	epochs	3.0
933.024480202179	0.02711999999996806	epochs	2.0
933.024480202179	0.013519999999971333	epochs	3.0
933.038000202179	0.013599999999996726	epochs	3.0
933.051600202179	0.026880000000005566	epochs	2.0
933.051600202179	0.01343999999994594	epochs	3.0
933.0650402021789	0.013440000000059626	epochs	3.0
933.078480202179	0.026799999999980173	epochs	2.0
933.078480202179	0.01343999999994594	epochs	3.0
933.0919202021789	0.013360000000034233	epochs	3.0
933.105280202179	0.02656000000001768	epochs	2.0
933.105280202179	0.01328000000000884	epochs	3.0
933.118560202179	0.01328000000000884	epochs	3.0
933.131840202179	0.026479999999992287	epochs	2.0
933.131840202179	0.01328000000000884	epochs	3.0
933.145120202179	0.013199999999983447	epochs	3.0
933.158320202179	0.026240000000029795	epochs	2.0
933.158320202179	0.013119999999958054	epochs	3.0
933.1714402021789	0.013120000000071741	epochs	3.0
933.184560202179	0.026160000000004402	epochs	2.0
933.184560202179	0.013119999999958054	epochs	3.0
933.197680202179	0.013040000000046348	epochs	3.0
933.210720202179	0.025999999999953616	epochs	2.0
933.210720202179	0.013039999999932661	epochs	3.0
933.2237602021789	0.012960000000020955	epochs	3.0
933.236720202179	0.025759999999991123	epochs	2.0
933.236720202179	0.012879999999995562	epochs	3.0
933.249600202179	0.012879999999995562	epochs	3.0
933.262480202179	0.02567999999996573	epochs	2.0
933.262480202179	0.012879999999995562	epochs	3.0
933.275360202179	0.012799999999970169	epochs	3.0
933.2881602021789	0.02552000000002863	epochs	2.0
933.2881602021789	0.012800000000083855	epochs	3.0
933.300960202179	0.012719999999944775	epochs	3.0
933.313680202179	0.025359999999977845	epochs	2.0
933.313680202179	0.012720000000058462	epochs	3.0
933.326400202179	0.012639999999919382	epochs	3.0
933.3390402021789	0.025200000000040745	epochs	2.0
933.3390402021789	0.01264000000003307	epochs	3.0
933.351680202179	0.012560000000007676	epochs	3.0
933.364240202179	0.024559999999951287	epochs	2.0
933.3884034021789	0.5	epochs	-1.0
933.3888002021789	0.5188000000000557	epochs	1.0
933.907600202179	0.48112000000003263	epochs	0.0
937.2730002403259	0.20079999999995835	epochs	0.0
937.2730002403259	0.09536000000002787	epochs	1.0
937.368360240326	0.010080000000016298	epochs	1.0
937.378440240326	0.09535999999991418	epochs	1.0
937.4738002403259	2.0	epochs	0.0
939.4738002403259	21.51920000000007	epochs	0.0
939.4738002403259	1.0	epochs	1.0
939.4738034403259	0.5	epochs	-1.0
939.9738034403259	19.999599999999987	epochs	-1.0
940.4738002403259	20.0	epochs	1.0
940.4738002403259	8.000000002539309e-05	epochs	2.0
940.4738802403259	4.356719999999996	epochs	-1.0
940.4738802403259	1.9745599999999968	epochs	2.0
940.4738802403259	1.0985600000000204	epochs	3.0
941.5724402403259	0.8759999999999764	epochs	3.0
942.4484402403259	1.3523999999999887	epochs	2.0
942.4484402403259	0.7286400000000413	epochs	3.0
943.177080240326	0.6237599999999475	epochs	3.0
943.8008402403259	1.0297600000000102	epochs	2.0
943.8008402403259	0.5453600000000733	epochs	3.0
944.346200240326	0.4843999999999369	epochs	3.0
944.8306002403259	0.8317600000000311	epochs	2.0
944.8306002403259	0.435760000000073	epochs	3.0
945.266360240326	0.39599999999995816	epochs	3.0
945.6623602403259	0.697840000000042	epochs	2.0
945.6623602403259	0.3628800000000183	epochs	3.0
946.025240240326	0.3349600000000237	epochs	3.0
946.360200240326	0.6010399999998981	epochs	2.0
946.360200240326	0.3108799999999974	epochs	3.0
946.671080240326	0.2901599999999007	epochs	3.0
946.9612402403259	0.5278400000000829	epochs	2.0
946.9612402403259	0.2719200000000228	epochs	3.0
947.2331602403259	0.2559200000000601	epochs	3.0
947.489080240326	0.47064000000000306	epochs	2.0
947.489080240326	0.24167999999997392	epochs	3.0
947.7307602403259	0.22896000000002914	epochs	3.0
947.959720240326	0.42455999999992855	epochs	2.0
947.959720240326	0.2174400000000105	epochs	3.0
948.177160240326	0.20711999999991804	epochs	3.0
948.3842802403259	0.3867200000000821	epochs	2.0
948.3842802403259	0.1976799999999912	epochs	3.0
948.5819602403259	0.1890400000000909	epochs	3.0
948.771000240326	0.3551199999999426	epochs	2.0
948.771000240326	0.1811999999999898	epochs	3.0
948.952200240326	0.17391999999995278	epochs	3.0
949.1261202403259	0.3282400000000507	epochs	2.0
949.1261202403259	0.1671999999999798	epochs	3.0
949.2933202403259	0.1610400000000709	epochs	3.0
949.454360240326	0.30520000000001346	epochs	2.0
949.454360240326	0.1552799999999479	epochs	3.0
949.6096402403259	0.14992000000006556	epochs	3.0
949.759560240326	0.28511999999989257	epochs	2.0
949.759560240326	0.14487999999994372	epochs	3.0
949.9044402403259	0.14023999999994885	epochs	3.0
950.0446802403259	0.2675200000001041	epochs	2.0
950.0446802403259	0.13584000000003016	epochs	3.0
950.1805202403259	0.13168000000007396	epochs	3.0
950.312200240326	0.2520799999999781	epochs	2.0
950.312200240326	0.12783999999999196	epochs	3.0
950.440040240326	0.12423999999998614	epochs	3.0
950.564280240326	0.2381599999999935	epochs	2.0
950.564280240326	0.12072000000000571	epochs	3.0
950.685000240326	0.11743999999998778	epochs	3.0
950.802440240326	0.2258399999999483	epochs	2.0
950.802440240326	0.11439999999993233	epochs	3.0
950.9168402403259	0.11144000000001597	epochs	3.0
951.0282802403259	0.21464000000003125	epochs	2.0
951.0282802403259	0.10864000000003671	epochs	3.0
951.1369202403259	0.10599999999999454	epochs	3.0
951.2429202403259	0.20447999999998956	epochs	2.0
951.2429202403259	0.10343999999997777	epochs	3.0
951.3463602403259	0.10104000000001179	epochs	3.0
951.4474002403259	0.1953600000000506	epochs	2.0
951.4474002403259	0.0987999999999829	epochs	3.0
951.5462002403259	0.0965600000000677	epochs	3.0
951.642760240326	0.18695999999999913	epochs	2.0
951.642760240326	0.09447999999997592	epochs	3.0
951.737240240326	0.09248000000002321	epochs	3.0
951.829720240326	0.17919999999992342	epochs	2.0
951.829720240326	0.09047999999995682	epochs	3.0
951.9202002403259	0.0887199999999666	epochs	3.0
952.0089202403259	0.17208000000005086	epochs	2.0
952.0089202403259	0.08688000000006468	epochs	3.0
952.095800240326	0.08519999999998618	epochs	3.0
952.181000240326	0.165520000000015	epochs	2.0
952.181000240326	0.08359999999993306	epochs	3.0
952.2646002403259	0.08192000000008193	epochs	3.0
952.346520240326	0.1595199999999295	epochs	2.0
952.346520240326	0.08047999999996591	epochs	3.0
952.4270002403259	0.07903999999996358	epochs	3.0
952.5060402403259	0.15376000000003387	epochs	2.0
952.5060402403259	0.07760000000007494	epochs	3.0
952.583640240326	0.07615999999995893	epochs	3.0
952.6598002403259	0.14855999999997493	epochs	2.0
952.6598002403259	0.07496000000003278	epochs	3.0
952.734760240326	0.07359999999994216	epochs	3.0
952.8083602403259	0.14368000000001757	epochs	2.0
952.8083602403259	0.0724800000000414	epochs	3.0
952.8808402403259	0.07119999999997617	epochs	3.0
952.9520402403259	0.1390400000000227	epochs	2.0
952.9520402403259	0.07007999999996173	epochs	3.0
953.0221202403259	0.06896000000006097	epochs	3.0
953.0910802403259	0.13472000000001572	epochs	2.0
953.0910802403259	0.06791999999995824	epochs	3.0
953.1590002403259	0.06680000000005748	epochs	3.0
953.225800240326	0.13071999999999662	epochs	2.0
953.225800240326	0.06583999999998014	epochs	3.0
953.2916402403259	0.06488000000001648	epochs	3.0
953.356520240326	0.1268000000000029	epochs	2.0
953.356520240326	0.06384000000002743	epochs	3.0
953.420360240326	0.06295999999997548	epochs	3.0
953.483320240326	0.12328000000002248	epochs	2.0
953.483320240326	0.06207999999992353	epochs	3.0
953.5454002403259	0.06120000000009895	epochs	3.0
953.606600240326	0.11983999999995376	epochs	2.0
953.606600240326	0.060319999999933316	epochs	3.0
953.6669202403259	0.059520000000020445	epochs	3.0
953.7264402403259	0.11663999999996122	epochs	2.0
953.7264402403259	0.05871999999999389	epochs	3.0
953.7851602403259	0.05791999999996733	epochs	3.0
953.8430802403259	0.11360000000001946	epochs	2.0
953.8430802403259	0.057200000000079854	epochs	3.0
953.900280240326	0.05639999999993961	epochs	3.0
953.9566802403259	0.1107200000000148	epochs	2.0
953.9566802403259	0.05568000000005213	epochs	3.0
954.012360240326	0.055039999999962674	epochs	3.0
954.0674002403259	0.10792000000003554	epochs	2.0
954.0674002403259	0.054240000000049804	epochs	3.0
954.121640240326	0.05367999999998574	epochs	3.0
954.175320240326	0.10527999999999338	epochs	2.0
954.175320240326	0.052959999999984575	epochs	3.0
954.228280240326	0.052320000000008804	epochs	3.0
954.280600240326	0.1028800000000274	epochs	2.0
954.280600240326	0.05175999999994474	epochs	3.0
954.3323602403259	0.051120000000082655	epochs	3.0
954.383480240326	0.10039999999992233	epochs	2.0
954.383480240326	0.0504799999999932	epochs	3.0
954.433960240326	0.04991999999992913	epochs	3.0
954.4838802403259	0.09824000000003252	epochs	2.0
954.4838802403259	0.049359999999978754	epochs	3.0
954.5332402403259	0.04888000000005377	epochs	3.0
954.5821202403259	0.09600000000000364	epochs	2.0
954.5821202403259	0.04823999999996431	epochs	3.0
954.6303602403259	0.04776000000003933	epochs	3.0
954.6781202403259	0.09392000000002554	epochs	2.0
954.6781202403259	0.04719999999997526	epochs	3.0
954.7253202403259	0.04672000000005028	epochs	3.0
954.772040240326	0.09191999999995915	epochs	2.0
954.772040240326	0.04615999999998621	epochs	3.0
954.818200240326	0.04575999999997293	epochs	3.0
954.8639602403259	0.09008000000005723	epochs	2.0
954.8639602403259	0.04528000000004795	epochs	3.0
954.909240240326	0.04480000000000928	epochs	3.0
954.954040240326	0.08815999999990254	epochs	2.0
954.954040240326	0.044319999999970605	epochs	3.0
954.998360240326	0.04383999999993193	epochs	3.0
955.0422002403259	0.0864800000000514	epochs	2.0
955.0422002403259	0.04344000000003234	epochs	3.0
955.0856402403259	0.04304000000001906	epochs	3.0
955.1286802403259	0.0847199999999475	epochs	2.0
955.1286802403259	0.04255999999998039	epochs	3.0
955.1712402403259	0.04215999999996711	epochs	3.0
955.2134002403259	0.08320000000003347	epochs	2.0
955.2134002403259	0.04176000000006752	epochs	3.0
955.255160240326	0.04143999999996595	epochs	3.0
955.2966002403259	0.08151999999995496	epochs	2.0
955.2966002403259	0.040960000000040964	epochs	3.0
955.337560240326	0.040559999999914	epochs	3.0
955.3781202403259	0.08008000000006632	epochs	2.0
955.3781202403259	0.0402400000000398	epochs	3.0
955.4183602403259	0.03984000000002652	epochs	3.0
955.4582002403259	0.0786399999999503	epochs	2.0
955.4582002403259	0.039520000000038635	epochs	3.0
955.497720240326	0.03911999999991167	epochs	3.0
955.5368402403259	0.07720000000006166	epochs	2.0
955.5368402403259	0.03880000000003747	epochs	3.0
955.5756402403259	0.03840000000002419	epochs	3.0
955.614040240326	0.07591999999999643	epochs	2.0
955.614040240326	0.03815999999994801	epochs	3.0
955.6522002403259	0.03776000000004842	epochs	3.0
955.689960240326	0.0745600000000195	epochs	2.0
955.689960240326	0.03743999999994685	epochs	3.0
955.7274002403259	0.03712000000007265	epochs	3.0
955.764520240326	0.07335999999997966	epochs	2.0
955.764520240326	0.03679999999997108	epochs	3.0
955.8013202403259	0.036560000000008586	epochs	3.0
955.837880240326	0.07208000000002812	epochs	2.0
955.837880240326	0.03615999999999531	epochs	3.0
955.8740402403259	0.035920000000032815	epochs	3.0
955.909960240326	0.07087999999998829	epochs	2.0
955.909960240326	0.03559999999993124	epochs	3.0
955.9455602403259	0.035280000000057044	epochs	3.0
955.980840240326	0.06983999999999924	epochs	2.0
955.980840240326	0.035039999999980864	epochs	3.0
956.0158802403259	0.03480000000001837	epochs	3.0
956.050680240326	0.0686399999999594	epochs	2.0
956.050680240326	0.0344799999999168	epochs	3.0
956.0851602403259	0.0341600000000426	epochs	3.0
956.1193202403259	0.06759999999997035	epochs	2.0
956.1193202403259	0.03391999999996642	epochs	3.0
956.1532402403259	0.03368000000000393	epochs	3.0
956.1869202403259	0.0665599999999813	epochs	2.0
956.1869202403259	0.03344000000004144	epochs	3.0
956.2203602403259	0.033119999999939864	epochs	3.0
956.2534802403259	0.06560000000001764	epochs	2.0
956.2534802403259	0.032960000000002765	epochs	3.0
956.2864402403259	0.03264000000001488	epochs	3.0
956.3190802403259	0.0645600000000286	epochs	2.0
956.3190802403259	0.03240000000005239	epochs	3.0
956.3514802403259	0.03215999999997621	epochs	3.0
956.3836402403259	0.06367999999997664	epochs	2.0
956.3836402403259	0.03200000000003911	epochs	3.0
956.415640240326	0.031679999999937536	epochs	3.0
956.4473202403259	0.06272000000001299	epochs	2.0
956.4473202403259	0.03144000000008873	epochs	3.0
956.478760240326	0.03127999999992426	epochs	3.0
956.5100402403259	0.061840000000074724	epochs	2.0
956.5100402403259	0.03104000000007545	epochs	3.0
956.541080240326	0.030799999999999272	epochs	3.0
956.571880240326	0.06095999999990909	epochs	2.0
956.571880240326	0.030559999999923093	epochs	3.0
956.6024402403259	0.030399999999985994	epochs	3.0
956.6328402403259	0.060159999999996217	epochs	2.0
956.6328402403259	0.0301600000000235	epochs	3.0
956.6630002403259	0.029999999999972715	epochs	3.0
956.6930002403259	0.05928000000005795	epochs	2.0
956.6930002403259	0.02967999999998483	epochs	3.0
956.7226802403259	0.029600000000073123	epochs	3.0
956.752280240326	0.058480000000031396	epochs	2.0
956.752280240326	0.029359999999996944	epochs	3.0
956.7816402403259	0.02912000000003445	epochs	3.0
956.810760240326	0.057759999999916545	epochs	2.0
956.810760240326	0.028959999999983665	epochs	3.0
956.839720240326	0.02879999999993288	epochs	3.0
956.8685202403259	0.056960000000003674	epochs	2.0
956.8685202403259	0.028560000000084074	epochs	3.0
956.897080240326	0.0283999999999196	epochs	3.0
956.9254802403259	0.05624000000000251	epochs	2.0
956.9254802403259	0.028160000000070795	epochs	3.0
956.953640240326	0.028079999999931715	epochs	3.0
956.9817202403259	0.05543999999997595	epochs	2.0
956.9817202403259	0.02784000000008291	epochs	3.0
957.009560240326	0.027599999999893043	epochs	3.0
957.0371602403259	0.054880000000025575	epochs	2.0
957.0371602403259	0.027520000000095024	epochs	3.0
957.064680240326	0.02735999999993055	epochs	3.0
957.0920402403259	0.05407999999999902	epochs	2.0
957.0920402403259	0.027120000000081745	epochs	3.0
957.119160240326	0.026959999999917272	epochs	3.0
957.1461202403259	0.05344000000002325	epochs	2.0
957.1461202403259	0.026799999999980173	epochs	3.0
957.1729202403259	0.026640000000043074	epochs	3.0
957.1995602403259	0.05287999999995918	epochs	2.0
957.1995602403259	0.026479999999992287	epochs	3.0
957.2260402403259	0.026399999999966894	epochs	3.0
957.2524402403259	0.052160000000071705	epochs	2.0
957.2524402403259	0.026160000000004402	epochs	3.0
957.2786002403259	0.026000000000067303	epochs	3.0
957.304600240326	0.05151999999998225	epochs	2.0
957.304600240326	0.025840000000016516	epochs	3.0
957.330440240326	0.02567999999996573	epochs	3.0
957.3561202403259	0.05096000000003187	epochs	2.0
957.3561202403259	0.025599999999940337	epochs	3.0
957.3817202403259	0.02536000000009153	epochs	3.0
957.407080240326	0.050399999999967804	epochs	2.0
957.407080240326	0.02527999999995245	epochs	3.0
957.4323602403259	0.025120000000015352	epochs	3.0
957.4574802403259	0.04975999999999203	epochs	2.0
957.4574802403259	0.024959999999964566	epochs	3.0
957.4824402403259	0.024800000000027467	epochs	3.0
957.5072402403259	0.049200000000041655	epochs	2.0
957.5072402403259	0.02463999999997668	epochs	3.0
957.5318802403259	0.024560000000064974	epochs	3.0
957.556440240326	0.04872000000000298	epochs	2.0
957.556440240326	0.0243999999999005	epochs	3.0
957.5808402403259	0.024320000000102482	epochs	3.0
957.605160240326	0.048079999999913525	epochs	2.0
957.605160240326	0.024079999999912616	epochs	3.0
957.6292402403259	0.02400000000000091	epochs	3.0
957.6532402403259	0.04759999999998854	epochs	2.0
957.6532402403259	0.02384000000006381	epochs	3.0
957.677080240326	0.02375999999992473	epochs	3.0
957.7008402403259	0.047120000000063555	epochs	2.0
957.7008402403259	0.023600000000101318	epochs	3.0
957.724440240326	0.023519999999962238	epochs	3.0
957.7479602403259	0.04655999999999949	epochs	2.0
957.7479602403259	0.02336000000002514	epochs	3.0
957.771320240326	0.023199999999974352	epochs	3.0
957.7945202403259	0.04607999999996082	epochs	2.0
957.7945202403259	0.02311999999994896	epochs	3.0
957.8176402403259	0.02296000000001186	epochs	3.0
957.8406002403259	0.045600000000035834	epochs	2.0
957.8406002403259	0.022879999999986467	epochs	3.0
957.8634802403259	0.022720000000049367	epochs	3.0
957.8862002403259	0.04511999999999716	epochs	2.0
957.8862002403259	0.022640000000023974	epochs	3.0
957.908840240326	0.022479999999973188	epochs	3.0
957.9313202403259	0.04463999999995849	epochs	2.0
957.9313202403259	0.022399999999947795	epochs	3.0
957.9537202403259	0.022240000000010696	epochs	3.0
957.9759602403259	0.0442400000000589	epochs	2.0
957.9759602403259	0.022159999999985303	epochs	3.0
957.9981202403259	0.022080000000073596	epochs	3.0
958.020200240326	0.04376000000002023	epochs	2.0
958.020200240326	0.02192000000002281	epochs	3.0
958.042120240326	0.021839999999997417	epochs	3.0
958.063960240326	0.04336000000000695	epochs	2.0
958.063960240326	0.021759999999972024	epochs	3.0
958.0857202403259	0.021600000000034925	epochs	3.0
958.107320240326	0.04287999999996828	epochs	2.0
958.107320240326	0.02143999999998414	epochs	3.0
958.128760240326	0.02143999999998414	epochs	3.0
958.150200240326	0.042479999999955	epochs	2.0
958.150200240326	0.021279999999933352	epochs	3.0
958.1714802403259	0.021200000000021646	epochs	3.0
958.1926802403259	0.042080000000055406	epochs	2.0
958.1926802403259	0.021040000000084547	epochs	3.0
958.213720240326	0.02103999999997086	epochs	3.0
958.234760240326	0.04167999999992844	epochs	2.0
958.234760240326	0.020879999999920074	epochs	3.0
958.2556402403259	0.020800000000008367	epochs	3.0
958.2764402403259	0.041200000000003456	epochs	2.0
958.2764402403259	0.020640000000071268	epochs	3.0
958.297080240326	0.020559999999932188	epochs	3.0
958.3176402403259	0.04088000000001557	epochs	2.0
958.3176402403259	0.020560000000045875	epochs	3.0
958.3382002403259	0.020319999999969696	epochs	3.0
958.3585202403259	0.040560000000027685	epochs	2.0
958.3585202403259	0.020319999999969696	epochs	3.0
958.3788402403259	0.02024000000005799	epochs	3.0
958.3990802403259	0.04007999999998901	epochs	2.0
958.3990802403259	0.020080000000007203	epochs	3.0
958.4191602403259	0.01999999999998181	epochs	3.0
958.4391602403259	0.03976000000000113	epochs	2.0
958.4391602403259	0.019919999999956417	epochs	3.0
958.4590802403259	0.01984000000004471	epochs	3.0
958.4789202403259	0.03944000000001324	epochs	2.0
958.4789202403259	0.019760000000019318	epochs	3.0
958.4986802403259	0.019679999999993925	epochs	3.0
958.5183602403259	0.039039999999999964	epochs	2.0
958.5183602403259	0.01951999999994314	epochs	3.0
958.5378802403259	0.019520000000056825	epochs	3.0
958.5574002403259	0.038639999999986685	epochs	2.0
958.5574002403259	0.01936000000000604	epochs	3.0
958.5767602403259	0.019279999999980646	epochs	3.0
958.5960402403259	0.03840000000002419	epochs	2.0
958.5960402403259	0.019279999999980646	epochs	3.0
958.6153202403259	0.019120000000043547	epochs	3.0
958.634440240326	0.038000000000010914	epochs	2.0
958.634440240326	0.019040000000018154	epochs	3.0
958.653480240326	0.01895999999999276	epochs	3.0
958.672440240326	0.03768000000002303	epochs	2.0
958.672440240326	0.018879999999967367	epochs	3.0
958.6913202403259	0.01880000000005566	epochs	3.0
958.710120240326	0.037359999999921456	epochs	2.0
958.710120240326	0.01871999999991658	epochs	3.0
958.7288402403259	0.018640000000004875	epochs	3.0
958.7474802403259	0.03704000000004726	epochs	2.0
958.7474802403259	0.018559999999979482	epochs	3.0
958.7660402403259	0.018480000000067776	epochs	3.0
958.784520240326	0.036719999999945685	epochs	2.0
958.784520240326	0.018399999999928696	epochs	3.0
958.8029202403259	0.01832000000001699	epochs	3.0
958.8212402403259	0.03647999999998319	epochs	2.0
958.8212402403259	0.018239999999991596	epochs	3.0
958.8394802403259	0.018239999999991596	epochs	3.0
958.8577202403259	0.0360800000000836	epochs	2.0
958.8577202403259	0.018080000000054497	epochs	3.0
958.8758002403259	0.018000000000029104	epochs	3.0
958.893800240326	0.03584000000000742	epochs	2.0
958.893800240326	0.01792000000000371	epochs	3.0
958.911720240326	0.01792000000000371	epochs	3.0
958.929640240326	0.035520000000019536	epochs	2.0
958.929640240326	0.017759999999952925	epochs	3.0
958.9474002403259	0.01776000000006661	epochs	3.0
958.965160240326	0.035199999999917964	epochs	2.0
958.965160240326	0.01767999999992753	epochs	3.0
958.9828402403259	0.017519999999990432	epochs	3.0
959.0003602403259	0.03496000000006916	epochs	2.0
959.0003602403259	0.017519999999990432	epochs	3.0
959.0178802403259	0.017440000000078726	epochs	3.0
959.035320240326	0.03471999999999298	epochs	2.0
959.035320240326	0.01743999999996504	epochs	3.0
959.0527602403259	0.01728000000002794	epochs	3.0
959.070040240326	0.03440000000000509	epochs	2.0
959.070040240326	0.017200000000002547	epochs	3.0
959.087240240326	0.017200000000002547	epochs	3.0
959.104440240326	0.034159999999928914	epochs	2.0
959.104440240326	0.017119999999977153	epochs	3.0
959.121560240326	0.01703999999995176	epochs	3.0
959.1386002403259	0.033840000000054715	epochs	2.0
959.1386002403259	0.016960000000040054	epochs	3.0
959.1555602403259	0.01688000000001466	epochs	3.0
959.172440240326	0.033599999999978536	epochs	2.0
959.172440240326	0.016799999999989268	epochs	3.0
959.189240240326	0.016799999999989268	epochs	3.0
959.2060402403259	0.033360000000016043	epochs	2.0
959.2060402403259	0.016719999999963875	epochs	3.0
959.2227602403259	0.01664000000005217	epochs	3.0
959.239400240326	0.033119999999939864	epochs	2.0
959.239400240326	0.016560000000026776	epochs	3.0
959.255960240326	0.01655999999991309	epochs	3.0
959.2725202403259	0.032800000000065666	epochs	2.0
959.2725202403259	0.016400000000089676	epochs	3.0
959.288920240326	0.01639999999997599	epochs	3.0
959.305320240326	0.032559999999989486	epochs	2.0
959.305320240326	0.016319999999950596	epochs	3.0
959.3216402403259	0.01624000000003889	epochs	3.0
959.337880240326	0.0323999999999387	epochs	2.0
959.337880240326	0.01624000000003889	epochs	3.0
959.354120240326	0.01615999999989981	epochs	3.0
959.3702802403259	0.0320800000000645	epochs	2.0
959.3702802403259	0.01608000000010179	epochs	3.0
959.386360240326	0.01599999999996271	epochs	3.0
959.402360240326	0.031920000000013715	epochs	2.0
959.402360240326	0.01599999999996271	epochs	3.0
959.4183602403259	0.015920000000051004	epochs	3.0
959.434280240326	0.03159999999991214	epochs	2.0
959.434280240326	0.015839999999911925	epochs	3.0
959.4501202403259	0.01576000000000022	epochs	3.0
959.4658802403259	0.03144000000008873	epochs	2.0
959.4658802403259	0.01576000000000022	epochs	3.0
959.4816402403259	0.015680000000088512	epochs	3.0
959.497320240326	0.03120000000001255	epochs	2.0
959.497320240326	0.015599999999949432	epochs	3.0
959.5129202403259	0.015600000000063119	epochs	3.0
959.528520240326	0.030959999999936372	epochs	2.0
959.528520240326	0.015519999999924039	epochs	3.0
959.5440402403259	0.015440000000012333	epochs	3.0
959.5594802403259	0.03071999999997388	epochs	2.0
959.5594802403259	0.015440000000012333	epochs	3.0
959.5749202403259	0.015279999999961547	epochs	3.0
959.5902002403259	0.03056000000003678	epochs	2.0
959.5902002403259	0.015360000000100626	epochs	3.0
959.605560240326	0.015199999999936153	epochs	3.0
959.6207602403259	0.0303199999999606	epochs	2.0
959.6207602403259	0.01520000000004984	epochs	3.0
959.635960240326	0.01511999999991076	epochs	3.0
959.6510802403259	0.030079999999998108	epochs	2.0
959.6510802403259	0.015120000000024447	epochs	3.0
959.6662002403259	0.014959999999973661	epochs	3.0
959.6811602403259	0.02992000000006101	epochs	2.0
959.6811602403259	0.015039999999999054	epochs	3.0
959.6962002403259	0.014880000000061955	epochs	3.0
959.7110802403259	0.02967999999998483	epochs	2.0
959.7110802403259	0.014879999999948268	epochs	3.0
959.7259602403259	0.014800000000036562	epochs	3.0
959.7407602403259	0.02952000000004773	epochs	2.0
959.7407602403259	0.014800000000036562	epochs	3.0
959.755560240326	0.014720000000011169	epochs	3.0
959.770280240326	0.02927999999997155	epochs	2.0
959.770280240326	0.014719999999897482	epochs	3.0
959.7850002403259	0.01456000000007407	epochs	3.0
959.799560240326	0.02912000000003445	epochs	2.0
959.799560240326	0.014639999999985776	epochs	3.0
959.8142002403259	0.014480000000048676	epochs	3.0
959.828680240326	0.028959999999983665	epochs	2.0
959.828680240326	0.01447999999993499	epochs	3.0
959.8431602403259	0.014480000000048676	epochs	3.0
959.857640240326	0.02863999999999578	epochs	2.0
959.857640240326	0.01431999999999789	epochs	3.0
959.871960240326	0.01431999999999789	epochs	3.0
959.886280240326	0.028559999999970387	epochs	2.0
959.886280240326	0.01431999999999789	epochs	3.0
959.900600240326	0.014239999999972497	epochs	3.0
959.9148402403259	0.028320000000007894	epochs	2.0
959.9148402403259	0.014159999999947104	epochs	3.0
959.9290002403259	0.01416000000006079	epochs	3.0
959.9431602403259	0.028159999999957108	epochs	2.0
959.9431602403259	0.014159999999947104	epochs	3.0
959.9573202403259	0.014000000000010004	epochs	3.0
959.9713202403259	0.02800000000002001	epochs	2.0
959.9713202403259	0.014000000000010004	epochs	3.0
959.9853202403259	0.014000000000010004	epochs	3.0
959.9993202403259	0.027760000000057516	epochs	2.0
959.9993202403259	0.013919999999984611	epochs	3.0
960.0132402403259	0.013840000000072905	epochs	3.0
960.027080240326	0.027679999999918437	epochs	2.0
960.027080240326	0.013839999999959218	epochs	3.0
960.0409202403259	0.013839999999959218	epochs	3.0
960.0547602403259	0.02744000000006963	epochs	2.0
960.0547602403259	0.013760000000047512	epochs	3.0
960.0685202403259	0.013680000000022119	epochs	3.0
960.082200240326	0.027280000000018845	epochs	2.0
960.082200240326	0.013680000000022119	epochs	3.0
960.095880240326	0.013599999999996726	epochs	3.0
960.109480240326	0.02711999999996806	epochs	2.0
960.109480240326	0.013519999999971333	epochs	3.0
960.123000240326	0.013599999999996726	epochs	3.0
960.136600240326	0.026880000000005566	epochs	2.0
960.136600240326	0.01343999999994594	epochs	3.0
960.1500402403259	0.013440000000059626	epochs	3.0
960.163480240326	0.026799999999980173	epochs	2.0
960.163480240326	0.01343999999994594	epochs	3.0
960.1769202403259	0.013360000000034233	epochs	3.0
960.1902802403259	0.02656000000001768	epochs	2.0
960.1902802403259	0.01328000000000884	epochs	3.0
960.2035602403259	0.01328000000000884	epochs	3.0
960.216840240326	0.026479999999992287	epochs	2.0
960.216840240326	0.01328000000000884	epochs	3.0
960.230120240326	0.013199999999983447	epochs	3.0
960.2433202403259	0.026240000000029795	epochs	2.0
960.2433202403259	0.013119999999958054	epochs	3.0
960.2564402403259	0.013120000000071741	epochs	3.0
960.269560240326	0.026160000000004402	epochs	2.0
960.269560240326	0.013119999999958054	epochs	3.0
960.2826802403259	0.013040000000046348	epochs	3.0
960.295720240326	0.025999999999953616	epochs	2.0
960.295720240326	0.013039999999932661	epochs	3.0
960.3087602403259	0.012960000000020955	epochs	3.0
960.3217202403259	0.025759999999991123	epochs	2.0
960.3217202403259	0.012879999999995562	epochs	3.0
960.3346002403259	0.012879999999995562	epochs	3.0
960.3474802403259	0.02567999999996573	epochs	2.0
960.3474802403259	0.012879999999995562	epochs	3.0
960.3603602403259	0.012799999999970169	epochs	3.0
960.3731602403259	0.02552000000002863	epochs	2.0
960.3731602403259	0.012800000000083855	epochs	3.0
960.385960240326	0.012719999999944775	epochs	3.0
960.3986802403259	0.025359999999977845	epochs	2.0
960.3986802403259	0.012720000000058462	epochs	3.0
960.411400240326	0.012639999999919382	epochs	3.0
960.4240402403259	0.025200000000040745	epochs	2.0
960.4240402403259	0.01264000000003307	epochs	3.0
960.4366802403259	0.012560000000007676	epochs	3.0
960.4492402403259	0.024559999999951287	epochs	2.0
960.4734034403259	0.5	epochs	-1.0
960.4738002403259	0.5192000000000689	epochs	1.0
960.993000240326	0.48072000000001935	epochs	0.0
964.3910002708435	0.20079999999995835	epochs	0.0
964.3910002708435	0.09536000000002787	epochs	1.0
964.4863602708435	0.010080000000016298	epochs	1.0
964.4964402708436	0.09535999999991418	epochs	1.0
964.5918002708435	2.0	epochs	0.0
966.5918002708435	21.55896000000007	epochs	0.0
966.5918002708435	1.0	epochs	1.0
966.5918034708435	0.5	epochs	-1.0
967.0918034708435	19.999599999999987	epochs	-1.0
967.5918002708435	20.0	epochs	1.0
967.5918002708435	8.000000002539309e-05	epochs	2.0
967.5918802708435	4.356719999999996	epochs	-1.0
967.5918802708435	1.9745599999999968	epochs	2.0
967.5918802708435	1.0985600000000204	epochs	3.0
968.6904402708435	0.8759999999999764	epochs	3.0
969.5664402708435	1.3523999999999887	epochs	2.0
969.5664402708435	0.7286400000000413	epochs	3.0
970.2950802708435	0.6237599999999475	epochs	3.0
970.9188402708435	1.0297600000000102	epochs	2.0
970.9188402708435	0.5453600000000733	epochs	3.0
971.4642002708435	0.4843999999999369	epochs	3.0
971.9486002708435	0.8317600000000311	epochs	2.0
971.9486002708435	0.435760000000073	epochs	3.0
972.3843602708436	0.39599999999995816	epochs	3.0
972.7803602708435	0.697840000000042	epochs	2.0
972.7803602708435	0.3628800000000183	epochs	3.0
973.1432402708435	0.3349600000000237	epochs	3.0
973.4782002708436	0.6010399999998981	epochs	2.0
973.4782002708436	0.3108799999999974	epochs	3.0
973.7890802708436	0.2901599999999007	epochs	3.0
974.0792402708435	0.5278400000000829	epochs	2.0
974.0792402708435	0.2719200000000228	epochs	3.0
974.3511602708435	0.2559200000000601	epochs	3.0
974.6070802708435	0.47064000000000306	epochs	2.0
974.6070802708435	0.24167999999997392	epochs	3.0
974.8487602708435	0.22896000000002914	epochs	3.0
975.0777202708435	0.42455999999992855	epochs	2.0
975.0777202708435	0.2174400000000105	epochs	3.0
975.2951602708436	0.20711999999991804	epochs	3.0
975.5022802708435	0.3867200000000821	epochs	2.0
975.5022802708435	0.1976799999999912	epochs	3.0
975.6999602708435	0.1890400000000909	epochs	3.0
975.8890002708436	0.3551199999999426	epochs	2.0
975.8890002708436	0.1811999999999898	epochs	3.0
976.0702002708435	0.17391999999995278	epochs	3.0
976.2441202708435	0.3282400000000507	epochs	2.0
976.2441202708435	0.1671999999999798	epochs	3.0
976.4113202708435	0.1610400000000709	epochs	3.0
976.5723602708435	0.30520000000001346	epochs	2.0
976.5723602708435	0.1552799999999479	epochs	3.0
976.7276402708435	0.14992000000006556	epochs	3.0
976.8775602708436	0.28511999999989257	epochs	2.0
976.8775602708436	0.14487999999994372	epochs	3.0
977.0224402708435	0.14023999999994885	epochs	3.0
977.1626802708435	0.2675200000001041	epochs	2.0
977.1626802708435	0.13584000000003016	epochs	3.0
977.2985202708435	0.13168000000007396	epochs	3.0
977.4302002708436	0.2520799999999781	epochs	2.0
977.4302002708436	0.12783999999999196	epochs	3.0
977.5580402708435	0.12423999999998614	epochs	3.0
977.6822802708435	0.2381599999999935	epochs	2.0
977.6822802708435	0.12072000000000571	epochs	3.0
977.8030002708435	0.11743999999998778	epochs	3.0
977.9204402708435	0.2258399999999483	epochs	2.0
977.9204402708435	0.11439999999993233	epochs	3.0
978.0348402708435	0.11144000000001597	epochs	3.0
978.1462802708435	0.21464000000003125	epochs	2.0
978.1462802708435	0.10864000000003671	epochs	3.0
978.2549202708435	0.10599999999999454	epochs	3.0
978.3609202708435	0.20447999999998956	epochs	2.0
978.3609202708435	0.10343999999997777	epochs	3.0
978.4643602708435	0.10104000000001179	epochs	3.0
978.5654002708435	0.1953600000000506	epochs	2.0
978.5654002708435	0.0987999999999829	epochs	3.0
978.6642002708435	0.0965600000000677	epochs	3.0
978.7607602708435	0.18695999999999913	epochs	2.0
978.7607602708435	0.09447999999997592	epochs	3.0
978.8552402708435	0.09248000000002321	epochs	3.0
978.9477202708435	0.17919999999992342	epochs	2.0
978.9477202708435	0.09047999999995682	epochs	3.0
979.0382002708435	0.0887199999999666	epochs	3.0
979.1269202708435	0.17208000000005086	epochs	2.0
979.1269202708435	0.08688000000006468	epochs	3.0
979.2138002708435	0.08519999999998618	epochs	3.0
979.2990002708435	0.165520000000015	epochs	2.0
979.2990002708435	0.08359999999993306	epochs	3.0
979.3826002708435	0.08192000000008193	epochs	3.0
979.4645202708435	0.1595199999999295	epochs	2.0
979.4645202708435	0.08047999999996591	epochs	3.0
979.5450002708435	0.07903999999996358	epochs	3.0
979.6240402708435	0.15376000000003387	epochs	2.0
979.6240402708435	0.07760000000007494	epochs	3.0
979.7016402708435	0.07615999999995893	epochs	3.0
979.7778002708435	0.14855999999997493	epochs	2.0
979.7778002708435	0.07496000000003278	epochs	3.0
979.8527602708435	0.07359999999994216	epochs	3.0
979.9263602708435	0.14368000000001757	epochs	2.0
979.9263602708435	0.0724800000000414	epochs	3.0
979.9988402708435	0.07119999999997617	epochs	3.0
980.0700402708435	0.1390400000000227	epochs	2.0
980.0700402708435	0.07007999999996173	epochs	3.0
980.1401202708435	0.06896000000006097	epochs	3.0
980.2090802708435	0.13472000000001572	epochs	2.0
980.2090802708435	0.06791999999995824	epochs	3.0
980.2770002708435	0.06680000000005748	epochs	3.0
980.3438002708435	0.13071999999999662	epochs	2.0
980.3438002708435	0.06583999999998014	epochs	3.0
980.4096402708435	0.06488000000001648	epochs	3.0
980.4745202708435	0.1268000000000029	epochs	2.0
980.4745202708435	0.06384000000002743	epochs	3.0
980.5383602708436	0.06295999999997548	epochs	3.0
980.6013202708435	0.12328000000002248	epochs	2.0
980.6013202708435	0.06207999999992353	epochs	3.0
980.6634002708435	0.06120000000009895	epochs	3.0
980.7246002708436	0.11983999999995376	epochs	2.0
980.7246002708436	0.060319999999933316	epochs	3.0
980.7849202708435	0.059520000000020445	epochs	3.0
980.8444402708435	0.11663999999996122	epochs	2.0
980.8444402708435	0.05871999999999389	epochs	3.0
980.9031602708435	0.05791999999996733	epochs	3.0
980.9610802708435	0.11360000000001946	epochs	2.0
980.9610802708435	0.057200000000079854	epochs	3.0
981.0182802708435	0.05639999999993961	epochs	3.0
981.0746802708435	0.1107200000000148	epochs	2.0
981.0746802708435	0.05568000000005213	epochs	3.0
981.1303602708435	0.055039999999962674	epochs	3.0
981.1854002708435	0.10792000000003554	epochs	2.0
981.1854002708435	0.054240000000049804	epochs	3.0
981.2396402708436	0.05367999999998574	epochs	3.0
981.2933202708435	0.10527999999999338	epochs	2.0
981.2933202708435	0.052959999999984575	epochs	3.0
981.3462802708435	0.052320000000008804	epochs	3.0
981.3986002708435	0.1028800000000274	epochs	2.0
981.3986002708435	0.05175999999994474	epochs	3.0
981.4503602708435	0.051120000000082655	epochs	3.0
981.5014802708436	0.10039999999992233	epochs	2.0
981.5014802708436	0.0504799999999932	epochs	3.0
981.5519602708436	0.04991999999992913	epochs	3.0
981.6018802708435	0.09824000000003252	epochs	2.0
981.6018802708435	0.049359999999978754	epochs	3.0
981.6512402708435	0.04888000000005377	epochs	3.0
981.7001202708435	0.09600000000000364	epochs	2.0
981.7001202708435	0.04823999999996431	epochs	3.0
981.7483602708435	0.04776000000003933	epochs	3.0
981.7961202708435	0.09392000000002554	epochs	2.0
981.7961202708435	0.04719999999997526	epochs	3.0
981.8433202708435	0.04672000000005028	epochs	3.0
981.8900402708435	0.09191999999995915	epochs	2.0
981.8900402708435	0.04615999999998621	epochs	3.0
981.9362002708435	0.04575999999997293	epochs	3.0
981.9819602708435	0.09008000000005723	epochs	2.0
981.9819602708435	0.04528000000004795	epochs	3.0
982.0272402708435	0.04480000000000928	epochs	3.0
982.0720402708436	0.08815999999990254	epochs	2.0
982.0720402708436	0.044319999999970605	epochs	3.0
982.1163602708435	0.04383999999993193	epochs	3.0
982.1602002708435	0.0864800000000514	epochs	2.0
982.1602002708435	0.04344000000003234	epochs	3.0
982.2036402708435	0.04304000000001906	epochs	3.0
982.2466802708435	0.0847199999999475	epochs	2.0
982.2466802708435	0.04255999999998039	epochs	3.0
982.2892402708435	0.04215999999996711	epochs	3.0
982.3314002708435	0.08320000000003347	epochs	2.0
982.3314002708435	0.04176000000006752	epochs	3.0
982.3731602708435	0.04143999999996595	epochs	3.0
982.4146002708435	0.08151999999995496	epochs	2.0
982.4146002708435	0.040960000000040964	epochs	3.0
982.4555602708435	0.040559999999914	epochs	3.0
982.4961202708434	0.08008000000006632	epochs	2.0
982.4961202708434	0.0402400000000398	epochs	3.0
982.5363602708435	0.03984000000002652	epochs	3.0
982.5762002708435	0.0786399999999503	epochs	2.0
982.5762002708435	0.039520000000038635	epochs	3.0
982.6157202708436	0.03911999999991167	epochs	3.0
982.6548402708435	0.07720000000006166	epochs	2.0
982.6548402708435	0.03880000000003747	epochs	3.0
982.6936402708435	0.03840000000002419	epochs	3.0
982.7320402708435	0.07591999999999643	epochs	2.0
982.7320402708435	0.03815999999994801	epochs	3.0
982.7702002708435	0.03776000000004842	epochs	3.0
982.8079602708435	0.0745600000000195	epochs	2.0
982.8079602708435	0.03743999999994685	epochs	3.0
982.8454002708435	0.03712000000007265	epochs	3.0
982.8825202708435	0.07335999999997966	epochs	2.0
982.8825202708435	0.03679999999997108	epochs	3.0
982.9193202708435	0.036560000000008586	epochs	3.0
982.9558802708435	0.07208000000002812	epochs	2.0
982.9558802708435	0.03615999999999531	epochs	3.0
982.9920402708435	0.035920000000032815	epochs	3.0
983.0279602708436	0.07087999999998829	epochs	2.0
983.0279602708436	0.03559999999993124	epochs	3.0
983.0635602708435	0.035280000000057044	epochs	3.0
983.0988402708435	0.06983999999999924	epochs	2.0
983.0988402708435	0.035039999999980864	epochs	3.0
983.1338802708435	0.03480000000001837	epochs	3.0
983.1686802708435	0.0686399999999594	epochs	2.0
983.1686802708435	0.0344799999999168	epochs	3.0
983.2031602708435	0.0341600000000426	epochs	3.0
983.2373202708435	0.06759999999997035	epochs	2.0
983.2373202708435	0.03391999999996642	epochs	3.0
983.2712402708435	0.03368000000000393	epochs	3.0
983.3049202708435	0.0665599999999813	epochs	2.0
983.3049202708435	0.03344000000004144	epochs	3.0
983.3383602708435	0.033119999999939864	epochs	3.0
983.3714802708434	0.06560000000001764	epochs	2.0
983.3714802708434	0.032960000000002765	epochs	3.0
983.4044402708435	0.03264000000001488	epochs	3.0
983.4370802708435	0.0645600000000286	epochs	2.0
983.4370802708435	0.03240000000005239	epochs	3.0
983.4694802708435	0.03215999999997621	epochs	3.0
983.5016402708435	0.06367999999997664	epochs	2.0
983.5016402708435	0.03200000000003911	epochs	3.0
983.5336402708435	0.031679999999937536	epochs	3.0
983.5653202708435	0.06272000000001299	epochs	2.0
983.5653202708435	0.03144000000008873	epochs	3.0
983.5967602708436	0.03127999999992426	epochs	3.0
983.6280402708435	0.061840000000074724	epochs	2.0
983.6280402708435	0.03104000000007545	epochs	3.0
983.6590802708436	0.030799999999999272	epochs	3.0
983.6898802708436	0.06095999999990909	epochs	2.0
983.6898802708436	0.030559999999923093	epochs	3.0
983.7204402708435	0.030399999999985994	epochs	3.0
983.7508402708435	0.060159999999996217	epochs	2.0
983.7508402708435	0.0301600000000235	epochs	3.0
983.7810002708435	0.029999999999972715	epochs	3.0
983.8110002708435	0.05928000000005795	epochs	2.0
983.8110002708435	0.02967999999998483	epochs	3.0
983.8406802708434	0.029600000000073123	epochs	3.0
983.8702802708435	0.058480000000031396	epochs	2.0
983.8702802708435	0.029359999999996944	epochs	3.0
983.8996402708435	0.02912000000003445	epochs	3.0
983.9287602708436	0.057759999999916545	epochs	2.0
983.9287602708436	0.028959999999983665	epochs	3.0
983.9577202708435	0.02879999999993288	epochs	3.0
983.9865202708435	0.056960000000003674	epochs	2.0
983.9865202708435	0.028560000000084074	epochs	3.0
984.0150802708436	0.0283999999999196	epochs	3.0
984.0434802708435	0.05624000000000251	epochs	2.0
984.0434802708435	0.028160000000070795	epochs	3.0
984.0716402708435	0.028079999999931715	epochs	3.0
984.0997202708435	0.05543999999997595	epochs	2.0
984.0997202708435	0.02784000000008291	epochs	3.0
984.1275602708436	0.027599999999893043	epochs	3.0
984.1551602708435	0.054880000000025575	epochs	2.0
984.1551602708435	0.027520000000095024	epochs	3.0
984.1826802708435	0.02735999999993055	epochs	3.0
984.2100402708435	0.05407999999999902	epochs	2.0
984.2100402708435	0.027120000000081745	epochs	3.0
984.2371602708436	0.026959999999917272	epochs	3.0
984.2641202708435	0.05344000000002325	epochs	2.0
984.2641202708435	0.026799999999980173	epochs	3.0
984.2909202708435	0.026640000000043074	epochs	3.0
984.3175602708435	0.05287999999995918	epochs	2.0
984.3175602708435	0.026479999999992287	epochs	3.0
984.3440402708435	0.026399999999966894	epochs	3.0
984.3704402708435	0.052160000000071705	epochs	2.0
984.3704402708435	0.026160000000004402	epochs	3.0
984.3966002708435	0.026000000000067303	epochs	3.0
984.4226002708435	0.05151999999998225	epochs	2.0
984.4226002708435	0.025840000000016516	epochs	3.0
984.4484402708435	0.02567999999996573	epochs	3.0
984.4741202708435	0.05096000000003187	epochs	2.0
984.4741202708435	0.025599999999940337	epochs	3.0
984.4997202708435	0.02536000000009153	epochs	3.0
984.5250802708435	0.050399999999967804	epochs	2.0
984.5250802708435	0.02527999999995245	epochs	3.0
984.5503602708435	0.025120000000015352	epochs	3.0
984.5754802708435	0.04975999999999203	epochs	2.0
984.5754802708435	0.024959999999964566	epochs	3.0
984.6004402708435	0.024800000000027467	epochs	3.0
984.6252402708435	0.049200000000041655	epochs	2.0
984.6252402708435	0.02463999999997668	epochs	3.0
984.6498802708435	0.024560000000064974	epochs	3.0
984.6744402708435	0.04872000000000298	epochs	2.0
984.6744402708435	0.0243999999999005	epochs	3.0
984.6988402708434	0.024320000000102482	epochs	3.0
984.7231602708436	0.048079999999913525	epochs	2.0
984.7231602708436	0.024079999999912616	epochs	3.0
984.7472402708435	0.02400000000000091	epochs	3.0
984.7712402708435	0.04759999999998854	epochs	2.0
984.7712402708435	0.02384000000006381	epochs	3.0
984.7950802708435	0.02375999999992473	epochs	3.0
984.8188402708435	0.047120000000063555	epochs	2.0
984.8188402708435	0.023600000000101318	epochs	3.0
984.8424402708436	0.023519999999962238	epochs	3.0
984.8659602708435	0.04655999999999949	epochs	2.0
984.8659602708435	0.02336000000002514	epochs	3.0
984.8893202708435	0.023199999999974352	epochs	3.0
984.9125202708435	0.04607999999996082	epochs	2.0
984.9125202708435	0.02311999999994896	epochs	3.0
984.9356402708435	0.02296000000001186	epochs	3.0
984.9586002708435	0.045600000000035834	epochs	2.0
984.9586002708435	0.022879999999986467	epochs	3.0
984.9814802708435	0.022720000000049367	epochs	3.0
985.0042002708435	0.04511999999999716	epochs	2.0
985.0042002708435	0.022640000000023974	epochs	3.0
985.0268402708435	0.022479999999973188	epochs	3.0
985.0493202708435	0.04463999999995849	epochs	2.0
985.0493202708435	0.022399999999947795	epochs	3.0
985.0717202708435	0.022240000000010696	epochs	3.0
985.0939602708435	0.0442400000000589	epochs	2.0
985.0939602708435	0.022159999999985303	epochs	3.0
985.1161202708435	0.022080000000073596	epochs	3.0
985.1382002708435	0.04376000000002023	epochs	2.0
985.1382002708435	0.02192000000002281	epochs	3.0
985.1601202708435	0.021839999999997417	epochs	3.0
985.1819602708435	0.04336000000000695	epochs	2.0
985.1819602708435	0.021759999999972024	epochs	3.0
985.2037202708435	0.021600000000034925	epochs	3.0
985.2253202708436	0.04287999999996828	epochs	2.0
985.2253202708436	0.02143999999998414	epochs	3.0
985.2467602708435	0.02143999999998414	epochs	3.0
985.2682002708435	0.042479999999955	epochs	2.0
985.2682002708435	0.021279999999933352	epochs	3.0
985.2894802708435	0.021200000000021646	epochs	3.0
985.3106802708435	0.042080000000055406	epochs	2.0
985.3106802708435	0.021040000000084547	epochs	3.0
985.3317202708436	0.02103999999997086	epochs	3.0
985.3527602708435	0.04167999999992844	epochs	2.0
985.3527602708435	0.020879999999920074	epochs	3.0
985.3736402708435	0.020800000000008367	epochs	3.0
985.3944402708435	0.041200000000003456	epochs	2.0
985.3944402708435	0.020640000000071268	epochs	3.0
985.4150802708435	0.020559999999932188	epochs	3.0
985.4356402708435	0.04088000000001557	epochs	2.0
985.4356402708435	0.020560000000045875	epochs	3.0
985.4562002708435	0.020319999999969696	epochs	3.0
985.4765202708435	0.040560000000027685	epochs	2.0
985.4765202708435	0.020319999999969696	epochs	3.0
985.4968402708434	0.02024000000005799	epochs	3.0
985.5170802708435	0.04007999999998901	epochs	2.0
985.5170802708435	0.020080000000007203	epochs	3.0
985.5371602708435	0.01999999999998181	epochs	3.0
985.5571602708435	0.03976000000000113	epochs	2.0
985.5571602708435	0.019919999999956417	epochs	3.0
985.5770802708435	0.01984000000004471	epochs	3.0
985.5969202708435	0.03944000000001324	epochs	2.0
985.5969202708435	0.019760000000019318	epochs	3.0
985.6166802708435	0.019679999999993925	epochs	3.0
985.6363602708435	0.039039999999999964	epochs	2.0
985.6363602708435	0.01951999999994314	epochs	3.0
985.6558802708435	0.019520000000056825	epochs	3.0
985.6754002708435	0.038639999999986685	epochs	2.0
985.6754002708435	0.01936000000000604	epochs	3.0
985.6947602708435	0.019279999999980646	epochs	3.0
985.7140402708435	0.03840000000002419	epochs	2.0
985.7140402708435	0.019279999999980646	epochs	3.0
985.7333202708435	0.019120000000043547	epochs	3.0
985.7524402708435	0.038000000000010914	epochs	2.0
985.7524402708435	0.019040000000018154	epochs	3.0
985.7714802708435	0.01895999999999276	epochs	3.0
985.7904402708435	0.03768000000002303	epochs	2.0
985.7904402708435	0.018879999999967367	epochs	3.0
985.8093202708435	0.01880000000005566	epochs	3.0
985.8281202708436	0.037359999999921456	epochs	2.0
985.8281202708436	0.01871999999991658	epochs	3.0
985.8468402708435	0.018640000000004875	epochs	3.0
985.8654802708435	0.03704000000004726	epochs	2.0
985.8654802708435	0.018559999999979482	epochs	3.0
985.8840402708435	0.018480000000067776	epochs	3.0
985.9025202708435	0.036719999999945685	epochs	2.0
985.9025202708435	0.018399999999928696	epochs	3.0
985.9209202708435	0.01832000000001699	epochs	3.0
985.9392402708435	0.03647999999998319	epochs	2.0
985.9392402708435	0.018239999999991596	epochs	3.0
985.9574802708435	0.018239999999991596	epochs	3.0
985.9757202708435	0.0360800000000836	epochs	2.0
985.9757202708435	0.018080000000054497	epochs	3.0
985.9938002708435	0.018000000000029104	epochs	3.0
986.0118002708435	0.03584000000000742	epochs	2.0
986.0118002708435	0.01792000000000371	epochs	3.0
986.0297202708435	0.01792000000000371	epochs	3.0
986.0476402708435	0.035520000000019536	epochs	2.0
986.0476402708435	0.017759999999952925	epochs	3.0
986.0654002708435	0.01776000000006661	epochs	3.0
986.0831602708436	0.035199999999917964	epochs	2.0
986.0831602708436	0.01767999999992753	epochs	3.0
986.1008402708435	0.017519999999990432	epochs	3.0
986.1183602708435	0.03496000000006916	epochs	2.0
986.1183602708435	0.017519999999990432	epochs	3.0
986.1358802708435	0.017440000000078726	epochs	3.0
986.1533202708436	0.03471999999999298	epochs	2.0
986.1533202708436	0.01743999999996504	epochs	3.0
986.1707602708435	0.01728000000002794	epochs	3.0
986.1880402708435	0.03440000000000509	epochs	2.0
986.1880402708435	0.017200000000002547	epochs	3.0
986.2052402708435	0.017200000000002547	epochs	3.0
986.2224402708435	0.034159999999928914	epochs	2.0
986.2224402708435	0.017119999999977153	epochs	3.0
986.2395602708435	0.01703999999995176	epochs	3.0
986.2566002708435	0.033840000000054715	epochs	2.0
986.2566002708435	0.016960000000040054	epochs	3.0
986.2735602708435	0.01688000000001466	epochs	3.0
986.2904402708435	0.033599999999978536	epochs	2.0
986.2904402708435	0.016799999999989268	epochs	3.0
986.3072402708435	0.016799999999989268	epochs	3.0
986.3240402708435	0.033360000000016043	epochs	2.0
986.3240402708435	0.016719999999963875	epochs	3.0
986.3407602708435	0.01664000000005217	epochs	3.0
986.3574002708435	0.033119999999939864	epochs	2.0
986.3574002708435	0.016560000000026776	epochs	3.0
986.3739602708436	0.01655999999991309	epochs	3.0
986.3905202708435	0.032800000000065666	epochs	2.0
986.3905202708435	0.016400000000089676	epochs	3.0
986.4069202708436	0.01639999999997599	epochs	3.0
986.4233202708435	0.032559999999989486	epochs	2.0
986.4233202708435	0.016319999999950596	epochs	3.0
986.4396402708435	0.01624000000003889	epochs	3.0
986.4558802708435	0.0323999999999387	epochs	2.0
986.4558802708435	0.01624000000003889	epochs	3.0
986.4721202708436	0.01615999999989981	epochs	3.0
986.4882802708435	0.0320800000000645	epochs	2.0
986.4882802708435	0.01608000000010179	epochs	3.0
986.5043602708436	0.01599999999996271	epochs	3.0
986.5203602708435	0.031920000000013715	epochs	2.0
986.5203602708435	0.01599999999996271	epochs	3.0
986.5363602708435	0.015920000000051004	epochs	3.0
986.5522802708435	0.03159999999991214	epochs	2.0
986.5522802708435	0.015839999999911925	epochs	3.0
986.5681202708435	0.01576000000000022	epochs	3.0
986.5838802708435	0.03144000000008873	epochs	2.0
986.5838802708435	0.01576000000000022	epochs	3.0
986.5996402708435	0.015680000000088512	epochs	3.0
986.6153202708435	0.03120000000001255	epochs	2.0
986.6153202708435	0.015599999999949432	epochs	3.0
986.6309202708435	0.015600000000063119	epochs	3.0
986.6465202708436	0.030959999999936372	epochs	2.0
986.6465202708436	0.015519999999924039	epochs	3.0
986.6620402708435	0.015440000000012333	epochs	3.0
986.6774802708435	0.03071999999997388	epochs	2.0
986.6774802708435	0.015440000000012333	epochs	3.0
986.6929202708435	0.015279999999961547	epochs	3.0
986.7082002708435	0.03056000000003678	epochs	2.0
986.7082002708435	0.015360000000100626	epochs	3.0
986.7235602708436	0.015199999999936153	epochs	3.0
986.7387602708435	0.0303199999999606	epochs	2.0
986.7387602708435	0.01520000000004984	epochs	3.0
986.7539602708435	0.01511999999991076	epochs	3.0
986.7690802708435	0.030079999999998108	epochs	2.0
986.7690802708435	0.015120000000024447	epochs	3.0
986.7842002708435	0.014959999999973661	epochs	3.0
986.7991602708435	0.02992000000006101	epochs	2.0
986.7991602708435	0.015039999999999054	epochs	3.0
986.8142002708435	0.014880000000061955	epochs	3.0
986.8290802708435	0.02967999999998483	epochs	2.0
986.8290802708435	0.014879999999948268	epochs	3.0
986.8439602708435	0.014800000000036562	epochs	3.0
986.8587602708435	0.02952000000004773	epochs	2.0
986.8587602708435	0.014800000000036562	epochs	3.0
986.8735602708435	0.014720000000011169	epochs	3.0
986.8882802708436	0.02927999999997155	epochs	2.0
986.8882802708436	0.014719999999897482	epochs	3.0
986.9030002708434	0.01456000000007407	epochs	3.0
986.9175602708435	0.02912000000003445	epochs	2.0
986.9175602708435	0.014639999999985776	epochs	3.0
986.9322002708435	0.014480000000048676	epochs	3.0
986.9466802708436	0.028959999999983665	epochs	2.0
986.9466802708436	0.01447999999993499	epochs	3.0
986.9611602708435	0.014480000000048676	epochs	3.0
986.9756402708435	0.02863999999999578	epochs	2.0
986.9756402708435	0.01431999999999789	epochs	3.0
986.9899602708435	0.01431999999999789	epochs	3.0
987.0042802708435	0.028559999999970387	epochs	2.0
987.0042802708435	0.01431999999999789	epochs	3.0
987.0186002708435	0.014239999999972497	epochs	3.0
987.0328402708435	0.028320000000007894	epochs	2.0
987.0328402708435	0.014159999999947104	epochs	3.0
987.0470002708435	0.01416000000006079	epochs	3.0
987.0611602708435	0.028159999999957108	epochs	2.0
987.0611602708435	0.014159999999947104	epochs	3.0
987.0753202708435	0.014000000000010004	epochs	3.0
987.0893202708435	0.02800000000002001	epochs	2.0
987.0893202708435	0.014000000000010004	epochs	3.0
987.1033202708435	0.014000000000010004	epochs	3.0
987.1173202708435	0.027760000000057516	epochs	2.0
987.1173202708435	0.013919999999984611	epochs	3.0
987.1312402708435	0.013840000000072905	epochs	3.0
987.1450802708436	0.027679999999918437	epochs	2.0
987.1450802708436	0.013839999999959218	epochs	3.0
987.1589202708435	0.013839999999959218	epochs	3.0
987.1727602708435	0.02744000000006963	epochs	2.0
987.1727602708435	0.013760000000047512	epochs	3.0
987.1865202708435	0.013680000000022119	epochs	3.0
987.2002002708435	0.027280000000018845	epochs	2.0
987.2002002708435	0.013680000000022119	epochs	3.0
987.2138802708436	0.013599999999996726	epochs	3.0
987.2274802708436	0.02711999999996806	epochs	2.0
987.2274802708436	0.013519999999971333	epochs	3.0
987.2410002708435	0.013599999999996726	epochs	3.0
987.2546002708435	0.026880000000005566	epochs	2.0
987.2546002708435	0.01343999999994594	epochs	3.0
987.2680402708435	0.013440000000059626	epochs	3.0
987.2814802708435	0.026799999999980173	epochs	2.0
987.2814802708435	0.01343999999994594	epochs	3.0
987.2949202708435	0.013360000000034233	epochs	3.0
987.3082802708435	0.02656000000001768	epochs	2.0
987.3082802708435	0.01328000000000884	epochs	3.0
987.3215602708435	0.01328000000000884	epochs	3.0
987.3348402708435	0.026479999999992287	epochs	2.0
987.3348402708435	0.01328000000000884	epochs	3.0
987.3481202708435	0.013199999999983447	epochs	3.0
987.3613202708435	0.026240000000029795	epochs	2.0
987.3613202708435	0.013119999999958054	epochs	3.0
987.3744402708435	0.013120000000071741	epochs	3.0
987.3875602708436	0.026160000000004402	epochs	2.0
987.3875602708436	0.013119999999958054	epochs	3.0
987.4006802708435	0.013040000000046348	epochs	3.0
987.4137202708436	0.025999999999953616	epochs	2.0
987.4137202708436	0.013039999999932661	epochs	3.0
987.4267602708435	0.012960000000020955	epochs	3.0
987.4397202708435	0.025759999999991123	epochs	2.0
987.4397202708435	0.012879999999995562	epochs	3.0
987.4526002708435	0.012879999999995562	epochs	3.0
987.4654802708435	0.02567999999996573	epochs	2.0
987.4654802708435	0.012879999999995562	epochs	3.0
987.4783602708435	0.012799999999970169	epochs	3.0
987.4911602708435	0.02552000000002863	epochs	2.0
987.4911602708435	0.012800000000083855	epochs	3.0
987.5039602708435	0.012719999999944775	epochs	3.0
987.5166802708435	0.025359999999977845	epochs	2.0
987.5166802708435	0.012720000000058462	epochs	3.0
987.5294002708436	0.012639999999919382	epochs	3.0
987.5420402708435	0.025200000000040745	epochs	2.0
987.5420402708435	0.01264000000003307	epochs	3.0
987.5546802708435	0.012560000000007676	epochs	3.0
987.5672402708435	0.024559999999951287	epochs	2.0
987.5914034708435	0.5	epochs	-1.0
987.5918002708435	0.5589600000000701	epochs	1.0
988.1507602708435	0.4409600000000182	epochs	0.0
1001.3029999732971	0.20079999999995835	epochs	0.0
1001.3029999732971	0.09536000000002787	epochs	1.0
1001.3983599732971	0.010080000000016298	epochs	1.0
1001.4084399732972	0.09535999999991418	epochs	1.0
1001.5037999732971	2.0	epochs	0.0
1003.5037999732971	1.3786400000000185	epochs	0.0
1003.5037999732971	1.0	epochs	1.0
1003.5038031732971	0.5	epochs	-1.0
1004.0038031732971	0.8786367999999811	epochs	-1.0
1004.5037999732971	0.3786400000000185	epochs	1.0
1004.5037999732971	8.000000002539309e-05	epochs	2.0
1004.5038799732971	0.3785599999999931	epochs	-1.0
1004.5038799732971	0.3785599999999931	epochs	2.0
1004.5038799732971	0.3785599999999931	epochs	3.0
1004.8824399732971	20.62128000000007	epochs	0.0
1008.316999912262	0.20079999999995835	epochs	0.0
1008.316999912262	0.09536000000002787	epochs	1.0
1008.412359912262	0.010080000000016298	epochs	1.0
1008.422439912262	0.09535999999991418	epochs	1.0
1008.5177999122619	2.0	epochs	0.0
1010.5177999122619	0.5194400000000314	epochs	0.0
1010.5177999122619	0.5194400000000314	epochs	1.0
1010.517803112262	0.5	epochs	-1.0
1011.017803112262	0.019436799999994037	epochs	-1.0
1011.037239912262	21.480480000000057	epochs	0.0
1014.5	0.20079999999995835	epochs	0.0
1014.5	0.09536000000002787	epochs	1.0
1014.59536	0.010080000000016298	epochs	1.0
1014.60544	0.09535999999991418	epochs	1.0
1014.7008	2.0	epochs	0.0
1016.7008	1.4192000000000462	epochs	0.0
1016.7008	1.0	epochs	1.0
1016.7008032	0.5	epochs	-1.0
1017.2008032	0.9191968000000088	epochs	-1.0
1017.7008	0.4192000000000462	epochs	1.0
1017.7008	8.000000002539309e-05	epochs	2.0
1017.70088	0.4191200000000208	epochs	-1.0
1017.70088	0.4191200000000208	epochs	2.0
1017.70088	0.4191200000000208	epochs	3.0
1018.12	20.580720000000042	epochs	0.0
1021.6669998168945	0.20079999999995835	epochs	0.0
1021.6669998168945	0.09536000000002787	epochs	1.0
1021.7623598168946	0.010080000000016298	epochs	1.0
1021.7724398168946	0.09535999999991418	epochs	1.0
1021.8677998168945	2.0	epochs	0.0
1023.8677998168945	1.4193599999999833	epochs	0.0
1023.8677998168945	1.0000000000001137	epochs	1.0
1023.8678030168945	0.5000000000001137	epochs	-1.0
1024.3678030168946	0.9193567999998322	epochs	-1.0
1024.8677998168946	0.4193599999998696	epochs	1.0
1024.8677998168946	8.000000002539309e-05	epochs	2.0
1024.8678798168946	0.4192799999998442	epochs	-1.0
1024.8678798168946	0.4192799999998442	epochs	2.0
1024.8678798168946	0.4192799999998442	epochs	3.0
1025.2871598168945	20.580560000000105	epochs	0.0
1028.8330001831055	0.20080000000007203	epochs	0.0
1028.8330001831055	0.09536000000002787	epochs	1.0
1028.9283601831055	0.010080000000016298	epochs	1.0
1028.9384401831055	0.09536000000002787	epochs	1.0
1029.0338001831055	2.0	epochs	0.0
1031.0338001831055	1.479359999999815	epochs	0.0
1031.0338001831055	1.0	epochs	1.0
1031.0338033831056	0.5	epochs	-1.0
1031.5338033831056	0.9793567999997776	epochs	-1.0
1032.0338001831055	0.47935999999981505	epochs	1.0
1032.0338001831055	8.000000002539309e-05	epochs	2.0
1032.0338801831056	0.47927999999978965	epochs	-1.0
1032.0338801831056	0.47927999999978965	epochs	2.0
1032.0338801831056	0.47927999999978965	epochs	3.0
1032.5131601831054	20.52056000000016	epochs	0.0
1036.0830001831055	0.20080000000007203	epochs	0.0
1036.0830001831055	0.09536000000002787	epochs	1.0
1036.1783601831055	0.010080000000016298	epochs	1.0
1036.1884401831055	0.09536000000002787	epochs	1.0
1036.2838001831055	2.0	epochs	0.0
1038.2838001831055	1.518959999999879	epochs	0.0
1038.2838001831055	1.0	epochs	1.0
1038.2838033831056	0.5	epochs	-1.0
1038.7838033831056	1.0189567999998417	epochs	-1.0
1039.2838001831055	0.5189599999998791	epochs	1.0
1039.2838001831055	8.000000002539309e-05	epochs	2.0
1039.2838801831056	0.5188799999998537	epochs	-1.0
1039.2838801831056	0.5188799999998537	epochs	2.0
1039.2838801831056	0.5188799999998537	epochs	3.0
1039.8027601831054	20.480960000000096	epochs	0.0
1043.4609999656677	0.20080000000007203	epochs	0.0
1043.4609999656677	0.09536000000002787	epochs	1.0
1043.5563599656678	0.010080000000016298	epochs	1.0
1043.5664399656678	0.09536000000002787	epochs	1.0
1043.6617999656678	2.0	epochs	0.0
1045.6617999656678	1.5793599999999515	epochs	0.0
1045.6617999656678	1.0	epochs	1.0
1045.6618031656678	0.5	epochs	-1.0
1046.1618031656678	1.079356799999914	epochs	-1.0
1046.6617999656678	0.5793599999999515	epochs	1.0
1046.6617999656678	8.000000002539309e-05	epochs	2.0
1046.6618799656678	0.5792799999999261	epochs	-1.0
1046.6618799656678	0.5792799999999261	epochs	2.0
1046.6618799656678	0.5792799999999261	epochs	3.0
1047.2411599656677	20.420560000000023	epochs	0.0
1050.861999988556	0.20080000000007203	epochs	0.0
1050.861999988556	0.09536000000002787	epochs	1.0
1050.957359988556	0.010080000000016298	epochs	1.0
1050.967439988556	0.09536000000002787	epochs	1.0
1051.062799988556	2.0	epochs	0.0
1053.062799988556	1.678559999999834	epochs	0.0
1053.062799988556	1.0	epochs	1.0
1053.062803188556	0.5	epochs	-1.0
1053.562803188556	1.1785567999997966	epochs	-1.0
1054.062799988556	0.678559999999834	epochs	1.0
1054.062799988556	8.000000002539309e-05	epochs	2.0
1054.062879988556	0.6784799999998086	epochs	-1.0
1054.062879988556	0.6784799999998086	epochs	2.0
1054.062879988556	0.6784799999998086	epochs	3.0
1054.7413599885558	20.32136000000014	epochs	0.0
1058.5120000839233	0.20080000000007203	epochs	0.0
1058.5120000839233	0.09536000000002787	epochs	1.0
1058.6073600839234	0.010080000000016298	epochs	1.0
1058.6174400839234	0.09536000000002787	epochs	1.0
1058.7128000839234	2.0	epochs	0.0
1060.7128000839234	1.779359999999997	epochs	0.0
1060.7128000839234	1.0	epochs	1.0
1060.7128032839234	0.5	epochs	-1.0
1061.2128032839234	1.2793567999999595	epochs	-1.0
1061.7128000839234	0.7793599999999969	epochs	1.0
1061.7128000839234	8.000000002539309e-05	epochs	2.0
1061.7128800839234	0.7792799999999716	epochs	-1.0
1061.7128800839234	0.7792799999999716	epochs	2.0
1061.7128800839234	0.7792799999999716	epochs	3.0
1062.4921600839234	20.220559999999978	epochs	0.0
1084.1589999198914	0.20080000000007203	epochs	0.0
1084.1589999198914	0.09536000000002787	epochs	1.0
1084.2543599198914	0.010080000000016298	epochs	1.0
1084.2644399198914	0.09536000000002787	epochs	1.0
1084.3597999198914	0.2299199999999928	epochs	0.0
1084.3597999198914	0.049999999999954525	epochs	1.0
1084.4097999198914	0.009999999999990905	epochs	1.0
1084.4197999198914	0.049999999999954525	epochs	1.0
1084.4697999198913	0.009999999999990905	epochs	1.0
1084.4797999198913	0.049999999999954525	epochs	1.0
1084.5297999198913	0.009999999999990905	epochs	1.0
1084.5397999198913	0.049920000000156506	epochs	1.0
1449.534999847412	0.20080000000007203	epochs	0.0
1449.534999847412	0.09536000000002787	epochs	1.0
1449.6303598474121	0.010080000000016298	epochs	1.0
1449.6404398474122	0.09536000000002787	epochs	1.0
1449.7357998474122	2.9999199999999746	epochs	0.0
1449.7357998474122	1.0	epochs	1.0
1450.7357998474122	1.0	epochs	1.0
1451.7357998474122	0.9999199999999746	epochs	1.0
1456.646999835968	0.20080000000007203	epochs	0.0
1456.646999835968	0.09536000000002787	epochs	1.0
1456.742359835968	0.010080000000016298	epochs	1.0
1456.752439835968	0.09536000000002787	epochs	1.0
1456.847799835968	2.9999199999999746	epochs	0.0
1456.847799835968	1.0	epochs	1.0
1457.847799835968	1.0	epochs	1.0
1458.847799835968	0.9999199999999746	epochs	1.0
1463.513000011444	0.20080000000007203	epochs	0.0
1463.513000011444	0.09536000000002787	epochs	1.0
1463.6083600114441	0.010080000000016298	epochs	1.0
1463.6184400114441	0.09536000000002787	epochs	1.0
1463.7138000114442	2.9999199999999746	epochs	0.0
1463.7138000114442	1.0	epochs	1.0
1464.7138000114442	1.0	epochs	1.0
1465.7138000114442	0.9999199999999746	epochs	1.0
1470.4629998207092	0.20080000000007203	epochs	0.0
1470.4629998207092	0.09536000000002787	epochs	1.0
1470.5583598207093	0.010080000000016298	epochs	1.0
1470.5684398207093	0.09536000000002787	epochs	1.0
1470.6637998207093	2.9999199999999746	epochs	0.0
1470.6637998207093	1.0	epochs	1.0
1471.6637998207093	1.0	epochs	1.0
1472.6637998207093	0.9999199999999746	epochs	1.0
1477.5440001487732	0.20080000000007203	epochs	0.0
1477.5440001487732	0.09536000000002787	epochs	1.0
1477.6393601487732	0.010080000000016298	epochs	1.0
1477.6494401487732	0.09536000000002787	epochs	1.0
1477.7448001487733	2.9999199999999746	epochs	0.0
1477.7448001487733	1.0	epochs	1.0
1478.7448001487733	1.0	epochs	1.0
1479.7448001487733	0.9999199999999746	epochs	1.0
1484.5209999084473	0.20080000000007203	epochs	0.0
1484.5209999084473	0.09536000000002787	epochs	1.0
1484.6163599084473	0.010080000000016298	epochs	1.0
1484.6264399084473	0.09536000000002787	epochs	1.0
1484.7217999084473	2.9999199999999746	epochs	0.0
1484.7217999084473	1.0	epochs	1.0
1485.7217999084473	1.0	epochs	1.0
1486.7217999084473	0.9999199999999746	epochs	1.0
1491.5510001182556	0.20080000000007203	epochs	0.0
1491.5510001182556	0.09536000000002787	epochs	1.0
1491.6463601182556	0.010080000000016298	epochs	1.0
1491.6564401182557	0.09536000000002787	epochs	1.0
1491.7518001182557	2.9999199999999746	epochs	0.0
1491.7518001182557	1.0	epochs	1.0
1492.7518001182557	1.0	epochs	1.0
1493.7518001182557	0.9999199999999746	epochs	1.0
1498.5679998397827	0.20080000000007203	epochs	0.0
1498.5679998397827	0.09536000000002787	epochs	1.0
1498.6633598397827	0.010080000000016298	epochs	1.0
1498.6734398397828	0.09536000000002787	epochs	1.0
1498.7687998397828	2.9999199999999746	epochs	0.0
1498.7687998397828	1.0	epochs	1.0
1499.7687998397828	1.0	epochs	1.0
1500.7687998397828	0.9999199999999746	epochs	1.0
1505.646999835968	0.20080000000007203	epochs	0.0
1505.646999835968	0.09536000000002787	epochs	1.0
1505.742359835968	0.010080000000016298	epochs	1.0
1505.752439835968	0.09536000000002787	epochs	1.0
1505.847799835968	2.9999199999999746	epochs	0.0
1505.847799835968	1.0	epochs	1.0
1506.847799835968	1.0	epochs	1.0
1507.847799835968	0.9999199999999746	epochs	1.0
1512.7140002250671	0.20080000000007203	epochs	0.0
1512.7140002250671	0.09536000000002787	epochs	1.0
1512.8093602250672	0.010080000000016298	epochs	1.0
1512.8194402250672	0.09536000000002787	epochs	1.0
1512.9148002250672	2.9999199999999746	epochs	0.0
1512.9148002250672	1.0	epochs	1.0
1513.9148002250672	1.0	epochs	1.0
1514.9148002250672	0.9999199999999746	epochs	1.0
1519.7979998588562	0.20080000000007203	epochs	0.0
1519.7979998588562	0.09536000000002787	epochs	1.0
1519.8933598588562	0.010080000000016298	epochs	1.0
1519.9034398588562	0.09536000000002787	epochs	1.0
1519.9987998588563	2.9999199999999746	epochs	0.0
1519.9987998588563	1.0	epochs	1.0
1520.9987998588563	1.0	epochs	1.0
1521.9987998588563	0.9999199999999746	epochs	1.0
1526.8920001983643	0.20080000000007203	epochs	0.0
1526.8920001983643	0.09536000000002787	epochs	1.0
1526.9873601983643	0.010080000000016298	epochs	1.0
1526.9974401983643	0.09536000000002787	epochs	1.0
1527.0928001983643	2.9999199999999746	epochs	0.0
1527.0928001983643	1.0	epochs	1.0
1528.0928001983643	1.0	epochs	1.0
1529.0928001983643	0.9999199999999746	epochs	1.0
1533.9879999160767	0.20080000000007203	epochs	0.0
1533.9879999160767	0.09536000000002787	epochs	1.0
1534.0833599160767	0.010080000000016298	epochs	1.0
1534.0934399160767	0.09536000000002787	epochs	1.0
1534.1887999160767	2.9999199999999746	epochs	0.0
1534.1887999160767	1.0	epochs	1.0
1535.1887999160767	1.0	epochs	1.0
1536.1887999160767	0.9999199999999746	epochs	1.0
1541.1539998054504	0.20080000000007203	epochs	0.0
1541.1539998054504	0.09536000000002787	epochs	1.0
1541.2493598054505	0.010080000000016298	epochs	1.0
1541.2594398054505	0.09536000000002787	epochs	1.0
1541.3547998054505	2.9999199999999746	epochs	0.0
1541.3547998054505	1.0	epochs	1.0
1542.3547998054505	1.0	epochs	1.0
1543.3547998054505	0.9999199999999746	epochs	1.0
1548.3289999961853	0.20080000000007203	epochs	0.0
1548.3289999961853	0.09536000000002787	epochs	1.0
1548.4243599961853	0.010080000000016298	epochs	1.0
1548.4344399961853	0.09536000000002787	epochs	1.0
1548.5297999961854	2.9999199999999746	epochs	0.0
1548.5297999961854	1.0	epochs	1.0
1549.5297999961854	1.0	epochs	1.0
1550.5297999961854	0.9999199999999746	epochs	1.0
1555.5289998054504	0.20080000000007203	epochs	0.0
1555.5289998054504	0.09536000000002787	epochs	1.0
1555.6243598054505	0.010080000000016298	epochs	1.0
1555.6344398054505	0.09536000000002787	epochs	1.0
1555.7297998054505	2.9999199999999746	epochs	0.0
1555.7297998054505	1.0	epochs	1.0
1556.7297998054505	1.0	epochs	1.0
1557.7297998054505	0.9999199999999746	epochs	1.0
1562.7290000915527	0.20080000000007203	epochs	0.0
1562.7290000915527	0.09536000000002787	epochs	1.0
1562.8243600915528	0.010080000000016298	epochs	1.0
1562.8344400915528	0.09536000000002787	epochs	1.0
1562.9298000915528	2.9999199999999746	epochs	0.0
1562.9298000915528	1.0	epochs	1.0
1563.9298000915528	1.0	epochs	1.0
1564.9298000915528	0.9999199999999746	epochs	1.0
1569.938000202179	0.20080000000007203	epochs	0.0
1569.938000202179	0.09536000000002787	epochs	1.0
1570.033360202179	0.010080000000016298	epochs	1.0
1570.043440202179	0.09536000000002787	epochs	1.0
1570.138800202179	2.9999199999999746	epochs	0.0
1570.138800202179	1.0	epochs	1.0
1571.138800202179	1.0	epochs	1.0
1572.138800202179	0.9999199999999746	epochs	1.0
1577.2340002059937	0.20080000000007203	epochs	0.0
1577.2340002059937	0.09536000000002787	epochs	1.0
1577.3293602059937	0.010080000000016298	epochs	1.0
1577.3394402059937	0.09536000000002787	epochs	1.0
1577.4348002059937	2.9999199999999746	epochs	0.0
1577.4348002059937	1.0	epochs	1.0
1578.4348002059937	1.0	epochs	1.0
1579.4348002059937	0.9999199999999746	epochs	1.0
1584.5840001106262	0.20080000000007203	epochs	0.0
1584.5840001106262	0.09536000000002787	epochs	1.0
1584.6793601106262	0.010080000000016298	epochs	1.0
1584.6894401106263	0.09536000000002787	epochs	1.0
1584.7848001106263	2.9999199999999746	epochs	0.0
1584.7848001106263	0.8999999999998636	epochs	1.0
1585.6848001106262	0.10000000000013642	epochs	1.0
1585.7848001106263	1.0	epochs	1.0
1586.7848001106263	0.9999199999999746	epochs	1.0
1591.9429998397827	0.20080000000007203	epochs	0.0
1591.9429998397827	0.09536000000002787	epochs	1.0
1592.0383598397827	0.010080000000016298	epochs	1.0
1592.0484398397828	0.09536000000002787	epochs	1.0
1592.1437998397828	2.9999199999999746	epochs	0.0
1592.1437998397828	0.8999999999998636	epochs	1.0
1593.0437998397827	0.10000000000013642	epochs	1.0
1593.1437998397828	1.0	epochs	1.0
1594.1437998397828	0.9999199999999746	epochs	1.0
1599.380000114441	0.20080000000007203	epochs	0.0
1599.380000114441	0.09536000000002787	epochs	1.0
1599.475360114441	0.010080000000016298	epochs	1.0
1599.485440114441	0.09536000000002787	epochs	1.0
1599.580800114441	2.9999199999999746	epochs	0.0
1599.580800114441	0.8999999999998636	epochs	1.0
1600.4808001144409	0.10000000000013642	epochs	1.0
1600.580800114441	1.0	epochs	1.0
1601.580800114441	0.9999199999999746	epochs	1.0
1606.7800002098083	0.20080000000007203	epochs	0.0
1606.7800002098083	0.09536000000002787	epochs	1.0
1606.8753602098084	0.010080000000016298	epochs	1.0
1606.8854402098084	0.09536000000002787	epochs	1.0
1606.9808002098084	2.9999199999999746	epochs	0.0
1606.9808002098084	0.8999999999998636	epochs	1.0
1607.8808002098083	0.10000000000013642	epochs	1.0
1607.9808002098084	1.0	epochs	1.0
1608.9808002098084	0.9999199999999746	epochs	1.0
1614.2540001869202	0.20080000000007203	epochs	0.0
1614.2540001869202	0.09536000000002787	epochs	1.0
1614.3493601869202	0.010080000000016298	epochs	1.0
1614.3594401869202	0.09536000000002787	epochs	1.0
1614.4548001869202	2.9999199999999746	epochs	0.0
1614.4548001869202	0.8999999999998636	epochs	1.0
1615.35480018692	0.10000000000013642	epochs	1.0
1615.4548001869202	1.0	epochs	1.0
1616.4548001869202	0.9999199999999746	epochs	1.0
1621.7030000686646	0.20080000000007203	epochs	0.0
1621.7030000686646	0.09536000000002787	epochs	1.0
1621.7983600686646	0.010080000000016298	epochs	1.0
1621.8084400686646	0.09536000000002787	epochs	1.0
1621.9038000686646	2.9999199999999746	epochs	0.0
1621.9038000686646	0.8999999999998636	epochs	1.0
1622.8038000686645	0.10000000000013642	epochs	1.0
1622.9038000686646	1.0	epochs	1.0
1623.9038000686646	0.9999199999999746	epochs	1.0
1629.2329998016357	0.20080000000007203	epochs	0.0
1629.2329998016357	0.09536000000002787	epochs	1.0
1629.3283598016358	0.010080000000016298	epochs	1.0
1629.3384398016358	0.09536000000002787	epochs	1.0
1629.4337998016358	2.9999199999999746	epochs	0.0
1629.4337998016358	0.8999999999998636	epochs	1.0
1630.3337998016357	0.10000000000013642	epochs	1.0
1630.4337998016358	1.0	epochs	1.0
1631.4337998016358	0.9999199999999746	epochs	1.0
1636.6999998092651	0.20080000000007203	epochs	0.0
1636.6999998092651	0.09536000000002787	epochs	1.0
1636.7953598092652	0.010080000000016298	epochs	1.0
1636.8054398092652	0.09536000000002787	epochs	1.0
1636.9007998092652	2.9999199999999746	epochs	0.0
1636.9007998092652	0.8999999999998636	epochs	1.0
1637.800799809265	0.10000000000013642	epochs	1.0
1637.9007998092652	1.0	epochs	1.0
1638.9007998092652	0.9999199999999746	epochs	1.0
1644.223000049591	8.000000002539309e-05	epochs	0.0
1644.223000049591	8.000000002539309e-05	epochs	1.0
1644.223080049591	3.2006400000000212	epochs	0.0
