onset	duration	nwb_table	treelevel
8.493000030517578	0.09999999999999964	epochs	0.0
8.493000030517578	0.04499999999999993	epochs	1.0
8.538000030517578	0.010004999999999598	epochs	1.0
8.548005030517578	0.04499500000000012	epochs	1.0
8.593000030517578	0.7049950000000003	epochs	0.0
8.593000030517578	0.5	epochs	-1.0
8.593000030517578	0.5	epochs	-1.0
8.593000030517578	0.5	epochs	1.0
9.093000030517578	0.0600000000000005	epochs	-1.0
9.093000030517578	0.025000000000000355	epochs	-1.0
9.093000030517578	0.025000000000000355	epochs	1.0
9.118000030517578	0.009999999999999787	epochs	-1.0
9.118000030517578	0.009999999999999787	epochs	1.0
9.128000030517578	0.025000000000000355	epochs	-1.0
9.128000030517578	0.025000000000000355	epochs	1.0
9.153000030517578	0.0600000000000005	epochs	-1.0
9.153000030517578	0.025000000000000355	epochs	-1.0
9.153000030517578	0.025000000000000355	epochs	1.0
9.178000030517579	0.009999999999999787	epochs	-1.0
9.178000030517579	0.009999999999999787	epochs	1.0
9.188000030517578	0.025000000000000355	epochs	-1.0
9.188000030517578	0.025000000000000355	epochs	1.0
9.213000030517579	0.05999999999999872	epochs	-1.0
9.213000030517579	0.02499999999999858	epochs	-1.0
9.213000030517579	0.02499999999999858	epochs	1.0
9.238000030517577	0.010000000000001563	epochs	-1.0
9.238000030517577	0.010000000000001563	epochs	1.0
9.248000030517579	0.02499999999999858	epochs	-1.0
9.248000030517579	0.02499999999999858	epochs	1.0
9.273000030517577	0.024995000000000545	epochs	1.0
313.0629997253418	0.10000000000002274	epochs	0.0
313.0629997253418	0.045000000000015916	epochs	1.0
313.1079997253418	0.010004999999978281	epochs	1.0
313.1180047253418	0.04499500000002854	epochs	1.0
313.1629997253418	0.7049949999999967	epochs	0.0
313.1629997253418	0.5	epochs	-1.0
313.1629997253418	0.5	epochs	1.0
313.6629997253418	0.060000000000002274	epochs	-1.0
313.6629997253418	0.024999999999977263	epochs	-1.0
313.6629997253418	0.024999999999977263	epochs	1.0
313.6879997253418	0.009999999999990905	epochs	-1.0
313.6879997253418	0.009999999999990905	epochs	1.0
313.6979997253418	0.025000000000034106	epochs	-1.0
313.6979997253418	0.025000000000034106	epochs	1.0
313.7229997253418	0.060000000000002274	epochs	-1.0
313.7229997253418	0.024999999999977263	epochs	-1.0
313.7229997253418	0.024999999999977263	epochs	1.0
313.7479997253418	0.009999999999990905	epochs	-1.0
313.7479997253418	0.009999999999990905	epochs	1.0
313.7579997253418	0.025000000000034106	epochs	-1.0
313.7579997253418	0.025000000000034106	epochs	1.0
313.7829997253418	0.05999999999994543	epochs	-1.0
313.7829997253418	0.024999999999977263	epochs	-1.0
313.7829997253418	0.024999999999977263	epochs	1.0
313.8079997253418	0.009999999999990905	epochs	-1.0
313.8079997253418	0.009999999999990905	epochs	1.0
313.8179997253418	0.024999999999977263	epochs	-1.0
313.8179997253418	0.024999999999977263	epochs	1.0
313.84299972534177	0.02499500000004673	epochs	1.0
385.02699995040894	0.10000000000002274	epochs	0.0
385.02699995040894	0.045000000000015916	epochs	1.0
385.07199995040895	0.010004999999978281	epochs	1.0
385.08200495040893	0.04499500000002854	epochs	1.0
385.12699995040896	61.384995	epochs	0.0
385.12699995040896	0.5	epochs	-1.0
385.12699995040896	0.5	epochs	-1.0
385.12699995040896	0.5	epochs	1.0
385.62699995040896	0.060000000000002274	epochs	-1.0
385.62699995040896	0.024999999999977263	epochs	-1.0
385.62699995040896	0.024999999999977263	epochs	1.0
385.65199995040894	0.009999999999990905	epochs	-1.0
385.65199995040894	0.009999999999990905	epochs	1.0
385.6619999504089	0.025000000000034106	epochs	-1.0
385.6619999504089	0.025000000000034106	epochs	1.0
385.68699995040896	0.060000000000002274	epochs	-1.0
385.68699995040896	0.024999999999977263	epochs	-1.0
385.68699995040896	0.024999999999977263	epochs	1.0
385.71199995040894	0.009999999999990905	epochs	-1.0
385.71199995040894	0.009999999999990905	epochs	1.0
385.72199995040893	0.025000000000034106	epochs	-1.0
385.72199995040893	0.025000000000034106	epochs	1.0
385.74699995040896	0.05999999999994543	epochs	-1.0
385.74699995040896	0.024999999999977263	epochs	-1.0
385.74699995040896	0.024999999999977263	epochs	1.0
385.77199995040894	0.009999999999990905	epochs	-1.0
385.77199995040894	0.009999999999990905	epochs	1.0
385.78199995040893	0.024999999999977263	epochs	-1.0
385.78199995040893	0.024999999999977263	epochs	1.0
385.8069999504089	60.0	epochs	1.0
445.8069999504089	0.5	epochs	-1.0
445.8069999504089	0.5	epochs	-1.0
445.8069999504089	0.5	epochs	1.0
446.3069999504089	0.06000000000005912	epochs	-1.0
446.3069999504089	0.025000000000034106	epochs	-1.0
446.3069999504089	0.025000000000034106	epochs	1.0
446.33199995040894	0.009999999999990905	epochs	-1.0
446.33199995040894	0.009999999999990905	epochs	1.0
446.34199995040893	0.025000000000034106	epochs	-1.0
446.34199995040893	0.025000000000034106	epochs	1.0
446.36699995040897	0.05999999999994543	epochs	-1.0
446.36699995040897	0.024999999999977263	epochs	-1.0
446.36699995040897	0.024999999999977263	epochs	1.0
446.39199995040894	0.009999999999990905	epochs	-1.0
446.39199995040894	0.009999999999990905	epochs	1.0
446.40199995040894	0.024999999999977263	epochs	-1.0
446.40199995040894	0.024999999999977263	epochs	1.0
446.4269999504089	0.060000000000002274	epochs	-1.0
446.4269999504089	0.025000000000034106	epochs	-1.0
446.4269999504089	0.025000000000034106	epochs	1.0
446.45199995040895	0.009999999999990905	epochs	-1.0
446.45199995040895	0.009999999999990905	epochs	1.0
446.46199995040894	0.024999999999977263	epochs	-1.0
446.46199995040894	0.024999999999977263	epochs	1.0
446.4869999504089	0.02499500000004673	epochs	1.0
487.18499994277954	0.10000000000002274	epochs	0.0
487.18499994277954	0.045000000000015916	epochs	1.0
487.22999994277956	0.010004999999978281	epochs	1.0
487.24000494277954	0.04499500000002854	epochs	1.0
487.28499994277956	0.7049949999999967	epochs	0.0
487.28499994277956	0.5	epochs	-1.0
487.28499994277956	0.5	epochs	-1.0
487.28499994277956	0.5	epochs	1.0
487.78499994277956	0.060000000000002274	epochs	-1.0
487.78499994277956	0.024999999999977263	epochs	-1.0
487.78499994277956	0.024999999999977263	epochs	1.0
487.80999994277954	0.009999999999990905	epochs	-1.0
487.80999994277954	0.009999999999990905	epochs	1.0
487.81999994277953	0.025000000000034106	epochs	-1.0
487.81999994277953	0.025000000000034106	epochs	1.0
487.84499994277957	0.060000000000002274	epochs	-1.0
487.84499994277957	0.024999999999977263	epochs	-1.0
487.84499994277957	0.024999999999977263	epochs	1.0
487.86999994277954	0.009999999999990905	epochs	-1.0
487.86999994277954	0.009999999999990905	epochs	1.0
487.87999994277953	0.025000000000034106	epochs	-1.0
487.87999994277953	0.025000000000034106	epochs	1.0
487.90499994277957	0.05999999999994543	epochs	-1.0
487.90499994277957	0.024999999999977263	epochs	-1.0
487.90499994277957	0.024999999999977263	epochs	1.0
487.92999994277955	0.009999999999990905	epochs	-1.0
487.92999994277955	0.009999999999990905	epochs	1.0
487.93999994277954	0.024999999999977263	epochs	-1.0
487.93999994277954	0.024999999999977263	epochs	1.0
487.9649999427795	0.02499500000004673	epochs	1.0
551.3810000419617	0.12436000000002423	epochs	0.0
551.3810000419617	0.05718000000001666	epochs	1.0
551.4381800419617	0.01001999999994041	epochs	1.0
551.4482000419616	0.05716000000006716	epochs	1.0
551.5053600419617	5.999979999999937	epochs	0.0
551.5053600419617	0.5	epochs	1.0
551.5053781419616	0.5	epochs	-1.0
551.5053781419616	0.5	epochs	-1.0
552.0053600419617	5.0	epochs	1.0
557.0053600419617	0.4999799999999368	epochs	1.0
557.0053781419616	0.4999619000000166	epochs	-1.0
565.816999912262	0.12436000000002423	epochs	0.0
565.816999912262	0.05718000000001666	epochs	1.0
565.874179912262	0.01001999999994041	epochs	1.0
565.8841999122619	0.05716000000006716	epochs	1.0
565.941359912262	5.999979999999937	epochs	0.0
565.941359912262	0.5	epochs	1.0
565.9413780122619	0.5	epochs	-1.0
565.9413780122619	0.5	epochs	-1.0
566.441359912262	5.0	epochs	1.0
571.441359912262	0.4999799999999368	epochs	1.0
571.4413780122619	0.4999619000000166	epochs	-1.0
578.0629997253418	0.12436000000002423	epochs	0.0
578.0629997253418	0.05718000000001666	epochs	1.0
578.1201797253418	0.01001999999994041	epochs	1.0
578.1301997253418	0.05716000000006716	epochs	1.0
578.1873597253418	2.53607999999997	epochs	0.0
578.1873597253418	0.5	epochs	1.0
578.1873778253417	0.5	epochs	-1.0
578.6873597253418	1.0	epochs	1.0
579.6873597253418	1.03607999999997	epochs	1.0
580.1873778253417	0.5	epochs	-1.0
580.7234397253418	0.9638999999999669	epochs	0.0
581.9159998893738	0.12436000000002423	epochs	0.0
581.9159998893738	0.05718000000001666	epochs	1.0
581.9731798893738	0.01001999999994041	epochs	1.0
581.9831998893737	0.05716000000006716	epochs	1.0
582.0403598893738	2.5357199999999693	epochs	0.0
582.0403598893738	0.5	epochs	1.0
582.0403779893737	0.5	epochs	-1.0
582.5403598893738	1.0	epochs	1.0
583.5403598893738	1.0357199999999693	epochs	1.0
584.0403779893737	0.5	epochs	-1.0
584.5760798893738	0.9642599999999675	epochs	0.0
585.731999874115	0.12436000000002423	epochs	0.0
585.731999874115	0.05718000000001666	epochs	1.0
585.789179874115	0.01001999999994041	epochs	1.0
585.799199874115	0.05716000000006716	epochs	1.0
585.856359874115	2.534719999999993	epochs	0.0
585.856359874115	0.5	epochs	1.0
585.8563779741149	0.5	epochs	-1.0
586.356359874115	1.0	epochs	1.0
587.356359874115	1.034719999999993	epochs	1.0
587.8563779741149	0.5	epochs	-1.0
588.391079874115	0.9652599999999438	epochs	0.0
589.6349997520447	0.12436000000002423	epochs	0.0
589.6349997520447	0.05718000000001666	epochs	1.0
589.6921797520447	0.01001999999994041	epochs	1.0
589.7021997520446	0.05716000000006716	epochs	1.0
589.7593597520447	2.5353000000000065	epochs	0.0
589.7593597520447	0.5	epochs	1.0
589.7593778520446	0.5	epochs	-1.0
590.2593597520447	1.0	epochs	1.0
591.2593597520447	1.0353000000000065	epochs	1.0
591.7593778520446	0.5	epochs	-1.0
592.2946597520447	0.9646799999999303	epochs	0.0
593.585000038147	0.12436000000002423	epochs	0.0
593.585000038147	0.05718000000001666	epochs	1.0
593.642180038147	0.01001999999994041	epochs	1.0
593.6522000381469	0.05716000000006716	epochs	1.0
593.709360038147	2.5356799999999566	epochs	0.0
593.709360038147	0.5	epochs	1.0
593.7093781381469	0.5	epochs	-1.0
594.209360038147	1.0	epochs	1.0
595.209360038147	1.0356799999999566	epochs	1.0
595.7093781381469	0.5	epochs	-1.0
596.245040038147	0.9642999999999802	epochs	0.0
597.585000038147	0.15297999999995682	epochs	0.0
597.585000038147	0.049999999999954525	epochs	1.0
597.6350000381469	0.0030000000000427463	epochs	1.0
597.638000038147	0.09997999999995955	epochs	1.0
599.1510000228882	0.15297999999995682	epochs	0.0
599.1510000228882	0.049999999999954525	epochs	1.0
599.2010000228881	0.0030000000000427463	epochs	1.0
599.2040000228882	0.09997999999995955	epochs	1.0
600.6619997024536	0.15297999999995682	epochs	0.0
600.6619997024536	0.049999999999954525	epochs	1.0
600.7119997024536	0.0030000000000427463	epochs	1.0
600.7149997024536	0.09997999999995955	epochs	1.0
602.2279996871948	0.15297999999995682	epochs	0.0
602.2279996871948	0.049999999999954525	epochs	1.0
602.2779996871948	0.0030000000000427463	epochs	1.0
602.2809996871948	0.09997999999995955	epochs	1.0
603.795000076294	0.15297999999995682	epochs	0.0
603.795000076294	0.049999999999954525	epochs	1.0
603.8450000762939	0.0030000000000427463	epochs	1.0
603.8480000762939	0.09997999999995955	epochs	1.0
605.3449997901917	0.15297999999995682	epochs	0.0
605.3449997901917	0.049999999999954525	epochs	1.0
605.3949997901916	0.0030000000000427463	epochs	1.0
605.3979997901916	0.09997999999995955	epochs	1.0
606.9119997024536	0.15297999999995682	epochs	0.0
606.9119997024536	0.049999999999954525	epochs	1.0
606.9619997024536	0.0030000000000427463	epochs	1.0
606.9649997024536	0.09997999999995955	epochs	1.0
608.4779996871948	0.15297999999995682	epochs	0.0
608.4779996871948	0.049999999999954525	epochs	1.0
608.5279996871948	0.0030000000000427463	epochs	1.0
608.5309996871948	0.09997999999995955	epochs	1.0
610.0149998664856	0.15297999999995682	epochs	0.0
610.0149998664856	0.049999999999954525	epochs	1.0
610.0649998664856	0.0030000000000427463	epochs	1.0
610.0679998664856	0.09997999999995955	epochs	1.0
611.6149997711182	0.15297999999995682	epochs	0.0
611.6149997711182	0.049999999999954525	epochs	1.0
611.6649997711181	0.0030000000000427463	epochs	1.0
611.6679997711182	0.09997999999995955	epochs	1.0
613.2149996757507	0.15297999999995682	epochs	0.0
613.2149996757507	0.049999999999954525	epochs	1.0
613.2649996757507	0.0030000000000427463	epochs	1.0
613.2679996757507	0.09997999999995955	epochs	1.0
614.8309998512268	0.15297999999995682	epochs	0.0
614.8309998512268	0.049999999999954525	epochs	1.0
614.8809998512268	0.0030000000000427463	epochs	1.0
614.8839998512268	0.09997999999995955	epochs	1.0
616.4980001449585	0.15297999999995682	epochs	0.0
616.4980001449585	0.049999999999954525	epochs	1.0
616.5480001449585	0.0030000000000427463	epochs	1.0
616.5510001449585	0.09997999999995955	epochs	1.0
618.1479997634888	0.15297999999995682	epochs	0.0
618.1479997634888	0.049999999999954525	epochs	1.0
618.1979997634887	0.0030000000000427463	epochs	1.0
618.2009997634888	0.09997999999995955	epochs	1.0
619.7979998588562	0.15297999999995682	epochs	0.0
619.7979998588562	0.049999999999954525	epochs	1.0
619.8479998588562	0.0030000000000427463	epochs	1.0
619.8509998588562	0.09997999999995955	epochs	1.0
621.5190000534058	0.15297999999995682	epochs	0.0
621.5190000534058	0.049999999999954525	epochs	1.0
621.5690000534057	0.0030000000000427463	epochs	1.0
621.5720000534058	0.09997999999995955	epochs	1.0
623.2030000686646	0.15297999999995682	epochs	0.0
623.2030000686646	0.049999999999954525	epochs	1.0
623.2530000686645	0.0030000000000427463	epochs	1.0
623.2560000686645	0.09997999999995955	epochs	1.0
624.9190001487732	0.15297999999995682	epochs	0.0
624.9190001487732	0.049999999999954525	epochs	1.0
624.9690001487731	0.0030000000000427463	epochs	1.0
624.9720001487732	0.09997999999995955	epochs	1.0
626.6859998703003	0.15297999999995682	epochs	0.0
626.6859998703003	0.049999999999954525	epochs	1.0
626.7359998703002	0.0030000000000427463	epochs	1.0
626.7389998703003	0.09997999999995955	epochs	1.0
628.5689997673035	0.15297999999995682	epochs	0.0
628.5689997673035	0.049999999999954525	epochs	1.0
628.6189997673034	0.0030000000000427463	epochs	1.0
628.6219997673035	0.09997999999995955	epochs	1.0
630.393000125885	0.15297999999995682	epochs	0.0
630.393000125885	0.049999999999954525	epochs	1.0
630.443000125885	0.0030000000000427463	epochs	1.0
630.446000125885	0.09997999999995955	epochs	1.0
632.210000038147	0.15297999999995682	epochs	0.0
632.210000038147	0.049999999999954525	epochs	1.0
632.2600000381469	0.0030000000000427463	epochs	1.0
632.263000038147	0.09997999999995955	epochs	1.0
634.0269999504089	0.15297999999995682	epochs	0.0
634.0269999504089	0.049999999999954525	epochs	1.0
634.0769999504089	0.0030000000000427463	epochs	1.0
634.0799999504089	0.09997999999995955	epochs	1.0
635.8769998550415	0.15297999999995682	epochs	0.0
635.8769998550415	0.049999999999954525	epochs	1.0
635.9269998550415	0.0030000000000427463	epochs	1.0
635.9299998550415	0.09997999999995955	epochs	1.0
637.7769999504089	0.15297999999995682	epochs	0.0
637.7769999504089	0.049999999999954525	epochs	1.0
637.8269999504089	0.0030000000000427463	epochs	1.0
637.8299999504089	0.09997999999995955	epochs	1.0
639.710000038147	0.15297999999995682	epochs	0.0
639.710000038147	0.049999999999954525	epochs	1.0
639.7600000381469	0.0030000000000427463	epochs	1.0
639.763000038147	0.09997999999995955	epochs	1.0
641.7589998245239	0.12436000000002423	epochs	0.0
641.7589998245239	0.05718000000001666	epochs	1.0
641.8161798245239	0.01001999999994041	epochs	1.0
641.8261998245239	0.05716000000006716	epochs	1.0
641.883359824524	1.515800000000013	epochs	0.0
641.883359824524	0.5	epochs	1.0
641.8833779245239	0.5	epochs	-1.0
642.383359824524	0.0029999999999290594	epochs	1.0
642.3863598245239	1.0128000000000839	epochs	1.0
642.8863779245239	0.5	epochs	-1.0
643.399159824524	0.08717999999998938	epochs	0.0
645.1760001182556	0.12436000000002423	epochs	0.0
645.1760001182556	0.05718000000001666	epochs	1.0
645.2331801182556	0.01001999999994041	epochs	1.0
645.2432001182556	0.05716000000006716	epochs	1.0
645.3003601182556	1.5353000000000065	epochs	0.0
645.3003601182556	0.5	epochs	1.0
645.3003782182556	0.5	epochs	-1.0
645.8003601182556	0.0029999999999290594	epochs	1.0
645.8033601182556	1.0323000000000775	epochs	1.0
646.3033782182556	0.5	epochs	-1.0
646.8356601182556	0.06767999999999574	epochs	0.0
648.5429997444153	0.6499800000000278	epochs	0.0
648.5429997444153	0.049999999999954525	epochs	1.0
648.5929997444152	0.5	epochs	1.0
649.0929997444152	0.09998000000007323	epochs	1.0
650.9119997024536	0.6499800000000278	epochs	0.0
650.9119997024536	0.049999999999954525	epochs	1.0
650.9619997024536	0.5	epochs	1.0
651.4619997024536	0.09998000000007323	epochs	1.0
653.295000076294	0.6499800000000278	epochs	0.0
653.295000076294	0.049999999999954525	epochs	1.0
653.3450000762939	0.5	epochs	1.0
653.8450000762939	0.09998000000007323	epochs	1.0
655.7279996871948	0.6499800000000278	epochs	0.0
655.7279996871948	0.049999999999954525	epochs	1.0
655.7779996871948	0.5	epochs	1.0
656.2779996871948	0.09998000000007323	epochs	1.0
658.0949997901917	0.6499800000000278	epochs	0.0
658.0949997901917	0.049999999999954525	epochs	1.0
658.1449997901916	0.5	epochs	1.0
658.6449997901916	0.09998000000007323	epochs	1.0
660.5120000839233	0.6499800000000278	epochs	0.0
660.5120000839233	0.049999999999954525	epochs	1.0
660.5620000839233	0.5	epochs	1.0
661.0620000839233	0.09998000000007323	epochs	1.0
663.003999710083	0.12436000000002423	epochs	0.0
663.003999710083	0.05718000000001666	epochs	1.0
663.061179710083	0.01001999999994041	epochs	1.0
663.071199710083	0.05716000000006716	epochs	1.0
663.128359710083	2.5354599999999436	epochs	0.0
663.128359710083	0.5	epochs	1.0
663.128377810083	0.5	epochs	-1.0
663.628359710083	1.0	epochs	1.0
664.628359710083	1.0354599999999436	epochs	1.0
665.128377810083	0.5	epochs	-1.0
665.663819710083	2.964519999999993	epochs	0.0
667.8199996948242	0.12436000000002423	epochs	0.0
667.8199996948242	0.05718000000001666	epochs	1.0
667.8771796948242	0.01001999999994041	epochs	1.0
667.8871996948242	0.05716000000006716	epochs	1.0
667.9443596948242	2.535419999999931	epochs	0.0
667.9443596948242	0.5	epochs	1.0
667.9443777948242	0.5	epochs	-1.0
668.4443596948242	1.0	epochs	1.0
669.4443596948242	1.035419999999931	epochs	1.0
669.9443777948242	0.5	epochs	-1.0
670.4797796948242	2.964560000000006	epochs	0.0
672.795000076294	0.12436000000002423	epochs	0.0
672.795000076294	0.05718000000001666	epochs	1.0
672.852180076294	0.01001999999994041	epochs	1.0
672.8622000762939	0.05716000000006716	epochs	1.0
672.919360076294	2.5358400000000074	epochs	0.0
672.919360076294	0.5	epochs	1.0
672.9193781762939	0.5	epochs	-1.0
673.419360076294	1.0	epochs	1.0
674.419360076294	1.0358400000000074	epochs	1.0
674.9193781762939	0.5	epochs	-1.0
675.455200076294	3.9641399999999294	epochs	0.0
677.295000076294	0.12436000000002423	epochs	0.0
677.295000076294	0.05718000000001666	epochs	1.0
677.352180076294	0.01001999999994041	epochs	1.0
677.3622000762939	0.05716000000006716	epochs	1.0
677.419360076294	2.535979999999995	epochs	0.0
677.419360076294	0.5	epochs	1.0
677.4193781762939	0.5	epochs	-1.0
677.919360076294	1.0	epochs	1.0
678.919360076294	1.035979999999995	epochs	1.0
679.4193781762939	0.5	epochs	-1.0
679.955340076294	3.963999999999942	epochs	0.0
681.8699998855591	0.12436000000002423	epochs	0.0
681.8699998855591	0.05718000000001666	epochs	1.0
681.9271798855591	0.01001999999994041	epochs	1.0
681.937199885559	0.05716000000006716	epochs	1.0
681.9943598855591	3.035759999999982	epochs	0.0
681.9943598855591	0.5	epochs	1.0
681.994377985559	0.5	epochs	-1.0
682.4943598855591	1.0	epochs	1.0
683.4943598855591	1.535759999999982	epochs	1.0
683.994377985559	0.5	epochs	-1.0
684.494377985559	0.5	epochs	-1.0
685.0301198855591	3.464219999999955	epochs	0.0
687.0539999008179	0.12436000000002423	epochs	0.0
687.0539999008179	0.05718000000001666	epochs	1.0
687.1111799008179	0.01001999999994041	epochs	1.0
687.1211999008178	0.05716000000006716	epochs	1.0
687.1783599008179	3.5352000000000317	epochs	0.0
687.1783599008179	0.5	epochs	1.0
687.1783780008178	0.5	epochs	-1.0
687.6783599008179	1.0	epochs	1.0
688.6783599008179	2.0352000000000317	epochs	1.0
689.1783780008178	0.5	epochs	-1.0
689.6783780008178	0.5	epochs	-1.0
690.1783780008178	0.5	epochs	-1.0
690.7135599008179	2.964779999999905	epochs	0.0
693.454999923706	0.12436000000002423	epochs	0.0
693.454999923706	0.05718000000001666	epochs	1.0
693.5121799237061	0.01001999999994041	epochs	1.0
693.522199923706	0.05716000000006716	epochs	1.0
693.5793599237061	0.5156399999999621	epochs	0.0
693.5793599237061	0.5	epochs	1.0
693.579378023706	0.5	epochs	-1.0
694.0793599237061	0.01563999999996213	epochs	1.0
694.094999923706	9.984339999999975	epochs	0.0
723.4260001182556	0.12436000000002423	epochs	0.0
723.4260001182556	0.05718000000001666	epochs	1.0
723.4831801182556	0.01001999999994041	epochs	1.0
723.4932001182556	0.05716000000006716	epochs	1.0
723.5503601182556	2.5350799999999936	epochs	0.0
723.5503601182556	0.5	epochs	1.0
723.5503782182556	0.5	epochs	-1.0
724.0503601182556	1.0	epochs	1.0
725.0503601182556	1.0350799999999936	epochs	1.0
725.5503782182556	0.5	epochs	-1.0
726.0854401182556	7.964899999999943	epochs	0.0
738.1500000953674	0.12436000000002423	epochs	0.0
738.1500000953674	0.05718000000001666	epochs	1.0
738.2071800953674	0.01001999999994041	epochs	1.0
738.2172000953674	0.05716000000006716	epochs	1.0
738.2743600953675	3.5352399999999307	epochs	0.0
738.2743600953675	0.5	epochs	1.0
738.2743781953674	0.5	epochs	-1.0
738.7743600953675	1.0	epochs	1.0
739.7743600953675	2.0352399999999307	epochs	1.0
740.2743781953674	0.5	epochs	-1.0
740.7743781953674	0.5	epochs	-1.0
741.2743781953674	0.5	epochs	-1.0
741.8096000953674	6.964740000000006	epochs	0.0
753.2020001411438	0.12436000000002423	epochs	0.0
753.2020001411438	0.05718000000001666	epochs	1.0
753.2591801411438	0.01001999999994041	epochs	1.0
753.2692001411438	0.05716000000006716	epochs	1.0
753.3263601411438	4.535979999999995	epochs	0.0
753.3263601411438	0.5	epochs	1.0
753.3263782411437	0.5	epochs	-1.0
753.8263601411438	1.0	epochs	1.0
754.8263601411438	3.035979999999995	epochs	1.0
755.3263782411437	0.5	epochs	-1.0
755.8263782411437	0.5	epochs	-1.0
756.3263782411437	0.5	epochs	-1.0
756.8263782411437	0.5	epochs	-1.0
757.3263782411437	0.5	epochs	-1.0
757.8623401411438	5.963999999999942	epochs	0.0
767.9590001106262	0.12436000000002423	epochs	0.0
767.9590001106262	0.05718000000001666	epochs	1.0
768.0161801106262	0.01001999999994041	epochs	1.0
768.0262001106262	0.05716000000006716	epochs	1.0
768.0833601106262	5.555939999999964	epochs	0.0
768.0833601106262	0.5	epochs	1.0
768.0833782106262	0.5	epochs	-1.0
768.5833601106262	1.0	epochs	1.0
769.5833601106262	4.055939999999964	epochs	1.0
770.0833782106262	0.5	epochs	-1.0
770.5833782106262	0.5	epochs	-1.0
771.0833782106262	0.5	epochs	-1.0
771.5833782106262	0.5	epochs	-1.0
772.0833782106262	0.5	epochs	-1.0
772.5833782106262	0.5	epochs	-1.0
773.0833782106262	0.5	epochs	-1.0
773.6393001106262	4.944039999999973	epochs	0.0
782.8670001029968	0.12436000000002423	epochs	0.0
782.8670001029968	0.05718000000001666	epochs	1.0
782.9241801029968	0.01001999999994041	epochs	1.0
782.9342001029968	0.05716000000006716	epochs	1.0
782.9913601029969	10.499979999999937	epochs	0.0
782.9913601029969	0.5	epochs	1.0
782.9913782029968	0.5	epochs	-1.0
783.4913601029969	1.0	epochs	1.0
784.4913601029969	8.999979999999937	epochs	1.0
784.9913782029968	0.5	epochs	-1.0
785.4913782029968	0.5	epochs	-1.0
785.9913782029968	0.5	epochs	-1.0
786.4913782029968	0.5	epochs	-1.0
786.9913782029968	0.5	epochs	-1.0
787.4913782029968	0.5	epochs	-1.0
787.9913782029968	0.5	epochs	-1.0
788.4913782029968	0.5	epochs	-1.0
788.9913782029968	0.5	epochs	-1.0
789.4913782029968	0.5	epochs	-1.0
789.9913782029968	0.5	epochs	-1.0
790.4913782029968	0.5	epochs	-1.0
790.9913782029968	0.5	epochs	-1.0
791.4913782029968	0.5	epochs	-1.0
791.9913782029968	0.5	epochs	-1.0
792.4913782029968	0.5	epochs	-1.0
798.191999912262	0.12436000000002423	epochs	0.0
798.191999912262	0.05718000000001666	epochs	1.0
798.249179912262	0.01001999999994041	epochs	1.0
798.2591999122619	0.05716000000006716	epochs	1.0
798.316359912262	8.516179999999963	epochs	0.0
798.316359912262	0.5	epochs	1.0
798.3163780122619	0.5	epochs	-1.0
798.816359912262	1.0	epochs	1.0
799.816359912262	7.016179999999963	epochs	1.0
800.3163780122619	0.5	epochs	-1.0
800.8163780122619	0.5	epochs	-1.0
801.3163780122619	0.5	epochs	-1.0
801.8163780122619	0.5	epochs	-1.0
802.3163780122619	0.5	epochs	-1.0
802.8163780122619	0.5	epochs	-1.0
803.3163780122619	0.5	epochs	-1.0
803.8163780122619	0.5	epochs	-1.0
804.3163780122619	0.5	epochs	-1.0
804.8163780122619	0.5	epochs	-1.0
805.3163780122619	0.5	epochs	-1.0
805.8163780122619	0.5	epochs	-1.0
806.3163780122619	0.5	epochs	-1.0
806.832539912262	1.9837999999999738	epochs	0.0
812.8489999771118	0.12436000000002423	epochs	0.0
812.8489999771118	0.05718000000001666	epochs	1.0
812.9061799771118	0.01001999999994041	epochs	1.0
812.9161999771118	0.05716000000006716	epochs	1.0
812.9733599771118	10.499979999999937	epochs	0.0
812.9733599771118	0.5	epochs	1.0
812.9733780771118	0.5	epochs	-1.0
813.4733599771118	1.0	epochs	1.0
814.4733599771118	8.999979999999937	epochs	1.0
814.9733780771118	0.5	epochs	-1.0
815.4733780771118	0.5	epochs	-1.0
815.9733780771118	0.5	epochs	-1.0
816.4733780771118	0.5	epochs	-1.0
816.9733780771118	0.5	epochs	-1.0
817.4733780771118	0.5	epochs	-1.0
817.9733780771118	0.5	epochs	-1.0
818.4733780771118	0.5	epochs	-1.0
818.9733780771118	0.5	epochs	-1.0
819.4733780771118	0.5	epochs	-1.0
819.9733780771118	0.5	epochs	-1.0
820.4733780771118	0.5	epochs	-1.0
820.9733780771118	0.5	epochs	-1.0
821.4733780771118	0.5	epochs	-1.0
821.9733780771118	0.5	epochs	-1.0
822.4733780771118	0.5	epochs	-1.0
828.1380000114441	0.12436000000002423	epochs	0.0
828.1380000114441	0.05718000000001666	epochs	1.0
828.1951800114441	0.01001999999994041	epochs	1.0
828.205200011444	0.05716000000006716	epochs	1.0
828.2623600114441	10.499979999999937	epochs	0.0
828.2623600114441	0.5	epochs	1.0
828.262378111444	0.5	epochs	-1.0
828.7623600114441	1.0	epochs	1.0
829.7623600114441	8.999979999999937	epochs	1.0
830.262378111444	0.5	epochs	-1.0
830.762378111444	0.5	epochs	-1.0
831.262378111444	0.5	epochs	-1.0
831.762378111444	0.5	epochs	-1.0
832.262378111444	0.5	epochs	-1.0
832.762378111444	0.5	epochs	-1.0
833.262378111444	0.5	epochs	-1.0
833.762378111444	0.5	epochs	-1.0
834.262378111444	0.5	epochs	-1.0
834.762378111444	0.5	epochs	-1.0
835.262378111444	0.5	epochs	-1.0
835.762378111444	0.5	epochs	-1.0
836.262378111444	0.5	epochs	-1.0
836.762378111444	0.5	epochs	-1.0
837.262378111444	0.5	epochs	-1.0
837.762378111444	0.5	epochs	-1.0
842.9670000076294	0.12436000000002423	epochs	0.0
842.9670000076294	0.05718000000001666	epochs	1.0
843.0241800076294	0.01001999999994041	epochs	1.0
843.0342000076294	0.05716000000006716	epochs	1.0
843.0913600076294	9.036119999999983	epochs	0.0
843.0913600076294	0.5	epochs	1.0
843.0913781076293	0.5	epochs	-1.0
843.5913600076294	1.0	epochs	1.0
844.5913600076294	7.536119999999983	epochs	1.0
845.0913781076293	0.5	epochs	-1.0
845.5913781076293	0.5	epochs	-1.0
846.0913781076293	0.5	epochs	-1.0
846.5913781076293	0.5	epochs	-1.0
847.0913781076293	0.5	epochs	-1.0
847.5913781076293	0.5	epochs	-1.0
848.0913781076293	0.5	epochs	-1.0
848.5913781076293	0.5	epochs	-1.0
849.0913781076293	0.5	epochs	-1.0
849.5913781076293	0.5	epochs	-1.0
850.0913781076293	0.5	epochs	-1.0
850.5913781076293	0.5	epochs	-1.0
851.0913781076293	0.5	epochs	-1.0
851.5913781076293	0.5	epochs	-1.0
852.1274800076294	1.4638599999999542	epochs	0.0
858.0859999656677	0.12436000000002423	epochs	0.0
858.0859999656677	0.05718000000001666	epochs	1.0
858.1431799656677	0.01001999999994041	epochs	1.0
858.1531999656677	0.05716000000006716	epochs	1.0
858.2103599656677	10.499979999999937	epochs	0.0
858.2103599656677	0.5	epochs	1.0
858.2103780656677	0.5	epochs	-1.0
858.7103599656677	1.0	epochs	1.0
859.7103599656677	8.999979999999937	epochs	1.0
860.2103780656677	0.5	epochs	-1.0
860.7103780656677	0.5	epochs	-1.0
861.2103780656677	0.5	epochs	-1.0
861.7103780656677	0.5	epochs	-1.0
862.2103780656677	0.5	epochs	-1.0
862.7103780656677	0.5	epochs	-1.0
863.2103780656677	0.5	epochs	-1.0
863.7103780656677	0.5	epochs	-1.0
864.2103780656677	0.5	epochs	-1.0
864.7103780656677	0.5	epochs	-1.0
865.2103780656677	0.5	epochs	-1.0
865.7103780656677	0.5	epochs	-1.0
866.2103780656677	0.5	epochs	-1.0
866.7103780656677	0.5	epochs	-1.0
867.2103780656677	0.5	epochs	-1.0
867.7103780656677	0.5	epochs	-1.0
872.9279999732971	0.12436000000002423	epochs	0.0
872.9279999732971	0.05718000000001666	epochs	1.0
872.9851799732971	0.01001999999994041	epochs	1.0
872.9951999732971	0.05716000000006716	epochs	1.0
873.0523599732971	0.5153799999999364	epochs	0.0
873.0523599732971	0.5	epochs	1.0
873.0523780732971	0.5	epochs	-1.0
873.5523599732971	0.015379999999936445	epochs	1.0
873.5677399732971	9.9846	epochs	0.0
902.896999835968	0.12436000000002423	epochs	0.0
902.896999835968	0.05718000000001666	epochs	1.0
902.954179835968	0.01001999999994041	epochs	1.0
902.964199835968	0.05716000000006716	epochs	1.0
903.021359835968	10.499979999999937	epochs	0.0
903.021359835968	0.5	epochs	1.0
903.021377935968	0.5	epochs	-1.0
903.521359835968	1.0	epochs	1.0
904.521359835968	8.999979999999937	epochs	1.0
905.021377935968	0.5	epochs	-1.0
905.521377935968	0.5	epochs	-1.0
906.021377935968	0.5	epochs	-1.0
906.521377935968	0.5	epochs	-1.0
907.021377935968	0.5	epochs	-1.0
907.521377935968	0.5	epochs	-1.0
908.021377935968	0.5	epochs	-1.0
908.521377935968	0.5	epochs	-1.0
909.021377935968	0.5	epochs	-1.0
909.521377935968	0.5	epochs	-1.0
910.021377935968	0.5	epochs	-1.0
910.521377935968	0.5	epochs	-1.0
911.021377935968	0.5	epochs	-1.0
911.521377935968	0.5	epochs	-1.0
912.021377935968	0.5	epochs	-1.0
912.521377935968	0.5	epochs	-1.0
917.8629999160767	0.12436000000002423	epochs	0.0
917.8629999160767	0.05718000000001666	epochs	1.0
917.9201799160767	0.01001999999994041	epochs	1.0
917.9301999160766	0.05716000000006716	epochs	1.0
917.9873599160767	8.014839999999936	epochs	0.0
917.9873599160767	0.5	epochs	1.0
917.9873780160766	0.5	epochs	-1.0
918.4873599160767	1.0	epochs	1.0
919.4873599160767	6.514839999999936	epochs	1.0
919.9873780160766	0.5	epochs	-1.0
920.4873780160766	0.5	epochs	-1.0
920.9873780160766	0.5	epochs	-1.0
921.4873780160766	0.5	epochs	-1.0
921.9873780160766	0.5	epochs	-1.0
922.4873780160766	0.5	epochs	-1.0
922.9873780160766	0.5	epochs	-1.0
923.4873780160766	0.5	epochs	-1.0
923.9873780160766	0.5	epochs	-1.0
924.4873780160766	0.5	epochs	-1.0
924.9873780160766	0.5	epochs	-1.0
925.4873780160766	0.5	epochs	-1.0
926.0021999160766	2.4851400000000012	epochs	0.0
932.9809999465942	0.12436000000002423	epochs	0.0
932.9809999465942	0.05718000000001666	epochs	1.0
933.0381799465943	0.01001999999994041	epochs	1.0
933.0481999465942	0.05716000000006716	epochs	1.0
933.1053599465943	6.514940000000024	epochs	0.0
933.1053599465943	0.5	epochs	1.0
933.1053780465942	0.5	epochs	-1.0
933.6053599465943	1.0	epochs	1.0
934.6053599465943	5.014940000000024	epochs	1.0
935.1053780465942	0.5	epochs	-1.0
935.6053780465942	0.5	epochs	-1.0
936.1053780465942	0.5	epochs	-1.0
936.6053780465942	0.5	epochs	-1.0
937.1053780465942	0.5	epochs	-1.0
937.6053780465942	0.5	epochs	-1.0
938.1053780465942	0.5	epochs	-1.0
938.6053780465942	0.5	epochs	-1.0
939.1053780465942	0.5	epochs	-1.0
939.6202999465943	3.9850399999999127	epochs	0.0
948.5729999542236	0.12436000000002423	epochs	0.0
948.5729999542236	0.05718000000001666	epochs	1.0
948.6301799542236	0.01001999999994041	epochs	1.0
948.6401999542236	0.05716000000006716	epochs	1.0
948.6973599542237	9.535799999999995	epochs	0.0
948.6973599542237	0.5	epochs	1.0
948.6973780542236	0.5	epochs	-1.0
949.1973599542237	1.0	epochs	1.0
950.1973599542237	8.035799999999995	epochs	1.0
950.6973780542236	0.5	epochs	-1.0
951.1973780542236	0.5	epochs	-1.0
951.6973780542236	0.5	epochs	-1.0
952.1973780542236	0.5	epochs	-1.0
952.6973780542236	0.5	epochs	-1.0
953.1973780542236	0.5	epochs	-1.0
953.6973780542236	0.5	epochs	-1.0
954.1973780542236	0.5	epochs	-1.0
954.6973780542236	0.5	epochs	-1.0
955.1973780542236	0.5	epochs	-1.0
955.6973780542236	0.5	epochs	-1.0
956.1973780542236	0.5	epochs	-1.0
956.6973780542236	0.5	epochs	-1.0
957.1973780542236	0.5	epochs	-1.0
957.6973780542236	0.5	epochs	-1.0
958.2331599542237	0.9641799999999421	epochs	0.0
963.5050001144409	0.12436000000002423	epochs	0.0
963.5050001144409	0.05718000000001666	epochs	1.0
963.5621801144409	0.01001999999994041	epochs	1.0
963.5722001144409	0.05716000000006716	epochs	1.0
963.6293601144409	10.499979999999937	epochs	0.0
963.6293601144409	0.5	epochs	1.0
963.6293782144409	0.5	epochs	-1.0
964.1293601144409	1.0	epochs	1.0
965.1293601144409	8.999979999999937	epochs	1.0
965.6293782144409	0.5	epochs	-1.0
966.1293782144409	0.5	epochs	-1.0
966.6293782144409	0.5	epochs	-1.0
967.1293782144409	0.5	epochs	-1.0
967.6293782144409	0.5	epochs	-1.0
968.1293782144409	0.5	epochs	-1.0
968.6293782144409	0.5	epochs	-1.0
969.1293782144409	0.5	epochs	-1.0
969.6293782144409	0.5	epochs	-1.0
970.1293782144409	0.5	epochs	-1.0
970.6293782144409	0.5	epochs	-1.0
971.1293782144409	0.5	epochs	-1.0
971.6293782144409	0.5	epochs	-1.0
972.1293782144409	0.5	epochs	-1.0
972.6293782144409	0.5	epochs	-1.0
973.1293782144409	0.5	epochs	-1.0
978.7170000076294	0.12436000000002423	epochs	0.0
978.7170000076294	0.05718000000001666	epochs	1.0
978.7741800076294	0.01001999999994041	epochs	1.0
978.7842000076294	0.05716000000006716	epochs	1.0
978.8413600076294	6.515599999999949	epochs	0.0
978.8413600076294	0.5	epochs	1.0
978.8413781076293	0.5	epochs	-1.0
979.3413600076294	1.0	epochs	1.0
980.3413600076294	5.015599999999949	epochs	1.0
980.8413781076293	0.5	epochs	-1.0
981.3413781076293	0.5	epochs	-1.0
981.8413781076293	0.5	epochs	-1.0
982.3413781076293	0.5	epochs	-1.0
982.8413781076293	0.5	epochs	-1.0
983.3413781076293	0.5	epochs	-1.0
983.8413781076293	0.5	epochs	-1.0
984.3413781076293	0.5	epochs	-1.0
984.8413781076293	0.5	epochs	-1.0
985.3569600076294	3.9843799999999874	epochs	0.0
994.3919997215271	0.12436000000002423	epochs	0.0
994.3919997215271	0.05718000000001666	epochs	1.0
994.4491797215271	0.01001999999994041	epochs	1.0
994.459199721527	0.05716000000006716	epochs	1.0
994.5163597215271	3.0345399999999927	epochs	0.0
994.5163597215271	0.5	epochs	1.0
994.516377821527	0.5	epochs	-1.0
995.0163597215271	1.0	epochs	1.0
996.0163597215271	1.5345399999999927	epochs	1.0
996.516377821527	0.5	epochs	-1.0
997.016377821527	0.5	epochs	-1.0
997.5508997215271	7.465439999999944	epochs	0.0
1009.8889999389648	0.12436000000002423	epochs	0.0
1009.8889999389648	0.05718000000001666	epochs	1.0
1009.9461799389649	0.01001999999994041	epochs	1.0
1009.9561999389648	0.05716000000006716	epochs	1.0
1010.0133599389649	0.5144999999999982	epochs	0.0
1010.0133599389649	0.5	epochs	1.0
1010.0133780389648	0.5	epochs	-1.0
1010.5133599389649	0.014499999999998181	epochs	1.0
1010.5278599389649	9.985479999999939	epochs	0.0
1039.7079997062683	0.12436000000002423	epochs	0.0
1039.7079997062683	0.05718000000001666	epochs	1.0
1039.7651797062683	0.01001999999994041	epochs	1.0
1039.7751997062683	0.05716000000006716	epochs	1.0
1039.8323597062683	8.656099999999924	epochs	0.0
1039.8323597062683	0.5	epochs	1.0
1039.8323778062684	0.5	epochs	-1.0
1040.3323597062683	8.156099999999924	epochs	1.0
1047.4883597062683	1.000099999999975	epochs	-1.0
1047.4883597062683	0.039559999999937645	epochs	-1.0
1047.9858778062683	0.5	epochs	-1.0
1048.4884597062683	10.843880000000127	epochs	0.0
1052.4449996948242	0.12436000000002423	epochs	0.0
1052.4449996948242	0.05718000000001666	epochs	1.0
1052.5021796948242	0.01001999999994041	epochs	1.0
1052.5121996948242	0.05716000000006716	epochs	1.0
1052.5693596948242	19.49998000000005	epochs	0.0
1052.5693596948242	0.5	epochs	1.0
1052.5693777948243	0.5	epochs	-1.0
1053.0693596948242	16.0	epochs	1.0
1061.7250996948242	10.344240000000127	epochs	-1.0
1061.7250996948242	0.03917999999998756	epochs	-1.0
1062.2226177948241	0.5	epochs	-1.0
1062.7226177948241	0.5	epochs	-1.0
1063.2226177948241	0.5	epochs	-1.0
1063.7226177948241	0.5	epochs	-1.0
1064.2226177948241	0.5	epochs	-1.0
1064.7226177948241	0.5	epochs	-1.0
1065.2226177948241	0.5	epochs	-1.0
1065.7226177948241	0.5	epochs	-1.0
1066.2226177948241	0.5	epochs	-1.0
1066.7226177948241	0.5	epochs	-1.0
1067.2226177948241	0.5	epochs	-1.0
1067.7226177948241	0.5	epochs	-1.0
1068.2226177948241	0.5	epochs	-1.0
1068.7226177948241	0.5	epochs	-1.0
1069.0693596948242	2.9999800000000505	epochs	1.0
1069.2226177948241	0.5	epochs	-1.0
1069.7226177948241	0.5	epochs	-1.0
1070.2226177948241	0.5	epochs	-1.0
1070.7226177948241	0.5	epochs	-1.0
1071.2226177948241	0.5	epochs	-1.0
1076.5629997253418	0.12436000000002423	epochs	0.0
1076.5629997253418	0.05718000000001666	epochs	1.0
1076.6201797253418	0.01001999999994041	epochs	1.0
1076.6301997253418	0.05716000000006716	epochs	1.0
1076.6873597253418	0.5162199999999757	epochs	0.0
1076.6873597253418	0.5	epochs	1.0
1076.6873778253419	0.5	epochs	-1.0
1077.1873597253418	0.0162199999999757	epochs	1.0
1077.2035797253418	18.983760000000075	epochs	0.0
1105.8379998207092	0.12436000000002423	epochs	0.0
1105.8379998207092	0.05718000000001666	epochs	1.0
1105.8951798207092	0.01001999999994041	epochs	1.0
1105.9051998207092	0.05716000000006716	epochs	1.0
1105.9623598207093	10.873620000000074	epochs	0.0
1105.9623598207093	0.5	epochs	1.0
1105.9623779207093	0.5	epochs	-1.0
1106.4623598207093	10.373620000000074	epochs	1.0
1115.8370398207092	0.9989400000001751	epochs	-1.0
1115.8370398207092	0.038780000000087966	epochs	-1.0
1116.3345579207091	0.5	epochs	-1.0
1116.8359798207093	8.626359999999977	epochs	0.0
1120.3329997062683	0.12436000000002423	epochs	0.0
1120.3329997062683	0.05718000000001666	epochs	1.0
1120.3901797062683	0.01001999999994041	epochs	1.0
1120.4001997062683	0.05716000000006716	epochs	1.0
1120.4573597062683	11.415739999999914	epochs	0.0
1120.4573597062683	0.5	epochs	1.0
1120.4573778062684	0.5	epochs	-1.0
1120.9573597062683	10.915739999999914	epochs	1.0
1130.8733797062682	0.9997200000000248	epochs	-1.0
1130.8733797062682	0.03968000000008942	epochs	-1.0
1131.3708978062682	0.5	epochs	-1.0
1131.8730997062682	8.084240000000136	epochs	0.0
1135.638000011444	0.12436000000002423	epochs	0.0
1135.638000011444	0.05718000000001666	epochs	1.0
1135.695180011444	0.01001999999994041	epochs	1.0
1135.705200011444	0.05716000000006716	epochs	1.0
1135.7623600114441	14.096559999999954	epochs	0.0
1135.7623600114441	0.5	epochs	1.0
1135.7623781114441	0.5	epochs	-1.0
1136.2623600114441	13.596559999999954	epochs	1.0
1148.8583400114442	1.0005799999998999	epochs	-1.0
1148.8583400114442	0.03991999999993823	epochs	-1.0
1149.355018111444	0.5	epochs	-1.0
1149.858920011444	5.4034200000000965	epochs	0.0
1153.5329999923706	0.12436000000002423	epochs	0.0
1153.5329999923706	0.05718000000001666	epochs	1.0
1153.5901799923706	0.01001999999994041	epochs	1.0
1153.6001999923706	0.05716000000006716	epochs	1.0
1153.6573599923706	17.535480000000007	epochs	0.0
1153.6573599923706	0.5	epochs	1.0
1153.6573780923707	0.5	epochs	-1.0
1154.1573599923706	16.0	epochs	1.0
1170.1573599923706	1.0354800000000068	epochs	1.0
1170.6523780923706	0.5	epochs	-1.0
1171.1928399923706	1.9645000000000437	epochs	0.0
1175.0419998168945	0.12436000000002423	epochs	0.0
1175.0419998168945	0.05718000000001666	epochs	1.0
1175.0991798168945	0.01001999999994041	epochs	1.0
1175.1091998168945	0.05716000000006716	epochs	1.0
1175.1663598168946	17.53435999999988	epochs	0.0
1175.1663598168946	0.5	epochs	1.0
1175.1663779168946	0.5	epochs	-1.0
1175.6663598168946	16.0	epochs	1.0
1191.6663598168946	1.0343599999998787	epochs	1.0
1192.1563779168946	0.5	epochs	-1.0
1192.7007198168944	1.9656200000001718	epochs	0.0
1225.585000038147	0.12431999999989785	epochs	0.0
1225.585000038147	0.057119999999940774	epochs	1.0
1225.642120038147	0.010080000000016298	epochs	1.0
1225.652200038147	0.057119999999940774	epochs	1.0
1225.7093200381469	2.0	epochs	0.0
1227.7093200381469	1.7352000000000771	epochs	0.0
1227.7093200381469	1.0	epochs	1.0
1227.709378138147	0.5	epochs	-1.0
1228.209378138147	1.2351418999999169	epochs	-1.0
1228.7093200381469	0.7352000000000771	epochs	1.0
1228.7093200381469	8.000000002539309e-05	epochs	2.0
1228.709400038147	0.7351200000000517	epochs	-1.0
1228.709400038147	0.7351200000000517	epochs	2.0
1228.709400038147	0.7351200000000517	epochs	3.0
1229.444520038147	20.264720000000125	epochs	0.0
1233.869999885559	0.12431999999989785	epochs	0.0
1233.869999885559	0.057119999999940774	epochs	1.0
1233.927119885559	0.010080000000016298	epochs	1.0
1233.937199885559	0.057119999999940774	epochs	1.0
1233.994319885559	2.0	epochs	0.0
1235.994319885559	1.6760800000001836	epochs	0.0
1235.994319885559	1.0	epochs	1.0
1235.9943779855591	0.5	epochs	-1.0
1236.4943779855591	1.1760219000000234	epochs	-1.0
1236.994319885559	0.6760800000001836	epochs	1.0
1236.994319885559	8.000000002539309e-05	epochs	2.0
1236.994399885559	0.6760000000001583	epochs	-1.0
1236.994399885559	0.6760000000001583	epochs	2.0
1236.994399885559	0.6760000000001583	epochs	3.0
1237.6703998855592	20.32384000000002	epochs	0.0
1241.5879998207092	0.12431999999989785	epochs	0.0
1241.5879998207092	0.057119999999940774	epochs	1.0
1241.6451198207092	0.010080000000016298	epochs	1.0
1241.6551998207092	0.057119999999940774	epochs	1.0
1241.7123198207091	2.0	epochs	0.0
1243.7123198207091	0.6349600000000919	epochs	0.0
1243.7123198207091	0.6349600000000919	epochs	1.0
1243.7123779207093	0.5	epochs	-1.0
1244.2123779207093	0.13490189999993163	epochs	-1.0
1244.3472798207092	21.36496000000011	epochs	0.0
1248.2659997940063	0.12431999999989785	epochs	0.0
1248.2659997940063	0.057119999999940774	epochs	1.0
1248.3231197940063	0.010080000000016298	epochs	1.0
1248.3331997940063	0.057119999999940774	epochs	1.0
1248.3903197940062	2.0	epochs	0.0
1250.3903197940062	0.5355200000001332	epochs	0.0
1250.3903197940062	0.5355200000001332	epochs	1.0
1250.3903778940064	0.5	epochs	-1.0
1250.8903778940064	0.03546189999997296	epochs	-1.0
1250.9258397940064	21.46440000000007	epochs	0.0
1254.9829998016357	0.12431999999989785	epochs	0.0
1254.9829998016357	0.057119999999940774	epochs	1.0
1255.0401198016357	0.010080000000016298	epochs	1.0
1255.0501998016357	0.057119999999940774	epochs	1.0
1255.1073198016356	2.0	epochs	0.0
1257.1073198016356	0.5352000000000317	epochs	0.0
1257.1073198016356	0.5352000000000317	epochs	1.0
1257.1073779016358	0.5	epochs	-1.0
1257.6073779016358	0.035141899999871384	epochs	-1.0
1257.6425198016357	21.46472000000017	epochs	0.0
1261.673999786377	0.12431999999989785	epochs	0.0
1261.673999786377	0.057119999999940774	epochs	1.0
1261.731119786377	0.010080000000016298	epochs	1.0
1261.741199786377	0.057119999999940774	epochs	1.0
1261.7983197863769	2.0	epochs	0.0
1263.7983197863769	20.335200000000214	epochs	0.0
1263.7983197863769	1.0	epochs	1.0
1263.798377886377	0.5	epochs	-1.0
1264.298377886377	19.835141900000053	epochs	-1.0
1264.7983197863769	19.335200000000214	epochs	1.0
1264.7983197863769	8.000000002539309e-05	epochs	2.0
1264.7983997863769	4.356719999999996	epochs	-1.0
1264.7983997863769	1.9745600000001104	epochs	2.0
1264.7983997863769	1.098560000000134	epochs	3.0
1265.896959786377	0.8759999999999764	epochs	3.0
1266.772959786377	1.3523999999999887	epochs	2.0
1266.772959786377	0.7286400000000413	epochs	3.0
1267.501599786377	0.6237599999999475	epochs	3.0
1268.125359786377	1.0297599999998965	epochs	2.0
1268.125359786377	0.5453600000000733	epochs	3.0
1268.670719786377	0.4843999999998232	epochs	3.0
1269.1551197863769	0.8317600000000311	epochs	2.0
1269.1551197863769	0.435760000000073	epochs	3.0
1269.590879786377	0.39599999999995816	epochs	3.0
1269.986879786377	0.697840000000042	epochs	2.0
1269.986879786377	0.362880000000132	epochs	3.0
1270.349759786377	0.33495999999991	epochs	3.0
1270.684719786377	0.6010400000000118	epochs	2.0
1270.684719786377	0.3108799999999974	epochs	3.0
1270.995599786377	0.2901600000000144	epochs	3.0
1271.285759786377	0.5278399999999692	epochs	2.0
1271.285759786377	0.2719199999999091	epochs	3.0
1271.5576797863769	0.2559200000000601	epochs	3.0
1271.813599786377	0.47064000000000306	epochs	2.0
1271.813599786377	0.2416800000000876	epochs	3.0
1272.055279786377	0.22895999999991545	epochs	3.0
1272.284239786377	0.42455999999992855	epochs	2.0
1272.284239786377	0.2174400000001242	epochs	3.0
1272.501679786377	0.20711999999980435	epochs	3.0
1272.7087997863769	0.3867200000001958	epochs	2.0
1272.7087997863769	0.1976799999999912	epochs	3.0
1272.9064797863768	0.1890400000002046	epochs	3.0
1273.095519786377	0.3551199999999426	epochs	2.0
1273.095519786377	0.1811999999999898	epochs	3.0
1273.276719786377	0.17391999999995278	epochs	3.0
1273.450639786377	0.3282400000000507	epochs	2.0
1273.450639786377	0.16719999999986612	epochs	3.0
1273.6178397863769	0.1610400000001846	epochs	3.0
1273.778879786377	0.30520000000001346	epochs	2.0
1273.778879786377	0.1552799999999479	epochs	3.0
1273.934159786377	0.14992000000006556	epochs	3.0
1274.084079786377	0.28512000000000626	epochs	2.0
1274.084079786377	0.14487999999983003	epochs	3.0
1274.228959786377	0.14024000000017622	epochs	3.0
1274.369199786377	0.26751999999987675	epochs	2.0
1274.369199786377	0.13583999999991647	epochs	3.0
1274.505039786377	0.13167999999996027	epochs	3.0
1274.636719786377	0.2520799999999781	epochs	2.0
1274.636719786377	0.12784000000010565	epochs	3.0
1274.764559786377	0.12423999999987245	epochs	3.0
1274.888799786377	0.23816000000010717	epochs	2.0
1274.888799786377	0.1207200000001194	epochs	3.0
1275.009519786377	0.11743999999998778	epochs	3.0
1275.126959786377	0.22583999999983462	epochs	2.0
1275.126959786377	0.11439999999993233	epochs	3.0
1275.241359786377	0.11143999999990228	epochs	3.0
1275.3527997863769	0.21464000000014494	epochs	2.0
1275.3527997863769	0.1086400000001504	epochs	3.0
1275.461439786377	0.10599999999999454	epochs	3.0
1275.567439786377	0.20447999999987587	epochs	2.0
1275.567439786377	0.10343999999986409	epochs	3.0
1275.6708797863769	0.10104000000001179	epochs	3.0
1275.7719197863769	0.1953600000001643	epochs	2.0
1275.7719197863769	0.0987999999999829	epochs	3.0
1275.8707197863769	0.09656000000018139	epochs	3.0
1275.967279786377	0.18695999999999913	epochs	2.0
1275.967279786377	0.09447999999997592	epochs	3.0
1276.061759786377	0.09248000000002321	epochs	3.0
1276.154239786377	0.17919999999980973	epochs	2.0
1276.154239786377	0.09047999999984313	epochs	3.0
1276.244719786377	0.0887199999999666	epochs	3.0
1276.3334397863769	0.17208000000005086	epochs	2.0
1276.3334397863769	0.08688000000006468	epochs	3.0
1276.420319786377	0.08519999999998618	epochs	3.0
1276.505519786377	0.165520000000015	epochs	2.0
1276.505519786377	0.08359999999993306	epochs	3.0
1276.5891197863768	0.08192000000008193	epochs	3.0
1276.671039786377	0.1595199999999295	epochs	2.0
1276.671039786377	0.0804800000000796	epochs	3.0
1276.751519786377	0.0790399999998499	epochs	3.0
1276.8305597863769	0.15376000000014756	epochs	2.0
1276.8305597863769	0.07760000000007494	epochs	3.0
1276.908159786377	0.07616000000007261	epochs	3.0
1276.984319786377	0.14855999999986125	epochs	2.0
1276.984319786377	0.07495999999991909	epochs	3.0
1277.059279786377	0.07359999999994216	epochs	3.0
1277.1328797863769	0.14368000000013126	epochs	2.0
1277.1328797863769	0.0724800000000414	epochs	3.0
1277.205359786377	0.07120000000008986	epochs	3.0
1277.276559786377	0.1390400000000227	epochs	2.0
1277.276559786377	0.07007999999996173	epochs	3.0
1277.346639786377	0.06896000000006097	epochs	3.0
1277.415599786377	0.13472000000001572	epochs	2.0
1277.415599786377	0.06791999999995824	epochs	3.0
1277.483519786377	0.06680000000005748	epochs	3.0
1277.550319786377	0.13071999999988293	epochs	2.0
1277.550319786377	0.06583999999998014	epochs	3.0
1277.616159786377	0.0648799999999028	epochs	3.0
1277.681039786377	0.1268000000000029	epochs	2.0
1277.681039786377	0.06384000000002743	epochs	3.0
1277.744879786377	0.06295999999997548	epochs	3.0
1277.807839786377	0.12328000000002248	epochs	2.0
1277.807839786377	0.0620800000001509	epochs	3.0
1277.869919786377	0.06119999999987158	epochs	3.0
1277.931119786377	0.11984000000006745	epochs	2.0
1277.931119786377	0.060320000000047	epochs	3.0
1277.991439786377	0.059520000000020445	epochs	3.0
1278.050959786377	0.11663999999996122	epochs	2.0
1278.050959786377	0.05871999999999389	epochs	3.0
1278.109679786377	0.05791999999996733	epochs	3.0
1278.167599786377	0.11359999999990578	epochs	2.0
1278.167599786377	0.05719999999996617	epochs	3.0
1278.224799786377	0.05639999999993961	epochs	3.0
1278.2811997863769	0.1107200000001285	epochs	2.0
1278.2811997863769	0.05568000000016582	epochs	3.0
1278.336879786377	0.055039999999962674	epochs	3.0
1278.391919786377	0.10791999999992186	epochs	2.0
1278.391919786377	0.05423999999993612	epochs	3.0
1278.446159786377	0.05367999999998574	epochs	3.0
1278.499839786377	0.10527999999999338	epochs	2.0
1278.499839786377	0.052959999999984575	epochs	3.0
1278.552799786377	0.052320000000008804	epochs	3.0
1278.605119786377	0.10288000000014108	epochs	2.0
1278.605119786377	0.051760000000058426	epochs	3.0
1278.656879786377	0.051120000000082655	epochs	3.0
1278.707999786377	0.10039999999980864	epochs	2.0
1278.707999786377	0.05047999999987951	epochs	3.0
1278.758479786377	0.04991999999992913	epochs	3.0
1278.8083997863769	0.09824000000003252	epochs	2.0
1278.8083997863769	0.049359999999978754	epochs	3.0
1278.8577597863768	0.04888000000005377	epochs	3.0
1278.906639786377	0.09600000000000364	epochs	2.0
1278.906639786377	0.048240000000078	epochs	3.0
1278.954879786377	0.04775999999992564	epochs	3.0
1279.002639786377	0.09392000000002554	epochs	2.0
1279.002639786377	0.04719999999997526	epochs	3.0
1279.0498397863769	0.04672000000005028	epochs	3.0
1279.096559786377	0.09192000000007283	epochs	2.0
1279.096559786377	0.0461600000000999	epochs	3.0
1279.142719786377	0.04575999999997293	epochs	3.0
1279.188479786377	0.09007999999994354	epochs	2.0
1279.188479786377	0.04528000000004795	epochs	3.0
1279.233759786377	0.04479999999989559	epochs	3.0
1279.278559786377	0.08816000000001623	epochs	2.0
1279.278559786377	0.044319999999970605	epochs	3.0
1279.322879786377	0.04384000000004562	epochs	3.0
1279.366719786377	0.08647999999993772	epochs	2.0
1279.366719786377	0.043439999999918655	epochs	3.0
1279.4101597863769	0.04304000000001906	epochs	3.0
1279.453199786377	0.08472000000006119	epochs	2.0
1279.453199786377	0.04256000000009408	epochs	3.0
1279.495759786377	0.04215999999996711	epochs	3.0
1279.537919786377	0.08320000000003347	epochs	2.0
1279.537919786377	0.04176000000006752	epochs	3.0
1279.579679786377	0.04143999999996595	epochs	3.0
1279.621119786377	0.08151999999995496	epochs	2.0
1279.621119786377	0.040960000000040964	epochs	3.0
1279.662079786377	0.040559999999914	epochs	3.0
1279.702639786377	0.08007999999995263	epochs	2.0
1279.702639786377	0.0402400000000398	epochs	3.0
1279.742879786377	0.039839999999912834	epochs	3.0
1279.782719786377	0.0786399999999503	epochs	2.0
1279.782719786377	0.039520000000038635	epochs	3.0
1279.822239786377	0.03911999999991167	epochs	3.0
1279.8613597863769	0.07720000000017535	epochs	2.0
1279.8613597863769	0.03880000000003747	epochs	3.0
1279.900159786377	0.03840000000013788	epochs	3.0
1279.938559786377	0.07591999999999643	epochs	2.0
1279.938559786377	0.038159999999834326	epochs	3.0
1279.9767197863769	0.03776000000016211	epochs	3.0
1280.014479786377	0.0745600000000195	epochs	2.0
1280.014479786377	0.03743999999983316	epochs	3.0
1280.0519197863769	0.03712000000018634	epochs	3.0
1280.089039786377	0.07335999999986598	epochs	2.0
1280.089039786377	0.03679999999985739	epochs	3.0
1280.125839786377	0.036560000000008586	epochs	3.0
1280.162399786377	0.07208000000014181	epochs	2.0
1280.162399786377	0.036160000000108994	epochs	3.0
1280.198559786377	0.035920000000032815	epochs	3.0
1280.234479786377	0.07087999999998829	epochs	2.0
1280.234479786377	0.03559999999993124	epochs	3.0
1280.270079786377	0.035280000000057044	epochs	3.0
1280.305359786377	0.06983999999988555	epochs	2.0
1280.305359786377	0.035039999999980864	epochs	3.0
1280.340399786377	0.034799999999904685	epochs	3.0
1280.375199786377	0.0686399999999594	epochs	2.0
1280.375199786377	0.034480000000030486	epochs	3.0
1280.409679786377	0.034159999999928914	epochs	3.0
1280.4438397863769	0.06760000000008404	epochs	2.0
1280.4438397863769	0.03392000000008011	epochs	3.0
1280.477759786377	0.03368000000000393	epochs	3.0
1280.511439786377	0.0665599999999813	epochs	2.0
1280.511439786377	0.03343999999992775	epochs	3.0
1280.544879786377	0.03312000000005355	epochs	3.0
1280.577999786377	0.06559999999990396	epochs	2.0
1280.577999786377	0.032960000000002765	epochs	3.0
1280.610959786377	0.03263999999990119	epochs	3.0
1280.6435997863769	0.0645600000000286	epochs	2.0
1280.6435997863769	0.03240000000005239	epochs	3.0
1280.675999786377	0.03215999999997621	epochs	3.0
1280.7081597863769	0.06367999999997664	epochs	2.0
1280.7081597863769	0.032000000000152795	epochs	3.0
1280.740159786377	0.03167999999982385	epochs	3.0
1280.7718397863769	0.06272000000012667	epochs	2.0
1280.7718397863769	0.03144000000020242	epochs	3.0
1280.803279786377	0.03127999999992426	epochs	3.0
1280.834559786377	0.061840000000074724	epochs	2.0
1280.834559786377	0.03104000000007545	epochs	3.0
1280.865599786377	0.030799999999999272	epochs	3.0
1280.896399786377	0.0609599999997954	epochs	2.0
1280.896399786377	0.030559999999923093	epochs	3.0
1280.926959786377	0.030399999999872307	epochs	3.0
1280.9573597863769	0.060159999999996217	epochs	2.0
1280.9573597863769	0.0301600000000235	epochs	3.0
1280.9875197863769	0.029999999999972715	epochs	3.0
1281.0175197863769	0.05928000000017164	epochs	2.0
1281.0175197863769	0.029680000000098516	epochs	3.0
1281.047199786377	0.029600000000073123	epochs	3.0
1281.076799786377	0.05847999999991771	epochs	2.0
1281.076799786377	0.029359999999996944	epochs	3.0
1281.106159786377	0.029119999999920765	epochs	3.0
1281.135279786377	0.057759999999916545	epochs	2.0
1281.135279786377	0.028960000000097352	epochs	3.0
1281.164239786377	0.028799999999819192	epochs	3.0
1281.1930397863769	0.05696000000011736	epochs	2.0
1281.1930397863769	0.02856000000019776	epochs	3.0
1281.221599786377	0.0283999999999196	epochs	3.0
1281.249999786377	0.05623999999988882	epochs	2.0
1281.249999786377	0.028160000000070795	epochs	3.0
1281.278159786377	0.02807999999981803	epochs	3.0
1281.3062397863769	0.05544000000008964	epochs	2.0
1281.3062397863769	0.027840000000196596	epochs	3.0
1281.334079786377	0.027599999999893043	epochs	3.0
1281.361679786377	0.05487999999991189	epochs	2.0
1281.361679786377	0.027520000000095024	epochs	3.0
1281.389199786377	0.027359999999816864	epochs	3.0
1281.4165597863769	0.054080000000112705	epochs	2.0
1281.4165597863769	0.027120000000195432	epochs	3.0
1281.443679786377	0.026959999999917272	epochs	3.0
1281.470639786377	0.05343999999990956	epochs	2.0
1281.470639786377	0.026799999999866486	epochs	3.0
1281.4974397863768	0.026640000000043074	epochs	3.0
1281.524079786377	0.05287999999995918	epochs	2.0
1281.524079786377	0.026479999999992287	epochs	3.0
1281.5505597863769	0.026399999999966894	epochs	3.0
1281.5769597863768	0.05216000000018539	epochs	2.0
1281.5769597863768	0.02616000000011809	epochs	3.0
1281.603119786377	0.026000000000067303	epochs	3.0
1281.629119786377	0.05151999999998225	epochs	2.0
1281.629119786377	0.025840000000016516	epochs	3.0
1281.654959786377	0.02567999999996573	epochs	3.0
1281.680639786377	0.05096000000003187	epochs	2.0
1281.680639786377	0.025599999999940337	epochs	3.0
1281.706239786377	0.02536000000009153	epochs	3.0
1281.731599786377	0.05039999999985412	epochs	2.0
1281.731599786377	0.025279999999838765	epochs	3.0
1281.7568797863769	0.025120000000015352	epochs	3.0
1281.781999786377	0.04976000000010572	epochs	2.0
1281.781999786377	0.024959999999964566	epochs	3.0
1281.8069597863769	0.024800000000141154	epochs	3.0
1281.831759786377	0.04919999999992797	epochs	2.0
1281.831759786377	0.024639999999862994	epochs	3.0
1281.8563997863769	0.024560000000064974	epochs	3.0
1281.880959786377	0.04872000000000298	epochs	2.0
1281.880959786377	0.024400000000014188	epochs	3.0
1281.905359786377	0.024319999999988795	epochs	3.0
1281.929679786377	0.04808000000002721	epochs	2.0
1281.929679786377	0.024079999999912616	epochs	3.0
1281.9537597863768	0.024000000000114596	epochs	3.0
1281.977759786377	0.04760000000010223	epochs	2.0
1281.977759786377	0.02384000000006381	epochs	3.0
1282.001599786377	0.023760000000038417	epochs	3.0
1282.025359786377	0.04711999999994987	epochs	2.0
1282.025359786377	0.02359999999998763	epochs	3.0
1282.048959786377	0.023519999999962238	epochs	3.0
1282.072479786377	0.04655999999999949	epochs	2.0
1282.072479786377	0.02335999999991145	epochs	3.0
1282.095839786377	0.02320000000008804	epochs	3.0
1282.119039786377	0.04607999999984713	epochs	2.0
1282.119039786377	0.023119999999835272	epochs	3.0
1282.1421597863769	0.02296000000001186	epochs	3.0
1282.1651197863769	0.04560000000014952	epochs	2.0
1282.1651197863769	0.022879999999986467	epochs	3.0
1282.1879997863768	0.022720000000163054	epochs	3.0
1282.210719786377	0.04511999999999716	epochs	2.0
1282.210719786377	0.022639999999910287	epochs	3.0
1282.233359786377	0.022480000000086875	epochs	3.0
1282.255839786377	0.044639999999844804	epochs	2.0
1282.255839786377	0.022399999999834108	epochs	3.0
1282.2782397863768	0.022240000000010696	epochs	3.0
1282.3004797863769	0.044240000000172586	epochs	2.0
1282.3004797863769	0.022159999999985303	epochs	3.0
1282.3226397863768	0.022080000000187283	epochs	3.0
1282.344719786377	0.04376000000002023	epochs	2.0
1282.344719786377	0.021919999999909123	epochs	3.0
1282.366639786377	0.021840000000111104	epochs	3.0
1282.388479786377	0.04335999999989326	epochs	2.0
1282.388479786377	0.021759999999858337	epochs	3.0
1282.410239786377	0.021600000000034925	epochs	3.0
1282.431839786377	0.04287999999996828	epochs	2.0
1282.431839786377	0.02143999999998414	epochs	3.0
1282.453279786377	0.02143999999998414	epochs	3.0
1282.474719786377	0.042480000000068685	epochs	2.0
1282.474719786377	0.021279999999933352	epochs	3.0
1282.4959997863768	0.021200000000135333	epochs	3.0
1282.517199786377	0.04207999999994172	epochs	2.0
1282.517199786377	0.021040000000084547	epochs	3.0
1282.538239786377	0.021039999999857173	epochs	3.0
1282.559279786377	0.04168000000004213	epochs	2.0
1282.559279786377	0.02088000000003376	epochs	3.0
1282.580159786377	0.020800000000008367	epochs	3.0
1282.600959786377	0.04119999999988977	epochs	2.0
1282.600959786377	0.02063999999995758	epochs	3.0
1282.621599786377	0.020559999999932188	epochs	3.0
1282.6421597863769	0.04088000000001557	epochs	2.0
1282.6421597863769	0.020560000000159562	epochs	3.0
1282.662719786377	0.02031999999985601	epochs	3.0
1282.6830397863769	0.04056000000014137	epochs	2.0
1282.6830397863769	0.020320000000083382	epochs	3.0
1282.703359786377	0.02024000000005799	epochs	3.0
1282.723599786377	0.04007999999998901	epochs	2.0
1282.723599786377	0.020080000000007203	epochs	3.0
1282.743679786377	0.01999999999998181	epochs	3.0
1282.763679786377	0.03975999999988744	epochs	2.0
1282.763679786377	0.019919999999956417	epochs	3.0
1282.783599786377	0.019839999999931024	epochs	3.0
1282.8034397863769	0.03944000000001324	epochs	2.0
1282.8034397863769	0.019760000000133005	epochs	3.0
1282.823199786377	0.019679999999880238	epochs	3.0
1282.842879786377	0.03904000000011365	epochs	2.0
1282.842879786377	0.019520000000056825	epochs	3.0
1282.862399786377	0.019520000000056825	epochs	3.0
1282.881919786377	0.038639999999986685	epochs	2.0
1282.881919786377	0.01936000000000604	epochs	3.0
1282.901279786377	0.019279999999980646	epochs	3.0
1282.920559786377	0.038399999999910506	epochs	2.0
1282.920559786377	0.019279999999980646	epochs	3.0
1282.939839786377	0.01911999999992986	epochs	3.0
1282.958959786377	0.038000000000010914	epochs	2.0
1282.958959786377	0.01904000000013184	epochs	3.0
1282.977999786377	0.018959999999879074	epochs	3.0
1282.996959786377	0.037680000000136715	epochs	2.0
1282.996959786377	0.018880000000081054	epochs	3.0
1283.015839786377	0.01880000000005566	epochs	3.0
1283.034639786377	0.03735999999980777	epochs	2.0
1283.034639786377	0.018719999999802894	epochs	3.0
1283.0533597863769	0.018640000000004875	epochs	3.0
1283.0719997863769	0.037040000000160944	epochs	2.0
1283.0719997863769	0.018559999999979482	epochs	3.0
1283.0905597863768	0.018480000000181462	epochs	3.0
1283.109039786377	0.036719999999832	epochs	2.0
1283.109039786377	0.018399999999928696	epochs	3.0
1283.127439786377	0.018319999999903303	epochs	3.0
1283.1457597863769	0.036480000000210566	epochs	2.0
1283.1457597863769	0.018240000000105283	epochs	3.0
1283.163999786377	0.018240000000105283	epochs	3.0
1283.182239786377	0.03607999999985623	epochs	2.0
1283.182239786377	0.018079999999827123	epochs	3.0
1283.200319786377	0.018000000000029104	epochs	3.0
1283.218319786377	0.03584000000000742	epochs	2.0
1283.218319786377	0.01792000000000371	epochs	3.0
1283.236239786377	0.01792000000000371	epochs	3.0
1283.254159786377	0.03552000000013322	epochs	2.0
1283.254159786377	0.017759999999952925	epochs	3.0
1283.2719197863769	0.017760000000180298	epochs	3.0
1283.289679786377	0.03519999999980428	epochs	2.0
1283.289679786377	0.01767999999992753	epochs	3.0
1283.307359786377	0.017519999999876745	epochs	3.0
1283.3248797863769	0.034960000000182845	epochs	2.0
1283.3248797863769	0.01752000000010412	epochs	3.0
1283.342399786377	0.017440000000078726	epochs	3.0
1283.359839786377	0.03471999999987929	epochs	2.0
1283.359839786377	0.017439999999851352	epochs	3.0
1283.377279786377	0.01728000000002794	epochs	3.0
1283.394559786377	0.03440000000000509	epochs	2.0
1283.394559786377	0.017200000000002547	epochs	3.0
1283.411759786377	0.017200000000002547	epochs	3.0
1283.428959786377	0.034159999999928914	epochs	2.0
1283.428959786377	0.017119999999977153	epochs	3.0
1283.446079786377	0.01703999999995176	epochs	3.0
1283.4631197863769	0.033840000000054715	epochs	2.0
1283.4631197863769	0.01696000000015374	epochs	3.0
1283.480079786377	0.016879999999900974	epochs	3.0
1283.496959786377	0.033599999999978536	epochs	2.0
1283.496959786377	0.016800000000102955	epochs	3.0
1283.513759786377	0.01679999999987558	epochs	3.0
1283.530559786377	0.03336000000012973	epochs	2.0
1283.530559786377	0.01672000000007756	epochs	3.0
1283.547279786377	0.01664000000005217	epochs	3.0
1283.563919786377	0.03311999999982618	epochs	2.0
1283.563919786377	0.016560000000026776	epochs	3.0
1283.580479786377	0.016559999999799402	epochs	3.0
1283.5970397863769	0.03280000000017935	epochs	2.0
1283.5970397863769	0.016400000000203363	epochs	3.0
1283.613439786377	0.01639999999997599	epochs	3.0
1283.629839786377	0.0325599999998758	epochs	2.0
1283.629839786377	0.016319999999950596	epochs	3.0
1283.646159786377	0.016239999999925203	epochs	3.0
1283.662399786377	0.03240000000005239	epochs	2.0
1283.662399786377	0.016240000000152577	epochs	3.0
1283.678639786377	0.01615999999989981	epochs	3.0
1283.694799786377	0.032079999999950815	epochs	2.0
1283.694799786377	0.01608000000010179	epochs	3.0
1283.710879786377	0.015999999999849024	epochs	3.0
1283.726879786377	0.0319200000001274	epochs	2.0
1283.726879786377	0.016000000000076398	epochs	3.0
1283.742879786377	0.015920000000051004	epochs	3.0
1283.758799786377	0.031599999999798456	epochs	2.0
1283.758799786377	0.01584000000002561	epochs	3.0
1283.774639786377	0.015759999999772845	epochs	3.0
1283.7903997863768	0.03144000000020242	epochs	2.0
1283.7903997863768	0.015760000000227592	epochs	3.0
1283.806159786377	0.015679999999974825	epochs	3.0
1283.821839786377	0.031199999999898864	epochs	2.0
1283.821839786377	0.015599999999949432	epochs	3.0
1283.837439786377	0.015599999999949432	epochs	3.0
1283.853039786377	0.03096000000005006	epochs	2.0
1283.853039786377	0.015519999999924039	epochs	3.0
1283.8685597863769	0.01544000000012602	epochs	3.0
1283.883999786377	0.03071999999997388	epochs	2.0
1283.883999786377	0.015439999999898646	epochs	3.0
1283.899439786377	0.015280000000075233	epochs	3.0
1283.914719786377	0.030559999999923093	epochs	2.0
1283.914719786377	0.015360000000100626	epochs	3.0
1283.930079786377	0.015199999999822467	epochs	3.0
1283.945279786377	0.030320000000074288	epochs	2.0
1283.945279786377	0.01520000000004984	epochs	3.0
1283.960479786377	0.015120000000024447	epochs	3.0
1283.975599786377	0.030079999999998108	epochs	2.0
1283.975599786377	0.015120000000024447	epochs	3.0
1283.990719786377	0.014959999999973661	epochs	3.0
1284.005679786377	0.029919999999947322	epochs	2.0
1284.005679786377	0.015039999999999054	epochs	3.0
1284.020719786377	0.014879999999948268	epochs	3.0
1284.035599786377	0.029680000000098516	epochs	2.0
1284.035599786377	0.014879999999948268	epochs	3.0
1284.0504797863769	0.014800000000150249	epochs	3.0
1284.065279786377	0.02952000000004773	epochs	2.0
1284.065279786377	0.014799999999922875	epochs	3.0
1284.080079786377	0.014720000000124855	epochs	3.0
1284.094799786377	0.02927999999997155	epochs	2.0
1284.094799786377	0.014719999999897482	epochs	3.0
1284.109519786377	0.01456000000007407	epochs	3.0
1284.124079786377	0.009440000000040527	epochs	2.0
1284.124079786377	0.009440000000040527	epochs	3.0
1284.133519786377	1.6647199999999884	epochs	0.0
1288.2399997711182	0.12431999999989785	epochs	0.0
1288.2399997711182	0.057119999999940774	epochs	1.0
1288.297119771118	0.010080000000016298	epochs	1.0
1288.3071997711181	0.057119999999940774	epochs	1.0
1288.364319771118	2.0	epochs	0.0
1290.364319771118	21.555360000000064	epochs	0.0
1290.364319771118	1.0	epochs	1.0
1290.3643778711182	0.5	epochs	-1.0
1290.8643778711182	19.99928	epochs	-1.0
1291.364319771118	20.0	epochs	1.0
1291.364319771118	8.000000002539309e-05	epochs	2.0
1291.364399771118	4.356719999999996	epochs	-1.0
1291.364399771118	1.9745600000001104	epochs	2.0
1291.364399771118	1.098560000000134	epochs	3.0
1292.4629597711182	0.8759999999999764	epochs	3.0
1293.3389597711182	1.3523999999999887	epochs	2.0
1293.3389597711182	0.7286400000000413	epochs	3.0
1294.0675997711182	0.6237599999999475	epochs	3.0
1294.6913597711182	1.0297599999998965	epochs	2.0
1294.6913597711182	0.5453600000000733	epochs	3.0
1295.2367197711183	0.4843999999998232	epochs	3.0
1295.721119771118	0.8317600000000311	epochs	2.0
1295.721119771118	0.435760000000073	epochs	3.0
1296.1568797711182	0.39599999999995816	epochs	3.0
1296.5528797711181	0.697840000000042	epochs	2.0
1296.5528797711181	0.362880000000132	epochs	3.0
1296.9157597711182	0.33495999999991	epochs	3.0
1297.2507197711182	0.6010400000000118	epochs	2.0
1297.2507197711182	0.3108799999999974	epochs	3.0
1297.5615997711182	0.2901600000000144	epochs	3.0
1297.8517597711182	0.5278399999999692	epochs	2.0
1297.8517597711182	0.2719199999999091	epochs	3.0
1298.123679771118	0.2559200000000601	epochs	3.0
1298.3795997711181	0.47064000000000306	epochs	2.0
1298.3795997711181	0.2416800000000876	epochs	3.0
1298.6212797711182	0.22895999999991545	epochs	3.0
1298.8502397711181	0.42455999999992855	epochs	2.0
1298.8502397711181	0.2174400000001242	epochs	3.0
1299.0676797711183	0.20711999999980435	epochs	3.0
1299.274799771118	0.3867200000001958	epochs	2.0
1299.274799771118	0.1976799999999912	epochs	3.0
1299.472479771118	0.1890400000002046	epochs	3.0
1299.6615197711183	0.3551199999999426	epochs	2.0
1299.6615197711183	0.1811999999999898	epochs	3.0
1299.8427197711183	0.17391999999995278	epochs	3.0
1300.0166397711182	0.3282400000000507	epochs	2.0
1300.0166397711182	0.16719999999986612	epochs	3.0
1300.183839771118	0.1610400000001846	epochs	3.0
1300.3448797711183	0.30520000000001346	epochs	2.0
1300.3448797711183	0.1552799999999479	epochs	3.0
1300.5001597711182	0.14992000000006556	epochs	3.0
1300.6500797711183	0.28512000000000626	epochs	2.0
1300.6500797711183	0.14487999999983003	epochs	3.0
1300.794959771118	0.14024000000017622	epochs	3.0
1300.9351997711183	0.26751999999987675	epochs	2.0
1300.9351997711183	0.13583999999991647	epochs	3.0
1301.0710397711182	0.13167999999996027	epochs	3.0
1301.2027197711182	0.2520799999999781	epochs	2.0
1301.2027197711182	0.12784000000010565	epochs	3.0
1301.3305597711183	0.12423999999987245	epochs	3.0
1301.4547997711181	0.23816000000010717	epochs	2.0
1301.4547997711181	0.1207200000001194	epochs	3.0
1301.5755197711183	0.11743999999998778	epochs	3.0
1301.6929597711182	0.22583999999983462	epochs	2.0
1301.6929597711182	0.11439999999993233	epochs	3.0
1301.8073597711182	0.11143999999990228	epochs	3.0
1301.918799771118	0.21464000000014494	epochs	2.0
1301.918799771118	0.1086400000001504	epochs	3.0
1302.0274397711182	0.10599999999999454	epochs	3.0
1302.1334397711182	0.20447999999987587	epochs	2.0
1302.1334397711182	0.10343999999986409	epochs	3.0
1302.236879771118	0.10104000000001179	epochs	3.0
1302.337919771118	0.1953600000001643	epochs	2.0
1302.337919771118	0.0987999999999829	epochs	3.0
1302.436719771118	0.09656000000018139	epochs	3.0
1302.5332797711183	0.18695999999999913	epochs	2.0
1302.5332797711183	0.09447999999997592	epochs	3.0
1302.6277597711182	0.09248000000002321	epochs	3.0
1302.7202397711183	0.17919999999980973	epochs	2.0
1302.7202397711183	0.09047999999984313	epochs	3.0
1302.810719771118	0.0887199999999666	epochs	3.0
1302.899439771118	0.17208000000005086	epochs	2.0
1302.899439771118	0.08688000000006468	epochs	3.0
1302.9863197711181	0.08519999999998618	epochs	3.0
1303.0715197711181	0.165520000000015	epochs	2.0
1303.0715197711181	0.08359999999993306	epochs	3.0
1303.155119771118	0.08192000000008193	epochs	3.0
1303.2370397711181	0.1595199999999295	epochs	2.0
1303.2370397711181	0.0804800000000796	epochs	3.0
1303.3175197711182	0.0790399999998499	epochs	3.0
1303.396559771118	0.15376000000014756	epochs	2.0
1303.396559771118	0.07760000000007494	epochs	3.0
1303.4741597711181	0.07616000000007261	epochs	3.0
1303.5503197711182	0.14855999999986125	epochs	2.0
1303.5503197711182	0.07495999999991909	epochs	3.0
1303.6252797711181	0.07359999999994216	epochs	3.0
1303.698879771118	0.14368000000013126	epochs	2.0
1303.698879771118	0.0724800000000414	epochs	3.0
1303.7713597711181	0.07120000000008986	epochs	3.0
1303.8425597711182	0.1390400000000227	epochs	2.0
1303.8425597711182	0.07007999999996173	epochs	3.0
1303.9126397711182	0.06896000000006097	epochs	3.0
1303.9815997711182	0.13472000000001572	epochs	2.0
1303.9815997711182	0.06791999999995824	epochs	3.0
1304.0495197711182	0.06680000000005748	epochs	3.0
1304.1163197711182	0.13071999999988293	epochs	2.0
1304.1163197711182	0.06583999999998014	epochs	3.0
1304.1821597711182	0.0648799999999028	epochs	3.0
1304.2470397711181	0.1268000000000029	epochs	2.0
1304.2470397711181	0.06384000000002743	epochs	3.0
1304.3108797711182	0.06295999999997548	epochs	3.0
1304.3738397711181	0.12328000000002248	epochs	2.0
1304.3738397711181	0.0620800000001509	epochs	3.0
1304.4359197711183	0.06119999999987158	epochs	3.0
1304.4971197711182	0.11984000000006745	epochs	2.0
1304.4971197711182	0.060320000000047	epochs	3.0
1304.5574397711182	0.059520000000020445	epochs	3.0
1304.6169597711182	0.11663999999996122	epochs	2.0
1304.6169597711182	0.05871999999999389	epochs	3.0
1304.6756797711182	0.05791999999996733	epochs	3.0
1304.7335997711182	0.11359999999990578	epochs	2.0
1304.7335997711182	0.05719999999996617	epochs	3.0
1304.7907997711181	0.05639999999993961	epochs	3.0
1304.847199771118	0.1107200000001285	epochs	2.0
1304.847199771118	0.05568000000016582	epochs	3.0
1304.9028797711183	0.055039999999962674	epochs	3.0
1304.9579197711182	0.10791999999992186	epochs	2.0
1304.9579197711182	0.05423999999993612	epochs	3.0
1305.0121597711181	0.05367999999998574	epochs	3.0
1305.0658397711181	0.10527999999999338	epochs	2.0
1305.0658397711181	0.052959999999984575	epochs	3.0
1305.1187997711181	0.052320000000008804	epochs	3.0
1305.1711197711181	0.10288000000014108	epochs	2.0
1305.1711197711181	0.051760000000058426	epochs	3.0
1305.2228797711182	0.051120000000082655	epochs	3.0
1305.2739997711183	0.10039999999980864	epochs	2.0
1305.2739997711183	0.05047999999987951	epochs	3.0
1305.3244797711181	0.04991999999992913	epochs	3.0
1305.374399771118	0.09824000000003252	epochs	2.0
1305.374399771118	0.049359999999978754	epochs	3.0
1305.423759771118	0.04888000000005377	epochs	3.0
1305.472639771118	0.09600000000000364	epochs	2.0
1305.472639771118	0.048240000000078	epochs	3.0
1305.5208797711182	0.04775999999992564	epochs	3.0
1305.5686397711181	0.09392000000002554	epochs	2.0
1305.5686397711181	0.04719999999997526	epochs	3.0
1305.615839771118	0.04672000000005028	epochs	3.0
1305.6625597711181	0.09192000000007283	epochs	2.0
1305.6625597711181	0.0461600000000999	epochs	3.0
1305.7087197711182	0.04575999999997293	epochs	3.0
1305.7544797711182	0.09007999999994354	epochs	2.0
1305.7544797711182	0.04528000000004795	epochs	3.0
1305.7997597711183	0.04479999999989559	epochs	3.0
1305.8445597711182	0.08816000000001623	epochs	2.0
1305.8445597711182	0.044319999999970605	epochs	3.0
1305.8888797711181	0.04384000000004562	epochs	3.0
1305.9327197711182	0.08647999999993772	epochs	2.0
1305.9327197711182	0.043439999999918655	epochs	3.0
1305.976159771118	0.04304000000001906	epochs	3.0
1306.019199771118	0.08472000000006119	epochs	2.0
1306.019199771118	0.04256000000009408	epochs	3.0
1306.0617597711182	0.04215999999996711	epochs	3.0
1306.1039197711182	0.08320000000003347	epochs	2.0
1306.1039197711182	0.04176000000006752	epochs	3.0
1306.1456797711182	0.04143999999996595	epochs	3.0
1306.1871197711182	0.08151999999995496	epochs	2.0
1306.1871197711182	0.040960000000040964	epochs	3.0
1306.2280797711182	0.040559999999914	epochs	3.0
1306.2686397711182	0.08007999999995263	epochs	2.0
1306.2686397711182	0.0402400000000398	epochs	3.0
1306.3088797711182	0.039839999999912834	epochs	3.0
1306.348719771118	0.0786399999999503	epochs	2.0
1306.348719771118	0.039520000000038635	epochs	3.0
1306.3882397711182	0.03911999999991167	epochs	3.0
1306.427359771118	0.07720000000017535	epochs	2.0
1306.427359771118	0.03880000000003747	epochs	3.0
1306.466159771118	0.03840000000013788	epochs	3.0
1306.5045597711182	0.07591999999999643	epochs	2.0
1306.5045597711182	0.038159999999834326	epochs	3.0
1306.542719771118	0.03776000000016211	epochs	3.0
1306.5804797711182	0.0745600000000195	epochs	2.0
1306.5804797711182	0.03743999999983316	epochs	3.0
1306.617919771118	0.03712000000018634	epochs	3.0
1306.6550397711183	0.07335999999986598	epochs	2.0
1306.6550397711183	0.03679999999985739	epochs	3.0
1306.691839771118	0.036560000000008586	epochs	3.0
1306.7283997711181	0.07208000000014181	epochs	2.0
1306.7283997711181	0.036160000000108994	epochs	3.0
1306.7645597711182	0.035920000000032815	epochs	3.0
1306.8004797711183	0.07087999999998829	epochs	2.0
1306.8004797711183	0.03559999999993124	epochs	3.0
1306.8360797711182	0.035280000000057044	epochs	3.0
1306.8713597711183	0.06983999999988555	epochs	2.0
1306.8713597711183	0.035039999999980864	epochs	3.0
1306.9063997711182	0.034799999999904685	epochs	3.0
1306.9411997711181	0.0686399999999594	epochs	2.0
1306.9411997711181	0.034480000000030486	epochs	3.0
1306.9756797711182	0.034159999999928914	epochs	3.0
1307.009839771118	0.06760000000008404	epochs	2.0
1307.009839771118	0.03392000000008011	epochs	3.0
1307.0437597711182	0.03368000000000393	epochs	3.0
1307.0774397711182	0.0665599999999813	epochs	2.0
1307.0774397711182	0.03343999999992775	epochs	3.0
1307.110879771118	0.03312000000005355	epochs	3.0
1307.1439997711182	0.06559999999990396	epochs	2.0
1307.1439997711182	0.032960000000002765	epochs	3.0
1307.1769597711182	0.03263999999990119	epochs	3.0
1307.209599771118	0.0645600000000286	epochs	2.0
1307.209599771118	0.03240000000005239	epochs	3.0
1307.2419997711181	0.03215999999997621	epochs	3.0
1307.274159771118	0.06367999999997664	epochs	2.0
1307.274159771118	0.032000000000152795	epochs	3.0
1307.3061597711182	0.03167999999982385	epochs	3.0
1307.337839771118	0.06272000000012667	epochs	2.0
1307.337839771118	0.03144000000020242	epochs	3.0
1307.3692797711183	0.03127999999992426	epochs	3.0
1307.4005597711182	0.061840000000074724	epochs	2.0
1307.4005597711182	0.03104000000007545	epochs	3.0
1307.4315997711183	0.030799999999999272	epochs	3.0
1307.4623997711183	0.0609599999997954	epochs	2.0
1307.4623997711183	0.030559999999923093	epochs	3.0
1307.4929597711182	0.030399999999872307	epochs	3.0
1307.523359771118	0.060159999999996217	epochs	2.0
1307.523359771118	0.0301600000000235	epochs	3.0
1307.553519771118	0.029999999999972715	epochs	3.0
1307.583519771118	0.05928000000017164	epochs	2.0
1307.583519771118	0.029680000000098516	epochs	3.0
1307.6131997711182	0.029600000000073123	epochs	3.0
1307.6427997711182	0.05847999999991771	epochs	2.0
1307.6427997711182	0.029359999999996944	epochs	3.0
1307.6721597711182	0.029119999999920765	epochs	3.0
1307.7012797711182	0.057759999999916545	epochs	2.0
1307.7012797711182	0.028960000000097352	epochs	3.0
1307.7302397711182	0.028799999999819192	epochs	3.0
1307.759039771118	0.05696000000011736	epochs	2.0
1307.759039771118	0.02856000000019776	epochs	3.0
1307.7875997711183	0.0283999999999196	epochs	3.0
1307.8159997711182	0.05623999999988882	epochs	2.0
1307.8159997711182	0.028160000000070795	epochs	3.0
1307.8441597711183	0.02807999999981803	epochs	3.0
1307.872239771118	0.05544000000008964	epochs	2.0
1307.872239771118	0.027840000000196596	epochs	3.0
1307.9000797711183	0.027599999999893043	epochs	3.0
1307.9276797711182	0.05487999999991189	epochs	2.0
1307.9276797711182	0.027520000000095024	epochs	3.0
1307.9551997711183	0.027359999999816864	epochs	3.0
1307.982559771118	0.054080000000112705	epochs	2.0
1307.982559771118	0.027120000000195432	epochs	3.0
1308.0096797711183	0.026959999999917272	epochs	3.0
1308.0366397711182	0.05343999999990956	epochs	2.0
1308.0366397711182	0.026799999999866486	epochs	3.0
1308.063439771118	0.026640000000043074	epochs	3.0
1308.090079771118	0.05287999999995918	epochs	2.0
1308.090079771118	0.026479999999992287	epochs	3.0
1308.116559771118	0.026399999999966894	epochs	3.0
1308.142959771118	0.05216000000018539	epochs	2.0
1308.142959771118	0.02616000000011809	epochs	3.0
1308.1691197711182	0.026000000000067303	epochs	3.0
1308.1951197711182	0.05151999999998225	epochs	2.0
1308.1951197711182	0.025840000000016516	epochs	3.0
1308.2209597711183	0.02567999999996573	epochs	3.0
1308.2466397711182	0.05096000000003187	epochs	2.0
1308.2466397711182	0.025599999999940337	epochs	3.0
1308.2722397711182	0.02536000000009153	epochs	3.0
1308.2975997711183	0.05039999999985412	epochs	2.0
1308.2975997711183	0.025279999999838765	epochs	3.0
1308.322879771118	0.025120000000015352	epochs	3.0
1308.347999771118	0.04976000000010572	epochs	2.0
1308.347999771118	0.024959999999964566	epochs	3.0
1308.372959771118	0.024800000000141154	epochs	3.0
1308.3977597711182	0.04919999999992797	epochs	2.0
1308.3977597711182	0.024639999999862994	epochs	3.0
1308.422399771118	0.024560000000064974	epochs	3.0
1308.4469597711181	0.04872000000000298	epochs	2.0
1308.4469597711181	0.024400000000014188	epochs	3.0
1308.4713597711182	0.024319999999988795	epochs	3.0
1308.4956797711181	0.04808000000002721	epochs	2.0
1308.4956797711181	0.024079999999912616	epochs	3.0
1308.519759771118	0.024000000000114596	epochs	3.0
1308.5437597711182	0.04760000000010223	epochs	2.0
1308.5437597711182	0.02384000000006381	epochs	3.0
1308.5675997711182	0.023760000000038417	epochs	3.0
1308.5913597711183	0.04711999999994987	epochs	2.0
1308.5913597711183	0.02359999999998763	epochs	3.0
1308.6149597711183	0.023519999999962238	epochs	3.0
1308.6384797711182	0.04655999999999949	epochs	2.0
1308.6384797711182	0.02335999999991145	epochs	3.0
1308.6618397711181	0.02320000000008804	epochs	3.0
1308.6850397711182	0.04607999999984713	epochs	2.0
1308.6850397711182	0.023119999999835272	epochs	3.0
1308.708159771118	0.02296000000001186	epochs	3.0
1308.731119771118	0.04560000000014952	epochs	2.0
1308.731119771118	0.022879999999986467	epochs	3.0
1308.753999771118	0.022720000000163054	epochs	3.0
1308.7767197711182	0.04511999999999716	epochs	2.0
1308.7767197711182	0.022639999999910287	epochs	3.0
1308.7993597711181	0.022480000000086875	epochs	3.0
1308.8218397711182	0.044639999999844804	epochs	2.0
1308.8218397711182	0.022399999999834108	epochs	3.0
1308.844239771118	0.022240000000010696	epochs	3.0
1308.866479771118	0.044240000000172586	epochs	2.0
1308.866479771118	0.022159999999985303	epochs	3.0
1308.888639771118	0.022080000000187283	epochs	3.0
1308.9107197711182	0.04376000000002023	epochs	2.0
1308.9107197711182	0.021919999999909123	epochs	3.0
1308.9326397711181	0.021840000000111104	epochs	3.0
1308.9544797711183	0.04335999999989326	epochs	2.0
1308.9544797711183	0.021759999999858337	epochs	3.0
1308.9762397711181	0.021600000000034925	epochs	3.0
1308.9978397711182	0.04287999999996828	epochs	2.0
1308.9978397711182	0.02143999999998414	epochs	3.0
1309.0192797711181	0.02143999999998414	epochs	3.0
1309.0407197711181	0.042480000000068685	epochs	2.0
1309.0407197711181	0.021279999999933352	epochs	3.0
1309.061999771118	0.021200000000135333	epochs	3.0
1309.0831997711182	0.04207999999994172	epochs	2.0
1309.0831997711182	0.021040000000084547	epochs	3.0
1309.1042397711183	0.021039999999857173	epochs	3.0
1309.1252797711181	0.04168000000004213	epochs	2.0
1309.1252797711181	0.02088000000003376	epochs	3.0
1309.1461597711182	0.020800000000008367	epochs	3.0
1309.1669597711182	0.04119999999988977	epochs	2.0
1309.1669597711182	0.02063999999995758	epochs	3.0
1309.1875997711181	0.020559999999932188	epochs	3.0
1309.208159771118	0.04088000000001557	epochs	2.0
1309.208159771118	0.020560000000159562	epochs	3.0
1309.2287197711182	0.02031999999985601	epochs	3.0
1309.249039771118	0.04056000000014137	epochs	2.0
1309.249039771118	0.020320000000083382	epochs	3.0
1309.2693597711182	0.02024000000005799	epochs	3.0
1309.2895997711182	0.04007999999998901	epochs	2.0
1309.2895997711182	0.020080000000007203	epochs	3.0
1309.3096797711182	0.01999999999998181	epochs	3.0
1309.3296797711182	0.03975999999988744	epochs	2.0
1309.3296797711182	0.019919999999956417	epochs	3.0
1309.3495997711182	0.019839999999931024	epochs	3.0
1309.369439771118	0.03944000000001324	epochs	2.0
1309.369439771118	0.019760000000133005	epochs	3.0
1309.3891997711182	0.019679999999880238	epochs	3.0
1309.408879771118	0.03904000000011365	epochs	2.0
1309.408879771118	0.019520000000056825	epochs	3.0
1309.4283997711182	0.019520000000056825	epochs	3.0
1309.4479197711182	0.038639999999986685	epochs	2.0
1309.4479197711182	0.01936000000000604	epochs	3.0
1309.4672797711182	0.019279999999980646	epochs	3.0
1309.4865597711182	0.038399999999910506	epochs	2.0
1309.4865597711182	0.019279999999980646	epochs	3.0
1309.5058397711182	0.01911999999992986	epochs	3.0
1309.5249597711181	0.038000000000010914	epochs	2.0
1309.5249597711181	0.01904000000013184	epochs	3.0
1309.5439997711183	0.018959999999879074	epochs	3.0
1309.5629597711181	0.037680000000136715	epochs	2.0
1309.5629597711181	0.018880000000081054	epochs	3.0
1309.5818397711182	0.01880000000005566	epochs	3.0
1309.6006397711183	0.03735999999980777	epochs	2.0
1309.6006397711183	0.018719999999802894	epochs	3.0
1309.619359771118	0.018640000000004875	epochs	3.0
1309.637999771118	0.037040000000160944	epochs	2.0
1309.637999771118	0.018559999999979482	epochs	3.0
1309.656559771118	0.018480000000181462	epochs	3.0
1309.6750397711182	0.036719999999832	epochs	2.0
1309.6750397711182	0.018399999999928696	epochs	3.0
1309.6934397711182	0.018319999999903303	epochs	3.0
1309.711759771118	0.036480000000210566	epochs	2.0
1309.711759771118	0.018240000000105283	epochs	3.0
1309.7299997711182	0.018240000000105283	epochs	3.0
1309.7482397711183	0.03607999999985623	epochs	2.0
1309.7482397711183	0.018079999999827123	epochs	3.0
1309.766319771118	0.018000000000029104	epochs	3.0
1309.7843197711181	0.03584000000000742	epochs	2.0
1309.7843197711181	0.01792000000000371	epochs	3.0
1309.8022397711181	0.01792000000000371	epochs	3.0
1309.8201597711181	0.03552000000013322	epochs	2.0
1309.8201597711181	0.017759999999952925	epochs	3.0
1309.837919771118	0.017760000000180298	epochs	3.0
1309.8556797711183	0.03519999999980428	epochs	2.0
1309.8556797711183	0.01767999999992753	epochs	3.0
1309.8733597711182	0.017519999999876745	epochs	3.0
1309.890879771118	0.034960000000182845	epochs	2.0
1309.890879771118	0.01752000000010412	epochs	3.0
1309.9083997711182	0.017440000000078726	epochs	3.0
1309.9258397711183	0.03471999999987929	epochs	2.0
1309.9258397711183	0.017439999999851352	epochs	3.0
1309.9432797711181	0.01728000000002794	epochs	3.0
1309.9605597711181	0.03440000000000509	epochs	2.0
1309.9605597711181	0.017200000000002547	epochs	3.0
1309.9777597711181	0.017200000000002547	epochs	3.0
1309.9949597711181	0.034159999999928914	epochs	2.0
1309.9949597711181	0.017119999999977153	epochs	3.0
1310.0120797711181	0.01703999999995176	epochs	3.0
1310.029119771118	0.033840000000054715	epochs	2.0
1310.029119771118	0.01696000000015374	epochs	3.0
1310.0460797711182	0.016879999999900974	epochs	3.0
1310.0629597711181	0.033599999999978536	epochs	2.0
1310.0629597711181	0.016800000000102955	epochs	3.0
1310.0797597711182	0.01679999999987558	epochs	3.0
1310.096559771118	0.03336000000012973	epochs	2.0
1310.096559771118	0.01672000000007756	epochs	3.0
1310.1132797711182	0.01664000000005217	epochs	3.0
1310.1299197711182	0.03311999999982618	epochs	2.0
1310.1299197711182	0.016560000000026776	epochs	3.0
1310.1464797711183	0.016559999999799402	epochs	3.0
1310.163039771118	0.03280000000017935	epochs	2.0
1310.163039771118	0.016400000000203363	epochs	3.0
1310.1794397711183	0.01639999999997599	epochs	3.0
1310.1958397711182	0.0325599999998758	epochs	2.0
1310.1958397711182	0.016319999999950596	epochs	3.0
1310.2121597711182	0.016239999999925203	epochs	3.0
1310.2283997711181	0.03240000000005239	epochs	2.0
1310.2283997711181	0.016240000000152577	epochs	3.0
1310.2446397711183	0.01615999999989981	epochs	3.0
1310.2607997711182	0.032079999999950815	epochs	2.0
1310.2607997711182	0.01608000000010179	epochs	3.0
1310.2768797711183	0.015999999999849024	epochs	3.0
1310.2928797711181	0.0319200000001274	epochs	2.0
1310.2928797711181	0.016000000000076398	epochs	3.0
1310.3088797711182	0.015920000000051004	epochs	3.0
1310.3247997711183	0.031599999999798456	epochs	2.0
1310.3247997711183	0.01584000000002561	epochs	3.0
1310.3406397711183	0.015759999999772845	epochs	3.0
1310.356399771118	0.03144000000020242	epochs	2.0
1310.356399771118	0.015760000000227592	epochs	3.0
1310.3721597711183	0.015679999999974825	epochs	3.0
1310.3878397711183	0.031199999999898864	epochs	2.0
1310.3878397711183	0.015599999999949432	epochs	3.0
1310.4034397711182	0.015599999999949432	epochs	3.0
1310.4190397711182	0.03096000000005006	epochs	2.0
1310.4190397711182	0.015519999999924039	epochs	3.0
1310.434559771118	0.01544000000012602	epochs	3.0
1310.4499997711182	0.03071999999997388	epochs	2.0
1310.4499997711182	0.015439999999898646	epochs	3.0
1310.465439771118	0.015280000000075233	epochs	3.0
1310.4807197711182	0.030559999999923093	epochs	2.0
1310.4807197711182	0.015360000000100626	epochs	3.0
1310.4960797711183	0.015199999999822467	epochs	3.0
1310.511279771118	0.030320000000074288	epochs	2.0
1310.511279771118	0.01520000000004984	epochs	3.0
1310.5264797711181	0.015120000000024447	epochs	3.0
1310.5415997711182	0.030079999999998108	epochs	2.0
1310.5415997711182	0.015120000000024447	epochs	3.0
1310.5567197711182	0.014959999999973661	epochs	3.0
1310.5716797711182	0.029919999999947322	epochs	2.0
1310.5716797711182	0.015039999999999054	epochs	3.0
1310.5867197711182	0.014879999999948268	epochs	3.0
1310.6015997711181	0.029680000000098516	epochs	2.0
1310.6015997711181	0.014879999999948268	epochs	3.0
1310.616479771118	0.014800000000150249	epochs	3.0
1310.6312797711182	0.02952000000004773	epochs	2.0
1310.6312797711182	0.014799999999922875	epochs	3.0
1310.6460797711181	0.014720000000124855	epochs	3.0
1310.6607997711183	0.02927999999997155	epochs	2.0
1310.6607997711183	0.014719999999897482	epochs	3.0
1310.6755197711182	0.01456000000007407	epochs	3.0
1310.6900797711182	0.029119999999920765	epochs	2.0
1310.6900797711182	0.014639999999872089	epochs	3.0
1310.704719771118	0.014480000000048676	epochs	3.0
1310.7191997711182	0.028960000000097352	epochs	2.0
1310.7191997711182	0.014480000000048676	epochs	3.0
1310.7336797711182	0.014480000000048676	epochs	3.0
1310.7481597711183	0.02863999999999578	epochs	2.0
1310.7481597711183	0.01431999999999789	epochs	3.0
1310.7624797711183	0.01431999999999789	epochs	3.0
1310.7767997711182	0.028559999999970387	epochs	2.0
1310.7767997711182	0.01431999999999789	epochs	3.0
1310.7911197711182	0.014239999999972497	epochs	3.0
1310.8053597711182	0.028319999999894208	epochs	2.0
1310.8053597711182	0.014159999999947104	epochs	3.0
1310.8195197711182	0.014159999999947104	epochs	3.0
1310.833679771118	0.028160000000070795	epochs	2.0
1310.833679771118	0.014159999999947104	epochs	3.0
1310.847839771118	0.014000000000123691	epochs	3.0
1310.8618397711182	0.02800000000002001	epochs	2.0
1310.8618397711182	0.013999999999896318	epochs	3.0
1310.875839771118	0.014000000000123691	epochs	3.0
1310.8898397711182	0.02775999999994383	epochs	2.0
1310.8898397711182	0.013919999999870925	epochs	3.0
1310.903759771118	0.013840000000072905	epochs	3.0
1310.9175997711181	0.027679999999918437	epochs	2.0
1310.9175997711181	0.013840000000072905	epochs	3.0
1310.9314397711182	0.013839999999845531	epochs	3.0
1310.945279771118	0.02744000000006963	epochs	2.0
1310.945279771118	0.013760000000047512	epochs	3.0
1310.9590397711181	0.013680000000022119	epochs	3.0
1310.9727197711181	0.027280000000018845	epochs	2.0
1310.9727197711181	0.013680000000022119	epochs	3.0
1310.9863997711182	0.013599999999996726	epochs	3.0
1310.9999997711182	0.02711999999996806	epochs	2.0
1310.9999997711182	0.013519999999971333	epochs	3.0
1311.0135197711181	0.013599999999996726	epochs	3.0
1311.0271197711181	0.026880000000119253	epochs	2.0
1311.0271197711181	0.01343999999994594	epochs	3.0
1311.040559771118	0.013440000000173313	epochs	3.0
1311.0539997711182	0.026799999999866486	epochs	2.0
1311.0539997711182	0.01343999999994594	epochs	3.0
1311.0674397711182	0.013359999999920547	epochs	3.0
1311.080799771118	0.02656000000001768	epochs	2.0
1311.080799771118	0.013280000000122527	epochs	3.0
1311.0940797711182	0.013279999999895153	epochs	3.0
1311.1073597711181	0.026479999999992287	epochs	2.0
1311.1073597711181	0.013280000000122527	epochs	3.0
1311.1206397711182	0.01319999999986976	epochs	3.0
1311.1338397711181	0.026240000000143482	epochs	2.0
1311.1338397711181	0.013120000000071741	epochs	3.0
1311.1469597711182	0.013120000000071741	epochs	3.0
1311.1600797711183	0.026159999999890715	epochs	2.0
1311.1600797711183	0.013119999999844367	epochs	3.0
1311.173199771118	0.013040000000046348	epochs	3.0
1311.1862397711182	0.026000000000067303	epochs	2.0
1311.1862397711182	0.013040000000046348	epochs	3.0
1311.1992797711182	0.012960000000020955	epochs	3.0
1311.2122397711182	0.025759999999991123	epochs	2.0
1311.2122397711182	0.012879999999995562	epochs	3.0
1311.2251197711182	0.012879999999995562	epochs	3.0
1311.2379997711182	0.02567999999996573	epochs	2.0
1311.2379997711182	0.012879999999995562	epochs	3.0
1311.2508797711182	0.012799999999970169	epochs	3.0
1311.2636797711182	0.025519999999914944	epochs	2.0
1311.2636797711182	0.012799999999970169	epochs	3.0
1311.2764797711181	0.012719999999944775	epochs	3.0
1311.289199771118	0.02536000000009153	epochs	2.0
1311.289199771118	0.01272000000017215	epochs	3.0
1311.3019197711183	0.012639999999919382	epochs	3.0
1311.3145597711182	0.025200000000040745	epochs	2.0
1311.3145597711182	0.012639999999919382	epochs	3.0
1311.327199771118	0.012560000000121363	epochs	3.0
1311.3397597711182	0.0245599999998376	epochs	2.0
1311.3636578711182	0.5	epochs	-1.0
1311.364319771118	0.5553600000000642	epochs	1.0
1311.9196797711181	0.44456000000013773	epochs	0.0
1316.7909998893738	0.12431999999989785	epochs	0.0
1316.7909998893738	0.057119999999940774	epochs	1.0
1316.8481198893737	0.010080000000016298	epochs	1.0
1316.8581998893737	0.057119999999940774	epochs	1.0
1316.9153198893737	2.0	epochs	0.0
1318.9153198893737	0.5155200000001514	epochs	0.0
1318.9153198893737	0.5155200000001514	epochs	1.0
1318.9153779893738	0.5	epochs	-1.0
1319.4153779893738	0.015461899999991147	epochs	-1.0
1319.4308398893738	21.48440000000005	epochs	0.0
1323.7149996757507	0.12431999999989785	epochs	0.0
1323.7149996757507	0.057119999999940774	epochs	1.0
1323.7721196757507	0.010080000000016298	epochs	1.0
1323.7821996757507	0.057119999999940774	epochs	1.0
1323.8393196757506	2.0	epochs	0.0
1325.8393196757506	0.5355200000001332	epochs	0.0
1325.8393196757506	0.5355200000001332	epochs	1.0
1325.8393777757508	0.5	epochs	-1.0
1326.3393777757508	0.03546189999997296	epochs	-1.0
1326.3748396757508	21.46440000000007	epochs	0.0
1330.7519998550415	0.12431999999989785	epochs	0.0
1330.7519998550415	0.057119999999940774	epochs	1.0
1330.8091198550414	0.010080000000016298	epochs	1.0
1330.8191998550415	0.057119999999940774	epochs	1.0
1330.8763198550414	2.0	epochs	0.0
1332.8763198550414	21.999920000000202	epochs	0.0
1332.8763198550414	1.0	epochs	1.0
1332.8763779550416	0.5	epochs	-1.0
1333.3763779550416	19.99928	epochs	-1.0
1333.8763198550414	20.0	epochs	1.0
1333.8763198550414	8.000000002539309e-05	epochs	2.0
1333.8763998550414	4.356719999999996	epochs	-1.0
1333.8763998550414	1.9745600000001104	epochs	2.0
1333.8763998550414	1.098560000000134	epochs	3.0
1334.9749598550416	0.8759999999999764	epochs	3.0
1335.8509598550415	1.3523999999999887	epochs	2.0
1335.8509598550415	0.7286400000000413	epochs	3.0
1336.5795998550416	0.6237599999999475	epochs	3.0
1337.2033598550415	1.0297599999998965	epochs	2.0
1337.2033598550415	0.5453600000000733	epochs	3.0
1337.7487198550416	0.4843999999998232	epochs	3.0
1338.2331198550414	0.8317600000000311	epochs	2.0
1338.2331198550414	0.435760000000073	epochs	3.0
1338.6688798550415	0.39599999999995816	epochs	3.0
1339.0648798550415	0.697840000000042	epochs	2.0
1339.0648798550415	0.362880000000132	epochs	3.0
1339.4277598550416	0.33495999999991	epochs	3.0
1339.7627198550415	0.6010400000000118	epochs	2.0
1339.7627198550415	0.3108799999999974	epochs	3.0
1340.0735998550415	0.2901600000000144	epochs	3.0
1340.3637598550415	0.5278399999999692	epochs	2.0
1340.3637598550415	0.2719199999999091	epochs	3.0
1340.6356798550414	0.2559200000000601	epochs	3.0
1340.8915998550415	0.47064000000000306	epochs	2.0
1340.8915998550415	0.2416800000000876	epochs	3.0
1341.1332798550416	0.22895999999991545	epochs	3.0
1341.3622398550415	0.42455999999992855	epochs	2.0
1341.3622398550415	0.2174400000001242	epochs	3.0
1341.5796798550416	0.20711999999980435	epochs	3.0
1341.7867998550414	0.3867200000001958	epochs	2.0
1341.7867998550414	0.1976799999999912	epochs	3.0
1341.9844798550414	0.1890400000002046	epochs	3.0
1342.1735198550416	0.3551199999999426	epochs	2.0
1342.1735198550416	0.1811999999999898	epochs	3.0
1342.3547198550416	0.17391999999995278	epochs	3.0
1342.5286398550415	0.3282400000000507	epochs	2.0
1342.5286398550415	0.16719999999986612	epochs	3.0
1342.6958398550414	0.1610400000001846	epochs	3.0
1342.8568798550416	0.30520000000001346	epochs	2.0
1342.8568798550416	0.1552799999999479	epochs	3.0
1343.0121598550415	0.14992000000006556	epochs	3.0
1343.1620798550416	0.28512000000000626	epochs	2.0
1343.1620798550416	0.14487999999983003	epochs	3.0
1343.3069598550414	0.14024000000017622	epochs	3.0
1343.4471998550416	0.26751999999987675	epochs	2.0
1343.4471998550416	0.13583999999991647	epochs	3.0
1343.5830398550415	0.13167999999996027	epochs	3.0
1343.7147198550415	0.2520799999999781	epochs	2.0
1343.7147198550415	0.12784000000010565	epochs	3.0
1343.8425598550416	0.12423999999987245	epochs	3.0
1343.9667998550415	0.23816000000010717	epochs	2.0
1343.9667998550415	0.1207200000001194	epochs	3.0
1344.0875198550416	0.11743999999998778	epochs	3.0
1344.2049598550416	0.22583999999983462	epochs	2.0
1344.2049598550416	0.11439999999993233	epochs	3.0
1344.3193598550415	0.11143999999990228	epochs	3.0
1344.4307998550414	0.21464000000014494	epochs	2.0
1344.4307998550414	0.1086400000001504	epochs	3.0
1344.5394398550416	0.10599999999999454	epochs	3.0
1344.6454398550416	0.20447999999987587	epochs	2.0
1344.6454398550416	0.10343999999986409	epochs	3.0
1344.7488798550414	0.10104000000001179	epochs	3.0
1344.8499198550414	0.1953600000001643	epochs	2.0
1344.8499198550414	0.0987999999999829	epochs	3.0
1344.9487198550414	0.09656000000018139	epochs	3.0
1345.0452798550416	0.18695999999999913	epochs	2.0
1345.0452798550416	0.09447999999997592	epochs	3.0
1345.1397598550416	0.09248000000002321	epochs	3.0
1345.2322398550416	0.17919999999980973	epochs	2.0
1345.2322398550416	0.09047999999984313	epochs	3.0
1345.3227198550414	0.0887199999999666	epochs	3.0
1345.4114398550414	0.17208000000005086	epochs	2.0
1345.4114398550414	0.08688000000006468	epochs	3.0
1345.4983198550415	0.08519999999998618	epochs	3.0
1345.5835198550415	0.165520000000015	epochs	2.0
1345.5835198550415	0.08359999999993306	epochs	3.0
1345.6671198550414	0.08192000000008193	epochs	3.0
1345.7490398550415	0.1595199999999295	epochs	2.0
1345.7490398550415	0.0804800000000796	epochs	3.0
1345.8295198550416	0.0790399999998499	epochs	3.0
1345.9085598550414	0.15376000000014756	epochs	2.0
1345.9085598550414	0.07760000000007494	epochs	3.0
1345.9861598550415	0.07616000000007261	epochs	3.0
1346.0623198550416	0.14855999999986125	epochs	2.0
1346.0623198550416	0.07495999999991909	epochs	3.0
1346.1372798550415	0.07359999999994216	epochs	3.0
1346.2108798550414	0.14368000000013126	epochs	2.0
1346.2108798550414	0.0724800000000414	epochs	3.0
1346.2833598550415	0.07120000000008986	epochs	3.0
1346.3545598550415	0.1390400000000227	epochs	2.0
1346.3545598550415	0.07007999999996173	epochs	3.0
1346.4246398550415	0.06896000000006097	epochs	3.0
1346.4935998550416	0.13472000000001572	epochs	2.0
1346.4935998550416	0.06791999999995824	epochs	3.0
1346.5615198550415	0.06680000000005748	epochs	3.0
1346.6283198550416	0.13071999999988293	epochs	2.0
1346.6283198550416	0.06583999999998014	epochs	3.0
1346.6941598550416	0.0648799999999028	epochs	3.0
1346.7590398550415	0.1268000000000029	epochs	2.0
1346.7590398550415	0.06384000000002743	epochs	3.0
1346.8228798550415	0.06295999999997548	epochs	3.0
1346.8858398550415	0.12328000000002248	epochs	2.0
1346.8858398550415	0.0620800000001509	epochs	3.0
1346.9479198550416	0.06119999999987158	epochs	3.0
1347.0091198550415	0.11984000000006745	epochs	2.0
1347.0091198550415	0.060320000000047	epochs	3.0
1347.0694398550415	0.059520000000020445	epochs	3.0
1347.1289598550416	0.11663999999996122	epochs	2.0
1347.1289598550416	0.05871999999999389	epochs	3.0
1347.1876798550416	0.05791999999996733	epochs	3.0
1347.2455998550415	0.11359999999990578	epochs	2.0
1347.2455998550415	0.05719999999996617	epochs	3.0
1347.3027998550415	0.05639999999993961	epochs	3.0
1347.3591998550414	0.1107200000001285	epochs	2.0
1347.3591998550414	0.05568000000016582	epochs	3.0
1347.4148798550416	0.055039999999962674	epochs	3.0
1347.4699198550416	0.10791999999992186	epochs	2.0
1347.4699198550416	0.05423999999993612	epochs	3.0
1347.5241598550415	0.05367999999998574	epochs	3.0
1347.5778398550415	0.10527999999999338	epochs	2.0
1347.5778398550415	0.052959999999984575	epochs	3.0
1347.6307998550415	0.052320000000008804	epochs	3.0
1347.6831198550415	0.10288000000014108	epochs	2.0
1347.6831198550415	0.051760000000058426	epochs	3.0
1347.7348798550415	0.051120000000082655	epochs	3.0
1347.7859998550416	0.10039999999980864	epochs	2.0
1347.7859998550416	0.05047999999987951	epochs	3.0
1347.8364798550415	0.04991999999992913	epochs	3.0
1347.8863998550414	0.09824000000003252	epochs	2.0
1347.8863998550414	0.049359999999978754	epochs	3.0
1347.9357598550414	0.04888000000005377	epochs	3.0
1347.9846398550415	0.09600000000000364	epochs	2.0
1347.9846398550415	0.048240000000078	epochs	3.0
1348.0328798550415	0.04775999999992564	epochs	3.0
1348.0806398550415	0.09392000000002554	epochs	2.0
1348.0806398550415	0.04719999999997526	epochs	3.0
1348.1278398550414	0.04672000000005028	epochs	3.0
1348.1745598550415	0.09192000000007283	epochs	2.0
1348.1745598550415	0.0461600000000999	epochs	3.0
1348.2207198550416	0.04575999999997293	epochs	3.0
1348.2664798550416	0.09007999999994354	epochs	2.0
1348.2664798550416	0.04528000000004795	epochs	3.0
1348.3117598550416	0.04479999999989559	epochs	3.0
1348.3565598550415	0.08816000000001623	epochs	2.0
1348.3565598550415	0.044319999999970605	epochs	3.0
1348.4008798550415	0.04384000000004562	epochs	3.0
1348.4447198550415	0.08647999999993772	epochs	2.0
1348.4447198550415	0.043439999999918655	epochs	3.0
1348.4881598550414	0.04304000000001906	epochs	3.0
1348.5311998550415	0.08472000000006119	epochs	2.0
1348.5311998550415	0.04256000000009408	epochs	3.0
1348.5737598550415	0.04215999999996711	epochs	3.0
1348.6159198550415	0.08320000000003347	epochs	2.0
1348.6159198550415	0.04176000000006752	epochs	3.0
1348.6576798550416	0.04143999999996595	epochs	3.0
1348.6991198550415	0.08151999999995496	epochs	2.0
1348.6991198550415	0.040960000000040964	epochs	3.0
1348.7400798550416	0.040559999999914	epochs	3.0
1348.7806398550415	0.08007999999995263	epochs	2.0
1348.7806398550415	0.0402400000000398	epochs	3.0
1348.8208798550415	0.039839999999912834	epochs	3.0
1348.8607198550415	0.0786399999999503	epochs	2.0
1348.8607198550415	0.039520000000038635	epochs	3.0
1348.9002398550415	0.03911999999991167	epochs	3.0
1348.9393598550414	0.07720000000017535	epochs	2.0
1348.9393598550414	0.03880000000003747	epochs	3.0
1348.9781598550414	0.03840000000013788	epochs	3.0
1349.0165598550416	0.07591999999999643	epochs	2.0
1349.0165598550416	0.038159999999834326	epochs	3.0
1349.0547198550414	0.03776000000016211	epochs	3.0
1349.0924798550416	0.0745600000000195	epochs	2.0
1349.0924798550416	0.03743999999983316	epochs	3.0
1349.1299198550414	0.03712000000018634	epochs	3.0
1349.1670398550416	0.07335999999986598	epochs	2.0
1349.1670398550416	0.03679999999985739	epochs	3.0
1349.2038398550415	0.036560000000008586	epochs	3.0
1349.2403998550415	0.07208000000014181	epochs	2.0
1349.2403998550415	0.036160000000108994	epochs	3.0
1349.2765598550416	0.035920000000032815	epochs	3.0
1349.3124798550416	0.07087999999998829	epochs	2.0
1349.3124798550416	0.03559999999993124	epochs	3.0
1349.3480798550415	0.035280000000057044	epochs	3.0
1349.3833598550416	0.06983999999988555	epochs	2.0
1349.3833598550416	0.035039999999980864	epochs	3.0
1349.4183998550416	0.034799999999904685	epochs	3.0
1349.4531998550415	0.0686399999999594	epochs	2.0
1349.4531998550415	0.034480000000030486	epochs	3.0
1349.4876798550415	0.034159999999928914	epochs	3.0
1349.5218398550414	0.06760000000008404	epochs	2.0
1349.5218398550414	0.03392000000008011	epochs	3.0
1349.5557598550415	0.03368000000000393	epochs	3.0
1349.5894398550415	0.0665599999999813	epochs	2.0
1349.5894398550415	0.03343999999992775	epochs	3.0
1349.6228798550414	0.03312000000005355	epochs	3.0
1349.6559998550415	0.06559999999990396	epochs	2.0
1349.6559998550415	0.032960000000002765	epochs	3.0
1349.6889598550415	0.03263999999990119	epochs	3.0
1349.7215998550414	0.0645600000000286	epochs	2.0
1349.7215998550414	0.03240000000005239	epochs	3.0
1349.7539998550415	0.03215999999997621	epochs	3.0
1349.7861598550414	0.06367999999997664	epochs	2.0
1349.7861598550414	0.032000000000152795	epochs	3.0
1349.8181598550416	0.03167999999982385	epochs	3.0
1349.8498398550414	0.06272000000012667	epochs	2.0
1349.8498398550414	0.03144000000020242	epochs	3.0
1349.8812798550416	0.03127999999992426	epochs	3.0
1349.9125598550415	0.061840000000074724	epochs	2.0
1349.9125598550415	0.03104000000007545	epochs	3.0
1349.9435998550416	0.030799999999999272	epochs	3.0
1349.9743998550416	0.0609599999997954	epochs	2.0
1349.9743998550416	0.030559999999923093	epochs	3.0
1350.0049598550415	0.030399999999872307	epochs	3.0
1350.0353598550414	0.060159999999996217	epochs	2.0
1350.0353598550414	0.0301600000000235	epochs	3.0
1350.0655198550414	0.029999999999972715	epochs	3.0
1350.0955198550414	0.05928000000017164	epochs	2.0
1350.0955198550414	0.029680000000098516	epochs	3.0
1350.1251998550415	0.029600000000073123	epochs	3.0
1350.1547998550416	0.05847999999991771	epochs	2.0
1350.1547998550416	0.029359999999996944	epochs	3.0
1350.1841598550416	0.029119999999920765	epochs	3.0
1350.2132798550415	0.057759999999916545	epochs	2.0
1350.2132798550415	0.028960000000097352	epochs	3.0
1350.2422398550416	0.028799999999819192	epochs	3.0
1350.2710398550414	0.05696000000011736	epochs	2.0
1350.2710398550414	0.02856000000019776	epochs	3.0
1350.2995998550416	0.0283999999999196	epochs	3.0
1350.3279998550415	0.05623999999988882	epochs	2.0
1350.3279998550415	0.028160000000070795	epochs	3.0
1350.3561598550416	0.02807999999981803	epochs	3.0
1350.3842398550414	0.05544000000008964	epochs	2.0
1350.3842398550414	0.027840000000196596	epochs	3.0
1350.4120798550416	0.027599999999893043	epochs	3.0
1350.4396798550415	0.05487999999991189	epochs	2.0
1350.4396798550415	0.027520000000095024	epochs	3.0
1350.4671998550416	0.027359999999816864	epochs	3.0
1350.4945598550414	0.054080000000112705	epochs	2.0
1350.4945598550414	0.027120000000195432	epochs	3.0
1350.5216798550416	0.026959999999917272	epochs	3.0
1350.5486398550415	0.05343999999990956	epochs	2.0
1350.5486398550415	0.026799999999866486	epochs	3.0
1350.5754398550414	0.026640000000043074	epochs	3.0
1350.6020798550414	0.05287999999995918	epochs	2.0
1350.6020798550414	0.026479999999992287	epochs	3.0
1350.6285598550414	0.026399999999966894	epochs	3.0
1350.6549598550414	0.05216000000018539	epochs	2.0
1350.6549598550414	0.02616000000011809	epochs	3.0
1350.6811198550415	0.026000000000067303	epochs	3.0
1350.7071198550416	0.05151999999998225	epochs	2.0
1350.7071198550416	0.025840000000016516	epochs	3.0
1350.7329598550416	0.02567999999996573	epochs	3.0
1350.7586398550416	0.05096000000003187	epochs	2.0
1350.7586398550416	0.025599999999940337	epochs	3.0
1350.7842398550415	0.02536000000009153	epochs	3.0
1350.8095998550416	0.05039999999985412	epochs	2.0
1350.8095998550416	0.025279999999838765	epochs	3.0
1350.8348798550414	0.025120000000015352	epochs	3.0
1350.8599998550415	0.04976000000010572	epochs	2.0
1350.8599998550415	0.024959999999964566	epochs	3.0
1350.8849598550414	0.024800000000141154	epochs	3.0
1350.9097598550416	0.04919999999992797	epochs	2.0
1350.9097598550416	0.024639999999862994	epochs	3.0
1350.9343998550414	0.024560000000064974	epochs	3.0
1350.9589598550415	0.04872000000000298	epochs	2.0
1350.9589598550415	0.024400000000014188	epochs	3.0
1350.9833598550415	0.024319999999988795	epochs	3.0
1351.0076798550415	0.04808000000002721	epochs	2.0
1351.0076798550415	0.024079999999912616	epochs	3.0
1351.0317598550414	0.024000000000114596	epochs	3.0
1351.0557598550415	0.04760000000010223	epochs	2.0
1351.0557598550415	0.02384000000006381	epochs	3.0
1351.0795998550416	0.023760000000038417	epochs	3.0
1351.1033598550416	0.04711999999994987	epochs	2.0
1351.1033598550416	0.02359999999998763	epochs	3.0
1351.1269598550416	0.023519999999962238	epochs	3.0
1351.1504798550416	0.04655999999999949	epochs	2.0
1351.1504798550416	0.02335999999991145	epochs	3.0
1351.1738398550415	0.02320000000008804	epochs	3.0
1351.1970398550416	0.04607999999984713	epochs	2.0
1351.1970398550416	0.023119999999835272	epochs	3.0
1351.2201598550414	0.02296000000001186	epochs	3.0
1351.2431198550414	0.04560000000014952	epochs	2.0
1351.2431198550414	0.022879999999986467	epochs	3.0
1351.2659998550414	0.022720000000163054	epochs	3.0
1351.2887198550416	0.04511999999999716	epochs	2.0
1351.2887198550416	0.022639999999910287	epochs	3.0
1351.3113598550415	0.022480000000086875	epochs	3.0
1351.3338398550416	0.044639999999844804	epochs	2.0
1351.3338398550416	0.022399999999834108	epochs	3.0
1351.3562398550414	0.022240000000010696	epochs	3.0
1351.3784798550414	0.044240000000172586	epochs	2.0
1351.3784798550414	0.022159999999985303	epochs	3.0
1351.4006398550414	0.022080000000187283	epochs	3.0
1351.4227198550416	0.04376000000002023	epochs	2.0
1351.4227198550416	0.021919999999909123	epochs	3.0
1351.4446398550415	0.021840000000111104	epochs	3.0
1351.4664798550416	0.04335999999989326	epochs	2.0
1351.4664798550416	0.021759999999858337	epochs	3.0
1351.4882398550415	0.021600000000034925	epochs	3.0
1351.5098398550415	0.04287999999996828	epochs	2.0
1351.5098398550415	0.02143999999998414	epochs	3.0
1351.5312798550415	0.02143999999998414	epochs	3.0
1351.5527198550415	0.042480000000068685	epochs	2.0
1351.5527198550415	0.021279999999933352	epochs	3.0
1351.5739998550414	0.021200000000135333	epochs	3.0
1351.5951998550415	0.04207999999994172	epochs	2.0
1351.5951998550415	0.021040000000084547	epochs	3.0
1351.6162398550416	0.021039999999857173	epochs	3.0
1351.6372798550415	0.04168000000004213	epochs	2.0
1351.6372798550415	0.02088000000003376	epochs	3.0
1351.6581598550415	0.020800000000008367	epochs	3.0
1351.6789598550415	0.04119999999988977	epochs	2.0
1351.6789598550415	0.02063999999995758	epochs	3.0
1351.6995998550415	0.020559999999932188	epochs	3.0
1351.7201598550414	0.04088000000001557	epochs	2.0
1351.7201598550414	0.020560000000159562	epochs	3.0
1351.7407198550416	0.02031999999985601	epochs	3.0
1351.7610398550414	0.04056000000014137	epochs	2.0
1351.7610398550414	0.020320000000083382	epochs	3.0
1351.7813598550415	0.02024000000005799	epochs	3.0
1351.8015998550416	0.04007999999998901	epochs	2.0
1351.8015998550416	0.020080000000007203	epochs	3.0
1351.8216798550416	0.01999999999998181	epochs	3.0
1351.8416798550415	0.03975999999988744	epochs	2.0
1351.8416798550415	0.019919999999956417	epochs	3.0
1351.8615998550415	0.019839999999931024	epochs	3.0
1351.8814398550414	0.03944000000001324	epochs	2.0
1351.8814398550414	0.019760000000133005	epochs	3.0
1351.9011998550416	0.019679999999880238	epochs	3.0
1351.9208798550414	0.03904000000011365	epochs	2.0
1351.9208798550414	0.019520000000056825	epochs	3.0
1351.9403998550415	0.019520000000056825	epochs	3.0
1351.9599198550416	0.038639999999986685	epochs	2.0
1351.9599198550416	0.01936000000000604	epochs	3.0
1351.9792798550416	0.019279999999980646	epochs	3.0
1351.9985598550415	0.038399999999910506	epochs	2.0
1351.9985598550415	0.019279999999980646	epochs	3.0
1352.0178398550415	0.01911999999992986	epochs	3.0
1352.0369598550415	0.038000000000010914	epochs	2.0
1352.0369598550415	0.01904000000013184	epochs	3.0
1352.0559998550416	0.018959999999879074	epochs	3.0
1352.0749598550415	0.037680000000136715	epochs	2.0
1352.0749598550415	0.018880000000081054	epochs	3.0
1352.0938398550416	0.01880000000005566	epochs	3.0
1352.1126398550416	0.03735999999980777	epochs	2.0
1352.1126398550416	0.018719999999802894	epochs	3.0
1352.1313598550414	0.018640000000004875	epochs	3.0
1352.1499998550414	0.037040000000160944	epochs	2.0
1352.1499998550414	0.018559999999979482	epochs	3.0
1352.1685598550414	0.018480000000181462	epochs	3.0
1352.1870398550416	0.036719999999832	epochs	2.0
1352.1870398550416	0.018399999999928696	epochs	3.0
1352.2054398550415	0.018319999999903303	epochs	3.0
1352.2237598550414	0.036480000000210566	epochs	2.0
1352.2237598550414	0.018240000000105283	epochs	3.0
1352.2419998550415	0.018240000000105283	epochs	3.0
1352.2602398550416	0.03607999999985623	epochs	2.0
1352.2602398550416	0.018079999999827123	epochs	3.0
1352.2783198550414	0.018000000000029104	epochs	3.0
1352.2963198550415	0.03584000000000742	epochs	2.0
1352.2963198550415	0.01792000000000371	epochs	3.0
1352.3142398550415	0.01792000000000371	epochs	3.0
1352.3321598550415	0.03552000000013322	epochs	2.0
1352.3321598550415	0.017759999999952925	epochs	3.0
1352.3499198550414	0.017760000000180298	epochs	3.0
1352.3676798550416	0.03519999999980428	epochs	2.0
1352.3676798550416	0.01767999999992753	epochs	3.0
1352.3853598550415	0.017519999999876745	epochs	3.0
1352.4028798550414	0.034960000000182845	epochs	2.0
1352.4028798550414	0.01752000000010412	epochs	3.0
1352.4203998550415	0.017440000000078726	epochs	3.0
1352.4378398550416	0.03471999999987929	epochs	2.0
1352.4378398550416	0.017439999999851352	epochs	3.0
1352.4552798550415	0.01728000000002794	epochs	3.0
1352.4725598550415	0.03440000000000509	epochs	2.0
1352.4725598550415	0.017200000000002547	epochs	3.0
1352.4897598550415	0.017200000000002547	epochs	3.0
1352.5069598550415	0.034159999999928914	epochs	2.0
1352.5069598550415	0.017119999999977153	epochs	3.0
1352.5240798550415	0.01703999999995176	epochs	3.0
1352.5411198550414	0.033840000000054715	epochs	2.0
1352.5411198550414	0.01696000000015374	epochs	3.0
1352.5580798550416	0.016879999999900974	epochs	3.0
1352.5749598550415	0.033599999999978536	epochs	2.0
1352.5749598550415	0.016800000000102955	epochs	3.0
1352.5917598550416	0.01679999999987558	epochs	3.0
1352.6085598550414	0.03336000000012973	epochs	2.0
1352.6085598550414	0.01672000000007756	epochs	3.0
1352.6252798550415	0.01664000000005217	epochs	3.0
1352.6419198550416	0.03311999999982618	epochs	2.0
1352.6419198550416	0.016560000000026776	epochs	3.0
1352.6584798550416	0.016559999999799402	epochs	3.0
1352.6750398550414	0.03280000000017935	epochs	2.0
1352.6750398550414	0.016400000000203363	epochs	3.0
1352.6914398550416	0.01639999999997599	epochs	3.0
1352.7078398550416	0.0325599999998758	epochs	2.0
1352.7078398550416	0.016319999999950596	epochs	3.0
1352.7241598550415	0.016239999999925203	epochs	3.0
1352.7403998550415	0.03240000000005239	epochs	2.0
1352.7403998550415	0.016240000000152577	epochs	3.0
1352.7566398550416	0.01615999999989981	epochs	3.0
1352.7727998550415	0.032079999999950815	epochs	2.0
1352.7727998550415	0.01608000000010179	epochs	3.0
1352.7888798550416	0.015999999999849024	epochs	3.0
1352.8048798550415	0.0319200000001274	epochs	2.0
1352.8048798550415	0.016000000000076398	epochs	3.0
1352.8208798550415	0.015920000000051004	epochs	3.0
1352.8367998550416	0.031599999999798456	epochs	2.0
1352.8367998550416	0.01584000000002561	epochs	3.0
1352.8526398550416	0.015759999999772845	epochs	3.0
1352.8683998550414	0.03144000000020242	epochs	2.0
1352.8683998550414	0.015760000000227592	epochs	3.0
1352.8841598550416	0.015679999999974825	epochs	3.0
1352.8998398550416	0.031199999999898864	epochs	2.0
1352.8998398550416	0.015599999999949432	epochs	3.0
1352.9154398550415	0.015599999999949432	epochs	3.0
1352.9310398550415	0.03096000000005006	epochs	2.0
1352.9310398550415	0.015519999999924039	epochs	3.0
1352.9465598550414	0.01544000000012602	epochs	3.0
1352.9619998550415	0.03071999999997388	epochs	2.0
1352.9619998550415	0.015439999999898646	epochs	3.0
1352.9774398550414	0.015280000000075233	epochs	3.0
1352.9927198550415	0.030559999999923093	epochs	2.0
1352.9927198550415	0.015360000000100626	epochs	3.0
1353.0080798550416	0.015199999999822467	epochs	3.0
1353.0232798550414	0.030320000000074288	epochs	2.0
1353.0232798550414	0.01520000000004984	epochs	3.0
1353.0384798550415	0.015120000000024447	epochs	3.0
1353.0535998550415	0.030079999999998108	epochs	2.0
1353.0535998550415	0.015120000000024447	epochs	3.0
1353.0687198550415	0.014959999999973661	epochs	3.0
1353.0836798550415	0.029919999999947322	epochs	2.0
1353.0836798550415	0.015039999999999054	epochs	3.0
1353.0987198550415	0.014879999999948268	epochs	3.0
1353.1135998550415	0.029680000000098516	epochs	2.0
1353.1135998550415	0.014879999999948268	epochs	3.0
1353.1284798550414	0.014800000000150249	epochs	3.0
1353.1432798550416	0.02952000000004773	epochs	2.0
1353.1432798550416	0.014799999999922875	epochs	3.0
1353.1580798550415	0.014720000000124855	epochs	3.0
1353.1727998550416	0.02927999999997155	epochs	2.0
1353.1727998550416	0.014719999999897482	epochs	3.0
1353.1875198550415	0.01456000000007407	epochs	3.0
1353.2020798550416	0.029119999999920765	epochs	2.0
1353.2020798550416	0.014639999999872089	epochs	3.0
1353.2167198550414	0.014480000000048676	epochs	3.0
1353.2311998550415	0.028960000000097352	epochs	2.0
1353.2311998550415	0.014480000000048676	epochs	3.0
1353.2456798550415	0.014480000000048676	epochs	3.0
1353.2601598550416	0.02863999999999578	epochs	2.0
1353.2601598550416	0.01431999999999789	epochs	3.0
1353.2744798550416	0.01431999999999789	epochs	3.0
1353.2887998550416	0.028559999999970387	epochs	2.0
1353.2887998550416	0.01431999999999789	epochs	3.0
1353.3031198550416	0.014239999999972497	epochs	3.0
1353.3173598550416	0.028319999999894208	epochs	2.0
1353.3173598550416	0.014159999999947104	epochs	3.0
1353.3315198550415	0.014159999999947104	epochs	3.0
1353.3456798550415	0.028160000000070795	epochs	2.0
1353.3456798550415	0.014159999999947104	epochs	3.0
1353.3598398550414	0.014000000000123691	epochs	3.0
1353.3738398550415	0.02800000000002001	epochs	2.0
1353.3738398550415	0.013999999999896318	epochs	3.0
1353.3878398550414	0.014000000000123691	epochs	3.0
1353.4018398550415	0.02775999999994383	epochs	2.0
1353.4018398550415	0.013919999999870925	epochs	3.0
1353.4157598550414	0.013840000000072905	epochs	3.0
1353.4295998550415	0.027679999999918437	epochs	2.0
1353.4295998550415	0.013840000000072905	epochs	3.0
1353.4434398550416	0.013839999999845531	epochs	3.0
1353.4572798550414	0.02744000000006963	epochs	2.0
1353.4572798550414	0.013760000000047512	epochs	3.0
1353.4710398550415	0.013680000000022119	epochs	3.0
1353.4847198550415	0.027280000000018845	epochs	2.0
1353.4847198550415	0.013680000000022119	epochs	3.0
1353.4983998550415	0.013599999999996726	epochs	3.0
1353.5119998550415	0.02711999999996806	epochs	2.0
1353.5119998550415	0.013519999999971333	epochs	3.0
1353.5255198550415	0.013599999999996726	epochs	3.0
1353.5391198550415	0.026880000000119253	epochs	2.0
1353.5391198550415	0.01343999999994594	epochs	3.0
1353.5525598550414	0.013440000000173313	epochs	3.0
1353.5659998550416	0.026799999999866486	epochs	2.0
1353.5659998550416	0.01343999999994594	epochs	3.0
1353.5794398550415	0.013359999999920547	epochs	3.0
1353.5927998550414	0.02656000000001768	epochs	2.0
1353.5927998550414	0.013280000000122527	epochs	3.0
1353.6060798550416	0.013279999999895153	epochs	3.0
1353.6193598550415	0.026479999999992287	epochs	2.0
1353.6193598550415	0.013280000000122527	epochs	3.0
1353.6326398550416	0.01319999999986976	epochs	3.0
1353.6458398550415	0.026240000000143482	epochs	2.0
1353.6458398550415	0.013120000000071741	epochs	3.0
1353.6589598550415	0.013120000000071741	epochs	3.0
1353.6720798550416	0.026159999999890715	epochs	2.0
1353.6720798550416	0.013119999999844367	epochs	3.0
1353.6851998550414	0.013040000000046348	epochs	3.0
1353.6982398550415	0.026000000000067303	epochs	2.0
1353.6982398550415	0.013040000000046348	epochs	3.0
1353.7112798550415	0.012960000000020955	epochs	3.0
1353.7242398550416	0.025759999999991123	epochs	2.0
1353.7242398550416	0.012879999999995562	epochs	3.0
1353.7371198550416	0.012879999999995562	epochs	3.0
1353.7499998550416	0.02567999999996573	epochs	2.0
1353.7499998550416	0.012879999999995562	epochs	3.0
1353.7628798550415	0.012799999999970169	epochs	3.0
1353.7756798550415	0.025519999999914944	epochs	2.0
1353.7756798550415	0.012799999999970169	epochs	3.0
1353.7884798550415	0.012719999999944775	epochs	3.0
1353.8011998550414	0.02536000000009153	epochs	2.0
1353.8011998550414	0.01272000000017215	epochs	3.0
1353.8139198550416	0.012639999999919382	epochs	3.0
1353.8265598550415	0.025200000000040745	epochs	2.0
1353.8265598550415	0.012639999999919382	epochs	3.0
1353.8391998550414	0.012560000000121363	epochs	3.0
1353.8517598550416	0.0245599999998376	epochs	2.0
1353.8756579550416	0.5	epochs	-1.0
1353.8763198550414	0.999920000000202	epochs	1.0
1354.3756579550416	0.5	epochs	-1.0
