onset	duration	nwb_table	treelevel
8.52299976348877	0.09999999999999964	epochs	0.0
8.52299976348877	0.04499999999999993	epochs	1.0
8.56799976348877	0.010004999999999598	epochs	1.0
8.578004763488769	0.04499500000000012	epochs	1.0
8.62299976348877	0.7049950000000003	epochs	0.0
8.62299976348877	0.5	epochs	-1.0
8.62299976348877	0.5	epochs	-1.0
8.62299976348877	0.5	epochs	1.0
9.12299976348877	0.0600000000000005	epochs	-1.0
9.12299976348877	0.025000000000000355	epochs	-1.0
9.12299976348877	0.025000000000000355	epochs	1.0
9.14799976348877	0.009999999999999787	epochs	-1.0
9.14799976348877	0.009999999999999787	epochs	1.0
9.15799976348877	0.025000000000000355	epochs	-1.0
9.15799976348877	0.025000000000000355	epochs	1.0
9.18299976348877	0.0600000000000005	epochs	-1.0
9.18299976348877	0.025000000000000355	epochs	-1.0
9.18299976348877	0.025000000000000355	epochs	1.0
9.20799976348877	0.009999999999999787	epochs	-1.0
9.20799976348877	0.009999999999999787	epochs	1.0
9.21799976348877	0.025000000000000355	epochs	-1.0
9.21799976348877	0.025000000000000355	epochs	1.0
9.24299976348877	0.05999999999999872	epochs	-1.0
9.24299976348877	0.02499999999999858	epochs	-1.0
9.24299976348877	0.02499999999999858	epochs	1.0
9.267999763488769	0.010000000000001563	epochs	-1.0
9.267999763488769	0.010000000000001563	epochs	1.0
9.27799976348877	0.02499999999999858	epochs	-1.0
9.27799976348877	0.02499999999999858	epochs	1.0
9.302999763488769	0.024995000000000545	epochs	1.0
117.51999998092651	0.09999999999999432	epochs	0.0
117.51999998092651	0.045000000000001705	epochs	1.0
117.56499998092652	0.010004999999992492	epochs	1.0
117.57500498092651	0.04499500000000012	epochs	1.0
117.61999998092651	0.7049950000000109	epochs	0.0
117.61999998092651	0.5	epochs	-1.0
117.61999998092651	0.5	epochs	1.0
118.11999998092651	0.060000000000002274	epochs	-1.0
118.11999998092651	0.025000000000005684	epochs	-1.0
118.11999998092651	0.025000000000005684	epochs	1.0
118.14499998092651	0.010000000000005116	epochs	-1.0
118.14499998092651	0.010000000000005116	epochs	1.0
118.15499998092652	0.024999999999991473	epochs	-1.0
118.15499998092652	0.024999999999991473	epochs	1.0
118.17999998092651	0.060000000000002274	epochs	-1.0
118.17999998092651	0.025000000000005684	epochs	-1.0
118.17999998092651	0.025000000000005684	epochs	1.0
118.20499998092652	0.009999999999990905	epochs	-1.0
118.20499998092652	0.009999999999990905	epochs	1.0
118.2149999809265	0.025000000000005684	epochs	-1.0
118.2149999809265	0.025000000000005684	epochs	1.0
118.23999998092651	0.060000000000002274	epochs	-1.0
118.23999998092651	0.025000000000005684	epochs	-1.0
118.23999998092651	0.025000000000005684	epochs	1.0
118.26499998092652	0.009999999999990905	epochs	-1.0
118.26499998092652	0.009999999999990905	epochs	1.0
118.27499998092651	0.025000000000005684	epochs	-1.0
118.27499998092651	0.025000000000005684	epochs	1.0
118.29999998092651	0.024995000000004097	epochs	1.0
180.69299983978271	0.09999999999999432	epochs	0.0
180.69299983978271	0.044999999999987494	epochs	1.0
180.7379998397827	0.010005000000006703	epochs	1.0
180.7480048397827	0.04499500000000012	epochs	1.0
180.7929998397827	61.384995	epochs	0.0
180.7929998397827	0.5	epochs	-1.0
180.7929998397827	0.5	epochs	-1.0
180.7929998397827	0.5	epochs	1.0
181.2929998397827	0.060000000000002274	epochs	-1.0
181.2929998397827	0.025000000000005684	epochs	-1.0
181.2929998397827	0.025000000000005684	epochs	1.0
181.31799983978271	0.009999999999990905	epochs	-1.0
181.31799983978271	0.009999999999990905	epochs	1.0
181.3279998397827	0.025000000000005684	epochs	-1.0
181.3279998397827	0.025000000000005684	epochs	1.0
181.3529998397827	0.060000000000002274	epochs	-1.0
181.3529998397827	0.025000000000005684	epochs	-1.0
181.3529998397827	0.025000000000005684	epochs	1.0
181.37799983978272	0.009999999999990905	epochs	-1.0
181.37799983978272	0.009999999999990905	epochs	1.0
181.3879998397827	0.025000000000005684	epochs	-1.0
181.3879998397827	0.025000000000005684	epochs	1.0
181.4129998397827	0.060000000000002274	epochs	-1.0
181.4129998397827	0.025000000000005684	epochs	-1.0
181.4129998397827	0.025000000000005684	epochs	1.0
181.43799983978272	0.009999999999990905	epochs	-1.0
181.43799983978272	0.009999999999990905	epochs	1.0
181.4479998397827	0.025000000000005684	epochs	-1.0
181.4479998397827	0.025000000000005684	epochs	1.0
181.47299983978272	60.0	epochs	1.0
241.47299983978272	0.5	epochs	-1.0
241.47299983978272	0.5	epochs	-1.0
241.47299983978272	0.5	epochs	1.0
241.97299983978272	0.060000000000002274	epochs	-1.0
241.97299983978272	0.025000000000005684	epochs	-1.0
241.97299983978272	0.025000000000005684	epochs	1.0
241.99799983978272	0.009999999999990905	epochs	-1.0
241.99799983978272	0.009999999999990905	epochs	1.0
242.0079998397827	0.025000000000005684	epochs	-1.0
242.0079998397827	0.025000000000005684	epochs	1.0
242.03299983978272	0.060000000000002274	epochs	-1.0
242.03299983978272	0.025000000000005684	epochs	-1.0
242.03299983978272	0.025000000000005684	epochs	1.0
242.05799983978272	0.009999999999990905	epochs	-1.0
242.05799983978272	0.009999999999990905	epochs	1.0
242.06799983978271	0.025000000000005684	epochs	-1.0
242.06799983978271	0.025000000000005684	epochs	1.0
242.09299983978272	0.060000000000002274	epochs	-1.0
242.09299983978272	0.025000000000005684	epochs	-1.0
242.09299983978272	0.025000000000005684	epochs	1.0
242.11799983978273	0.009999999999990905	epochs	-1.0
242.11799983978273	0.009999999999990905	epochs	1.0
242.12799983978272	0.025000000000005684	epochs	-1.0
242.12799983978272	0.025000000000005684	epochs	1.0
242.15299983978272	0.024994999999989886	epochs	1.0
302.0549998283386	0.10000000000002274	epochs	0.0
302.0549998283386	0.045000000000015916	epochs	1.0
302.09999982833864	0.010004999999978281	epochs	1.0
302.1100048283386	0.04499500000002854	epochs	1.0
302.15499982833865	0.7049949999999967	epochs	0.0
302.15499982833865	0.5	epochs	-1.0
302.15499982833865	0.5	epochs	-1.0
302.15499982833865	0.5	epochs	1.0
302.65499982833865	0.060000000000002274	epochs	-1.0
302.65499982833865	0.024999999999977263	epochs	-1.0
302.65499982833865	0.024999999999977263	epochs	1.0
302.6799998283386	0.009999999999990905	epochs	-1.0
302.6799998283386	0.009999999999990905	epochs	1.0
302.6899998283386	0.025000000000034106	epochs	-1.0
302.6899998283386	0.025000000000034106	epochs	1.0
302.71499982833865	0.060000000000002274	epochs	-1.0
302.71499982833865	0.024999999999977263	epochs	-1.0
302.71499982833865	0.024999999999977263	epochs	1.0
302.7399998283386	0.009999999999990905	epochs	-1.0
302.7399998283386	0.009999999999990905	epochs	1.0
302.7499998283386	0.025000000000034106	epochs	-1.0
302.7499998283386	0.025000000000034106	epochs	1.0
302.77499982833865	0.05999999999994543	epochs	-1.0
302.77499982833865	0.024999999999977263	epochs	-1.0
302.77499982833865	0.024999999999977263	epochs	1.0
302.7999998283386	0.009999999999990905	epochs	-1.0
302.7999998283386	0.009999999999990905	epochs	1.0
302.8099998283386	0.024999999999977263	epochs	-1.0
302.8099998283386	0.024999999999977263	epochs	1.0
302.8349998283386	0.02499500000004673	epochs	1.0
357.22199964523315	0.10964000000001306	epochs	0.0
357.22199964523315	0.04982000000001108	epochs	1.0
357.27181964523317	0.010019999999997253	epochs	1.0
357.28183964523316	0.04980000000000473	epochs	1.0
357.33163964523317	5.999979999999994	epochs	0.0
357.33163964523317	0.5	epochs	1.0
357.33164874523317	0.5	epochs	-1.0
357.33164874523317	0.5	epochs	-1.0
357.83163964523317	5.0	epochs	1.0
362.83163964523317	0.49997999999999365	epochs	1.0
362.83164874523317	0.4999708999999939	epochs	-1.0
383.47300004959106	0.10000000000002274	epochs	0.0
383.47300004959106	0.045000000000015916	epochs	1.0
383.5180000495911	0.010019999999997253	epochs	1.0
383.5280200495911	0.04498000000000957	epochs	1.0
383.5730000495911	2.5598999999999705	epochs	0.0
383.5730000495911	0.5	epochs	-1.0
383.5730000495911	0.5	epochs	1.0
384.0730000495911	1.0	epochs	1.0
385.0730000495911	1.0598999999999705	epochs	1.0
385.5730000495911	0.5	epochs	-1.0
386.13290004959106	0.9400800000000231	epochs	0.0
386.9359998703003	0.10000000000002274	epochs	0.0
386.9359998703003	0.045000000000015916	epochs	1.0
386.9809998703003	0.010019999999997253	epochs	1.0
386.9910198703003	0.04498000000000957	epochs	1.0
387.0359998703003	0.5400999999999954	epochs	0.0
387.0359998703003	0.5	epochs	-1.0
387.0359998703003	0.5	epochs	1.0
387.5359998703003	0.04009999999999536	epochs	1.0
387.5760998703003	2.9598799999999983	epochs	0.0
395.0859999656677	0.10000000000002274	epochs	0.0
395.0859999656677	0.045000000000015916	epochs	1.0
395.13099996566774	0.010019999999997253	epochs	1.0
395.14101996566774	0.04498000000000957	epochs	1.0
395.18599996566775	2.5001800000000003	epochs	0.0
395.18599996566775	0.5	epochs	-1.0
395.18599996566775	0.5	epochs	1.0
395.68599996566775	1.0	epochs	1.0
396.68599996566775	1.0001800000000003	epochs	1.0
397.18599996566775	0.5	epochs	-1.0
397.68617996566775	0.9997999999999934	epochs	0.0
398.45899963378906	0.10000000000002274	epochs	0.0
398.45899963378906	0.045000000000015916	epochs	1.0
398.5039996337891	0.010019999999997253	epochs	1.0
398.5140196337891	0.04498000000000957	epochs	1.0
398.5589996337891	0.5404800000000023	epochs	0.0
398.5589996337891	0.5	epochs	-1.0
398.5589996337891	0.5	epochs	1.0
399.0589996337891	0.04048000000000229	epochs	1.0
399.0994796337891	2.9594999999999914	epochs	0.0
406.5939998626709	0.10000000000002274	epochs	0.0
406.5939998626709	0.045000000000015916	epochs	1.0
406.6389998626709	0.010019999999997253	epochs	1.0
406.6490198626709	0.04498000000000957	epochs	1.0
406.6939998626709	2.5597399999999766	epochs	0.0
406.6939998626709	0.5	epochs	-1.0
406.6939998626709	0.5	epochs	1.0
407.1939998626709	1.0	epochs	1.0
408.1939998626709	1.0597399999999766	epochs	1.0
408.6939998626709	0.5	epochs	-1.0
409.2537398626709	0.9402400000000171	epochs	0.0
410.11100006103516	0.10000000000002274	epochs	0.0
410.11100006103516	0.045000000000015916	epochs	1.0
410.1560000610352	0.010019999999997253	epochs	1.0
410.16602006103517	0.04498000000000957	epochs	1.0
410.2110000610352	2.5001800000000003	epochs	0.0
410.2110000610352	0.5	epochs	-1.0
410.2110000610352	0.5	epochs	1.0
410.7110000610352	1.0	epochs	1.0
411.7110000610352	1.0001800000000003	epochs	1.0
412.2110000610352	0.5	epochs	-1.0
412.7111800610352	0.9997999999999934	epochs	0.0
413.5939998626709	0.10000000000002274	epochs	0.0
413.5939998626709	0.045000000000015916	epochs	1.0
413.6389998626709	0.010019999999997253	epochs	1.0
413.6490198626709	0.04498000000000957	epochs	1.0
413.6939998626709	2.5597999999999956	epochs	0.0
413.6939998626709	0.5	epochs	-1.0
413.6939998626709	0.5	epochs	1.0
414.1939998626709	1.0	epochs	1.0
415.1939998626709	1.0597999999999956	epochs	1.0
415.6939998626709	0.5	epochs	-1.0
416.2537998626709	0.940179999999998	epochs	0.0
417.15399980545044	0.15298000000001366	epochs	0.0
417.15399980545044	0.05000000000001137	epochs	1.0
417.20399980545045	0.002999999999985903	epochs	1.0
417.20699980545044	0.09998000000001639	epochs	1.0
418.30399990081787	0.15298000000001366	epochs	0.0
418.30399990081787	0.05000000000001137	epochs	1.0
418.3539999008179	0.002999999999985903	epochs	1.0
418.35699990081787	0.09998000000001639	epochs	1.0
419.37099981307983	0.15298000000001366	epochs	0.0
419.37099981307983	0.05000000000001137	epochs	1.0
419.42099981307985	0.002999999999985903	epochs	1.0
419.42399981307983	0.09998000000001639	epochs	1.0
420.4539999961853	0.15298000000001366	epochs	0.0
420.4539999961853	0.05000000000001137	epochs	1.0
420.5039999961853	0.002999999999985903	epochs	1.0
420.5069999961853	0.09998000000001639	epochs	1.0
421.55399990081787	0.15298000000001366	epochs	0.0
421.55399990081787	0.05000000000001137	epochs	1.0
421.6039999008179	0.002999999999985903	epochs	1.0
421.60699990081787	0.09998000000001639	epochs	1.0
422.6380000114441	0.15298000000001366	epochs	0.0
422.6380000114441	0.05000000000001137	epochs	1.0
422.6880000114441	0.002999999999985903	epochs	1.0
422.6910000114441	0.09998000000001639	epochs	1.0
423.73799991607666	0.15298000000001366	epochs	0.0
423.73799991607666	0.05000000000001137	epochs	1.0
423.78799991607667	0.002999999999985903	epochs	1.0
423.79099991607666	0.09998000000001639	epochs	1.0
424.90399980545044	0.15298000000001366	epochs	0.0
424.90399980545044	0.05000000000001137	epochs	1.0
424.95399980545045	0.002999999999985903	epochs	1.0
424.95699980545044	0.09998000000001639	epochs	1.0
425.97199964523315	0.15298000000001366	epochs	0.0
425.97199964523315	0.05000000000001137	epochs	1.0
426.02199964523317	0.002999999999985903	epochs	1.0
426.02499964523315	0.09998000000001639	epochs	1.0
427.08799982070923	0.15298000000001366	epochs	0.0
427.08799982070923	0.05000000000001137	epochs	1.0
427.13799982070924	0.002999999999985903	epochs	1.0
427.1409998207092	0.09998000000001639	epochs	1.0
428.22199964523315	0.15298000000001366	epochs	0.0
428.22199964523315	0.05000000000001137	epochs	1.0
428.27199964523317	0.002999999999985903	epochs	1.0
428.27499964523315	0.09998000000001639	epochs	1.0
429.4049997329712	0.15298000000001366	epochs	0.0
429.4049997329712	0.05000000000001137	epochs	1.0
429.4549997329712	0.002999999999985903	epochs	1.0
429.4579997329712	0.09998000000001639	epochs	1.0
430.5549998283386	0.15298000000001366	epochs	0.0
430.5549998283386	0.05000000000001137	epochs	1.0
430.60499982833863	0.002999999999985903	epochs	1.0
430.6079998283386	0.09998000000001639	epochs	1.0
431.73799991607666	0.15298000000001366	epochs	0.0
431.73799991607666	0.05000000000001137	epochs	1.0
431.78799991607667	0.002999999999985903	epochs	1.0
431.79099991607666	0.09998000000001639	epochs	1.0
432.9049997329712	0.15298000000001366	epochs	0.0
432.9049997329712	0.05000000000001137	epochs	1.0
432.9549997329712	0.002999999999985903	epochs	1.0
432.9579997329712	0.09998000000001639	epochs	1.0
434.1219997406006	0.15298000000001366	epochs	0.0
434.1219997406006	0.05000000000001137	epochs	1.0
434.1719997406006	0.002999999999985903	epochs	1.0
434.1749997406006	0.09998000000001639	epochs	1.0
435.3550000190735	0.15298000000001366	epochs	0.0
435.3550000190735	0.05000000000001137	epochs	1.0
435.4050000190735	0.002999999999985903	epochs	1.0
435.4080000190735	0.09998000000001639	epochs	1.0
436.66299962997437	0.10000000000002274	epochs	0.0
436.66299962997437	0.045000000000015916	epochs	1.0
436.7079996299744	0.010019999999997253	epochs	1.0
436.7180196299744	0.04498000000000957	epochs	1.0
436.7629996299744	0.5000199999999495	epochs	0.0
436.7629996299744	0.5	epochs	-1.0
436.7629996299744	0.5	epochs	1.0
437.2629996299744	1.9999999949504854e-05	epochs	1.0
437.26301962997434	1.1029600000000528	epochs	0.0
449.8989996910095	0.10000000000002274	epochs	0.0
449.8989996910095	0.045000000000015916	epochs	1.0
449.94399969100954	0.010019999999997253	epochs	1.0
449.95401969100953	0.04498000000000957	epochs	1.0
449.99899969100954	1.5596599999999512	epochs	0.0
449.99899969100954	0.5	epochs	-1.0
449.99899969100954	0.5	epochs	1.0
450.49899969100954	0.002999999999985903	epochs	1.0
450.50199969100953	1.0566599999999653	epochs	1.0
451.00199969100953	0.5	epochs	-1.0
451.5586596910095	0.043320000000051095	epochs	0.0
452.6819996833801	0.10000000000002274	epochs	0.0
452.6819996833801	0.045000000000015916	epochs	1.0
452.72699968338014	0.010019999999997253	epochs	1.0
452.73701968338014	0.04498000000000957	epochs	1.0
452.78199968338015	1.5600599999999645	epochs	0.0
452.78199968338015	0.5	epochs	-1.0
452.78199968338015	0.5	epochs	1.0
453.28199968338015	0.002999999999985903	epochs	1.0
453.28499968338014	1.0570599999999786	epochs	1.0
453.78499968338014	0.5	epochs	-1.0
454.3420596833801	0.04292000000003782	epochs	0.0
455.3989996910095	0.10000000000002274	epochs	0.0
455.3989996910095	0.045000000000015916	epochs	1.0
455.44399969100954	0.010019999999997253	epochs	1.0
455.45401969100953	0.04498000000000957	epochs	1.0
455.49899969100954	1.5601399999999899	epochs	0.0
455.49899969100954	0.5	epochs	-1.0
455.49899969100954	0.5	epochs	1.0
455.99899969100954	0.002999999999985903	epochs	1.0
456.00199969100953	1.057140000000004	epochs	1.0
456.50199969100953	0.5	epochs	-1.0
457.05913969100953	0.042840000000012424	epochs	0.0
458.15899991989136	0.10000000000002274	epochs	0.0
458.15899991989136	0.045000000000015916	epochs	1.0
458.2039999198914	0.010019999999997253	epochs	1.0
458.21401991989137	0.04498000000000957	epochs	1.0
458.2589999198914	0.5395999999999503	epochs	0.0
458.2589999198914	0.5	epochs	-1.0
458.2589999198914	0.5	epochs	1.0
458.7589999198914	0.002999999999985903	epochs	1.0
458.76199991989137	0.03659999999996444	epochs	1.0
458.79859991989133	1.063380000000052	epochs	0.0
471.3550000190735	0.10000000000002274	epochs	0.0
471.3550000190735	0.045000000000015916	epochs	1.0
471.4000000190735	0.010019999999997253	epochs	1.0
471.4100200190735	0.04498000000000957	epochs	1.0
471.4550000190735	1.5403799999999706	epochs	0.0
471.4550000190735	0.5	epochs	-1.0
471.4550000190735	0.5	epochs	1.0
471.9550000190735	0.002999999999985903	epochs	1.0
471.9580000190735	1.0373799999999846	epochs	1.0
472.4580000190735	0.5	epochs	-1.0
472.9953800190735	0.06260000000003174	epochs	0.0
474.20499992370605	0.10000000000002274	epochs	0.0
474.20499992370605	0.045000000000015916	epochs	1.0
474.24999992370607	0.010019999999997253	epochs	1.0
474.26001992370607	0.04498000000000957	epochs	1.0
474.3049999237061	0.5401200000000017	epochs	0.0
474.3049999237061	0.5	epochs	-1.0
474.3049999237061	0.5	epochs	1.0
474.8049999237061	0.002999999999985903	epochs	1.0
474.80799992370606	0.03712000000001581	epochs	1.0
474.8451199237061	1.0628600000000006	epochs	0.0
476.356999874115	0.10000000000002274	epochs	0.0
476.356999874115	0.045000000000015916	epochs	1.0
476.401999874115	0.010019999999997253	epochs	1.0
476.412019874115	0.04498000000000957	epochs	1.0
476.456999874115	1.5604399999999714	epochs	0.0
476.456999874115	0.5	epochs	-1.0
476.456999874115	0.5	epochs	1.0
476.956999874115	0.002999999999985903	epochs	1.0
476.959999874115	1.0574399999999855	epochs	1.0
477.459999874115	0.5	epochs	-1.0
478.017439874115	0.042540000000030886	epochs	0.0
479.1729998588562	0.10000000000002274	epochs	0.0
479.1729998588562	0.045000000000015916	epochs	1.0
479.2179998588562	0.010019999999997253	epochs	1.0
479.2280198588562	0.04498000000000957	epochs	1.0
479.2729998588562	1.5598799999999642	epochs	0.0
479.2729998588562	0.5	epochs	-1.0
479.2729998588562	0.5	epochs	1.0
479.7729998588562	0.002999999999985903	epochs	1.0
479.7759998588562	1.0568799999999783	epochs	1.0
480.2759998588562	0.5	epochs	-1.0
480.8328798588562	0.04310000000003811	epochs	0.0
490.2979998588562	0.6499800000000278	epochs	0.0
490.2979998588562	0.05000000000001137	epochs	1.0
490.3479998588562	0.5	epochs	1.0
490.8479998588562	0.09998000000001639	epochs	1.0
492.23099994659424	0.6499800000000278	epochs	0.0
492.23099994659424	0.05000000000001137	epochs	1.0
492.28099994659425	0.5	epochs	1.0
492.78099994659425	0.09998000000001639	epochs	1.0
494.19799995422363	0.6499800000000278	epochs	0.0
494.19799995422363	0.05000000000001137	epochs	1.0
494.24799995422364	0.5	epochs	1.0
494.74799995422364	0.09998000000001639	epochs	1.0
496.164999961853	0.6499800000000278	epochs	0.0
496.164999961853	0.05000000000001137	epochs	1.0
496.21499996185304	0.5	epochs	1.0
496.71499996185304	0.09998000000001639	epochs	1.0
498.09800004959106	0.6499800000000278	epochs	0.0
498.09800004959106	0.05000000000001137	epochs	1.0
498.1480000495911	0.5	epochs	1.0
498.6480000495911	0.09998000000001639	epochs	1.0
500.0479998588562	0.6499800000000278	epochs	0.0
500.0479998588562	0.05000000000001137	epochs	1.0
500.0979998588562	0.5	epochs	1.0
500.5979998588562	0.09998000000001639	epochs	1.0
502.09800004959106	0.6499800000000278	epochs	0.0
502.09800004959106	0.05000000000001137	epochs	1.0
502.1480000495911	0.5	epochs	1.0
502.6480000495911	0.09998000000001639	epochs	1.0
504.164999961853	0.6499800000000278	epochs	0.0
504.164999961853	0.05000000000001137	epochs	1.0
504.21499996185304	0.5	epochs	1.0
504.71499996185304	0.09998000000001639	epochs	1.0
506.164999961853	0.6499800000000278	epochs	0.0
506.164999961853	0.05000000000001137	epochs	1.0
506.21499996185304	0.5	epochs	1.0
506.71499996185304	0.09998000000001639	epochs	1.0
508.26599979400635	0.10000000000002274	epochs	0.0
508.26599979400635	0.045000000000015916	epochs	1.0
508.31099979400636	0.010019999999997253	epochs	1.0
508.32101979400636	0.04498000000000957	epochs	1.0
508.36599979400637	5.019879999999944	epochs	0.0
508.36599979400637	0.5	epochs	-1.0
508.36599979400637	0.5	epochs	1.0
508.86599979400637	1.0	epochs	1.0
509.86599979400637	3.5198799999999437	epochs	1.0
510.36599979400637	0.5	epochs	-1.0
510.86599979400637	0.5	epochs	-1.0
511.36599979400637	0.5	epochs	-1.0
511.86599979400637	0.5	epochs	-1.0
512.3659997940064	0.5	epochs	-1.0
512.8659997940064	0.5	epochs	-1.0
513.3858797940063	0.4800999999999931	epochs	0.0
514.8499999046326	0.10000000000002274	epochs	0.0
514.8499999046326	0.04499999999995907	epochs	1.0
514.8949999046325	0.010020000000054097	epochs	1.0
514.9050199046326	0.04498000000000957	epochs	1.0
514.9499999046326	2.5199199999999564	epochs	0.0
514.9499999046326	0.5	epochs	-1.0
514.9499999046326	0.5	epochs	1.0
515.4499999046326	1.0	epochs	1.0
516.4499999046326	1.0199199999999564	epochs	1.0
516.9499999046326	0.5	epochs	-1.0
517.4699199046325	2.9800599999999804	epochs	0.0
520.003999710083	0.10000000000002274	epochs	0.0
520.003999710083	0.04499999999995907	epochs	1.0
520.048999710083	0.010020000000054097	epochs	1.0
520.059019710083	0.04498000000000957	epochs	1.0
520.103999710083	2.500279999999975	epochs	0.0
520.103999710083	0.5	epochs	-1.0
520.103999710083	0.5	epochs	1.0
520.603999710083	1.0	epochs	1.0
521.603999710083	1.0002799999999752	epochs	1.0
522.103999710083	0.5	epochs	-1.0
522.604279710083	3.9996999999999616	epochs	0.0
524.1039996147156	0.10000000000002274	epochs	0.0
524.1039996147156	0.04499999999995907	epochs	1.0
524.1489996147155	0.010020000000054097	epochs	1.0
524.1590196147156	0.04498000000000957	epochs	1.0
524.2039996147156	0.5001800000000003	epochs	0.0
524.2039996147156	0.5	epochs	-1.0
524.2039996147156	0.5	epochs	1.0
524.7039996147156	0.00018000000000029104	epochs	1.0
524.7041796147156	5.9997999999999365	epochs	0.0
535.2979998588562	0.10000000000002274	epochs	0.0
535.2979998588562	0.04499999999995907	epochs	1.0
535.3429998588562	0.010020000000054097	epochs	1.0
535.3530198588562	0.04498000000000957	epochs	1.0
535.3979998588562	2.500059999999962	epochs	0.0
535.3979998588562	0.5	epochs	-1.0
535.3979998588562	0.5	epochs	1.0
535.8979998588562	1.0	epochs	1.0
536.8979998588562	1.0000599999999622	epochs	1.0
537.3979998588562	0.5	epochs	-1.0
537.8980598588562	3.9999199999999746	epochs	0.0
539.4579997062683	0.10000000000002274	epochs	0.0
539.4579997062683	0.04499999999995907	epochs	1.0
539.5029997062683	0.010020000000054097	epochs	1.0
539.5130197062683	0.04498000000000957	epochs	1.0
539.5579997062683	3.520440000000008	epochs	0.0
539.5579997062683	0.5	epochs	-1.0
539.5579997062683	0.5	epochs	1.0
540.0579997062683	1.0	epochs	1.0
541.0579997062683	2.020440000000008	epochs	1.0
541.5579997062683	0.5	epochs	-1.0
542.0579997062683	0.5	epochs	-1.0
542.5579997062683	0.5	epochs	-1.0
543.0784397062683	2.979539999999929	epochs	0.0
544.875	0.10000000000002274	epochs	0.0
544.875	0.04499999999995907	epochs	1.0
544.92	0.010020000000054097	epochs	1.0
544.93002	0.04498000000000957	epochs	1.0
544.975	0.5395999999999503	epochs	0.0
544.975	0.5	epochs	-1.0
544.975	0.5	epochs	1.0
545.475	0.03959999999995034	epochs	1.0
545.5146	5.9603799999999865	epochs	0.0
556.0199999809265	0.10000000000002274	epochs	0.0
556.0199999809265	0.04499999999995907	epochs	1.0
556.0649999809265	0.010020000000054097	epochs	1.0
556.0750199809265	0.04498000000000957	epochs	1.0
556.1199999809265	2.5000400000000127	epochs	0.0
556.1199999809265	0.5	epochs	-1.0
556.1199999809265	0.5	epochs	1.0
556.6199999809265	1.0	epochs	1.0
557.6199999809265	1.0000400000000127	epochs	1.0
558.1199999809265	0.5	epochs	-1.0
558.6200399809265	3.999939999999924	epochs	0.0
560.8319997787476	0.10000000000002274	epochs	0.0
560.8319997787476	0.04499999999995907	epochs	1.0
560.8769997787475	0.010020000000054097	epochs	1.0
560.8870197787476	0.04498000000000957	epochs	1.0
560.9319997787476	2.55953999999997	epochs	0.0
560.9319997787476	0.5	epochs	-1.0
560.9319997787476	0.5	epochs	1.0
561.4319997787476	1.0	epochs	1.0
562.4319997787476	1.05953999999997	epochs	1.0
562.9319997787476	0.5	epochs	-1.0
563.4915397787476	7.940439999999967	epochs	0.0
575.9539999961853	0.10000000000002274	epochs	0.0
575.9539999961853	0.04499999999995907	epochs	1.0
575.9989999961853	0.010020000000054097	epochs	1.0
576.0090199961853	0.04498000000000957	epochs	1.0
576.0539999961853	2.55953999999997	epochs	0.0
576.0539999961853	0.5	epochs	-1.0
576.0539999961853	0.5	epochs	1.0
576.5539999961853	1.0	epochs	1.0
577.5539999961853	1.05953999999997	epochs	1.0
578.0539999961853	0.5	epochs	-1.0
578.6135399961853	7.940439999999967	epochs	0.0
591.1259999275208	0.10000000000002274	epochs	0.0
591.1259999275208	0.04499999999995907	epochs	1.0
591.1709999275207	0.010020000000054097	epochs	1.0
591.1810199275208	0.04498000000000957	epochs	1.0
591.2259999275208	3.0002399999999625	epochs	0.0
591.2259999275208	0.5	epochs	-1.0
591.2259999275208	0.5	epochs	1.0
591.7259999275208	1.0	epochs	1.0
592.7259999275208	1.5002399999999625	epochs	1.0
593.2259999275208	0.5	epochs	-1.0
593.7259999275208	0.5	epochs	-1.0
594.2262399275207	7.499739999999974	epochs	0.0
606.2699999809265	0.10000000000002274	epochs	0.0
606.2699999809265	0.04499999999995907	epochs	1.0
606.3149999809265	0.010020000000054097	epochs	1.0
606.3250199809265	0.04498000000000957	epochs	1.0
606.3699999809265	2.500419999999963	epochs	0.0
606.3699999809265	0.5	epochs	-1.0
606.3699999809265	0.5	epochs	1.0
606.8699999809265	1.0	epochs	1.0
607.8699999809265	1.0004199999999628	epochs	1.0
608.3699999809265	0.5	epochs	-1.0
608.8704199809265	7.999559999999974	epochs	0.0
621.3810000419617	0.10000000000002274	epochs	0.0
621.3810000419617	0.04499999999995907	epochs	1.0
621.4260000419616	0.010020000000054097	epochs	1.0
621.4360200419617	0.04498000000000957	epochs	1.0
621.4810000419617	2.5199400000000196	epochs	0.0
621.4810000419617	0.5	epochs	-1.0
621.4810000419617	0.5	epochs	1.0
621.9810000419617	1.0	epochs	1.0
622.9810000419617	1.0199400000000196	epochs	1.0
623.4810000419617	0.5	epochs	-1.0
624.0009400419617	7.980039999999917	epochs	0.0
636.6219997406006	0.10000000000002274	epochs	0.0
636.6219997406006	0.04499999999995907	epochs	1.0
636.6669997406005	0.010020000000054097	epochs	1.0
636.6770197406006	0.04498000000000957	epochs	1.0
636.7219997406006	9.400480000000016	epochs	0.0
636.7219997406006	0.5	epochs	-1.0
636.7219997406006	0.5	epochs	1.0
637.2219997406006	8.900480000000016	epochs	1.0
644.6222797406006	1.5002000000000635	epochs	-1.0
644.6222797406006	0.0402400000000398	epochs	-1.0
645.1197797406006	0.5	epochs	-1.0
645.6197797406006	0.5	epochs	-1.0
646.1224797406006	10.09949999999992	epochs	0.0
648.4340000152588	0.10000000000002274	epochs	0.0
648.4340000152588	0.04499999999995907	epochs	1.0
648.4790000152587	0.010020000000054097	epochs	1.0
648.4890200152588	0.04498000000000957	epochs	1.0
648.5340000152588	9.179779999999937	epochs	0.0
648.5340000152588	0.5	epochs	-1.0
648.5340000152588	0.5	epochs	1.0
649.0340000152588	8.679779999999937	epochs	1.0
656.2140000152588	1.499779999999987	epochs	-1.0
656.2140000152588	0.03953999999998814	epochs	-1.0
656.7115000152588	0.5	epochs	-1.0
657.2115000152588	0.5	epochs	-1.0
657.7137800152587	10.3202	epochs	0.0
659.8289999961853	0.10000000000002274	epochs	0.0
659.8289999961853	0.04499999999995907	epochs	1.0
659.8739999961853	0.010020000000054097	epochs	1.0
659.8840199961853	0.04498000000000957	epochs	1.0
659.9289999961853	8.480739999999969	epochs	0.0
659.9289999961853	0.5	epochs	-1.0
659.9289999961853	0.5	epochs	1.0
660.4289999961853	7.980739999999969	epochs	1.0
667.4093999961854	1.0003399999999374	epochs	-1.0
667.4093999961854	0.039559999999937645	epochs	-1.0
667.9068999961853	0.5	epochs	-1.0
668.4097399961853	11.019239999999968	epochs	0.0
670.6879997253418	0.10000000000002274	epochs	0.0
670.6879997253418	0.04499999999995907	epochs	1.0
670.7329997253418	0.010020000000054097	epochs	1.0
670.7430197253418	0.04498000000000957	epochs	1.0
670.7879997253418	14.160439999999994	epochs	0.0
670.7879997253418	0.5	epochs	-1.0
670.7879997253418	0.5	epochs	1.0
671.2879997253418	13.660439999999994	epochs	1.0
680.4279397253418	4.52049999999997	epochs	-1.0
680.4279397253418	0.03958000000000084	epochs	-1.0
680.9245997253417	0.5	epochs	-1.0
681.4245997253417	0.5	epochs	-1.0
681.9245997253417	0.5	epochs	-1.0
682.4245997253417	0.5	epochs	-1.0
682.9245997253417	0.5	epochs	-1.0
683.4245997253417	0.5	epochs	-1.0
683.9245997253417	0.5	epochs	-1.0
684.4245997253417	0.5	epochs	-1.0
684.9484397253418	5.339539999999943	epochs	0.0
687.5339999198914	0.10000000000002274	epochs	0.0
687.5339999198914	0.04499999999995907	epochs	1.0
687.5789999198913	0.010020000000054097	epochs	1.0
687.5890199198914	0.04498000000000957	epochs	1.0
687.6339999198914	19.499979999999937	epochs	0.0
687.6339999198914	0.5	epochs	-1.0
687.6339999198914	0.5	epochs	1.0
688.1339999198914	16.0	epochs	1.0
700.6536999198913	6.480279999999993	epochs	-1.0
700.6536999198913	0.0402400000000398	epochs	-1.0
701.1486999198913	0.5	epochs	-1.0
701.6486999198913	0.5	epochs	-1.0
702.1486999198913	0.5	epochs	-1.0
702.6486999198913	0.5	epochs	-1.0
703.1486999198913	0.5	epochs	-1.0
703.6486999198913	0.5	epochs	-1.0
704.1339999198914	2.999979999999937	epochs	1.0
704.1486999198913	0.5	epochs	-1.0
704.6486999198913	0.5	epochs	-1.0
705.1486999198913	0.5	epochs	-1.0
705.6486999198913	0.5	epochs	-1.0
706.1486999198913	0.5	epochs	-1.0
709.6099996566772	0.10000000000002274	epochs	0.0
709.6099996566772	0.04499999999995907	epochs	1.0
709.6549996566772	0.010020000000054097	epochs	1.0
709.6650196566773	0.04498000000000957	epochs	1.0
709.7099996566773	0.5397399999999379	epochs	0.0
709.7099996566773	0.5	epochs	-1.0
709.7099996566773	0.5	epochs	1.0
710.2099996566773	0.039739999999937936	epochs	1.0
710.2497396566772	18.96024	epochs	0.0
738.7179999351501	0.10000000000002274	epochs	0.0
738.7179999351501	0.04499999999995907	epochs	1.0
738.7629999351501	0.010020000000054097	epochs	1.0
738.7730199351502	0.04498000000000957	epochs	1.0
738.8179999351502	15.419599999999946	epochs	0.0
738.8179999351502	0.5	epochs	-1.0
738.8179999351502	0.5	epochs	1.0
739.3179999351502	14.919599999999946	epochs	1.0
753.2374999351501	1.000099999999975	epochs	-1.0
753.2374999351501	0.03956000000005133	epochs	-1.0
753.7324999351501	0.5	epochs	-1.0
754.2375999351501	4.080379999999991	epochs	0.0
756.8659996986389	0.10000000000002274	epochs	0.0
756.8659996986389	0.04499999999995907	epochs	1.0
756.9109996986389	0.010020000000054097	epochs	1.0
756.9210196986389	0.04498000000000957	epochs	1.0
756.9659996986389	17.5	epochs	0.0
756.9659996986389	0.5	epochs	-1.0
756.9659996986389	0.5	epochs	1.0
757.4659996986389	16.0	epochs	1.0
773.4659996986389	1.0	epochs	1.0
773.955999698639	0.5	epochs	-1.0
774.4659996986389	1.9999799999999368	epochs	0.0
793.2279996871948	0.15297999999995682	epochs	0.0
793.2279996871948	0.049999999999954525	epochs	1.0
793.2779996871948	0.0030000000000427463	epochs	1.0
793.2809996871948	0.09997999999995955	epochs	1.0
795.9619998931885	0.15297999999995682	epochs	0.0
795.9619998931885	0.049999999999954525	epochs	1.0
796.0119998931884	0.0030000000000427463	epochs	1.0
796.0149998931885	0.09997999999995955	epochs	1.0
798.673999786377	0.15297999999995682	epochs	0.0
798.673999786377	0.049999999999954525	epochs	1.0
798.7239997863769	0.0030000000000427463	epochs	1.0
798.726999786377	0.09997999999995955	epochs	1.0
801.4400000572205	0.15297999999995682	epochs	0.0
801.4400000572205	0.049999999999954525	epochs	1.0
801.4900000572204	0.0030000000000427463	epochs	1.0
801.4930000572205	0.09997999999995955	epochs	1.0
804.173999786377	0.15297999999995682	epochs	0.0
804.173999786377	0.049999999999954525	epochs	1.0
804.2239997863769	0.0030000000000427463	epochs	1.0
804.226999786377	0.09997999999995955	epochs	1.0
806.9569997787476	0.15297999999995682	epochs	0.0
806.9569997787476	0.049999999999954525	epochs	1.0
807.0069997787475	0.0030000000000427463	epochs	1.0
807.0099997787476	0.09997999999995955	epochs	1.0
809.7749996185303	0.15297999999995682	epochs	0.0
809.7749996185303	0.049999999999954525	epochs	1.0
809.8249996185302	0.0030000000000427463	epochs	1.0
809.8279996185303	0.09997999999995955	epochs	1.0
812.6089997291565	0.15297999999995682	epochs	0.0
812.6089997291565	0.049999999999954525	epochs	1.0
812.6589997291564	0.0030000000000427463	epochs	1.0
812.6619997291565	0.09997999999995955	epochs	1.0
815.4249997138977	0.15297999999995682	epochs	0.0
815.4249997138977	0.049999999999954525	epochs	1.0
815.4749997138977	0.0030000000000427463	epochs	1.0
815.4779997138977	0.09997999999995955	epochs	1.0
818.3589997291565	0.15297999999995682	epochs	0.0
818.3589997291565	0.049999999999954525	epochs	1.0
818.4089997291564	0.0030000000000427463	epochs	1.0
818.4119997291565	0.09997999999995955	epochs	1.0
821.2739996910095	0.15297999999995682	epochs	0.0
821.2739996910095	0.049999999999954525	epochs	1.0
821.3239996910095	0.0030000000000427463	epochs	1.0
821.3269996910095	0.09997999999995955	epochs	1.0
824.2239999771118	0.15297999999995682	epochs	0.0
824.2239999771118	0.049999999999954525	epochs	1.0
824.2739999771118	0.0030000000000427463	epochs	1.0
824.2769999771118	0.09997999999995955	epochs	1.0
827.1909999847412	0.15297999999995682	epochs	0.0
827.1909999847412	0.049999999999954525	epochs	1.0
827.2409999847412	0.0030000000000427463	epochs	1.0
827.2439999847412	0.09997999999995955	epochs	1.0
830.1529998779297	0.15297999999995682	epochs	0.0
830.1529998779297	0.049999999999954525	epochs	1.0
830.2029998779296	0.0030000000000427463	epochs	1.0
830.2059998779297	0.09997999999995955	epochs	1.0
833.168999671936	0.15297999999995682	epochs	0.0
833.168999671936	0.049999999999954525	epochs	1.0
833.218999671936	0.0030000000000427463	epochs	1.0
833.221999671936	0.09997999999995955	epochs	1.0
836.168999671936	0.15297999999995682	epochs	0.0
836.168999671936	0.049999999999954525	epochs	1.0
836.218999671936	0.0030000000000427463	epochs	1.0
836.221999671936	0.09997999999995955	epochs	1.0
839.2859997749329	0.15297999999995682	epochs	0.0
839.2859997749329	0.049999999999954525	epochs	1.0
839.3359997749328	0.0030000000000427463	epochs	1.0
839.3389997749329	0.09997999999995955	epochs	1.0
842.4679999351501	0.10000000000002274	epochs	0.0
842.4679999351501	0.04499999999995907	epochs	1.0
842.5129999351501	0.010020000000054097	epochs	1.0
842.5230199351502	0.04498000000000957	epochs	1.0
842.5679999351502	0.5399999999999636	epochs	0.0
842.5679999351502	0.5	epochs	-1.0
842.5679999351502	0.5	epochs	1.0
843.0679999351502	0.0029999999999290594	epochs	1.0
843.0709999351501	0.03700000000003456	epochs	1.0
843.1079999351501	1.0629800000000387	epochs	0.0
855.6929998397827	0.10000000000002274	epochs	0.0
855.6929998397827	0.04499999999995907	epochs	1.0
855.7379998397827	0.010020000000054097	epochs	1.0
855.7480198397827	0.04498000000000957	epochs	1.0
855.7929998397827	1.5602599999999711	epochs	0.0
855.7929998397827	0.5	epochs	-1.0
855.7929998397827	0.5	epochs	1.0
856.2929998397827	0.0029999999999290594	epochs	1.0
856.2959998397827	1.057260000000042	epochs	1.0
856.7959998397827	0.5	epochs	-1.0
857.3532598397827	0.04272000000003118	epochs	0.0
860.1759996414185	0.10000000000002274	epochs	0.0
860.1759996414185	0.04499999999995907	epochs	1.0
860.2209996414184	0.010020000000054097	epochs	1.0
860.2310196414185	0.04498000000000957	epochs	1.0
860.2759996414185	1.5602599999999711	epochs	0.0
860.2759996414185	0.5	epochs	-1.0
860.2759996414185	0.5	epochs	1.0
860.7759996414185	0.0029999999999290594	epochs	1.0
860.7789996414184	1.057260000000042	epochs	1.0
861.2789996414184	0.5	epochs	-1.0
861.8362596414185	0.04272000000003118	epochs	0.0
876.4379997253418	0.10000000000002274	epochs	0.0
876.4379997253418	0.044959999999946376	epochs	1.0
876.4829597253417	0.010080000000016298	epochs	1.0
876.4930397253418	0.04496000000006006	epochs	1.0
876.5379997253418	2.0	epochs	0.0
878.5379997253418	5.360079999999925	epochs	0.0
878.5379997253418	1.0	epochs	1.0
878.5379997253418	0.5	epochs	-1.0
879.0379997253418	4.860079999999925	epochs	-1.0
879.5379997253418	4.360079999999925	epochs	1.0
879.5379997253418	8.000000002539309e-05	epochs	2.0
879.5380797253418	4.356719999999996	epochs	-1.0
879.5380797253418	1.9745599999999968	epochs	2.0
879.5380797253418	1.0985599999999067	epochs	3.0
880.6366397253418	0.87600000000009	epochs	3.0
881.5126397253418	1.3523999999999887	epochs	2.0
881.5126397253418	0.7286399999999276	epochs	3.0
882.2412797253418	0.6237600000000612	epochs	3.0
882.8650397253418	1.0297600000000102	epochs	2.0
882.8650397253418	0.5453599999999597	epochs	3.0
883.4103997253418	0.48440000000005057	epochs	3.0
883.8947997253418	0.0032799999999042484	epochs	2.0
883.8947997253418	0.0032799999999042484	epochs	3.0
883.8980797253417	16.63984000000005	epochs	0.0
887.1269998550415	0.10000000000002274	epochs	0.0
887.1269998550415	0.044959999999946376	epochs	1.0
887.1719598550415	0.010080000000016298	epochs	1.0
887.1820398550415	0.04496000000006006	epochs	1.0
887.2269998550415	2.0	epochs	0.0
889.2269998550415	0.5195999999999685	epochs	0.0
889.2269998550415	0.5195999999999685	epochs	1.0
889.2269998550415	0.5	epochs	-1.0
889.7269998550415	0.01959999999996853	epochs	-1.0
889.7465998550415	21.480320000000006	epochs	0.0
892.7749996185303	0.10000000000002274	epochs	0.0
892.7749996185303	0.044959999999946376	epochs	1.0
892.8199596185302	0.010080000000016298	epochs	1.0
892.8300396185302	0.04496000000006006	epochs	1.0
892.8749996185303	2.0	epochs	0.0
894.8749996185303	21.999919999999975	epochs	0.0
894.8749996185303	1.0	epochs	1.0
894.8749996185303	0.5	epochs	-1.0
895.3749996185303	19.99951999999996	epochs	-1.0
895.8749996185303	20.0	epochs	1.0
895.8749996185303	8.000000002539309e-05	epochs	2.0
895.8750796185303	4.356719999999996	epochs	-1.0
895.8750796185303	1.9745599999999968	epochs	2.0
895.8750796185303	1.0985599999999067	epochs	3.0
896.9736396185302	0.87600000000009	epochs	3.0
897.8496396185303	1.3523999999999887	epochs	2.0
897.8496396185303	0.7286399999999276	epochs	3.0
898.5782796185302	0.6237600000000612	epochs	3.0
899.2020396185303	1.0297600000000102	epochs	2.0
899.2020396185303	0.5453599999999597	epochs	3.0
899.7473996185303	0.48440000000005057	epochs	3.0
900.2317996185303	0.8317599999999175	epochs	2.0
900.2317996185303	0.4357599999999593	epochs	3.0
900.6675596185303	0.39599999999995816	epochs	3.0
901.0635596185302	0.697840000000042	epochs	2.0
901.0635596185302	0.3628800000000183	epochs	3.0
901.4264396185303	0.3349600000000237	epochs	3.0
901.7613996185303	0.6010400000000118	epochs	2.0
901.7613996185303	0.3108799999999974	epochs	3.0
902.0722796185303	0.2901600000000144	epochs	3.0
902.3624396185303	0.5278399999999692	epochs	2.0
902.3624396185303	0.2719200000000228	epochs	3.0
902.6343596185303	0.2559199999999464	epochs	3.0
902.8902796185303	0.47064000000000306	epochs	2.0
902.8902796185303	0.24167999999997392	epochs	3.0
903.1319596185302	0.22896000000002914	epochs	3.0
903.3609196185303	0.42456000000004224	epochs	2.0
903.3609196185303	0.2174400000000105	epochs	3.0
903.5783596185303	0.20712000000003172	epochs	3.0
903.7854796185303	0.3867199999999684	epochs	2.0
903.7854796185303	0.1976799999999912	epochs	3.0
903.9831596185303	0.18903999999997723	epochs	3.0
904.1721996185303	0.3551200000000563	epochs	2.0
904.1721996185303	0.1811999999999898	epochs	3.0
904.3533996185303	0.17392000000006647	epochs	3.0
904.5273196185303	0.328239999999937	epochs	2.0
904.5273196185303	0.1671999999999798	epochs	3.0
904.6945196185303	0.16103999999995722	epochs	3.0
904.8555596185303	0.30520000000001346	epochs	2.0
904.8555596185303	0.1552800000000616	epochs	3.0
905.0108396185303	0.14991999999995187	epochs	3.0
905.1607596185303	0.28512000000000626	epochs	2.0
905.1607596185303	0.14487999999994372	epochs	3.0
905.3056396185302	0.14024000000006254	epochs	3.0
905.4458796185303	0.26751999999999043	epochs	2.0
905.4458796185303	0.13584000000003016	epochs	3.0
905.5817196185303	0.13167999999996027	epochs	3.0
905.7133996185303	0.2520799999999781	epochs	2.0
905.7133996185303	0.12783999999999196	epochs	3.0
905.8412396185303	0.12423999999998614	epochs	3.0
905.9654796185303	0.2381599999999935	epochs	2.0
905.9654796185303	0.12072000000000571	epochs	3.0
906.0861996185303	0.11743999999998778	epochs	3.0
906.2036396185302	0.225840000000062	epochs	2.0
906.2036396185302	0.11440000000004602	epochs	3.0
906.3180396185303	0.11144000000001597	epochs	3.0
906.4294796185303	0.21463999999991756	epochs	2.0
906.4294796185303	0.10863999999992302	epochs	3.0
906.5381196185302	0.10599999999999454	epochs	3.0
906.6441196185302	0.20448000000010325	epochs	2.0
906.6441196185302	0.10344000000009146	epochs	3.0
906.7475596185303	0.10104000000001179	epochs	3.0
906.8485996185303	0.19535999999993692	epochs	2.0
906.8485996185303	0.0987999999999829	epochs	3.0
906.9473996185303	0.09655999999995402	epochs	3.0
907.0439596185303	0.18695999999999913	epochs	2.0
907.0439596185303	0.09447999999997592	epochs	3.0
907.1384396185302	0.09248000000002321	epochs	3.0
907.2309196185303	0.1792000000000371	epochs	2.0
907.2309196185303	0.09047999999995682	epochs	3.0
907.3213996185302	0.08872000000008029	epochs	3.0
907.4101196185303	0.17207999999993717	epochs	2.0
907.4101196185303	0.086879999999951	epochs	3.0
907.4969996185303	0.08519999999998618	epochs	3.0
907.5821996185302	0.165520000000015	epochs	2.0
907.5821996185302	0.08360000000004675	epochs	3.0
907.6657996185303	0.08191999999996824	epochs	3.0
907.7477196185303	0.15952000000004318	epochs	2.0
907.7477196185303	0.08047999999996591	epochs	3.0
907.8281996185302	0.07904000000007727	epochs	3.0
907.9072396185303	0.15375999999992018	epochs	2.0
907.9072396185303	0.07759999999996126	epochs	3.0
907.9848396185303	0.07615999999995893	epochs	3.0
908.0609996185302	0.14856000000008862	epochs	2.0
908.0609996185302	0.07496000000003278	epochs	3.0
908.1359596185303	0.07360000000005584	epochs	3.0
908.2095596185303	0.14368000000001757	epochs	2.0
908.2095596185303	0.07247999999992771	epochs	3.0
908.2820396185302	0.07120000000008986	epochs	3.0
908.3532396185303	0.13903999999990901	epochs	2.0
908.3532396185303	0.07007999999996173	epochs	3.0
908.4233196185303	0.06895999999994729	epochs	3.0
908.4922796185302	0.13472000000001572	epochs	2.0
908.4922796185302	0.06792000000007192	epochs	3.0
908.5601996185303	0.0667999999999438	epochs	3.0
908.6269996185302	0.13071999999999662	epochs	2.0
908.6269996185302	0.06583999999998014	epochs	3.0
908.6928396185302	0.06488000000001648	epochs	3.0
908.7577196185302	0.1268000000000029	epochs	2.0
908.7577196185302	0.06384000000002743	epochs	3.0
908.8215596185303	0.06295999999997548	epochs	3.0
908.8845196185302	0.12328000000002248	epochs	2.0
908.8845196185302	0.062080000000037217	epochs	3.0
908.9465996185303	0.061199999999985266	epochs	3.0
909.0077996185303	0.11983999999995376	epochs	2.0
909.0077996185303	0.060320000000047	epochs	3.0
909.0681196185303	0.05951999999990676	epochs	3.0
909.1276396185302	0.1166400000000749	epochs	2.0
909.1276396185302	0.05871999999999389	epochs	3.0
909.1863596185302	0.05792000000008102	epochs	3.0
909.2442796185303	0.11360000000001946	epochs	2.0
909.2442796185303	0.05719999999996617	epochs	3.0
909.3014796185303	0.056400000000053296	epochs	3.0
909.3578796185303	0.11071999999990112	epochs	2.0
909.3578796185303	0.055679999999938445	epochs	3.0
909.4135596185303	0.055039999999962674	epochs	3.0
909.4685996185302	0.10792000000003554	epochs	2.0
909.4685996185302	0.054240000000049804	epochs	3.0
909.5228396185303	0.05367999999998574	epochs	3.0
909.5765196185303	0.10527999999999338	epochs	2.0
909.5765196185303	0.052959999999984575	epochs	3.0
909.6294796185302	0.052320000000008804	epochs	3.0
909.6817996185302	0.1028800000000274	epochs	2.0
909.6817996185302	0.051760000000058426	epochs	3.0
909.7335596185303	0.05111999999996897	epochs	3.0
909.7846796185303	0.10040000000003602	epochs	2.0
909.7846796185303	0.0504799999999932	epochs	3.0
909.8351596185303	0.04992000000004282	epochs	3.0
909.8850796185303	0.09823999999991884	epochs	2.0
909.8850796185303	0.049359999999978754	epochs	3.0
909.9344396185303	0.04887999999994008	epochs	3.0
909.9833196185302	0.09600000000000364	epochs	2.0
909.9833196185302	0.048240000000078	epochs	3.0
910.0315596185303	0.04775999999992564	epochs	3.0
910.0793196185302	0.09392000000002554	epochs	2.0
910.0793196185302	0.04720000000008895	epochs	3.0
910.1265196185303	0.04671999999993659	epochs	3.0
910.1732396185303	0.09191999999995915	epochs	2.0
910.1732396185303	0.04615999999998621	epochs	3.0
910.2193996185302	0.04575999999997293	epochs	3.0
910.2651596185302	0.09008000000005723	epochs	2.0
910.2651596185302	0.04528000000004795	epochs	3.0
910.3104396185303	0.04480000000000928	epochs	3.0
910.3552396185303	0.08816000000001623	epochs	2.0
910.3552396185303	0.044319999999970605	epochs	3.0
910.3995596185302	0.04384000000004562	epochs	3.0
910.4433996185303	0.08647999999993772	epochs	2.0
910.4433996185303	0.04344000000003234	epochs	3.0
910.4868396185303	0.043039999999905376	epochs	3.0
910.5298796185302	0.08472000000006119	epochs	2.0
910.5298796185302	0.04256000000009408	epochs	3.0
910.5724396185303	0.04215999999996711	epochs	3.0
910.6145996185303	0.08320000000003347	epochs	2.0
910.6145996185303	0.041759999999953834	epochs	3.0
910.6563596185302	0.041440000000079635	epochs	3.0
910.6977996185303	0.08151999999995496	epochs	2.0
910.6977996185303	0.04095999999992728	epochs	3.0
910.7387596185303	0.040560000000027685	epochs	3.0
910.7793196185303	0.08007999999995263	epochs	2.0
910.7793196185303	0.0402400000000398	epochs	3.0
910.8195596185303	0.039839999999912834	epochs	3.0
910.8593996185302	0.07864000000006399	epochs	2.0
910.8593996185302	0.039520000000038635	epochs	3.0
910.8989196185303	0.03912000000002536	epochs	3.0
910.9380396185303	0.07719999999994798	epochs	2.0
910.9380396185303	0.038799999999923784	epochs	3.0
910.9768396185302	0.03840000000002419	epochs	3.0
911.0152396185302	0.07591999999999643	epochs	2.0
911.0152396185302	0.0381600000000617	epochs	3.0
911.0533996185303	0.037759999999934735	epochs	3.0
911.0911596185302	0.0745600000000195	epochs	2.0
911.0911596185302	0.037440000000060536	epochs	3.0
911.1285996185303	0.037119999999958964	epochs	3.0
911.1657196185303	0.07335999999997966	epochs	2.0
911.1657196185303	0.03679999999997108	epochs	3.0
911.2025196185302	0.036560000000008586	epochs	3.0
911.2390796185302	0.07208000000002812	epochs	2.0
911.2390796185302	0.03615999999999531	epochs	3.0
911.2752396185302	0.035920000000032815	epochs	3.0
911.3111596185303	0.07087999999998829	epochs	2.0
911.3111596185303	0.03560000000004493	epochs	3.0
911.3467596185303	0.03527999999994336	epochs	3.0
911.3820396185303	0.06983999999999924	epochs	2.0
911.3820396185303	0.035039999999980864	epochs	3.0
911.4170796185302	0.03480000000001837	epochs	3.0
911.4518796185303	0.0686399999999594	epochs	2.0
911.4518796185303	0.034480000000030486	epochs	3.0
911.4863596185303	0.034159999999928914	epochs	3.0
911.5205196185302	0.06760000000008404	epochs	2.0
911.5205196185302	0.03392000000008011	epochs	3.0
911.5544396185303	0.03368000000000393	epochs	3.0
911.5881196185303	0.0665599999999813	epochs	2.0
911.5881196185303	0.03343999999992775	epochs	3.0
911.6215596185302	0.03312000000005355	epochs	3.0
911.6546796185303	0.06560000000001764	epochs	2.0
911.6546796185303	0.032960000000002765	epochs	3.0
911.6876396185303	0.03264000000001488	epochs	3.0
911.7202796185303	0.0645600000000286	epochs	2.0
911.7202796185303	0.0323999999999387	epochs	3.0
911.7526796185302	0.032160000000089894	epochs	3.0
911.7848396185303	0.06367999999997664	epochs	2.0
911.7848396185303	0.03199999999992542	epochs	3.0
911.8168396185303	0.03168000000005122	epochs	3.0
911.8485196185303	0.06272000000001299	epochs	2.0
911.8485196185303	0.03143999999997504	epochs	3.0
911.8799596185303	0.031280000000037944	epochs	3.0
911.9112396185303	0.06183999999996104	epochs	2.0
911.9112396185303	0.031039999999961765	epochs	3.0
911.9422796185303	0.030799999999999272	epochs	3.0
911.9730796185303	0.060960000000022774	epochs	2.0
911.9730796185303	0.03056000000003678	epochs	3.0
912.0036396185303	0.030399999999985994	epochs	3.0
912.0340396185303	0.060159999999996217	epochs	2.0
912.0340396185303	0.0301600000000235	epochs	3.0
912.0641996185303	0.029999999999972715	epochs	3.0
912.0941996185303	0.059279999999944266	epochs	2.0
912.0941996185303	0.02967999999998483	epochs	3.0
912.1238796185303	0.029599999999959437	epochs	3.0
912.1534796185302	0.058480000000031396	epochs	2.0
912.1534796185302	0.029359999999996944	epochs	3.0
912.1828396185302	0.02912000000003445	epochs	3.0
912.2119596185303	0.05776000000003023	epochs	2.0
912.2119596185303	0.028959999999983665	epochs	3.0
912.2409196185303	0.028800000000046566	epochs	3.0
912.2697196185303	0.056960000000003674	epochs	2.0
912.2697196185303	0.028559999999970387	epochs	3.0
912.2982796185303	0.028400000000033288	epochs	3.0
912.3266796185303	0.05624000000000251	epochs	2.0
912.3266796185303	0.028159999999957108	epochs	3.0
912.3548396185303	0.028080000000045402	epochs	3.0
912.3829196185303	0.05543999999997595	epochs	2.0
912.3829196185303	0.027839999999969223	epochs	3.0
912.4107596185303	0.02760000000000673	epochs	3.0
912.4383596185303	0.054880000000025575	epochs	2.0
912.4383596185303	0.027519999999981337	epochs	3.0
912.4658796185303	0.027360000000044238	epochs	3.0
912.4932396185303	0.05407999999999902	epochs	2.0
912.4932396185303	0.02711999999996806	epochs	3.0
912.5203596185303	0.02696000000003096	epochs	3.0
912.5473196185303	0.05343999999990956	epochs	2.0
912.5473196185303	0.026799999999980173	epochs	3.0
912.5741196185303	0.026639999999929387	epochs	3.0
912.6007596185302	0.05288000000007287	epochs	2.0
912.6007596185302	0.026480000000105974	epochs	3.0
912.6272396185303	0.026399999999966894	epochs	3.0
912.6536396185303	0.05215999999995802	epochs	2.0
912.6536396185303	0.026160000000004402	epochs	3.0
912.6797996185303	0.025999999999953616	epochs	3.0
912.7057996185302	0.05151999999998225	epochs	2.0
912.7057996185302	0.025840000000016516	epochs	3.0
912.7316396185303	0.02567999999996573	epochs	3.0
912.7573196185302	0.05096000000003187	epochs	2.0
912.7573196185302	0.025600000000054024	epochs	3.0
912.7829196185303	0.025359999999977845	epochs	3.0
912.8082796185303	0.050399999999967804	epochs	2.0
912.8082796185303	0.02527999999995245	epochs	3.0
912.8335596185302	0.025120000000015352	epochs	3.0
912.8586796185302	0.04975999999999203	epochs	2.0
912.8586796185302	0.024960000000078253	epochs	3.0
912.8836396185303	0.02479999999991378	epochs	3.0
912.9084396185302	0.049200000000041655	epochs	2.0
912.9084396185302	0.024640000000090367	epochs	3.0
912.9330796185303	0.024559999999951287	epochs	3.0
912.9576396185303	0.04872000000000298	epochs	2.0
912.9576396185303	0.024400000000014188	epochs	3.0
912.9820396185303	0.024319999999988795	epochs	3.0
913.0063596185303	0.04808000000002721	epochs	2.0
913.0063596185303	0.024080000000026303	epochs	3.0
913.0304396185303	0.02400000000000091	epochs	3.0
913.0544396185303	0.04759999999998854	epochs	2.0
913.0544396185303	0.023839999999950123	epochs	3.0
913.0782796185302	0.023760000000038417	epochs	3.0
913.1020396185303	0.04711999999994987	epochs	2.0
913.1020396185303	0.02359999999998763	epochs	3.0
913.1256396185303	0.023519999999962238	epochs	3.0
913.1491596185302	0.04655999999999949	epochs	2.0
913.1491596185302	0.02336000000002514	epochs	3.0
913.1725196185303	0.023199999999974352	epochs	3.0
913.1957196185302	0.046080000000074506	epochs	2.0
913.1957196185302	0.023120000000062646	epochs	3.0
913.2188396185303	0.02296000000001186	epochs	3.0
913.2417996185303	0.04559999999992215	epochs	2.0
913.2417996185303	0.022879999999986467	epochs	3.0
913.2646796185303	0.02271999999993568	epochs	3.0
913.2873996185302	0.04511999999999716	epochs	2.0
913.2873996185302	0.022640000000023974	epochs	3.0
913.3100396185303	0.022479999999973188	epochs	3.0
913.3325196185302	0.04464000000007218	epochs	2.0
913.3325196185302	0.022400000000061482	epochs	3.0
913.3549196185303	0.022240000000010696	epochs	3.0
913.3771596185303	0.04423999999994521	epochs	2.0
913.3771596185303	0.022159999999985303	epochs	3.0
913.3993196185303	0.02207999999995991	epochs	3.0
913.4213996185302	0.04376000000002023	epochs	2.0
913.4213996185302	0.02192000000002281	epochs	3.0
913.4433196185303	0.021839999999997417	epochs	3.0
913.4651596185303	0.04336000000000695	epochs	2.0
913.4651596185303	0.021759999999972024	epochs	3.0
913.4869196185302	0.021600000000034925	epochs	3.0
913.5085196185303	0.04287999999996828	epochs	2.0
913.5085196185303	0.02143999999998414	epochs	3.0
913.5299596185303	0.02143999999998414	epochs	3.0
913.5513996185302	0.042480000000068685	epochs	2.0
913.5513996185302	0.02128000000004704	epochs	3.0
913.5726796185303	0.021200000000021646	epochs	3.0
913.5938796185303	0.04207999999994172	epochs	2.0
913.5938796185303	0.02103999999997086	epochs	3.0
913.6149196185303	0.02103999999997086	epochs	3.0
913.6359596185303	0.04168000000004213	epochs	2.0
913.6359596185303	0.02088000000003376	epochs	3.0
913.6568396185303	0.020800000000008367	epochs	3.0
913.6776396185303	0.041200000000003456	epochs	2.0
913.6776396185303	0.02063999999995758	epochs	3.0
913.6982796185303	0.020560000000045875	epochs	3.0
913.7188396185303	0.04088000000001557	epochs	2.0
913.7188396185303	0.020559999999932188	epochs	3.0
913.7393996185302	0.020320000000083382	epochs	3.0
913.7597196185303	0.040559999999914	epochs	2.0
913.7597196185303	0.020319999999969696	epochs	3.0
913.7800396185303	0.020239999999944303	epochs	3.0
913.8002796185302	0.0400800000001027	epochs	2.0
913.8002796185302	0.020080000000007203	epochs	3.0
913.8203596185302	0.020000000000095497	epochs	3.0
913.8403596185303	0.03975999999988744	epochs	2.0
913.8403596185303	0.019919999999956417	epochs	3.0
913.8602796185303	0.019839999999931024	epochs	3.0
913.8801196185302	0.03944000000001324	epochs	2.0
913.8801196185302	0.019760000000019318	epochs	3.0
913.8998796185302	0.019679999999993925	epochs	3.0
913.9195596185302	0.039039999999999964	epochs	2.0
913.9195596185302	0.019520000000056825	epochs	3.0
913.9390796185303	0.01951999999994314	epochs	3.0
913.9585996185302	0.03864000000010037	epochs	2.0
913.9585996185302	0.01936000000000604	epochs	3.0
913.9779596185302	0.019280000000094333	epochs	3.0
913.9972396185303	0.038399999999910506	epochs	2.0
913.9972396185303	0.019279999999980646	epochs	3.0
914.0165196185303	0.01911999999992986	epochs	3.0
914.0356396185302	0.038000000000010914	epochs	2.0
914.0356396185302	0.019040000000018154	epochs	3.0
914.0546796185303	0.01895999999999276	epochs	3.0
914.0736396185303	0.03768000000002303	epochs	2.0
914.0736396185303	0.018879999999967367	epochs	3.0
914.0925196185302	0.01880000000005566	epochs	3.0
914.1113196185303	0.03736000000003514	epochs	2.0
914.1113196185303	0.018720000000030268	epochs	3.0
914.1300396185303	0.018640000000004875	epochs	3.0
914.1486796185303	0.03703999999993357	epochs	2.0
914.1486796185303	0.018559999999979482	epochs	3.0
914.1672396185303	0.01847999999995409	epochs	3.0
914.1857196185302	0.03672000000005937	epochs	2.0
914.1857196185302	0.018400000000042382	epochs	3.0
914.2041196185303	0.01832000000001699	epochs	3.0
914.2224396185303	0.03647999999998319	epochs	2.0
914.2224396185303	0.018239999999991596	epochs	3.0
914.2406796185303	0.018239999999991596	epochs	3.0
914.2589196185303	0.036079999999969914	epochs	2.0
914.2589196185303	0.01807999999994081	epochs	3.0
914.2769996185302	0.018000000000029104	epochs	3.0
914.2949996185303	0.03584000000000742	epochs	2.0
914.2949996185303	0.01792000000000371	epochs	3.0
914.3129196185303	0.01792000000000371	epochs	3.0
914.3308396185303	0.035520000000019536	epochs	2.0
914.3308396185303	0.017759999999952925	epochs	3.0
914.3485996185302	0.01776000000006661	epochs	3.0
914.3663596185303	0.03520000000003165	epochs	2.0
914.3663596185303	0.01768000000004122	epochs	3.0
914.3840396185303	0.017519999999990432	epochs	3.0
914.4015596185303	0.03495999999995547	epochs	2.0
914.4015596185303	0.017519999999990432	epochs	3.0
914.4190796185303	0.01743999999996504	epochs	3.0
914.4365196185303	0.03471999999999298	epochs	2.0
914.4365196185303	0.01743999999996504	epochs	3.0
914.4539596185302	0.01728000000002794	epochs	3.0
914.4712396185303	0.03440000000000509	epochs	2.0
914.4712396185303	0.017200000000002547	epochs	3.0
914.4884396185303	0.017200000000002547	epochs	3.0
914.5056396185303	0.0341600000000426	epochs	2.0
914.5056396185303	0.017119999999977153	epochs	3.0
914.5227596185302	0.017040000000065447	epochs	3.0
914.5397996185303	0.03383999999994103	epochs	2.0
914.5397996185303	0.016959999999926367	epochs	3.0
914.5567596185302	0.01688000000001466	epochs	3.0
914.5736396185303	0.033599999999978536	epochs	2.0
914.5736396185303	0.016799999999989268	epochs	3.0
914.5904396185302	0.016799999999989268	epochs	3.0
914.6072396185302	0.033360000000016043	epochs	2.0
914.6072396185302	0.01672000000007756	epochs	3.0
914.6239596185303	0.016639999999938482	epochs	3.0
914.6405996185302	0.03312000000005355	epochs	2.0
914.6405996185302	0.016560000000026776	epochs	3.0
914.6571596185303	0.016560000000026776	epochs	3.0
914.6737196185303	0.03279999999995198	epochs	2.0
914.6737196185303	0.01639999999997599	epochs	3.0
914.6901196185303	0.01639999999997599	epochs	3.0
914.7065196185303	0.032559999999989486	epochs	2.0
914.7065196185303	0.016320000000064283	epochs	3.0
914.7228396185303	0.016239999999925203	epochs	3.0
914.7390796185302	0.03240000000005239	epochs	2.0
914.7390796185302	0.01624000000003889	epochs	3.0
914.7553196185303	0.016160000000013497	epochs	3.0
914.7714796185303	0.032079999999950815	epochs	2.0
914.7714796185303	0.016079999999988104	epochs	3.0
914.7875596185303	0.01599999999996271	epochs	3.0
914.8035596185302	0.031920000000013715	epochs	2.0
914.8035596185302	0.016000000000076398	epochs	3.0
914.8195596185303	0.015919999999937318	epochs	3.0
914.8354796185303	0.03160000000002583	epochs	2.0
914.8354796185303	0.01584000000002561	epochs	3.0
914.8513196185303	0.01576000000000022	epochs	3.0
914.8670796185303	0.03143999999997504	epochs	2.0
914.8670796185303	0.01576000000000022	epochs	3.0
914.8828396185303	0.015679999999974825	epochs	3.0
914.8985196185303	0.03120000000001255	epochs	2.0
914.8985196185303	0.015600000000063119	epochs	3.0
914.9141196185303	0.015599999999949432	epochs	3.0
914.9297196185303	0.03096000000005006	epochs	2.0
914.9297196185303	0.015520000000037726	epochs	3.0
914.9452396185303	0.015440000000012333	epochs	3.0
914.9606796185303	0.03071999999997388	epochs	2.0
914.9606796185303	0.015439999999898646	epochs	3.0
914.9761196185302	0.015280000000075233	epochs	3.0
914.9913996185303	0.030559999999923093	epochs	2.0
914.9913996185303	0.01535999999998694	epochs	3.0
915.0067596185303	0.015199999999936153	epochs	3.0
915.0219596185302	0.030320000000074288	epochs	2.0
915.0219596185302	0.01520000000004984	epochs	3.0
915.0371596185303	0.015120000000024447	epochs	3.0
915.0522796185303	0.030079999999998108	epochs	2.0
915.0522796185303	0.015120000000024447	epochs	3.0
915.0673996185303	0.014959999999973661	epochs	3.0
915.0823596185303	0.029919999999947322	epochs	2.0
915.0823596185303	0.015039999999999054	epochs	3.0
915.0973996185303	0.014879999999948268	epochs	3.0
915.1122796185302	0.02967999999998483	epochs	2.0
915.1122796185302	0.014880000000061955	epochs	3.0
915.1271596185303	0.014799999999922875	epochs	3.0
915.1419596185302	0.02952000000004773	epochs	2.0
915.1419596185302	0.014800000000036562	epochs	3.0
915.1567596185303	0.014720000000011169	epochs	3.0
915.1714796185303	0.02927999999997155	epochs	2.0
915.1714796185303	0.014720000000011169	epochs	3.0
915.1861996185303	0.014559999999960382	epochs	3.0
915.2007596185302	0.02912000000003445	epochs	2.0
915.2007596185302	0.014639999999985776	epochs	3.0
915.2153996185302	0.014480000000048676	epochs	3.0
915.2298796185303	0.028959999999983665	epochs	2.0
915.2298796185303	0.014480000000048676	epochs	3.0
915.2443596185303	0.01447999999993499	epochs	3.0
915.2588396185303	0.02863999999999578	epochs	2.0
915.2588396185303	0.01431999999999789	epochs	3.0
915.2731596185303	0.01431999999999789	epochs	3.0
915.2874796185303	0.028559999999970387	epochs	2.0
915.2874796185303	0.01431999999999789	epochs	3.0
915.3017996185303	0.014239999999972497	epochs	3.0
915.3160396185302	0.028320000000007894	epochs	2.0
915.3160396185302	0.01416000000006079	epochs	3.0
915.3301996185303	0.014159999999947104	epochs	3.0
915.3443596185302	0.028160000000070795	epochs	2.0
915.3443596185302	0.01416000000006079	epochs	3.0
915.3585196185303	0.014000000000010004	epochs	3.0
915.3725196185303	0.02800000000002001	epochs	2.0
915.3725196185303	0.014000000000010004	epochs	3.0
915.3865196185303	0.014000000000010004	epochs	3.0
915.4005196185303	0.02775999999994383	epochs	2.0
915.4005196185303	0.013919999999984611	epochs	3.0
915.4144396185303	0.013839999999959218	epochs	3.0
915.4282796185303	0.027680000000032123	epochs	2.0
915.4282796185303	0.013839999999959218	epochs	3.0
915.4421196185302	0.013840000000072905	epochs	3.0
915.4559596185303	0.027439999999955944	epochs	2.0
915.4559596185303	0.013759999999933825	epochs	3.0
915.4697196185302	0.013680000000022119	epochs	3.0
915.4833996185303	0.027280000000018845	epochs	2.0
915.4833996185303	0.013680000000022119	epochs	3.0
915.4970796185303	0.013599999999996726	epochs	3.0
915.5106796185303	0.02711999999996806	epochs	2.0
915.5106796185303	0.013519999999971333	epochs	3.0
915.5241996185302	0.013599999999996726	epochs	3.0
915.5377996185302	0.026880000000005566	epochs	2.0
915.5377996185302	0.013440000000059626	epochs	3.0
915.5512396185303	0.01343999999994594	epochs	3.0
915.5646796185302	0.026799999999980173	epochs	2.0
915.5646796185302	0.013440000000059626	epochs	3.0
915.5781196185303	0.013359999999920547	epochs	3.0
915.5914796185302	0.02656000000001768	epochs	2.0
915.5914796185302	0.01328000000000884	epochs	3.0
915.6047596185302	0.01328000000000884	epochs	3.0
915.6180396185302	0.026479999999992287	epochs	2.0
915.6180396185302	0.01328000000000884	epochs	3.0
915.6313196185303	0.013199999999983447	epochs	3.0
915.6445196185302	0.026240000000029795	epochs	2.0
915.6445196185302	0.013120000000071741	epochs	3.0
915.6576396185303	0.013119999999958054	epochs	3.0
915.6707596185303	0.026160000000004402	epochs	2.0
915.6707596185303	0.013119999999958054	epochs	3.0
915.6838796185302	0.013040000000046348	epochs	3.0
915.6969196185303	0.025999999999953616	epochs	2.0
915.6969196185303	0.013040000000046348	epochs	3.0
915.7099596185303	0.012959999999907268	epochs	3.0
915.7229196185302	0.02576000000010481	epochs	2.0
915.7229196185302	0.012879999999995562	epochs	3.0
915.7357996185302	0.012880000000109249	epochs	3.0
915.7486796185303	0.02567999999996573	epochs	2.0
915.7486796185303	0.012879999999995562	epochs	3.0
915.7615596185303	0.012799999999970169	epochs	3.0
915.7743596185303	0.02552000000002863	epochs	2.0
915.7743596185303	0.012799999999970169	epochs	3.0
915.7871596185303	0.012720000000058462	epochs	3.0
915.7998796185303	0.025359999999977845	epochs	2.0
915.7998796185303	0.012719999999944775	epochs	3.0
915.8125996185303	0.01264000000003307	epochs	3.0
915.8252396185303	0.02519999999992706	epochs	2.0
915.8252396185303	0.012639999999919382	epochs	3.0
915.8378796185302	0.012560000000007676	epochs	3.0
915.8504396185302	0.024560000000064974	epochs	2.0
915.8745196185303	0.5	epochs	-1.0
915.8749996185303	0.9999199999999746	epochs	1.0
916.3745196185303	0.5	epochs	-1.0
920.3659996986389	0.10000000000002274	epochs	0.0
920.3659996986389	0.044959999999946376	epochs	1.0
920.4109596986389	0.010080000000016298	epochs	1.0
920.4210396986389	0.04496000000006006	epochs	1.0
920.4659996986389	2.0	epochs	0.0
922.4659996986389	21.519040000000018	epochs	0.0
922.4659996986389	1.0	epochs	1.0
922.4659996986389	0.5	epochs	-1.0
922.9659996986389	19.99951999999996	epochs	-1.0
923.4659996986389	20.0	epochs	1.0
923.4659996986389	8.000000002539309e-05	epochs	2.0
923.466079698639	4.356719999999996	epochs	-1.0
923.466079698639	1.9745599999999968	epochs	2.0
923.466079698639	1.0985599999999067	epochs	3.0
924.5646396986389	0.87600000000009	epochs	3.0
925.440639698639	1.3523999999999887	epochs	2.0
925.440639698639	0.7286399999999276	epochs	3.0
926.1692796986389	0.6237600000000612	epochs	3.0
926.793039698639	1.0297600000000102	epochs	2.0
926.793039698639	0.5453599999999597	epochs	3.0
927.3383996986389	0.48440000000005057	epochs	3.0
927.822799698639	0.8317599999999175	epochs	2.0
927.822799698639	0.4357599999999593	epochs	3.0
928.2585596986389	0.39599999999995816	epochs	3.0
928.6545596986389	0.697840000000042	epochs	2.0
928.6545596986389	0.3628800000000183	epochs	3.0
929.0174396986389	0.3349600000000237	epochs	3.0
929.3523996986389	0.6010400000000118	epochs	2.0
929.3523996986389	0.3108799999999974	epochs	3.0
929.6632796986389	0.2901600000000144	epochs	3.0
929.9534396986389	0.5278399999999692	epochs	2.0
929.9534396986389	0.2719200000000228	epochs	3.0
930.225359698639	0.2559199999999464	epochs	3.0
930.4812796986389	0.47064000000000306	epochs	2.0
930.4812796986389	0.24167999999997392	epochs	3.0
930.7229596986389	0.22896000000002914	epochs	3.0
930.9519196986389	0.42456000000004224	epochs	2.0
930.9519196986389	0.2174400000000105	epochs	3.0
931.1693596986389	0.20712000000003172	epochs	3.0
931.376479698639	0.3867199999999684	epochs	2.0
931.376479698639	0.1976799999999912	epochs	3.0
931.5741596986389	0.18903999999997723	epochs	3.0
931.7631996986389	0.3551200000000563	epochs	2.0
931.7631996986389	0.1811999999999898	epochs	3.0
931.9443996986389	0.17392000000006647	epochs	3.0
932.118319698639	0.328239999999937	epochs	2.0
932.118319698639	0.1671999999999798	epochs	3.0
932.285519698639	0.16103999999995722	epochs	3.0
932.4465596986389	0.30520000000001346	epochs	2.0
932.4465596986389	0.1552800000000616	epochs	3.0
932.601839698639	0.14991999999995187	epochs	3.0
932.7517596986389	0.28512000000000626	epochs	2.0
932.7517596986389	0.14487999999994372	epochs	3.0
932.8966396986389	0.14024000000006254	epochs	3.0
933.0368796986389	0.26751999999999043	epochs	2.0
933.0368796986389	0.13584000000003016	epochs	3.0
933.172719698639	0.13167999999996027	epochs	3.0
933.3043996986389	0.2520799999999781	epochs	2.0
933.3043996986389	0.12783999999999196	epochs	3.0
933.4322396986389	0.12423999999998614	epochs	3.0
933.5564796986389	0.2381599999999935	epochs	2.0
933.5564796986389	0.12072000000000571	epochs	3.0
933.6771996986389	0.11743999999998778	epochs	3.0
933.7946396986389	0.225840000000062	epochs	2.0
933.7946396986389	0.11440000000004602	epochs	3.0
933.9090396986389	0.11144000000001597	epochs	3.0
934.020479698639	0.21463999999991756	epochs	2.0
934.020479698639	0.10863999999992302	epochs	3.0
934.1291196986389	0.10599999999999454	epochs	3.0
934.2351196986389	0.20448000000010325	epochs	2.0
934.2351196986389	0.10344000000009146	epochs	3.0
934.338559698639	0.10104000000001179	epochs	3.0
934.439599698639	0.19535999999993692	epochs	2.0
934.439599698639	0.0987999999999829	epochs	3.0
934.538399698639	0.09655999999995402	epochs	3.0
934.6349596986389	0.18695999999999913	epochs	2.0
934.6349596986389	0.09447999999997592	epochs	3.0
934.7294396986389	0.09248000000002321	epochs	3.0
934.8219196986389	0.1792000000000371	epochs	2.0
934.8219196986389	0.09047999999995682	epochs	3.0
934.9123996986389	0.08872000000008029	epochs	3.0
935.001119698639	0.17207999999993717	epochs	2.0
935.001119698639	0.086879999999951	epochs	3.0
935.0879996986389	0.08519999999998618	epochs	3.0
935.1731996986389	0.165520000000015	epochs	2.0
935.1731996986389	0.08360000000004675	epochs	3.0
935.2567996986389	0.08191999999996824	epochs	3.0
935.3387196986389	0.15952000000004318	epochs	2.0
935.3387196986389	0.08047999999996591	epochs	3.0
935.4191996986389	0.07904000000007727	epochs	3.0
935.4982396986389	0.15375999999992018	epochs	2.0
935.4982396986389	0.07759999999996126	epochs	3.0
935.5758396986389	0.07615999999995893	epochs	3.0
935.6519996986389	0.14856000000008862	epochs	2.0
935.6519996986389	0.07496000000003278	epochs	3.0
935.7269596986389	0.07360000000005584	epochs	3.0
935.800559698639	0.14368000000001757	epochs	2.0
935.800559698639	0.07247999999992771	epochs	3.0
935.8730396986389	0.07120000000008986	epochs	3.0
935.944239698639	0.13903999999990901	epochs	2.0
935.944239698639	0.07007999999996173	epochs	3.0
936.0143196986389	0.06895999999994729	epochs	3.0
936.0832796986389	0.13472000000001572	epochs	2.0
936.0832796986389	0.06792000000007192	epochs	3.0
936.151199698639	0.0667999999999438	epochs	3.0
936.2179996986389	0.13071999999999662	epochs	2.0
936.2179996986389	0.06583999999998014	epochs	3.0
936.2838396986389	0.06488000000001648	epochs	3.0
936.3487196986389	0.1268000000000029	epochs	2.0
936.3487196986389	0.06384000000002743	epochs	3.0
936.4125596986389	0.06295999999997548	epochs	3.0
936.4755196986389	0.12328000000002248	epochs	2.0
936.4755196986389	0.062080000000037217	epochs	3.0
936.5375996986389	0.061199999999985266	epochs	3.0
936.5987996986389	0.11983999999995376	epochs	2.0
936.5987996986389	0.060320000000047	epochs	3.0
936.659119698639	0.05951999999990676	epochs	3.0
936.7186396986389	0.1166400000000749	epochs	2.0
936.7186396986389	0.05871999999999389	epochs	3.0
936.7773596986389	0.05792000000008102	epochs	3.0
936.8352796986389	0.11360000000001946	epochs	2.0
936.8352796986389	0.05719999999996617	epochs	3.0
936.8924796986389	0.056400000000053296	epochs	3.0
936.948879698639	0.11071999999990112	epochs	2.0
936.948879698639	0.055679999999938445	epochs	3.0
937.0045596986389	0.055039999999962674	epochs	3.0
937.0595996986389	0.10792000000003554	epochs	2.0
937.0595996986389	0.054240000000049804	epochs	3.0
937.1138396986389	0.05367999999998574	epochs	3.0
937.1675196986389	0.10527999999999338	epochs	2.0
937.1675196986389	0.052959999999984575	epochs	3.0
937.2204796986389	0.052320000000008804	epochs	3.0
937.2727996986389	0.1028800000000274	epochs	2.0
937.2727996986389	0.051760000000058426	epochs	3.0
937.324559698639	0.05111999999996897	epochs	3.0
937.3756796986389	0.10040000000003602	epochs	2.0
937.3756796986389	0.0504799999999932	epochs	3.0
937.4261596986389	0.04992000000004282	epochs	3.0
937.476079698639	0.09823999999991884	epochs	2.0
937.476079698639	0.049359999999978754	epochs	3.0
937.5254396986389	0.04887999999994008	epochs	3.0
937.5743196986389	0.09600000000000364	epochs	2.0
937.5743196986389	0.048240000000078	epochs	3.0
937.622559698639	0.04775999999992564	epochs	3.0
937.6703196986389	0.09392000000002554	epochs	2.0
937.6703196986389	0.04720000000008895	epochs	3.0
937.717519698639	0.04671999999993659	epochs	3.0
937.7642396986389	0.09191999999995915	epochs	2.0
937.7642396986389	0.04615999999998621	epochs	3.0
937.8103996986389	0.04575999999997293	epochs	3.0
937.8561596986389	0.09008000000005723	epochs	2.0
937.8561596986389	0.04528000000004795	epochs	3.0
937.9014396986389	0.04480000000000928	epochs	3.0
937.9462396986389	0.08816000000001623	epochs	2.0
937.9462396986389	0.044319999999970605	epochs	3.0
937.9905596986389	0.04384000000004562	epochs	3.0
938.0343996986389	0.08647999999993772	epochs	2.0
938.0343996986389	0.04344000000003234	epochs	3.0
938.077839698639	0.043039999999905376	epochs	3.0
938.1208796986389	0.08472000000006119	epochs	2.0
938.1208796986389	0.04256000000009408	epochs	3.0
938.163439698639	0.04215999999996711	epochs	3.0
938.2055996986389	0.08320000000003347	epochs	2.0
938.2055996986389	0.041759999999953834	epochs	3.0
938.2473596986389	0.041440000000079635	epochs	3.0
938.288799698639	0.08151999999995496	epochs	2.0
938.288799698639	0.04095999999992728	epochs	3.0
938.3297596986389	0.040560000000027685	epochs	3.0
938.3703196986389	0.08007999999995263	epochs	2.0
938.3703196986389	0.0402400000000398	epochs	3.0
938.410559698639	0.039839999999912834	epochs	3.0
938.4503996986389	0.07864000000006399	epochs	2.0
938.4503996986389	0.039520000000038635	epochs	3.0
938.4899196986389	0.03912000000002536	epochs	3.0
938.5290396986389	0.07719999999994798	epochs	2.0
938.5290396986389	0.038799999999923784	epochs	3.0
938.5678396986389	0.03840000000002419	epochs	3.0
938.6062396986389	0.07591999999999643	epochs	2.0
938.6062396986389	0.0381600000000617	epochs	3.0
938.644399698639	0.037759999999934735	epochs	3.0
938.6821596986389	0.0745600000000195	epochs	2.0
938.6821596986389	0.037440000000060536	epochs	3.0
938.719599698639	0.037119999999958964	epochs	3.0
938.7567196986389	0.07335999999997966	epochs	2.0
938.7567196986389	0.03679999999997108	epochs	3.0
938.7935196986389	0.036560000000008586	epochs	3.0
938.8300796986389	0.07208000000002812	epochs	2.0
938.8300796986389	0.03615999999999531	epochs	3.0
938.8662396986389	0.035920000000032815	epochs	3.0
938.9021596986389	0.07087999999998829	epochs	2.0
938.9021596986389	0.03560000000004493	epochs	3.0
938.937759698639	0.03527999999994336	epochs	3.0
938.9730396986389	0.06983999999999924	epochs	2.0
938.9730396986389	0.035039999999980864	epochs	3.0
939.0080796986389	0.03480000000001837	epochs	3.0
939.0428796986389	0.0686399999999594	epochs	2.0
939.0428796986389	0.034480000000030486	epochs	3.0
939.0773596986389	0.034159999999928914	epochs	3.0
939.1115196986389	0.06760000000008404	epochs	2.0
939.1115196986389	0.03392000000008011	epochs	3.0
939.1454396986389	0.03368000000000393	epochs	3.0
939.1791196986389	0.0665599999999813	epochs	2.0
939.1791196986389	0.03343999999992775	epochs	3.0
939.2125596986389	0.03312000000005355	epochs	3.0
939.2456796986389	0.06560000000001764	epochs	2.0
939.2456796986389	0.032960000000002765	epochs	3.0
939.2786396986389	0.03264000000001488	epochs	3.0
939.3112796986389	0.0645600000000286	epochs	2.0
939.3112796986389	0.0323999999999387	epochs	3.0
939.3436796986389	0.032160000000089894	epochs	3.0
939.375839698639	0.06367999999997664	epochs	2.0
939.375839698639	0.03199999999992542	epochs	3.0
939.4078396986389	0.03168000000005122	epochs	3.0
939.439519698639	0.06272000000001299	epochs	2.0
939.439519698639	0.03143999999997504	epochs	3.0
939.4709596986389	0.031280000000037944	epochs	3.0
939.502239698639	0.06183999999996104	epochs	2.0
939.502239698639	0.031039999999961765	epochs	3.0
939.5332796986389	0.030799999999999272	epochs	3.0
939.5640796986389	0.060960000000022774	epochs	2.0
939.5640796986389	0.03056000000003678	epochs	3.0
939.594639698639	0.030399999999985994	epochs	3.0
939.625039698639	0.060159999999996217	epochs	2.0
939.625039698639	0.0301600000000235	epochs	3.0
939.655199698639	0.029999999999972715	epochs	3.0
939.6851996986389	0.059279999999944266	epochs	2.0
939.6851996986389	0.02967999999998483	epochs	3.0
939.7148796986389	0.029599999999959437	epochs	3.0
939.7444796986389	0.058480000000031396	epochs	2.0
939.7444796986389	0.029359999999996944	epochs	3.0
939.7738396986389	0.02912000000003445	epochs	3.0
939.8029596986389	0.05776000000003023	epochs	2.0
939.8029596986389	0.028959999999983665	epochs	3.0
939.8319196986389	0.028800000000046566	epochs	3.0
939.860719698639	0.056960000000003674	epochs	2.0
939.860719698639	0.028559999999970387	epochs	3.0
939.8892796986389	0.028400000000033288	epochs	3.0
939.917679698639	0.05624000000000251	epochs	2.0
939.917679698639	0.028159999999957108	epochs	3.0
939.9458396986389	0.028080000000045402	epochs	3.0
939.973919698639	0.05543999999997595	epochs	2.0
939.973919698639	0.027839999999969223	epochs	3.0
940.0017596986389	0.02760000000000673	epochs	3.0
940.0293596986389	0.054880000000025575	epochs	2.0
940.0293596986389	0.027519999999981337	epochs	3.0
940.0568796986389	0.027360000000044238	epochs	3.0
940.084239698639	0.05407999999999902	epochs	2.0
940.084239698639	0.02711999999996806	epochs	3.0
940.1113596986389	0.02696000000003096	epochs	3.0
940.138319698639	0.05343999999990956	epochs	2.0
940.138319698639	0.026799999999980173	epochs	3.0
940.1651196986389	0.026639999999929387	epochs	3.0
940.1917596986389	0.05288000000007287	epochs	2.0
940.1917596986389	0.026480000000105974	epochs	3.0
940.218239698639	0.026399999999966894	epochs	3.0
940.2446396986389	0.05215999999995802	epochs	2.0
940.2446396986389	0.026160000000004402	epochs	3.0
940.2707996986389	0.025999999999953616	epochs	3.0
940.2967996986389	0.05151999999998225	epochs	2.0
940.2967996986389	0.025840000000016516	epochs	3.0
940.3226396986389	0.02567999999996573	epochs	3.0
940.3483196986389	0.05096000000003187	epochs	2.0
940.3483196986389	0.025600000000054024	epochs	3.0
940.3739196986389	0.025359999999977845	epochs	3.0
940.3992796986389	0.050399999999967804	epochs	2.0
940.3992796986389	0.02527999999995245	epochs	3.0
940.4245596986389	0.025120000000015352	epochs	3.0
940.4496796986389	0.04975999999999203	epochs	2.0
940.4496796986389	0.024960000000078253	epochs	3.0
940.474639698639	0.02479999999991378	epochs	3.0
940.4994396986389	0.049200000000041655	epochs	2.0
940.4994396986389	0.024640000000090367	epochs	3.0
940.524079698639	0.024559999999951287	epochs	3.0
940.5486396986389	0.04872000000000298	epochs	2.0
940.5486396986389	0.024400000000014188	epochs	3.0
940.5730396986389	0.024319999999988795	epochs	3.0
940.5973596986389	0.04808000000002721	epochs	2.0
940.5973596986389	0.024080000000026303	epochs	3.0
940.6214396986389	0.02400000000000091	epochs	3.0
940.6454396986389	0.04759999999998854	epochs	2.0
940.6454396986389	0.023839999999950123	epochs	3.0
940.6692796986389	0.023760000000038417	epochs	3.0
940.6930396986389	0.04711999999994987	epochs	2.0
940.6930396986389	0.02359999999998763	epochs	3.0
940.7166396986389	0.023519999999962238	epochs	3.0
940.7401596986389	0.04655999999999949	epochs	2.0
940.7401596986389	0.02336000000002514	epochs	3.0
940.7635196986389	0.023199999999974352	epochs	3.0
940.7867196986389	0.046080000000074506	epochs	2.0
940.7867196986389	0.023120000000062646	epochs	3.0
940.8098396986389	0.02296000000001186	epochs	3.0
940.832799698639	0.04559999999992215	epochs	2.0
940.832799698639	0.022879999999986467	epochs	3.0
940.8556796986389	0.02271999999993568	epochs	3.0
940.8783996986389	0.04511999999999716	epochs	2.0
940.8783996986389	0.022640000000023974	epochs	3.0
940.9010396986389	0.022479999999973188	epochs	3.0
940.9235196986389	0.04464000000007218	epochs	2.0
940.9235196986389	0.022400000000061482	epochs	3.0
940.9459196986389	0.022240000000010696	epochs	3.0
940.9681596986389	0.04423999999994521	epochs	2.0
940.9681596986389	0.022159999999985303	epochs	3.0
940.9903196986389	0.02207999999995991	epochs	3.0
941.0123996986389	0.04376000000002023	epochs	2.0
941.0123996986389	0.02192000000002281	epochs	3.0
941.0343196986389	0.021839999999997417	epochs	3.0
941.0561596986389	0.04336000000000695	epochs	2.0
941.0561596986389	0.021759999999972024	epochs	3.0
941.0779196986389	0.021600000000034925	epochs	3.0
941.0995196986389	0.04287999999996828	epochs	2.0
941.0995196986389	0.02143999999998414	epochs	3.0
941.1209596986389	0.02143999999998414	epochs	3.0
941.1423996986389	0.042480000000068685	epochs	2.0
941.1423996986389	0.02128000000004704	epochs	3.0
941.1636796986389	0.021200000000021646	epochs	3.0
941.184879698639	0.04207999999994172	epochs	2.0
941.184879698639	0.02103999999997086	epochs	3.0
941.2059196986389	0.02103999999997086	epochs	3.0
941.2269596986389	0.04168000000004213	epochs	2.0
941.2269596986389	0.02088000000003376	epochs	3.0
941.2478396986389	0.020800000000008367	epochs	3.0
941.2686396986389	0.041200000000003456	epochs	2.0
941.2686396986389	0.02063999999995758	epochs	3.0
941.2892796986389	0.020560000000045875	epochs	3.0
941.3098396986389	0.04088000000001557	epochs	2.0
941.3098396986389	0.020559999999932188	epochs	3.0
941.3303996986389	0.020320000000083382	epochs	3.0
941.350719698639	0.040559999999914	epochs	2.0
941.350719698639	0.020319999999969696	epochs	3.0
941.3710396986389	0.020239999999944303	epochs	3.0
941.3912796986389	0.0400800000001027	epochs	2.0
941.3912796986389	0.020080000000007203	epochs	3.0
941.4113596986389	0.020000000000095497	epochs	3.0
941.431359698639	0.03975999999988744	epochs	2.0
941.431359698639	0.019919999999956417	epochs	3.0
941.4512796986389	0.019839999999931024	epochs	3.0
941.4711196986389	0.03944000000001324	epochs	2.0
941.4711196986389	0.019760000000019318	epochs	3.0
941.4908796986389	0.019679999999993925	epochs	3.0
941.5105596986389	0.039039999999999964	epochs	2.0
941.5105596986389	0.019520000000056825	epochs	3.0
941.5300796986389	0.01951999999994314	epochs	3.0
941.5495996986389	0.03864000000010037	epochs	2.0
941.5495996986389	0.01936000000000604	epochs	3.0
941.5689596986389	0.019280000000094333	epochs	3.0
941.588239698639	0.038399999999910506	epochs	2.0
941.588239698639	0.019279999999980646	epochs	3.0
941.607519698639	0.01911999999992986	epochs	3.0
941.6266396986389	0.038000000000010914	epochs	2.0
941.6266396986389	0.019040000000018154	epochs	3.0
941.6456796986389	0.01895999999999276	epochs	3.0
941.6646396986389	0.03768000000002303	epochs	2.0
941.6646396986389	0.018879999999967367	epochs	3.0
941.6835196986389	0.01880000000005566	epochs	3.0
941.7023196986389	0.03736000000003514	epochs	2.0
941.7023196986389	0.018720000000030268	epochs	3.0
941.721039698639	0.018640000000004875	epochs	3.0
941.739679698639	0.03703999999993357	epochs	2.0
941.739679698639	0.018559999999979482	epochs	3.0
941.7582396986389	0.01847999999995409	epochs	3.0
941.7767196986389	0.03672000000005937	epochs	2.0
941.7767196986389	0.018400000000042382	epochs	3.0
941.7951196986389	0.01832000000001699	epochs	3.0
941.813439698639	0.03647999999998319	epochs	2.0
941.813439698639	0.018239999999991596	epochs	3.0
941.8316796986389	0.018239999999991596	epochs	3.0
941.8499196986389	0.036079999999969914	epochs	2.0
941.8499196986389	0.01807999999994081	epochs	3.0
941.8679996986389	0.018000000000029104	epochs	3.0
941.8859996986389	0.03584000000000742	epochs	2.0
941.8859996986389	0.01792000000000371	epochs	3.0
941.9039196986389	0.01792000000000371	epochs	3.0
941.9218396986389	0.035520000000019536	epochs	2.0
941.9218396986389	0.017759999999952925	epochs	3.0
941.9395996986389	0.01776000000006661	epochs	3.0
941.9573596986389	0.03520000000003165	epochs	2.0
941.9573596986389	0.01768000000004122	epochs	3.0
941.975039698639	0.017519999999990432	epochs	3.0
941.992559698639	0.03495999999995547	epochs	2.0
941.992559698639	0.017519999999990432	epochs	3.0
942.010079698639	0.01743999999996504	epochs	3.0
942.0275196986389	0.03471999999999298	epochs	2.0
942.0275196986389	0.01743999999996504	epochs	3.0
942.0449596986389	0.01728000000002794	epochs	3.0
942.0622396986389	0.03440000000000509	epochs	2.0
942.0622396986389	0.017200000000002547	epochs	3.0
942.0794396986389	0.017200000000002547	epochs	3.0
942.0966396986389	0.0341600000000426	epochs	2.0
942.0966396986389	0.017119999999977153	epochs	3.0
942.1137596986389	0.017040000000065447	epochs	3.0
942.130799698639	0.03383999999994103	epochs	2.0
942.130799698639	0.016959999999926367	epochs	3.0
942.1477596986389	0.01688000000001466	epochs	3.0
942.1646396986389	0.033599999999978536	epochs	2.0
942.1646396986389	0.016799999999989268	epochs	3.0
942.1814396986389	0.016799999999989268	epochs	3.0
942.1982396986389	0.033360000000016043	epochs	2.0
942.1982396986389	0.01672000000007756	epochs	3.0
942.214959698639	0.016639999999938482	epochs	3.0
942.2315996986389	0.03312000000005355	epochs	2.0
942.2315996986389	0.016560000000026776	epochs	3.0
942.2481596986389	0.016560000000026776	epochs	3.0
942.2647196986389	0.03279999999995198	epochs	2.0
942.2647196986389	0.01639999999997599	epochs	3.0
942.2811196986389	0.01639999999997599	epochs	3.0
942.2975196986389	0.032559999999989486	epochs	2.0
942.2975196986389	0.016320000000064283	epochs	3.0
942.313839698639	0.016239999999925203	epochs	3.0
942.3300796986389	0.03240000000005239	epochs	2.0
942.3300796986389	0.01624000000003889	epochs	3.0
942.3463196986389	0.016160000000013497	epochs	3.0
942.3624796986389	0.032079999999950815	epochs	2.0
942.3624796986389	0.016079999999988104	epochs	3.0
942.3785596986389	0.01599999999996271	epochs	3.0
942.3945596986389	0.031920000000013715	epochs	2.0
942.3945596986389	0.016000000000076398	epochs	3.0
942.410559698639	0.015919999999937318	epochs	3.0
942.4264796986389	0.03160000000002583	epochs	2.0
942.4264796986389	0.01584000000002561	epochs	3.0
942.4423196986389	0.01576000000000022	epochs	3.0
942.4580796986389	0.03143999999997504	epochs	2.0
942.4580796986389	0.01576000000000022	epochs	3.0
942.4738396986389	0.015679999999974825	epochs	3.0
942.4895196986389	0.03120000000001255	epochs	2.0
942.4895196986389	0.015600000000063119	epochs	3.0
942.505119698639	0.015599999999949432	epochs	3.0
942.5207196986389	0.03096000000005006	epochs	2.0
942.5207196986389	0.015520000000037726	epochs	3.0
942.536239698639	0.015440000000012333	epochs	3.0
942.551679698639	0.03071999999997388	epochs	2.0
942.551679698639	0.015439999999898646	epochs	3.0
942.5671196986389	0.015280000000075233	epochs	3.0
942.5823996986389	0.030559999999923093	epochs	2.0
942.5823996986389	0.01535999999998694	epochs	3.0
942.5977596986389	0.015199999999936153	epochs	3.0
942.6129596986389	0.030320000000074288	epochs	2.0
942.6129596986389	0.01520000000004984	epochs	3.0
942.6281596986389	0.015120000000024447	epochs	3.0
942.6432796986389	0.030079999999998108	epochs	2.0
942.6432796986389	0.015120000000024447	epochs	3.0
942.658399698639	0.014959999999973661	epochs	3.0
942.6733596986389	0.029919999999947322	epochs	2.0
942.6733596986389	0.015039999999999054	epochs	3.0
942.6883996986389	0.014879999999948268	epochs	3.0
942.7032796986389	0.02967999999998483	epochs	2.0
942.7032796986389	0.014880000000061955	epochs	3.0
942.7181596986389	0.014799999999922875	epochs	3.0
942.7329596986389	0.02952000000004773	epochs	2.0
942.7329596986389	0.014800000000036562	epochs	3.0
942.7477596986389	0.014720000000011169	epochs	3.0
942.7624796986389	0.02927999999997155	epochs	2.0
942.7624796986389	0.014720000000011169	epochs	3.0
942.7771996986389	0.014559999999960382	epochs	3.0
942.7917596986389	0.02912000000003445	epochs	2.0
942.7917596986389	0.014639999999985776	epochs	3.0
942.8063996986389	0.014480000000048676	epochs	3.0
942.8208796986389	0.028959999999983665	epochs	2.0
942.8208796986389	0.014480000000048676	epochs	3.0
942.835359698639	0.01447999999993499	epochs	3.0
942.8498396986389	0.02863999999999578	epochs	2.0
942.8498396986389	0.01431999999999789	epochs	3.0
942.8641596986389	0.01431999999999789	epochs	3.0
942.8784796986389	0.028559999999970387	epochs	2.0
942.8784796986389	0.01431999999999789	epochs	3.0
942.8927996986389	0.014239999999972497	epochs	3.0
942.9070396986389	0.028320000000007894	epochs	2.0
942.9070396986389	0.01416000000006079	epochs	3.0
942.9211996986389	0.014159999999947104	epochs	3.0
942.9353596986389	0.028160000000070795	epochs	2.0
942.9353596986389	0.01416000000006079	epochs	3.0
942.9495196986389	0.014000000000010004	epochs	3.0
942.963519698639	0.02800000000002001	epochs	2.0
942.963519698639	0.014000000000010004	epochs	3.0
942.977519698639	0.014000000000010004	epochs	3.0
942.991519698639	0.02775999999994383	epochs	2.0
942.991519698639	0.013919999999984611	epochs	3.0
943.005439698639	0.013839999999959218	epochs	3.0
943.0192796986389	0.027680000000032123	epochs	2.0
943.0192796986389	0.013839999999959218	epochs	3.0
943.0331196986389	0.013840000000072905	epochs	3.0
943.046959698639	0.027439999999955944	epochs	2.0
943.046959698639	0.013759999999933825	epochs	3.0
943.0607196986389	0.013680000000022119	epochs	3.0
943.0743996986389	0.027280000000018845	epochs	2.0
943.0743996986389	0.013680000000022119	epochs	3.0
943.0880796986389	0.013599999999996726	epochs	3.0
943.1016796986389	0.02711999999996806	epochs	2.0
943.1016796986389	0.013519999999971333	epochs	3.0
943.1151996986389	0.013599999999996726	epochs	3.0
943.1287996986389	0.026880000000005566	epochs	2.0
943.1287996986389	0.013440000000059626	epochs	3.0
943.142239698639	0.01343999999994594	epochs	3.0
943.1556796986389	0.026799999999980173	epochs	2.0
943.1556796986389	0.013440000000059626	epochs	3.0
943.169119698639	0.013359999999920547	epochs	3.0
943.1824796986389	0.02656000000001768	epochs	2.0
943.1824796986389	0.01328000000000884	epochs	3.0
943.1957596986389	0.01328000000000884	epochs	3.0
943.2090396986389	0.026479999999992287	epochs	2.0
943.2090396986389	0.01328000000000884	epochs	3.0
943.2223196986389	0.013199999999983447	epochs	3.0
943.2355196986389	0.026240000000029795	epochs	2.0
943.2355196986389	0.013120000000071741	epochs	3.0
943.248639698639	0.013119999999958054	epochs	3.0
943.2617596986389	0.026160000000004402	epochs	2.0
943.2617596986389	0.013119999999958054	epochs	3.0
943.2748796986389	0.013040000000046348	epochs	3.0
943.2879196986389	0.025999999999953616	epochs	2.0
943.2879196986389	0.013040000000046348	epochs	3.0
943.300959698639	0.012959999999907268	epochs	3.0
943.3139196986389	0.02576000000010481	epochs	2.0
943.3139196986389	0.012879999999995562	epochs	3.0
943.3267996986389	0.012880000000109249	epochs	3.0
943.339679698639	0.02567999999996573	epochs	2.0
943.339679698639	0.012879999999995562	epochs	3.0
943.352559698639	0.012799999999970169	epochs	3.0
943.3653596986389	0.02552000000002863	epochs	2.0
943.3653596986389	0.012799999999970169	epochs	3.0
943.3781596986389	0.012720000000058462	epochs	3.0
943.390879698639	0.025359999999977845	epochs	2.0
943.390879698639	0.012719999999944775	epochs	3.0
943.4035996986389	0.01264000000003307	epochs	3.0
943.416239698639	0.02519999999992706	epochs	2.0
943.416239698639	0.012639999999919382	epochs	3.0
943.4288796986389	0.012560000000007676	epochs	3.0
943.4414396986389	0.024560000000064974	epochs	2.0
943.4655196986389	0.5	epochs	-1.0
943.4659996986389	0.5190400000000182	epochs	1.0
943.985039698639	0.48087999999995645	epochs	0.0
947.2189998626709	0.10000000000002274	epochs	0.0
947.2189998626709	0.044959999999946376	epochs	1.0
947.2639598626708	0.010080000000016298	epochs	1.0
947.2740398626709	0.04496000000006006	epochs	1.0
947.3189998626709	2.0	epochs	0.0
949.3189998626709	21.51976000000002	epochs	0.0
949.3189998626709	1.0	epochs	1.0
949.3189998626709	0.5	epochs	-1.0
949.8189998626709	19.99951999999996	epochs	-1.0
950.3189998626709	20.0	epochs	1.0
950.3189998626709	8.000000002539309e-05	epochs	2.0
950.319079862671	4.356719999999996	epochs	-1.0
950.319079862671	1.9745599999999968	epochs	2.0
950.319079862671	1.0985599999999067	epochs	3.0
951.4176398626709	0.87600000000009	epochs	3.0
952.293639862671	1.3523999999999887	epochs	2.0
952.293639862671	0.7286399999999276	epochs	3.0
953.0222798626709	0.6237600000000612	epochs	3.0
953.6460398626709	1.0297600000000102	epochs	2.0
953.6460398626709	0.5453599999999597	epochs	3.0
954.1913998626709	0.48440000000005057	epochs	3.0
954.6757998626709	0.8317599999999175	epochs	2.0
954.6757998626709	0.4357599999999593	epochs	3.0
955.1115598626709	0.39599999999995816	epochs	3.0
955.5075598626709	0.697840000000042	epochs	2.0
955.5075598626709	0.3628800000000183	epochs	3.0
955.8704398626709	0.3349600000000237	epochs	3.0
956.2053998626709	0.6010400000000118	epochs	2.0
956.2053998626709	0.3108799999999974	epochs	3.0
956.5162798626709	0.2901600000000144	epochs	3.0
956.8064398626709	0.5278399999999692	epochs	2.0
956.8064398626709	0.2719200000000228	epochs	3.0
957.0783598626709	0.2559199999999464	epochs	3.0
957.3342798626709	0.47064000000000306	epochs	2.0
957.3342798626709	0.24167999999997392	epochs	3.0
957.5759598626709	0.22896000000002914	epochs	3.0
957.8049198626709	0.42456000000004224	epochs	2.0
957.8049198626709	0.2174400000000105	epochs	3.0
958.0223598626709	0.20712000000003172	epochs	3.0
958.2294798626709	0.3867199999999684	epochs	2.0
958.2294798626709	0.1976799999999912	epochs	3.0
958.4271598626709	0.18903999999997723	epochs	3.0
958.6161998626709	0.3551200000000563	epochs	2.0
958.6161998626709	0.1811999999999898	epochs	3.0
958.7973998626709	0.17392000000006647	epochs	3.0
958.971319862671	0.328239999999937	epochs	2.0
958.971319862671	0.1671999999999798	epochs	3.0
959.1385198626709	0.16103999999995722	epochs	3.0
959.2995598626709	0.30520000000001346	epochs	2.0
959.2995598626709	0.1552800000000616	epochs	3.0
959.454839862671	0.14991999999995187	epochs	3.0
959.6047598626709	0.28512000000000626	epochs	2.0
959.6047598626709	0.14487999999994372	epochs	3.0
959.7496398626708	0.14024000000006254	epochs	3.0
959.8898798626709	0.26751999999999043	epochs	2.0
959.8898798626709	0.13584000000003016	epochs	3.0
960.0257198626709	0.13167999999996027	epochs	3.0
960.1573998626709	0.2520799999999781	epochs	2.0
960.1573998626709	0.12783999999999196	epochs	3.0
960.2852398626709	0.12423999999998614	epochs	3.0
960.4094798626709	0.2381599999999935	epochs	2.0
960.4094798626709	0.12072000000000571	epochs	3.0
960.5301998626709	0.11743999999998778	epochs	3.0
960.6476398626709	0.225840000000062	epochs	2.0
960.6476398626709	0.11440000000004602	epochs	3.0
960.7620398626709	0.11144000000001597	epochs	3.0
960.8734798626709	0.21463999999991756	epochs	2.0
960.8734798626709	0.10863999999992302	epochs	3.0
960.9821198626709	0.10599999999999454	epochs	3.0
961.0881198626709	0.20448000000010325	epochs	2.0
961.0881198626709	0.10344000000009146	epochs	3.0
961.1915598626709	0.10104000000001179	epochs	3.0
961.292599862671	0.19535999999993692	epochs	2.0
961.292599862671	0.0987999999999829	epochs	3.0
961.3913998626709	0.09655999999995402	epochs	3.0
961.4879598626709	0.18695999999999913	epochs	2.0
961.4879598626709	0.09447999999997592	epochs	3.0
961.5824398626709	0.09248000000002321	epochs	3.0
961.6749198626709	0.1792000000000371	epochs	2.0
961.6749198626709	0.09047999999995682	epochs	3.0
961.7653998626708	0.08872000000008029	epochs	3.0
961.8541198626709	0.17207999999993717	epochs	2.0
961.8541198626709	0.086879999999951	epochs	3.0
961.9409998626709	0.08519999999998618	epochs	3.0
962.0261998626709	0.165520000000015	epochs	2.0
962.0261998626709	0.08360000000004675	epochs	3.0
962.1097998626709	0.08191999999996824	epochs	3.0
962.1917198626709	0.15952000000004318	epochs	2.0
962.1917198626709	0.08047999999996591	epochs	3.0
962.2721998626708	0.07904000000007727	epochs	3.0
962.3512398626709	0.15375999999992018	epochs	2.0
962.3512398626709	0.07759999999996126	epochs	3.0
962.4288398626709	0.07615999999995893	epochs	3.0
962.5049998626708	0.14856000000008862	epochs	2.0
962.5049998626708	0.07496000000003278	epochs	3.0
962.5799598626709	0.07360000000005584	epochs	3.0
962.6535598626709	0.14368000000001757	epochs	2.0
962.6535598626709	0.07247999999992771	epochs	3.0
962.7260398626709	0.07120000000008986	epochs	3.0
962.797239862671	0.13903999999990901	epochs	2.0
962.797239862671	0.07007999999996173	epochs	3.0
962.8673198626709	0.06895999999994729	epochs	3.0
962.9362798626709	0.13472000000001572	epochs	2.0
962.9362798626709	0.06792000000007192	epochs	3.0
963.0041998626709	0.0667999999999438	epochs	3.0
963.0709998626709	0.13071999999999662	epochs	2.0
963.0709998626709	0.06583999999998014	epochs	3.0
963.1368398626709	0.06488000000001648	epochs	3.0
963.2017198626709	0.1268000000000029	epochs	2.0
963.2017198626709	0.06384000000002743	epochs	3.0
963.2655598626709	0.06295999999997548	epochs	3.0
963.3285198626709	0.12328000000002248	epochs	2.0
963.3285198626709	0.062080000000037217	epochs	3.0
963.3905998626709	0.061199999999985266	epochs	3.0
963.4517998626709	0.11983999999995376	epochs	2.0
963.4517998626709	0.060320000000047	epochs	3.0
963.5121198626709	0.05951999999990676	epochs	3.0
963.5716398626708	0.1166400000000749	epochs	2.0
963.5716398626708	0.05871999999999389	epochs	3.0
963.6303598626708	0.05792000000008102	epochs	3.0
963.6882798626709	0.11360000000001946	epochs	2.0
963.6882798626709	0.05719999999996617	epochs	3.0
963.7454798626709	0.056400000000053296	epochs	3.0
963.801879862671	0.11071999999990112	epochs	2.0
963.801879862671	0.055679999999938445	epochs	3.0
963.8575598626709	0.055039999999962674	epochs	3.0
963.9125998626708	0.10792000000003554	epochs	2.0
963.9125998626708	0.054240000000049804	epochs	3.0
963.9668398626709	0.05367999999998574	epochs	3.0
964.0205198626709	0.10527999999999338	epochs	2.0
964.0205198626709	0.052959999999984575	epochs	3.0
964.0734798626709	0.052320000000008804	epochs	3.0
964.1257998626709	0.1028800000000274	epochs	2.0
964.1257998626709	0.051760000000058426	epochs	3.0
964.1775598626709	0.05111999999996897	epochs	3.0
964.2286798626709	0.10040000000003602	epochs	2.0
964.2286798626709	0.0504799999999932	epochs	3.0
964.2791598626709	0.04992000000004282	epochs	3.0
964.3290798626709	0.09823999999991884	epochs	2.0
964.3290798626709	0.049359999999978754	epochs	3.0
964.3784398626709	0.04887999999994008	epochs	3.0
964.4273198626709	0.09600000000000364	epochs	2.0
964.4273198626709	0.048240000000078	epochs	3.0
964.4755598626709	0.04775999999992564	epochs	3.0
964.5233198626709	0.09392000000002554	epochs	2.0
964.5233198626709	0.04720000000008895	epochs	3.0
964.570519862671	0.04671999999993659	epochs	3.0
964.6172398626709	0.09191999999995915	epochs	2.0
964.6172398626709	0.04615999999998621	epochs	3.0
964.6633998626709	0.04575999999997293	epochs	3.0
964.7091598626708	0.09008000000005723	epochs	2.0
964.7091598626708	0.04528000000004795	epochs	3.0
964.7544398626709	0.04480000000000928	epochs	3.0
964.7992398626709	0.08816000000001623	epochs	2.0
964.7992398626709	0.044319999999970605	epochs	3.0
964.8435598626709	0.04384000000004562	epochs	3.0
964.8873998626709	0.08647999999993772	epochs	2.0
964.8873998626709	0.04344000000003234	epochs	3.0
964.930839862671	0.043039999999905376	epochs	3.0
964.9738798626709	0.08472000000006119	epochs	2.0
964.9738798626709	0.04256000000009408	epochs	3.0
965.016439862671	0.04215999999996711	epochs	3.0
965.0585998626709	0.08320000000003347	epochs	2.0
965.0585998626709	0.041759999999953834	epochs	3.0
965.1003598626709	0.041440000000079635	epochs	3.0
965.141799862671	0.08151999999995496	epochs	2.0
965.141799862671	0.04095999999992728	epochs	3.0
965.1827598626709	0.040560000000027685	epochs	3.0
965.2233198626709	0.08007999999995263	epochs	2.0
965.2233198626709	0.0402400000000398	epochs	3.0
965.263559862671	0.039839999999912834	epochs	3.0
965.3033998626709	0.07864000000006399	epochs	2.0
965.3033998626709	0.039520000000038635	epochs	3.0
965.3429198626709	0.03912000000002536	epochs	3.0
965.3820398626709	0.07719999999994798	epochs	2.0
965.3820398626709	0.038799999999923784	epochs	3.0
965.4208398626708	0.03840000000002419	epochs	3.0
965.4592398626709	0.07591999999999643	epochs	2.0
965.4592398626709	0.0381600000000617	epochs	3.0
965.4973998626709	0.037759999999934735	epochs	3.0
965.5351598626709	0.0745600000000195	epochs	2.0
965.5351598626709	0.037440000000060536	epochs	3.0
965.5725998626709	0.037119999999958964	epochs	3.0
965.6097198626709	0.07335999999997966	epochs	2.0
965.6097198626709	0.03679999999997108	epochs	3.0
965.6465198626709	0.036560000000008586	epochs	3.0
965.6830798626709	0.07208000000002812	epochs	2.0
965.6830798626709	0.03615999999999531	epochs	3.0
965.7192398626709	0.035920000000032815	epochs	3.0
965.7551598626709	0.07087999999998829	epochs	2.0
965.7551598626709	0.03560000000004493	epochs	3.0
965.7907598626709	0.03527999999994336	epochs	3.0
965.8260398626709	0.06983999999999924	epochs	2.0
965.8260398626709	0.035039999999980864	epochs	3.0
965.8610798626709	0.03480000000001837	epochs	3.0
965.8958798626709	0.0686399999999594	epochs	2.0
965.8958798626709	0.034480000000030486	epochs	3.0
965.9303598626709	0.034159999999928914	epochs	3.0
965.9645198626708	0.06760000000008404	epochs	2.0
965.9645198626708	0.03392000000008011	epochs	3.0
965.9984398626709	0.03368000000000393	epochs	3.0
966.0321198626709	0.0665599999999813	epochs	2.0
966.0321198626709	0.03343999999992775	epochs	3.0
966.0655598626709	0.03312000000005355	epochs	3.0
966.0986798626709	0.06560000000001764	epochs	2.0
966.0986798626709	0.032960000000002765	epochs	3.0
966.1316398626709	0.03264000000001488	epochs	3.0
966.1642798626709	0.0645600000000286	epochs	2.0
966.1642798626709	0.0323999999999387	epochs	3.0
966.1966798626709	0.032160000000089894	epochs	3.0
966.228839862671	0.06367999999997664	epochs	2.0
966.228839862671	0.03199999999992542	epochs	3.0
966.2608398626709	0.03168000000005122	epochs	3.0
966.2925198626709	0.06272000000001299	epochs	2.0
966.2925198626709	0.03143999999997504	epochs	3.0
966.3239598626709	0.031280000000037944	epochs	3.0
966.3552398626709	0.06183999999996104	epochs	2.0
966.3552398626709	0.031039999999961765	epochs	3.0
966.3862798626709	0.030799999999999272	epochs	3.0
966.4170798626709	0.060960000000022774	epochs	2.0
966.4170798626709	0.03056000000003678	epochs	3.0
966.4476398626709	0.030399999999985994	epochs	3.0
966.4780398626709	0.060159999999996217	epochs	2.0
966.4780398626709	0.0301600000000235	epochs	3.0
966.508199862671	0.029999999999972715	epochs	3.0
966.5381998626709	0.059279999999944266	epochs	2.0
966.5381998626709	0.02967999999998483	epochs	3.0
966.5678798626709	0.029599999999959437	epochs	3.0
966.5974798626709	0.058480000000031396	epochs	2.0
966.5974798626709	0.029359999999996944	epochs	3.0
966.6268398626709	0.02912000000003445	epochs	3.0
966.6559598626709	0.05776000000003023	epochs	2.0
966.6559598626709	0.028959999999983665	epochs	3.0
966.6849198626709	0.028800000000046566	epochs	3.0
966.7137198626709	0.056960000000003674	epochs	2.0
966.7137198626709	0.028559999999970387	epochs	3.0
966.7422798626709	0.028400000000033288	epochs	3.0
966.7706798626709	0.05624000000000251	epochs	2.0
966.7706798626709	0.028159999999957108	epochs	3.0
966.7988398626709	0.028080000000045402	epochs	3.0
966.8269198626709	0.05543999999997595	epochs	2.0
966.8269198626709	0.027839999999969223	epochs	3.0
966.8547598626709	0.02760000000000673	epochs	3.0
966.8823598626709	0.054880000000025575	epochs	2.0
966.8823598626709	0.027519999999981337	epochs	3.0
966.9098798626709	0.027360000000044238	epochs	3.0
966.9372398626709	0.05407999999999902	epochs	2.0
966.9372398626709	0.02711999999996806	epochs	3.0
966.9643598626709	0.02696000000003096	epochs	3.0
966.9913198626709	0.05343999999990956	epochs	2.0
966.9913198626709	0.026799999999980173	epochs	3.0
967.0181198626709	0.026639999999929387	epochs	3.0
967.0447598626708	0.05288000000007287	epochs	2.0
967.0447598626708	0.026480000000105974	epochs	3.0
967.071239862671	0.026399999999966894	epochs	3.0
967.0976398626709	0.05215999999995802	epochs	2.0
967.0976398626709	0.026160000000004402	epochs	3.0
967.1237998626709	0.025999999999953616	epochs	3.0
967.1497998626709	0.05151999999998225	epochs	2.0
967.1497998626709	0.025840000000016516	epochs	3.0
967.1756398626709	0.02567999999996573	epochs	3.0
967.2013198626709	0.05096000000003187	epochs	2.0
967.2013198626709	0.025600000000054024	epochs	3.0
967.2269198626709	0.025359999999977845	epochs	3.0
967.2522798626709	0.050399999999967804	epochs	2.0
967.2522798626709	0.02527999999995245	epochs	3.0
967.2775598626708	0.025120000000015352	epochs	3.0
967.3026798626709	0.04975999999999203	epochs	2.0
967.3026798626709	0.024960000000078253	epochs	3.0
967.3276398626709	0.02479999999991378	epochs	3.0
967.3524398626708	0.049200000000041655	epochs	2.0
967.3524398626708	0.024640000000090367	epochs	3.0
967.3770798626709	0.024559999999951287	epochs	3.0
967.4016398626709	0.04872000000000298	epochs	2.0
967.4016398626709	0.024400000000014188	epochs	3.0
967.4260398626709	0.024319999999988795	epochs	3.0
967.4503598626709	0.04808000000002721	epochs	2.0
967.4503598626709	0.024080000000026303	epochs	3.0
967.4744398626709	0.02400000000000091	epochs	3.0
967.4984398626709	0.04759999999998854	epochs	2.0
967.4984398626709	0.023839999999950123	epochs	3.0
967.5222798626709	0.023760000000038417	epochs	3.0
967.5460398626709	0.04711999999994987	epochs	2.0
967.5460398626709	0.02359999999998763	epochs	3.0
967.5696398626709	0.023519999999962238	epochs	3.0
967.5931598626709	0.04655999999999949	epochs	2.0
967.5931598626709	0.02336000000002514	epochs	3.0
967.6165198626709	0.023199999999974352	epochs	3.0
967.6397198626709	0.046080000000074506	epochs	2.0
967.6397198626709	0.023120000000062646	epochs	3.0
967.6628398626709	0.02296000000001186	epochs	3.0
967.6857998626709	0.04559999999992215	epochs	2.0
967.6857998626709	0.022879999999986467	epochs	3.0
967.7086798626709	0.02271999999993568	epochs	3.0
967.7313998626709	0.04511999999999716	epochs	2.0
967.7313998626709	0.022640000000023974	epochs	3.0
967.7540398626709	0.022479999999973188	epochs	3.0
967.7765198626709	0.04464000000007218	epochs	2.0
967.7765198626709	0.022400000000061482	epochs	3.0
967.7989198626709	0.022240000000010696	epochs	3.0
967.8211598626709	0.04423999999994521	epochs	2.0
967.8211598626709	0.022159999999985303	epochs	3.0
967.8433198626709	0.02207999999995991	epochs	3.0
967.8653998626709	0.04376000000002023	epochs	2.0
967.8653998626709	0.02192000000002281	epochs	3.0
967.8873198626709	0.021839999999997417	epochs	3.0
967.9091598626709	0.04336000000000695	epochs	2.0
967.9091598626709	0.021759999999972024	epochs	3.0
967.9309198626709	0.021600000000034925	epochs	3.0
967.9525198626709	0.04287999999996828	epochs	2.0
967.9525198626709	0.02143999999998414	epochs	3.0
967.9739598626709	0.02143999999998414	epochs	3.0
967.9953998626709	0.042480000000068685	epochs	2.0
967.9953998626709	0.02128000000004704	epochs	3.0
968.0166798626709	0.021200000000021646	epochs	3.0
968.0378798626709	0.04207999999994172	epochs	2.0
968.0378798626709	0.02103999999997086	epochs	3.0
968.0589198626709	0.02103999999997086	epochs	3.0
968.0799598626709	0.04168000000004213	epochs	2.0
968.0799598626709	0.02088000000003376	epochs	3.0
968.1008398626709	0.020800000000008367	epochs	3.0
968.1216398626709	0.041200000000003456	epochs	2.0
968.1216398626709	0.02063999999995758	epochs	3.0
968.1422798626709	0.020560000000045875	epochs	3.0
968.1628398626709	0.04088000000001557	epochs	2.0
968.1628398626709	0.020559999999932188	epochs	3.0
968.1833998626709	0.020320000000083382	epochs	3.0
968.2037198626709	0.040559999999914	epochs	2.0
968.2037198626709	0.020319999999969696	epochs	3.0
968.2240398626709	0.020239999999944303	epochs	3.0
968.2442798626709	0.0400800000001027	epochs	2.0
968.2442798626709	0.020080000000007203	epochs	3.0
968.2643598626709	0.020000000000095497	epochs	3.0
968.284359862671	0.03975999999988744	epochs	2.0
968.284359862671	0.019919999999956417	epochs	3.0
968.3042798626709	0.019839999999931024	epochs	3.0
968.3241198626708	0.03944000000001324	epochs	2.0
968.3241198626708	0.019760000000019318	epochs	3.0
968.3438798626709	0.019679999999993925	epochs	3.0
968.3635598626709	0.039039999999999964	epochs	2.0
968.3635598626709	0.019520000000056825	epochs	3.0
968.3830798626709	0.01951999999994314	epochs	3.0
968.4025998626709	0.03864000000010037	epochs	2.0
968.4025998626709	0.01936000000000604	epochs	3.0
968.4219598626709	0.019280000000094333	epochs	3.0
968.441239862671	0.038399999999910506	epochs	2.0
968.441239862671	0.019279999999980646	epochs	3.0
968.4605198626709	0.01911999999992986	epochs	3.0
968.4796398626709	0.038000000000010914	epochs	2.0
968.4796398626709	0.019040000000018154	epochs	3.0
968.4986798626709	0.01895999999999276	epochs	3.0
968.5176398626709	0.03768000000002303	epochs	2.0
968.5176398626709	0.018879999999967367	epochs	3.0
968.5365198626708	0.01880000000005566	epochs	3.0
968.5553198626709	0.03736000000003514	epochs	2.0
968.5553198626709	0.018720000000030268	epochs	3.0
968.5740398626709	0.018640000000004875	epochs	3.0
968.5926798626709	0.03703999999993357	epochs	2.0
968.5926798626709	0.018559999999979482	epochs	3.0
968.6112398626709	0.01847999999995409	epochs	3.0
968.6297198626709	0.03672000000005937	epochs	2.0
968.6297198626709	0.018400000000042382	epochs	3.0
968.6481198626709	0.01832000000001699	epochs	3.0
968.6664398626709	0.03647999999998319	epochs	2.0
968.6664398626709	0.018239999999991596	epochs	3.0
968.6846798626709	0.018239999999991596	epochs	3.0
968.7029198626709	0.036079999999969914	epochs	2.0
968.7029198626709	0.01807999999994081	epochs	3.0
968.7209998626709	0.018000000000029104	epochs	3.0
968.7389998626709	0.03584000000000742	epochs	2.0
968.7389998626709	0.01792000000000371	epochs	3.0
968.7569198626709	0.01792000000000371	epochs	3.0
968.7748398626709	0.035520000000019536	epochs	2.0
968.7748398626709	0.017759999999952925	epochs	3.0
968.7925998626708	0.01776000000006661	epochs	3.0
968.8103598626709	0.03520000000003165	epochs	2.0
968.8103598626709	0.01768000000004122	epochs	3.0
968.828039862671	0.017519999999990432	epochs	3.0
968.8455598626709	0.03495999999995547	epochs	2.0
968.8455598626709	0.017519999999990432	epochs	3.0
968.8630798626709	0.01743999999996504	epochs	3.0
968.8805198626709	0.03471999999999298	epochs	2.0
968.8805198626709	0.01743999999996504	epochs	3.0
968.8979598626709	0.01728000000002794	epochs	3.0
968.9152398626709	0.03440000000000509	epochs	2.0
968.9152398626709	0.017200000000002547	epochs	3.0
968.9324398626709	0.017200000000002547	epochs	3.0
968.9496398626709	0.0341600000000426	epochs	2.0
968.9496398626709	0.017119999999977153	epochs	3.0
968.9667598626709	0.017040000000065447	epochs	3.0
968.9837998626709	0.03383999999994103	epochs	2.0
968.9837998626709	0.016959999999926367	epochs	3.0
969.0007598626709	0.01688000000001466	epochs	3.0
969.0176398626709	0.033599999999978536	epochs	2.0
969.0176398626709	0.016799999999989268	epochs	3.0
969.0344398626709	0.016799999999989268	epochs	3.0
969.0512398626709	0.033360000000016043	epochs	2.0
969.0512398626709	0.01672000000007756	epochs	3.0
969.0679598626709	0.016639999999938482	epochs	3.0
969.0845998626709	0.03312000000005355	epochs	2.0
969.0845998626709	0.016560000000026776	epochs	3.0
969.1011598626709	0.016560000000026776	epochs	3.0
969.1177198626709	0.03279999999995198	epochs	2.0
969.1177198626709	0.01639999999997599	epochs	3.0
969.1341198626709	0.01639999999997599	epochs	3.0
969.1505198626709	0.032559999999989486	epochs	2.0
969.1505198626709	0.016320000000064283	epochs	3.0
969.1668398626709	0.016239999999925203	epochs	3.0
969.1830798626709	0.03240000000005239	epochs	2.0
969.1830798626709	0.01624000000003889	epochs	3.0
969.1993198626709	0.016160000000013497	epochs	3.0
969.2154798626709	0.032079999999950815	epochs	2.0
969.2154798626709	0.016079999999988104	epochs	3.0
969.2315598626709	0.01599999999996271	epochs	3.0
969.2475598626709	0.031920000000013715	epochs	2.0
969.2475598626709	0.016000000000076398	epochs	3.0
969.263559862671	0.015919999999937318	epochs	3.0
969.2794798626709	0.03160000000002583	epochs	2.0
969.2794798626709	0.01584000000002561	epochs	3.0
969.2953198626709	0.01576000000000022	epochs	3.0
969.3110798626709	0.03143999999997504	epochs	2.0
969.3110798626709	0.01576000000000022	epochs	3.0
969.3268398626709	0.015679999999974825	epochs	3.0
969.3425198626709	0.03120000000001255	epochs	2.0
969.3425198626709	0.015600000000063119	epochs	3.0
969.358119862671	0.015599999999949432	epochs	3.0
969.3737198626709	0.03096000000005006	epochs	2.0
969.3737198626709	0.015520000000037726	epochs	3.0
969.3892398626709	0.015440000000012333	epochs	3.0
969.404679862671	0.03071999999997388	epochs	2.0
969.404679862671	0.015439999999898646	epochs	3.0
969.4201198626708	0.015280000000075233	epochs	3.0
969.4353998626709	0.030559999999923093	epochs	2.0
969.4353998626709	0.01535999999998694	epochs	3.0
969.4507598626709	0.015199999999936153	epochs	3.0
969.4659598626708	0.030320000000074288	epochs	2.0
969.4659598626708	0.01520000000004984	epochs	3.0
969.4811598626709	0.015120000000024447	epochs	3.0
969.4962798626709	0.030079999999998108	epochs	2.0
969.4962798626709	0.015120000000024447	epochs	3.0
969.5113998626709	0.014959999999973661	epochs	3.0
969.5263598626709	0.029919999999947322	epochs	2.0
969.5263598626709	0.015039999999999054	epochs	3.0
969.5413998626709	0.014879999999948268	epochs	3.0
969.5562798626709	0.02967999999998483	epochs	2.0
969.5562798626709	0.014880000000061955	epochs	3.0
969.5711598626709	0.014799999999922875	epochs	3.0
969.5859598626708	0.02952000000004773	epochs	2.0
969.5859598626708	0.014800000000036562	epochs	3.0
969.6007598626709	0.014720000000011169	epochs	3.0
969.6154798626709	0.02927999999997155	epochs	2.0
969.6154798626709	0.014720000000011169	epochs	3.0
969.6301998626709	0.014559999999960382	epochs	3.0
969.6447598626709	0.02912000000003445	epochs	2.0
969.6447598626709	0.014639999999985776	epochs	3.0
969.6593998626709	0.014480000000048676	epochs	3.0
969.6738798626709	0.028959999999983665	epochs	2.0
969.6738798626709	0.014480000000048676	epochs	3.0
969.688359862671	0.01447999999993499	epochs	3.0
969.7028398626709	0.02863999999999578	epochs	2.0
969.7028398626709	0.01431999999999789	epochs	3.0
969.7171598626709	0.01431999999999789	epochs	3.0
969.7314798626709	0.028559999999970387	epochs	2.0
969.7314798626709	0.01431999999999789	epochs	3.0
969.7457998626709	0.014239999999972497	epochs	3.0
969.7600398626709	0.028320000000007894	epochs	2.0
969.7600398626709	0.01416000000006079	epochs	3.0
969.7741998626709	0.014159999999947104	epochs	3.0
969.7883598626709	0.028160000000070795	epochs	2.0
969.7883598626709	0.01416000000006079	epochs	3.0
969.8025198626709	0.014000000000010004	epochs	3.0
969.8165198626709	0.02800000000002001	epochs	2.0
969.8165198626709	0.014000000000010004	epochs	3.0
969.8305198626709	0.014000000000010004	epochs	3.0
969.844519862671	0.02775999999994383	epochs	2.0
969.844519862671	0.013919999999984611	epochs	3.0
969.8584398626709	0.013839999999959218	epochs	3.0
969.8722798626709	0.027680000000032123	epochs	2.0
969.8722798626709	0.013839999999959218	epochs	3.0
969.8861198626709	0.013840000000072905	epochs	3.0
969.8999598626709	0.027439999999955944	epochs	2.0
969.8999598626709	0.013759999999933825	epochs	3.0
969.9137198626709	0.013680000000022119	epochs	3.0
969.9273998626709	0.027280000000018845	epochs	2.0
969.9273998626709	0.013680000000022119	epochs	3.0
969.9410798626709	0.013599999999996726	epochs	3.0
969.9546798626709	0.02711999999996806	epochs	2.0
969.9546798626709	0.013519999999971333	epochs	3.0
969.9681998626709	0.013599999999996726	epochs	3.0
969.9817998626709	0.026880000000005566	epochs	2.0
969.9817998626709	0.013440000000059626	epochs	3.0
969.9952398626709	0.01343999999994594	epochs	3.0
970.0086798626709	0.026799999999980173	epochs	2.0
970.0086798626709	0.013440000000059626	epochs	3.0
970.0221198626709	0.013359999999920547	epochs	3.0
970.0354798626709	0.02656000000001768	epochs	2.0
970.0354798626709	0.01328000000000884	epochs	3.0
970.0487598626709	0.01328000000000884	epochs	3.0
970.0620398626709	0.026479999999992287	epochs	2.0
970.0620398626709	0.01328000000000884	epochs	3.0
970.0753198626709	0.013199999999983447	epochs	3.0
970.0885198626709	0.026240000000029795	epochs	2.0
970.0885198626709	0.013120000000071741	epochs	3.0
970.1016398626709	0.013119999999958054	epochs	3.0
970.1147598626709	0.026160000000004402	epochs	2.0
970.1147598626709	0.013119999999958054	epochs	3.0
970.1278798626709	0.013040000000046348	epochs	3.0
970.1409198626709	0.025999999999953616	epochs	2.0
970.1409198626709	0.013040000000046348	epochs	3.0
970.153959862671	0.012959999999907268	epochs	3.0
970.1669198626709	0.02576000000010481	epochs	2.0
970.1669198626709	0.012879999999995562	epochs	3.0
970.1797998626708	0.012880000000109249	epochs	3.0
970.192679862671	0.02567999999996573	epochs	2.0
970.192679862671	0.012879999999995562	epochs	3.0
970.205559862671	0.012799999999970169	epochs	3.0
970.2183598626709	0.02552000000002863	epochs	2.0
970.2183598626709	0.012799999999970169	epochs	3.0
970.2311598626709	0.012720000000058462	epochs	3.0
970.243879862671	0.025359999999977845	epochs	2.0
970.243879862671	0.012719999999944775	epochs	3.0
970.2565998626709	0.01264000000003307	epochs	3.0
970.2692398626709	0.02519999999992706	epochs	2.0
970.2692398626709	0.012639999999919382	epochs	3.0
970.2818798626708	0.012560000000007676	epochs	3.0
970.2944398626709	0.024560000000064974	epochs	2.0
970.3185198626709	0.5	epochs	-1.0
970.3189998626709	0.5197600000000193	epochs	1.0
970.8387598626709	0.4801599999999553	epochs	0.0
974.1529998779297	0.10000000000002274	epochs	0.0
974.1529998779297	0.044959999999946376	epochs	1.0
974.1979598779296	0.010080000000016298	epochs	1.0
974.2080398779297	0.04496000000006006	epochs	1.0
974.2529998779297	2.0	epochs	0.0
976.2529998779297	21.559679999999958	epochs	0.0
976.2529998779297	1.0	epochs	1.0
976.2529998779297	0.5	epochs	-1.0
976.7529998779297	19.99951999999996	epochs	-1.0
977.2529998779297	20.0	epochs	1.0
977.2529998779297	8.000000002539309e-05	epochs	2.0
977.2530798779297	4.356719999999996	epochs	-1.0
977.2530798779297	1.9745599999999968	epochs	2.0
977.2530798779297	1.0985599999999067	epochs	3.0
978.3516398779296	0.87600000000009	epochs	3.0
979.2276398779297	1.3523999999999887	epochs	2.0
979.2276398779297	0.7286399999999276	epochs	3.0
979.9562798779297	0.6237600000000612	epochs	3.0
980.5800398779297	1.0297600000000102	epochs	2.0
980.5800398779297	0.5453599999999597	epochs	3.0
981.1253998779297	0.48440000000005057	epochs	3.0
981.6097998779297	0.8317599999999175	epochs	2.0
981.6097998779297	0.4357599999999593	epochs	3.0
982.0455598779297	0.39599999999995816	epochs	3.0
982.4415598779296	0.697840000000042	epochs	2.0
982.4415598779296	0.3628800000000183	epochs	3.0
982.8044398779297	0.3349600000000237	epochs	3.0
983.1393998779297	0.6010400000000118	epochs	2.0
983.1393998779297	0.3108799999999974	epochs	3.0
983.4502798779297	0.2901600000000144	epochs	3.0
983.7404398779297	0.5278399999999692	epochs	2.0
983.7404398779297	0.2719200000000228	epochs	3.0
984.0123598779297	0.2559199999999464	epochs	3.0
984.2682798779297	0.47064000000000306	epochs	2.0
984.2682798779297	0.24167999999997392	epochs	3.0
984.5099598779296	0.22896000000002914	epochs	3.0
984.7389198779297	0.42456000000004224	epochs	2.0
984.7389198779297	0.2174400000000105	epochs	3.0
984.9563598779297	0.20712000000003172	epochs	3.0
985.1634798779297	0.3867199999999684	epochs	2.0
985.1634798779297	0.1976799999999912	epochs	3.0
985.3611598779297	0.18903999999997723	epochs	3.0
985.5501998779297	0.3551200000000563	epochs	2.0
985.5501998779297	0.1811999999999898	epochs	3.0
985.7313998779297	0.17392000000006647	epochs	3.0
985.9053198779297	0.328239999999937	epochs	2.0
985.9053198779297	0.1671999999999798	epochs	3.0
986.0725198779297	0.16103999999995722	epochs	3.0
986.2335598779297	0.30520000000001346	epochs	2.0
986.2335598779297	0.1552800000000616	epochs	3.0
986.3888398779297	0.14991999999995187	epochs	3.0
986.5387598779297	0.28512000000000626	epochs	2.0
986.5387598779297	0.14487999999994372	epochs	3.0
986.6836398779296	0.14024000000006254	epochs	3.0
986.8238798779297	0.26751999999999043	epochs	2.0
986.8238798779297	0.13584000000003016	epochs	3.0
986.9597198779297	0.13167999999996027	epochs	3.0
987.0913998779297	0.2520799999999781	epochs	2.0
987.0913998779297	0.12783999999999196	epochs	3.0
987.2192398779297	0.12423999999998614	epochs	3.0
987.3434798779297	0.2381599999999935	epochs	2.0
987.3434798779297	0.12072000000000571	epochs	3.0
987.4641998779297	0.11743999999998778	epochs	3.0
987.5816398779297	0.225840000000062	epochs	2.0
987.5816398779297	0.11440000000004602	epochs	3.0
987.6960398779297	0.11144000000001597	epochs	3.0
987.8074798779297	0.21463999999991756	epochs	2.0
987.8074798779297	0.10863999999992302	epochs	3.0
987.9161198779296	0.10599999999999454	epochs	3.0
988.0221198779296	0.20448000000010325	epochs	2.0
988.0221198779296	0.10344000000009146	epochs	3.0
988.1255598779297	0.10104000000001179	epochs	3.0
988.2265998779297	0.19535999999993692	epochs	2.0
988.2265998779297	0.0987999999999829	epochs	3.0
988.3253998779297	0.09655999999995402	epochs	3.0
988.4219598779297	0.18695999999999913	epochs	2.0
988.4219598779297	0.09447999999997592	epochs	3.0
988.5164398779297	0.09248000000002321	epochs	3.0
988.6089198779297	0.1792000000000371	epochs	2.0
988.6089198779297	0.09047999999995682	epochs	3.0
988.6993998779296	0.08872000000008029	epochs	3.0
988.7881198779297	0.17207999999993717	epochs	2.0
988.7881198779297	0.086879999999951	epochs	3.0
988.8749998779297	0.08519999999998618	epochs	3.0
988.9601998779297	0.165520000000015	epochs	2.0
988.9601998779297	0.08360000000004675	epochs	3.0
989.0437998779297	0.08191999999996824	epochs	3.0
989.1257198779297	0.15952000000004318	epochs	2.0
989.1257198779297	0.08047999999996591	epochs	3.0
989.2061998779296	0.07904000000007727	epochs	3.0
989.2852398779297	0.15375999999992018	epochs	2.0
989.2852398779297	0.07759999999996126	epochs	3.0
989.3628398779297	0.07615999999995893	epochs	3.0
989.4389998779296	0.14856000000008862	epochs	2.0
989.4389998779296	0.07496000000003278	epochs	3.0
989.5139598779297	0.07360000000005584	epochs	3.0
989.5875598779297	0.14368000000001757	epochs	2.0
989.5875598779297	0.07247999999992771	epochs	3.0
989.6600398779296	0.07120000000008986	epochs	3.0
989.7312398779297	0.13903999999990901	epochs	2.0
989.7312398779297	0.07007999999996173	epochs	3.0
989.8013198779297	0.06895999999994729	epochs	3.0
989.8702798779296	0.13472000000001572	epochs	2.0
989.8702798779296	0.06792000000007192	epochs	3.0
989.9381998779297	0.0667999999999438	epochs	3.0
990.0049998779297	0.13071999999999662	epochs	2.0
990.0049998779297	0.06583999999998014	epochs	3.0
990.0708398779296	0.06488000000001648	epochs	3.0
990.1357198779297	0.1268000000000029	epochs	2.0
990.1357198779297	0.06384000000002743	epochs	3.0
990.1995598779297	0.06295999999997548	epochs	3.0
990.2625198779297	0.12328000000002248	epochs	2.0
990.2625198779297	0.062080000000037217	epochs	3.0
990.3245998779297	0.061199999999985266	epochs	3.0
990.3857998779297	0.11983999999995376	epochs	2.0
990.3857998779297	0.060320000000047	epochs	3.0
990.4461198779297	0.05951999999990676	epochs	3.0
990.5056398779296	0.1166400000000749	epochs	2.0
990.5056398779296	0.05871999999999389	epochs	3.0
990.5643598779296	0.05792000000008102	epochs	3.0
990.6222798779297	0.11360000000001946	epochs	2.0
990.6222798779297	0.05719999999996617	epochs	3.0
990.6794798779297	0.056400000000053296	epochs	3.0
990.7358798779297	0.11071999999990112	epochs	2.0
990.7358798779297	0.055679999999938445	epochs	3.0
990.7915598779297	0.055039999999962674	epochs	3.0
990.8465998779296	0.10792000000003554	epochs	2.0
990.8465998779296	0.054240000000049804	epochs	3.0
990.9008398779297	0.05367999999998574	epochs	3.0
990.9545198779297	0.10527999999999338	epochs	2.0
990.9545198779297	0.052959999999984575	epochs	3.0
991.0074798779297	0.052320000000008804	epochs	3.0
991.0597998779297	0.1028800000000274	epochs	2.0
991.0597998779297	0.051760000000058426	epochs	3.0
991.1115598779297	0.05111999999996897	epochs	3.0
991.1626798779297	0.10040000000003602	epochs	2.0
991.1626798779297	0.0504799999999932	epochs	3.0
991.2131598779297	0.04992000000004282	epochs	3.0
991.2630798779297	0.09823999999991884	epochs	2.0
991.2630798779297	0.049359999999978754	epochs	3.0
991.3124398779297	0.04887999999994008	epochs	3.0
991.3613198779296	0.09600000000000364	epochs	2.0
991.3613198779296	0.048240000000078	epochs	3.0
991.4095598779297	0.04775999999992564	epochs	3.0
991.4573198779296	0.09392000000002554	epochs	2.0
991.4573198779296	0.04720000000008895	epochs	3.0
991.5045198779297	0.04671999999993659	epochs	3.0
991.5512398779297	0.09191999999995915	epochs	2.0
991.5512398779297	0.04615999999998621	epochs	3.0
991.5973998779297	0.04575999999997293	epochs	3.0
991.6431598779296	0.09008000000005723	epochs	2.0
991.6431598779296	0.04528000000004795	epochs	3.0
991.6884398779297	0.04480000000000928	epochs	3.0
991.7332398779297	0.08816000000001623	epochs	2.0
991.7332398779297	0.044319999999970605	epochs	3.0
991.7775598779297	0.04384000000004562	epochs	3.0
991.8213998779297	0.08647999999993772	epochs	2.0
991.8213998779297	0.04344000000003234	epochs	3.0
991.8648398779297	0.043039999999905376	epochs	3.0
991.9078798779296	0.08472000000006119	epochs	2.0
991.9078798779296	0.04256000000009408	epochs	3.0
991.9504398779297	0.04215999999996711	epochs	3.0
991.9925998779297	0.08320000000003347	epochs	2.0
991.9925998779297	0.041759999999953834	epochs	3.0
992.0343598779297	0.041440000000079635	epochs	3.0
992.0757998779297	0.08151999999995496	epochs	2.0
992.0757998779297	0.04095999999992728	epochs	3.0
992.1167598779297	0.040560000000027685	epochs	3.0
992.1573198779297	0.08007999999995263	epochs	2.0
992.1573198779297	0.0402400000000398	epochs	3.0
992.1975598779297	0.039839999999912834	epochs	3.0
992.2373998779296	0.07864000000006399	epochs	2.0
992.2373998779296	0.039520000000038635	epochs	3.0
992.2769198779297	0.03912000000002536	epochs	3.0
992.3160398779297	0.07719999999994798	epochs	2.0
992.3160398779297	0.038799999999923784	epochs	3.0
992.3548398779296	0.03840000000002419	epochs	3.0
992.3932398779297	0.07591999999999643	epochs	2.0
992.3932398779297	0.0381600000000617	epochs	3.0
992.4313998779297	0.037759999999934735	epochs	3.0
992.4691598779297	0.0745600000000195	epochs	2.0
992.4691598779297	0.037440000000060536	epochs	3.0
992.5065998779297	0.037119999999958964	epochs	3.0
992.5437198779297	0.07335999999997966	epochs	2.0
992.5437198779297	0.03679999999997108	epochs	3.0
992.5805198779296	0.036560000000008586	epochs	3.0
992.6170798779297	0.07208000000002812	epochs	2.0
992.6170798779297	0.03615999999999531	epochs	3.0
992.6532398779296	0.035920000000032815	epochs	3.0
992.6891598779297	0.07087999999998829	epochs	2.0
992.6891598779297	0.03560000000004493	epochs	3.0
992.7247598779297	0.03527999999994336	epochs	3.0
992.7600398779297	0.06983999999999924	epochs	2.0
992.7600398779297	0.035039999999980864	epochs	3.0
992.7950798779297	0.03480000000001837	epochs	3.0
992.8298798779297	0.0686399999999594	epochs	2.0
992.8298798779297	0.034480000000030486	epochs	3.0
992.8643598779297	0.034159999999928914	epochs	3.0
992.8985198779296	0.06760000000008404	epochs	2.0
992.8985198779296	0.03392000000008011	epochs	3.0
992.9324398779297	0.03368000000000393	epochs	3.0
992.9661198779297	0.0665599999999813	epochs	2.0
992.9661198779297	0.03343999999992775	epochs	3.0
992.9995598779296	0.03312000000005355	epochs	3.0
993.0326798779297	0.06560000000001764	epochs	2.0
993.0326798779297	0.032960000000002765	epochs	3.0
993.0656398779297	0.03264000000001488	epochs	3.0
993.0982798779297	0.0645600000000286	epochs	2.0
993.0982798779297	0.0323999999999387	epochs	3.0
993.1306798779297	0.032160000000089894	epochs	3.0
993.1628398779297	0.06367999999997664	epochs	2.0
993.1628398779297	0.03199999999992542	epochs	3.0
993.1948398779297	0.03168000000005122	epochs	3.0
993.2265198779297	0.06272000000001299	epochs	2.0
993.2265198779297	0.03143999999997504	epochs	3.0
993.2579598779297	0.031280000000037944	epochs	3.0
993.2892398779297	0.06183999999996104	epochs	2.0
993.2892398779297	0.031039999999961765	epochs	3.0
993.3202798779297	0.030799999999999272	epochs	3.0
993.3510798779297	0.060960000000022774	epochs	2.0
993.3510798779297	0.03056000000003678	epochs	3.0
993.3816398779297	0.030399999999985994	epochs	3.0
993.4120398779297	0.060159999999996217	epochs	2.0
993.4120398779297	0.0301600000000235	epochs	3.0
993.4421998779297	0.029999999999972715	epochs	3.0
993.4721998779297	0.059279999999944266	epochs	2.0
993.4721998779297	0.02967999999998483	epochs	3.0
993.5018798779297	0.029599999999959437	epochs	3.0
993.5314798779297	0.058480000000031396	epochs	2.0
993.5314798779297	0.029359999999996944	epochs	3.0
993.5608398779297	0.02912000000003445	epochs	3.0
993.5899598779297	0.05776000000003023	epochs	2.0
993.5899598779297	0.028959999999983665	epochs	3.0
993.6189198779297	0.028800000000046566	epochs	3.0
993.6477198779297	0.056960000000003674	epochs	2.0
993.6477198779297	0.028559999999970387	epochs	3.0
993.6762798779297	0.028400000000033288	epochs	3.0
993.7046798779297	0.05624000000000251	epochs	2.0
993.7046798779297	0.028159999999957108	epochs	3.0
993.7328398779297	0.028080000000045402	epochs	3.0
993.7609198779297	0.05543999999997595	epochs	2.0
993.7609198779297	0.027839999999969223	epochs	3.0
993.7887598779297	0.02760000000000673	epochs	3.0
993.8163598779297	0.054880000000025575	epochs	2.0
993.8163598779297	0.027519999999981337	epochs	3.0
993.8438798779297	0.027360000000044238	epochs	3.0
993.8712398779297	0.05407999999999902	epochs	2.0
993.8712398779297	0.02711999999996806	epochs	3.0
993.8983598779297	0.02696000000003096	epochs	3.0
993.9253198779297	0.05343999999990956	epochs	2.0
993.9253198779297	0.026799999999980173	epochs	3.0
993.9521198779297	0.026639999999929387	epochs	3.0
993.9787598779296	0.05288000000007287	epochs	2.0
993.9787598779296	0.026480000000105974	epochs	3.0
994.0052398779297	0.026399999999966894	epochs	3.0
994.0316398779297	0.05215999999995802	epochs	2.0
994.0316398779297	0.026160000000004402	epochs	3.0
994.0577998779297	0.025999999999953616	epochs	3.0
994.0837998779297	0.05151999999998225	epochs	2.0
994.0837998779297	0.025840000000016516	epochs	3.0
994.1096398779297	0.02567999999996573	epochs	3.0
994.1353198779296	0.05096000000003187	epochs	2.0
994.1353198779296	0.025600000000054024	epochs	3.0
994.1609198779297	0.025359999999977845	epochs	3.0
994.1862798779297	0.050399999999967804	epochs	2.0
994.1862798779297	0.02527999999995245	epochs	3.0
994.2115598779296	0.025120000000015352	epochs	3.0
994.2366798779296	0.04975999999999203	epochs	2.0
994.2366798779296	0.024960000000078253	epochs	3.0
994.2616398779297	0.02479999999991378	epochs	3.0
994.2864398779296	0.049200000000041655	epochs	2.0
994.2864398779296	0.024640000000090367	epochs	3.0
994.3110798779297	0.024559999999951287	epochs	3.0
994.3356398779297	0.04872000000000298	epochs	2.0
994.3356398779297	0.024400000000014188	epochs	3.0
994.3600398779297	0.024319999999988795	epochs	3.0
994.3843598779297	0.04808000000002721	epochs	2.0
994.3843598779297	0.024080000000026303	epochs	3.0
994.4084398779297	0.02400000000000091	epochs	3.0
994.4324398779297	0.04759999999998854	epochs	2.0
994.4324398779297	0.023839999999950123	epochs	3.0
994.4562798779297	0.023760000000038417	epochs	3.0
994.4800398779297	0.04711999999994987	epochs	2.0
994.4800398779297	0.02359999999998763	epochs	3.0
994.5036398779297	0.023519999999962238	epochs	3.0
994.5271598779296	0.04655999999999949	epochs	2.0
994.5271598779296	0.02336000000002514	epochs	3.0
994.5505198779297	0.023199999999974352	epochs	3.0
994.5737198779296	0.046080000000074506	epochs	2.0
994.5737198779296	0.023120000000062646	epochs	3.0
994.5968398779297	0.02296000000001186	epochs	3.0
994.6197998779297	0.04559999999992215	epochs	2.0
994.6197998779297	0.022879999999986467	epochs	3.0
994.6426798779297	0.02271999999993568	epochs	3.0
994.6653998779296	0.04511999999999716	epochs	2.0
994.6653998779296	0.022640000000023974	epochs	3.0
994.6880398779297	0.022479999999973188	epochs	3.0
994.7105198779296	0.04464000000007218	epochs	2.0
994.7105198779296	0.022400000000061482	epochs	3.0
994.7329198779297	0.022240000000010696	epochs	3.0
994.7551598779297	0.04423999999994521	epochs	2.0
994.7551598779297	0.022159999999985303	epochs	3.0
994.7773198779297	0.02207999999995991	epochs	3.0
994.7993998779297	0.04376000000002023	epochs	2.0
994.7993998779297	0.02192000000002281	epochs	3.0
994.8213198779297	0.021839999999997417	epochs	3.0
994.8431598779297	0.04336000000000695	epochs	2.0
994.8431598779297	0.021759999999972024	epochs	3.0
994.8649198779297	0.021600000000034925	epochs	3.0
994.8865198779297	0.04287999999996828	epochs	2.0
994.8865198779297	0.02143999999998414	epochs	3.0
994.9079598779297	0.02143999999998414	epochs	3.0
994.9293998779297	0.042480000000068685	epochs	2.0
994.9293998779297	0.02128000000004704	epochs	3.0
994.9506798779297	0.021200000000021646	epochs	3.0
994.9718798779297	0.04207999999994172	epochs	2.0
994.9718798779297	0.02103999999997086	epochs	3.0
994.9929198779297	0.02103999999997086	epochs	3.0
995.0139598779297	0.04168000000004213	epochs	2.0
995.0139598779297	0.02088000000003376	epochs	3.0
995.0348398779297	0.020800000000008367	epochs	3.0
995.0556398779297	0.041200000000003456	epochs	2.0
995.0556398779297	0.02063999999995758	epochs	3.0
995.0762798779297	0.020560000000045875	epochs	3.0
995.0968398779297	0.04088000000001557	epochs	2.0
995.0968398779297	0.020559999999932188	epochs	3.0
995.1173998779296	0.020320000000083382	epochs	3.0
995.1377198779297	0.040559999999914	epochs	2.0
995.1377198779297	0.020319999999969696	epochs	3.0
995.1580398779297	0.020239999999944303	epochs	3.0
995.1782798779296	0.0400800000001027	epochs	2.0
995.1782798779296	0.020080000000007203	epochs	3.0
995.1983598779296	0.020000000000095497	epochs	3.0
995.2183598779297	0.03975999999988744	epochs	2.0
995.2183598779297	0.019919999999956417	epochs	3.0
995.2382798779297	0.019839999999931024	epochs	3.0
995.2581198779296	0.03944000000001324	epochs	2.0
995.2581198779296	0.019760000000019318	epochs	3.0
995.2778798779296	0.019679999999993925	epochs	3.0
995.2975598779296	0.039039999999999964	epochs	2.0
995.2975598779296	0.019520000000056825	epochs	3.0
995.3170798779297	0.01951999999994314	epochs	3.0
995.3365998779296	0.03864000000010037	epochs	2.0
995.3365998779296	0.01936000000000604	epochs	3.0
995.3559598779296	0.019280000000094333	epochs	3.0
995.3752398779297	0.038399999999910506	epochs	2.0
995.3752398779297	0.019279999999980646	epochs	3.0
995.3945198779297	0.01911999999992986	epochs	3.0
995.4136398779297	0.038000000000010914	epochs	2.0
995.4136398779297	0.019040000000018154	epochs	3.0
995.4326798779297	0.01895999999999276	epochs	3.0
995.4516398779297	0.03768000000002303	epochs	2.0
995.4516398779297	0.018879999999967367	epochs	3.0
995.4705198779296	0.01880000000005566	epochs	3.0
995.4893198779297	0.03736000000003514	epochs	2.0
995.4893198779297	0.018720000000030268	epochs	3.0
995.5080398779297	0.018640000000004875	epochs	3.0
995.5266798779297	0.03703999999993357	epochs	2.0
995.5266798779297	0.018559999999979482	epochs	3.0
995.5452398779297	0.01847999999995409	epochs	3.0
995.5637198779297	0.03672000000005937	epochs	2.0
995.5637198779297	0.018400000000042382	epochs	3.0
995.5821198779297	0.01832000000001699	epochs	3.0
995.6004398779297	0.03647999999998319	epochs	2.0
995.6004398779297	0.018239999999991596	epochs	3.0
995.6186798779297	0.018239999999991596	epochs	3.0
995.6369198779297	0.036079999999969914	epochs	2.0
995.6369198779297	0.01807999999994081	epochs	3.0
995.6549998779296	0.018000000000029104	epochs	3.0
995.6729998779297	0.03584000000000742	epochs	2.0
995.6729998779297	0.01792000000000371	epochs	3.0
995.6909198779297	0.01792000000000371	epochs	3.0
995.7088398779297	0.035520000000019536	epochs	2.0
995.7088398779297	0.017759999999952925	epochs	3.0
995.7265998779296	0.01776000000006661	epochs	3.0
995.7443598779297	0.03520000000003165	epochs	2.0
995.7443598779297	0.01768000000004122	epochs	3.0
995.7620398779297	0.017519999999990432	epochs	3.0
995.7795598779297	0.03495999999995547	epochs	2.0
995.7795598779297	0.017519999999990432	epochs	3.0
995.7970798779297	0.01743999999996504	epochs	3.0
995.8145198779297	0.03471999999999298	epochs	2.0
995.8145198779297	0.01743999999996504	epochs	3.0
995.8319598779296	0.01728000000002794	epochs	3.0
995.8492398779297	0.03440000000000509	epochs	2.0
995.8492398779297	0.017200000000002547	epochs	3.0
995.8664398779297	0.017200000000002547	epochs	3.0
995.8836398779297	0.0341600000000426	epochs	2.0
995.8836398779297	0.017119999999977153	epochs	3.0
995.9007598779297	0.017040000000065447	epochs	3.0
995.9177998779297	0.03383999999994103	epochs	2.0
995.9177998779297	0.016959999999926367	epochs	3.0
995.9347598779297	0.01688000000001466	epochs	3.0
995.9516398779297	0.033599999999978536	epochs	2.0
995.9516398779297	0.016799999999989268	epochs	3.0
995.9684398779297	0.016799999999989268	epochs	3.0
995.9852398779296	0.033360000000016043	epochs	2.0
995.9852398779296	0.01672000000007756	epochs	3.0
996.0019598779297	0.016639999999938482	epochs	3.0
996.0185998779297	0.03312000000005355	epochs	2.0
996.0185998779297	0.016560000000026776	epochs	3.0
996.0351598779297	0.016560000000026776	epochs	3.0
996.0517198779297	0.03279999999995198	epochs	2.0
996.0517198779297	0.01639999999997599	epochs	3.0
996.0681198779297	0.01639999999997599	epochs	3.0
996.0845198779297	0.032559999999989486	epochs	2.0
996.0845198779297	0.016320000000064283	epochs	3.0
996.1008398779297	0.016239999999925203	epochs	3.0
996.1170798779297	0.03240000000005239	epochs	2.0
996.1170798779297	0.01624000000003889	epochs	3.0
996.1333198779297	0.016160000000013497	epochs	3.0
996.1494798779297	0.032079999999950815	epochs	2.0
996.1494798779297	0.016079999999988104	epochs	3.0
996.1655598779297	0.01599999999996271	epochs	3.0
996.1815598779297	0.031920000000013715	epochs	2.0
996.1815598779297	0.016000000000076398	epochs	3.0
996.1975598779297	0.015919999999937318	epochs	3.0
996.2134798779297	0.03160000000002583	epochs	2.0
996.2134798779297	0.01584000000002561	epochs	3.0
996.2293198779297	0.01576000000000022	epochs	3.0
996.2450798779297	0.03143999999997504	epochs	2.0
996.2450798779297	0.01576000000000022	epochs	3.0
996.2608398779297	0.015679999999974825	epochs	3.0
996.2765198779297	0.03120000000001255	epochs	2.0
996.2765198779297	0.015600000000063119	epochs	3.0
996.2921198779297	0.015599999999949432	epochs	3.0
996.3077198779297	0.03096000000005006	epochs	2.0
996.3077198779297	0.015520000000037726	epochs	3.0
996.3232398779297	0.015440000000012333	epochs	3.0
996.3386798779297	0.03071999999997388	epochs	2.0
996.3386798779297	0.015439999999898646	epochs	3.0
996.3541198779296	0.015280000000075233	epochs	3.0
996.3693998779297	0.030559999999923093	epochs	2.0
996.3693998779297	0.01535999999998694	epochs	3.0
996.3847598779297	0.015199999999936153	epochs	3.0
996.3999598779296	0.030320000000074288	epochs	2.0
996.3999598779296	0.01520000000004984	epochs	3.0
996.4151598779297	0.015120000000024447	epochs	3.0
996.4302798779297	0.030079999999998108	epochs	2.0
996.4302798779297	0.015120000000024447	epochs	3.0
996.4453998779297	0.014959999999973661	epochs	3.0
996.4603598779297	0.029919999999947322	epochs	2.0
996.4603598779297	0.015039999999999054	epochs	3.0
996.4753998779297	0.014879999999948268	epochs	3.0
996.4902798779297	0.02967999999998483	epochs	2.0
996.4902798779297	0.014880000000061955	epochs	3.0
996.5051598779297	0.014799999999922875	epochs	3.0
996.5199598779296	0.02952000000004773	epochs	2.0
996.5199598779296	0.014800000000036562	epochs	3.0
996.5347598779297	0.014720000000011169	epochs	3.0
996.5494798779297	0.02927999999997155	epochs	2.0
996.5494798779297	0.014720000000011169	epochs	3.0
996.5641998779297	0.014559999999960382	epochs	3.0
996.5787598779297	0.02912000000003445	epochs	2.0
996.5787598779297	0.014639999999985776	epochs	3.0
996.5933998779296	0.014480000000048676	epochs	3.0
996.6078798779297	0.028959999999983665	epochs	2.0
996.6078798779297	0.014480000000048676	epochs	3.0
996.6223598779297	0.01447999999993499	epochs	3.0
996.6368398779297	0.02863999999999578	epochs	2.0
996.6368398779297	0.01431999999999789	epochs	3.0
996.6511598779297	0.01431999999999789	epochs	3.0
996.6654798779297	0.028559999999970387	epochs	2.0
996.6654798779297	0.01431999999999789	epochs	3.0
996.6797998779297	0.014239999999972497	epochs	3.0
996.6940398779296	0.028320000000007894	epochs	2.0
996.6940398779296	0.01416000000006079	epochs	3.0
996.7081998779297	0.014159999999947104	epochs	3.0
996.7223598779296	0.028160000000070795	epochs	2.0
996.7223598779296	0.01416000000006079	epochs	3.0
996.7365198779297	0.014000000000010004	epochs	3.0
996.7505198779297	0.02800000000002001	epochs	2.0
996.7505198779297	0.014000000000010004	epochs	3.0
996.7645198779297	0.014000000000010004	epochs	3.0
996.7785198779297	0.02775999999994383	epochs	2.0
996.7785198779297	0.013919999999984611	epochs	3.0
996.7924398779297	0.013839999999959218	epochs	3.0
996.8062798779297	0.027680000000032123	epochs	2.0
996.8062798779297	0.013839999999959218	epochs	3.0
996.8201198779296	0.013840000000072905	epochs	3.0
996.8339598779297	0.027439999999955944	epochs	2.0
996.8339598779297	0.013759999999933825	epochs	3.0
996.8477198779296	0.013680000000022119	epochs	3.0
996.8613998779297	0.027280000000018845	epochs	2.0
996.8613998779297	0.013680000000022119	epochs	3.0
996.8750798779297	0.013599999999996726	epochs	3.0
996.8886798779297	0.02711999999996806	epochs	2.0
996.8886798779297	0.013519999999971333	epochs	3.0
996.9021998779297	0.013599999999996726	epochs	3.0
996.9157998779297	0.026880000000005566	epochs	2.0
996.9157998779297	0.013440000000059626	epochs	3.0
996.9292398779297	0.01343999999994594	epochs	3.0
996.9426798779297	0.026799999999980173	epochs	2.0
996.9426798779297	0.013440000000059626	epochs	3.0
996.9561198779297	0.013359999999920547	epochs	3.0
996.9694798779296	0.02656000000001768	epochs	2.0
996.9694798779296	0.01328000000000884	epochs	3.0
996.9827598779297	0.01328000000000884	epochs	3.0
996.9960398779297	0.026479999999992287	epochs	2.0
996.9960398779297	0.01328000000000884	epochs	3.0
997.0093198779297	0.013199999999983447	epochs	3.0
997.0225198779297	0.026240000000029795	epochs	2.0
997.0225198779297	0.013120000000071741	epochs	3.0
997.0356398779297	0.013119999999958054	epochs	3.0
997.0487598779297	0.026160000000004402	epochs	2.0
997.0487598779297	0.013119999999958054	epochs	3.0
997.0618798779296	0.013040000000046348	epochs	3.0
997.0749198779297	0.025999999999953616	epochs	2.0
997.0749198779297	0.013040000000046348	epochs	3.0
997.0879598779297	0.012959999999907268	epochs	3.0
997.1009198779296	0.02576000000010481	epochs	2.0
997.1009198779296	0.012879999999995562	epochs	3.0
997.1137998779296	0.012880000000109249	epochs	3.0
997.1266798779297	0.02567999999996573	epochs	2.0
997.1266798779297	0.012879999999995562	epochs	3.0
997.1395598779297	0.012799999999970169	epochs	3.0
997.1523598779297	0.02552000000002863	epochs	2.0
997.1523598779297	0.012799999999970169	epochs	3.0
997.1651598779297	0.012720000000058462	epochs	3.0
997.1778798779297	0.025359999999977845	epochs	2.0
997.1778798779297	0.012719999999944775	epochs	3.0
997.1905998779297	0.01264000000003307	epochs	3.0
997.2032398779297	0.02519999999992706	epochs	2.0
997.2032398779297	0.012639999999919382	epochs	3.0
997.2158798779296	0.012560000000007676	epochs	3.0
997.2284398779296	0.024560000000064974	epochs	2.0
997.2525198779297	0.5	epochs	-1.0
997.2529998779297	0.5596799999999575	epochs	1.0
997.8126798779297	0.44024000000001706	epochs	0.0
1018.8579998016357	0.10000000000002274	epochs	0.0
1018.8579998016357	0.044959999999946376	epochs	1.0
1018.9029598016357	0.010080000000016298	epochs	1.0
1018.9130398016357	0.04496000000006006	epochs	1.0
1018.9579998016358	2.0	epochs	0.0
1020.9579998016358	21.519999999999868	epochs	0.0
1020.9579998016358	1.0	epochs	1.0
1020.9579998016358	0.5	epochs	-1.0
1021.4579998016358	19.999680000000012	epochs	-1.0
1021.9579998016358	19.999999999999886	epochs	1.0
1021.9579998016358	8.000000002539309e-05	epochs	2.0
1021.9580798016358	4.356719999999882	epochs	-1.0
1021.9580798016358	1.9745599999999968	epochs	2.0
1021.9580798016358	1.0985599999999067	epochs	3.0
1023.0566398016357	0.87600000000009	epochs	3.0
1023.9326398016358	1.3523999999999887	epochs	2.0
1023.9326398016358	0.7286400000000413	epochs	3.0
1024.6612798016358	0.6237599999999475	epochs	3.0
1025.2850398016358	1.0297599999998965	epochs	2.0
1025.2850398016358	0.5453600000000733	epochs	3.0
1025.8303998016358	0.4843999999998232	epochs	3.0
1026.3147998016357	0.8317600000000311	epochs	2.0
1026.3147998016357	0.435760000000073	epochs	3.0
1026.7505598016357	0.39599999999995816	epochs	3.0
1027.1465598016357	0.697840000000042	epochs	2.0
1027.1465598016357	0.362880000000132	epochs	3.0
1027.5094398016358	0.33495999999991	epochs	3.0
1027.8443998016357	0.6010400000000118	epochs	2.0
1027.8443998016357	0.3108799999999974	epochs	3.0
1028.1552798016357	0.2901600000000144	epochs	3.0
1028.4454398016358	0.5278399999999692	epochs	2.0
1028.4454398016358	0.2719199999999091	epochs	3.0
1028.7173598016357	0.2559200000000601	epochs	3.0
1028.9732798016357	0.47064000000000306	epochs	2.0
1028.9732798016357	0.2416800000000876	epochs	3.0
1029.2149598016358	0.22895999999991545	epochs	3.0
1029.4439198016357	0.42455999999992855	epochs	2.0
1029.4439198016357	0.2174400000001242	epochs	3.0
1029.6613598016359	0.20711999999980435	epochs	3.0
1029.8684798016357	0.3867200000001958	epochs	2.0
1029.8684798016357	0.1976799999999912	epochs	3.0
1030.0661598016356	0.1890400000002046	epochs	3.0
1030.2551998016359	0.3551199999999426	epochs	2.0
1030.2551998016359	0.1811999999999898	epochs	3.0
1030.4363998016358	0.17391999999995278	epochs	3.0
1030.6103198016358	0.3282400000000507	epochs	2.0
1030.6103198016358	0.16719999999986612	epochs	3.0
1030.7775198016357	0.1610400000001846	epochs	3.0
1030.9385598016358	0.3051999999997861	epochs	2.0
1030.9385598016358	0.1552799999999479	epochs	3.0
1031.0938398016358	0.14991999999983818	epochs	3.0
1031.2437598016356	0.28512000000000626	epochs	2.0
1031.2437598016356	0.1448800000000574	epochs	3.0
1031.3886398016357	0.14023999999994885	epochs	3.0
1031.5288798016356	0.2675200000001041	epochs	2.0
1031.5288798016356	0.13584000000014385	epochs	3.0
1031.6647198016358	0.13167999999996027	epochs	3.0
1031.7963998016357	0.2520799999999781	epochs	2.0
1031.7963998016357	0.12784000000010565	epochs	3.0
1031.9242398016358	0.12423999999987245	epochs	3.0
1032.0484798016357	0.23816000000010717	epochs	2.0
1032.0484798016357	0.1207200000001194	epochs	3.0
1032.1691998016358	0.11743999999998778	epochs	3.0
1032.2866398016358	0.22583999999983462	epochs	2.0
1032.2866398016358	0.11439999999993233	epochs	3.0
1032.4010398016358	0.11143999999990228	epochs	3.0
1032.5124798016357	0.21464000000014494	epochs	2.0
1032.5124798016357	0.1086400000001504	epochs	3.0
1032.6211198016358	0.10599999999999454	epochs	3.0
1032.7271198016358	0.20447999999987587	epochs	2.0
1032.7271198016358	0.10343999999986409	epochs	3.0
1032.8305598016357	0.10104000000001179	epochs	3.0
1032.9315998016357	0.1953600000001643	epochs	2.0
1032.9315998016357	0.0987999999999829	epochs	3.0
1033.0303998016357	0.09656000000018139	epochs	3.0
1033.1269598016358	0.18695999999999913	epochs	2.0
1033.1269598016358	0.09447999999997592	epochs	3.0
1033.2214398016358	0.09248000000002321	epochs	3.0
1033.3139198016358	0.17919999999980973	epochs	2.0
1033.3139198016358	0.09047999999984313	epochs	3.0
1033.4043998016357	0.0887199999999666	epochs	3.0
1033.4931198016357	0.17208000000005086	epochs	2.0
1033.4931198016357	0.08688000000006468	epochs	3.0
1033.5799998016357	0.08519999999998618	epochs	3.0
1033.6651998016357	0.165520000000015	epochs	2.0
1033.6651998016357	0.08359999999993306	epochs	3.0
1033.7487998016356	0.08192000000008193	epochs	3.0
1033.8307198016357	0.1595199999999295	epochs	2.0
1033.8307198016357	0.0804800000000796	epochs	3.0
1033.9111998016358	0.0790399999998499	epochs	3.0
1033.9902398016357	0.15376000000014756	epochs	2.0
1033.9902398016357	0.07760000000007494	epochs	3.0
1034.0678398016357	0.07616000000007261	epochs	3.0
1034.1439998016358	0.14855999999986125	epochs	2.0
1034.1439998016358	0.07495999999991909	epochs	3.0
1034.2189598016357	0.07359999999994216	epochs	3.0
1034.2925598016357	0.14368000000013126	epochs	2.0
1034.2925598016357	0.0724800000000414	epochs	3.0
1034.3650398016357	0.07120000000008986	epochs	3.0
1034.4362398016358	0.1390400000000227	epochs	2.0
1034.4362398016358	0.07007999999996173	epochs	3.0
1034.5063198016358	0.06896000000006097	epochs	3.0
1034.5752798016358	0.13472000000001572	epochs	2.0
1034.5752798016358	0.06791999999995824	epochs	3.0
1034.6431998016358	0.06680000000005748	epochs	3.0
1034.7099998016358	0.13071999999988293	epochs	2.0
1034.7099998016358	0.06583999999998014	epochs	3.0
1034.7758398016358	0.0648799999999028	epochs	3.0
1034.8407198016357	0.1268000000000029	epochs	2.0
1034.8407198016357	0.06384000000002743	epochs	3.0
1034.9045598016357	0.06295999999997548	epochs	3.0
1034.9675198016357	0.12328000000002248	epochs	2.0
1034.9675198016357	0.06207999999992353	epochs	3.0
1035.0295998016356	0.06120000000009895	epochs	3.0
1035.0907998016357	0.11984000000006745	epochs	2.0
1035.0907998016357	0.060320000000047	epochs	3.0
1035.1511198016358	0.059520000000020445	epochs	3.0
1035.2106398016358	0.11663999999996122	epochs	2.0
1035.2106398016358	0.05871999999999389	epochs	3.0
1035.2693598016358	0.05791999999996733	epochs	3.0
1035.3272798016358	0.11359999999990578	epochs	2.0
1035.3272798016358	0.05719999999996617	epochs	3.0
1035.3844798016357	0.05639999999993961	epochs	3.0
1035.4408798016357	0.1107200000001285	epochs	2.0
1035.4408798016357	0.05568000000016582	epochs	3.0
1035.4965598016358	0.055039999999962674	epochs	3.0
1035.5515998016358	0.10791999999992186	epochs	2.0
1035.5515998016358	0.05423999999993612	epochs	3.0
1035.6058398016357	0.05367999999998574	epochs	3.0
1035.6595198016357	0.10527999999999338	epochs	2.0
1035.6595198016357	0.052959999999984575	epochs	3.0
1035.7124798016357	0.052320000000008804	epochs	3.0
1035.7647998016357	0.10287999999991371	epochs	2.0
1035.7647998016357	0.051760000000058426	epochs	3.0
1035.8165598016358	0.05111999999985528	epochs	3.0
1035.8676798016356	0.10040000000003602	epochs	2.0
1035.8676798016356	0.050480000000106884	epochs	3.0
1035.9181598016357	0.04991999999992913	epochs	3.0
1035.9680798016357	0.09824000000003252	epochs	2.0
1035.9680798016357	0.049359999999978754	epochs	3.0
1036.0174398016356	0.04888000000005377	epochs	3.0
1036.0663198016357	0.09600000000000364	epochs	2.0
1036.0663198016357	0.048240000000078	epochs	3.0
1036.1145598016358	0.04775999999992564	epochs	3.0
1036.1623198016357	0.09392000000002554	epochs	2.0
1036.1623198016357	0.04719999999997526	epochs	3.0
1036.2095198016357	0.04672000000005028	epochs	3.0
1036.2562398016357	0.09192000000007283	epochs	2.0
1036.2562398016357	0.0461600000000999	epochs	3.0
1036.3023998016358	0.04575999999997293	epochs	3.0
1036.3481598016358	0.09007999999994354	epochs	2.0
1036.3481598016358	0.04528000000004795	epochs	3.0
1036.3934398016359	0.04479999999989559	epochs	3.0
1036.4382398016357	0.08816000000001623	epochs	2.0
1036.4382398016357	0.044319999999970605	epochs	3.0
1036.4825598016357	0.04384000000004562	epochs	3.0
1036.5263998016358	0.08647999999993772	epochs	2.0
1036.5263998016358	0.043439999999918655	epochs	3.0
1036.5698398016357	0.04304000000001906	epochs	3.0
1036.6128798016357	0.08472000000006119	epochs	2.0
1036.6128798016357	0.04256000000009408	epochs	3.0
1036.6554398016358	0.04215999999996711	epochs	3.0
1036.6975998016358	0.08320000000003347	epochs	2.0
1036.6975998016358	0.04176000000006752	epochs	3.0
1036.7393598016358	0.04143999999996595	epochs	3.0
1036.7807998016358	0.08151999999995496	epochs	2.0
1036.7807998016358	0.040960000000040964	epochs	3.0
1036.8217598016358	0.040559999999914	epochs	3.0
1036.8623198016357	0.08007999999995263	epochs	2.0
1036.8623198016357	0.0402400000000398	epochs	3.0
1036.9025598016358	0.039839999999912834	epochs	3.0
1036.9423998016357	0.0786399999999503	epochs	2.0
1036.9423998016357	0.039520000000038635	epochs	3.0
1036.9819198016357	0.03911999999991167	epochs	3.0
1037.0210398016357	0.07720000000017535	epochs	2.0
1037.0210398016357	0.03880000000003747	epochs	3.0
1037.0598398016357	0.03840000000013788	epochs	3.0
1037.0982398016358	0.07591999999999643	epochs	2.0
1037.0982398016358	0.038159999999834326	epochs	3.0
1037.1363998016357	0.03776000000016211	epochs	3.0
1037.1741598016358	0.0745600000000195	epochs	2.0
1037.1741598016358	0.03743999999983316	epochs	3.0
1037.2115998016357	0.03712000000018634	epochs	3.0
1037.2487198016358	0.07335999999986598	epochs	2.0
1037.2487198016358	0.03679999999985739	epochs	3.0
1037.2855198016357	0.036560000000008586	epochs	3.0
1037.3220798016357	0.07208000000014181	epochs	2.0
1037.3220798016357	0.036160000000108994	epochs	3.0
1037.3582398016358	0.035920000000032815	epochs	3.0
1037.3941598016359	0.07087999999998829	epochs	2.0
1037.3941598016359	0.03559999999993124	epochs	3.0
1037.4297598016358	0.035280000000057044	epochs	3.0
1037.4650398016358	0.06983999999988555	epochs	2.0
1037.4650398016358	0.035039999999980864	epochs	3.0
1037.5000798016358	0.034799999999904685	epochs	3.0
1037.5348798016357	0.0686399999999594	epochs	2.0
1037.5348798016357	0.034480000000030486	epochs	3.0
1037.5693598016358	0.034159999999928914	epochs	3.0
1037.6035198016357	0.06760000000008404	epochs	2.0
1037.6035198016357	0.03392000000008011	epochs	3.0
1037.6374398016358	0.03368000000000393	epochs	3.0
1037.6711198016358	0.0665599999999813	epochs	2.0
1037.6711198016358	0.03343999999992775	epochs	3.0
1037.7045598016357	0.03312000000005355	epochs	3.0
1037.7376798016357	0.06559999999990396	epochs	2.0
1037.7376798016357	0.032960000000002765	epochs	3.0
1037.7706398016358	0.03263999999990119	epochs	3.0
1037.8032798016357	0.0645600000000286	epochs	2.0
1037.8032798016357	0.03240000000005239	epochs	3.0
1037.8356798016357	0.03215999999997621	epochs	3.0
1037.8678398016357	0.06367999999997664	epochs	2.0
1037.8678398016357	0.032000000000152795	epochs	3.0
1037.8998398016358	0.03167999999982385	epochs	3.0
1037.9315198016357	0.06272000000012667	epochs	2.0
1037.9315198016357	0.03143999999997504	epochs	3.0
1037.9629598016356	0.03128000000015163	epochs	3.0
1037.9942398016358	0.06183999999984735	epochs	2.0
1037.9942398016358	0.031039999999848078	epochs	3.0
1038.0252798016356	0.030799999999999272	epochs	3.0
1038.0560798016356	0.060960000000022774	epochs	2.0
1038.0560798016356	0.030560000000150467	epochs	3.0
1038.0866398016358	0.030399999999872307	epochs	3.0
1038.1170398016357	0.060159999999996217	epochs	2.0
1038.1170398016357	0.0301600000000235	epochs	3.0
1038.1471998016357	0.029999999999972715	epochs	3.0
1038.1771998016357	0.05928000000017164	epochs	2.0
1038.1771998016357	0.029680000000098516	epochs	3.0
1038.2068798016358	0.029600000000073123	epochs	3.0
1038.2364798016358	0.05847999999991771	epochs	2.0
1038.2364798016358	0.029359999999996944	epochs	3.0
1038.2658398016358	0.029119999999920765	epochs	3.0
1038.2949598016357	0.057759999999916545	epochs	2.0
1038.2949598016357	0.028960000000097352	epochs	3.0
1038.3239198016358	0.028799999999819192	epochs	3.0
1038.3527198016357	0.05696000000011736	epochs	2.0
1038.3527198016357	0.028559999999970387	epochs	3.0
1038.3812798016356	0.028400000000146974	epochs	3.0
1038.4096798016358	0.05623999999988882	epochs	2.0
1038.4096798016358	0.028160000000070795	epochs	3.0
1038.4378398016358	0.02807999999981803	epochs	3.0
1038.4659198016357	0.05544000000008964	epochs	2.0
1038.4659198016357	0.027839999999969223	epochs	3.0
1038.4937598016356	0.027600000000120417	epochs	3.0
1038.5213598016358	0.05487999999991189	epochs	2.0
1038.5213598016358	0.027520000000095024	epochs	3.0
1038.5488798016358	0.027359999999816864	epochs	3.0
1038.5762398016357	0.054080000000112705	epochs	2.0
1038.5762398016357	0.02711999999996806	epochs	3.0
1038.6033598016356	0.026960000000144646	epochs	3.0
1038.6303198016358	0.05343999999990956	epochs	2.0
1038.6303198016358	0.026799999999866486	epochs	3.0
1038.6571198016356	0.026640000000043074	epochs	3.0
1038.6837598016357	0.05287999999995918	epochs	2.0
1038.6837598016357	0.026479999999992287	epochs	3.0
1038.7102398016357	0.026399999999966894	epochs	3.0
1038.7366398016356	0.05216000000018539	epochs	2.0
1038.7366398016356	0.02616000000011809	epochs	3.0
1038.7627998016358	0.026000000000067303	epochs	3.0
1038.7887998016358	0.05151999999998225	epochs	2.0
1038.7887998016358	0.025840000000016516	epochs	3.0
1038.8146398016358	0.02567999999996573	epochs	3.0
1038.8403198016358	0.05096000000003187	epochs	2.0
1038.8403198016358	0.025599999999940337	epochs	3.0
1038.8659198016358	0.02536000000009153	epochs	3.0
1038.8912798016358	0.05039999999985412	epochs	2.0
1038.8912798016358	0.025279999999838765	epochs	3.0
1038.9165598016357	0.025120000000015352	epochs	3.0
1038.9416798016357	0.04976000000010572	epochs	2.0
1038.9416798016357	0.024959999999964566	epochs	3.0
1038.9666398016357	0.024800000000141154	epochs	3.0
1038.9914398016358	0.04919999999992797	epochs	2.0
1038.9914398016358	0.024639999999862994	epochs	3.0
1039.0160798016357	0.024560000000064974	epochs	3.0
1039.0406398016357	0.04872000000000298	epochs	2.0
1039.0406398016357	0.024400000000014188	epochs	3.0
1039.0650398016357	0.024319999999988795	epochs	3.0
1039.0893598016357	0.04808000000002721	epochs	2.0
1039.0893598016357	0.024079999999912616	epochs	3.0
1039.1134398016356	0.024000000000114596	epochs	3.0
1039.1374398016358	0.047599999999874854	epochs	2.0
1039.1374398016358	0.02384000000006381	epochs	3.0
1039.1612798016358	0.023759999999811043	epochs	3.0
1039.1850398016356	0.04712000000017724	epochs	2.0
1039.1850398016356	0.023600000000215005	epochs	3.0
1039.2086398016359	0.023519999999962238	epochs	3.0
1039.2321598016358	0.04655999999999949	epochs	2.0
1039.2321598016358	0.02335999999991145	epochs	3.0
1039.2555198016357	0.02320000000008804	epochs	3.0
1039.2787198016358	0.04607999999984713	epochs	2.0
1039.2787198016358	0.023119999999835272	epochs	3.0
1039.3018398016357	0.02296000000001186	epochs	3.0
1039.3247998016357	0.04560000000014952	epochs	2.0
1039.3247998016357	0.022879999999986467	epochs	3.0
1039.3476798016356	0.022720000000163054	epochs	3.0
1039.3703998016358	0.04511999999999716	epochs	2.0
1039.3703998016358	0.022639999999910287	epochs	3.0
1039.3930398016357	0.022480000000086875	epochs	3.0
1039.4155198016358	0.044639999999844804	epochs	2.0
1039.4155198016358	0.022399999999834108	epochs	3.0
1039.4379198016356	0.022240000000010696	epochs	3.0
1039.4601598016357	0.044240000000172586	epochs	2.0
1039.4601598016357	0.022159999999985303	epochs	3.0
1039.4823198016356	0.022080000000187283	epochs	3.0
1039.5043998016358	0.04376000000002023	epochs	2.0
1039.5043998016358	0.021919999999909123	epochs	3.0
1039.5263198016357	0.021840000000111104	epochs	3.0
1039.5481598016358	0.04335999999989326	epochs	2.0
1039.5481598016358	0.021759999999858337	epochs	3.0
1039.5699198016357	0.021600000000034925	epochs	3.0
1039.5915198016357	0.04287999999996828	epochs	2.0
1039.5915198016357	0.02143999999998414	epochs	3.0
1039.6129598016357	0.02143999999998414	epochs	3.0
1039.6343998016357	0.042480000000068685	epochs	2.0
1039.6343998016357	0.021279999999933352	epochs	3.0
1039.6556798016356	0.021200000000135333	epochs	3.0
1039.6768798016358	0.04207999999994172	epochs	2.0
1039.6768798016358	0.021039999999857173	epochs	3.0
1039.6979198016356	0.021040000000084547	epochs	3.0
1039.7189598016357	0.04168000000004213	epochs	2.0
1039.7189598016357	0.02088000000003376	epochs	3.0
1039.7398398016358	0.020800000000008367	epochs	3.0
1039.7606398016358	0.04119999999988977	epochs	2.0
1039.7606398016358	0.02063999999995758	epochs	3.0
1039.7812798016357	0.020559999999932188	epochs	3.0
1039.8018398016357	0.04088000000001557	epochs	2.0
1039.8018398016357	0.020560000000159562	epochs	3.0
1039.8223998016358	0.02031999999985601	epochs	3.0
1039.8427198016357	0.04056000000014137	epochs	2.0
1039.8427198016357	0.020320000000083382	epochs	3.0
1039.8630398016358	0.02024000000005799	epochs	3.0
1039.8832798016358	0.04007999999998901	epochs	2.0
1039.8832798016358	0.020080000000007203	epochs	3.0
1039.9033598016358	0.01999999999998181	epochs	3.0
1039.9233598016358	0.03975999999988744	epochs	2.0
1039.9233598016358	0.019919999999956417	epochs	3.0
1039.9432798016358	0.019839999999931024	epochs	3.0
1039.9631198016357	0.03944000000001324	epochs	2.0
1039.9631198016357	0.019760000000133005	epochs	3.0
1039.9828798016358	0.019679999999880238	epochs	3.0
1040.0025598016357	0.03904000000011365	epochs	2.0
1040.0025598016357	0.019520000000056825	epochs	3.0
1040.0220798016358	0.019520000000056825	epochs	3.0
1040.0415998016358	0.038639999999986685	epochs	2.0
1040.0415998016358	0.01936000000000604	epochs	3.0
1040.0609598016358	0.019279999999980646	epochs	3.0
1040.0802398016358	0.038399999999910506	epochs	2.0
1040.0802398016358	0.019279999999980646	epochs	3.0
1040.0995198016358	0.01911999999992986	epochs	3.0
1040.1186398016357	0.038000000000010914	epochs	2.0
1040.1186398016357	0.01904000000013184	epochs	3.0
1040.1376798016358	0.018959999999879074	epochs	3.0
1040.1566398016357	0.03767999999990934	epochs	2.0
1040.1566398016357	0.018880000000081054	epochs	3.0
1040.1755198016358	0.018799999999828287	epochs	3.0
1040.1943198016356	0.03736000000003514	epochs	2.0
1040.1943198016356	0.018720000000030268	epochs	3.0
1040.2130398016357	0.018640000000004875	epochs	3.0
1040.2316798016357	0.037040000000160944	epochs	2.0
1040.2316798016357	0.018559999999979482	epochs	3.0
1040.2502398016356	0.018480000000181462	epochs	3.0
1040.2687198016358	0.036719999999832	epochs	2.0
1040.2687198016358	0.018399999999928696	epochs	3.0
1040.2871198016358	0.018319999999903303	epochs	3.0
1040.3054398016357	0.03647999999998319	epochs	2.0
1040.3054398016357	0.018240000000105283	epochs	3.0
1040.3236798016358	0.01823999999987791	epochs	3.0
1040.3419198016356	0.0360800000000836	epochs	2.0
1040.3419198016356	0.018080000000054497	epochs	3.0
1040.3599998016357	0.018000000000029104	epochs	3.0
1040.3779998016357	0.03584000000000742	epochs	2.0
1040.3779998016357	0.01792000000000371	epochs	3.0
1040.3959198016357	0.01792000000000371	epochs	3.0
1040.4138398016357	0.03551999999990585	epochs	2.0
1040.4138398016357	0.017759999999952925	epochs	3.0
1040.4315998016357	0.017759999999952925	epochs	3.0
1040.4493598016356	0.03520000000003165	epochs	2.0
1040.4493598016356	0.017680000000154905	epochs	3.0
1040.4670398016358	0.017519999999876745	epochs	3.0
1040.4845598016357	0.034960000000182845	epochs	2.0
1040.4845598016357	0.01752000000010412	epochs	3.0
1040.5020798016358	0.017440000000078726	epochs	3.0
1040.5195198016359	0.03471999999987929	epochs	2.0
1040.5195198016359	0.017439999999851352	epochs	3.0
1040.5369598016357	0.01728000000002794	epochs	3.0
1040.5542398016357	0.03440000000000509	epochs	2.0
1040.5542398016357	0.017200000000002547	epochs	3.0
1040.5714398016357	0.017200000000002547	epochs	3.0
1040.5886398016357	0.034159999999928914	epochs	2.0
1040.5886398016357	0.017119999999977153	epochs	3.0
1040.6057598016357	0.01703999999995176	epochs	3.0
1040.6227998016357	0.033840000000054715	epochs	2.0
1040.6227998016357	0.01696000000015374	epochs	3.0
1040.6397598016358	0.016879999999900974	epochs	3.0
1040.6566398016357	0.033599999999978536	epochs	2.0
1040.6566398016357	0.016800000000102955	epochs	3.0
1040.6734398016358	0.01679999999987558	epochs	3.0
1040.6902398016357	0.03336000000012973	epochs	2.0
1040.6902398016357	0.01672000000007756	epochs	3.0
1040.7069598016358	0.01664000000005217	epochs	3.0
1040.7235998016358	0.03311999999982618	epochs	2.0
1040.7235998016358	0.016560000000026776	epochs	3.0
1040.7401598016359	0.016559999999799402	epochs	3.0
1040.7567198016357	0.03280000000017935	epochs	2.0
1040.7567198016357	0.016400000000203363	epochs	3.0
1040.7731198016359	0.01639999999997599	epochs	3.0
1040.7895198016358	0.0325599999998758	epochs	2.0
1040.7895198016358	0.016319999999950596	epochs	3.0
1040.8058398016358	0.016239999999925203	epochs	3.0
1040.8220798016357	0.03240000000005239	epochs	2.0
1040.8220798016357	0.016239999999925203	epochs	3.0
1040.8383198016356	0.016160000000127184	epochs	3.0
1040.8544798016358	0.032079999999950815	epochs	2.0
1040.8544798016358	0.016079999999874417	epochs	3.0
1040.8705598016356	0.016000000000076398	epochs	3.0
1040.8865598016357	0.0319200000001274	epochs	2.0
1040.8865598016357	0.016000000000076398	epochs	3.0
1040.9025598016358	0.015920000000051004	epochs	3.0
1040.9184798016358	0.031599999999798456	epochs	2.0
1040.9184798016358	0.015839999999798238	epochs	3.0
1040.9343198016356	0.01576000000000022	epochs	3.0
1040.9500798016356	0.03144000000020242	epochs	2.0
1040.9500798016356	0.01576000000000022	epochs	3.0
1040.9658398016356	0.0156800000002022	epochs	3.0
1040.9815198016358	0.031199999999898864	epochs	2.0
1040.9815198016358	0.015599999999949432	epochs	3.0
1040.9971198016358	0.015599999999949432	epochs	3.0
1041.0127198016357	0.03096000000005006	epochs	2.0
1041.0127198016357	0.015519999999924039	epochs	3.0
1041.0282398016357	0.01544000000012602	epochs	3.0
1041.0436798016358	0.03071999999997388	epochs	2.0
1041.0436798016358	0.015439999999898646	epochs	3.0
1041.0591198016357	0.015280000000075233	epochs	3.0
1041.0743998016358	0.030559999999923093	epochs	2.0
1041.0743998016358	0.015359999999873253	epochs	3.0
1041.0897598016356	0.01520000000004984	epochs	3.0
1041.1049598016357	0.030320000000074288	epochs	2.0
1041.1049598016357	0.01520000000004984	epochs	3.0
1041.1201598016357	0.015120000000024447	epochs	3.0
1041.1352798016358	0.030079999999998108	epochs	2.0
1041.1352798016358	0.015120000000024447	epochs	3.0
1041.1503998016358	0.014959999999973661	epochs	3.0
1041.1653598016358	0.029919999999947322	epochs	2.0
1041.1653598016358	0.015039999999999054	epochs	3.0
1041.1803998016358	0.014879999999948268	epochs	3.0
1041.1952798016357	0.029680000000098516	epochs	2.0
1041.1952798016357	0.014879999999948268	epochs	3.0
1041.2101598016357	0.014800000000150249	epochs	3.0
1041.2249598016358	0.02952000000004773	epochs	2.0
1041.2249598016358	0.014799999999922875	epochs	3.0
1041.2397598016357	0.014720000000124855	epochs	3.0
1041.2544798016359	0.02927999999997155	epochs	2.0
1041.2544798016359	0.014719999999897482	epochs	3.0
1041.2691998016358	0.01456000000007407	epochs	3.0
1041.2837598016358	0.029119999999920765	epochs	2.0
1041.2837598016358	0.014639999999872089	epochs	3.0
1041.2983998016357	0.014480000000048676	epochs	3.0
1041.3128798016357	0.028960000000097352	epochs	2.0
1041.3128798016357	0.014480000000048676	epochs	3.0
1041.3273598016358	0.014480000000048676	epochs	3.0
1041.3418398016358	0.02863999999999578	epochs	2.0
1041.3418398016358	0.01431999999999789	epochs	3.0
1041.3561598016358	0.01431999999999789	epochs	3.0
1041.3704798016358	0.028559999999970387	epochs	2.0
1041.3704798016358	0.01431999999999789	epochs	3.0
1041.3847998016358	0.014239999999972497	epochs	3.0
1041.3990398016358	0.028319999999894208	epochs	2.0
1041.3990398016358	0.014159999999947104	epochs	3.0
1041.4131998016358	0.014159999999947104	epochs	3.0
1041.4273598016357	0.028160000000070795	epochs	2.0
1041.4273598016357	0.014159999999947104	epochs	3.0
1041.4415198016356	0.014000000000123691	epochs	3.0
1041.4555198016358	0.02800000000002001	epochs	2.0
1041.4555198016358	0.013999999999896318	epochs	3.0
1041.4695198016357	0.014000000000123691	epochs	3.0
1041.4835198016358	0.02775999999994383	epochs	2.0
1041.4835198016358	0.013919999999870925	epochs	3.0
1041.4974398016357	0.013840000000072905	epochs	3.0
1041.5112798016357	0.027679999999918437	epochs	2.0
1041.5112798016357	0.013840000000072905	epochs	3.0
1041.5251198016358	0.013839999999845531	epochs	3.0
1041.5389598016357	0.02744000000006963	epochs	2.0
1041.5389598016357	0.013760000000047512	epochs	3.0
1041.5527198016357	0.013680000000022119	epochs	3.0
1041.5663998016357	0.027280000000018845	epochs	2.0
1041.5663998016357	0.013680000000022119	epochs	3.0
1041.5800798016357	0.013599999999996726	epochs	3.0
1041.5936798016357	0.02711999999996806	epochs	2.0
1041.5936798016357	0.013519999999971333	epochs	3.0
1041.6071998016357	0.013599999999996726	epochs	3.0
1041.6207998016357	0.026880000000119253	epochs	2.0
1041.6207998016357	0.01343999999994594	epochs	3.0
1041.6342398016357	0.013440000000173313	epochs	3.0
1041.6476798016358	0.026799999999866486	epochs	2.0
1041.6476798016358	0.01343999999994594	epochs	3.0
1041.6611198016358	0.013359999999920547	epochs	3.0
1041.6744798016357	0.02656000000001768	epochs	2.0
1041.6744798016357	0.013280000000122527	epochs	3.0
1041.6877598016358	0.013279999999895153	epochs	3.0
1041.7010398016357	0.026479999999992287	epochs	2.0
1041.7010398016357	0.013280000000122527	epochs	3.0
1041.7143198016358	0.01319999999986976	epochs	3.0
1041.7275198016357	0.026240000000143482	epochs	2.0
1041.7275198016357	0.013120000000071741	epochs	3.0
1041.7406398016358	0.013120000000071741	epochs	3.0
1041.7537598016359	0.026159999999890715	epochs	2.0
1041.7537598016359	0.013119999999844367	epochs	3.0
1041.7668798016357	0.013040000000046348	epochs	3.0
1041.7799198016357	0.026000000000067303	epochs	2.0
1041.7799198016357	0.013040000000046348	epochs	3.0
1041.7929598016358	0.012960000000020955	epochs	3.0
1041.8059198016358	0.025759999999991123	epochs	2.0
1041.8059198016358	0.012879999999995562	epochs	3.0
1041.8187998016358	0.012879999999995562	epochs	3.0
1041.8316798016358	0.02567999999996573	epochs	2.0
1041.8316798016358	0.012879999999995562	epochs	3.0
1041.8445598016358	0.012799999999970169	epochs	3.0
1041.8573598016358	0.025519999999914944	epochs	2.0
1041.8573598016358	0.012799999999970169	epochs	3.0
1041.8701598016357	0.012719999999944775	epochs	3.0
1041.8828798016357	0.02536000000009153	epochs	2.0
1041.8828798016357	0.01272000000017215	epochs	3.0
1041.8955998016359	0.012639999999919382	epochs	3.0
1041.9082398016358	0.025200000000040745	epochs	2.0
1041.9082398016358	0.012639999999919382	epochs	3.0
1041.9208798016357	0.012560000000121363	epochs	3.0
1041.9334398016358	0.0245599999998376	epochs	2.0
1041.9576798016358	0.5	epochs	-1.0
1041.9579998016357	0.5199999999999818	epochs	1.0
1042.4779998016356	0.47992000000022017	epochs	0.0
1045.9049997329712	0.09999999999990905	epochs	0.0
1045.9049997329712	0.044959999999946376	epochs	1.0
1045.9499597329711	0.010080000000016298	epochs	1.0
1045.9600397329712	0.044959999999946376	epochs	1.0
1046.004999732971	2.0	epochs	0.0
1048.004999732971	5.400160000000142	epochs	0.0
1048.004999732971	1.0	epochs	1.0
1048.004999732971	0.5	epochs	-1.0
1048.504999732971	4.900160000000142	epochs	-1.0
1049.004999732971	4.400160000000142	epochs	1.0
1049.004999732971	8.000000002539309e-05	epochs	2.0
1049.0050797329711	4.356719999999996	epochs	-1.0
1049.0050797329711	1.9745600000001104	epochs	2.0
1049.0050797329711	1.098560000000134	epochs	3.0
1050.1036397329713	0.8759999999999764	epochs	3.0
1050.9796397329712	1.3523999999999887	epochs	2.0
1050.9796397329712	0.7286400000000413	epochs	3.0
1051.7082797329713	0.6237599999999475	epochs	3.0
1052.3320397329712	1.0297599999998965	epochs	2.0
1052.3320397329712	0.5453600000000733	epochs	3.0
1052.8773997329713	0.4843999999998232	epochs	3.0
1053.3617997329711	0.043360000000120635	epochs	2.0
1053.3617997329711	0.043360000000120635	epochs	3.0
1053.4051597329712	16.59976000000006	epochs	0.0
1056.8899998664856	0.09999999999990905	epochs	0.0
1056.8899998664856	0.044959999999946376	epochs	1.0
1056.9349598664855	0.010080000000016298	epochs	1.0
1056.9450398664856	0.044959999999946376	epochs	1.0
1056.9899998664855	2.0	epochs	0.0
1058.9899998664855	0.5600000000001728	epochs	0.0
1058.9899998664855	0.5600000000001728	epochs	1.0
1058.9899998664855	0.5	epochs	-1.0
1059.4899998664855	0.060000000000172804	epochs	-1.0
1059.5499998664857	21.43992000000003	epochs	0.0
1063.0599999427795	0.09999999999990905	epochs	0.0
1063.0599999427795	0.044959999999946376	epochs	1.0
1063.1049599427795	0.010080000000016298	epochs	1.0
1063.1150399427795	0.044959999999946376	epochs	1.0
1063.1599999427795	2.0	epochs	0.0
1065.1599999427795	0.5002400000000762	epochs	0.0
1065.1599999427795	0.5002400000000762	epochs	1.0
1065.1599999427795	0.5	epochs	-1.0
1065.6599999427795	0.00024000000007617928	epochs	-1.0
1065.6602399427795	21.499680000000126	epochs	0.0
1069.1929998397827	0.09999999999990905	epochs	0.0
1069.1929998397827	0.044959999999946376	epochs	1.0
1069.2379598397827	0.010080000000016298	epochs	1.0
1069.2480398397827	0.044959999999946376	epochs	1.0
1069.2929998397826	2.0	epochs	0.0
1071.2929998397826	0.5600800000001982	epochs	0.0
1071.2929998397826	0.5600800000001982	epochs	1.0
1071.2929998397826	0.5	epochs	-1.0
1071.7929998397826	0.0600800000001982	epochs	-1.0
1071.8530798397828	21.439840000000004	epochs	0.0
1075.494999885559	0.09999999999990905	epochs	0.0
1075.494999885559	0.044959999999946376	epochs	1.0
1075.539959885559	0.010080000000016298	epochs	1.0
1075.550039885559	0.044959999999946376	epochs	1.0
1075.594999885559	2.0	epochs	0.0
1077.594999885559	0.559439999999995	epochs	0.0
1077.594999885559	0.559439999999995	epochs	1.0
1077.594999885559	0.5	epochs	-1.0
1078.094999885559	0.05943999999999505	epochs	-1.0
1078.154439885559	21.440480000000207	epochs	0.0
1081.7609996795654	0.09999999999990905	epochs	0.0
1081.7609996795654	0.044959999999946376	epochs	1.0
1081.8059596795654	0.010080000000016298	epochs	1.0
1081.8160396795654	0.044959999999946376	epochs	1.0
1081.8609996795653	2.0	epochs	0.0
1083.8609996795653	0.5396800000000894	epochs	0.0
1083.8609996795653	0.5396800000000894	epochs	1.0
1083.8609996795653	0.5	epochs	-1.0
1084.3609996795653	0.03968000000008942	epochs	-1.0
1084.4006796795654	21.460240000000113	epochs	0.0
1088.0429997444153	0.09999999999990905	epochs	0.0
1088.0429997444153	0.044959999999946376	epochs	1.0
1088.0879597444152	0.010080000000016298	epochs	1.0
1088.0980397444152	0.044959999999946376	epochs	1.0
1088.1429997444152	2.0	epochs	0.0
1090.1429997444152	21.53912000000014	epochs	0.0
1090.1429997444152	1.0	epochs	1.0
1090.1429997444152	0.5	epochs	-1.0
1090.6429997444152	19.999520000000075	epochs	-1.0
1091.1429997444152	20.0	epochs	1.0
1091.1429997444152	8.000000002539309e-05	epochs	2.0
1091.1430797444152	4.356719999999996	epochs	-1.0
1091.1430797444152	1.9745600000001104	epochs	2.0
1091.1430797444152	1.098560000000134	epochs	3.0
1092.2416397444154	0.8759999999999764	epochs	3.0
1093.1176397444153	1.3523999999999887	epochs	2.0
1093.1176397444153	0.7286400000000413	epochs	3.0
1093.8462797444154	0.6237599999999475	epochs	3.0
1094.4700397444153	1.0297599999998965	epochs	2.0
1094.4700397444153	0.5453600000000733	epochs	3.0
1095.0153997444154	0.4843999999998232	epochs	3.0
1095.4997997444152	0.8317600000000311	epochs	2.0
1095.4997997444152	0.435760000000073	epochs	3.0
1095.9355597444153	0.39599999999995816	epochs	3.0
1096.3315597444152	0.697840000000042	epochs	2.0
1096.3315597444152	0.362880000000132	epochs	3.0
1096.6944397444154	0.33495999999991	epochs	3.0
1097.0293997444153	0.6010400000000118	epochs	2.0
1097.0293997444153	0.3108799999999974	epochs	3.0
1097.3402797444153	0.2901600000000144	epochs	3.0
1097.6304397444153	0.5278399999999692	epochs	2.0
1097.6304397444153	0.2719199999999091	epochs	3.0
1097.9023597444152	0.2559200000000601	epochs	3.0
1098.1582797444153	0.47064000000000306	epochs	2.0
1098.1582797444153	0.2416800000000876	epochs	3.0
1098.3999597444154	0.22895999999991545	epochs	3.0
1098.6289197444153	0.42455999999992855	epochs	2.0
1098.6289197444153	0.2174400000001242	epochs	3.0
1098.8463597444154	0.20711999999980435	epochs	3.0
1099.0534797444152	0.3867200000001958	epochs	2.0
1099.0534797444152	0.1976799999999912	epochs	3.0
1099.2511597444152	0.1890400000002046	epochs	3.0
1099.4401997444154	0.3551199999999426	epochs	2.0
1099.4401997444154	0.1811999999999898	epochs	3.0
1099.6213997444154	0.17391999999995278	epochs	3.0
1099.7953197444153	0.3282400000000507	epochs	2.0
1099.7953197444153	0.16719999999986612	epochs	3.0
1099.9625197444152	0.1610400000001846	epochs	3.0
1100.1235597444154	0.3051999999997861	epochs	2.0
1100.1235597444154	0.1552799999999479	epochs	3.0
1100.2788397444153	0.14991999999983818	epochs	3.0
1100.4287597444152	0.28512000000000626	epochs	2.0
1100.4287597444152	0.1448800000000574	epochs	3.0
1100.5736397444152	0.14023999999994885	epochs	3.0
1100.7138797444152	0.2675200000001041	epochs	2.0
1100.7138797444152	0.13584000000014385	epochs	3.0
1100.8497197444153	0.13167999999996027	epochs	3.0
1100.9813997444153	0.2520799999999781	epochs	2.0
1100.9813997444153	0.12784000000010565	epochs	3.0
1101.1092397444154	0.12423999999987245	epochs	3.0
1101.2334797444153	0.23816000000010717	epochs	2.0
1101.2334797444153	0.1207200000001194	epochs	3.0
1101.3541997444154	0.11743999999998778	epochs	3.0
1101.4716397444154	0.22583999999983462	epochs	2.0
1101.4716397444154	0.11439999999993233	epochs	3.0
1101.5860397444153	0.11143999999990228	epochs	3.0
1101.6974797444152	0.21464000000014494	epochs	2.0
1101.6974797444152	0.1086400000001504	epochs	3.0
1101.8061197444154	0.10599999999999454	epochs	3.0
1101.9121197444153	0.20447999999987587	epochs	2.0
1101.9121197444153	0.10343999999986409	epochs	3.0
1102.0155597444152	0.10104000000001179	epochs	3.0
1102.1165997444152	0.1953600000001643	epochs	2.0
1102.1165997444152	0.0987999999999829	epochs	3.0
1102.2153997444152	0.09656000000018139	epochs	3.0
1102.3119597444154	0.18695999999999913	epochs	2.0
1102.3119597444154	0.09447999999997592	epochs	3.0
1102.4064397444154	0.09248000000002321	epochs	3.0
1102.4989197444154	0.17919999999980973	epochs	2.0
1102.4989197444154	0.09047999999984313	epochs	3.0
1102.5893997444152	0.0887199999999666	epochs	3.0
1102.6781197444152	0.17208000000005086	epochs	2.0
1102.6781197444152	0.08688000000006468	epochs	3.0
1102.7649997444153	0.08519999999998618	epochs	3.0
1102.8501997444152	0.165520000000015	epochs	2.0
1102.8501997444152	0.08359999999993306	epochs	3.0
1102.9337997444152	0.08192000000008193	epochs	3.0
1103.0157197444153	0.1595199999999295	epochs	2.0
1103.0157197444153	0.0804800000000796	epochs	3.0
1103.0961997444153	0.0790399999998499	epochs	3.0
1103.1752397444152	0.15376000000014756	epochs	2.0
1103.1752397444152	0.07760000000007494	epochs	3.0
1103.2528397444153	0.07616000000007261	epochs	3.0
1103.3289997444153	0.14855999999986125	epochs	2.0
1103.3289997444153	0.07495999999991909	epochs	3.0
1103.4039597444153	0.07359999999994216	epochs	3.0
1103.4775597444152	0.14368000000013126	epochs	2.0
1103.4775597444152	0.0724800000000414	epochs	3.0
1103.5500397444152	0.07120000000008986	epochs	3.0
1103.6212397444153	0.1390400000000227	epochs	2.0
1103.6212397444153	0.07007999999996173	epochs	3.0
1103.6913197444153	0.06896000000006097	epochs	3.0
1103.7602797444154	0.13472000000001572	epochs	2.0
1103.7602797444154	0.06791999999995824	epochs	3.0
1103.8281997444153	0.06680000000005748	epochs	3.0
1103.8949997444154	0.13071999999988293	epochs	2.0
1103.8949997444154	0.06583999999998014	epochs	3.0
1103.9608397444154	0.0648799999999028	epochs	3.0
1104.0257197444153	0.1268000000000029	epochs	2.0
1104.0257197444153	0.06384000000002743	epochs	3.0
1104.0895597444153	0.06295999999997548	epochs	3.0
1104.1525197444153	0.12328000000002248	epochs	2.0
1104.1525197444153	0.06207999999992353	epochs	3.0
1104.2145997444152	0.06120000000009895	epochs	3.0
1104.2757997444153	0.11984000000006745	epochs	2.0
1104.2757997444153	0.060320000000047	epochs	3.0
1104.3361197444153	0.059520000000020445	epochs	3.0
1104.3956397444153	0.11663999999996122	epochs	2.0
1104.3956397444153	0.05871999999999389	epochs	3.0
1104.4543597444153	0.05791999999996733	epochs	3.0
1104.5122797444153	0.11359999999990578	epochs	2.0
1104.5122797444153	0.05719999999996617	epochs	3.0
1104.5694797444153	0.05639999999993961	epochs	3.0
1104.6258797444152	0.1107200000001285	epochs	2.0
1104.6258797444152	0.05568000000016582	epochs	3.0
1104.6815597444154	0.055039999999962674	epochs	3.0
1104.7365997444153	0.10791999999992186	epochs	2.0
1104.7365997444153	0.05423999999993612	epochs	3.0
1104.7908397444153	0.05367999999998574	epochs	3.0
1104.8445197444153	0.10527999999999338	epochs	2.0
1104.8445197444153	0.052959999999984575	epochs	3.0
1104.8974797444153	0.052320000000008804	epochs	3.0
1104.9497997444153	0.10287999999991371	epochs	2.0
1104.9497997444153	0.051760000000058426	epochs	3.0
1105.0015597444153	0.05111999999985528	epochs	3.0
1105.0526797444152	0.10040000000003602	epochs	2.0
1105.0526797444152	0.050480000000106884	epochs	3.0
1105.1031597444153	0.04991999999992913	epochs	3.0
1105.1530797444152	0.09824000000003252	epochs	2.0
1105.1530797444152	0.049359999999978754	epochs	3.0
1105.2024397444152	0.04888000000005377	epochs	3.0
1105.2513197444152	0.09600000000000364	epochs	2.0
1105.2513197444152	0.048240000000078	epochs	3.0
1105.2995597444153	0.04775999999992564	epochs	3.0
1105.3473197444152	0.09392000000002554	epochs	2.0
1105.3473197444152	0.04719999999997526	epochs	3.0
1105.3945197444152	0.04672000000005028	epochs	3.0
1105.4412397444153	0.09192000000007283	epochs	2.0
1105.4412397444153	0.0461600000000999	epochs	3.0
1105.4873997444154	0.04575999999997293	epochs	3.0
1105.5331597444153	0.09007999999994354	epochs	2.0
1105.5331597444153	0.04528000000004795	epochs	3.0
1105.5784397444154	0.04479999999989559	epochs	3.0
1105.6232397444153	0.08816000000001623	epochs	2.0
1105.6232397444153	0.044319999999970605	epochs	3.0
1105.6675597444153	0.04384000000004562	epochs	3.0
1105.7113997444153	0.08647999999993772	epochs	2.0
1105.7113997444153	0.043439999999918655	epochs	3.0
1105.7548397444152	0.04304000000001906	epochs	3.0
1105.7978797444152	0.08472000000006119	epochs	2.0
1105.7978797444152	0.04256000000009408	epochs	3.0
1105.8404397444153	0.04215999999996711	epochs	3.0
1105.8825997444153	0.08320000000003347	epochs	2.0
1105.8825997444153	0.04176000000006752	epochs	3.0
1105.9243597444154	0.04143999999996595	epochs	3.0
1105.9657997444153	0.08151999999995496	epochs	2.0
1105.9657997444153	0.040960000000040964	epochs	3.0
1106.0067597444154	0.040559999999914	epochs	3.0
1106.0473197444153	0.08007999999995263	epochs	2.0
1106.0473197444153	0.0402400000000398	epochs	3.0
1106.0875597444153	0.039839999999912834	epochs	3.0
1106.1273997444152	0.0786399999999503	epochs	2.0
1106.1273997444152	0.039520000000038635	epochs	3.0
1106.1669197444153	0.03911999999991167	epochs	3.0
1106.2060397444152	0.07720000000017535	epochs	2.0
1106.2060397444152	0.03880000000003747	epochs	3.0
1106.2448397444152	0.03840000000013788	epochs	3.0
1106.2832397444154	0.07591999999999643	epochs	2.0
1106.2832397444154	0.038159999999834326	epochs	3.0
1106.3213997444152	0.03776000000016211	epochs	3.0
1106.3591597444154	0.0745600000000195	epochs	2.0
1106.3591597444154	0.03743999999983316	epochs	3.0
1106.3965997444152	0.03712000000018634	epochs	3.0
1106.4337197444154	0.07335999999986598	epochs	2.0
1106.4337197444154	0.03679999999985739	epochs	3.0
1106.4705197444152	0.036560000000008586	epochs	3.0
1106.5070797444153	0.07208000000014181	epochs	2.0
1106.5070797444153	0.036160000000108994	epochs	3.0
1106.5432397444154	0.035920000000032815	epochs	3.0
1106.5791597444154	0.07087999999998829	epochs	2.0
1106.5791597444154	0.03559999999993124	epochs	3.0
1106.6147597444153	0.035280000000057044	epochs	3.0
1106.6500397444154	0.06983999999988555	epochs	2.0
1106.6500397444154	0.035039999999980864	epochs	3.0
1106.6850797444154	0.034799999999904685	epochs	3.0
1106.7198797444153	0.0686399999999594	epochs	2.0
1106.7198797444153	0.034480000000030486	epochs	3.0
1106.7543597444153	0.034159999999928914	epochs	3.0
1106.7885197444152	0.06760000000008404	epochs	2.0
1106.7885197444152	0.03392000000008011	epochs	3.0
1106.8224397444153	0.03368000000000393	epochs	3.0
1106.8561197444153	0.0665599999999813	epochs	2.0
1106.8561197444153	0.03343999999992775	epochs	3.0
1106.8895597444152	0.03312000000005355	epochs	3.0
1106.9226797444153	0.06559999999990396	epochs	2.0
1106.9226797444153	0.032960000000002765	epochs	3.0
1106.9556397444153	0.03263999999990119	epochs	3.0
1106.9882797444152	0.0645600000000286	epochs	2.0
1106.9882797444152	0.03240000000005239	epochs	3.0
1107.0206797444152	0.03215999999997621	epochs	3.0
1107.0528397444152	0.06367999999997664	epochs	2.0
1107.0528397444152	0.032000000000152795	epochs	3.0
1107.0848397444154	0.03167999999982385	epochs	3.0
1107.1165197444152	0.06272000000012667	epochs	2.0
1107.1165197444152	0.03143999999997504	epochs	3.0
1107.1479597444152	0.03128000000015163	epochs	3.0
1107.1792397444153	0.06183999999984735	epochs	2.0
1107.1792397444153	0.031039999999848078	epochs	3.0
1107.2102797444152	0.030799999999999272	epochs	3.0
1107.2410797444152	0.060960000000022774	epochs	2.0
1107.2410797444152	0.030560000000150467	epochs	3.0
1107.2716397444153	0.030399999999872307	epochs	3.0
1107.3020397444152	0.060159999999996217	epochs	2.0
1107.3020397444152	0.0301600000000235	epochs	3.0
1107.3321997444152	0.029999999999972715	epochs	3.0
1107.3621997444152	0.05928000000017164	epochs	2.0
1107.3621997444152	0.029680000000098516	epochs	3.0
1107.3918797444153	0.029600000000073123	epochs	3.0
1107.4214797444154	0.05847999999991771	epochs	2.0
1107.4214797444154	0.029359999999996944	epochs	3.0
1107.4508397444154	0.029119999999920765	epochs	3.0
1107.4799597444153	0.057759999999916545	epochs	2.0
1107.4799597444153	0.028960000000097352	epochs	3.0
1107.5089197444154	0.028799999999819192	epochs	3.0
1107.5377197444152	0.05696000000011736	epochs	2.0
1107.5377197444152	0.028559999999970387	epochs	3.0
1107.5662797444152	0.028400000000146974	epochs	3.0
1107.5946797444153	0.05623999999988882	epochs	2.0
1107.5946797444153	0.028160000000070795	epochs	3.0
1107.6228397444154	0.02807999999981803	epochs	3.0
1107.6509197444152	0.05544000000008964	epochs	2.0
1107.6509197444152	0.027839999999969223	epochs	3.0
1107.6787597444152	0.027600000000120417	epochs	3.0
1107.7063597444153	0.05487999999991189	epochs	2.0
1107.7063597444153	0.027520000000095024	epochs	3.0
1107.7338797444154	0.027359999999816864	epochs	3.0
1107.7612397444152	0.054080000000112705	epochs	2.0
1107.7612397444152	0.02711999999996806	epochs	3.0
1107.7883597444152	0.026960000000144646	epochs	3.0
1107.8153197444153	0.05343999999990956	epochs	2.0
1107.8153197444153	0.026799999999866486	epochs	3.0
1107.8421197444152	0.026640000000043074	epochs	3.0
1107.8687597444152	0.05287999999995918	epochs	2.0
1107.8687597444152	0.026479999999992287	epochs	3.0
1107.8952397444152	0.026399999999966894	epochs	3.0
1107.9216397444152	0.05216000000018539	epochs	2.0
1107.9216397444152	0.02616000000011809	epochs	3.0
1107.9477997444153	0.026000000000067303	epochs	3.0
1107.9737997444154	0.05151999999998225	epochs	2.0
1107.9737997444154	0.025840000000016516	epochs	3.0
1107.9996397444154	0.02567999999996573	epochs	3.0
1108.0253197444154	0.05096000000003187	epochs	2.0
1108.0253197444154	0.025599999999940337	epochs	3.0
1108.0509197444153	0.02536000000009153	epochs	3.0
1108.0762797444154	0.05039999999985412	epochs	2.0
1108.0762797444154	0.025279999999838765	epochs	3.0
1108.1015597444152	0.025120000000015352	epochs	3.0
1108.1266797444152	0.04976000000010572	epochs	2.0
1108.1266797444152	0.024959999999964566	epochs	3.0
1108.1516397444152	0.024800000000141154	epochs	3.0
1108.1764397444153	0.04919999999992797	epochs	2.0
1108.1764397444153	0.024639999999862994	epochs	3.0
1108.2010797444152	0.024560000000064974	epochs	3.0
1108.2256397444153	0.04872000000000298	epochs	2.0
1108.2256397444153	0.024400000000014188	epochs	3.0
1108.2500397444153	0.024319999999988795	epochs	3.0
1108.2743597444153	0.04808000000002721	epochs	2.0
1108.2743597444153	0.024079999999912616	epochs	3.0
1108.2984397444152	0.024000000000114596	epochs	3.0
1108.3224397444153	0.047599999999874854	epochs	2.0
1108.3224397444153	0.02384000000006381	epochs	3.0
1108.3462797444154	0.023759999999811043	epochs	3.0
1108.3700397444152	0.04712000000017724	epochs	2.0
1108.3700397444152	0.023600000000215005	epochs	3.0
1108.3936397444154	0.023519999999962238	epochs	3.0
1108.4171597444154	0.04655999999999949	epochs	2.0
1108.4171597444154	0.02335999999991145	epochs	3.0
1108.4405197444153	0.02320000000008804	epochs	3.0
1108.4637197444154	0.04607999999984713	epochs	2.0
1108.4637197444154	0.023119999999835272	epochs	3.0
1108.4868397444152	0.02296000000001186	epochs	3.0
1108.5097997444152	0.04560000000014952	epochs	2.0
1108.5097997444152	0.022879999999986467	epochs	3.0
1108.5326797444152	0.022720000000163054	epochs	3.0
1108.5553997444154	0.04511999999999716	epochs	2.0
1108.5553997444154	0.022639999999910287	epochs	3.0
1108.5780397444153	0.022480000000086875	epochs	3.0
1108.6005197444154	0.044639999999844804	epochs	2.0
1108.6005197444154	0.022399999999834108	epochs	3.0
1108.6229197444152	0.022240000000010696	epochs	3.0
1108.6451597444152	0.044240000000172586	epochs	2.0
1108.6451597444152	0.022159999999985303	epochs	3.0
1108.6673197444152	0.022080000000187283	epochs	3.0
1108.6893997444154	0.04376000000002023	epochs	2.0
1108.6893997444154	0.021919999999909123	epochs	3.0
1108.7113197444153	0.021840000000111104	epochs	3.0
1108.7331597444154	0.04335999999989326	epochs	2.0
1108.7331597444154	0.021759999999858337	epochs	3.0
1108.7549197444152	0.021600000000034925	epochs	3.0
1108.7765197444153	0.04287999999996828	epochs	2.0
1108.7765197444153	0.02143999999998414	epochs	3.0
1108.7979597444153	0.02143999999998414	epochs	3.0
1108.8193997444153	0.042480000000068685	epochs	2.0
1108.8193997444153	0.021279999999933352	epochs	3.0
1108.8406797444152	0.021200000000135333	epochs	3.0
1108.8618797444153	0.04207999999994172	epochs	2.0
1108.8618797444153	0.021039999999857173	epochs	3.0
1108.8829197444152	0.021040000000084547	epochs	3.0
1108.9039597444153	0.04168000000004213	epochs	2.0
1108.9039597444153	0.02088000000003376	epochs	3.0
1108.9248397444153	0.020800000000008367	epochs	3.0
1108.9456397444153	0.04119999999988977	epochs	2.0
1108.9456397444153	0.02063999999995758	epochs	3.0
1108.9662797444153	0.020559999999932188	epochs	3.0
1108.9868397444152	0.04088000000001557	epochs	2.0
1108.9868397444152	0.020560000000159562	epochs	3.0
1109.0073997444154	0.02031999999985601	epochs	3.0
1109.0277197444152	0.04056000000014137	epochs	2.0
1109.0277197444152	0.020320000000083382	epochs	3.0
1109.0480397444153	0.02024000000005799	epochs	3.0
1109.0682797444153	0.04007999999998901	epochs	2.0
1109.0682797444153	0.020080000000007203	epochs	3.0
1109.0883597444154	0.01999999999998181	epochs	3.0
1109.1083597444153	0.03975999999988744	epochs	2.0
1109.1083597444153	0.019919999999956417	epochs	3.0
1109.1282797444153	0.019839999999931024	epochs	3.0
1109.1481197444152	0.03944000000001324	epochs	2.0
1109.1481197444152	0.019760000000133005	epochs	3.0
1109.1678797444154	0.019679999999880238	epochs	3.0
1109.1875597444152	0.03904000000011365	epochs	2.0
1109.1875597444152	0.019520000000056825	epochs	3.0
1109.2070797444153	0.019520000000056825	epochs	3.0
1109.2265997444154	0.038639999999986685	epochs	2.0
1109.2265997444154	0.01936000000000604	epochs	3.0
1109.2459597444154	0.019279999999980646	epochs	3.0
1109.2652397444153	0.038399999999910506	epochs	2.0
1109.2652397444153	0.019279999999980646	epochs	3.0
1109.2845197444153	0.01911999999992986	epochs	3.0
1109.3036397444152	0.038000000000010914	epochs	2.0
1109.3036397444152	0.01904000000013184	epochs	3.0
1109.3226797444154	0.018959999999879074	epochs	3.0
1109.3416397444153	0.03767999999990934	epochs	2.0
1109.3416397444153	0.018880000000081054	epochs	3.0
1109.3605197444153	0.018799999999828287	epochs	3.0
1109.3793197444152	0.03736000000003514	epochs	2.0
1109.3793197444152	0.018720000000030268	epochs	3.0
1109.3980397444152	0.018640000000004875	epochs	3.0
1109.4166797444152	0.037040000000160944	epochs	2.0
1109.4166797444152	0.018559999999979482	epochs	3.0
1109.4352397444152	0.018480000000181462	epochs	3.0
1109.4537197444154	0.036719999999832	epochs	2.0
1109.4537197444154	0.018399999999928696	epochs	3.0
1109.4721197444153	0.018319999999903303	epochs	3.0
1109.4904397444152	0.03647999999998319	epochs	2.0
1109.4904397444152	0.018240000000105283	epochs	3.0
1109.5086797444153	0.01823999999987791	epochs	3.0
1109.5269197444152	0.0360800000000836	epochs	2.0
1109.5269197444152	0.018080000000054497	epochs	3.0
1109.5449997444152	0.018000000000029104	epochs	3.0
1109.5629997444153	0.03584000000000742	epochs	2.0
1109.5629997444153	0.01792000000000371	epochs	3.0
1109.5809197444153	0.01792000000000371	epochs	3.0
1109.5988397444153	0.03551999999990585	epochs	2.0
1109.5988397444153	0.017759999999952925	epochs	3.0
1109.6165997444152	0.017759999999952925	epochs	3.0
1109.6343597444152	0.03520000000003165	epochs	2.0
1109.6343597444152	0.017680000000154905	epochs	3.0
1109.6520397444153	0.017519999999876745	epochs	3.0
1109.6695597444152	0.034960000000182845	epochs	2.0
1109.6695597444152	0.01752000000010412	epochs	3.0
1109.6870797444153	0.017440000000078726	epochs	3.0
1109.7045197444154	0.03471999999987929	epochs	2.0
1109.7045197444154	0.017439999999851352	epochs	3.0
1109.7219597444152	0.01728000000002794	epochs	3.0
1109.7392397444153	0.03440000000000509	epochs	2.0
1109.7392397444153	0.017200000000002547	epochs	3.0
1109.7564397444153	0.017200000000002547	epochs	3.0
1109.7736397444153	0.034159999999928914	epochs	2.0
1109.7736397444153	0.017119999999977153	epochs	3.0
1109.7907597444153	0.01703999999995176	epochs	3.0
1109.8077997444152	0.033840000000054715	epochs	2.0
1109.8077997444152	0.01696000000015374	epochs	3.0
1109.8247597444154	0.016879999999900974	epochs	3.0
1109.8416397444153	0.033599999999978536	epochs	2.0
1109.8416397444153	0.016800000000102955	epochs	3.0
1109.8584397444154	0.01679999999987558	epochs	3.0
1109.8752397444152	0.03336000000012973	epochs	2.0
1109.8752397444152	0.01672000000007756	epochs	3.0
1109.8919597444153	0.01664000000005217	epochs	3.0
1109.9085997444154	0.03311999999982618	epochs	2.0
1109.9085997444154	0.016560000000026776	epochs	3.0
1109.9251597444154	0.016559999999799402	epochs	3.0
1109.9417197444152	0.03280000000017935	epochs	2.0
1109.9417197444152	0.016400000000203363	epochs	3.0
1109.9581197444154	0.01639999999997599	epochs	3.0
1109.9745197444154	0.0325599999998758	epochs	2.0
1109.9745197444154	0.016319999999950596	epochs	3.0
1109.9908397444153	0.016239999999925203	epochs	3.0
1110.0070797444153	0.03240000000005239	epochs	2.0
1110.0070797444153	0.016239999999925203	epochs	3.0
1110.0233197444152	0.016160000000127184	epochs	3.0
1110.0394797444153	0.032079999999950815	epochs	2.0
1110.0394797444153	0.016079999999874417	epochs	3.0
1110.0555597444152	0.016000000000076398	epochs	3.0
1110.0715597444153	0.0319200000001274	epochs	2.0
1110.0715597444153	0.016000000000076398	epochs	3.0
1110.0875597444153	0.015920000000051004	epochs	3.0
1110.1034797444154	0.031599999999798456	epochs	2.0
1110.1034797444154	0.015839999999798238	epochs	3.0
1110.1193197444152	0.01576000000000022	epochs	3.0
1110.1350797444152	0.03144000000020242	epochs	2.0
1110.1350797444152	0.01576000000000022	epochs	3.0
1110.1508397444152	0.0156800000002022	epochs	3.0
1110.1665197444154	0.031199999999898864	epochs	2.0
1110.1665197444154	0.015599999999949432	epochs	3.0
1110.1821197444153	0.015599999999949432	epochs	3.0
1110.1977197444153	0.03096000000005006	epochs	2.0
1110.1977197444153	0.015519999999924039	epochs	3.0
1110.2132397444152	0.01544000000012602	epochs	3.0
1110.2286797444153	0.03071999999997388	epochs	2.0
1110.2286797444153	0.015439999999898646	epochs	3.0
1110.2441197444152	0.015280000000075233	epochs	3.0
1110.2593997444153	0.030559999999923093	epochs	2.0
1110.2593997444153	0.015359999999873253	epochs	3.0
1110.2747597444152	0.01520000000004984	epochs	3.0
1110.2899597444152	0.030320000000074288	epochs	2.0
1110.2899597444152	0.01520000000004984	epochs	3.0
1110.3051597444153	0.015120000000024447	epochs	3.0
1110.3202797444153	0.030079999999998108	epochs	2.0
1110.3202797444153	0.015120000000024447	epochs	3.0
1110.3353997444153	0.014959999999973661	epochs	3.0
1110.3503597444153	0.029919999999947322	epochs	2.0
1110.3503597444153	0.015039999999999054	epochs	3.0
1110.3653997444153	0.014879999999948268	epochs	3.0
1110.3802797444152	0.029680000000098516	epochs	2.0
1110.3802797444152	0.014879999999948268	epochs	3.0
1110.3951597444152	0.014800000000150249	epochs	3.0
1110.4099597444153	0.02952000000004773	epochs	2.0
1110.4099597444153	0.014799999999922875	epochs	3.0
1110.4247597444153	0.014720000000124855	epochs	3.0
1110.4394797444154	0.02927999999997155	epochs	2.0
1110.4394797444154	0.014719999999897482	epochs	3.0
1110.4541997444153	0.01456000000007407	epochs	3.0
1110.4687597444154	0.029119999999920765	epochs	2.0
1110.4687597444154	0.014639999999872089	epochs	3.0
1110.4833997444152	0.014480000000048676	epochs	3.0
1110.4978797444153	0.028960000000097352	epochs	2.0
1110.4978797444153	0.014480000000048676	epochs	3.0
1110.5123597444153	0.014480000000048676	epochs	3.0
1110.5268397444154	0.02863999999999578	epochs	2.0
1110.5268397444154	0.01431999999999789	epochs	3.0
1110.5411597444154	0.01431999999999789	epochs	3.0
1110.5554797444154	0.028559999999970387	epochs	2.0
1110.5554797444154	0.01431999999999789	epochs	3.0
1110.5697997444154	0.014239999999972497	epochs	3.0
1110.5840397444153	0.028319999999894208	epochs	2.0
1110.5840397444153	0.014159999999947104	epochs	3.0
1110.5981997444153	0.014159999999947104	epochs	3.0
1110.6123597444152	0.028160000000070795	epochs	2.0
1110.6123597444152	0.014159999999947104	epochs	3.0
1110.6265197444152	0.014000000000123691	epochs	3.0
1110.6405197444153	0.02800000000002001	epochs	2.0
1110.6405197444153	0.013999999999896318	epochs	3.0
1110.6545197444152	0.014000000000123691	epochs	3.0
1110.6685197444153	0.02775999999994383	epochs	2.0
1110.6685197444153	0.013919999999870925	epochs	3.0
1110.6824397444152	0.013840000000072905	epochs	3.0
1110.6962797444153	0.027679999999918437	epochs	2.0
1110.6962797444153	0.013840000000072905	epochs	3.0
1110.7101197444154	0.013839999999845531	epochs	3.0
1110.7239597444152	0.02744000000006963	epochs	2.0
1110.7239597444152	0.013760000000047512	epochs	3.0
1110.7377197444152	0.013680000000022119	epochs	3.0
1110.7513997444153	0.027280000000018845	epochs	2.0
1110.7513997444153	0.013680000000022119	epochs	3.0
1110.7650797444153	0.013599999999996726	epochs	3.0
1110.7786797444153	0.02711999999996806	epochs	2.0
1110.7786797444153	0.013519999999971333	epochs	3.0
1110.7921997444153	0.013599999999996726	epochs	3.0
1110.8057997444153	0.026880000000119253	epochs	2.0
1110.8057997444153	0.01343999999994594	epochs	3.0
1110.8192397444152	0.013440000000173313	epochs	3.0
1110.8326797444154	0.026799999999866486	epochs	2.0
1110.8326797444154	0.01343999999994594	epochs	3.0
1110.8461197444153	0.013359999999920547	epochs	3.0
1110.8594797444152	0.02656000000001768	epochs	2.0
1110.8594797444152	0.013280000000122527	epochs	3.0
1110.8727597444154	0.013279999999895153	epochs	3.0
1110.8860397444153	0.026479999999992287	epochs	2.0
1110.8860397444153	0.013280000000122527	epochs	3.0
1110.8993197444154	0.01319999999986976	epochs	3.0
1110.9125197444152	0.026240000000143482	epochs	2.0
1110.9125197444152	0.013120000000071741	epochs	3.0
1110.9256397444153	0.013120000000071741	epochs	3.0
1110.9387597444154	0.026159999999890715	epochs	2.0
1110.9387597444154	0.013119999999844367	epochs	3.0
1110.9518797444152	0.013040000000046348	epochs	3.0
1110.9649197444153	0.026000000000067303	epochs	2.0
1110.9649197444153	0.013040000000046348	epochs	3.0
1110.9779597444153	0.012960000000020955	epochs	3.0
1110.9909197444154	0.025759999999991123	epochs	2.0
1110.9909197444154	0.012879999999995562	epochs	3.0
1111.0037997444153	0.012879999999995562	epochs	3.0
1111.0166797444153	0.02567999999996573	epochs	2.0
1111.0166797444153	0.012879999999995562	epochs	3.0
1111.0295597444153	0.012799999999970169	epochs	3.0
1111.0423597444153	0.025519999999914944	epochs	2.0
1111.0423597444153	0.012799999999970169	epochs	3.0
1111.0551597444153	0.012719999999944775	epochs	3.0
1111.0678797444152	0.02536000000009153	epochs	2.0
1111.0678797444152	0.01272000000017215	epochs	3.0
1111.0805997444154	0.012639999999919382	epochs	3.0
1111.0932397444153	0.025200000000040745	epochs	2.0
1111.0932397444153	0.012639999999919382	epochs	3.0
1111.1058797444152	0.012560000000121363	epochs	3.0
1111.1184397444154	0.0245599999998376	epochs	2.0
1111.1425197444153	0.5	epochs	-1.0
1111.1429997444152	0.539120000000139	epochs	1.0
1111.6821197444153	0.46080000000006294	epochs	0.0
1115.4299998283386	0.09999999999990905	epochs	0.0
1115.4299998283386	0.044959999999946376	epochs	1.0
1115.4749598283386	0.010080000000016298	epochs	1.0
1115.4850398283386	0.044959999999946376	epochs	1.0
1115.5299998283385	2.0	epochs	0.0
1117.5299998283385	21.999920000000202	epochs	0.0
1117.5299998283385	1.0	epochs	1.0
1117.5299998283385	0.5	epochs	-1.0
1118.0299998283385	19.999520000000075	epochs	-1.0
1118.5299998283385	20.0	epochs	1.0
1118.5299998283385	8.000000002539309e-05	epochs	2.0
1118.5300798283386	4.356719999999996	epochs	-1.0
1118.5300798283386	1.9745600000001104	epochs	2.0
1118.5300798283386	1.098560000000134	epochs	3.0
1119.6286398283387	0.8759999999999764	epochs	3.0
1120.5046398283387	1.3523999999999887	epochs	2.0
1120.5046398283387	0.7286400000000413	epochs	3.0
1121.2332798283387	0.6237599999999475	epochs	3.0
1121.8570398283387	1.0297599999998965	epochs	2.0
1121.8570398283387	0.5453600000000733	epochs	3.0
1122.4023998283387	0.4843999999998232	epochs	3.0
1122.8867998283386	0.8317600000000311	epochs	2.0
1122.8867998283386	0.435760000000073	epochs	3.0
1123.3225598283386	0.39599999999995816	epochs	3.0
1123.7185598283386	0.697840000000042	epochs	2.0
1123.7185598283386	0.362880000000132	epochs	3.0
1124.0814398283387	0.33495999999991	epochs	3.0
1124.4163998283386	0.6010400000000118	epochs	2.0
1124.4163998283386	0.3108799999999974	epochs	3.0
1124.7272798283386	0.2901600000000144	epochs	3.0
1125.0174398283386	0.5278399999999692	epochs	2.0
1125.0174398283386	0.2719199999999091	epochs	3.0
1125.2893598283385	0.2559200000000601	epochs	3.0
1125.5452798283386	0.47064000000000306	epochs	2.0
1125.5452798283386	0.2416800000000876	epochs	3.0
1125.7869598283387	0.22895999999991545	epochs	3.0
1126.0159198283386	0.42455999999992855	epochs	2.0
1126.0159198283386	0.2174400000001242	epochs	3.0
1126.2333598283387	0.20711999999980435	epochs	3.0
1126.4404798283385	0.3867200000001958	epochs	2.0
1126.4404798283385	0.1976799999999912	epochs	3.0
1126.6381598283385	0.1890400000002046	epochs	3.0
1126.8271998283387	0.3551199999999426	epochs	2.0
1126.8271998283387	0.1811999999999898	epochs	3.0
1127.0083998283387	0.17391999999995278	epochs	3.0
1127.1823198283387	0.3282400000000507	epochs	2.0
1127.1823198283387	0.16719999999986612	epochs	3.0
1127.3495198283385	0.1610400000001846	epochs	3.0
1127.5105598283387	0.3051999999997861	epochs	2.0
1127.5105598283387	0.1552799999999479	epochs	3.0
1127.6658398283387	0.14991999999983818	epochs	3.0
1127.8157598283385	0.28512000000000626	epochs	2.0
1127.8157598283385	0.1448800000000574	epochs	3.0
1127.9606398283386	0.14023999999994885	epochs	3.0
1128.1008798283385	0.2675200000001041	epochs	2.0
1128.1008798283385	0.13584000000014385	epochs	3.0
1128.2367198283387	0.13167999999996027	epochs	3.0
1128.3683998283386	0.2520799999999781	epochs	2.0
1128.3683998283386	0.12784000000010565	epochs	3.0
1128.4962398283387	0.12423999999987245	epochs	3.0
1128.6204798283386	0.23816000000010717	epochs	2.0
1128.6204798283386	0.1207200000001194	epochs	3.0
1128.7411998283387	0.11743999999998778	epochs	3.0
1128.8586398283387	0.22583999999983462	epochs	2.0
1128.8586398283387	0.11439999999993233	epochs	3.0
1128.9730398283386	0.11143999999990228	epochs	3.0
1129.0844798283385	0.21464000000014494	epochs	2.0
1129.0844798283385	0.1086400000001504	epochs	3.0
1129.1931198283387	0.10599999999999454	epochs	3.0
1129.2991198283387	0.20447999999987587	epochs	2.0
1129.2991198283387	0.10343999999986409	epochs	3.0
1129.4025598283386	0.10104000000001179	epochs	3.0
1129.5035998283386	0.1953600000001643	epochs	2.0
1129.5035998283386	0.0987999999999829	epochs	3.0
1129.6023998283385	0.09656000000018139	epochs	3.0
1129.6989598283387	0.18695999999999913	epochs	2.0
1129.6989598283387	0.09447999999997592	epochs	3.0
1129.7934398283387	0.09248000000002321	epochs	3.0
1129.8859198283387	0.17919999999980973	epochs	2.0
1129.8859198283387	0.09047999999984313	epochs	3.0
1129.9763998283386	0.0887199999999666	epochs	3.0
1130.0651198283385	0.17208000000005086	epochs	2.0
1130.0651198283385	0.08688000000006468	epochs	3.0
1130.1519998283386	0.08519999999998618	epochs	3.0
1130.2371998283386	0.165520000000015	epochs	2.0
1130.2371998283386	0.08359999999993306	epochs	3.0
1130.3207998283385	0.08192000000008193	epochs	3.0
1130.4027198283386	0.1595199999999295	epochs	2.0
1130.4027198283386	0.0804800000000796	epochs	3.0
1130.4831998283387	0.0790399999998499	epochs	3.0
1130.5622398283385	0.15376000000014756	epochs	2.0
1130.5622398283385	0.07760000000007494	epochs	3.0
1130.6398398283386	0.07616000000007261	epochs	3.0
1130.7159998283387	0.14855999999986125	epochs	2.0
1130.7159998283387	0.07495999999991909	epochs	3.0
1130.7909598283386	0.07359999999994216	epochs	3.0
1130.8645598283385	0.14368000000013126	epochs	2.0
1130.8645598283385	0.0724800000000414	epochs	3.0
1130.9370398283386	0.07120000000008986	epochs	3.0
1131.0082398283387	0.1390400000000227	epochs	2.0
1131.0082398283387	0.07007999999996173	epochs	3.0
1131.0783198283386	0.06896000000006097	epochs	3.0
1131.1472798283387	0.13472000000001572	epochs	2.0
1131.1472798283387	0.06791999999995824	epochs	3.0
1131.2151998283387	0.06680000000005748	epochs	3.0
1131.2819998283387	0.13071999999988293	epochs	2.0
1131.2819998283387	0.06583999999998014	epochs	3.0
1131.3478398283387	0.0648799999999028	epochs	3.0
1131.4127198283386	0.1268000000000029	epochs	2.0
1131.4127198283386	0.06384000000002743	epochs	3.0
1131.4765598283386	0.06295999999997548	epochs	3.0
1131.5395198283386	0.12328000000002248	epochs	2.0
1131.5395198283386	0.06207999999992353	epochs	3.0
1131.6015998283385	0.06120000000009895	epochs	3.0
1131.6627998283386	0.11984000000006745	epochs	2.0
1131.6627998283386	0.060320000000047	epochs	3.0
1131.7231198283387	0.059520000000020445	epochs	3.0
1131.7826398283387	0.11663999999996122	epochs	2.0
1131.7826398283387	0.05871999999999389	epochs	3.0
1131.8413598283387	0.05791999999996733	epochs	3.0
1131.8992798283386	0.11359999999990578	epochs	2.0
1131.8992798283386	0.05719999999996617	epochs	3.0
1131.9564798283386	0.05639999999993961	epochs	3.0
1132.0128798283386	0.1107200000001285	epochs	2.0
1132.0128798283386	0.05568000000016582	epochs	3.0
1132.0685598283387	0.055039999999962674	epochs	3.0
1132.1235998283387	0.10791999999992186	epochs	2.0
1132.1235998283387	0.05423999999993612	epochs	3.0
1132.1778398283386	0.05367999999998574	epochs	3.0
1132.2315198283386	0.10527999999999338	epochs	2.0
1132.2315198283386	0.052959999999984575	epochs	3.0
1132.2844798283386	0.052320000000008804	epochs	3.0
1132.3367998283386	0.10287999999991371	epochs	2.0
1132.3367998283386	0.051760000000058426	epochs	3.0
1132.3885598283387	0.05111999999985528	epochs	3.0
1132.4396798283385	0.10040000000003602	epochs	2.0
1132.4396798283385	0.050480000000106884	epochs	3.0
1132.4901598283386	0.04991999999992913	epochs	3.0
1132.5400798283385	0.09824000000003252	epochs	2.0
1132.5400798283385	0.049359999999978754	epochs	3.0
1132.5894398283385	0.04888000000005377	epochs	3.0
1132.6383198283386	0.09600000000000364	epochs	2.0
1132.6383198283386	0.048240000000078	epochs	3.0
1132.6865598283387	0.04775999999992564	epochs	3.0
1132.7343198283386	0.09392000000002554	epochs	2.0
1132.7343198283386	0.04719999999997526	epochs	3.0
1132.7815198283386	0.04672000000005028	epochs	3.0
1132.8282398283386	0.09192000000007283	epochs	2.0
1132.8282398283386	0.0461600000000999	epochs	3.0
1132.8743998283387	0.04575999999997293	epochs	3.0
1132.9201598283387	0.09007999999994354	epochs	2.0
1132.9201598283387	0.04528000000004795	epochs	3.0
1132.9654398283387	0.04479999999989559	epochs	3.0
1133.0102398283386	0.08816000000001623	epochs	2.0
1133.0102398283386	0.044319999999970605	epochs	3.0
1133.0545598283386	0.04384000000004562	epochs	3.0
1133.0983998283386	0.08647999999993772	epochs	2.0
1133.0983998283386	0.043439999999918655	epochs	3.0
1133.1418398283386	0.04304000000001906	epochs	3.0
1133.1848798283386	0.08472000000006119	epochs	2.0
1133.1848798283386	0.04256000000009408	epochs	3.0
1133.2274398283387	0.04215999999996711	epochs	3.0
1133.2695998283386	0.08320000000003347	epochs	2.0
1133.2695998283386	0.04176000000006752	epochs	3.0
1133.3113598283387	0.04143999999996595	epochs	3.0
1133.3527998283387	0.08151999999995496	epochs	2.0
1133.3527998283387	0.040960000000040964	epochs	3.0
1133.3937598283387	0.040559999999914	epochs	3.0
1133.4343198283386	0.08007999999995263	epochs	2.0
1133.4343198283386	0.0402400000000398	epochs	3.0
1133.4745598283387	0.039839999999912834	epochs	3.0
1133.5143998283386	0.0786399999999503	epochs	2.0
1133.5143998283386	0.039520000000038635	epochs	3.0
1133.5539198283386	0.03911999999991167	epochs	3.0
1133.5930398283385	0.07720000000017535	epochs	2.0
1133.5930398283385	0.03880000000003747	epochs	3.0
1133.6318398283386	0.03840000000013788	epochs	3.0
1133.6702398283387	0.07591999999999643	epochs	2.0
1133.6702398283387	0.038159999999834326	epochs	3.0
1133.7083998283385	0.03776000000016211	epochs	3.0
1133.7461598283387	0.0745600000000195	epochs	2.0
1133.7461598283387	0.03743999999983316	epochs	3.0
1133.7835998283385	0.03712000000018634	epochs	3.0
1133.8207198283387	0.07335999999986598	epochs	2.0
1133.8207198283387	0.03679999999985739	epochs	3.0
1133.8575198283386	0.036560000000008586	epochs	3.0
1133.8940798283386	0.07208000000014181	epochs	2.0
1133.8940798283386	0.036160000000108994	epochs	3.0
1133.9302398283387	0.035920000000032815	epochs	3.0
1133.9661598283387	0.07087999999998829	epochs	2.0
1133.9661598283387	0.03559999999993124	epochs	3.0
1134.0017598283387	0.035280000000057044	epochs	3.0
1134.0370398283387	0.06983999999988555	epochs	2.0
1134.0370398283387	0.035039999999980864	epochs	3.0
1134.0720798283387	0.034799999999904685	epochs	3.0
1134.1068798283386	0.0686399999999594	epochs	2.0
1134.1068798283386	0.034480000000030486	epochs	3.0
1134.1413598283386	0.034159999999928914	epochs	3.0
1134.1755198283386	0.06760000000008404	epochs	2.0
1134.1755198283386	0.03392000000008011	epochs	3.0
1134.2094398283386	0.03368000000000393	epochs	3.0
1134.2431198283386	0.0665599999999813	epochs	2.0
1134.2431198283386	0.03343999999992775	epochs	3.0
1134.2765598283386	0.03312000000005355	epochs	3.0
1134.3096798283386	0.06559999999990396	epochs	2.0
1134.3096798283386	0.032960000000002765	epochs	3.0
1134.3426398283386	0.03263999999990119	epochs	3.0
1134.3752798283385	0.0645600000000286	epochs	2.0
1134.3752798283385	0.03240000000005239	epochs	3.0
1134.4076798283386	0.03215999999997621	epochs	3.0
1134.4398398283386	0.06367999999997664	epochs	2.0
1134.4398398283386	0.032000000000152795	epochs	3.0
1134.4718398283387	0.03167999999982385	epochs	3.0
1134.5035198283385	0.06272000000012667	epochs	2.0
1134.5035198283385	0.03143999999997504	epochs	3.0
1134.5349598283385	0.03128000000015163	epochs	3.0
1134.5662398283387	0.06183999999984735	epochs	2.0
1134.5662398283387	0.031039999999848078	epochs	3.0
1134.5972798283385	0.030799999999999272	epochs	3.0
1134.6280798283385	0.060960000000022774	epochs	2.0
1134.6280798283385	0.030560000000150467	epochs	3.0
1134.6586398283387	0.030399999999872307	epochs	3.0
1134.6890398283385	0.060159999999996217	epochs	2.0
1134.6890398283385	0.0301600000000235	epochs	3.0
1134.7191998283386	0.029999999999972715	epochs	3.0
1134.7491998283385	0.05928000000017164	epochs	2.0
1134.7491998283385	0.029680000000098516	epochs	3.0
1134.7788798283386	0.029600000000073123	epochs	3.0
1134.8084798283387	0.05847999999991771	epochs	2.0
1134.8084798283387	0.029359999999996944	epochs	3.0
1134.8378398283387	0.029119999999920765	epochs	3.0
1134.8669598283386	0.057759999999916545	epochs	2.0
1134.8669598283386	0.028960000000097352	epochs	3.0
1134.8959198283387	0.028799999999819192	epochs	3.0
1134.9247198283385	0.05696000000011736	epochs	2.0
1134.9247198283385	0.028559999999970387	epochs	3.0
1134.9532798283385	0.028400000000146974	epochs	3.0
1134.9816798283387	0.05623999999988882	epochs	2.0
1134.9816798283387	0.028160000000070795	epochs	3.0
1135.0098398283387	0.02807999999981803	epochs	3.0
1135.0379198283385	0.05544000000008964	epochs	2.0
1135.0379198283385	0.027839999999969223	epochs	3.0
1135.0657598283385	0.027600000000120417	epochs	3.0
1135.0933598283386	0.05487999999991189	epochs	2.0
1135.0933598283386	0.027520000000095024	epochs	3.0
1135.1208798283387	0.027359999999816864	epochs	3.0
1135.1482398283385	0.054080000000112705	epochs	2.0
1135.1482398283385	0.02711999999996806	epochs	3.0
1135.1753598283385	0.026960000000144646	epochs	3.0
1135.2023198283387	0.05343999999990956	epochs	2.0
1135.2023198283387	0.026799999999866486	epochs	3.0
1135.2291198283385	0.026640000000043074	epochs	3.0
1135.2557598283386	0.05287999999995918	epochs	2.0
1135.2557598283386	0.026479999999992287	epochs	3.0
1135.2822398283386	0.026399999999966894	epochs	3.0
1135.3086398283385	0.05216000000018539	epochs	2.0
1135.3086398283385	0.02616000000011809	epochs	3.0
1135.3347998283386	0.026000000000067303	epochs	3.0
1135.3607998283387	0.05151999999998225	epochs	2.0
1135.3607998283387	0.025840000000016516	epochs	3.0
1135.3866398283387	0.02567999999996573	epochs	3.0
1135.4123198283387	0.05096000000003187	epochs	2.0
1135.4123198283387	0.025599999999940337	epochs	3.0
1135.4379198283386	0.02536000000009153	epochs	3.0
1135.4632798283387	0.05039999999985412	epochs	2.0
1135.4632798283387	0.025279999999838765	epochs	3.0
1135.4885598283386	0.025120000000015352	epochs	3.0
1135.5136798283386	0.04976000000010572	epochs	2.0
1135.5136798283386	0.024959999999964566	epochs	3.0
1135.5386398283385	0.024800000000141154	epochs	3.0
1135.5634398283387	0.04919999999992797	epochs	2.0
1135.5634398283387	0.024639999999862994	epochs	3.0
1135.5880798283386	0.024560000000064974	epochs	3.0
1135.6126398283386	0.04872000000000298	epochs	2.0
1135.6126398283386	0.024400000000014188	epochs	3.0
1135.6370398283386	0.024319999999988795	epochs	3.0
1135.6613598283386	0.04808000000002721	epochs	2.0
1135.6613598283386	0.024079999999912616	epochs	3.0
1135.6854398283385	0.024000000000114596	epochs	3.0
1135.7094398283386	0.047599999999874854	epochs	2.0
1135.7094398283386	0.02384000000006381	epochs	3.0
1135.7332798283387	0.023759999999811043	epochs	3.0
1135.7570398283385	0.04712000000017724	epochs	2.0
1135.7570398283385	0.023600000000215005	epochs	3.0
1135.7806398283387	0.023519999999962238	epochs	3.0
1135.8041598283387	0.04655999999999949	epochs	2.0
1135.8041598283387	0.02335999999991145	epochs	3.0
1135.8275198283386	0.02320000000008804	epochs	3.0
1135.8507198283387	0.04607999999984713	epochs	2.0
1135.8507198283387	0.023119999999835272	epochs	3.0
1135.8738398283385	0.02296000000001186	epochs	3.0
1135.8967998283385	0.04560000000014952	epochs	2.0
1135.8967998283385	0.022879999999986467	epochs	3.0
1135.9196798283385	0.022720000000163054	epochs	3.0
1135.9423998283387	0.04511999999999716	epochs	2.0
1135.9423998283387	0.022639999999910287	epochs	3.0
1135.9650398283386	0.022480000000086875	epochs	3.0
1135.9875198283387	0.044639999999844804	epochs	2.0
1135.9875198283387	0.022399999999834108	epochs	3.0
1136.0099198283385	0.022240000000010696	epochs	3.0
1136.0321598283385	0.044240000000172586	epochs	2.0
1136.0321598283385	0.022159999999985303	epochs	3.0
1136.0543198283385	0.022080000000187283	epochs	3.0
1136.0763998283387	0.04376000000002023	epochs	2.0
1136.0763998283387	0.021919999999909123	epochs	3.0
1136.0983198283386	0.021840000000111104	epochs	3.0
1136.1201598283387	0.04335999999989326	epochs	2.0
1136.1201598283387	0.021759999999858337	epochs	3.0
1136.1419198283386	0.021600000000034925	epochs	3.0
1136.1635198283386	0.04287999999996828	epochs	2.0
1136.1635198283386	0.02143999999998414	epochs	3.0
1136.1849598283386	0.02143999999998414	epochs	3.0
1136.2063998283386	0.042480000000068685	epochs	2.0
1136.2063998283386	0.021279999999933352	epochs	3.0
1136.2276798283385	0.021200000000135333	epochs	3.0
1136.2488798283387	0.04207999999994172	epochs	2.0
1136.2488798283387	0.021039999999857173	epochs	3.0
1136.2699198283385	0.021040000000084547	epochs	3.0
1136.2909598283386	0.04168000000004213	epochs	2.0
1136.2909598283386	0.02088000000003376	epochs	3.0
1136.3118398283386	0.020800000000008367	epochs	3.0
1136.3326398283386	0.04119999999988977	epochs	2.0
1136.3326398283386	0.02063999999995758	epochs	3.0
1136.3532798283386	0.020559999999932188	epochs	3.0
1136.3738398283385	0.04088000000001557	epochs	2.0
1136.3738398283385	0.020560000000159562	epochs	3.0
1136.3943998283387	0.02031999999985601	epochs	3.0
1136.4147198283385	0.04056000000014137	epochs	2.0
1136.4147198283385	0.020320000000083382	epochs	3.0
1136.4350398283386	0.02024000000005799	epochs	3.0
1136.4552798283387	0.04007999999998901	epochs	2.0
1136.4552798283387	0.020080000000007203	epochs	3.0
1136.4753598283387	0.01999999999998181	epochs	3.0
1136.4953598283387	0.03975999999988744	epochs	2.0
1136.4953598283387	0.019919999999956417	epochs	3.0
1136.5152798283386	0.019839999999931024	epochs	3.0
1136.5351198283386	0.03944000000001324	epochs	2.0
1136.5351198283386	0.019760000000133005	epochs	3.0
1136.5548798283387	0.019679999999880238	epochs	3.0
1136.5745598283386	0.03904000000011365	epochs	2.0
1136.5745598283386	0.019520000000056825	epochs	3.0
1136.5940798283386	0.019520000000056825	epochs	3.0
1136.6135998283387	0.038639999999986685	epochs	2.0
1136.6135998283387	0.01936000000000604	epochs	3.0
1136.6329598283387	0.019279999999980646	epochs	3.0
1136.6522398283387	0.038399999999910506	epochs	2.0
1136.6522398283387	0.019279999999980646	epochs	3.0
1136.6715198283387	0.01911999999992986	epochs	3.0
1136.6906398283386	0.038000000000010914	epochs	2.0
1136.6906398283386	0.01904000000013184	epochs	3.0
1136.7096798283387	0.018959999999879074	epochs	3.0
1136.7286398283386	0.03767999999990934	epochs	2.0
1136.7286398283386	0.018880000000081054	epochs	3.0
1136.7475198283387	0.018799999999828287	epochs	3.0
1136.7663198283385	0.03736000000003514	epochs	2.0
1136.7663198283385	0.018720000000030268	epochs	3.0
1136.7850398283385	0.018640000000004875	epochs	3.0
1136.8036798283385	0.037040000000160944	epochs	2.0
1136.8036798283385	0.018559999999979482	epochs	3.0
1136.8222398283385	0.018480000000181462	epochs	3.0
1136.8407198283387	0.036719999999832	epochs	2.0
1136.8407198283387	0.018399999999928696	epochs	3.0
1136.8591198283386	0.018319999999903303	epochs	3.0
1136.8774398283385	0.03647999999998319	epochs	2.0
1136.8774398283385	0.018240000000105283	epochs	3.0
1136.8956798283386	0.01823999999987791	epochs	3.0
1136.9139198283385	0.0360800000000836	epochs	2.0
1136.9139198283385	0.018080000000054497	epochs	3.0
1136.9319998283386	0.018000000000029104	epochs	3.0
1136.9499998283386	0.03584000000000742	epochs	2.0
1136.9499998283386	0.01792000000000371	epochs	3.0
1136.9679198283386	0.01792000000000371	epochs	3.0
1136.9858398283386	0.03551999999990585	epochs	2.0
1136.9858398283386	0.017759999999952925	epochs	3.0
1137.0035998283386	0.017759999999952925	epochs	3.0
1137.0213598283385	0.03520000000003165	epochs	2.0
1137.0213598283385	0.017680000000154905	epochs	3.0
1137.0390398283387	0.017519999999876745	epochs	3.0
1137.0565598283385	0.034960000000182845	epochs	2.0
1137.0565598283385	0.01752000000010412	epochs	3.0
1137.0740798283387	0.017440000000078726	epochs	3.0
1137.0915198283387	0.03471999999987929	epochs	2.0
1137.0915198283387	0.017439999999851352	epochs	3.0
1137.1089598283386	0.01728000000002794	epochs	3.0
1137.1262398283386	0.03440000000000509	epochs	2.0
1137.1262398283386	0.017200000000002547	epochs	3.0
1137.1434398283386	0.017200000000002547	epochs	3.0
1137.1606398283386	0.034159999999928914	epochs	2.0
1137.1606398283386	0.017119999999977153	epochs	3.0
1137.1777598283386	0.01703999999995176	epochs	3.0
1137.1947998283385	0.033840000000054715	epochs	2.0
1137.1947998283385	0.01696000000015374	epochs	3.0
1137.2117598283387	0.016879999999900974	epochs	3.0
1137.2286398283386	0.033599999999978536	epochs	2.0
1137.2286398283386	0.016800000000102955	epochs	3.0
1137.2454398283387	0.01679999999987558	epochs	3.0
1137.2622398283386	0.03336000000012973	epochs	2.0
1137.2622398283386	0.01672000000007756	epochs	3.0
1137.2789598283387	0.01664000000005217	epochs	3.0
1137.2955998283387	0.03311999999982618	epochs	2.0
1137.2955998283387	0.016560000000026776	epochs	3.0
1137.3121598283387	0.016559999999799402	epochs	3.0
1137.3287198283385	0.03280000000017935	epochs	2.0
1137.3287198283385	0.016400000000203363	epochs	3.0
1137.3451198283387	0.01639999999997599	epochs	3.0
1137.3615198283387	0.0325599999998758	epochs	2.0
1137.3615198283387	0.016319999999950596	epochs	3.0
1137.3778398283387	0.016239999999925203	epochs	3.0
1137.3940798283386	0.03240000000005239	epochs	2.0
1137.3940798283386	0.016239999999925203	epochs	3.0
1137.4103198283385	0.016160000000127184	epochs	3.0
1137.4264798283386	0.032079999999950815	epochs	2.0
1137.4264798283386	0.016079999999874417	epochs	3.0
1137.4425598283385	0.016000000000076398	epochs	3.0
1137.4585598283386	0.0319200000001274	epochs	2.0
1137.4585598283386	0.016000000000076398	epochs	3.0
1137.4745598283387	0.015920000000051004	epochs	3.0
1137.4904798283387	0.031599999999798456	epochs	2.0
1137.4904798283387	0.015839999999798238	epochs	3.0
1137.5063198283385	0.01576000000000022	epochs	3.0
1137.5220798283385	0.03144000000020242	epochs	2.0
1137.5220798283385	0.01576000000000022	epochs	3.0
1137.5378398283385	0.0156800000002022	epochs	3.0
1137.5535198283387	0.031199999999898864	epochs	2.0
1137.5535198283387	0.015599999999949432	epochs	3.0
1137.5691198283387	0.015599999999949432	epochs	3.0
1137.5847198283386	0.03096000000005006	epochs	2.0
1137.5847198283386	0.015519999999924039	epochs	3.0
1137.6002398283385	0.01544000000012602	epochs	3.0
1137.6156798283387	0.03071999999997388	epochs	2.0
1137.6156798283387	0.015439999999898646	epochs	3.0
1137.6311198283386	0.015280000000075233	epochs	3.0
1137.6463998283386	0.030559999999923093	epochs	2.0
1137.6463998283386	0.015359999999873253	epochs	3.0
1137.6617598283385	0.01520000000004984	epochs	3.0
1137.6769598283386	0.030320000000074288	epochs	2.0
1137.6769598283386	0.01520000000004984	epochs	3.0
1137.6921598283386	0.015120000000024447	epochs	3.0
1137.7072798283386	0.030079999999998108	epochs	2.0
1137.7072798283386	0.015120000000024447	epochs	3.0
1137.7223998283387	0.014959999999973661	epochs	3.0
1137.7373598283386	0.029919999999947322	epochs	2.0
1137.7373598283386	0.015039999999999054	epochs	3.0
1137.7523998283386	0.014879999999948268	epochs	3.0
1137.7672798283386	0.029680000000098516	epochs	2.0
1137.7672798283386	0.014879999999948268	epochs	3.0
1137.7821598283385	0.014800000000150249	epochs	3.0
1137.7969598283387	0.02952000000004773	epochs	2.0
1137.7969598283387	0.014799999999922875	epochs	3.0
1137.8117598283386	0.014720000000124855	epochs	3.0
1137.8264798283387	0.02927999999997155	epochs	2.0
1137.8264798283387	0.014719999999897482	epochs	3.0
1137.8411998283386	0.01456000000007407	epochs	3.0
1137.8557598283387	0.029119999999920765	epochs	2.0
1137.8557598283387	0.014639999999872089	epochs	3.0
1137.8703998283386	0.014480000000048676	epochs	3.0
1137.8848798283386	0.028960000000097352	epochs	2.0
1137.8848798283386	0.014480000000048676	epochs	3.0
1137.8993598283387	0.014480000000048676	epochs	3.0
1137.9138398283387	0.02863999999999578	epochs	2.0
1137.9138398283387	0.01431999999999789	epochs	3.0
1137.9281598283387	0.01431999999999789	epochs	3.0
1137.9424798283387	0.028559999999970387	epochs	2.0
1137.9424798283387	0.01431999999999789	epochs	3.0
1137.9567998283387	0.014239999999972497	epochs	3.0
1137.9710398283387	0.028319999999894208	epochs	2.0
1137.9710398283387	0.014159999999947104	epochs	3.0
1137.9851998283386	0.014159999999947104	epochs	3.0
1137.9993598283386	0.028160000000070795	epochs	2.0
1137.9993598283386	0.014159999999947104	epochs	3.0
1138.0135198283385	0.014000000000123691	epochs	3.0
1138.0275198283387	0.02800000000002001	epochs	2.0
1138.0275198283387	0.013999999999896318	epochs	3.0
1138.0415198283386	0.014000000000123691	epochs	3.0
1138.0555198283387	0.02775999999994383	epochs	2.0
1138.0555198283387	0.013919999999870925	epochs	3.0
1138.0694398283385	0.013840000000072905	epochs	3.0
1138.0832798283386	0.027679999999918437	epochs	2.0
1138.0832798283386	0.013840000000072905	epochs	3.0
1138.0971198283387	0.013839999999845531	epochs	3.0
1138.1109598283385	0.02744000000006963	epochs	2.0
1138.1109598283385	0.013760000000047512	epochs	3.0
1138.1247198283386	0.013680000000022119	epochs	3.0
1138.1383998283386	0.027280000000018845	epochs	2.0
1138.1383998283386	0.013680000000022119	epochs	3.0
1138.1520798283386	0.013599999999996726	epochs	3.0
1138.1656798283386	0.02711999999996806	epochs	2.0
1138.1656798283386	0.013519999999971333	epochs	3.0
1138.1791998283386	0.013599999999996726	epochs	3.0
1138.1927998283386	0.026880000000119253	epochs	2.0
1138.1927998283386	0.01343999999994594	epochs	3.0
1138.2062398283385	0.013440000000173313	epochs	3.0
1138.2196798283387	0.026799999999866486	epochs	2.0
1138.2196798283387	0.01343999999994594	epochs	3.0
1138.2331198283387	0.013359999999920547	epochs	3.0
1138.2464798283386	0.02656000000001768	epochs	2.0
1138.2464798283386	0.013280000000122527	epochs	3.0
1138.2597598283387	0.013279999999895153	epochs	3.0
1138.2730398283386	0.026479999999992287	epochs	2.0
1138.2730398283386	0.013280000000122527	epochs	3.0
1138.2863198283387	0.01319999999986976	epochs	3.0
1138.2995198283386	0.026240000000143482	epochs	2.0
1138.2995198283386	0.013120000000071741	epochs	3.0
1138.3126398283387	0.013120000000071741	epochs	3.0
1138.3257598283387	0.026159999999890715	epochs	2.0
1138.3257598283387	0.013119999999844367	epochs	3.0
1138.3388798283386	0.013040000000046348	epochs	3.0
1138.3519198283386	0.026000000000067303	epochs	2.0
1138.3519198283386	0.013040000000046348	epochs	3.0
1138.3649598283387	0.012960000000020955	epochs	3.0
1138.3779198283387	0.025759999999991123	epochs	2.0
1138.3779198283387	0.012879999999995562	epochs	3.0
1138.3907998283387	0.012879999999995562	epochs	3.0
1138.4036798283387	0.02567999999996573	epochs	2.0
1138.4036798283387	0.012879999999995562	epochs	3.0
1138.4165598283387	0.012799999999970169	epochs	3.0
1138.4293598283386	0.025519999999914944	epochs	2.0
1138.4293598283386	0.012799999999970169	epochs	3.0
1138.4421598283386	0.012719999999944775	epochs	3.0
1138.4548798283386	0.02536000000009153	epochs	2.0
1138.4548798283386	0.01272000000017215	epochs	3.0
1138.4675998283387	0.012639999999919382	epochs	3.0
1138.4802398283387	0.025200000000040745	epochs	2.0
1138.4802398283387	0.012639999999919382	epochs	3.0
1138.4928798283386	0.012560000000121363	epochs	3.0
1138.5054398283387	0.0245599999998376	epochs	2.0
1138.5295198283386	0.5	epochs	-1.0
1138.5299998283385	0.999920000000202	epochs	1.0
1139.0295198283386	0.5	epochs	-1.0
1143.4179997444153	0.09999999999990905	epochs	0.0
1143.4179997444153	0.044959999999946376	epochs	1.0
1143.4629597444152	0.010080000000016298	epochs	1.0
1143.4730397444152	0.044959999999946376	epochs	1.0
1143.5179997444152	2.0	epochs	0.0
1145.5179997444152	0.5196800000001076	epochs	0.0
1145.5179997444152	0.5196800000001076	epochs	1.0
1145.5179997444152	0.5	epochs	-1.0
1146.0179997444152	0.01968000000010761	epochs	-1.0
1146.0376797444153	21.480240000000094	epochs	0.0
1155.9049997329712	0.09999999999990905	epochs	0.0
1155.9049997329712	0.044959999999946376	epochs	1.0
1155.9499597329711	0.010080000000016298	epochs	1.0
1155.9600397329712	0.044959999999946376	epochs	1.0
1156.004999732971	2.0	epochs	0.0
1158.004999732971	21.539920000000166	epochs	0.0
1158.004999732971	1.0	epochs	1.0
1158.004999732971	0.5	epochs	-1.0
1158.504999732971	19.999680000000126	epochs	-1.0
1159.004999732971	20.0	epochs	1.0
1159.004999732971	8.000000002539309e-05	epochs	2.0
1159.0050797329711	4.356719999999996	epochs	-1.0
1159.0050797329711	1.9745600000001104	epochs	2.0
1159.0050797329711	1.098560000000134	epochs	3.0
1160.1036397329713	0.8759999999999764	epochs	3.0
1160.9796397329712	1.3523999999999887	epochs	2.0
1160.9796397329712	0.7286400000000413	epochs	3.0
1161.7082797329713	0.6237599999999475	epochs	3.0
1162.3320397329712	1.0297599999998965	epochs	2.0
1162.3320397329712	0.5453600000000733	epochs	3.0
1162.8773997329713	0.4843999999998232	epochs	3.0
1163.3617997329711	0.8317600000000311	epochs	2.0
1163.3617997329711	0.435760000000073	epochs	3.0
1163.7975597329712	0.39599999999995816	epochs	3.0
1164.1935597329712	0.697840000000042	epochs	2.0
1164.1935597329712	0.362880000000132	epochs	3.0
1164.5564397329713	0.33495999999991	epochs	3.0
1164.8913997329712	0.6010400000000118	epochs	2.0
1164.8913997329712	0.3108799999999974	epochs	3.0
1165.2022797329712	0.2901600000000144	epochs	3.0
1165.4924397329712	0.5278399999999692	epochs	2.0
1165.4924397329712	0.2719199999999091	epochs	3.0
1165.7643597329711	0.2559200000000601	epochs	3.0
1166.0202797329712	0.47064000000000306	epochs	2.0
1166.0202797329712	0.2416800000000876	epochs	3.0
1166.2619597329713	0.22895999999991545	epochs	3.0
1166.4909197329712	0.42455999999992855	epochs	2.0
1166.4909197329712	0.2174400000001242	epochs	3.0
1166.7083597329713	0.20711999999980435	epochs	3.0
1166.915479732971	0.3867200000001958	epochs	2.0
1166.915479732971	0.1976799999999912	epochs	3.0
1167.113159732971	0.1890400000002046	epochs	3.0
1167.3021997329713	0.3551199999999426	epochs	2.0
1167.3021997329713	0.1811999999999898	epochs	3.0
1167.4833997329713	0.17391999999995278	epochs	3.0
1167.6573197329712	0.3282400000000507	epochs	2.0
1167.6573197329712	0.16719999999986612	epochs	3.0
1167.824519732971	0.1610400000001846	epochs	3.0
1167.9855597329713	0.3051999999997861	epochs	2.0
1167.9855597329713	0.1552799999999479	epochs	3.0
1168.1408397329712	0.14991999999983818	epochs	3.0
1168.290759732971	0.28512000000000626	epochs	2.0
1168.290759732971	0.1448800000000574	epochs	3.0
1168.4356397329711	0.14023999999994885	epochs	3.0
1168.575879732971	0.2675200000001041	epochs	2.0
1168.575879732971	0.13584000000014385	epochs	3.0
1168.7117197329712	0.13167999999996027	epochs	3.0
1168.8433997329712	0.2520799999999781	epochs	2.0
1168.8433997329712	0.12784000000010565	epochs	3.0
1168.9712397329713	0.12423999999987245	epochs	3.0
1169.0954797329712	0.23816000000010717	epochs	2.0
1169.0954797329712	0.1207200000001194	epochs	3.0
1169.2161997329713	0.11743999999998778	epochs	3.0
1169.3336397329713	0.22583999999983462	epochs	2.0
1169.3336397329713	0.11439999999993233	epochs	3.0
1169.4480397329712	0.11143999999990228	epochs	3.0
1169.559479732971	0.21464000000014494	epochs	2.0
1169.559479732971	0.1086400000001504	epochs	3.0
1169.6681197329713	0.10599999999999454	epochs	3.0
1169.7741197329713	0.20447999999987587	epochs	2.0
1169.7741197329713	0.10343999999986409	epochs	3.0
1169.8775597329711	0.10104000000001179	epochs	3.0
1169.9785997329711	0.1953600000001643	epochs	2.0
1169.9785997329711	0.0987999999999829	epochs	3.0
1170.0773997329711	0.09656000000018139	epochs	3.0
1170.1739597329713	0.18695999999999913	epochs	2.0
1170.1739597329713	0.09447999999997592	epochs	3.0
1170.2684397329713	0.09248000000002321	epochs	3.0
1170.3609197329713	0.17919999999980973	epochs	2.0
1170.3609197329713	0.09047999999984313	epochs	3.0
1170.4513997329711	0.0887199999999666	epochs	3.0
1170.540119732971	0.17208000000005086	epochs	2.0
1170.540119732971	0.08688000000006468	epochs	3.0
1170.6269997329712	0.08519999999998618	epochs	3.0
1170.7121997329712	0.165520000000015	epochs	2.0
1170.7121997329712	0.08359999999993306	epochs	3.0
1170.795799732971	0.08192000000008193	epochs	3.0
1170.8777197329712	0.1595199999999295	epochs	2.0
1170.8777197329712	0.0804800000000796	epochs	3.0
1170.9581997329713	0.0790399999998499	epochs	3.0
1171.037239732971	0.15376000000014756	epochs	2.0
1171.037239732971	0.07760000000007494	epochs	3.0
1171.1148397329712	0.07616000000007261	epochs	3.0
1171.1909997329712	0.14855999999986125	epochs	2.0
1171.1909997329712	0.07495999999991909	epochs	3.0
1171.2659597329712	0.07359999999994216	epochs	3.0
1171.339559732971	0.14368000000013126	epochs	2.0
1171.339559732971	0.0724800000000414	epochs	3.0
1171.4120397329712	0.07120000000008986	epochs	3.0
1171.4832397329712	0.1390400000000227	epochs	2.0
1171.4832397329712	0.07007999999996173	epochs	3.0
1171.5533197329712	0.06896000000006097	epochs	3.0
1171.6222797329713	0.13472000000001572	epochs	2.0
1171.6222797329713	0.06791999999995824	epochs	3.0
1171.6901997329712	0.06680000000005748	epochs	3.0
1171.7569997329713	0.13071999999988293	epochs	2.0
1171.7569997329713	0.06583999999998014	epochs	3.0
1171.8228397329713	0.0648799999999028	epochs	3.0
1171.8877197329712	0.1268000000000029	epochs	2.0
1171.8877197329712	0.06384000000002743	epochs	3.0
1171.9515597329712	0.06295999999997548	epochs	3.0
1172.0145197329712	0.12328000000002248	epochs	2.0
1172.0145197329712	0.06207999999992353	epochs	3.0
1172.076599732971	0.06120000000009895	epochs	3.0
1172.1377997329712	0.11984000000006745	epochs	2.0
1172.1377997329712	0.060320000000047	epochs	3.0
1172.1981197329712	0.059520000000020445	epochs	3.0
1172.2576397329713	0.11663999999996122	epochs	2.0
1172.2576397329713	0.05871999999999389	epochs	3.0
1172.3163597329713	0.05791999999996733	epochs	3.0
1172.3742797329712	0.11359999999990578	epochs	2.0
1172.3742797329712	0.05719999999996617	epochs	3.0
1172.4314797329712	0.05639999999993961	epochs	3.0
1172.4878797329711	0.1107200000001285	epochs	2.0
1172.4878797329711	0.05568000000016582	epochs	3.0
1172.5435597329713	0.055039999999962674	epochs	3.0
1172.5985997329713	0.10791999999992186	epochs	2.0
1172.5985997329713	0.05423999999993612	epochs	3.0
1172.6528397329712	0.05367999999998574	epochs	3.0
1172.7065197329712	0.10527999999999338	epochs	2.0
1172.7065197329712	0.052959999999984575	epochs	3.0
1172.7594797329712	0.052320000000008804	epochs	3.0
1172.8117997329712	0.10287999999991371	epochs	2.0
1172.8117997329712	0.051760000000058426	epochs	3.0
1172.8635597329712	0.05111999999985528	epochs	3.0
1172.914679732971	0.10040000000003602	epochs	2.0
1172.914679732971	0.050480000000106884	epochs	3.0
1172.9651597329712	0.04991999999992913	epochs	3.0
1173.0150797329711	0.09824000000003252	epochs	2.0
1173.0150797329711	0.049359999999978754	epochs	3.0
1173.064439732971	0.04888000000005377	epochs	3.0
1173.1133197329711	0.09600000000000364	epochs	2.0
1173.1133197329711	0.048240000000078	epochs	3.0
1173.1615597329712	0.04775999999992564	epochs	3.0
1173.2093197329712	0.09392000000002554	epochs	2.0
1173.2093197329712	0.04719999999997526	epochs	3.0
1173.2565197329711	0.04672000000005028	epochs	3.0
1173.3032397329712	0.09192000000007283	epochs	2.0
1173.3032397329712	0.0461600000000999	epochs	3.0
1173.3493997329713	0.04575999999997293	epochs	3.0
1173.3951597329713	0.09007999999994354	epochs	2.0
1173.3951597329713	0.04528000000004795	epochs	3.0
1173.4404397329713	0.04479999999989559	epochs	3.0
1173.4852397329712	0.08816000000001623	epochs	2.0
1173.4852397329712	0.044319999999970605	epochs	3.0
1173.5295597329712	0.04384000000004562	epochs	3.0
1173.5733997329712	0.08647999999993772	epochs	2.0
1173.5733997329712	0.043439999999918655	epochs	3.0
1173.6168397329711	0.04304000000001906	epochs	3.0
1173.6598797329711	0.08472000000006119	epochs	2.0
1173.6598797329711	0.04256000000009408	epochs	3.0
1173.7024397329712	0.04215999999996711	epochs	3.0
1173.7445997329712	0.08320000000003347	epochs	2.0
1173.7445997329712	0.04176000000006752	epochs	3.0
1173.7863597329713	0.04143999999996595	epochs	3.0
1173.8277997329712	0.08151999999995496	epochs	2.0
1173.8277997329712	0.040960000000040964	epochs	3.0
1173.8687597329713	0.040559999999914	epochs	3.0
1173.9093197329712	0.08007999999995263	epochs	2.0
1173.9093197329712	0.0402400000000398	epochs	3.0
1173.9495597329712	0.039839999999912834	epochs	3.0
1173.9893997329712	0.0786399999999503	epochs	2.0
1173.9893997329712	0.039520000000038635	epochs	3.0
1174.0289197329712	0.03911999999991167	epochs	3.0
1174.068039732971	0.07720000000017535	epochs	2.0
1174.068039732971	0.03880000000003747	epochs	3.0
1174.1068397329711	0.03840000000013788	epochs	3.0
1174.1452397329713	0.07591999999999643	epochs	2.0
1174.1452397329713	0.038159999999834326	epochs	3.0
1174.183399732971	0.03776000000016211	epochs	3.0
1174.2211597329713	0.0745600000000195	epochs	2.0
1174.2211597329713	0.03743999999983316	epochs	3.0
1174.258599732971	0.03712000000018634	epochs	3.0
1174.2957197329713	0.07335999999986598	epochs	2.0
1174.2957197329713	0.03679999999985739	epochs	3.0
1174.3325197329712	0.036560000000008586	epochs	3.0
1174.3690797329712	0.07208000000014181	epochs	2.0
1174.3690797329712	0.036160000000108994	epochs	3.0
1174.4052397329713	0.035920000000032815	epochs	3.0
1174.4411597329713	0.07087999999998829	epochs	2.0
1174.4411597329713	0.03559999999993124	epochs	3.0
1174.4767597329712	0.035280000000057044	epochs	3.0
1174.5120397329713	0.06983999999988555	epochs	2.0
1174.5120397329713	0.035039999999980864	epochs	3.0
1174.5470797329713	0.034799999999904685	epochs	3.0
1174.5818797329712	0.0686399999999594	epochs	2.0
1174.5818797329712	0.034480000000030486	epochs	3.0
1174.6163597329712	0.034159999999928914	epochs	3.0
1174.6505197329711	0.06760000000008404	epochs	2.0
1174.6505197329711	0.03392000000008011	epochs	3.0
1174.6844397329712	0.03368000000000393	epochs	3.0
1174.7181197329712	0.0665599999999813	epochs	2.0
1174.7181197329712	0.03343999999992775	epochs	3.0
1174.7515597329711	0.03312000000005355	epochs	3.0
1174.7846797329712	0.06559999999990396	epochs	2.0
1174.7846797329712	0.032960000000002765	epochs	3.0
1174.8176397329712	0.03263999999990119	epochs	3.0
1174.850279732971	0.0645600000000286	epochs	2.0
1174.850279732971	0.03240000000005239	epochs	3.0
1174.8826797329712	0.03215999999997621	epochs	3.0
1174.9148397329711	0.06367999999997664	epochs	2.0
1174.9148397329711	0.032000000000152795	epochs	3.0
1174.9468397329713	0.03167999999982385	epochs	3.0
1174.978519732971	0.06272000000012667	epochs	2.0
1174.978519732971	0.03143999999997504	epochs	3.0
1175.009959732971	0.03128000000015163	epochs	3.0
1175.0412397329712	0.06183999999984735	epochs	2.0
1175.0412397329712	0.031039999999848078	epochs	3.0
1175.072279732971	0.030799999999999272	epochs	3.0
1175.103079732971	0.060960000000022774	epochs	2.0
1175.103079732971	0.030560000000150467	epochs	3.0
1175.1336397329712	0.030399999999872307	epochs	3.0
1175.164039732971	0.060159999999996217	epochs	2.0
1175.164039732971	0.0301600000000235	epochs	3.0
1175.1941997329711	0.029999999999972715	epochs	3.0
1175.224199732971	0.05928000000017164	epochs	2.0
1175.224199732971	0.029680000000098516	epochs	3.0
1175.2538797329712	0.029600000000073123	epochs	3.0
1175.2834797329713	0.05847999999991771	epochs	2.0
1175.2834797329713	0.029359999999996944	epochs	3.0
1175.3128397329713	0.029119999999920765	epochs	3.0
1175.3419597329712	0.057759999999916545	epochs	2.0
1175.3419597329712	0.028960000000097352	epochs	3.0
1175.3709197329713	0.028799999999819192	epochs	3.0
1175.399719732971	0.05696000000011736	epochs	2.0
1175.399719732971	0.028559999999970387	epochs	3.0
1175.428279732971	0.028400000000146974	epochs	3.0
1175.4566797329712	0.05623999999988882	epochs	2.0
1175.4566797329712	0.028160000000070795	epochs	3.0
1175.4848397329713	0.02807999999981803	epochs	3.0
1175.512919732971	0.05544000000008964	epochs	2.0
1175.512919732971	0.027839999999969223	epochs	3.0
1175.540759732971	0.027600000000120417	epochs	3.0
1175.5683597329712	0.05487999999991189	epochs	2.0
1175.5683597329712	0.027520000000095024	epochs	3.0
1175.5958797329713	0.027359999999816864	epochs	3.0
1175.6232397329711	0.054080000000112705	epochs	2.0
1175.6232397329711	0.02711999999996806	epochs	3.0
1175.650359732971	0.026960000000144646	epochs	3.0
1175.6773197329712	0.05343999999990956	epochs	2.0
1175.6773197329712	0.026799999999866486	epochs	3.0
1175.704119732971	0.026640000000043074	epochs	3.0
1175.7307597329711	0.05287999999995918	epochs	2.0
1175.7307597329711	0.026479999999992287	epochs	3.0
1175.7572397329711	0.026399999999966894	epochs	3.0
1175.783639732971	0.05216000000018539	epochs	2.0
1175.783639732971	0.02616000000011809	epochs	3.0
1175.8097997329712	0.026000000000067303	epochs	3.0
1175.8357997329713	0.05151999999998225	epochs	2.0
1175.8357997329713	0.025840000000016516	epochs	3.0
1175.8616397329713	0.02567999999996573	epochs	3.0
1175.8873197329713	0.05096000000003187	epochs	2.0
1175.8873197329713	0.025599999999940337	epochs	3.0
1175.9129197329712	0.02536000000009153	epochs	3.0
1175.9382797329713	0.05039999999985412	epochs	2.0
1175.9382797329713	0.025279999999838765	epochs	3.0
1175.9635597329711	0.025120000000015352	epochs	3.0
1175.9886797329711	0.04976000000010572	epochs	2.0
1175.9886797329711	0.024959999999964566	epochs	3.0
1176.0136397329711	0.024800000000141154	epochs	3.0
1176.0384397329713	0.04919999999992797	epochs	2.0
1176.0384397329713	0.024639999999862994	epochs	3.0
1176.0630797329711	0.024560000000064974	epochs	3.0
1176.0876397329712	0.04872000000000298	epochs	2.0
1176.0876397329712	0.024400000000014188	epochs	3.0
1176.1120397329712	0.024319999999988795	epochs	3.0
1176.1363597329712	0.04808000000002721	epochs	2.0
1176.1363597329712	0.024079999999912616	epochs	3.0
1176.160439732971	0.024000000000114596	epochs	3.0
1176.1844397329712	0.047599999999874854	epochs	2.0
1176.1844397329712	0.02384000000006381	epochs	3.0
1176.2082797329713	0.023759999999811043	epochs	3.0
1176.232039732971	0.04712000000017724	epochs	2.0
1176.232039732971	0.023600000000215005	epochs	3.0
1176.2556397329713	0.023519999999962238	epochs	3.0
1176.2791597329713	0.04655999999999949	epochs	2.0
1176.2791597329713	0.02335999999991145	epochs	3.0
1176.3025197329712	0.02320000000008804	epochs	3.0
1176.3257197329713	0.04607999999984713	epochs	2.0
1176.3257197329713	0.023119999999835272	epochs	3.0
1176.348839732971	0.02296000000001186	epochs	3.0
1176.371799732971	0.04560000000014952	epochs	2.0
1176.371799732971	0.022879999999986467	epochs	3.0
1176.394679732971	0.022720000000163054	epochs	3.0
1176.4173997329713	0.04511999999999716	epochs	2.0
1176.4173997329713	0.022639999999910287	epochs	3.0
1176.4400397329712	0.022480000000086875	epochs	3.0
1176.4625197329713	0.044639999999844804	epochs	2.0
1176.4625197329713	0.022399999999834108	epochs	3.0
1176.484919732971	0.022240000000010696	epochs	3.0
1176.507159732971	0.044240000000172586	epochs	2.0
1176.507159732971	0.022159999999985303	epochs	3.0
1176.529319732971	0.022080000000187283	epochs	3.0
1176.5513997329713	0.04376000000002023	epochs	2.0
1176.5513997329713	0.021919999999909123	epochs	3.0
1176.5733197329712	0.021840000000111104	epochs	3.0
1176.5951597329713	0.04335999999989326	epochs	2.0
1176.5951597329713	0.021759999999858337	epochs	3.0
1176.6169197329712	0.021600000000034925	epochs	3.0
1176.6385197329712	0.04287999999996828	epochs	2.0
1176.6385197329712	0.02143999999998414	epochs	3.0
1176.6599597329712	0.02143999999998414	epochs	3.0
1176.6813997329712	0.042480000000068685	epochs	2.0
1176.6813997329712	0.021279999999933352	epochs	3.0
1176.702679732971	0.021200000000135333	epochs	3.0
1176.7238797329712	0.04207999999994172	epochs	2.0
1176.7238797329712	0.021039999999857173	epochs	3.0
1176.744919732971	0.021040000000084547	epochs	3.0
1176.7659597329712	0.04168000000004213	epochs	2.0
1176.7659597329712	0.02088000000003376	epochs	3.0
1176.7868397329712	0.020800000000008367	epochs	3.0
1176.8076397329712	0.04119999999988977	epochs	2.0
1176.8076397329712	0.02063999999995758	epochs	3.0
1176.8282797329712	0.020559999999932188	epochs	3.0
1176.848839732971	0.04088000000001557	epochs	2.0
1176.848839732971	0.020560000000159562	epochs	3.0
1176.8693997329713	0.02031999999985601	epochs	3.0
1176.8897197329711	0.04056000000014137	epochs	2.0
1176.8897197329711	0.020320000000083382	epochs	3.0
1176.9100397329712	0.02024000000005799	epochs	3.0
1176.9302797329713	0.04007999999998901	epochs	2.0
1176.9302797329713	0.020080000000007203	epochs	3.0
1176.9503597329713	0.01999999999998181	epochs	3.0
1176.9703597329712	0.03975999999988744	epochs	2.0
1176.9703597329712	0.019919999999956417	epochs	3.0
1176.9902797329712	0.019839999999931024	epochs	3.0
1177.0101197329711	0.03944000000001324	epochs	2.0
1177.0101197329711	0.019760000000133005	epochs	3.0
1177.0298797329713	0.019679999999880238	epochs	3.0
1177.0495597329711	0.03904000000011365	epochs	2.0
1177.0495597329711	0.019520000000056825	epochs	3.0
1177.0690797329712	0.019520000000056825	epochs	3.0
1177.0885997329713	0.038639999999986685	epochs	2.0
1177.0885997329713	0.01936000000000604	epochs	3.0
1177.1079597329713	0.019279999999980646	epochs	3.0
1177.1272397329712	0.038399999999910506	epochs	2.0
1177.1272397329712	0.019279999999980646	epochs	3.0
1177.1465197329712	0.01911999999992986	epochs	3.0
1177.1656397329712	0.038000000000010914	epochs	2.0
1177.1656397329712	0.01904000000013184	epochs	3.0
1177.1846797329713	0.018959999999879074	epochs	3.0
1177.2036397329712	0.03767999999990934	epochs	2.0
1177.2036397329712	0.018880000000081054	epochs	3.0
1177.2225197329713	0.018799999999828287	epochs	3.0
1177.241319732971	0.03736000000003514	epochs	2.0
1177.241319732971	0.018720000000030268	epochs	3.0
1177.260039732971	0.018640000000004875	epochs	3.0
1177.278679732971	0.037040000000160944	epochs	2.0
1177.278679732971	0.018559999999979482	epochs	3.0
1177.297239732971	0.018480000000181462	epochs	3.0
1177.3157197329713	0.036719999999832	epochs	2.0
1177.3157197329713	0.018399999999928696	epochs	3.0
1177.3341197329712	0.018319999999903303	epochs	3.0
1177.352439732971	0.03647999999998319	epochs	2.0
1177.352439732971	0.018240000000105283	epochs	3.0
1177.3706797329712	0.01823999999987791	epochs	3.0
1177.388919732971	0.0360800000000836	epochs	2.0
1177.388919732971	0.018080000000054497	epochs	3.0
1177.4069997329711	0.018000000000029104	epochs	3.0
1177.4249997329712	0.03584000000000742	epochs	2.0
1177.4249997329712	0.01792000000000371	epochs	3.0
1177.4429197329712	0.01792000000000371	epochs	3.0
1177.4608397329712	0.03551999999990585	epochs	2.0
1177.4608397329712	0.017759999999952925	epochs	3.0
1177.4785997329711	0.017759999999952925	epochs	3.0
1177.496359732971	0.03520000000003165	epochs	2.0
1177.496359732971	0.017680000000154905	epochs	3.0
1177.5140397329712	0.017519999999876745	epochs	3.0
1177.5315597329711	0.034960000000182845	epochs	2.0
1177.5315597329711	0.01752000000010412	epochs	3.0
1177.5490797329712	0.017440000000078726	epochs	3.0
1177.5665197329713	0.03471999999987929	epochs	2.0
1177.5665197329713	0.017439999999851352	epochs	3.0
1177.5839597329712	0.01728000000002794	epochs	3.0
1177.6012397329712	0.03440000000000509	epochs	2.0
1177.6012397329712	0.017200000000002547	epochs	3.0
1177.6184397329712	0.017200000000002547	epochs	3.0
1177.6356397329712	0.034159999999928914	epochs	2.0
1177.6356397329712	0.017119999999977153	epochs	3.0
1177.6527597329712	0.01703999999995176	epochs	3.0
1177.6697997329711	0.033840000000054715	epochs	2.0
1177.6697997329711	0.01696000000015374	epochs	3.0
1177.6867597329713	0.016879999999900974	epochs	3.0
1177.7036397329712	0.033599999999978536	epochs	2.0
1177.7036397329712	0.016800000000102955	epochs	3.0
1177.7204397329713	0.01679999999987558	epochs	3.0
1177.7372397329711	0.03336000000012973	epochs	2.0
1177.7372397329711	0.01672000000007756	epochs	3.0
1177.7539597329712	0.01664000000005217	epochs	3.0
1177.7705997329713	0.03311999999982618	epochs	2.0
1177.7705997329713	0.016560000000026776	epochs	3.0
1177.7871597329713	0.016559999999799402	epochs	3.0
1177.803719732971	0.03280000000017935	epochs	2.0
1177.803719732971	0.016400000000203363	epochs	3.0
1177.8201197329713	0.01639999999997599	epochs	3.0
1177.8365197329713	0.0325599999998758	epochs	2.0
1177.8365197329713	0.016319999999950596	epochs	3.0
1177.8528397329712	0.016239999999925203	epochs	3.0
1177.8690797329712	0.03240000000005239	epochs	2.0
1177.8690797329712	0.016239999999925203	epochs	3.0
1177.885319732971	0.016160000000127184	epochs	3.0
1177.9014797329712	0.032079999999950815	epochs	2.0
1177.9014797329712	0.016079999999874417	epochs	3.0
1177.917559732971	0.016000000000076398	epochs	3.0
1177.9335597329712	0.0319200000001274	epochs	2.0
1177.9335597329712	0.016000000000076398	epochs	3.0
1177.9495597329712	0.015920000000051004	epochs	3.0
1177.9654797329713	0.031599999999798456	epochs	2.0
1177.9654797329713	0.015839999999798238	epochs	3.0
1177.981319732971	0.01576000000000022	epochs	3.0
1177.997079732971	0.03144000000020242	epochs	2.0
1177.997079732971	0.01576000000000022	epochs	3.0
1178.012839732971	0.0156800000002022	epochs	3.0
1178.0285197329713	0.031199999999898864	epochs	2.0
1178.0285197329713	0.015599999999949432	epochs	3.0
1178.0441197329712	0.015599999999949432	epochs	3.0
1178.0597197329712	0.03096000000005006	epochs	2.0
1178.0597197329712	0.015519999999924039	epochs	3.0
1178.075239732971	0.01544000000012602	epochs	3.0
1178.0906797329712	0.03071999999997388	epochs	2.0
1178.0906797329712	0.015439999999898646	epochs	3.0
1178.1061197329711	0.015280000000075233	epochs	3.0
1178.1213997329712	0.030559999999923093	epochs	2.0
1178.1213997329712	0.015359999999873253	epochs	3.0
1178.136759732971	0.01520000000004984	epochs	3.0
1178.1519597329711	0.030320000000074288	epochs	2.0
1178.1519597329711	0.01520000000004984	epochs	3.0
1178.1671597329712	0.015120000000024447	epochs	3.0
1178.1822797329712	0.030079999999998108	epochs	2.0
1178.1822797329712	0.015120000000024447	epochs	3.0
1178.1973997329712	0.014959999999973661	epochs	3.0
1178.2123597329712	0.029919999999947322	epochs	2.0
1178.2123597329712	0.015039999999999054	epochs	3.0
1178.2273997329712	0.014879999999948268	epochs	3.0
1178.2422797329712	0.029680000000098516	epochs	2.0
1178.2422797329712	0.014879999999948268	epochs	3.0
1178.257159732971	0.014800000000150249	epochs	3.0
1178.2719597329713	0.02952000000004773	epochs	2.0
1178.2719597329713	0.014799999999922875	epochs	3.0
1178.2867597329712	0.014720000000124855	epochs	3.0
1178.3014797329713	0.02927999999997155	epochs	2.0
1178.3014797329713	0.014719999999897482	epochs	3.0
1178.3161997329712	0.01456000000007407	epochs	3.0
1178.3307597329713	0.029119999999920765	epochs	2.0
1178.3307597329713	0.014639999999872089	epochs	3.0
1178.3453997329711	0.014480000000048676	epochs	3.0
1178.3598797329712	0.028960000000097352	epochs	2.0
1178.3598797329712	0.014480000000048676	epochs	3.0
1178.3743597329712	0.014480000000048676	epochs	3.0
1178.3888397329713	0.02863999999999578	epochs	2.0
1178.3888397329713	0.01431999999999789	epochs	3.0
1178.4031597329713	0.01431999999999789	epochs	3.0
1178.4174797329713	0.028559999999970387	epochs	2.0
1178.4174797329713	0.01431999999999789	epochs	3.0
1178.4317997329713	0.014239999999972497	epochs	3.0
1178.4460397329713	0.028319999999894208	epochs	2.0
1178.4460397329713	0.014159999999947104	epochs	3.0
1178.4601997329712	0.014159999999947104	epochs	3.0
1178.4743597329712	0.028160000000070795	epochs	2.0
1178.4743597329712	0.014159999999947104	epochs	3.0
1178.488519732971	0.014000000000123691	epochs	3.0
1178.5025197329712	0.02800000000002001	epochs	2.0
1178.5025197329712	0.013999999999896318	epochs	3.0
1178.5165197329711	0.014000000000123691	epochs	3.0
1178.5305197329712	0.02775999999994383	epochs	2.0
1178.5305197329712	0.013919999999870925	epochs	3.0
1178.5444397329711	0.013840000000072905	epochs	3.0
1178.5582797329712	0.027679999999918437	epochs	2.0
1178.5582797329712	0.013840000000072905	epochs	3.0
1178.5721197329713	0.013839999999845531	epochs	3.0
1178.585959732971	0.02744000000006963	epochs	2.0
1178.585959732971	0.013760000000047512	epochs	3.0
1178.5997197329712	0.013680000000022119	epochs	3.0
1178.6133997329712	0.027280000000018845	epochs	2.0
1178.6133997329712	0.013680000000022119	epochs	3.0
1178.6270797329712	0.013599999999996726	epochs	3.0
1178.6406797329712	0.02711999999996806	epochs	2.0
1178.6406797329712	0.013519999999971333	epochs	3.0
1178.6541997329712	0.013599999999996726	epochs	3.0
1178.6677997329712	0.026880000000119253	epochs	2.0
1178.6677997329712	0.01343999999994594	epochs	3.0
1178.681239732971	0.013440000000173313	epochs	3.0
1178.6946797329713	0.026799999999866486	epochs	2.0
1178.6946797329713	0.01343999999994594	epochs	3.0
1178.7081197329712	0.013359999999920547	epochs	3.0
1178.7214797329711	0.02656000000001768	epochs	2.0
1178.7214797329711	0.013280000000122527	epochs	3.0
1178.7347597329713	0.013279999999895153	epochs	3.0
1178.7480397329712	0.026479999999992287	epochs	2.0
1178.7480397329712	0.013280000000122527	epochs	3.0
1178.7613197329713	0.01319999999986976	epochs	3.0
1178.7745197329712	0.026240000000143482	epochs	2.0
1178.7745197329712	0.013120000000071741	epochs	3.0
1178.7876397329712	0.013120000000071741	epochs	3.0
1178.8007597329713	0.026159999999890715	epochs	2.0
1178.8007597329713	0.013119999999844367	epochs	3.0
1178.8138797329711	0.013040000000046348	epochs	3.0
1178.8269197329712	0.026000000000067303	epochs	2.0
1178.8269197329712	0.013040000000046348	epochs	3.0
1178.8399597329712	0.012960000000020955	epochs	3.0
1178.8529197329713	0.025759999999991123	epochs	2.0
1178.8529197329713	0.012879999999995562	epochs	3.0
1178.8657997329713	0.012879999999995562	epochs	3.0
1178.8786797329712	0.02567999999996573	epochs	2.0
1178.8786797329712	0.012879999999995562	epochs	3.0
1178.8915597329712	0.012799999999970169	epochs	3.0
1178.9043597329712	0.025519999999914944	epochs	2.0
1178.9043597329712	0.012799999999970169	epochs	3.0
1178.9171597329712	0.012719999999944775	epochs	3.0
1178.9298797329711	0.02536000000009153	epochs	2.0
1178.9298797329711	0.01272000000017215	epochs	3.0
1178.9425997329713	0.012639999999919382	epochs	3.0
1178.9552397329712	0.025200000000040745	epochs	2.0
1178.9552397329712	0.012639999999919382	epochs	3.0
1178.9678797329711	0.012560000000121363	epochs	3.0
1178.9804397329713	0.0245599999998376	epochs	2.0
1179.0046797329712	0.5	epochs	-1.0
1179.004999732971	0.5399200000001656	epochs	1.0
1179.5449197329713	0.4600000000000364	epochs	0.0
1183.534999847412	0.09999999999990905	epochs	0.0
1183.534999847412	0.044959999999946376	epochs	1.0
1183.579959847412	0.010080000000016298	epochs	1.0
1183.590039847412	0.044959999999946376	epochs	1.0
1183.634999847412	2.0	epochs	0.0
1185.634999847412	21.51944000000003	epochs	0.0
1185.634999847412	1.0	epochs	1.0
1185.634999847412	0.5	epochs	-1.0
1186.134999847412	19.999680000000126	epochs	-1.0
1186.634999847412	20.0	epochs	1.0
1186.634999847412	8.000000002539309e-05	epochs	2.0
1186.635079847412	4.356719999999996	epochs	-1.0
1186.635079847412	1.9745600000001104	epochs	2.0
1186.635079847412	1.098560000000134	epochs	3.0
1187.7336398474122	0.8759999999999764	epochs	3.0
1188.6096398474122	1.3523999999999887	epochs	2.0
1188.6096398474122	0.7286400000000413	epochs	3.0
1189.3382798474122	0.6237599999999475	epochs	3.0
1189.9620398474121	1.0297599999998965	epochs	2.0
1189.9620398474121	0.5453600000000733	epochs	3.0
1190.5073998474122	0.4843999999998232	epochs	3.0
1190.991799847412	0.8317600000000311	epochs	2.0
1190.991799847412	0.435760000000073	epochs	3.0
1191.427559847412	0.39599999999995816	epochs	3.0
1191.823559847412	0.697840000000042	epochs	2.0
1191.823559847412	0.362880000000132	epochs	3.0
1192.1864398474122	0.33495999999991	epochs	3.0
1192.521399847412	0.6010400000000118	epochs	2.0
1192.521399847412	0.3108799999999974	epochs	3.0
1192.832279847412	0.2901600000000144	epochs	3.0
1193.1224398474121	0.5278399999999692	epochs	2.0
1193.1224398474121	0.2719199999999091	epochs	3.0
1193.394359847412	0.2559200000000601	epochs	3.0
1193.650279847412	0.47064000000000306	epochs	2.0
1193.650279847412	0.2416800000000876	epochs	3.0
1193.8919598474122	0.22895999999991545	epochs	3.0
1194.120919847412	0.42455999999992855	epochs	2.0
1194.120919847412	0.2174400000001242	epochs	3.0
1194.3383598474122	0.20711999999980435	epochs	3.0
1194.545479847412	0.3867200000001958	epochs	2.0
1194.545479847412	0.1976799999999912	epochs	3.0
1194.743159847412	0.1890400000002046	epochs	3.0
1194.9321998474122	0.3551199999999426	epochs	2.0
1194.9321998474122	0.1811999999999898	epochs	3.0
1195.1133998474122	0.17391999999995278	epochs	3.0
1195.2873198474122	0.3282400000000507	epochs	2.0
1195.2873198474122	0.16719999999986612	epochs	3.0
1195.454519847412	0.1610400000001846	epochs	3.0
1195.6155598474122	0.3051999999997861	epochs	2.0
1195.6155598474122	0.1552799999999479	epochs	3.0
1195.7708398474122	0.14991999999983818	epochs	3.0
1195.920759847412	0.28512000000000626	epochs	2.0
1195.920759847412	0.1448800000000574	epochs	3.0
1196.065639847412	0.14023999999994885	epochs	3.0
1196.205879847412	0.2675200000001041	epochs	2.0
1196.205879847412	0.13584000000014385	epochs	3.0
1196.3417198474122	0.13167999999996027	epochs	3.0
1196.473399847412	0.2520799999999781	epochs	2.0
1196.473399847412	0.12784000000010565	epochs	3.0
1196.6012398474122	0.12423999999987245	epochs	3.0
1196.725479847412	0.23816000000010717	epochs	2.0
1196.725479847412	0.1207200000001194	epochs	3.0
1196.8461998474122	0.11743999999998778	epochs	3.0
1196.9636398474122	0.22583999999983462	epochs	2.0
1196.9636398474122	0.11439999999993233	epochs	3.0
1197.0780398474121	0.11143999999990228	epochs	3.0
1197.189479847412	0.21464000000014494	epochs	2.0
1197.189479847412	0.1086400000001504	epochs	3.0
1197.2981198474122	0.10599999999999454	epochs	3.0
1197.4041198474122	0.20447999999987587	epochs	2.0
1197.4041198474122	0.10343999999986409	epochs	3.0
1197.507559847412	0.10104000000001179	epochs	3.0
1197.608599847412	0.1953600000001643	epochs	2.0
1197.608599847412	0.0987999999999829	epochs	3.0
1197.707399847412	0.09656000000018139	epochs	3.0
1197.8039598474122	0.18695999999999913	epochs	2.0
1197.8039598474122	0.09447999999997592	epochs	3.0
1197.8984398474122	0.09248000000002321	epochs	3.0
1197.9909198474122	0.17919999999980973	epochs	2.0
1197.9909198474122	0.09047999999984313	epochs	3.0
1198.081399847412	0.0887199999999666	epochs	3.0
1198.170119847412	0.17208000000005086	epochs	2.0
1198.170119847412	0.08688000000006468	epochs	3.0
1198.256999847412	0.08519999999998618	epochs	3.0
1198.342199847412	0.165520000000015	epochs	2.0
1198.342199847412	0.08359999999993306	epochs	3.0
1198.425799847412	0.08192000000008193	epochs	3.0
1198.507719847412	0.1595199999999295	epochs	2.0
1198.507719847412	0.0804800000000796	epochs	3.0
1198.5881998474122	0.0790399999998499	epochs	3.0
1198.667239847412	0.15376000000014756	epochs	2.0
1198.667239847412	0.07760000000007494	epochs	3.0
1198.744839847412	0.07616000000007261	epochs	3.0
1198.8209998474122	0.14855999999986125	epochs	2.0
1198.8209998474122	0.07495999999991909	epochs	3.0
1198.895959847412	0.07359999999994216	epochs	3.0
1198.969559847412	0.14368000000013126	epochs	2.0
1198.969559847412	0.0724800000000414	epochs	3.0
1199.042039847412	0.07120000000008986	epochs	3.0
1199.1132398474122	0.1390400000000227	epochs	2.0
1199.1132398474122	0.07007999999996173	epochs	3.0
1199.1833198474121	0.06896000000006097	epochs	3.0
1199.2522798474122	0.13472000000001572	epochs	2.0
1199.2522798474122	0.06791999999995824	epochs	3.0
1199.3201998474121	0.06680000000005748	epochs	3.0
1199.3869998474122	0.13071999999988293	epochs	2.0
1199.3869998474122	0.06583999999998014	epochs	3.0
1199.4528398474122	0.0648799999999028	epochs	3.0
1199.517719847412	0.1268000000000029	epochs	2.0
1199.517719847412	0.06384000000002743	epochs	3.0
1199.581559847412	0.06295999999997548	epochs	3.0
1199.644519847412	0.12328000000002248	epochs	2.0
1199.644519847412	0.06207999999992353	epochs	3.0
1199.706599847412	0.06120000000009895	epochs	3.0
1199.767799847412	0.11984000000006745	epochs	2.0
1199.767799847412	0.060320000000047	epochs	3.0
1199.8281198474122	0.059520000000020445	epochs	3.0
1199.8876398474122	0.11663999999996122	epochs	2.0
1199.8876398474122	0.05871999999999389	epochs	3.0
1199.9463598474122	0.05791999999996733	epochs	3.0
1200.0042798474121	0.11359999999990578	epochs	2.0
1200.0042798474121	0.05719999999996617	epochs	3.0
1200.061479847412	0.05639999999993961	epochs	3.0
1200.117879847412	0.1107200000001285	epochs	2.0
1200.117879847412	0.05568000000016582	epochs	3.0
1200.1735598474122	0.055039999999962674	epochs	3.0
1200.2285998474122	0.10791999999992186	epochs	2.0
1200.2285998474122	0.05423999999993612	epochs	3.0
1200.282839847412	0.05367999999998574	epochs	3.0
1200.336519847412	0.10527999999999338	epochs	2.0
1200.336519847412	0.052959999999984575	epochs	3.0
1200.389479847412	0.052320000000008804	epochs	3.0
1200.441799847412	0.10287999999991371	epochs	2.0
1200.441799847412	0.051760000000058426	epochs	3.0
1200.4935598474121	0.05111999999985528	epochs	3.0
1200.544679847412	0.10040000000003602	epochs	2.0
1200.544679847412	0.050480000000106884	epochs	3.0
1200.595159847412	0.04991999999992913	epochs	3.0
1200.645079847412	0.09824000000003252	epochs	2.0
1200.645079847412	0.049359999999978754	epochs	3.0
1200.694439847412	0.04888000000005377	epochs	3.0
1200.743319847412	0.09600000000000364	epochs	2.0
1200.743319847412	0.048240000000078	epochs	3.0
1200.7915598474121	0.04775999999992564	epochs	3.0
1200.839319847412	0.09392000000002554	epochs	2.0
1200.839319847412	0.04719999999997526	epochs	3.0
1200.886519847412	0.04672000000005028	epochs	3.0
1200.933239847412	0.09192000000007283	epochs	2.0
1200.933239847412	0.0461600000000999	epochs	3.0
1200.9793998474122	0.04575999999997293	epochs	3.0
1201.0251598474122	0.09007999999994354	epochs	2.0
1201.0251598474122	0.04528000000004795	epochs	3.0
1201.0704398474122	0.04479999999989559	epochs	3.0
1201.115239847412	0.08816000000001623	epochs	2.0
1201.115239847412	0.044319999999970605	epochs	3.0
1201.159559847412	0.04384000000004562	epochs	3.0
1201.2033998474121	0.08647999999993772	epochs	2.0
1201.2033998474121	0.043439999999918655	epochs	3.0
1201.246839847412	0.04304000000001906	epochs	3.0
1201.289879847412	0.08472000000006119	epochs	2.0
1201.289879847412	0.04256000000009408	epochs	3.0
1201.3324398474122	0.04215999999996711	epochs	3.0
1201.3745998474121	0.08320000000003347	epochs	2.0
1201.3745998474121	0.04176000000006752	epochs	3.0
1201.4163598474122	0.04143999999996595	epochs	3.0
1201.4577998474122	0.08151999999995496	epochs	2.0
1201.4577998474122	0.040960000000040964	epochs	3.0
1201.4987598474122	0.040559999999914	epochs	3.0
1201.5393198474121	0.08007999999995263	epochs	2.0
1201.5393198474121	0.0402400000000398	epochs	3.0
1201.5795598474122	0.039839999999912834	epochs	3.0
1201.619399847412	0.0786399999999503	epochs	2.0
1201.619399847412	0.039520000000038635	epochs	3.0
1201.658919847412	0.03911999999991167	epochs	3.0
1201.698039847412	0.07720000000017535	epochs	2.0
1201.698039847412	0.03880000000003747	epochs	3.0
1201.736839847412	0.03840000000013788	epochs	3.0
1201.7752398474122	0.07591999999999643	epochs	2.0
1201.7752398474122	0.038159999999834326	epochs	3.0
1201.813399847412	0.03776000000016211	epochs	3.0
1201.8511598474122	0.0745600000000195	epochs	2.0
1201.8511598474122	0.03743999999983316	epochs	3.0
1201.888599847412	0.03712000000018634	epochs	3.0
1201.9257198474122	0.07335999999986598	epochs	2.0
1201.9257198474122	0.03679999999985739	epochs	3.0
1201.962519847412	0.036560000000008586	epochs	3.0
1201.999079847412	0.07208000000014181	epochs	2.0
1201.999079847412	0.036160000000108994	epochs	3.0
1202.0352398474122	0.035920000000032815	epochs	3.0
1202.0711598474122	0.07087999999998829	epochs	2.0
1202.0711598474122	0.03559999999993124	epochs	3.0
1202.1067598474121	0.035280000000057044	epochs	3.0
1202.1420398474122	0.06983999999988555	epochs	2.0
1202.1420398474122	0.035039999999980864	epochs	3.0
1202.1770798474122	0.034799999999904685	epochs	3.0
1202.211879847412	0.0686399999999594	epochs	2.0
1202.211879847412	0.034480000000030486	epochs	3.0
1202.2463598474121	0.034159999999928914	epochs	3.0
1202.280519847412	0.06760000000008404	epochs	2.0
1202.280519847412	0.03392000000008011	epochs	3.0
1202.3144398474121	0.03368000000000393	epochs	3.0
1202.3481198474121	0.0665599999999813	epochs	2.0
1202.3481198474121	0.03343999999992775	epochs	3.0
1202.381559847412	0.03312000000005355	epochs	3.0
1202.4146798474121	0.06559999999990396	epochs	2.0
1202.4146798474121	0.032960000000002765	epochs	3.0
1202.4476398474121	0.03263999999990119	epochs	3.0
1202.480279847412	0.0645600000000286	epochs	2.0
1202.480279847412	0.03240000000005239	epochs	3.0
1202.512679847412	0.03215999999997621	epochs	3.0
1202.544839847412	0.06367999999997664	epochs	2.0
1202.544839847412	0.032000000000152795	epochs	3.0
1202.5768398474122	0.03167999999982385	epochs	3.0
1202.608519847412	0.06272000000012667	epochs	2.0
1202.608519847412	0.03143999999997504	epochs	3.0
1202.639959847412	0.03128000000015163	epochs	3.0
1202.6712398474122	0.06183999999984735	epochs	2.0
1202.6712398474122	0.031039999999848078	epochs	3.0
1202.702279847412	0.030799999999999272	epochs	3.0
1202.733079847412	0.060960000000022774	epochs	2.0
1202.733079847412	0.030560000000150467	epochs	3.0
1202.7636398474122	0.030399999999872307	epochs	3.0
1202.794039847412	0.060159999999996217	epochs	2.0
1202.794039847412	0.0301600000000235	epochs	3.0
1202.824199847412	0.029999999999972715	epochs	3.0
1202.854199847412	0.05928000000017164	epochs	2.0
1202.854199847412	0.029680000000098516	epochs	3.0
1202.8838798474121	0.029600000000073123	epochs	3.0
1202.9134798474122	0.05847999999991771	epochs	2.0
1202.9134798474122	0.029359999999996944	epochs	3.0
1202.9428398474122	0.029119999999920765	epochs	3.0
1202.971959847412	0.057759999999916545	epochs	2.0
1202.971959847412	0.028960000000097352	epochs	3.0
1203.0009198474122	0.028799999999819192	epochs	3.0
1203.029719847412	0.05696000000011736	epochs	2.0
1203.029719847412	0.028559999999970387	epochs	3.0
1203.058279847412	0.028400000000146974	epochs	3.0
1203.0866798474121	0.05623999999988882	epochs	2.0
1203.0866798474121	0.028160000000070795	epochs	3.0
1203.1148398474122	0.02807999999981803	epochs	3.0
1203.142919847412	0.05544000000008964	epochs	2.0
1203.142919847412	0.027839999999969223	epochs	3.0
1203.170759847412	0.027600000000120417	epochs	3.0
1203.1983598474121	0.05487999999991189	epochs	2.0
1203.1983598474121	0.027520000000095024	epochs	3.0
1203.2258798474122	0.027359999999816864	epochs	3.0
1203.253239847412	0.054080000000112705	epochs	2.0
1203.253239847412	0.02711999999996806	epochs	3.0
1203.280359847412	0.026960000000144646	epochs	3.0
1203.3073198474121	0.05343999999990956	epochs	2.0
1203.3073198474121	0.026799999999866486	epochs	3.0
1203.334119847412	0.026640000000043074	epochs	3.0
1203.360759847412	0.05287999999995918	epochs	2.0
1203.360759847412	0.026479999999992287	epochs	3.0
1203.387239847412	0.026399999999966894	epochs	3.0
1203.413639847412	0.05216000000018539	epochs	2.0
1203.413639847412	0.02616000000011809	epochs	3.0
1203.4397998474121	0.026000000000067303	epochs	3.0
1203.4657998474122	0.05151999999998225	epochs	2.0
1203.4657998474122	0.025840000000016516	epochs	3.0
1203.4916398474122	0.02567999999996573	epochs	3.0
1203.5173198474122	0.05096000000003187	epochs	2.0
1203.5173198474122	0.025599999999940337	epochs	3.0
1203.5429198474121	0.02536000000009153	epochs	3.0
1203.5682798474122	0.05039999999985412	epochs	2.0
1203.5682798474122	0.025279999999838765	epochs	3.0
1203.593559847412	0.025120000000015352	epochs	3.0
1203.618679847412	0.04976000000010572	epochs	2.0
1203.618679847412	0.024959999999964566	epochs	3.0
1203.643639847412	0.024800000000141154	epochs	3.0
1203.6684398474122	0.04919999999992797	epochs	2.0
1203.6684398474122	0.024639999999862994	epochs	3.0
1203.693079847412	0.024560000000064974	epochs	3.0
1203.717639847412	0.04872000000000298	epochs	2.0
1203.717639847412	0.024400000000014188	epochs	3.0
1203.7420398474121	0.024319999999988795	epochs	3.0
1203.766359847412	0.04808000000002721	epochs	2.0
1203.766359847412	0.024079999999912616	epochs	3.0
1203.790439847412	0.024000000000114596	epochs	3.0
1203.8144398474121	0.047599999999874854	epochs	2.0
1203.8144398474121	0.02384000000006381	epochs	3.0
1203.8382798474122	0.023759999999811043	epochs	3.0
1203.862039847412	0.04712000000017724	epochs	2.0
1203.862039847412	0.023600000000215005	epochs	3.0
1203.8856398474122	0.023519999999962238	epochs	3.0
1203.9091598474122	0.04655999999999949	epochs	2.0
1203.9091598474122	0.02335999999991145	epochs	3.0
1203.932519847412	0.02320000000008804	epochs	3.0
1203.9557198474122	0.04607999999984713	epochs	2.0
1203.9557198474122	0.023119999999835272	epochs	3.0
1203.978839847412	0.02296000000001186	epochs	3.0
1204.001799847412	0.04560000000014952	epochs	2.0
1204.001799847412	0.022879999999986467	epochs	3.0
1204.024679847412	0.022720000000163054	epochs	3.0
1204.0473998474122	0.04511999999999716	epochs	2.0
1204.0473998474122	0.022639999999910287	epochs	3.0
1204.070039847412	0.022480000000086875	epochs	3.0
1204.0925198474122	0.044639999999844804	epochs	2.0
1204.0925198474122	0.022399999999834108	epochs	3.0
1204.114919847412	0.022240000000010696	epochs	3.0
1204.137159847412	0.044240000000172586	epochs	2.0
1204.137159847412	0.022159999999985303	epochs	3.0
1204.159319847412	0.022080000000187283	epochs	3.0
1204.1813998474122	0.04376000000002023	epochs	2.0
1204.1813998474122	0.021919999999909123	epochs	3.0
1204.203319847412	0.021840000000111104	epochs	3.0
1204.2251598474122	0.04335999999989326	epochs	2.0
1204.2251598474122	0.021759999999858337	epochs	3.0
1204.246919847412	0.021600000000034925	epochs	3.0
1204.268519847412	0.04287999999996828	epochs	2.0
1204.268519847412	0.02143999999998414	epochs	3.0
1204.289959847412	0.02143999999998414	epochs	3.0
1204.311399847412	0.042480000000068685	epochs	2.0
1204.311399847412	0.021279999999933352	epochs	3.0
1204.332679847412	0.021200000000135333	epochs	3.0
1204.3538798474121	0.04207999999994172	epochs	2.0
1204.3538798474121	0.021039999999857173	epochs	3.0
1204.374919847412	0.021040000000084547	epochs	3.0
1204.395959847412	0.04168000000004213	epochs	2.0
1204.395959847412	0.02088000000003376	epochs	3.0
1204.4168398474121	0.020800000000008367	epochs	3.0
1204.4376398474121	0.04119999999988977	epochs	2.0
1204.4376398474121	0.02063999999995758	epochs	3.0
1204.458279847412	0.020559999999932188	epochs	3.0
1204.478839847412	0.04088000000001557	epochs	2.0
1204.478839847412	0.020560000000159562	epochs	3.0
1204.4993998474122	0.02031999999985601	epochs	3.0
1204.519719847412	0.04056000000014137	epochs	2.0
1204.519719847412	0.020320000000083382	epochs	3.0
1204.5400398474121	0.02024000000005799	epochs	3.0
1204.5602798474122	0.04007999999998901	epochs	2.0
1204.5602798474122	0.020080000000007203	epochs	3.0
1204.5803598474122	0.01999999999998181	epochs	3.0
1204.6003598474122	0.03975999999988744	epochs	2.0
1204.6003598474122	0.019919999999956417	epochs	3.0
1204.6202798474121	0.019839999999931024	epochs	3.0
1204.640119847412	0.03944000000001324	epochs	2.0
1204.640119847412	0.019760000000133005	epochs	3.0
1204.6598798474122	0.019679999999880238	epochs	3.0
1204.679559847412	0.03904000000011365	epochs	2.0
1204.679559847412	0.019520000000056825	epochs	3.0
1204.6990798474121	0.019520000000056825	epochs	3.0
1204.7185998474122	0.038639999999986685	epochs	2.0
1204.7185998474122	0.01936000000000604	epochs	3.0
1204.7379598474122	0.019279999999980646	epochs	3.0
1204.7572398474122	0.038399999999910506	epochs	2.0
1204.7572398474122	0.019279999999980646	epochs	3.0
1204.7765198474121	0.01911999999992986	epochs	3.0
1204.795639847412	0.038000000000010914	epochs	2.0
1204.795639847412	0.01904000000013184	epochs	3.0
1204.8146798474122	0.018959999999879074	epochs	3.0
1204.833639847412	0.03767999999990934	epochs	2.0
1204.833639847412	0.018880000000081054	epochs	3.0
1204.8525198474122	0.018799999999828287	epochs	3.0
1204.871319847412	0.03736000000003514	epochs	2.0
1204.871319847412	0.018720000000030268	epochs	3.0
1204.890039847412	0.018640000000004875	epochs	3.0
1204.908679847412	0.037040000000160944	epochs	2.0
1204.908679847412	0.018559999999979482	epochs	3.0
1204.927239847412	0.018480000000181462	epochs	3.0
1204.9457198474122	0.036719999999832	epochs	2.0
1204.9457198474122	0.018399999999928696	epochs	3.0
1204.9641198474121	0.018319999999903303	epochs	3.0
1204.982439847412	0.03647999999998319	epochs	2.0
1204.982439847412	0.018240000000105283	epochs	3.0
1205.0006798474121	0.01823999999987791	epochs	3.0
1205.018919847412	0.0360800000000836	epochs	2.0
1205.018919847412	0.018080000000054497	epochs	3.0
1205.036999847412	0.018000000000029104	epochs	3.0
1205.054999847412	0.03584000000000742	epochs	2.0
1205.054999847412	0.01792000000000371	epochs	3.0
1205.072919847412	0.01792000000000371	epochs	3.0
1205.090839847412	0.03551999999990585	epochs	2.0
1205.090839847412	0.017759999999952925	epochs	3.0
1205.108599847412	0.017759999999952925	epochs	3.0
1205.126359847412	0.03520000000003165	epochs	2.0
1205.126359847412	0.017680000000154905	epochs	3.0
1205.1440398474122	0.017519999999876745	epochs	3.0
1205.161559847412	0.034960000000182845	epochs	2.0
1205.161559847412	0.01752000000010412	epochs	3.0
1205.1790798474121	0.017440000000078726	epochs	3.0
1205.1965198474122	0.03471999999987929	epochs	2.0
1205.1965198474122	0.017439999999851352	epochs	3.0
1205.213959847412	0.01728000000002794	epochs	3.0
1205.231239847412	0.03440000000000509	epochs	2.0
1205.231239847412	0.017200000000002547	epochs	3.0
1205.248439847412	0.017200000000002547	epochs	3.0
1205.265639847412	0.034159999999928914	epochs	2.0
1205.265639847412	0.017119999999977153	epochs	3.0
1205.282759847412	0.01703999999995176	epochs	3.0
1205.299799847412	0.033840000000054715	epochs	2.0
1205.299799847412	0.01696000000015374	epochs	3.0
1205.3167598474122	0.016879999999900974	epochs	3.0
1205.333639847412	0.033599999999978536	epochs	2.0
1205.333639847412	0.016800000000102955	epochs	3.0
1205.3504398474122	0.01679999999987558	epochs	3.0
1205.367239847412	0.03336000000012973	epochs	2.0
1205.367239847412	0.01672000000007756	epochs	3.0
1205.3839598474121	0.01664000000005217	epochs	3.0
1205.4005998474122	0.03311999999982618	epochs	2.0
1205.4005998474122	0.016560000000026776	epochs	3.0
1205.4171598474122	0.016559999999799402	epochs	3.0
1205.433719847412	0.03280000000017935	epochs	2.0
1205.433719847412	0.016400000000203363	epochs	3.0
1205.4501198474122	0.01639999999997599	epochs	3.0
1205.4665198474122	0.0325599999998758	epochs	2.0
1205.4665198474122	0.016319999999950596	epochs	3.0
1205.4828398474122	0.016239999999925203	epochs	3.0
1205.499079847412	0.03240000000005239	epochs	2.0
1205.499079847412	0.016239999999925203	epochs	3.0
1205.515319847412	0.016160000000127184	epochs	3.0
1205.5314798474121	0.032079999999950815	epochs	2.0
1205.5314798474121	0.016079999999874417	epochs	3.0
1205.547559847412	0.016000000000076398	epochs	3.0
1205.563559847412	0.0319200000001274	epochs	2.0
1205.563559847412	0.016000000000076398	epochs	3.0
1205.5795598474122	0.015920000000051004	epochs	3.0
1205.5954798474122	0.031599999999798456	epochs	2.0
1205.5954798474122	0.015839999999798238	epochs	3.0
1205.611319847412	0.01576000000000022	epochs	3.0
1205.627079847412	0.03144000000020242	epochs	2.0
1205.627079847412	0.01576000000000022	epochs	3.0
1205.642839847412	0.0156800000002022	epochs	3.0
1205.6585198474122	0.031199999999898864	epochs	2.0
1205.6585198474122	0.015599999999949432	epochs	3.0
1205.6741198474122	0.015599999999949432	epochs	3.0
1205.689719847412	0.03096000000005006	epochs	2.0
1205.689719847412	0.015519999999924039	epochs	3.0
1205.705239847412	0.01544000000012602	epochs	3.0
1205.7206798474122	0.03071999999997388	epochs	2.0
1205.7206798474122	0.015439999999898646	epochs	3.0
1205.736119847412	0.015280000000075233	epochs	3.0
1205.7513998474121	0.030559999999923093	epochs	2.0
1205.7513998474121	0.015359999999873253	epochs	3.0
1205.766759847412	0.01520000000004984	epochs	3.0
1205.781959847412	0.030320000000074288	epochs	2.0
1205.781959847412	0.01520000000004984	epochs	3.0
1205.797159847412	0.015120000000024447	epochs	3.0
1205.8122798474121	0.030079999999998108	epochs	2.0
1205.8122798474121	0.015120000000024447	epochs	3.0
1205.8273998474122	0.014959999999973661	epochs	3.0
1205.8423598474121	0.029919999999947322	epochs	2.0
1205.8423598474121	0.015039999999999054	epochs	3.0
1205.8573998474121	0.014879999999948268	epochs	3.0
1205.872279847412	0.029680000000098516	epochs	2.0
1205.872279847412	0.014879999999948268	epochs	3.0
1205.887159847412	0.014800000000150249	epochs	3.0
1205.9019598474122	0.02952000000004773	epochs	2.0
1205.9019598474122	0.014799999999922875	epochs	3.0
1205.916759847412	0.014720000000124855	epochs	3.0
1205.9314798474122	0.02927999999997155	epochs	2.0
1205.9314798474122	0.014719999999897482	epochs	3.0
1205.9461998474121	0.01456000000007407	epochs	3.0
1205.9607598474122	0.029119999999920765	epochs	2.0
1205.9607598474122	0.014639999999872089	epochs	3.0
1205.975399847412	0.014480000000048676	epochs	3.0
1205.989879847412	0.028960000000097352	epochs	2.0
1205.989879847412	0.014480000000048676	epochs	3.0
1206.0043598474122	0.014480000000048676	epochs	3.0
1206.0188398474122	0.02863999999999578	epochs	2.0
1206.0188398474122	0.01431999999999789	epochs	3.0
1206.0331598474122	0.01431999999999789	epochs	3.0
1206.0474798474122	0.028559999999970387	epochs	2.0
1206.0474798474122	0.01431999999999789	epochs	3.0
1206.0617998474122	0.014239999999972497	epochs	3.0
1206.0760398474122	0.028319999999894208	epochs	2.0
1206.0760398474122	0.014159999999947104	epochs	3.0
1206.0901998474121	0.014159999999947104	epochs	3.0
1206.104359847412	0.028160000000070795	epochs	2.0
1206.104359847412	0.014159999999947104	epochs	3.0
1206.118519847412	0.014000000000123691	epochs	3.0
1206.1325198474121	0.02800000000002001	epochs	2.0
1206.1325198474121	0.013999999999896318	epochs	3.0
1206.146519847412	0.014000000000123691	epochs	3.0
1206.1605198474122	0.02775999999994383	epochs	2.0
1206.1605198474122	0.013919999999870925	epochs	3.0
1206.174439847412	0.013840000000072905	epochs	3.0
1206.188279847412	0.027679999999918437	epochs	2.0
1206.188279847412	0.013840000000072905	epochs	3.0
1206.2021198474122	0.013839999999845531	epochs	3.0
1206.215959847412	0.02744000000006963	epochs	2.0
1206.215959847412	0.013760000000047512	epochs	3.0
1206.229719847412	0.013680000000022119	epochs	3.0
1206.243399847412	0.027280000000018845	epochs	2.0
1206.243399847412	0.013680000000022119	epochs	3.0
1206.2570798474121	0.013599999999996726	epochs	3.0
1206.270679847412	0.02711999999996806	epochs	2.0
1206.270679847412	0.013519999999971333	epochs	3.0
1206.284199847412	0.013599999999996726	epochs	3.0
1206.297799847412	0.026880000000119253	epochs	2.0
1206.297799847412	0.01343999999994594	epochs	3.0
1206.311239847412	0.013440000000173313	epochs	3.0
1206.3246798474122	0.026799999999866486	epochs	2.0
1206.3246798474122	0.01343999999994594	epochs	3.0
1206.3381198474121	0.013359999999920547	epochs	3.0
1206.351479847412	0.02656000000001768	epochs	2.0
1206.351479847412	0.013280000000122527	epochs	3.0
1206.3647598474122	0.013279999999895153	epochs	3.0
1206.378039847412	0.026479999999992287	epochs	2.0
1206.378039847412	0.013280000000122527	epochs	3.0
1206.3913198474122	0.01319999999986976	epochs	3.0
1206.404519847412	0.026240000000143482	epochs	2.0
1206.404519847412	0.013120000000071741	epochs	3.0
1206.4176398474121	0.013120000000071741	epochs	3.0
1206.4307598474122	0.026159999999890715	epochs	2.0
1206.4307598474122	0.013119999999844367	epochs	3.0
1206.443879847412	0.013040000000046348	epochs	3.0
1206.456919847412	0.026000000000067303	epochs	2.0
1206.456919847412	0.013040000000046348	epochs	3.0
1206.4699598474122	0.012960000000020955	epochs	3.0
1206.4829198474122	0.025759999999991123	epochs	2.0
1206.4829198474122	0.012879999999995562	epochs	3.0
1206.4957998474122	0.012879999999995562	epochs	3.0
1206.5086798474122	0.02567999999996573	epochs	2.0
1206.5086798474122	0.012879999999995562	epochs	3.0
1206.5215598474122	0.012799999999970169	epochs	3.0
1206.5343598474121	0.025519999999914944	epochs	2.0
1206.5343598474121	0.012799999999970169	epochs	3.0
1206.547159847412	0.012719999999944775	epochs	3.0
1206.559879847412	0.02536000000009153	epochs	2.0
1206.559879847412	0.01272000000017215	epochs	3.0
1206.5725998474122	0.012639999999919382	epochs	3.0
1206.5852398474121	0.025200000000040745	epochs	2.0
1206.5852398474121	0.012639999999919382	epochs	3.0
1206.597879847412	0.012560000000121363	epochs	3.0
1206.6104398474122	0.0245599999998376	epochs	2.0
1206.6346798474121	0.5	epochs	-1.0
1206.634999847412	0.5194400000000314	epochs	1.0
1207.154439847412	0.48048000000017055	epochs	0.0
1211.1369996070862	0.09999999999990905	epochs	0.0
1211.1369996070862	0.044959999999946376	epochs	1.0
1211.1819596070861	0.010080000000016298	epochs	1.0
1211.1920396070861	0.044959999999946376	epochs	1.0
1211.236999607086	2.0	epochs	0.0
1213.236999607086	21.999920000000202	epochs	0.0
1213.236999607086	1.0	epochs	1.0
1213.236999607086	0.5	epochs	-1.0
1213.736999607086	19.999680000000126	epochs	-1.0
1214.236999607086	20.0	epochs	1.0
1214.236999607086	8.000000002539309e-05	epochs	2.0
1214.2370796070861	4.356719999999996	epochs	-1.0
1214.2370796070861	1.9745600000001104	epochs	2.0
1214.2370796070861	1.098560000000134	epochs	3.0
1215.3356396070863	0.8759999999999764	epochs	3.0
1216.2116396070862	1.3523999999999887	epochs	2.0
1216.2116396070862	0.7286400000000413	epochs	3.0
1216.9402796070863	0.6237599999999475	epochs	3.0
1217.5640396070862	1.0297599999998965	epochs	2.0
1217.5640396070862	0.5453600000000733	epochs	3.0
1218.1093996070863	0.4843999999998232	epochs	3.0
1218.593799607086	0.8317600000000311	epochs	2.0
1218.593799607086	0.435760000000073	epochs	3.0
1219.0295596070862	0.39599999999995816	epochs	3.0
1219.4255596070861	0.697840000000042	epochs	2.0
1219.4255596070861	0.362880000000132	epochs	3.0
1219.7884396070863	0.33495999999991	epochs	3.0
1220.1233996070862	0.6010400000000118	epochs	2.0
1220.1233996070862	0.3108799999999974	epochs	3.0
1220.4342796070862	0.2901600000000144	epochs	3.0
1220.7244396070862	0.5278399999999692	epochs	2.0
1220.7244396070862	0.2719199999999091	epochs	3.0
1220.996359607086	0.2559200000000601	epochs	3.0
1221.2522796070862	0.47064000000000306	epochs	2.0
1221.2522796070862	0.2416800000000876	epochs	3.0
1221.4939596070863	0.22895999999991545	epochs	3.0
1221.7229196070862	0.42455999999992855	epochs	2.0
1221.7229196070862	0.2174400000001242	epochs	3.0
1221.9403596070863	0.20711999999980435	epochs	3.0
1222.147479607086	0.3867200000001958	epochs	2.0
1222.147479607086	0.1976799999999912	epochs	3.0
1222.345159607086	0.1890400000002046	epochs	3.0
1222.5341996070863	0.3551199999999426	epochs	2.0
1222.5341996070863	0.1811999999999898	epochs	3.0
1222.7153996070863	0.17391999999995278	epochs	3.0
1222.8893196070862	0.3282400000000507	epochs	2.0
1222.8893196070862	0.16719999999986612	epochs	3.0
1223.056519607086	0.1610400000001846	epochs	3.0
1223.2175596070863	0.3051999999997861	epochs	2.0
1223.2175596070863	0.1552799999999479	epochs	3.0
1223.3728396070862	0.14991999999983818	epochs	3.0
1223.522759607086	0.28512000000000626	epochs	2.0
1223.522759607086	0.1448800000000574	epochs	3.0
1223.6676396070861	0.14023999999994885	epochs	3.0
1223.807879607086	0.2675200000001041	epochs	2.0
1223.807879607086	0.13584000000014385	epochs	3.0
1223.9437196070862	0.13167999999996027	epochs	3.0
1224.0753996070862	0.2520799999999781	epochs	2.0
1224.0753996070862	0.12784000000010565	epochs	3.0
1224.2032396070863	0.12423999999987245	epochs	3.0
1224.3274796070862	0.23816000000010717	epochs	2.0
1224.3274796070862	0.1207200000001194	epochs	3.0
1224.4481996070863	0.11743999999998778	epochs	3.0
1224.5656396070863	0.22583999999983462	epochs	2.0
1224.5656396070863	0.11439999999993233	epochs	3.0
1224.6800396070862	0.11143999999990228	epochs	3.0
1224.791479607086	0.21464000000014494	epochs	2.0
1224.791479607086	0.1086400000001504	epochs	3.0
1224.9001196070863	0.10599999999999454	epochs	3.0
1225.0061196070862	0.20447999999987587	epochs	2.0
1225.0061196070862	0.10343999999986409	epochs	3.0
1225.109559607086	0.10104000000001179	epochs	3.0
1225.2105996070861	0.1953600000001643	epochs	2.0
1225.2105996070861	0.0987999999999829	epochs	3.0
1225.309399607086	0.09656000000018139	epochs	3.0
1225.4059596070863	0.18695999999999913	epochs	2.0
1225.4059596070863	0.09447999999997592	epochs	3.0
1225.5004396070863	0.09248000000002321	epochs	3.0
1225.5929196070863	0.17919999999980973	epochs	2.0
1225.5929196070863	0.09047999999984313	epochs	3.0
1225.6833996070861	0.0887199999999666	epochs	3.0
1225.772119607086	0.17208000000005086	epochs	2.0
1225.772119607086	0.08688000000006468	epochs	3.0
1225.8589996070862	0.08519999999998618	epochs	3.0
1225.9441996070861	0.165520000000015	epochs	2.0
1225.9441996070861	0.08359999999993306	epochs	3.0
1226.027799607086	0.08192000000008193	epochs	3.0
1226.1097196070862	0.1595199999999295	epochs	2.0
1226.1097196070862	0.0804800000000796	epochs	3.0
1226.1901996070862	0.0790399999998499	epochs	3.0
1226.269239607086	0.15376000000014756	epochs	2.0
1226.269239607086	0.07760000000007494	epochs	3.0
1226.3468396070862	0.07616000000007261	epochs	3.0
1226.4229996070862	0.14855999999986125	epochs	2.0
1226.4229996070862	0.07495999999991909	epochs	3.0
1226.4979596070862	0.07359999999994216	epochs	3.0
1226.571559607086	0.14368000000013126	epochs	2.0
1226.571559607086	0.0724800000000414	epochs	3.0
1226.6440396070861	0.07120000000008986	epochs	3.0
1226.7152396070862	0.1390400000000227	epochs	2.0
1226.7152396070862	0.07007999999996173	epochs	3.0
1226.7853196070862	0.06896000000006097	epochs	3.0
1226.8542796070863	0.13472000000001572	epochs	2.0
1226.8542796070863	0.06791999999995824	epochs	3.0
1226.9221996070862	0.06680000000005748	epochs	3.0
1226.9889996070863	0.13071999999988293	epochs	2.0
1226.9889996070863	0.06583999999998014	epochs	3.0
1227.0548396070863	0.0648799999999028	epochs	3.0
1227.1197196070862	0.1268000000000029	epochs	2.0
1227.1197196070862	0.06384000000002743	epochs	3.0
1227.1835596070862	0.06295999999997548	epochs	3.0
1227.2465196070862	0.12328000000002248	epochs	2.0
1227.2465196070862	0.06207999999992353	epochs	3.0
1227.308599607086	0.06120000000009895	epochs	3.0
1227.3697996070862	0.11984000000006745	epochs	2.0
1227.3697996070862	0.060320000000047	epochs	3.0
1227.4301196070862	0.059520000000020445	epochs	3.0
1227.4896396070862	0.11663999999996122	epochs	2.0
1227.4896396070862	0.05871999999999389	epochs	3.0
1227.5483596070862	0.05791999999996733	epochs	3.0
1227.6062796070862	0.11359999999990578	epochs	2.0
1227.6062796070862	0.05719999999996617	epochs	3.0
1227.6634796070862	0.05639999999993961	epochs	3.0
1227.719879607086	0.1107200000001285	epochs	2.0
1227.719879607086	0.05568000000016582	epochs	3.0
1227.7755596070863	0.055039999999962674	epochs	3.0
1227.8305996070862	0.10791999999992186	epochs	2.0
1227.8305996070862	0.05423999999993612	epochs	3.0
1227.8848396070862	0.05367999999998574	epochs	3.0
1227.9385196070862	0.10527999999999338	epochs	2.0
1227.9385196070862	0.052959999999984575	epochs	3.0
1227.9914796070861	0.052320000000008804	epochs	3.0
1228.0437996070862	0.10287999999991371	epochs	2.0
1228.0437996070862	0.051760000000058426	epochs	3.0
1228.0955596070862	0.05111999999985528	epochs	3.0
1228.146679607086	0.10040000000003602	epochs	2.0
1228.146679607086	0.050480000000106884	epochs	3.0
1228.1971596070862	0.04991999999992913	epochs	3.0
1228.247079607086	0.09824000000003252	epochs	2.0
1228.247079607086	0.049359999999978754	epochs	3.0
1228.296439607086	0.04888000000005377	epochs	3.0
1228.3453196070861	0.09600000000000364	epochs	2.0
1228.3453196070861	0.048240000000078	epochs	3.0
1228.3935596070862	0.04775999999992564	epochs	3.0
1228.4413196070861	0.09392000000002554	epochs	2.0
1228.4413196070861	0.04719999999997526	epochs	3.0
1228.4885196070861	0.04672000000005028	epochs	3.0
1228.5352396070862	0.09192000000007283	epochs	2.0
1228.5352396070862	0.0461600000000999	epochs	3.0
1228.5813996070863	0.04575999999997293	epochs	3.0
1228.6271596070862	0.09007999999994354	epochs	2.0
1228.6271596070862	0.04528000000004795	epochs	3.0
1228.6724396070863	0.04479999999989559	epochs	3.0
1228.7172396070862	0.08816000000001623	epochs	2.0
1228.7172396070862	0.044319999999970605	epochs	3.0
1228.7615596070862	0.04384000000004562	epochs	3.0
1228.8053996070862	0.08647999999993772	epochs	2.0
1228.8053996070862	0.043439999999918655	epochs	3.0
1228.8488396070861	0.04304000000001906	epochs	3.0
1228.8918796070861	0.08472000000006119	epochs	2.0
1228.8918796070861	0.04256000000009408	epochs	3.0
1228.9344396070862	0.04215999999996711	epochs	3.0
1228.9765996070862	0.08320000000003347	epochs	2.0
1228.9765996070862	0.04176000000006752	epochs	3.0
1229.0183596070863	0.04143999999996595	epochs	3.0
1229.0597996070862	0.08151999999995496	epochs	2.0
1229.0597996070862	0.040960000000040964	epochs	3.0
1229.1007596070863	0.040559999999914	epochs	3.0
1229.1413196070862	0.08007999999995263	epochs	2.0
1229.1413196070862	0.0402400000000398	epochs	3.0
1229.1815596070862	0.039839999999912834	epochs	3.0
1229.2213996070861	0.0786399999999503	epochs	2.0
1229.2213996070861	0.039520000000038635	epochs	3.0
1229.2609196070862	0.03911999999991167	epochs	3.0
1229.300039607086	0.07720000000017535	epochs	2.0
1229.300039607086	0.03880000000003747	epochs	3.0
1229.3388396070861	0.03840000000013788	epochs	3.0
1229.3772396070863	0.07591999999999643	epochs	2.0
1229.3772396070863	0.038159999999834326	epochs	3.0
1229.415399607086	0.03776000000016211	epochs	3.0
1229.4531596070863	0.0745600000000195	epochs	2.0
1229.4531596070863	0.03743999999983316	epochs	3.0
1229.490599607086	0.03712000000018634	epochs	3.0
1229.5277196070863	0.07335999999986598	epochs	2.0
1229.5277196070863	0.03679999999985739	epochs	3.0
1229.5645196070861	0.036560000000008586	epochs	3.0
1229.6010796070861	0.07208000000014181	epochs	2.0
1229.6010796070861	0.036160000000108994	epochs	3.0
1229.6372396070863	0.035920000000032815	epochs	3.0
1229.6731596070863	0.07087999999998829	epochs	2.0
1229.6731596070863	0.03559999999993124	epochs	3.0
1229.7087596070862	0.035280000000057044	epochs	3.0
1229.7440396070863	0.06983999999988555	epochs	2.0
1229.7440396070863	0.035039999999980864	epochs	3.0
1229.7790796070863	0.034799999999904685	epochs	3.0
1229.8138796070862	0.0686399999999594	epochs	2.0
1229.8138796070862	0.034480000000030486	epochs	3.0
1229.8483596070862	0.034159999999928914	epochs	3.0
1229.8825196070861	0.06760000000008404	epochs	2.0
1229.8825196070861	0.03392000000008011	epochs	3.0
1229.9164396070862	0.03368000000000393	epochs	3.0
1229.9501196070862	0.0665599999999813	epochs	2.0
1229.9501196070862	0.03343999999992775	epochs	3.0
1229.9835596070861	0.03312000000005355	epochs	3.0
1230.0166796070862	0.06559999999990396	epochs	2.0
1230.0166796070862	0.032960000000002765	epochs	3.0
1230.0496396070862	0.03263999999990119	epochs	3.0
1230.082279607086	0.0645600000000286	epochs	2.0
1230.082279607086	0.03240000000005239	epochs	3.0
1230.1146796070861	0.03215999999997621	epochs	3.0
1230.1468396070861	0.06367999999997664	epochs	2.0
1230.1468396070861	0.032000000000152795	epochs	3.0
1230.1788396070863	0.03167999999982385	epochs	3.0
1230.210519607086	0.06272000000012667	epochs	2.0
1230.210519607086	0.03143999999997504	epochs	3.0
1230.241959607086	0.03128000000015163	epochs	3.0
1230.2732396070862	0.06183999999984735	epochs	2.0
1230.2732396070862	0.031039999999848078	epochs	3.0
1230.304279607086	0.030799999999999272	epochs	3.0
1230.335079607086	0.060960000000022774	epochs	2.0
1230.335079607086	0.030560000000150467	epochs	3.0
1230.3656396070862	0.030399999999872307	epochs	3.0
1230.396039607086	0.060159999999996217	epochs	2.0
1230.396039607086	0.0301600000000235	epochs	3.0
1230.4261996070861	0.029999999999972715	epochs	3.0
1230.456199607086	0.05928000000017164	epochs	2.0
1230.456199607086	0.029680000000098516	epochs	3.0
1230.4858796070862	0.029600000000073123	epochs	3.0
1230.5154796070863	0.05847999999991771	epochs	2.0
1230.5154796070863	0.029359999999996944	epochs	3.0
1230.5448396070863	0.029119999999920765	epochs	3.0
1230.5739596070862	0.057759999999916545	epochs	2.0
1230.5739596070862	0.028960000000097352	epochs	3.0
1230.6029196070863	0.028799999999819192	epochs	3.0
1230.631719607086	0.05696000000011736	epochs	2.0
1230.631719607086	0.028559999999970387	epochs	3.0
1230.660279607086	0.028400000000146974	epochs	3.0
1230.6886796070862	0.05623999999988882	epochs	2.0
1230.6886796070862	0.028160000000070795	epochs	3.0
1230.7168396070863	0.02807999999981803	epochs	3.0
1230.744919607086	0.05544000000008964	epochs	2.0
1230.744919607086	0.027839999999969223	epochs	3.0
1230.772759607086	0.027600000000120417	epochs	3.0
1230.8003596070862	0.05487999999991189	epochs	2.0
1230.8003596070862	0.027520000000095024	epochs	3.0
1230.8278796070863	0.027359999999816864	epochs	3.0
1230.855239607086	0.054080000000112705	epochs	2.0
1230.855239607086	0.02711999999996806	epochs	3.0
1230.882359607086	0.026960000000144646	epochs	3.0
1230.9093196070862	0.05343999999990956	epochs	2.0
1230.9093196070862	0.026799999999866486	epochs	3.0
1230.936119607086	0.026640000000043074	epochs	3.0
1230.9627596070861	0.05287999999995918	epochs	2.0
1230.9627596070861	0.026479999999992287	epochs	3.0
1230.9892396070861	0.026399999999966894	epochs	3.0
1231.015639607086	0.05216000000018539	epochs	2.0
1231.015639607086	0.02616000000011809	epochs	3.0
1231.0417996070862	0.026000000000067303	epochs	3.0
1231.0677996070863	0.05151999999998225	epochs	2.0
1231.0677996070863	0.025840000000016516	epochs	3.0
1231.0936396070863	0.02567999999996573	epochs	3.0
1231.1193196070863	0.05096000000003187	epochs	2.0
1231.1193196070863	0.025599999999940337	epochs	3.0
1231.1449196070862	0.02536000000009153	epochs	3.0
1231.1702796070863	0.05039999999985412	epochs	2.0
1231.1702796070863	0.025279999999838765	epochs	3.0
1231.1955596070861	0.025120000000015352	epochs	3.0
1231.2206796070861	0.04976000000010572	epochs	2.0
1231.2206796070861	0.024959999999964566	epochs	3.0
1231.245639607086	0.024800000000141154	epochs	3.0
1231.2704396070862	0.04919999999992797	epochs	2.0
1231.2704396070862	0.024639999999862994	epochs	3.0
1231.295079607086	0.024560000000064974	epochs	3.0
1231.3196396070862	0.04872000000000298	epochs	2.0
1231.3196396070862	0.024400000000014188	epochs	3.0
1231.3440396070862	0.024319999999988795	epochs	3.0
1231.3683596070862	0.04808000000002721	epochs	2.0
1231.3683596070862	0.024079999999912616	epochs	3.0
1231.392439607086	0.024000000000114596	epochs	3.0
1231.4164396070862	0.047599999999874854	epochs	2.0
1231.4164396070862	0.02384000000006381	epochs	3.0
1231.4402796070863	0.023759999999811043	epochs	3.0
1231.464039607086	0.04712000000017724	epochs	2.0
1231.464039607086	0.023600000000215005	epochs	3.0
1231.4876396070863	0.023519999999962238	epochs	3.0
1231.5111596070863	0.04655999999999949	epochs	2.0
1231.5111596070863	0.02335999999991145	epochs	3.0
1231.5345196070862	0.02320000000008804	epochs	3.0
1231.5577196070863	0.04607999999984713	epochs	2.0
1231.5577196070863	0.023119999999835272	epochs	3.0
1231.580839607086	0.02296000000001186	epochs	3.0
1231.603799607086	0.04560000000014952	epochs	2.0
1231.603799607086	0.022879999999986467	epochs	3.0
1231.626679607086	0.022720000000163054	epochs	3.0
1231.6493996070863	0.04511999999999716	epochs	2.0
1231.6493996070863	0.022639999999910287	epochs	3.0
1231.6720396070862	0.022480000000086875	epochs	3.0
1231.6945196070862	0.044639999999844804	epochs	2.0
1231.6945196070862	0.022399999999834108	epochs	3.0
1231.716919607086	0.022240000000010696	epochs	3.0
1231.739159607086	0.044240000000172586	epochs	2.0
1231.739159607086	0.022159999999985303	epochs	3.0
1231.761319607086	0.022080000000187283	epochs	3.0
1231.7833996070863	0.04376000000002023	epochs	2.0
1231.7833996070863	0.021919999999909123	epochs	3.0
1231.8053196070862	0.021840000000111104	epochs	3.0
1231.8271596070863	0.04335999999989326	epochs	2.0
1231.8271596070863	0.021759999999858337	epochs	3.0
1231.8489196070861	0.021600000000034925	epochs	3.0
1231.8705196070862	0.04287999999996828	epochs	2.0
1231.8705196070862	0.02143999999998414	epochs	3.0
1231.8919596070862	0.02143999999998414	epochs	3.0
1231.9133996070861	0.042480000000068685	epochs	2.0
1231.9133996070861	0.021279999999933352	epochs	3.0
1231.934679607086	0.021200000000135333	epochs	3.0
1231.9558796070862	0.04207999999994172	epochs	2.0
1231.9558796070862	0.021039999999857173	epochs	3.0
1231.976919607086	0.021040000000084547	epochs	3.0
1231.9979596070862	0.04168000000004213	epochs	2.0
1231.9979596070862	0.02088000000003376	epochs	3.0
1232.0188396070862	0.020800000000008367	epochs	3.0
1232.0396396070862	0.04119999999988977	epochs	2.0
1232.0396396070862	0.02063999999995758	epochs	3.0
1232.0602796070862	0.020559999999932188	epochs	3.0
1232.080839607086	0.04088000000001557	epochs	2.0
1232.080839607086	0.020560000000159562	epochs	3.0
1232.1013996070863	0.02031999999985601	epochs	3.0
1232.121719607086	0.04056000000014137	epochs	2.0
1232.121719607086	0.020320000000083382	epochs	3.0
1232.1420396070862	0.02024000000005799	epochs	3.0
1232.1622796070862	0.04007999999998901	epochs	2.0
1232.1622796070862	0.020080000000007203	epochs	3.0
1232.1823596070863	0.01999999999998181	epochs	3.0
1232.2023596070862	0.03975999999988744	epochs	2.0
1232.2023596070862	0.019919999999956417	epochs	3.0
1232.2222796070862	0.019839999999931024	epochs	3.0
1232.2421196070861	0.03944000000001324	epochs	2.0
1232.2421196070861	0.019760000000133005	epochs	3.0
1232.2618796070863	0.019679999999880238	epochs	3.0
1232.2815596070861	0.03904000000011365	epochs	2.0
1232.2815596070861	0.019520000000056825	epochs	3.0
1232.3010796070862	0.019520000000056825	epochs	3.0
1232.3205996070863	0.038639999999986685	epochs	2.0
1232.3205996070863	0.01936000000000604	epochs	3.0
1232.3399596070863	0.019279999999980646	epochs	3.0
1232.3592396070862	0.038399999999910506	epochs	2.0
1232.3592396070862	0.019279999999980646	epochs	3.0
1232.3785196070862	0.01911999999992986	epochs	3.0
1232.3976396070861	0.038000000000010914	epochs	2.0
1232.3976396070861	0.01904000000013184	epochs	3.0
1232.4166796070863	0.018959999999879074	epochs	3.0
1232.4356396070862	0.03767999999990934	epochs	2.0
1232.4356396070862	0.018880000000081054	epochs	3.0
1232.4545196070862	0.018799999999828287	epochs	3.0
1232.473319607086	0.03736000000003514	epochs	2.0
1232.473319607086	0.018720000000030268	epochs	3.0
1232.492039607086	0.018640000000004875	epochs	3.0
1232.510679607086	0.037040000000160944	epochs	2.0
1232.510679607086	0.018559999999979482	epochs	3.0
1232.529239607086	0.018480000000181462	epochs	3.0
1232.5477196070863	0.036719999999832	epochs	2.0
1232.5477196070863	0.018399999999928696	epochs	3.0
1232.5661196070862	0.018319999999903303	epochs	3.0
1232.584439607086	0.03647999999998319	epochs	2.0
1232.584439607086	0.018240000000105283	epochs	3.0
1232.6026796070862	0.01823999999987791	epochs	3.0
1232.620919607086	0.0360800000000836	epochs	2.0
1232.620919607086	0.018080000000054497	epochs	3.0
1232.6389996070861	0.018000000000029104	epochs	3.0
1232.6569996070862	0.03584000000000742	epochs	2.0
1232.6569996070862	0.01792000000000371	epochs	3.0
1232.6749196070862	0.01792000000000371	epochs	3.0
1232.6928396070862	0.03551999999990585	epochs	2.0
1232.6928396070862	0.017759999999952925	epochs	3.0
1232.7105996070861	0.017759999999952925	epochs	3.0
1232.728359607086	0.03520000000003165	epochs	2.0
1232.728359607086	0.017680000000154905	epochs	3.0
1232.7460396070862	0.017519999999876745	epochs	3.0
1232.763559607086	0.034960000000182845	epochs	2.0
1232.763559607086	0.01752000000010412	epochs	3.0
1232.7810796070862	0.017440000000078726	epochs	3.0
1232.7985196070863	0.03471999999987929	epochs	2.0
1232.7985196070863	0.017439999999851352	epochs	3.0
1232.8159596070861	0.01728000000002794	epochs	3.0
1232.8332396070862	0.03440000000000509	epochs	2.0
1232.8332396070862	0.017200000000002547	epochs	3.0
1232.8504396070862	0.017200000000002547	epochs	3.0
1232.8676396070862	0.034159999999928914	epochs	2.0
1232.8676396070862	0.017119999999977153	epochs	3.0
1232.8847596070862	0.01703999999995176	epochs	3.0
1232.901799607086	0.033840000000054715	epochs	2.0
1232.901799607086	0.01696000000015374	epochs	3.0
1232.9187596070863	0.016879999999900974	epochs	3.0
1232.9356396070862	0.033599999999978536	epochs	2.0
1232.9356396070862	0.016800000000102955	epochs	3.0
1232.9524396070863	0.01679999999987558	epochs	3.0
1232.9692396070861	0.03336000000012973	epochs	2.0
1232.9692396070861	0.01672000000007756	epochs	3.0
1232.9859596070862	0.01664000000005217	epochs	3.0
1233.0025996070863	0.03311999999982618	epochs	2.0
1233.0025996070863	0.016560000000026776	epochs	3.0
1233.0191596070863	0.016559999999799402	epochs	3.0
1233.035719607086	0.03280000000017935	epochs	2.0
1233.035719607086	0.016400000000203363	epochs	3.0
1233.0521196070863	0.01639999999997599	epochs	3.0
1233.0685196070863	0.0325599999998758	epochs	2.0
1233.0685196070863	0.016319999999950596	epochs	3.0
1233.0848396070862	0.016239999999925203	epochs	3.0
1233.1010796070861	0.03240000000005239	epochs	2.0
1233.1010796070861	0.016239999999925203	epochs	3.0
1233.117319607086	0.016160000000127184	epochs	3.0
1233.1334796070862	0.032079999999950815	epochs	2.0
1233.1334796070862	0.016079999999874417	epochs	3.0
1233.149559607086	0.016000000000076398	epochs	3.0
1233.1655596070862	0.0319200000001274	epochs	2.0
1233.1655596070862	0.016000000000076398	epochs	3.0
1233.1815596070862	0.015920000000051004	epochs	3.0
1233.1974796070863	0.031599999999798456	epochs	2.0
1233.1974796070863	0.015839999999798238	epochs	3.0
1233.213319607086	0.01576000000000022	epochs	3.0
1233.229079607086	0.03144000000020242	epochs	2.0
1233.229079607086	0.01576000000000022	epochs	3.0
1233.244839607086	0.0156800000002022	epochs	3.0
1233.2605196070863	0.031199999999898864	epochs	2.0
1233.2605196070863	0.015599999999949432	epochs	3.0
1233.2761196070862	0.015599999999949432	epochs	3.0
1233.2917196070862	0.03096000000005006	epochs	2.0
1233.2917196070862	0.015519999999924039	epochs	3.0
1233.307239607086	0.01544000000012602	epochs	3.0
1233.3226796070862	0.03071999999997388	epochs	2.0
1233.3226796070862	0.015439999999898646	epochs	3.0
1233.3381196070861	0.015280000000075233	epochs	3.0
1233.3533996070862	0.030559999999923093	epochs	2.0
1233.3533996070862	0.015359999999873253	epochs	3.0
1233.368759607086	0.01520000000004984	epochs	3.0
1233.3839596070861	0.030320000000074288	epochs	2.0
1233.3839596070861	0.01520000000004984	epochs	3.0
1233.3991596070862	0.015120000000024447	epochs	3.0
1233.4142796070862	0.030079999999998108	epochs	2.0
1233.4142796070862	0.015120000000024447	epochs	3.0
1233.4293996070862	0.014959999999973661	epochs	3.0
1233.4443596070862	0.029919999999947322	epochs	2.0
1233.4443596070862	0.015039999999999054	epochs	3.0
1233.4593996070862	0.014879999999948268	epochs	3.0
1233.4742796070861	0.029680000000098516	epochs	2.0
1233.4742796070861	0.014879999999948268	epochs	3.0
1233.489159607086	0.014800000000150249	epochs	3.0
1233.5039596070862	0.02952000000004773	epochs	2.0
1233.5039596070862	0.014799999999922875	epochs	3.0
1233.5187596070862	0.014720000000124855	epochs	3.0
1233.5334796070863	0.02927999999997155	epochs	2.0
1233.5334796070863	0.014719999999897482	epochs	3.0
1233.5481996070862	0.01456000000007407	epochs	3.0
1233.5627596070863	0.029119999999920765	epochs	2.0
1233.5627596070863	0.014639999999872089	epochs	3.0
1233.5773996070861	0.014480000000048676	epochs	3.0
1233.5918796070862	0.028960000000097352	epochs	2.0
1233.5918796070862	0.014480000000048676	epochs	3.0
1233.6063596070862	0.014480000000048676	epochs	3.0
1233.6208396070863	0.02863999999999578	epochs	2.0
1233.6208396070863	0.01431999999999789	epochs	3.0
1233.6351596070863	0.01431999999999789	epochs	3.0
1233.6494796070863	0.028559999999970387	epochs	2.0
1233.6494796070863	0.01431999999999789	epochs	3.0
1233.6637996070863	0.014239999999972497	epochs	3.0
1233.6780396070862	0.028319999999894208	epochs	2.0
1233.6780396070862	0.014159999999947104	epochs	3.0
1233.6921996070862	0.014159999999947104	epochs	3.0
1233.7063596070861	0.028160000000070795	epochs	2.0
1233.7063596070861	0.014159999999947104	epochs	3.0
1233.720519607086	0.014000000000123691	epochs	3.0
1233.7345196070862	0.02800000000002001	epochs	2.0
1233.7345196070862	0.013999999999896318	epochs	3.0
1233.748519607086	0.014000000000123691	epochs	3.0
1233.7625196070862	0.02775999999994383	epochs	2.0
1233.7625196070862	0.013919999999870925	epochs	3.0
1233.776439607086	0.013840000000072905	epochs	3.0
1233.7902796070862	0.027679999999918437	epochs	2.0
1233.7902796070862	0.013840000000072905	epochs	3.0
1233.8041196070862	0.013839999999845531	epochs	3.0
1233.817959607086	0.02744000000006963	epochs	2.0
1233.817959607086	0.013760000000047512	epochs	3.0
1233.8317196070861	0.013680000000022119	epochs	3.0
1233.8453996070862	0.027280000000018845	epochs	2.0
1233.8453996070862	0.013680000000022119	epochs	3.0
1233.8590796070862	0.013599999999996726	epochs	3.0
1233.8726796070862	0.02711999999996806	epochs	2.0
1233.8726796070862	0.013519999999971333	epochs	3.0
1233.8861996070862	0.013599999999996726	epochs	3.0
1233.8997996070862	0.026880000000119253	epochs	2.0
1233.8997996070862	0.01343999999994594	epochs	3.0
1233.913239607086	0.013440000000173313	epochs	3.0
1233.9266796070863	0.026799999999866486	epochs	2.0
1233.9266796070863	0.01343999999994594	epochs	3.0
1233.9401196070862	0.013359999999920547	epochs	3.0
1233.9534796070861	0.02656000000001768	epochs	2.0
1233.9534796070861	0.013280000000122527	epochs	3.0
1233.9667596070863	0.013279999999895153	epochs	3.0
1233.9800396070862	0.026479999999992287	epochs	2.0
1233.9800396070862	0.013280000000122527	epochs	3.0
1233.9933196070863	0.01319999999986976	epochs	3.0
1234.0065196070861	0.026240000000143482	epochs	2.0
1234.0065196070861	0.013120000000071741	epochs	3.0
1234.0196396070862	0.013120000000071741	epochs	3.0
1234.0327596070863	0.026159999999890715	epochs	2.0
1234.0327596070863	0.013119999999844367	epochs	3.0
1234.0458796070861	0.013040000000046348	epochs	3.0
1234.0589196070862	0.026000000000067303	epochs	2.0
1234.0589196070862	0.013040000000046348	epochs	3.0
1234.0719596070862	0.012960000000020955	epochs	3.0
1234.0849196070862	0.025759999999991123	epochs	2.0
1234.0849196070862	0.012879999999995562	epochs	3.0
1234.0977996070862	0.012879999999995562	epochs	3.0
1234.1106796070862	0.02567999999996573	epochs	2.0
1234.1106796070862	0.012879999999995562	epochs	3.0
1234.1235596070862	0.012799999999970169	epochs	3.0
1234.1363596070862	0.025519999999914944	epochs	2.0
1234.1363596070862	0.012799999999970169	epochs	3.0
1234.1491596070862	0.012719999999944775	epochs	3.0
1234.1618796070861	0.02536000000009153	epochs	2.0
1234.1618796070861	0.01272000000017215	epochs	3.0
1234.1745996070863	0.012639999999919382	epochs	3.0
1234.1872396070862	0.025200000000040745	epochs	2.0
1234.1872396070862	0.012639999999919382	epochs	3.0
1234.1998796070861	0.012560000000121363	epochs	3.0
1234.2124396070863	0.0245599999998376	epochs	2.0
1234.2366796070862	0.5	epochs	-1.0
1234.236999607086	0.999920000000202	epochs	1.0
1234.7366796070862	0.5	epochs	-1.0
1239.4079999923706	0.09999999999990905	epochs	0.0
1239.4079999923706	0.044959999999946376	epochs	1.0
1239.4529599923706	0.010080000000016298	epochs	1.0
1239.4630399923706	0.044959999999946376	epochs	1.0
1239.5079999923705	2.0	epochs	0.0
1241.5079999923705	0.559439999999995	epochs	0.0
1241.5079999923705	0.559439999999995	epochs	1.0
1241.5079999923705	0.5	epochs	-1.0
1242.0079999923705	0.05943999999999505	epochs	-1.0
1242.0674399923705	21.440480000000207	epochs	0.0
1246.2699999809265	0.09999999999990905	epochs	0.0
1246.2699999809265	0.044959999999946376	epochs	1.0
1246.3149599809265	0.010080000000016298	epochs	1.0
1246.3250399809265	0.044959999999946376	epochs	1.0
1246.3699999809264	2.0	epochs	0.0
1248.3699999809264	0.5001600000000508	epochs	0.0
1248.3699999809264	0.5001600000000508	epochs	1.0
1248.3699999809264	0.5	epochs	-1.0
1248.8699999809264	0.00016000000005078618	epochs	-1.0
1248.8701599809265	21.49976000000015	epochs	0.0
1252.986999988556	0.09999999999990905	epochs	0.0
1252.986999988556	0.044959999999946376	epochs	1.0
1253.0319599885559	0.010080000000016298	epochs	1.0
1253.0420399885559	0.044959999999946376	epochs	1.0
1253.0869999885558	2.0	epochs	0.0
1255.0869999885558	0.5597600000000966	epochs	0.0
1255.0869999885558	0.5597600000000966	epochs	1.0
1255.0869999885558	0.5	epochs	-1.0
1255.5869999885558	0.059760000000096625	epochs	-1.0
1255.646759988556	21.440160000000105	epochs	0.0
1259.8529996871948	0.09999999999990905	epochs	0.0
1259.8529996871948	0.044959999999946376	epochs	1.0
1259.8979596871948	0.010080000000016298	epochs	1.0
1259.9080396871948	0.044959999999946376	epochs	1.0
1259.9529996871947	2.0	epochs	0.0
1261.9529996871947	21.519920000000184	epochs	0.0
1261.9529996871947	1.0	epochs	1.0
1261.9529996871947	0.5	epochs	-1.0
1262.4529996871947	19.999680000000126	epochs	-1.0
1262.9529996871947	20.0	epochs	1.0
1262.9529996871947	8.000000002539309e-05	epochs	2.0
1262.9530796871948	4.356719999999996	epochs	-1.0
1262.9530796871948	1.9745600000001104	epochs	2.0
1262.9530796871948	1.098560000000134	epochs	3.0
1264.051639687195	0.8759999999999764	epochs	3.0
1264.9276396871949	1.3523999999999887	epochs	2.0
1264.9276396871949	0.7286400000000413	epochs	3.0
1265.656279687195	0.6237599999999475	epochs	3.0
1266.2800396871949	1.0297599999998965	epochs	2.0
1266.2800396871949	0.5453600000000733	epochs	3.0
1266.825399687195	0.4843999999998232	epochs	3.0
1267.3097996871948	0.8317600000000311	epochs	2.0
1267.3097996871948	0.435760000000073	epochs	3.0
1267.7455596871948	0.39599999999995816	epochs	3.0
1268.1415596871948	0.697840000000042	epochs	2.0
1268.1415596871948	0.362880000000132	epochs	3.0
1268.504439687195	0.33495999999991	epochs	3.0
1268.8393996871948	0.6010400000000118	epochs	2.0
1268.8393996871948	0.3108799999999974	epochs	3.0
1269.1502796871948	0.2901600000000144	epochs	3.0
1269.4404396871948	0.5278399999999692	epochs	2.0
1269.4404396871948	0.2719199999999091	epochs	3.0
1269.7123596871947	0.2559200000000601	epochs	3.0
1269.9682796871948	0.47064000000000306	epochs	2.0
1269.9682796871948	0.2416800000000876	epochs	3.0
1270.209959687195	0.22895999999991545	epochs	3.0
1270.4389196871948	0.42455999999992855	epochs	2.0
1270.4389196871948	0.2174400000001242	epochs	3.0
1270.656359687195	0.20711999999980435	epochs	3.0
1270.8634796871947	0.3867200000001958	epochs	2.0
1270.8634796871947	0.1976799999999912	epochs	3.0
1271.0611596871947	0.1890400000002046	epochs	3.0
1271.250199687195	0.3551199999999426	epochs	2.0
1271.250199687195	0.1811999999999898	epochs	3.0
1271.431399687195	0.17391999999995278	epochs	3.0
1271.6053196871949	0.3282400000000507	epochs	2.0
1271.6053196871949	0.16719999999986612	epochs	3.0
1271.7725196871947	0.1610400000001846	epochs	3.0
1271.933559687195	0.3051999999997861	epochs	2.0
1271.933559687195	0.1552799999999479	epochs	3.0
1272.0888396871949	0.14991999999983818	epochs	3.0
1272.2387596871947	0.28512000000000626	epochs	2.0
1272.2387596871947	0.1448800000000574	epochs	3.0
1272.3836396871948	0.14023999999994885	epochs	3.0
1272.5238796871947	0.2675200000001041	epochs	2.0
1272.5238796871947	0.13584000000014385	epochs	3.0
1272.6597196871949	0.13167999999996027	epochs	3.0
1272.7913996871948	0.2520799999999781	epochs	2.0
1272.7913996871948	0.12784000000010565	epochs	3.0
1272.919239687195	0.12423999999987245	epochs	3.0
1273.0434796871948	0.23816000000010717	epochs	2.0
1273.0434796871948	0.1207200000001194	epochs	3.0
1273.164199687195	0.11743999999998778	epochs	3.0
1273.281639687195	0.22583999999983462	epochs	2.0
1273.281639687195	0.11439999999993233	epochs	3.0
1273.3960396871948	0.11143999999990228	epochs	3.0
1273.5074796871947	0.21464000000014494	epochs	2.0
1273.5074796871947	0.1086400000001504	epochs	3.0
1273.616119687195	0.10599999999999454	epochs	3.0
1273.722119687195	0.20447999999987587	epochs	2.0
1273.722119687195	0.10343999999986409	epochs	3.0
1273.8255596871948	0.10104000000001179	epochs	3.0
1273.9265996871948	0.1953600000001643	epochs	2.0
1273.9265996871948	0.0987999999999829	epochs	3.0
1274.0253996871947	0.09656000000018139	epochs	3.0
1274.121959687195	0.18695999999999913	epochs	2.0
1274.121959687195	0.09447999999997592	epochs	3.0
1274.216439687195	0.09248000000002321	epochs	3.0
1274.308919687195	0.17919999999980973	epochs	2.0
1274.308919687195	0.09047999999984313	epochs	3.0
1274.3993996871948	0.0887199999999666	epochs	3.0
1274.4881196871947	0.17208000000005086	epochs	2.0
1274.4881196871947	0.08688000000006468	epochs	3.0
1274.5749996871948	0.08519999999998618	epochs	3.0
1274.6601996871948	0.165520000000015	epochs	2.0
1274.6601996871948	0.08359999999993306	epochs	3.0
1274.7437996871947	0.08192000000008193	epochs	3.0
1274.8257196871948	0.1595199999999295	epochs	2.0
1274.8257196871948	0.0804800000000796	epochs	3.0
1274.9061996871949	0.0790399999998499	epochs	3.0
1274.9852396871947	0.15376000000014756	epochs	2.0
1274.9852396871947	0.07760000000007494	epochs	3.0
1275.0628396871948	0.07616000000007261	epochs	3.0
1275.1389996871949	0.14855999999986125	epochs	2.0
1275.1389996871949	0.07495999999991909	epochs	3.0
1275.2139596871948	0.07359999999994216	epochs	3.0
1275.2875596871947	0.14368000000013126	epochs	2.0
1275.2875596871947	0.0724800000000414	epochs	3.0
1275.3600396871948	0.07120000000008986	epochs	3.0
1275.4312396871949	0.1390400000000227	epochs	2.0
1275.4312396871949	0.07007999999996173	epochs	3.0
1275.5013196871948	0.06896000000006097	epochs	3.0
1275.570279687195	0.13472000000001572	epochs	2.0
1275.570279687195	0.06791999999995824	epochs	3.0
1275.6381996871949	0.06680000000005748	epochs	3.0
1275.704999687195	0.13071999999988293	epochs	2.0
1275.704999687195	0.06583999999998014	epochs	3.0
1275.770839687195	0.0648799999999028	epochs	3.0
1275.8357196871948	0.1268000000000029	epochs	2.0
1275.8357196871948	0.06384000000002743	epochs	3.0
1275.8995596871948	0.06295999999997548	epochs	3.0
1275.9625196871948	0.12328000000002248	epochs	2.0
1275.9625196871948	0.06207999999992353	epochs	3.0
1276.0245996871947	0.06120000000009895	epochs	3.0
1276.0857996871948	0.11984000000006745	epochs	2.0
1276.0857996871948	0.060320000000047	epochs	3.0
1276.1461196871949	0.059520000000020445	epochs	3.0
1276.205639687195	0.11663999999996122	epochs	2.0
1276.205639687195	0.05871999999999389	epochs	3.0
1276.2643596871949	0.05791999999996733	epochs	3.0
1276.3222796871949	0.11359999999990578	epochs	2.0
1276.3222796871949	0.05719999999996617	epochs	3.0
1276.3794796871948	0.05639999999993961	epochs	3.0
1276.4358796871948	0.1107200000001285	epochs	2.0
1276.4358796871948	0.05568000000016582	epochs	3.0
1276.491559687195	0.055039999999962674	epochs	3.0
1276.5465996871949	0.10791999999992186	epochs	2.0
1276.5465996871949	0.05423999999993612	epochs	3.0
1276.6008396871948	0.05367999999998574	epochs	3.0
1276.6545196871948	0.10527999999999338	epochs	2.0
1276.6545196871948	0.052959999999984575	epochs	3.0
1276.7074796871948	0.052320000000008804	epochs	3.0
1276.7597996871948	0.10287999999991371	epochs	2.0
1276.7597996871948	0.051760000000058426	epochs	3.0
1276.8115596871949	0.05111999999985528	epochs	3.0
1276.8626796871947	0.10040000000003602	epochs	2.0
1276.8626796871947	0.050480000000106884	epochs	3.0
1276.9131596871948	0.04991999999992913	epochs	3.0
1276.9630796871947	0.09824000000003252	epochs	2.0
1276.9630796871947	0.049359999999978754	epochs	3.0
1277.0124396871947	0.04888000000005377	epochs	3.0
1277.0613196871948	0.09600000000000364	epochs	2.0
1277.0613196871948	0.048240000000078	epochs	3.0
1277.1095596871949	0.04775999999992564	epochs	3.0
1277.1573196871948	0.09392000000002554	epochs	2.0
1277.1573196871948	0.04719999999997526	epochs	3.0
1277.2045196871948	0.04672000000005028	epochs	3.0
1277.2512396871948	0.09192000000007283	epochs	2.0
1277.2512396871948	0.0461600000000999	epochs	3.0
1277.297399687195	0.04575999999997293	epochs	3.0
1277.3431596871949	0.09007999999994354	epochs	2.0
1277.3431596871949	0.04528000000004795	epochs	3.0
1277.388439687195	0.04479999999989559	epochs	3.0
1277.4332396871948	0.08816000000001623	epochs	2.0
1277.4332396871948	0.044319999999970605	epochs	3.0
1277.4775596871948	0.04384000000004562	epochs	3.0
1277.5213996871948	0.08647999999993772	epochs	2.0
1277.5213996871948	0.043439999999918655	epochs	3.0
1277.5648396871948	0.04304000000001906	epochs	3.0
1277.6078796871948	0.08472000000006119	epochs	2.0
1277.6078796871948	0.04256000000009408	epochs	3.0
1277.6504396871949	0.04215999999996711	epochs	3.0
1277.6925996871948	0.08320000000003347	epochs	2.0
1277.6925996871948	0.04176000000006752	epochs	3.0
1277.734359687195	0.04143999999996595	epochs	3.0
1277.7757996871949	0.08151999999995496	epochs	2.0
1277.7757996871949	0.040960000000040964	epochs	3.0
1277.816759687195	0.040559999999914	epochs	3.0
1277.8573196871948	0.08007999999995263	epochs	2.0
1277.8573196871948	0.0402400000000398	epochs	3.0
1277.8975596871949	0.039839999999912834	epochs	3.0
1277.9373996871948	0.0786399999999503	epochs	2.0
1277.9373996871948	0.039520000000038635	epochs	3.0
1277.9769196871948	0.03911999999991167	epochs	3.0
1278.0160396871947	0.07720000000017535	epochs	2.0
1278.0160396871947	0.03880000000003747	epochs	3.0
1278.0548396871948	0.03840000000013788	epochs	3.0
1278.093239687195	0.07591999999999643	epochs	2.0
1278.093239687195	0.038159999999834326	epochs	3.0
1278.1313996871947	0.03776000000016211	epochs	3.0
1278.169159687195	0.0745600000000195	epochs	2.0
1278.169159687195	0.03743999999983316	epochs	3.0
1278.2065996871947	0.03712000000018634	epochs	3.0
1278.243719687195	0.07335999999986598	epochs	2.0
1278.243719687195	0.03679999999985739	epochs	3.0
1278.2805196871948	0.036560000000008586	epochs	3.0
1278.3170796871948	0.07208000000014181	epochs	2.0
1278.3170796871948	0.036160000000108994	epochs	3.0
1278.353239687195	0.035920000000032815	epochs	3.0
1278.389159687195	0.07087999999998829	epochs	2.0
1278.389159687195	0.03559999999993124	epochs	3.0
1278.4247596871949	0.035280000000057044	epochs	3.0
1278.460039687195	0.06983999999988555	epochs	2.0
1278.460039687195	0.035039999999980864	epochs	3.0
1278.495079687195	0.034799999999904685	epochs	3.0
1278.5298796871948	0.0686399999999594	epochs	2.0
1278.5298796871948	0.034480000000030486	epochs	3.0
1278.5643596871948	0.034159999999928914	epochs	3.0
1278.5985196871948	0.06760000000008404	epochs	2.0
1278.5985196871948	0.03392000000008011	epochs	3.0
1278.6324396871948	0.03368000000000393	epochs	3.0
1278.6661196871949	0.0665599999999813	epochs	2.0
1278.6661196871949	0.03343999999992775	epochs	3.0
1278.6995596871948	0.03312000000005355	epochs	3.0
1278.7326796871948	0.06559999999990396	epochs	2.0
1278.7326796871948	0.032960000000002765	epochs	3.0
1278.7656396871948	0.03263999999990119	epochs	3.0
1278.7982796871947	0.0645600000000286	epochs	2.0
1278.7982796871947	0.03240000000005239	epochs	3.0
1278.8306796871948	0.03215999999997621	epochs	3.0
1278.8628396871948	0.06367999999997664	epochs	2.0
1278.8628396871948	0.032000000000152795	epochs	3.0
1278.894839687195	0.03167999999982385	epochs	3.0
1278.9265196871947	0.06272000000012667	epochs	2.0
1278.9265196871947	0.03143999999997504	epochs	3.0
1278.9579596871947	0.03128000000015163	epochs	3.0
1278.9892396871949	0.06183999999984735	epochs	2.0
1278.9892396871949	0.031039999999848078	epochs	3.0
1279.0202796871947	0.030799999999999272	epochs	3.0
1279.0510796871947	0.060960000000022774	epochs	2.0
1279.0510796871947	0.030560000000150467	epochs	3.0
1279.0816396871949	0.030399999999872307	epochs	3.0
1279.1120396871947	0.060159999999996217	epochs	2.0
1279.1120396871947	0.0301600000000235	epochs	3.0
1279.1421996871948	0.029999999999972715	epochs	3.0
1279.1721996871947	0.05928000000017164	epochs	2.0
1279.1721996871947	0.029680000000098516	epochs	3.0
1279.2018796871948	0.029600000000073123	epochs	3.0
1279.231479687195	0.05847999999991771	epochs	2.0
1279.231479687195	0.029359999999996944	epochs	3.0
1279.260839687195	0.029119999999920765	epochs	3.0
1279.2899596871948	0.057759999999916545	epochs	2.0
1279.2899596871948	0.028960000000097352	epochs	3.0
1279.318919687195	0.028799999999819192	epochs	3.0
1279.3477196871947	0.05696000000011736	epochs	2.0
1279.3477196871947	0.028559999999970387	epochs	3.0
1279.3762796871947	0.028400000000146974	epochs	3.0
1279.4046796871949	0.05623999999988882	epochs	2.0
1279.4046796871949	0.028160000000070795	epochs	3.0
1279.432839687195	0.02807999999981803	epochs	3.0
1279.4609196871947	0.05544000000008964	epochs	2.0
1279.4609196871947	0.027839999999969223	epochs	3.0
1279.4887596871947	0.027600000000120417	epochs	3.0
1279.5163596871948	0.05487999999991189	epochs	2.0
1279.5163596871948	0.027520000000095024	epochs	3.0
1279.543879687195	0.027359999999816864	epochs	3.0
1279.5712396871947	0.054080000000112705	epochs	2.0
1279.5712396871947	0.02711999999996806	epochs	3.0
1279.5983596871947	0.026960000000144646	epochs	3.0
1279.6253196871949	0.05343999999990956	epochs	2.0
1279.6253196871949	0.026799999999866486	epochs	3.0
1279.6521196871947	0.026640000000043074	epochs	3.0
1279.6787596871948	0.05287999999995918	epochs	2.0
1279.6787596871948	0.026479999999992287	epochs	3.0
1279.7052396871948	0.026399999999966894	epochs	3.0
1279.7316396871947	0.05216000000018539	epochs	2.0
1279.7316396871947	0.02616000000011809	epochs	3.0
1279.7577996871948	0.026000000000067303	epochs	3.0
1279.783799687195	0.05151999999998225	epochs	2.0
1279.783799687195	0.025840000000016516	epochs	3.0
1279.809639687195	0.02567999999996573	epochs	3.0
1279.835319687195	0.05096000000003187	epochs	2.0
1279.835319687195	0.025599999999940337	epochs	3.0
1279.8609196871948	0.02536000000009153	epochs	3.0
1279.886279687195	0.05039999999985412	epochs	2.0
1279.886279687195	0.025279999999838765	epochs	3.0
1279.9115596871948	0.025120000000015352	epochs	3.0
1279.9366796871948	0.04976000000010572	epochs	2.0
1279.9366796871948	0.024959999999964566	epochs	3.0
1279.9616396871947	0.024800000000141154	epochs	3.0
1279.986439687195	0.04919999999992797	epochs	2.0
1279.986439687195	0.024639999999862994	epochs	3.0
1280.0110796871948	0.024560000000064974	epochs	3.0
1280.0356396871948	0.04872000000000298	epochs	2.0
1280.0356396871948	0.024400000000014188	epochs	3.0
1280.0600396871948	0.024319999999988795	epochs	3.0
1280.0843596871948	0.04808000000002721	epochs	2.0
1280.0843596871948	0.024079999999912616	epochs	3.0
1280.1084396871947	0.024000000000114596	epochs	3.0
1280.1324396871948	0.047599999999874854	epochs	2.0
1280.1324396871948	0.02384000000006381	epochs	3.0
1280.156279687195	0.023759999999811043	epochs	3.0
1280.1800396871947	0.04712000000017724	epochs	2.0
1280.1800396871947	0.023600000000215005	epochs	3.0
1280.203639687195	0.023519999999962238	epochs	3.0
1280.227159687195	0.04655999999999949	epochs	2.0
1280.227159687195	0.02335999999991145	epochs	3.0
1280.2505196871948	0.02320000000008804	epochs	3.0
1280.273719687195	0.04607999999984713	epochs	2.0
1280.273719687195	0.023119999999835272	epochs	3.0
1280.2968396871947	0.02296000000001186	epochs	3.0
1280.3197996871947	0.04560000000014952	epochs	2.0
1280.3197996871947	0.022879999999986467	epochs	3.0
1280.3426796871947	0.022720000000163054	epochs	3.0
1280.365399687195	0.04511999999999716	epochs	2.0
1280.365399687195	0.022639999999910287	epochs	3.0
1280.3880396871948	0.022480000000086875	epochs	3.0
1280.410519687195	0.044639999999844804	epochs	2.0
1280.410519687195	0.022399999999834108	epochs	3.0
1280.4329196871947	0.022240000000010696	epochs	3.0
1280.4551596871947	0.044240000000172586	epochs	2.0
1280.4551596871947	0.022159999999985303	epochs	3.0
1280.4773196871947	0.022080000000187283	epochs	3.0
1280.499399687195	0.04376000000002023	epochs	2.0
1280.499399687195	0.021919999999909123	epochs	3.0
1280.5213196871948	0.021840000000111104	epochs	3.0
1280.543159687195	0.04335999999989326	epochs	2.0
1280.543159687195	0.021759999999858337	epochs	3.0
1280.5649196871948	0.021600000000034925	epochs	3.0
1280.5865196871948	0.04287999999996828	epochs	2.0
1280.5865196871948	0.02143999999998414	epochs	3.0
1280.6079596871948	0.02143999999998414	epochs	3.0
1280.6293996871948	0.042480000000068685	epochs	2.0
1280.6293996871948	0.021279999999933352	epochs	3.0
1280.6506796871947	0.021200000000135333	epochs	3.0
1280.6718796871949	0.04207999999994172	epochs	2.0
1280.6718796871949	0.021039999999857173	epochs	3.0
1280.6929196871947	0.021040000000084547	epochs	3.0
1280.7139596871948	0.04168000000004213	epochs	2.0
1280.7139596871948	0.02088000000003376	epochs	3.0
1280.7348396871948	0.020800000000008367	epochs	3.0
1280.7556396871948	0.04119999999988977	epochs	2.0
1280.7556396871948	0.02063999999995758	epochs	3.0
1280.7762796871948	0.020559999999932188	epochs	3.0
1280.7968396871947	0.04088000000001557	epochs	2.0
1280.7968396871947	0.020560000000159562	epochs	3.0
1280.817399687195	0.02031999999985601	epochs	3.0
1280.8377196871947	0.04056000000014137	epochs	2.0
1280.8377196871947	0.020320000000083382	epochs	3.0
1280.8580396871948	0.02024000000005799	epochs	3.0
1280.878279687195	0.04007999999998901	epochs	2.0
1280.878279687195	0.020080000000007203	epochs	3.0
1280.898359687195	0.01999999999998181	epochs	3.0
1280.9183596871949	0.03975999999988744	epochs	2.0
1280.9183596871949	0.019919999999956417	epochs	3.0
1280.9382796871948	0.019839999999931024	epochs	3.0
1280.9581196871948	0.03944000000001324	epochs	2.0
1280.9581196871948	0.019760000000133005	epochs	3.0
1280.977879687195	0.019679999999880238	epochs	3.0
1280.9975596871948	0.03904000000011365	epochs	2.0
1280.9975596871948	0.019520000000056825	epochs	3.0
1281.0170796871948	0.019520000000056825	epochs	3.0
1281.036599687195	0.038639999999986685	epochs	2.0
1281.036599687195	0.01936000000000604	epochs	3.0
1281.055959687195	0.019279999999980646	epochs	3.0
1281.0752396871949	0.038399999999910506	epochs	2.0
1281.0752396871949	0.019279999999980646	epochs	3.0
1281.0945196871949	0.01911999999992986	epochs	3.0
1281.1136396871948	0.038000000000010914	epochs	2.0
1281.1136396871948	0.01904000000013184	epochs	3.0
1281.132679687195	0.018959999999879074	epochs	3.0
1281.1516396871948	0.03767999999990934	epochs	2.0
1281.1516396871948	0.018880000000081054	epochs	3.0
1281.1705196871949	0.018799999999828287	epochs	3.0
1281.1893196871947	0.03736000000003514	epochs	2.0
1281.1893196871947	0.018720000000030268	epochs	3.0
1281.2080396871947	0.018640000000004875	epochs	3.0
1281.2266796871947	0.037040000000160944	epochs	2.0
1281.2266796871947	0.018559999999979482	epochs	3.0
1281.2452396871947	0.018480000000181462	epochs	3.0
1281.263719687195	0.036719999999832	epochs	2.0
1281.263719687195	0.018399999999928696	epochs	3.0
1281.2821196871948	0.018319999999903303	epochs	3.0
1281.3004396871947	0.03647999999998319	epochs	2.0
1281.3004396871947	0.018240000000105283	epochs	3.0
1281.3186796871948	0.01823999999987791	epochs	3.0
1281.3369196871947	0.0360800000000836	epochs	2.0
1281.3369196871947	0.018080000000054497	epochs	3.0
1281.3549996871948	0.018000000000029104	epochs	3.0
1281.3729996871948	0.03584000000000742	epochs	2.0
1281.3729996871948	0.01792000000000371	epochs	3.0
1281.3909196871948	0.01792000000000371	epochs	3.0
1281.4088396871948	0.03551999999990585	epochs	2.0
1281.4088396871948	0.017759999999952925	epochs	3.0
1281.4265996871948	0.017759999999952925	epochs	3.0
1281.4443596871947	0.03520000000003165	epochs	2.0
1281.4443596871947	0.017680000000154905	epochs	3.0
1281.4620396871949	0.017519999999876745	epochs	3.0
1281.4795596871948	0.034960000000182845	epochs	2.0
1281.4795596871948	0.01752000000010412	epochs	3.0
1281.4970796871949	0.017440000000078726	epochs	3.0
1281.514519687195	0.03471999999987929	epochs	2.0
1281.514519687195	0.017439999999851352	epochs	3.0
1281.5319596871948	0.01728000000002794	epochs	3.0
1281.5492396871948	0.03440000000000509	epochs	2.0
1281.5492396871948	0.017200000000002547	epochs	3.0
1281.5664396871948	0.017200000000002547	epochs	3.0
1281.5836396871948	0.034159999999928914	epochs	2.0
1281.5836396871948	0.017119999999977153	epochs	3.0
1281.6007596871948	0.01703999999995176	epochs	3.0
1281.6177996871947	0.033840000000054715	epochs	2.0
1281.6177996871947	0.01696000000015374	epochs	3.0
1281.634759687195	0.016879999999900974	epochs	3.0
1281.6516396871948	0.033599999999978536	epochs	2.0
1281.6516396871948	0.016800000000102955	epochs	3.0
1281.668439687195	0.01679999999987558	epochs	3.0
1281.6852396871948	0.03336000000012973	epochs	2.0
1281.6852396871948	0.01672000000007756	epochs	3.0
1281.7019596871949	0.01664000000005217	epochs	3.0
1281.718599687195	0.03311999999982618	epochs	2.0
1281.718599687195	0.016560000000026776	epochs	3.0
1281.735159687195	0.016559999999799402	epochs	3.0
1281.7517196871947	0.03280000000017935	epochs	2.0
1281.7517196871947	0.016400000000203363	epochs	3.0
1281.768119687195	0.01639999999997599	epochs	3.0
1281.784519687195	0.0325599999998758	epochs	2.0
1281.784519687195	0.016319999999950596	epochs	3.0
1281.8008396871949	0.016239999999925203	epochs	3.0
1281.8170796871948	0.03240000000005239	epochs	2.0
1281.8170796871948	0.016239999999925203	epochs	3.0
1281.8333196871947	0.016160000000127184	epochs	3.0
1281.8494796871948	0.032079999999950815	epochs	2.0
1281.8494796871948	0.016079999999874417	epochs	3.0
1281.8655596871947	0.016000000000076398	epochs	3.0
1281.8815596871948	0.0319200000001274	epochs	2.0
1281.8815596871948	0.016000000000076398	epochs	3.0
1281.8975596871949	0.015920000000051004	epochs	3.0
1281.913479687195	0.031599999999798456	epochs	2.0
1281.913479687195	0.015839999999798238	epochs	3.0
1281.9293196871947	0.01576000000000022	epochs	3.0
1281.9450796871947	0.03144000000020242	epochs	2.0
1281.9450796871947	0.01576000000000022	epochs	3.0
1281.9608396871947	0.0156800000002022	epochs	3.0
1281.976519687195	0.031199999999898864	epochs	2.0
1281.976519687195	0.015599999999949432	epochs	3.0
1281.9921196871949	0.015599999999949432	epochs	3.0
1282.0077196871948	0.03096000000005006	epochs	2.0
1282.0077196871948	0.015519999999924039	epochs	3.0
1282.0232396871947	0.01544000000012602	epochs	3.0
1282.0386796871949	0.03071999999997388	epochs	2.0
1282.0386796871949	0.015439999999898646	epochs	3.0
1282.0541196871948	0.015280000000075233	epochs	3.0
1282.0693996871948	0.030559999999923093	epochs	2.0
1282.0693996871948	0.015359999999873253	epochs	3.0
1282.0847596871947	0.01520000000004984	epochs	3.0
1282.0999596871948	0.030320000000074288	epochs	2.0
1282.0999596871948	0.01520000000004984	epochs	3.0
1282.1151596871948	0.015120000000024447	epochs	3.0
1282.1302796871948	0.030079999999998108	epochs	2.0
1282.1302796871948	0.015120000000024447	epochs	3.0
1282.1453996871949	0.014959999999973661	epochs	3.0
1282.1603596871948	0.029919999999947322	epochs	2.0
1282.1603596871948	0.015039999999999054	epochs	3.0
1282.1753996871948	0.014879999999948268	epochs	3.0
1282.1902796871948	0.029680000000098516	epochs	2.0
1282.1902796871948	0.014879999999948268	epochs	3.0
1282.2051596871947	0.014800000000150249	epochs	3.0
1282.219959687195	0.02952000000004773	epochs	2.0
1282.219959687195	0.014799999999922875	epochs	3.0
1282.2347596871948	0.014720000000124855	epochs	3.0
1282.249479687195	0.02927999999997155	epochs	2.0
1282.249479687195	0.014719999999897482	epochs	3.0
1282.2641996871948	0.01456000000007407	epochs	3.0
1282.278759687195	0.029119999999920765	epochs	2.0
1282.278759687195	0.014639999999872089	epochs	3.0
1282.2933996871948	0.014480000000048676	epochs	3.0
1282.3078796871948	0.028960000000097352	epochs	2.0
1282.3078796871948	0.014480000000048676	epochs	3.0
1282.3223596871949	0.014480000000048676	epochs	3.0
1282.336839687195	0.02863999999999578	epochs	2.0
1282.336839687195	0.01431999999999789	epochs	3.0
1282.351159687195	0.01431999999999789	epochs	3.0
1282.365479687195	0.028559999999970387	epochs	2.0
1282.365479687195	0.01431999999999789	epochs	3.0
1282.379799687195	0.014239999999972497	epochs	3.0
1282.394039687195	0.028319999999894208	epochs	2.0
1282.394039687195	0.014159999999947104	epochs	3.0
1282.4081996871948	0.014159999999947104	epochs	3.0
1282.4223596871948	0.028160000000070795	epochs	2.0
1282.4223596871948	0.014159999999947104	epochs	3.0
1282.4365196871947	0.014000000000123691	epochs	3.0
1282.4505196871949	0.02800000000002001	epochs	2.0
1282.4505196871949	0.013999999999896318	epochs	3.0
1282.4645196871948	0.014000000000123691	epochs	3.0
1282.4785196871949	0.02775999999994383	epochs	2.0
1282.4785196871949	0.013919999999870925	epochs	3.0
1282.4924396871947	0.013840000000072905	epochs	3.0
1282.5062796871948	0.027679999999918437	epochs	2.0
1282.5062796871948	0.013840000000072905	epochs	3.0
1282.520119687195	0.013839999999845531	epochs	3.0
1282.5339596871947	0.02744000000006963	epochs	2.0
1282.5339596871947	0.013760000000047512	epochs	3.0
1282.5477196871948	0.013680000000022119	epochs	3.0
1282.5613996871948	0.027280000000018845	epochs	2.0
1282.5613996871948	0.013680000000022119	epochs	3.0
1282.5750796871948	0.013599999999996726	epochs	3.0
1282.5886796871948	0.02711999999996806	epochs	2.0
1282.5886796871948	0.013519999999971333	epochs	3.0
1282.6021996871948	0.013599999999996726	epochs	3.0
1282.6157996871948	0.026880000000119253	epochs	2.0
1282.6157996871948	0.01343999999994594	epochs	3.0
1282.6292396871947	0.013440000000173313	epochs	3.0
1282.642679687195	0.026799999999866486	epochs	2.0
1282.642679687195	0.01343999999994594	epochs	3.0
1282.6561196871949	0.013359999999920547	epochs	3.0
1282.6694796871948	0.02656000000001768	epochs	2.0
1282.6694796871948	0.013280000000122527	epochs	3.0
1282.682759687195	0.013279999999895153	epochs	3.0
1282.6960396871948	0.026479999999992287	epochs	2.0
1282.6960396871948	0.013280000000122527	epochs	3.0
1282.709319687195	0.01319999999986976	epochs	3.0
1282.7225196871948	0.026240000000143482	epochs	2.0
1282.7225196871948	0.013120000000071741	epochs	3.0
1282.7356396871949	0.013120000000071741	epochs	3.0
1282.748759687195	0.026159999999890715	epochs	2.0
1282.748759687195	0.013119999999844367	epochs	3.0
1282.7618796871948	0.013040000000046348	epochs	3.0
1282.7749196871948	0.026000000000067303	epochs	2.0
1282.7749196871948	0.013040000000046348	epochs	3.0
1282.7879596871949	0.012960000000020955	epochs	3.0
1282.800919687195	0.025759999999991123	epochs	2.0
1282.800919687195	0.012879999999995562	epochs	3.0
1282.813799687195	0.012879999999995562	epochs	3.0
1282.8266796871949	0.02567999999996573	epochs	2.0
1282.8266796871949	0.012879999999995562	epochs	3.0
1282.8395596871949	0.012799999999970169	epochs	3.0
1282.8523596871948	0.025519999999914944	epochs	2.0
1282.8523596871948	0.012799999999970169	epochs	3.0
1282.8651596871948	0.012719999999944775	epochs	3.0
1282.8778796871948	0.02536000000009153	epochs	2.0
1282.8778796871948	0.01272000000017215	epochs	3.0
1282.890599687195	0.012639999999919382	epochs	3.0
1282.9032396871949	0.025200000000040745	epochs	2.0
1282.9032396871949	0.012639999999919382	epochs	3.0
1282.9158796871948	0.012560000000121363	epochs	3.0
1282.928439687195	0.0245599999998376	epochs	2.0
1282.9526796871949	0.5	epochs	-1.0
1282.9529996871947	0.5199200000001838	epochs	1.0
1283.472919687195	0.4800000000000182	epochs	0.0
1298.0119996070862	0.09999999999990905	epochs	0.0
1298.0119996070862	0.044959999999946376	epochs	1.0
1298.0569596070861	0.010080000000016298	epochs	1.0
1298.0670396070861	0.044959999999946376	epochs	1.0
1298.111999607086	2.0	epochs	0.0
1300.111999607086	0.5196800000001076	epochs	0.0
1300.111999607086	0.5196800000001076	epochs	1.0
1300.111999607086	0.5	epochs	-1.0
1300.611999607086	0.01968000000010761	epochs	-1.0
1300.6316796070862	21.480240000000094	epochs	0.0
1304.8709998130798	0.09999999999990905	epochs	0.0
1304.8709998130798	0.044959999999946376	epochs	1.0
1304.9159598130798	0.010080000000016298	epochs	1.0
1304.9260398130798	0.044959999999946376	epochs	1.0
1304.9709998130797	2.0	epochs	0.0
1306.9709998130797	21.999920000000202	epochs	0.0
1306.9709998130797	1.0	epochs	1.0
1306.9709998130797	0.5	epochs	-1.0
1307.4709998130797	19.999680000000126	epochs	-1.0
1307.9709998130797	20.0	epochs	1.0
1307.9709998130797	8.000000002539309e-05	epochs	2.0
1307.9710798130798	4.356719999999996	epochs	-1.0
1307.9710798130798	1.9745600000001104	epochs	2.0
1307.9710798130798	1.098560000000134	epochs	3.0
1309.06963981308	0.8759999999999764	epochs	3.0
1309.9456398130799	1.3523999999999887	epochs	2.0
1309.9456398130799	0.7286400000000413	epochs	3.0
1310.67427981308	0.6237599999999475	epochs	3.0
1311.2980398130799	1.0297599999998965	epochs	2.0
1311.2980398130799	0.5453600000000733	epochs	3.0
1311.84339981308	0.4843999999998232	epochs	3.0
1312.3277998130798	0.8317600000000311	epochs	2.0
1312.3277998130798	0.435760000000073	epochs	3.0
1312.7635598130798	0.39599999999995816	epochs	3.0
1313.1595598130798	0.697840000000042	epochs	2.0
1313.1595598130798	0.362880000000132	epochs	3.0
1313.52243981308	0.33495999999991	epochs	3.0
1313.8573998130798	0.6010400000000118	epochs	2.0
1313.8573998130798	0.3108799999999974	epochs	3.0
1314.1682798130798	0.2901600000000144	epochs	3.0
1314.4584398130798	0.5278399999999692	epochs	2.0
1314.4584398130798	0.2719199999999091	epochs	3.0
1314.7303598130798	0.2559200000000601	epochs	3.0
1314.9862798130798	0.47064000000000306	epochs	2.0
1314.9862798130798	0.2416800000000876	epochs	3.0
1315.22795981308	0.22895999999991545	epochs	3.0
1315.4569198130798	0.42455999999992855	epochs	2.0
1315.4569198130798	0.2174400000001242	epochs	3.0
1315.67435981308	0.20711999999980435	epochs	3.0
1315.8814798130797	0.3867200000001958	epochs	2.0
1315.8814798130797	0.1976799999999912	epochs	3.0
1316.0791598130797	0.1890400000002046	epochs	3.0
1316.26819981308	0.3551199999999426	epochs	2.0
1316.26819981308	0.1811999999999898	epochs	3.0
1316.44939981308	0.17391999999995278	epochs	3.0
1316.62331981308	0.3282400000000507	epochs	2.0
1316.62331981308	0.16719999999986612	epochs	3.0
1316.7905198130798	0.1610400000001846	epochs	3.0
1316.95155981308	0.3051999999997861	epochs	2.0
1316.95155981308	0.1552799999999479	epochs	3.0
1317.10683981308	0.14991999999983818	epochs	3.0
1317.2567598130797	0.28512000000000626	epochs	2.0
1317.2567598130797	0.1448800000000574	epochs	3.0
1317.4016398130798	0.14023999999994885	epochs	3.0
1317.5418798130797	0.2675200000001041	epochs	2.0
1317.5418798130797	0.13584000000014385	epochs	3.0
1317.6777198130799	0.13167999999996027	epochs	3.0
1317.8093998130798	0.2520799999999781	epochs	2.0
1317.8093998130798	0.12784000000010565	epochs	3.0
1317.93723981308	0.12423999999987245	epochs	3.0
1318.0614798130798	0.23816000000010717	epochs	2.0
1318.0614798130798	0.1207200000001194	epochs	3.0
1318.18219981308	0.11743999999998778	epochs	3.0
1318.29963981308	0.22583999999983462	epochs	2.0
1318.29963981308	0.11439999999993233	epochs	3.0
1318.4140398130799	0.11143999999990228	epochs	3.0
1318.5254798130798	0.21464000000014494	epochs	2.0
1318.5254798130798	0.1086400000001504	epochs	3.0
1318.63411981308	0.10599999999999454	epochs	3.0
1318.74011981308	0.20447999999987587	epochs	2.0
1318.74011981308	0.10343999999986409	epochs	3.0
1318.8435598130798	0.10104000000001179	epochs	3.0
1318.9445998130798	0.1953600000001643	epochs	2.0
1318.9445998130798	0.0987999999999829	epochs	3.0
1319.0433998130798	0.09656000000018139	epochs	3.0
1319.13995981308	0.18695999999999913	epochs	2.0
1319.13995981308	0.09447999999997592	epochs	3.0
1319.23443981308	0.09248000000002321	epochs	3.0
1319.32691981308	0.17919999999980973	epochs	2.0
1319.32691981308	0.09047999999984313	epochs	3.0
1319.4173998130798	0.0887199999999666	epochs	3.0
1319.5061198130797	0.17208000000005086	epochs	2.0
1319.5061198130797	0.08688000000006468	epochs	3.0
1319.5929998130798	0.08519999999998618	epochs	3.0
1319.6781998130798	0.165520000000015	epochs	2.0
1319.6781998130798	0.08359999999993306	epochs	3.0
1319.7617998130797	0.08192000000008193	epochs	3.0
1319.8437198130798	0.1595199999999295	epochs	2.0
1319.8437198130798	0.0804800000000796	epochs	3.0
1319.92419981308	0.0790399999998499	epochs	3.0
1320.0032398130797	0.15376000000014756	epochs	2.0
1320.0032398130797	0.07760000000007494	epochs	3.0
1320.0808398130798	0.07616000000007261	epochs	3.0
1320.15699981308	0.14855999999986125	epochs	2.0
1320.15699981308	0.07495999999991909	epochs	3.0
1320.2319598130798	0.07359999999994216	epochs	3.0
1320.3055598130798	0.14368000000013126	epochs	2.0
1320.3055598130798	0.0724800000000414	epochs	3.0
1320.3780398130798	0.07120000000008986	epochs	3.0
1320.4492398130799	0.1390400000000227	epochs	2.0
1320.4492398130799	0.07007999999996173	epochs	3.0
1320.5193198130798	0.06896000000006097	epochs	3.0
1320.58827981308	0.13472000000001572	epochs	2.0
1320.58827981308	0.06791999999995824	epochs	3.0
1320.6561998130799	0.06680000000005748	epochs	3.0
1320.72299981308	0.13071999999988293	epochs	2.0
1320.72299981308	0.06583999999998014	epochs	3.0
1320.78883981308	0.0648799999999028	epochs	3.0
1320.8537198130798	0.1268000000000029	epochs	2.0
1320.8537198130798	0.06384000000002743	epochs	3.0
1320.9175598130798	0.06295999999997548	epochs	3.0
1320.9805198130798	0.12328000000002248	epochs	2.0
1320.9805198130798	0.06207999999992353	epochs	3.0
1321.0425998130797	0.06120000000009895	epochs	3.0
1321.1037998130798	0.11984000000006745	epochs	2.0
1321.1037998130798	0.060320000000047	epochs	3.0
1321.1641198130799	0.059520000000020445	epochs	3.0
1321.22363981308	0.11663999999996122	epochs	2.0
1321.22363981308	0.05871999999999389	epochs	3.0
1321.28235981308	0.05791999999996733	epochs	3.0
1321.3402798130799	0.11359999999990578	epochs	2.0
1321.3402798130799	0.05719999999996617	epochs	3.0
1321.3974798130798	0.05639999999993961	epochs	3.0
1321.4538798130798	0.1107200000001285	epochs	2.0
1321.4538798130798	0.05568000000016582	epochs	3.0
1321.50955981308	0.055039999999962674	epochs	3.0
1321.56459981308	0.10791999999992186	epochs	2.0
1321.56459981308	0.05423999999993612	epochs	3.0
1321.6188398130798	0.05367999999998574	epochs	3.0
1321.6725198130798	0.10527999999999338	epochs	2.0
1321.6725198130798	0.052959999999984575	epochs	3.0
1321.7254798130798	0.052320000000008804	epochs	3.0
1321.7777998130798	0.10287999999991371	epochs	2.0
1321.7777998130798	0.051760000000058426	epochs	3.0
1321.8295598130799	0.05111999999985528	epochs	3.0
1321.8806798130797	0.10040000000003602	epochs	2.0
1321.8806798130797	0.050480000000106884	epochs	3.0
1321.9311598130798	0.04991999999992913	epochs	3.0
1321.9810798130798	0.09824000000003252	epochs	2.0
1321.9810798130798	0.049359999999978754	epochs	3.0
1322.0304398130797	0.04888000000005377	epochs	3.0
1322.0793198130798	0.09600000000000364	epochs	2.0
1322.0793198130798	0.048240000000078	epochs	3.0
1322.1275598130799	0.04775999999992564	epochs	3.0
1322.1753198130798	0.09392000000002554	epochs	2.0
1322.1753198130798	0.04719999999997526	epochs	3.0
1322.2225198130798	0.04672000000005028	epochs	3.0
1322.2692398130798	0.09192000000007283	epochs	2.0
1322.2692398130798	0.0461600000000999	epochs	3.0
1322.31539981308	0.04575999999997293	epochs	3.0
1322.36115981308	0.09007999999994354	epochs	2.0
1322.36115981308	0.04528000000004795	epochs	3.0
1322.40643981308	0.04479999999989559	epochs	3.0
1322.4512398130798	0.08816000000001623	epochs	2.0
1322.4512398130798	0.044319999999970605	epochs	3.0
1322.4955598130798	0.04384000000004562	epochs	3.0
1322.5393998130799	0.08647999999993772	epochs	2.0
1322.5393998130799	0.043439999999918655	epochs	3.0
1322.5828398130798	0.04304000000001906	epochs	3.0
1322.6258798130798	0.08472000000006119	epochs	2.0
1322.6258798130798	0.04256000000009408	epochs	3.0
1322.6684398130799	0.04215999999996711	epochs	3.0
1322.7105998130799	0.08320000000003347	epochs	2.0
1322.7105998130799	0.04176000000006752	epochs	3.0
1322.75235981308	0.04143999999996595	epochs	3.0
1322.7937998130799	0.08151999999995496	epochs	2.0
1322.7937998130799	0.040960000000040964	epochs	3.0
1322.83475981308	0.040559999999914	epochs	3.0
1322.8753198130798	0.08007999999995263	epochs	2.0
1322.8753198130798	0.0402400000000398	epochs	3.0
1322.9155598130799	0.039839999999912834	epochs	3.0
1322.9553998130798	0.0786399999999503	epochs	2.0
1322.9553998130798	0.039520000000038635	epochs	3.0
1322.9949198130798	0.03911999999991167	epochs	3.0
1323.0340398130797	0.07720000000017535	epochs	2.0
1323.0340398130797	0.03880000000003747	epochs	3.0
1323.0728398130798	0.03840000000013788	epochs	3.0
1323.11123981308	0.07591999999999643	epochs	2.0
1323.11123981308	0.038159999999834326	epochs	3.0
1323.1493998130798	0.03776000000016211	epochs	3.0
1323.18715981308	0.0745600000000195	epochs	2.0
1323.18715981308	0.03743999999983316	epochs	3.0
1323.2245998130797	0.03712000000018634	epochs	3.0
1323.26171981308	0.07335999999986598	epochs	2.0
1323.26171981308	0.03679999999985739	epochs	3.0
1323.2985198130798	0.036560000000008586	epochs	3.0
1323.3350798130798	0.07208000000014181	epochs	2.0
1323.3350798130798	0.036160000000108994	epochs	3.0
1323.37123981308	0.035920000000032815	epochs	3.0
1323.40715981308	0.07087999999998829	epochs	2.0
1323.40715981308	0.03559999999993124	epochs	3.0
1323.4427598130799	0.035280000000057044	epochs	3.0
1323.47803981308	0.06983999999988555	epochs	2.0
1323.47803981308	0.035039999999980864	epochs	3.0
1323.51307981308	0.034799999999904685	epochs	3.0
1323.5478798130798	0.0686399999999594	epochs	2.0
1323.5478798130798	0.034480000000030486	epochs	3.0
1323.5823598130798	0.034159999999928914	epochs	3.0
1323.6165198130798	0.06760000000008404	epochs	2.0
1323.6165198130798	0.03392000000008011	epochs	3.0
1323.6504398130799	0.03368000000000393	epochs	3.0
1323.6841198130799	0.0665599999999813	epochs	2.0
1323.6841198130799	0.03343999999992775	epochs	3.0
1323.7175598130798	0.03312000000005355	epochs	3.0
1323.7506798130798	0.06559999999990396	epochs	2.0
1323.7506798130798	0.032960000000002765	epochs	3.0
1323.7836398130798	0.03263999999990119	epochs	3.0
1323.8162798130797	0.0645600000000286	epochs	2.0
1323.8162798130797	0.03240000000005239	epochs	3.0
1323.8486798130798	0.03215999999997621	epochs	3.0
1323.8808398130798	0.06367999999997664	epochs	2.0
1323.8808398130798	0.032000000000152795	epochs	3.0
1323.91283981308	0.03167999999982385	epochs	3.0
1323.9445198130798	0.06272000000012667	epochs	2.0
1323.9445198130798	0.03143999999997504	epochs	3.0
1323.9759598130797	0.03128000000015163	epochs	3.0
1324.0072398130799	0.06183999999984735	epochs	2.0
1324.0072398130799	0.031039999999848078	epochs	3.0
1324.0382798130797	0.030799999999999272	epochs	3.0
1324.0690798130797	0.060960000000022774	epochs	2.0
1324.0690798130797	0.030560000000150467	epochs	3.0
1324.0996398130799	0.030399999999872307	epochs	3.0
1324.1300398130797	0.060159999999996217	epochs	2.0
1324.1300398130797	0.0301600000000235	epochs	3.0
1324.1601998130798	0.029999999999972715	epochs	3.0
1324.1901998130797	0.05928000000017164	epochs	2.0
1324.1901998130797	0.029680000000098516	epochs	3.0
1324.2198798130798	0.029600000000073123	epochs	3.0
1324.24947981308	0.05847999999991771	epochs	2.0
1324.24947981308	0.029359999999996944	epochs	3.0
1324.27883981308	0.029119999999920765	epochs	3.0
1324.3079598130798	0.057759999999916545	epochs	2.0
1324.3079598130798	0.028960000000097352	epochs	3.0
1324.33691981308	0.028799999999819192	epochs	3.0
1324.3657198130797	0.05696000000011736	epochs	2.0
1324.3657198130797	0.028559999999970387	epochs	3.0
1324.3942798130797	0.028400000000146974	epochs	3.0
1324.4226798130799	0.05623999999988882	epochs	2.0
1324.4226798130799	0.028160000000070795	epochs	3.0
1324.45083981308	0.02807999999981803	epochs	3.0
1324.4789198130798	0.05544000000008964	epochs	2.0
1324.4789198130798	0.027839999999969223	epochs	3.0
1324.5067598130797	0.027600000000120417	epochs	3.0
1324.5343598130798	0.05487999999991189	epochs	2.0
1324.5343598130798	0.027520000000095024	epochs	3.0
1324.56187981308	0.027359999999816864	epochs	3.0
1324.5892398130798	0.054080000000112705	epochs	2.0
1324.5892398130798	0.02711999999996806	epochs	3.0
1324.6163598130797	0.026960000000144646	epochs	3.0
1324.6433198130799	0.05343999999990956	epochs	2.0
1324.6433198130799	0.026799999999866486	epochs	3.0
1324.6701198130797	0.026640000000043074	epochs	3.0
1324.6967598130798	0.05287999999995918	epochs	2.0
1324.6967598130798	0.026479999999992287	epochs	3.0
1324.7232398130798	0.026399999999966894	epochs	3.0
1324.7496398130797	0.05216000000018539	epochs	2.0
1324.7496398130797	0.02616000000011809	epochs	3.0
1324.7757998130799	0.026000000000067303	epochs	3.0
1324.80179981308	0.05151999999998225	epochs	2.0
1324.80179981308	0.025840000000016516	epochs	3.0
1324.82763981308	0.02567999999996573	epochs	3.0
1324.85331981308	0.05096000000003187	epochs	2.0
1324.85331981308	0.025599999999940337	epochs	3.0
1324.8789198130798	0.02536000000009153	epochs	3.0
1324.90427981308	0.05039999999985412	epochs	2.0
1324.90427981308	0.025279999999838765	epochs	3.0
1324.9295598130798	0.025120000000015352	epochs	3.0
1324.9546798130798	0.04976000000010572	epochs	2.0
1324.9546798130798	0.024959999999964566	epochs	3.0
1324.9796398130798	0.024800000000141154	epochs	3.0
1325.00443981308	0.04919999999992797	epochs	2.0
1325.00443981308	0.024639999999862994	epochs	3.0
1325.0290798130798	0.024560000000064974	epochs	3.0
1325.0536398130798	0.04872000000000298	epochs	2.0
1325.0536398130798	0.024400000000014188	epochs	3.0
1325.0780398130798	0.024319999999988795	epochs	3.0
1325.1023598130798	0.04808000000002721	epochs	2.0
1325.1023598130798	0.024079999999912616	epochs	3.0
1325.1264398130797	0.024000000000114596	epochs	3.0
1325.1504398130799	0.047599999999874854	epochs	2.0
1325.1504398130799	0.02384000000006381	epochs	3.0
1325.17427981308	0.023759999999811043	epochs	3.0
1325.1980398130797	0.04712000000017724	epochs	2.0
1325.1980398130797	0.023600000000215005	epochs	3.0
1325.22163981308	0.023519999999962238	epochs	3.0
1325.24515981308	0.04655999999999949	epochs	2.0
1325.24515981308	0.02335999999991145	epochs	3.0
1325.2685198130798	0.02320000000008804	epochs	3.0
1325.29171981308	0.04607999999984713	epochs	2.0
1325.29171981308	0.023119999999835272	epochs	3.0
1325.3148398130797	0.02296000000001186	epochs	3.0
1325.3377998130798	0.04560000000014952	epochs	2.0
1325.3377998130798	0.022879999999986467	epochs	3.0
1325.3606798130797	0.022720000000163054	epochs	3.0
1325.38339981308	0.04511999999999716	epochs	2.0
1325.38339981308	0.022639999999910287	epochs	3.0
1325.4060398130798	0.022480000000086875	epochs	3.0
1325.42851981308	0.044639999999844804	epochs	2.0
1325.42851981308	0.022399999999834108	epochs	3.0
1325.4509198130797	0.022240000000010696	epochs	3.0
1325.4731598130797	0.044240000000172586	epochs	2.0
1325.4731598130797	0.022159999999985303	epochs	3.0
1325.4953198130797	0.022080000000187283	epochs	3.0
1325.51739981308	0.04376000000002023	epochs	2.0
1325.51739981308	0.021919999999909123	epochs	3.0
1325.5393198130798	0.021840000000111104	epochs	3.0
1325.56115981308	0.04335999999989326	epochs	2.0
1325.56115981308	0.021759999999858337	epochs	3.0
1325.5829198130798	0.021600000000034925	epochs	3.0
1325.6045198130798	0.04287999999996828	epochs	2.0
1325.6045198130798	0.02143999999998414	epochs	3.0
1325.6259598130798	0.02143999999998414	epochs	3.0
1325.6473998130798	0.042480000000068685	epochs	2.0
1325.6473998130798	0.021279999999933352	epochs	3.0
1325.6686798130797	0.021200000000135333	epochs	3.0
1325.6898798130799	0.04207999999994172	epochs	2.0
1325.6898798130799	0.021039999999857173	epochs	3.0
1325.7109198130797	0.021040000000084547	epochs	3.0
1325.7319598130798	0.04168000000004213	epochs	2.0
1325.7319598130798	0.02088000000003376	epochs	3.0
1325.7528398130798	0.020800000000008367	epochs	3.0
1325.7736398130799	0.04119999999988977	epochs	2.0
1325.7736398130799	0.02063999999995758	epochs	3.0
1325.7942798130798	0.020559999999932188	epochs	3.0
1325.8148398130797	0.04088000000001557	epochs	2.0
1325.8148398130797	0.020560000000159562	epochs	3.0
1325.83539981308	0.02031999999985601	epochs	3.0
1325.8557198130798	0.04056000000014137	epochs	2.0
1325.8557198130798	0.020320000000083382	epochs	3.0
1325.8760398130798	0.02024000000005799	epochs	3.0
1325.89627981308	0.04007999999998901	epochs	2.0
1325.89627981308	0.020080000000007203	epochs	3.0
1325.91635981308	0.01999999999998181	epochs	3.0
1325.93635981308	0.03975999999988744	epochs	2.0
1325.93635981308	0.019919999999956417	epochs	3.0
1325.9562798130798	0.019839999999931024	epochs	3.0
1325.9761198130798	0.03944000000001324	epochs	2.0
1325.9761198130798	0.019760000000133005	epochs	3.0
1325.99587981308	0.019679999999880238	epochs	3.0
1326.0155598130798	0.03904000000011365	epochs	2.0
1326.0155598130798	0.019520000000056825	epochs	3.0
1326.0350798130798	0.019520000000056825	epochs	3.0
1326.05459981308	0.038639999999986685	epochs	2.0
1326.05459981308	0.01936000000000604	epochs	3.0
1326.07395981308	0.019279999999980646	epochs	3.0
1326.09323981308	0.038399999999910506	epochs	2.0
1326.09323981308	0.019279999999980646	epochs	3.0
1326.1125198130799	0.01911999999992986	epochs	3.0
1326.1316398130798	0.038000000000010914	epochs	2.0
1326.1316398130798	0.01904000000013184	epochs	3.0
1326.15067981308	0.018959999999879074	epochs	3.0
1326.1696398130798	0.03767999999990934	epochs	2.0
1326.1696398130798	0.018880000000081054	epochs	3.0
1326.18851981308	0.018799999999828287	epochs	3.0
1326.2073198130797	0.03736000000003514	epochs	2.0
1326.2073198130797	0.018720000000030268	epochs	3.0
1326.2260398130798	0.018640000000004875	epochs	3.0
1326.2446798130798	0.037040000000160944	epochs	2.0
1326.2446798130798	0.018559999999979482	epochs	3.0
1326.2632398130797	0.018480000000181462	epochs	3.0
1326.28171981308	0.036719999999832	epochs	2.0
1326.28171981308	0.018399999999928696	epochs	3.0
1326.3001198130798	0.018319999999903303	epochs	3.0
1326.3184398130797	0.03647999999998319	epochs	2.0
1326.3184398130797	0.018240000000105283	epochs	3.0
1326.3366798130799	0.01823999999987791	epochs	3.0
1326.3549198130797	0.0360800000000836	epochs	2.0
1326.3549198130797	0.018080000000054497	epochs	3.0
1326.3729998130798	0.018000000000029104	epochs	3.0
1326.3909998130798	0.03584000000000742	epochs	2.0
1326.3909998130798	0.01792000000000371	epochs	3.0
1326.4089198130798	0.01792000000000371	epochs	3.0
1326.4268398130798	0.03551999999990585	epochs	2.0
1326.4268398130798	0.017759999999952925	epochs	3.0
1326.4445998130798	0.017759999999952925	epochs	3.0
1326.4623598130797	0.03520000000003165	epochs	2.0
1326.4623598130797	0.017680000000154905	epochs	3.0
1326.4800398130799	0.017519999999876745	epochs	3.0
1326.4975598130798	0.034960000000182845	epochs	2.0
1326.4975598130798	0.01752000000010412	epochs	3.0
1326.5150798130799	0.017440000000078726	epochs	3.0
1326.53251981308	0.03471999999987929	epochs	2.0
1326.53251981308	0.017439999999851352	epochs	3.0
1326.5499598130798	0.01728000000002794	epochs	3.0
1326.5672398130798	0.03440000000000509	epochs	2.0
1326.5672398130798	0.017200000000002547	epochs	3.0
1326.5844398130798	0.017200000000002547	epochs	3.0
1326.6016398130798	0.034159999999928914	epochs	2.0
1326.6016398130798	0.017119999999977153	epochs	3.0
1326.6187598130798	0.01703999999995176	epochs	3.0
1326.6357998130798	0.033840000000054715	epochs	2.0
1326.6357998130798	0.01696000000015374	epochs	3.0
1326.65275981308	0.016879999999900974	epochs	3.0
1326.6696398130798	0.033599999999978536	epochs	2.0
1326.6696398130798	0.016800000000102955	epochs	3.0
1326.68643981308	0.01679999999987558	epochs	3.0
1326.7032398130798	0.03336000000012973	epochs	2.0
1326.7032398130798	0.01672000000007756	epochs	3.0
1326.7199598130799	0.01664000000005217	epochs	3.0
1326.73659981308	0.03311999999982618	epochs	2.0
1326.73659981308	0.016560000000026776	epochs	3.0
1326.75315981308	0.016559999999799402	epochs	3.0
1326.7697198130797	0.03280000000017935	epochs	2.0
1326.7697198130797	0.016400000000203363	epochs	3.0
1326.78611981308	0.01639999999997599	epochs	3.0
1326.80251981308	0.0325599999998758	epochs	2.0
1326.80251981308	0.016319999999950596	epochs	3.0
1326.8188398130799	0.016239999999925203	epochs	3.0
1326.8350798130798	0.03240000000005239	epochs	2.0
1326.8350798130798	0.016239999999925203	epochs	3.0
1326.8513198130797	0.016160000000127184	epochs	3.0
1326.8674798130799	0.032079999999950815	epochs	2.0
1326.8674798130799	0.016079999999874417	epochs	3.0
1326.8835598130797	0.016000000000076398	epochs	3.0
1326.8995598130798	0.0319200000001274	epochs	2.0
1326.8995598130798	0.016000000000076398	epochs	3.0
1326.9155598130799	0.015920000000051004	epochs	3.0
1326.93147981308	0.031599999999798456	epochs	2.0
1326.93147981308	0.015839999999798238	epochs	3.0
1326.9473198130797	0.01576000000000022	epochs	3.0
1326.9630798130797	0.03144000000020242	epochs	2.0
1326.9630798130797	0.01576000000000022	epochs	3.0
1326.9788398130797	0.0156800000002022	epochs	3.0
1326.99451981308	0.031199999999898864	epochs	2.0
1326.99451981308	0.015599999999949432	epochs	3.0
1327.0101198130799	0.015599999999949432	epochs	3.0
1327.0257198130798	0.03096000000005006	epochs	2.0
1327.0257198130798	0.015519999999924039	epochs	3.0
1327.0412398130798	0.01544000000012602	epochs	3.0
1327.0566798130799	0.03071999999997388	epochs	2.0
1327.0566798130799	0.015439999999898646	epochs	3.0
1327.0721198130798	0.015280000000075233	epochs	3.0
1327.0873998130799	0.030559999999923093	epochs	2.0
1327.0873998130799	0.015359999999873253	epochs	3.0
1327.1027598130797	0.01520000000004984	epochs	3.0
1327.1179598130798	0.030320000000074288	epochs	2.0
1327.1179598130798	0.01520000000004984	epochs	3.0
1327.1331598130798	0.015120000000024447	epochs	3.0
1327.1482798130799	0.030079999999998108	epochs	2.0
1327.1482798130799	0.015120000000024447	epochs	3.0
1327.1633998130799	0.014959999999973661	epochs	3.0
1327.1783598130799	0.029919999999947322	epochs	2.0
1327.1783598130799	0.015039999999999054	epochs	3.0
1327.1933998130798	0.014879999999948268	epochs	3.0
1327.2082798130798	0.029680000000098516	epochs	2.0
1327.2082798130798	0.014879999999948268	epochs	3.0
1327.2231598130797	0.014800000000150249	epochs	3.0
1327.23795981308	0.02952000000004773	epochs	2.0
1327.23795981308	0.014799999999922875	epochs	3.0
1327.2527598130798	0.014720000000124855	epochs	3.0
1327.26747981308	0.02927999999997155	epochs	2.0
1327.26747981308	0.014719999999897482	epochs	3.0
1327.2821998130798	0.01456000000007407	epochs	3.0
1327.29675981308	0.029119999999920765	epochs	2.0
1327.29675981308	0.014639999999872089	epochs	3.0
1327.3113998130798	0.014480000000048676	epochs	3.0
1327.3258798130798	0.028960000000097352	epochs	2.0
1327.3258798130798	0.014480000000048676	epochs	3.0
1327.3403598130799	0.014480000000048676	epochs	3.0
1327.35483981308	0.02863999999999578	epochs	2.0
1327.35483981308	0.01431999999999789	epochs	3.0
1327.36915981308	0.01431999999999789	epochs	3.0
1327.38347981308	0.028559999999970387	epochs	2.0
1327.38347981308	0.01431999999999789	epochs	3.0
1327.39779981308	0.014239999999972497	epochs	3.0
1327.41203981308	0.028319999999894208	epochs	2.0
1327.41203981308	0.014159999999947104	epochs	3.0
1327.4261998130798	0.014159999999947104	epochs	3.0
1327.4403598130798	0.028160000000070795	epochs	2.0
1327.4403598130798	0.014159999999947104	epochs	3.0
1327.4545198130797	0.014000000000123691	epochs	3.0
1327.4685198130799	0.02800000000002001	epochs	2.0
1327.4685198130799	0.013999999999896318	epochs	3.0
1327.4825198130798	0.014000000000123691	epochs	3.0
1327.4965198130799	0.02775999999994383	epochs	2.0
1327.4965198130799	0.013919999999870925	epochs	3.0
1327.5104398130798	0.013840000000072905	epochs	3.0
1327.5242798130798	0.027679999999918437	epochs	2.0
1327.5242798130798	0.013840000000072905	epochs	3.0
1327.53811981308	0.013839999999845531	epochs	3.0
1327.5519598130797	0.02744000000006963	epochs	2.0
1327.5519598130797	0.013760000000047512	epochs	3.0
1327.5657198130798	0.013680000000022119	epochs	3.0
1327.5793998130798	0.027280000000018845	epochs	2.0
1327.5793998130798	0.013680000000022119	epochs	3.0
1327.5930798130798	0.013599999999996726	epochs	3.0
1327.6066798130798	0.02711999999996806	epochs	2.0
1327.6066798130798	0.013519999999971333	epochs	3.0
1327.6201998130798	0.013599999999996726	epochs	3.0
1327.6337998130798	0.026880000000119253	epochs	2.0
1327.6337998130798	0.01343999999994594	epochs	3.0
1327.6472398130798	0.013440000000173313	epochs	3.0
1327.66067981308	0.026799999999866486	epochs	2.0
1327.66067981308	0.01343999999994594	epochs	3.0
1327.6741198130799	0.013359999999920547	epochs	3.0
1327.6874798130798	0.02656000000001768	epochs	2.0
1327.6874798130798	0.013280000000122527	epochs	3.0
1327.70075981308	0.013279999999895153	epochs	3.0
1327.7140398130798	0.026479999999992287	epochs	2.0
1327.7140398130798	0.013280000000122527	epochs	3.0
1327.72731981308	0.01319999999986976	epochs	3.0
1327.7405198130798	0.026240000000143482	epochs	2.0
1327.7405198130798	0.013120000000071741	epochs	3.0
1327.7536398130799	0.013120000000071741	epochs	3.0
1327.76675981308	0.026159999999890715	epochs	2.0
1327.76675981308	0.013119999999844367	epochs	3.0
1327.7798798130798	0.013040000000046348	epochs	3.0
1327.7929198130798	0.026000000000067303	epochs	2.0
1327.7929198130798	0.013040000000046348	epochs	3.0
1327.8059598130799	0.012960000000020955	epochs	3.0
1327.81891981308	0.025759999999991123	epochs	2.0
1327.81891981308	0.012879999999995562	epochs	3.0
1327.83179981308	0.012879999999995562	epochs	3.0
1327.84467981308	0.02567999999996573	epochs	2.0
1327.84467981308	0.012879999999995562	epochs	3.0
1327.85755981308	0.012799999999970169	epochs	3.0
1327.8703598130799	0.025519999999914944	epochs	2.0
1327.8703598130799	0.012799999999970169	epochs	3.0
1327.8831598130798	0.012719999999944775	epochs	3.0
1327.8958798130798	0.02536000000009153	epochs	2.0
1327.8958798130798	0.01272000000017215	epochs	3.0
1327.90859981308	0.012639999999919382	epochs	3.0
1327.9212398130799	0.025200000000040745	epochs	2.0
1327.9212398130799	0.012639999999919382	epochs	3.0
1327.9338798130798	0.012560000000121363	epochs	3.0
1327.94643981308	0.0245599999998376	epochs	2.0
1327.9706798130799	0.5	epochs	-1.0
1327.9709998130797	0.999920000000202	epochs	1.0
1328.4706798130799	0.5	epochs	-1.0
1333.418999671936	0.09999999999990905	epochs	0.0
1333.418999671936	0.044959999999946376	epochs	1.0
1333.463959671936	0.010080000000016298	epochs	1.0
1333.474039671936	0.044959999999946376	epochs	1.0
1333.518999671936	2.0	epochs	0.0
1335.518999671936	0.5200800000000072	epochs	0.0
1335.518999671936	0.5200800000000072	epochs	1.0
1335.518999671936	0.5	epochs	-1.0
1336.018999671936	0.020080000000007203	epochs	-1.0
1336.039079671936	21.479840000000195	epochs	0.0
1340.356999874115	0.09999999999990905	epochs	0.0
1340.356999874115	0.044959999999946376	epochs	1.0
1340.401959874115	0.010080000000016298	epochs	1.0
1340.412039874115	0.044959999999946376	epochs	1.0
1340.456999874115	2.0	epochs	0.0
1342.456999874115	5.3596	epochs	0.0
1342.456999874115	1.0	epochs	1.0
1342.456999874115	0.5	epochs	-1.0
1342.956999874115	4.8596	epochs	-1.0
1343.456999874115	4.3596	epochs	1.0
1343.456999874115	8.000000002539309e-05	epochs	2.0
1343.457079874115	4.356719999999996	epochs	-1.0
1343.457079874115	1.9745600000001104	epochs	2.0
1343.457079874115	1.098560000000134	epochs	3.0
1344.555639874115	0.8759999999999764	epochs	3.0
1345.431639874115	1.3523999999999887	epochs	2.0
1345.431639874115	0.7286400000000413	epochs	3.0
1346.160279874115	0.6237599999999475	epochs	3.0
1346.784039874115	1.0297599999998965	epochs	2.0
1346.784039874115	0.5453600000000733	epochs	3.0
1347.329399874115	0.4843999999998232	epochs	3.0
1347.813799874115	0.0027999999999792635	epochs	2.0
1347.813799874115	0.0027999999999792635	epochs	3.0
1347.816599874115	16.6403200000002	epochs	0.0
1352.2360000610352	0.09999999999990905	epochs	0.0
1352.2360000610352	0.044959999999946376	epochs	1.0
1352.280960061035	0.010080000000016298	epochs	1.0
1352.2910400610351	0.044959999999946376	epochs	1.0
1352.336000061035	2.0	epochs	0.0
1354.336000061035	21.999920000000202	epochs	0.0
1354.336000061035	1.0	epochs	1.0
1354.336000061035	0.5	epochs	-1.0
1354.836000061035	19.999520000000075	epochs	-1.0
1355.336000061035	20.0	epochs	1.0
1355.336000061035	8.000000002539309e-05	epochs	2.0
1355.336080061035	4.356719999999996	epochs	-1.0
1355.336080061035	1.9745600000001104	epochs	2.0
1355.336080061035	1.098560000000134	epochs	3.0
1356.4346400610352	0.8759999999999764	epochs	3.0
1357.3106400610352	1.3523999999999887	epochs	2.0
1357.3106400610352	0.7286400000000413	epochs	3.0
1358.0392800610352	0.6237599999999475	epochs	3.0
1358.6630400610352	1.0297599999998965	epochs	2.0
1358.6630400610352	0.5453600000000733	epochs	3.0
1359.2084000610353	0.4843999999998232	epochs	3.0
1359.692800061035	0.8317600000000311	epochs	2.0
1359.692800061035	0.435760000000073	epochs	3.0
1360.1285600610352	0.39599999999995816	epochs	3.0
1360.5245600610351	0.697840000000042	epochs	2.0
1360.5245600610351	0.362880000000132	epochs	3.0
1360.8874400610352	0.33495999999991	epochs	3.0
1361.2224000610352	0.6010400000000118	epochs	2.0
1361.2224000610352	0.3108799999999974	epochs	3.0
1361.5332800610352	0.2901600000000144	epochs	3.0
1361.8234400610352	0.5278399999999692	epochs	2.0
1361.8234400610352	0.2719199999999091	epochs	3.0
1362.095360061035	0.2559200000000601	epochs	3.0
1362.3512800610351	0.47064000000000306	epochs	2.0
1362.3512800610351	0.2416800000000876	epochs	3.0
1362.5929600610352	0.22895999999991545	epochs	3.0
1362.8219200610351	0.42455999999992855	epochs	2.0
1362.8219200610351	0.2174400000001242	epochs	3.0
1363.0393600610353	0.20711999999980435	epochs	3.0
1363.246480061035	0.3867200000001958	epochs	2.0
1363.246480061035	0.1976799999999912	epochs	3.0
1363.444160061035	0.1890400000002046	epochs	3.0
1363.6332000610353	0.3551199999999426	epochs	2.0
1363.6332000610353	0.1811999999999898	epochs	3.0
1363.8144000610353	0.17391999999995278	epochs	3.0
1363.9883200610352	0.3282400000000507	epochs	2.0
1363.9883200610352	0.16719999999986612	epochs	3.0
1364.155520061035	0.1610400000001846	epochs	3.0
1364.3165600610353	0.3051999999997861	epochs	2.0
1364.3165600610353	0.1552799999999479	epochs	3.0
1364.4718400610352	0.14991999999983818	epochs	3.0
1364.621760061035	0.28512000000000626	epochs	2.0
1364.621760061035	0.1448800000000574	epochs	3.0
1364.766640061035	0.14023999999994885	epochs	3.0
1364.906880061035	0.2675200000001041	epochs	2.0
1364.906880061035	0.13584000000014385	epochs	3.0
1365.0427200610352	0.13167999999996027	epochs	3.0
1365.1744000610352	0.2520799999999781	epochs	2.0
1365.1744000610352	0.12784000000010565	epochs	3.0
1365.3022400610353	0.12423999999987245	epochs	3.0
1365.4264800610351	0.23816000000010717	epochs	2.0
1365.4264800610351	0.1207200000001194	epochs	3.0
1365.5472000610353	0.11743999999998778	epochs	3.0
1365.6646400610352	0.22583999999983462	epochs	2.0
1365.6646400610352	0.11439999999993233	epochs	3.0
1365.7790400610352	0.11143999999990228	epochs	3.0
1365.890480061035	0.21464000000014494	epochs	2.0
1365.890480061035	0.1086400000001504	epochs	3.0
1365.9991200610352	0.10599999999999454	epochs	3.0
1366.1051200610352	0.20447999999987587	epochs	2.0
1366.1051200610352	0.10343999999986409	epochs	3.0
1366.208560061035	0.10104000000001179	epochs	3.0
1366.309600061035	0.1953600000001643	epochs	2.0
1366.309600061035	0.0987999999999829	epochs	3.0
1366.408400061035	0.09656000000018139	epochs	3.0
1366.5049600610353	0.18695999999999913	epochs	2.0
1366.5049600610353	0.09447999999997592	epochs	3.0
1366.5994400610352	0.09248000000002321	epochs	3.0
1366.6919200610353	0.17919999999980973	epochs	2.0
1366.6919200610353	0.09047999999984313	epochs	3.0
1366.782400061035	0.0887199999999666	epochs	3.0
1366.871120061035	0.17208000000005086	epochs	2.0
1366.871120061035	0.08688000000006468	epochs	3.0
1366.9580000610351	0.08519999999998618	epochs	3.0
1367.0432000610351	0.165520000000015	epochs	2.0
1367.0432000610351	0.08359999999993306	epochs	3.0
1367.126800061035	0.08192000000008193	epochs	3.0
1367.2087200610351	0.1595199999999295	epochs	2.0
1367.2087200610351	0.0804800000000796	epochs	3.0
1367.2892000610352	0.0790399999998499	epochs	3.0
1367.368240061035	0.15376000000014756	epochs	2.0
1367.368240061035	0.07760000000007494	epochs	3.0
1367.4458400610351	0.07616000000007261	epochs	3.0
1367.5220000610352	0.14855999999986125	epochs	2.0
1367.5220000610352	0.07495999999991909	epochs	3.0
1367.5969600610351	0.07359999999994216	epochs	3.0
1367.670560061035	0.14368000000013126	epochs	2.0
1367.670560061035	0.0724800000000414	epochs	3.0
1367.7430400610351	0.07120000000008986	epochs	3.0
1367.8142400610352	0.1390400000000227	epochs	2.0
1367.8142400610352	0.07007999999996173	epochs	3.0
1367.8843200610352	0.06896000000006097	epochs	3.0
1367.9532800610352	0.13472000000001572	epochs	2.0
1367.9532800610352	0.06791999999995824	epochs	3.0
1368.0212000610352	0.06680000000005748	epochs	3.0
1368.0880000610352	0.13071999999988293	epochs	2.0
1368.0880000610352	0.06583999999998014	epochs	3.0
1368.1538400610352	0.0648799999999028	epochs	3.0
1368.2187200610351	0.1268000000000029	epochs	2.0
1368.2187200610351	0.06384000000002743	epochs	3.0
1368.2825600610352	0.06295999999997548	epochs	3.0
1368.3455200610351	0.12328000000002248	epochs	2.0
1368.3455200610351	0.06207999999992353	epochs	3.0
1368.407600061035	0.06120000000009895	epochs	3.0
1368.4688000610352	0.11984000000006745	epochs	2.0
1368.4688000610352	0.060320000000047	epochs	3.0
1368.5291200610352	0.059520000000020445	epochs	3.0
1368.5886400610352	0.11663999999996122	epochs	2.0
1368.5886400610352	0.05871999999999389	epochs	3.0
1368.6473600610352	0.05791999999996733	epochs	3.0
1368.7052800610352	0.11359999999990578	epochs	2.0
1368.7052800610352	0.05719999999996617	epochs	3.0
1368.7624800610351	0.05639999999993961	epochs	3.0
1368.818880061035	0.1107200000001285	epochs	2.0
1368.818880061035	0.05568000000016582	epochs	3.0
1368.8745600610353	0.055039999999962674	epochs	3.0
1368.9296000610352	0.10791999999992186	epochs	2.0
1368.9296000610352	0.05423999999993612	epochs	3.0
1368.9838400610352	0.05367999999998574	epochs	3.0
1369.0375200610351	0.10527999999999338	epochs	2.0
1369.0375200610351	0.052959999999984575	epochs	3.0
1369.0904800610351	0.052320000000008804	epochs	3.0
1369.1428000610351	0.10287999999991371	epochs	2.0
1369.1428000610351	0.051760000000058426	epochs	3.0
1369.1945600610352	0.05111999999985528	epochs	3.0
1369.245680061035	0.10040000000003602	epochs	2.0
1369.245680061035	0.050480000000106884	epochs	3.0
1369.2961600610352	0.04991999999992913	epochs	3.0
1369.346080061035	0.09824000000003252	epochs	2.0
1369.346080061035	0.049359999999978754	epochs	3.0
1369.395440061035	0.04888000000005377	epochs	3.0
1369.4443200610351	0.09600000000000364	epochs	2.0
1369.4443200610351	0.048240000000078	epochs	3.0
1369.4925600610352	0.04775999999992564	epochs	3.0
1369.5403200610351	0.09392000000002554	epochs	2.0
1369.5403200610351	0.04719999999997526	epochs	3.0
1369.587520061035	0.04672000000005028	epochs	3.0
1369.6342400610351	0.09192000000007283	epochs	2.0
1369.6342400610351	0.0461600000000999	epochs	3.0
1369.6804000610352	0.04575999999997293	epochs	3.0
1369.7261600610352	0.09007999999994354	epochs	2.0
1369.7261600610352	0.04528000000004795	epochs	3.0
1369.7714400610353	0.04479999999989559	epochs	3.0
1369.8162400610352	0.08816000000001623	epochs	2.0
1369.8162400610352	0.044319999999970605	epochs	3.0
1369.8605600610351	0.04384000000004562	epochs	3.0
1369.9044000610352	0.08647999999993772	epochs	2.0
1369.9044000610352	0.043439999999918655	epochs	3.0
1369.947840061035	0.04304000000001906	epochs	3.0
1369.990880061035	0.08472000000006119	epochs	2.0
1369.990880061035	0.04256000000009408	epochs	3.0
1370.0334400610352	0.04215999999996711	epochs	3.0
1370.0756000610352	0.08320000000003347	epochs	2.0
1370.0756000610352	0.04176000000006752	epochs	3.0
1370.1173600610352	0.04143999999996595	epochs	3.0
1370.1588000610352	0.08151999999995496	epochs	2.0
1370.1588000610352	0.040960000000040964	epochs	3.0
1370.1997600610352	0.040559999999914	epochs	3.0
1370.2403200610352	0.08007999999995263	epochs	2.0
1370.2403200610352	0.0402400000000398	epochs	3.0
1370.2805600610352	0.039839999999912834	epochs	3.0
1370.3204000610351	0.0786399999999503	epochs	2.0
1370.3204000610351	0.039520000000038635	epochs	3.0
1370.3599200610352	0.03911999999991167	epochs	3.0
1370.399040061035	0.07720000000017535	epochs	2.0
1370.399040061035	0.03880000000003747	epochs	3.0
1370.437840061035	0.03840000000013788	epochs	3.0
1370.4762400610352	0.07591999999999643	epochs	2.0
1370.4762400610352	0.038159999999834326	epochs	3.0
1370.514400061035	0.03776000000016211	epochs	3.0
1370.5521600610352	0.0745600000000195	epochs	2.0
1370.5521600610352	0.03743999999983316	epochs	3.0
1370.589600061035	0.03712000000018634	epochs	3.0
1370.6267200610353	0.07335999999986598	epochs	2.0
1370.6267200610353	0.03679999999985739	epochs	3.0
1370.6635200610351	0.036560000000008586	epochs	3.0
1370.7000800610351	0.07208000000014181	epochs	2.0
1370.7000800610351	0.036160000000108994	epochs	3.0
1370.7362400610352	0.035920000000032815	epochs	3.0
1370.7721600610353	0.07087999999998829	epochs	2.0
1370.7721600610353	0.03559999999993124	epochs	3.0
1370.8077600610352	0.035280000000057044	epochs	3.0
1370.8430400610353	0.06983999999988555	epochs	2.0
1370.8430400610353	0.035039999999980864	epochs	3.0
1370.8780800610352	0.034799999999904685	epochs	3.0
1370.9128800610351	0.0686399999999594	epochs	2.0
1370.9128800610351	0.034480000000030486	epochs	3.0
1370.9473600610352	0.034159999999928914	epochs	3.0
1370.981520061035	0.06760000000008404	epochs	2.0
1370.981520061035	0.03392000000008011	epochs	3.0
1371.0154400610352	0.03368000000000393	epochs	3.0
1371.0491200610352	0.0665599999999813	epochs	2.0
1371.0491200610352	0.03343999999992775	epochs	3.0
1371.082560061035	0.03312000000005355	epochs	3.0
1371.1156800610352	0.06559999999990396	epochs	2.0
1371.1156800610352	0.032960000000002765	epochs	3.0
1371.1486400610352	0.03263999999990119	epochs	3.0
1371.181280061035	0.0645600000000286	epochs	2.0
1371.181280061035	0.03240000000005239	epochs	3.0
1371.2136800610351	0.03215999999997621	epochs	3.0
1371.245840061035	0.06367999999997664	epochs	2.0
1371.245840061035	0.032000000000152795	epochs	3.0
1371.2778400610352	0.03167999999982385	epochs	3.0
1371.309520061035	0.06272000000012667	epochs	2.0
1371.309520061035	0.03143999999997504	epochs	3.0
1371.340960061035	0.03128000000015163	epochs	3.0
1371.3722400610352	0.06183999999984735	epochs	2.0
1371.3722400610352	0.031039999999848078	epochs	3.0
1371.403280061035	0.030799999999999272	epochs	3.0
1371.434080061035	0.060960000000022774	epochs	2.0
1371.434080061035	0.030560000000150467	epochs	3.0
1371.4646400610352	0.030399999999872307	epochs	3.0
1371.495040061035	0.060159999999996217	epochs	2.0
1371.495040061035	0.0301600000000235	epochs	3.0
1371.525200061035	0.029999999999972715	epochs	3.0
1371.555200061035	0.05928000000017164	epochs	2.0
1371.555200061035	0.029680000000098516	epochs	3.0
1371.5848800610352	0.029600000000073123	epochs	3.0
1371.6144800610352	0.05847999999991771	epochs	2.0
1371.6144800610352	0.029359999999996944	epochs	3.0
1371.6438400610352	0.029119999999920765	epochs	3.0
1371.6729600610352	0.057759999999916545	epochs	2.0
1371.6729600610352	0.028960000000097352	epochs	3.0
1371.7019200610353	0.028799999999819192	epochs	3.0
1371.730720061035	0.05696000000011736	epochs	2.0
1371.730720061035	0.028559999999970387	epochs	3.0
1371.759280061035	0.028400000000146974	epochs	3.0
1371.7876800610352	0.05623999999988882	epochs	2.0
1371.7876800610352	0.028160000000070795	epochs	3.0
1371.8158400610353	0.02807999999981803	epochs	3.0
1371.843920061035	0.05544000000008964	epochs	2.0
1371.843920061035	0.027839999999969223	epochs	3.0
1371.871760061035	0.027600000000120417	epochs	3.0
1371.8993600610352	0.05487999999991189	epochs	2.0
1371.8993600610352	0.027520000000095024	epochs	3.0
1371.9268800610353	0.027359999999816864	epochs	3.0
1371.954240061035	0.054080000000112705	epochs	2.0
1371.954240061035	0.02711999999996806	epochs	3.0
1371.981360061035	0.026960000000144646	epochs	3.0
1372.0083200610352	0.05343999999990956	epochs	2.0
1372.0083200610352	0.026799999999866486	epochs	3.0
1372.035120061035	0.026640000000043074	epochs	3.0
1372.061760061035	0.05287999999995918	epochs	2.0
1372.061760061035	0.026479999999992287	epochs	3.0
1372.088240061035	0.026399999999966894	epochs	3.0
1372.114640061035	0.05216000000018539	epochs	2.0
1372.114640061035	0.02616000000011809	epochs	3.0
1372.1408000610352	0.026000000000067303	epochs	3.0
1372.1668000610352	0.05151999999998225	epochs	2.0
1372.1668000610352	0.025840000000016516	epochs	3.0
1372.1926400610353	0.02567999999996573	epochs	3.0
1372.2183200610352	0.05096000000003187	epochs	2.0
1372.2183200610352	0.025599999999940337	epochs	3.0
1372.2439200610352	0.02536000000009153	epochs	3.0
1372.2692800610353	0.05039999999985412	epochs	2.0
1372.2692800610353	0.025279999999838765	epochs	3.0
1372.294560061035	0.025120000000015352	epochs	3.0
1372.3196800610351	0.04976000000010572	epochs	2.0
1372.3196800610351	0.024959999999964566	epochs	3.0
1372.344640061035	0.024800000000141154	epochs	3.0
1372.3694400610352	0.04919999999992797	epochs	2.0
1372.3694400610352	0.024639999999862994	epochs	3.0
1372.394080061035	0.024560000000064974	epochs	3.0
1372.4186400610351	0.04872000000000298	epochs	2.0
1372.4186400610351	0.024400000000014188	epochs	3.0
1372.4430400610352	0.024319999999988795	epochs	3.0
1372.4673600610352	0.04808000000002721	epochs	2.0
1372.4673600610352	0.024079999999912616	epochs	3.0
1372.491440061035	0.024000000000114596	epochs	3.0
1372.5154400610352	0.047599999999874854	epochs	2.0
1372.5154400610352	0.02384000000006381	epochs	3.0
1372.5392800610352	0.023759999999811043	epochs	3.0
1372.563040061035	0.04712000000017724	epochs	2.0
1372.563040061035	0.023600000000215005	epochs	3.0
1372.5866400610353	0.023519999999962238	epochs	3.0
1372.6101600610352	0.04655999999999949	epochs	2.0
1372.6101600610352	0.02335999999991145	epochs	3.0
1372.6335200610351	0.02320000000008804	epochs	3.0
1372.6567200610352	0.04607999999984713	epochs	2.0
1372.6567200610352	0.023119999999835272	epochs	3.0
1372.679840061035	0.02296000000001186	epochs	3.0
1372.702800061035	0.04560000000014952	epochs	2.0
1372.702800061035	0.022879999999986467	epochs	3.0
1372.725680061035	0.022720000000163054	epochs	3.0
1372.7484000610352	0.04511999999999716	epochs	2.0
1372.7484000610352	0.022639999999910287	epochs	3.0
1372.7710400610351	0.022480000000086875	epochs	3.0
1372.7935200610352	0.044639999999844804	epochs	2.0
1372.7935200610352	0.022399999999834108	epochs	3.0
1372.815920061035	0.022240000000010696	epochs	3.0
1372.838160061035	0.044240000000172586	epochs	2.0
1372.838160061035	0.022159999999985303	epochs	3.0
1372.860320061035	0.022080000000187283	epochs	3.0
1372.8824000610352	0.04376000000002023	epochs	2.0
1372.8824000610352	0.021919999999909123	epochs	3.0
1372.9043200610352	0.021840000000111104	epochs	3.0
1372.9261600610353	0.04335999999989326	epochs	2.0
1372.9261600610353	0.021759999999858337	epochs	3.0
1372.9479200610351	0.021600000000034925	epochs	3.0
1372.9695200610352	0.04287999999996828	epochs	2.0
1372.9695200610352	0.02143999999998414	epochs	3.0
1372.9909600610351	0.02143999999998414	epochs	3.0
1373.0124000610351	0.042480000000068685	epochs	2.0
1373.0124000610351	0.021279999999933352	epochs	3.0
1373.033680061035	0.021200000000135333	epochs	3.0
1373.0548800610352	0.04207999999994172	epochs	2.0
1373.0548800610352	0.021039999999857173	epochs	3.0
1373.075920061035	0.021040000000084547	epochs	3.0
1373.0969600610351	0.04168000000004213	epochs	2.0
1373.0969600610351	0.02088000000003376	epochs	3.0
1373.1178400610352	0.020800000000008367	epochs	3.0
1373.1386400610352	0.04119999999988977	epochs	2.0
1373.1386400610352	0.02063999999995758	epochs	3.0
1373.1592800610351	0.020559999999932188	epochs	3.0
1373.179840061035	0.04088000000001557	epochs	2.0
1373.179840061035	0.020560000000159562	epochs	3.0
1373.2004000610352	0.02031999999985601	epochs	3.0
1373.220720061035	0.04056000000014137	epochs	2.0
1373.220720061035	0.020320000000083382	epochs	3.0
1373.2410400610352	0.02024000000005799	epochs	3.0
1373.2612800610352	0.04007999999998901	epochs	2.0
1373.2612800610352	0.020080000000007203	epochs	3.0
1373.2813600610352	0.01999999999998181	epochs	3.0
1373.3013600610352	0.03975999999988744	epochs	2.0
1373.3013600610352	0.019919999999956417	epochs	3.0
1373.3212800610352	0.019839999999931024	epochs	3.0
1373.341120061035	0.03944000000001324	epochs	2.0
1373.341120061035	0.019760000000133005	epochs	3.0
1373.3608800610352	0.019679999999880238	epochs	3.0
1373.380560061035	0.03904000000011365	epochs	2.0
1373.380560061035	0.019520000000056825	epochs	3.0
1373.4000800610352	0.019520000000056825	epochs	3.0
1373.4196000610352	0.038639999999986685	epochs	2.0
1373.4196000610352	0.01936000000000604	epochs	3.0
1373.4389600610352	0.019279999999980646	epochs	3.0
1373.4582400610352	0.038399999999910506	epochs	2.0
1373.4582400610352	0.019279999999980646	epochs	3.0
1373.4775200610352	0.01911999999992986	epochs	3.0
1373.4966400610351	0.038000000000010914	epochs	2.0
1373.4966400610351	0.01904000000013184	epochs	3.0
1373.5156800610353	0.018959999999879074	epochs	3.0
1373.5346400610351	0.03767999999990934	epochs	2.0
1373.5346400610351	0.018880000000081054	epochs	3.0
1373.5535200610352	0.018799999999828287	epochs	3.0
1373.572320061035	0.03736000000003514	epochs	2.0
1373.572320061035	0.018720000000030268	epochs	3.0
1373.591040061035	0.018640000000004875	epochs	3.0
1373.609680061035	0.037040000000160944	epochs	2.0
1373.609680061035	0.018559999999979482	epochs	3.0
1373.628240061035	0.018480000000181462	epochs	3.0
1373.6467200610352	0.036719999999832	epochs	2.0
1373.6467200610352	0.018399999999928696	epochs	3.0
1373.6651200610352	0.018319999999903303	epochs	3.0
1373.683440061035	0.03647999999998319	epochs	2.0
1373.683440061035	0.018240000000105283	epochs	3.0
1373.7016800610352	0.01823999999987791	epochs	3.0
1373.719920061035	0.0360800000000836	epochs	2.0
1373.719920061035	0.018080000000054497	epochs	3.0
1373.738000061035	0.018000000000029104	epochs	3.0
1373.7560000610351	0.03584000000000742	epochs	2.0
1373.7560000610351	0.01792000000000371	epochs	3.0
1373.7739200610351	0.01792000000000371	epochs	3.0
1373.7918400610351	0.03551999999990585	epochs	2.0
1373.7918400610351	0.017759999999952925	epochs	3.0
1373.809600061035	0.017759999999952925	epochs	3.0
1373.827360061035	0.03520000000003165	epochs	2.0
1373.827360061035	0.017680000000154905	epochs	3.0
1373.8450400610352	0.017519999999876745	epochs	3.0
1373.862560061035	0.034960000000182845	epochs	2.0
1373.862560061035	0.01752000000010412	epochs	3.0
1373.8800800610352	0.017440000000078726	epochs	3.0
1373.8975200610353	0.03471999999987929	epochs	2.0
1373.8975200610353	0.017439999999851352	epochs	3.0
1373.9149600610351	0.01728000000002794	epochs	3.0
1373.9322400610351	0.03440000000000509	epochs	2.0
1373.9322400610351	0.017200000000002547	epochs	3.0
1373.9494400610351	0.017200000000002547	epochs	3.0
1373.9666400610352	0.034159999999928914	epochs	2.0
1373.9666400610352	0.017119999999977153	epochs	3.0
1373.9837600610351	0.01703999999995176	epochs	3.0
1374.000800061035	0.033840000000054715	epochs	2.0
1374.000800061035	0.01696000000015374	epochs	3.0
1374.0177600610352	0.016879999999900974	epochs	3.0
1374.0346400610351	0.033599999999978536	epochs	2.0
1374.0346400610351	0.016800000000102955	epochs	3.0
1374.0514400610352	0.01679999999987558	epochs	3.0
1374.068240061035	0.03336000000012973	epochs	2.0
1374.068240061035	0.01672000000007756	epochs	3.0
1374.0849600610352	0.01664000000005217	epochs	3.0
1374.1016000610352	0.03311999999982618	epochs	2.0
1374.1016000610352	0.016560000000026776	epochs	3.0
1374.1181600610353	0.016559999999799402	epochs	3.0
1374.134720061035	0.03280000000017935	epochs	2.0
1374.134720061035	0.016400000000203363	epochs	3.0
1374.1511200610353	0.01639999999997599	epochs	3.0
1374.1675200610352	0.0325599999998758	epochs	2.0
1374.1675200610352	0.016319999999950596	epochs	3.0
1374.1838400610352	0.016239999999925203	epochs	3.0
1374.2000800610351	0.03240000000005239	epochs	2.0
1374.2000800610351	0.016239999999925203	epochs	3.0
1374.216320061035	0.016160000000127184	epochs	3.0
1374.2324800610352	0.032079999999950815	epochs	2.0
1374.2324800610352	0.016079999999874417	epochs	3.0
1374.248560061035	0.016000000000076398	epochs	3.0
1374.2645600610351	0.0319200000001274	epochs	2.0
1374.2645600610351	0.016000000000076398	epochs	3.0
1374.2805600610352	0.015920000000051004	epochs	3.0
1374.2964800610353	0.031599999999798456	epochs	2.0
1374.2964800610353	0.015839999999798238	epochs	3.0
1374.312320061035	0.01576000000000022	epochs	3.0
1374.328080061035	0.03144000000020242	epochs	2.0
1374.328080061035	0.01576000000000022	epochs	3.0
1374.343840061035	0.0156800000002022	epochs	3.0
1374.3595200610353	0.031199999999898864	epochs	2.0
1374.3595200610353	0.015599999999949432	epochs	3.0
1374.3751200610352	0.015599999999949432	epochs	3.0
1374.3907200610352	0.03096000000005006	epochs	2.0
1374.3907200610352	0.015519999999924039	epochs	3.0
1374.406240061035	0.01544000000012602	epochs	3.0
1374.4216800610352	0.03071999999997388	epochs	2.0
1374.4216800610352	0.015439999999898646	epochs	3.0
1374.437120061035	0.015280000000075233	epochs	3.0
1374.4524000610352	0.030559999999923093	epochs	2.0
1374.4524000610352	0.015359999999873253	epochs	3.0
1374.467760061035	0.01520000000004984	epochs	3.0
1374.482960061035	0.030320000000074288	epochs	2.0
1374.482960061035	0.01520000000004984	epochs	3.0
1374.4981600610352	0.015120000000024447	epochs	3.0
1374.5132800610352	0.030079999999998108	epochs	2.0
1374.5132800610352	0.015120000000024447	epochs	3.0
1374.5284000610352	0.014959999999973661	epochs	3.0
1374.5433600610352	0.029919999999947322	epochs	2.0
1374.5433600610352	0.015039999999999054	epochs	3.0
1374.5584000610352	0.014879999999948268	epochs	3.0
1374.5732800610351	0.029680000000098516	epochs	2.0
1374.5732800610351	0.014879999999948268	epochs	3.0
1374.588160061035	0.014800000000150249	epochs	3.0
1374.6029600610352	0.02952000000004773	epochs	2.0
1374.6029600610352	0.014799999999922875	epochs	3.0
1374.6177600610351	0.014720000000124855	epochs	3.0
1374.6324800610353	0.02927999999997155	epochs	2.0
1374.6324800610353	0.014719999999897482	epochs	3.0
1374.6472000610352	0.01456000000007407	epochs	3.0
1374.6617600610352	0.029119999999920765	epochs	2.0
1374.6617600610352	0.014639999999872089	epochs	3.0
1374.676400061035	0.014480000000048676	epochs	3.0
1374.6908800610352	0.028960000000097352	epochs	2.0
1374.6908800610352	0.014480000000048676	epochs	3.0
1374.7053600610352	0.014480000000048676	epochs	3.0
1374.7198400610353	0.02863999999999578	epochs	2.0
1374.7198400610353	0.01431999999999789	epochs	3.0
1374.7341600610353	0.01431999999999789	epochs	3.0
1374.7484800610353	0.028559999999970387	epochs	2.0
1374.7484800610353	0.01431999999999789	epochs	3.0
1374.7628000610353	0.014239999999972497	epochs	3.0
1374.7770400610352	0.028319999999894208	epochs	2.0
1374.7770400610352	0.014159999999947104	epochs	3.0
1374.7912000610352	0.014159999999947104	epochs	3.0
1374.8053600610351	0.028160000000070795	epochs	2.0
1374.8053600610351	0.014159999999947104	epochs	3.0
1374.819520061035	0.014000000000123691	epochs	3.0
1374.8335200610352	0.02800000000002001	epochs	2.0
1374.8335200610352	0.013999999999896318	epochs	3.0
1374.847520061035	0.014000000000123691	epochs	3.0
1374.8615200610352	0.02775999999994383	epochs	2.0
1374.8615200610352	0.013919999999870925	epochs	3.0
1374.875440061035	0.013840000000072905	epochs	3.0
1374.8892800610352	0.027679999999918437	epochs	2.0
1374.8892800610352	0.013840000000072905	epochs	3.0
1374.9031200610352	0.013839999999845531	epochs	3.0
1374.916960061035	0.02744000000006963	epochs	2.0
1374.916960061035	0.013760000000047512	epochs	3.0
1374.9307200610351	0.013680000000022119	epochs	3.0
1374.9444000610351	0.027280000000018845	epochs	2.0
1374.9444000610351	0.013680000000022119	epochs	3.0
1374.9580800610352	0.013599999999996726	epochs	3.0
1374.9716800610352	0.02711999999996806	epochs	2.0
1374.9716800610352	0.013519999999971333	epochs	3.0
1374.9852000610351	0.013599999999996726	epochs	3.0
1374.9988000610351	0.026880000000119253	epochs	2.0
1374.9988000610351	0.01343999999994594	epochs	3.0
1375.012240061035	0.013440000000173313	epochs	3.0
1375.0256800610352	0.026799999999866486	epochs	2.0
1375.0256800610352	0.01343999999994594	epochs	3.0
1375.0391200610352	0.013359999999920547	epochs	3.0
1375.052480061035	0.02656000000001768	epochs	2.0
1375.052480061035	0.013280000000122527	epochs	3.0
1375.0657600610352	0.013279999999895153	epochs	3.0
1375.0790400610351	0.026479999999992287	epochs	2.0
1375.0790400610351	0.013280000000122527	epochs	3.0
1375.0923200610353	0.01319999999986976	epochs	3.0
1375.1055200610351	0.026240000000143482	epochs	2.0
1375.1055200610351	0.013120000000071741	epochs	3.0
1375.1186400610352	0.013120000000071741	epochs	3.0
1375.1317600610353	0.026159999999890715	epochs	2.0
1375.1317600610353	0.013119999999844367	epochs	3.0
1375.144880061035	0.013040000000046348	epochs	3.0
1375.1579200610352	0.026000000000067303	epochs	2.0
1375.1579200610352	0.013040000000046348	epochs	3.0
1375.1709600610352	0.012960000000020955	epochs	3.0
1375.1839200610352	0.025759999999991123	epochs	2.0
1375.1839200610352	0.012879999999995562	epochs	3.0
1375.1968000610352	0.012879999999995562	epochs	3.0
1375.2096800610352	0.02567999999996573	epochs	2.0
1375.2096800610352	0.012879999999995562	epochs	3.0
1375.2225600610352	0.012799999999970169	epochs	3.0
1375.2353600610352	0.025519999999914944	epochs	2.0
1375.2353600610352	0.012799999999970169	epochs	3.0
1375.2481600610352	0.012719999999944775	epochs	3.0
1375.260880061035	0.02536000000009153	epochs	2.0
1375.260880061035	0.01272000000017215	epochs	3.0
1375.2736000610353	0.012639999999919382	epochs	3.0
1375.2862400610352	0.025200000000040745	epochs	2.0
1375.2862400610352	0.012639999999919382	epochs	3.0
1375.298880061035	0.012560000000121363	epochs	3.0
1375.3114400610352	0.0245599999998376	epochs	2.0
1375.3355200610351	0.5	epochs	-1.0
1375.336000061035	0.999920000000202	epochs	1.0
1375.8355200610351	0.5	epochs	-1.0
1380.9559998512268	0.09999999999990905	epochs	0.0
1380.9559998512268	0.044959999999946376	epochs	1.0
1381.0009598512268	0.010080000000016298	epochs	1.0
1381.0110398512268	0.044959999999946376	epochs	1.0
1381.0559998512267	2.0	epochs	0.0
1383.0559998512267	21.999920000000202	epochs	0.0
1383.0559998512267	1.0	epochs	1.0
1383.0559998512267	0.5	epochs	-1.0
1383.5559998512267	19.999520000000075	epochs	-1.0
1384.0559998512267	20.0	epochs	1.0
1384.0559998512267	8.000000002539309e-05	epochs	2.0
1384.0560798512267	4.356719999999996	epochs	-1.0
1384.0560798512267	1.9745600000001104	epochs	2.0
1384.0560798512267	1.098560000000134	epochs	3.0
1385.1546398512269	0.8759999999999764	epochs	3.0
1386.0306398512269	1.3523999999999887	epochs	2.0
1386.0306398512269	0.7286400000000413	epochs	3.0
1386.759279851227	0.6237599999999475	epochs	3.0
1387.3830398512268	1.0297599999998965	epochs	2.0
1387.3830398512268	0.5453600000000733	epochs	3.0
1387.928399851227	0.4843999999998232	epochs	3.0
1388.4127998512267	0.8317600000000311	epochs	2.0
1388.4127998512267	0.435760000000073	epochs	3.0
1388.8485598512268	0.39599999999995816	epochs	3.0
1389.2445598512268	0.697840000000042	epochs	2.0
1389.2445598512268	0.362880000000132	epochs	3.0
1389.607439851227	0.33495999999991	epochs	3.0
1389.9423998512268	0.6010400000000118	epochs	2.0
1389.9423998512268	0.3108799999999974	epochs	3.0
1390.2532798512268	0.2901600000000144	epochs	3.0
1390.5434398512268	0.5278399999999692	epochs	2.0
1390.5434398512268	0.2719199999999091	epochs	3.0
1390.8153598512267	0.2559200000000601	epochs	3.0
1391.0712798512268	0.47064000000000306	epochs	2.0
1391.0712798512268	0.2416800000000876	epochs	3.0
1391.3129598512269	0.22895999999991545	epochs	3.0
1391.5419198512268	0.42455999999992855	epochs	2.0
1391.5419198512268	0.2174400000001242	epochs	3.0
1391.759359851227	0.20711999999980435	epochs	3.0
1391.9664798512267	0.3867200000001958	epochs	2.0
1391.9664798512267	0.1976799999999912	epochs	3.0
1392.1641598512267	0.1890400000002046	epochs	3.0
1392.353199851227	0.3551199999999426	epochs	2.0
1392.353199851227	0.1811999999999898	epochs	3.0
1392.534399851227	0.17391999999995278	epochs	3.0
1392.7083198512269	0.3282400000000507	epochs	2.0
1392.7083198512269	0.16719999999986612	epochs	3.0
1392.8755198512267	0.1610400000001846	epochs	3.0
1393.036559851227	0.3051999999997861	epochs	2.0
1393.036559851227	0.1552799999999479	epochs	3.0
1393.1918398512269	0.14991999999983818	epochs	3.0
1393.3417598512267	0.28512000000000626	epochs	2.0
1393.3417598512267	0.1448800000000574	epochs	3.0
1393.4866398512268	0.14023999999994885	epochs	3.0
1393.6268798512267	0.2675200000001041	epochs	2.0
1393.6268798512267	0.13584000000014385	epochs	3.0
1393.7627198512268	0.13167999999996027	epochs	3.0
1393.8943998512268	0.2520799999999781	epochs	2.0
1393.8943998512268	0.12784000000010565	epochs	3.0
1394.022239851227	0.12423999999987245	epochs	3.0
1394.1464798512268	0.23816000000010717	epochs	2.0
1394.1464798512268	0.1207200000001194	epochs	3.0
1394.267199851227	0.11743999999998778	epochs	3.0
1394.384639851227	0.22583999999983462	epochs	2.0
1394.384639851227	0.11439999999993233	epochs	3.0
1394.4990398512268	0.11143999999990228	epochs	3.0
1394.6104798512267	0.21464000000014494	epochs	2.0
1394.6104798512267	0.1086400000001504	epochs	3.0
1394.7191198512269	0.10599999999999454	epochs	3.0
1394.8251198512269	0.20447999999987587	epochs	2.0
1394.8251198512269	0.10343999999986409	epochs	3.0
1394.9285598512267	0.10104000000001179	epochs	3.0
1395.0295998512267	0.1953600000001643	epochs	2.0
1395.0295998512267	0.0987999999999829	epochs	3.0
1395.1283998512267	0.09656000000018139	epochs	3.0
1395.224959851227	0.18695999999999913	epochs	2.0
1395.224959851227	0.09447999999997592	epochs	3.0
1395.319439851227	0.09248000000002321	epochs	3.0
1395.411919851227	0.17919999999980973	epochs	2.0
1395.411919851227	0.09047999999984313	epochs	3.0
1395.5023998512268	0.0887199999999666	epochs	3.0
1395.5911198512267	0.17208000000005086	epochs	2.0
1395.5911198512267	0.08688000000006468	epochs	3.0
1395.6779998512268	0.08519999999998618	epochs	3.0
1395.7631998512268	0.165520000000015	epochs	2.0
1395.7631998512268	0.08359999999993306	epochs	3.0
1395.8467998512267	0.08192000000008193	epochs	3.0
1395.9287198512268	0.1595199999999295	epochs	2.0
1395.9287198512268	0.0804800000000796	epochs	3.0
1396.0091998512269	0.0790399999998499	epochs	3.0
1396.0882398512267	0.15376000000014756	epochs	2.0
1396.0882398512267	0.07760000000007494	epochs	3.0
1396.1658398512268	0.07616000000007261	epochs	3.0
1396.2419998512269	0.14855999999986125	epochs	2.0
1396.2419998512269	0.07495999999991909	epochs	3.0
1396.3169598512268	0.07359999999994216	epochs	3.0
1396.3905598512267	0.14368000000013126	epochs	2.0
1396.3905598512267	0.0724800000000414	epochs	3.0
1396.4630398512268	0.07120000000008986	epochs	3.0
1396.5342398512269	0.1390400000000227	epochs	2.0
1396.5342398512269	0.07007999999996173	epochs	3.0
1396.6043198512268	0.06896000000006097	epochs	3.0
1396.6732798512269	0.13472000000001572	epochs	2.0
1396.6732798512269	0.06791999999995824	epochs	3.0
1396.7411998512268	0.06680000000005748	epochs	3.0
1396.807999851227	0.13071999999988293	epochs	2.0
1396.807999851227	0.06583999999998014	epochs	3.0
1396.8738398512269	0.0648799999999028	epochs	3.0
1396.9387198512268	0.1268000000000029	epochs	2.0
1396.9387198512268	0.06384000000002743	epochs	3.0
1397.0025598512268	0.06295999999997548	epochs	3.0
1397.0655198512268	0.12328000000002248	epochs	2.0
1397.0655198512268	0.06207999999992353	epochs	3.0
1397.1275998512267	0.06120000000009895	epochs	3.0
1397.1887998512268	0.11984000000006745	epochs	2.0
1397.1887998512268	0.060320000000047	epochs	3.0
1397.2491198512269	0.059520000000020445	epochs	3.0
1397.3086398512269	0.11663999999996122	epochs	2.0
1397.3086398512269	0.05871999999999389	epochs	3.0
1397.3673598512269	0.05791999999996733	epochs	3.0
1397.4252798512268	0.11359999999990578	epochs	2.0
1397.4252798512268	0.05719999999996617	epochs	3.0
1397.4824798512268	0.05639999999993961	epochs	3.0
1397.5388798512267	0.1107200000001285	epochs	2.0
1397.5388798512267	0.05568000000016582	epochs	3.0
1397.594559851227	0.055039999999962674	epochs	3.0
1397.6495998512269	0.10791999999992186	epochs	2.0
1397.6495998512269	0.05423999999993612	epochs	3.0
1397.7038398512268	0.05367999999998574	epochs	3.0
1397.7575198512268	0.10527999999999338	epochs	2.0
1397.7575198512268	0.052959999999984575	epochs	3.0
1397.8104798512268	0.052320000000008804	epochs	3.0
1397.8627998512268	0.10287999999991371	epochs	2.0
1397.8627998512268	0.051760000000058426	epochs	3.0
1397.9145598512268	0.05111999999985528	epochs	3.0
1397.9656798512267	0.10040000000003602	epochs	2.0
1397.9656798512267	0.050480000000106884	epochs	3.0
1398.0161598512268	0.04991999999992913	epochs	3.0
1398.0660798512267	0.09824000000003252	epochs	2.0
1398.0660798512267	0.049359999999978754	epochs	3.0
1398.1154398512267	0.04888000000005377	epochs	3.0
1398.1643198512268	0.09600000000000364	epochs	2.0
1398.1643198512268	0.048240000000078	epochs	3.0
1398.2125598512268	0.04775999999992564	epochs	3.0
1398.2603198512268	0.09392000000002554	epochs	2.0
1398.2603198512268	0.04719999999997526	epochs	3.0
1398.3075198512267	0.04672000000005028	epochs	3.0
1398.3542398512268	0.09192000000007283	epochs	2.0
1398.3542398512268	0.0461600000000999	epochs	3.0
1398.400399851227	0.04575999999997293	epochs	3.0
1398.4461598512269	0.09007999999994354	epochs	2.0
1398.4461598512269	0.04528000000004795	epochs	3.0
1398.491439851227	0.04479999999989559	epochs	3.0
1398.5362398512268	0.08816000000001623	epochs	2.0
1398.5362398512268	0.044319999999970605	epochs	3.0
1398.5805598512268	0.04384000000004562	epochs	3.0
1398.6243998512268	0.08647999999993772	epochs	2.0
1398.6243998512268	0.043439999999918655	epochs	3.0
1398.6678398512267	0.04304000000001906	epochs	3.0
1398.7108798512268	0.08472000000006119	epochs	2.0
1398.7108798512268	0.04256000000009408	epochs	3.0
1398.7534398512269	0.04215999999996711	epochs	3.0
1398.7955998512268	0.08320000000003347	epochs	2.0
1398.7955998512268	0.04176000000006752	epochs	3.0
1398.837359851227	0.04143999999996595	epochs	3.0
1398.8787998512269	0.08151999999995496	epochs	2.0
1398.8787998512269	0.040960000000040964	epochs	3.0
1398.919759851227	0.040559999999914	epochs	3.0
1398.9603198512268	0.08007999999995263	epochs	2.0
1398.9603198512268	0.0402400000000398	epochs	3.0
1399.0005598512269	0.039839999999912834	epochs	3.0
1399.0403998512268	0.0786399999999503	epochs	2.0
1399.0403998512268	0.039520000000038635	epochs	3.0
1399.0799198512268	0.03911999999991167	epochs	3.0
1399.1190398512267	0.07720000000017535	epochs	2.0
1399.1190398512267	0.03880000000003747	epochs	3.0
1399.1578398512268	0.03840000000013788	epochs	3.0
1399.196239851227	0.07591999999999643	epochs	2.0
1399.196239851227	0.038159999999834326	epochs	3.0
1399.2343998512267	0.03776000000016211	epochs	3.0
1399.272159851227	0.0745600000000195	epochs	2.0
1399.272159851227	0.03743999999983316	epochs	3.0
1399.3095998512267	0.03712000000018634	epochs	3.0
1399.346719851227	0.07335999999986598	epochs	2.0
1399.346719851227	0.03679999999985739	epochs	3.0
1399.3835198512268	0.036560000000008586	epochs	3.0
1399.4200798512268	0.07208000000014181	epochs	2.0
1399.4200798512268	0.036160000000108994	epochs	3.0
1399.4562398512269	0.035920000000032815	epochs	3.0
1399.492159851227	0.07087999999998829	epochs	2.0
1399.492159851227	0.03559999999993124	epochs	3.0
1399.5277598512268	0.035280000000057044	epochs	3.0
1399.563039851227	0.06983999999988555	epochs	2.0
1399.563039851227	0.035039999999980864	epochs	3.0
1399.5980798512269	0.034799999999904685	epochs	3.0
1399.6328798512268	0.0686399999999594	epochs	2.0
1399.6328798512268	0.034480000000030486	epochs	3.0
1399.6673598512268	0.034159999999928914	epochs	3.0
1399.7015198512267	0.06760000000008404	epochs	2.0
1399.7015198512267	0.03392000000008011	epochs	3.0
1399.7354398512268	0.03368000000000393	epochs	3.0
1399.7691198512268	0.0665599999999813	epochs	2.0
1399.7691198512268	0.03343999999992775	epochs	3.0
1399.8025598512268	0.03312000000005355	epochs	3.0
1399.8356798512268	0.06559999999990396	epochs	2.0
1399.8356798512268	0.032960000000002765	epochs	3.0
1399.8686398512268	0.03263999999990119	epochs	3.0
1399.9012798512267	0.0645600000000286	epochs	2.0
1399.9012798512267	0.03240000000005239	epochs	3.0
1399.9336798512268	0.03215999999997621	epochs	3.0
1399.9658398512267	0.06367999999997664	epochs	2.0
1399.9658398512267	0.032000000000152795	epochs	3.0
1399.997839851227	0.03167999999982385	epochs	3.0
1400.0295198512267	0.06272000000012667	epochs	2.0
1400.0295198512267	0.03143999999997504	epochs	3.0
1400.0609598512267	0.03128000000015163	epochs	3.0
1400.0922398512269	0.06183999999984735	epochs	2.0
1400.0922398512269	0.031039999999848078	epochs	3.0
1400.1232798512267	0.030799999999999272	epochs	3.0
1400.1540798512267	0.060960000000022774	epochs	2.0
1400.1540798512267	0.030560000000150467	epochs	3.0
1400.1846398512268	0.030399999999872307	epochs	3.0
1400.2150398512267	0.060159999999996217	epochs	2.0
1400.2150398512267	0.0301600000000235	epochs	3.0
1400.2451998512267	0.029999999999972715	epochs	3.0
1400.2751998512267	0.05928000000017164	epochs	2.0
1400.2751998512267	0.029680000000098516	epochs	3.0
1400.3048798512268	0.029600000000073123	epochs	3.0
1400.334479851227	0.05847999999991771	epochs	2.0
1400.334479851227	0.029359999999996944	epochs	3.0
1400.3638398512269	0.029119999999920765	epochs	3.0
1400.3929598512268	0.057759999999916545	epochs	2.0
1400.3929598512268	0.028960000000097352	epochs	3.0
1400.421919851227	0.028799999999819192	epochs	3.0
1400.4507198512267	0.05696000000011736	epochs	2.0
1400.4507198512267	0.028559999999970387	epochs	3.0
1400.4792798512267	0.028400000000146974	epochs	3.0
1400.5076798512268	0.05623999999988882	epochs	2.0
1400.5076798512268	0.028160000000070795	epochs	3.0
1400.535839851227	0.02807999999981803	epochs	3.0
1400.5639198512267	0.05544000000008964	epochs	2.0
1400.5639198512267	0.027839999999969223	epochs	3.0
1400.5917598512267	0.027600000000120417	epochs	3.0
1400.6193598512268	0.05487999999991189	epochs	2.0
1400.6193598512268	0.027520000000095024	epochs	3.0
1400.646879851227	0.027359999999816864	epochs	3.0
1400.6742398512267	0.054080000000112705	epochs	2.0
1400.6742398512267	0.02711999999996806	epochs	3.0
1400.7013598512267	0.026960000000144646	epochs	3.0
1400.7283198512268	0.05343999999990956	epochs	2.0
1400.7283198512268	0.026799999999866486	epochs	3.0
1400.7551198512267	0.026640000000043074	epochs	3.0
1400.7817598512268	0.05287999999995918	epochs	2.0
1400.7817598512268	0.026479999999992287	epochs	3.0
1400.8082398512267	0.026399999999966894	epochs	3.0
1400.8346398512267	0.05216000000018539	epochs	2.0
1400.8346398512267	0.02616000000011809	epochs	3.0
1400.8607998512268	0.026000000000067303	epochs	3.0
1400.886799851227	0.05151999999998225	epochs	2.0
1400.886799851227	0.025840000000016516	epochs	3.0
1400.912639851227	0.02567999999996573	epochs	3.0
1400.9383198512269	0.05096000000003187	epochs	2.0
1400.9383198512269	0.025599999999940337	epochs	3.0
1400.9639198512268	0.02536000000009153	epochs	3.0
1400.989279851227	0.05039999999985412	epochs	2.0
1400.989279851227	0.025279999999838765	epochs	3.0
1401.0145598512267	0.025120000000015352	epochs	3.0
1401.0396798512268	0.04976000000010572	epochs	2.0
1401.0396798512268	0.024959999999964566	epochs	3.0
1401.0646398512267	0.024800000000141154	epochs	3.0
1401.0894398512269	0.04919999999992797	epochs	2.0
1401.0894398512269	0.024639999999862994	epochs	3.0
1401.1140798512267	0.024560000000064974	epochs	3.0
1401.1386398512268	0.04872000000000298	epochs	2.0
1401.1386398512268	0.024400000000014188	epochs	3.0
1401.1630398512268	0.024319999999988795	epochs	3.0
1401.1873598512268	0.04808000000002721	epochs	2.0
1401.1873598512268	0.024079999999912616	epochs	3.0
1401.2114398512267	0.024000000000114596	epochs	3.0
1401.2354398512268	0.047599999999874854	epochs	2.0
1401.2354398512268	0.02384000000006381	epochs	3.0
1401.259279851227	0.023759999999811043	epochs	3.0
1401.2830398512267	0.04712000000017724	epochs	2.0
1401.2830398512267	0.023600000000215005	epochs	3.0
1401.306639851227	0.023519999999962238	epochs	3.0
1401.3301598512269	0.04655999999999949	epochs	2.0
1401.3301598512269	0.02335999999991145	epochs	3.0
1401.3535198512268	0.02320000000008804	epochs	3.0
1401.3767198512269	0.04607999999984713	epochs	2.0
1401.3767198512269	0.023119999999835272	epochs	3.0
1401.3998398512267	0.02296000000001186	epochs	3.0
1401.4227998512267	0.04560000000014952	epochs	2.0
1401.4227998512267	0.022879999999986467	epochs	3.0
1401.4456798512267	0.022720000000163054	epochs	3.0
1401.4683998512269	0.04511999999999716	epochs	2.0
1401.4683998512269	0.022639999999910287	epochs	3.0
1401.4910398512268	0.022480000000086875	epochs	3.0
1401.5135198512269	0.044639999999844804	epochs	2.0
1401.5135198512269	0.022399999999834108	epochs	3.0
1401.5359198512267	0.022240000000010696	epochs	3.0
1401.5581598512267	0.044240000000172586	epochs	2.0
1401.5581598512267	0.022159999999985303	epochs	3.0
1401.5803198512267	0.022080000000187283	epochs	3.0
1401.602399851227	0.04376000000002023	epochs	2.0
1401.602399851227	0.021919999999909123	epochs	3.0
1401.6243198512268	0.021840000000111104	epochs	3.0
1401.646159851227	0.04335999999989326	epochs	2.0
1401.646159851227	0.021759999999858337	epochs	3.0
1401.6679198512268	0.021600000000034925	epochs	3.0
1401.6895198512268	0.04287999999996828	epochs	2.0
1401.6895198512268	0.02143999999998414	epochs	3.0
1401.7109598512268	0.02143999999998414	epochs	3.0
1401.7323998512268	0.042480000000068685	epochs	2.0
1401.7323998512268	0.021279999999933352	epochs	3.0
1401.7536798512267	0.021200000000135333	epochs	3.0
1401.7748798512268	0.04207999999994172	epochs	2.0
1401.7748798512268	0.021039999999857173	epochs	3.0
1401.7959198512267	0.021040000000084547	epochs	3.0
1401.8169598512268	0.04168000000004213	epochs	2.0
1401.8169598512268	0.02088000000003376	epochs	3.0
1401.8378398512268	0.020800000000008367	epochs	3.0
1401.8586398512268	0.04119999999988977	epochs	2.0
1401.8586398512268	0.02063999999995758	epochs	3.0
1401.8792798512268	0.020559999999932188	epochs	3.0
1401.8998398512267	0.04088000000001557	epochs	2.0
1401.8998398512267	0.020560000000159562	epochs	3.0
1401.9203998512269	0.02031999999985601	epochs	3.0
1401.9407198512267	0.04056000000014137	epochs	2.0
1401.9407198512267	0.020320000000083382	epochs	3.0
1401.9610398512268	0.02024000000005799	epochs	3.0
1401.9812798512269	0.04007999999998901	epochs	2.0
1401.9812798512269	0.020080000000007203	epochs	3.0
1402.0013598512269	0.01999999999998181	epochs	3.0
1402.0213598512269	0.03975999999988744	epochs	2.0
1402.0213598512269	0.019919999999956417	epochs	3.0
1402.0412798512268	0.019839999999931024	epochs	3.0
1402.0611198512267	0.03944000000001324	epochs	2.0
1402.0611198512267	0.019760000000133005	epochs	3.0
1402.0808798512269	0.019679999999880238	epochs	3.0
1402.1005598512268	0.03904000000011365	epochs	2.0
1402.1005598512268	0.019520000000056825	epochs	3.0
1402.1200798512268	0.019520000000056825	epochs	3.0
1402.1395998512269	0.038639999999986685	epochs	2.0
1402.1395998512269	0.01936000000000604	epochs	3.0
1402.1589598512269	0.019279999999980646	epochs	3.0
1402.1782398512269	0.038399999999910506	epochs	2.0
1402.1782398512269	0.019279999999980646	epochs	3.0
1402.1975198512268	0.01911999999992986	epochs	3.0
1402.2166398512268	0.038000000000010914	epochs	2.0
1402.2166398512268	0.01904000000013184	epochs	3.0
1402.235679851227	0.018959999999879074	epochs	3.0
1402.2546398512268	0.03767999999990934	epochs	2.0
1402.2546398512268	0.018880000000081054	epochs	3.0
1402.2735198512269	0.018799999999828287	epochs	3.0
1402.2923198512267	0.03736000000003514	epochs	2.0
1402.2923198512267	0.018720000000030268	epochs	3.0
1402.3110398512267	0.018640000000004875	epochs	3.0
1402.3296798512267	0.037040000000160944	epochs	2.0
1402.3296798512267	0.018559999999979482	epochs	3.0
1402.3482398512267	0.018480000000181462	epochs	3.0
1402.366719851227	0.036719999999832	epochs	2.0
1402.366719851227	0.018399999999928696	epochs	3.0
1402.3851198512268	0.018319999999903303	epochs	3.0
1402.4034398512267	0.03647999999998319	epochs	2.0
1402.4034398512267	0.018240000000105283	epochs	3.0
1402.4216798512268	0.01823999999987791	epochs	3.0
1402.4399198512267	0.0360800000000836	epochs	2.0
1402.4399198512267	0.018080000000054497	epochs	3.0
1402.4579998512268	0.018000000000029104	epochs	3.0
1402.4759998512268	0.03584000000000742	epochs	2.0
1402.4759998512268	0.01792000000000371	epochs	3.0
1402.4939198512268	0.01792000000000371	epochs	3.0
1402.5118398512268	0.03551999999990585	epochs	2.0
1402.5118398512268	0.017759999999952925	epochs	3.0
1402.5295998512267	0.017759999999952925	epochs	3.0
1402.5473598512267	0.03520000000003165	epochs	2.0
1402.5473598512267	0.017680000000154905	epochs	3.0
1402.5650398512269	0.017519999999876745	epochs	3.0
1402.5825598512267	0.034960000000182845	epochs	2.0
1402.5825598512267	0.01752000000010412	epochs	3.0
1402.6000798512268	0.017440000000078726	epochs	3.0
1402.617519851227	0.03471999999987929	epochs	2.0
1402.617519851227	0.017439999999851352	epochs	3.0
1402.6349598512268	0.01728000000002794	epochs	3.0
1402.6522398512268	0.03440000000000509	epochs	2.0
1402.6522398512268	0.017200000000002547	epochs	3.0
1402.6694398512268	0.017200000000002547	epochs	3.0
1402.6866398512268	0.034159999999928914	epochs	2.0
1402.6866398512268	0.017119999999977153	epochs	3.0
1402.7037598512268	0.01703999999995176	epochs	3.0
1402.7207998512267	0.033840000000054715	epochs	2.0
1402.7207998512267	0.01696000000015374	epochs	3.0
1402.7377598512269	0.016879999999900974	epochs	3.0
1402.7546398512268	0.033599999999978536	epochs	2.0
1402.7546398512268	0.016800000000102955	epochs	3.0
1402.771439851227	0.01679999999987558	epochs	3.0
1402.7882398512268	0.03336000000012973	epochs	2.0
1402.7882398512268	0.01672000000007756	epochs	3.0
1402.8049598512268	0.01664000000005217	epochs	3.0
1402.821599851227	0.03311999999982618	epochs	2.0
1402.821599851227	0.016560000000026776	epochs	3.0
1402.838159851227	0.016559999999799402	epochs	3.0
1402.8547198512267	0.03280000000017935	epochs	2.0
1402.8547198512267	0.016400000000203363	epochs	3.0
1402.871119851227	0.01639999999997599	epochs	3.0
1402.887519851227	0.0325599999998758	epochs	2.0
1402.887519851227	0.016319999999950596	epochs	3.0
1402.9038398512268	0.016239999999925203	epochs	3.0
1402.9200798512268	0.03240000000005239	epochs	2.0
1402.9200798512268	0.016239999999925203	epochs	3.0
1402.9363198512267	0.016160000000127184	epochs	3.0
1402.9524798512268	0.032079999999950815	epochs	2.0
1402.9524798512268	0.016079999999874417	epochs	3.0
1402.9685598512267	0.016000000000076398	epochs	3.0
1402.9845598512268	0.0319200000001274	epochs	2.0
1402.9845598512268	0.016000000000076398	epochs	3.0
1403.0005598512269	0.015920000000051004	epochs	3.0
1403.016479851227	0.031599999999798456	epochs	2.0
1403.016479851227	0.015839999999798238	epochs	3.0
1403.0323198512267	0.01576000000000022	epochs	3.0
1403.0480798512267	0.03144000000020242	epochs	2.0
1403.0480798512267	0.01576000000000022	epochs	3.0
1403.0638398512267	0.0156800000002022	epochs	3.0
1403.079519851227	0.031199999999898864	epochs	2.0
1403.079519851227	0.015599999999949432	epochs	3.0
1403.0951198512269	0.015599999999949432	epochs	3.0
1403.1107198512268	0.03096000000005006	epochs	2.0
1403.1107198512268	0.015519999999924039	epochs	3.0
1403.1262398512267	0.01544000000012602	epochs	3.0
1403.1416798512269	0.03071999999997388	epochs	2.0
1403.1416798512269	0.015439999999898646	epochs	3.0
1403.1571198512268	0.015280000000075233	epochs	3.0
1403.1723998512268	0.030559999999923093	epochs	2.0
1403.1723998512268	0.015359999999873253	epochs	3.0
1403.1877598512267	0.01520000000004984	epochs	3.0
1403.2029598512268	0.030320000000074288	epochs	2.0
1403.2029598512268	0.01520000000004984	epochs	3.0
1403.2181598512268	0.015120000000024447	epochs	3.0
1403.2332798512268	0.030079999999998108	epochs	2.0
1403.2332798512268	0.015120000000024447	epochs	3.0
1403.2483998512268	0.014959999999973661	epochs	3.0
1403.2633598512268	0.029919999999947322	epochs	2.0
1403.2633598512268	0.015039999999999054	epochs	3.0
1403.2783998512268	0.014879999999948268	epochs	3.0
1403.2932798512268	0.029680000000098516	epochs	2.0
1403.2932798512268	0.014879999999948268	epochs	3.0
1403.3081598512267	0.014800000000150249	epochs	3.0
1403.3229598512269	0.02952000000004773	epochs	2.0
1403.3229598512269	0.014799999999922875	epochs	3.0
1403.3377598512268	0.014720000000124855	epochs	3.0
1403.352479851227	0.02927999999997155	epochs	2.0
1403.352479851227	0.014719999999897482	epochs	3.0
1403.3671998512268	0.01456000000007407	epochs	3.0
1403.381759851227	0.029119999999920765	epochs	2.0
1403.381759851227	0.014639999999872089	epochs	3.0
1403.3963998512268	0.014480000000048676	epochs	3.0
1403.4108798512268	0.028960000000097352	epochs	2.0
1403.4108798512268	0.014480000000048676	epochs	3.0
1403.4253598512269	0.014480000000048676	epochs	3.0
1403.439839851227	0.02863999999999578	epochs	2.0
1403.439839851227	0.01431999999999789	epochs	3.0
1403.454159851227	0.01431999999999789	epochs	3.0
1403.468479851227	0.028559999999970387	epochs	2.0
1403.468479851227	0.01431999999999789	epochs	3.0
1403.482799851227	0.014239999999972497	epochs	3.0
1403.4970398512269	0.028319999999894208	epochs	2.0
1403.4970398512269	0.014159999999947104	epochs	3.0
1403.5111998512268	0.014159999999947104	epochs	3.0
1403.5253598512268	0.028160000000070795	epochs	2.0
1403.5253598512268	0.014159999999947104	epochs	3.0
1403.5395198512267	0.014000000000123691	epochs	3.0
1403.5535198512268	0.02800000000002001	epochs	2.0
1403.5535198512268	0.013999999999896318	epochs	3.0
1403.5675198512267	0.014000000000123691	epochs	3.0
1403.5815198512269	0.02775999999994383	epochs	2.0
1403.5815198512269	0.013919999999870925	epochs	3.0
1403.5954398512267	0.013840000000072905	epochs	3.0
1403.6092798512268	0.027679999999918437	epochs	2.0
1403.6092798512268	0.013840000000072905	epochs	3.0
1403.6231198512269	0.013839999999845531	epochs	3.0
1403.6369598512267	0.02744000000006963	epochs	2.0
1403.6369598512267	0.013760000000047512	epochs	3.0
1403.6507198512268	0.013680000000022119	epochs	3.0
1403.6643998512268	0.027280000000018845	epochs	2.0
1403.6643998512268	0.013680000000022119	epochs	3.0
1403.6780798512268	0.013599999999996726	epochs	3.0
1403.6916798512268	0.02711999999996806	epochs	2.0
1403.6916798512268	0.013519999999971333	epochs	3.0
1403.7051998512268	0.013599999999996726	epochs	3.0
1403.7187998512268	0.026880000000119253	epochs	2.0
1403.7187998512268	0.01343999999994594	epochs	3.0
1403.7322398512267	0.013440000000173313	epochs	3.0
1403.745679851227	0.026799999999866486	epochs	2.0
1403.745679851227	0.01343999999994594	epochs	3.0
1403.7591198512268	0.013359999999920547	epochs	3.0
1403.7724798512268	0.02656000000001768	epochs	2.0
1403.7724798512268	0.013280000000122527	epochs	3.0
1403.7857598512269	0.013279999999895153	epochs	3.0
1403.7990398512268	0.026479999999992287	epochs	2.0
1403.7990398512268	0.013280000000122527	epochs	3.0
1403.812319851227	0.01319999999986976	epochs	3.0
1403.8255198512268	0.026240000000143482	epochs	2.0
1403.8255198512268	0.013120000000071741	epochs	3.0
1403.8386398512268	0.013120000000071741	epochs	3.0
1403.851759851227	0.026159999999890715	epochs	2.0
1403.851759851227	0.013119999999844367	epochs	3.0
1403.8648798512268	0.013040000000046348	epochs	3.0
1403.8779198512268	0.026000000000067303	epochs	2.0
1403.8779198512268	0.013040000000046348	epochs	3.0
1403.8909598512269	0.012960000000020955	epochs	3.0
1403.9039198512269	0.025759999999991123	epochs	2.0
1403.9039198512269	0.012879999999995562	epochs	3.0
1403.9167998512269	0.012879999999995562	epochs	3.0
1403.9296798512269	0.02567999999996573	epochs	2.0
1403.9296798512269	0.012879999999995562	epochs	3.0
1403.9425598512269	0.012799999999970169	epochs	3.0
1403.9553598512268	0.025519999999914944	epochs	2.0
1403.9553598512268	0.012799999999970169	epochs	3.0
1403.9681598512268	0.012719999999944775	epochs	3.0
1403.9808798512267	0.02536000000009153	epochs	2.0
1403.9808798512267	0.01272000000017215	epochs	3.0
1403.993599851227	0.012639999999919382	epochs	3.0
1404.0062398512268	0.025200000000040745	epochs	2.0
1404.0062398512268	0.012639999999919382	epochs	3.0
1404.0188798512268	0.012560000000121363	epochs	3.0
1404.0314398512269	0.0245599999998376	epochs	2.0
1404.0555198512268	0.5	epochs	-1.0
1404.0559998512267	0.999920000000202	epochs	1.0
1404.5555198512268	0.5	epochs	-1.0
1409.7209997177124	0.09999999999990905	epochs	0.0
1409.7209997177124	0.044959999999946376	epochs	1.0
1409.7659597177123	0.010080000000016298	epochs	1.0
1409.7760397177124	0.044959999999946376	epochs	1.0
1409.8209997177123	2.0	epochs	0.0
1411.8209997177123	0.5196800000001076	epochs	0.0
1411.8209997177123	0.5196800000001076	epochs	1.0
1411.8209997177123	0.5	epochs	-1.0
1412.3209997177123	0.01968000000010761	epochs	-1.0
1412.3406797177124	21.480240000000094	epochs	0.0
1417.0029997825623	0.09999999999990905	epochs	0.0
1417.0029997825623	0.044959999999946376	epochs	1.0
1417.0479597825622	0.010080000000016298	epochs	1.0
1417.0580397825622	0.044959999999946376	epochs	1.0
1417.1029997825622	2.0	epochs	0.0
1419.1029997825622	0.5199999999999818	epochs	0.0
1419.1029997825622	0.5199999999999818	epochs	1.0
1419.1029997825622	0.5	epochs	-1.0
1419.6029997825622	0.01999999999998181	epochs	-1.0
1419.6229997825621	21.47992000000022	epochs	0.0
1424.2199997901917	0.09999999999990905	epochs	0.0
1424.2199997901917	0.044959999999946376	epochs	1.0
1424.2649597901916	0.010080000000016298	epochs	1.0
1424.2750397901916	0.044959999999946376	epochs	1.0
1424.3199997901916	2.0	epochs	0.0
1426.3199997901916	0.5194400000000314	epochs	0.0
1426.3199997901916	0.5194400000000314	epochs	1.0
1426.3199997901916	0.5	epochs	-1.0
1426.8199997901916	0.019440000000031432	epochs	-1.0
1426.8394397901916	21.48048000000017	epochs	0.0
1464.253999710083	0.09999999999990905	epochs	0.0
1464.253999710083	0.044959999999946376	epochs	1.0
1464.298959710083	0.010080000000016298	epochs	1.0
1464.309039710083	0.044959999999946376	epochs	1.0
1464.353999710083	0.2299199999999928	epochs	0.0
1464.353999710083	0.0500000000001819	epochs	1.0
1464.403999710083	0.009999999999990905	epochs	1.0
1464.413999710083	0.049999999999954525	epochs	1.0
1464.463999710083	0.009999999999990905	epochs	1.0
1464.473999710083	0.049999999999954525	epochs	1.0
1464.523999710083	0.009999999999990905	epochs	1.0
1464.533999710083	0.04991999999992913	epochs	1.0
