onset	duration	nwb_table	treelevel
15.282000064849854	0.09999999999999964	epochs	0.0
15.282000064849854	0.04499999999999993	epochs	1.0
15.327000064849853	0.010004999999999598	epochs	1.0
15.337005064849853	0.04499500000000012	epochs	1.0
15.382000064849853	0.704995000000002	epochs	0.0
15.382000064849853	0.5	epochs	-1.0
15.382000064849853	0.5	epochs	-1.0
15.382000064849853	0.5	epochs	1.0
15.882000064849853	0.0600000000000005	epochs	-1.0
15.882000064849853	0.025000000000000355	epochs	-1.0
15.882000064849853	0.025000000000000355	epochs	1.0
15.907000064849854	0.009999999999999787	epochs	-1.0
15.907000064849854	0.009999999999999787	epochs	1.0
15.917000064849853	0.025000000000000355	epochs	-1.0
15.917000064849853	0.025000000000000355	epochs	1.0
15.942000064849854	0.05999999999999872	epochs	-1.0
15.942000064849854	0.025000000000000355	epochs	-1.0
15.942000064849854	0.025000000000000355	epochs	1.0
15.967000064849854	0.009999999999999787	epochs	-1.0
15.967000064849854	0.009999999999999787	epochs	1.0
15.977000064849854	0.02499999999999858	epochs	-1.0
15.977000064849854	0.02499999999999858	epochs	1.0
16.002000064849852	0.060000000000002274	epochs	-1.0
16.002000064849852	0.02500000000000213	epochs	-1.0
16.002000064849852	0.02500000000000213	epochs	1.0
16.027000064849855	0.00999999999999801	epochs	-1.0
16.027000064849855	0.00999999999999801	epochs	1.0
16.037000064849853	0.02500000000000213	epochs	-1.0
16.037000064849853	0.02500000000000213	epochs	1.0
16.062000064849855	0.024995000000000545	epochs	1.0
598.3099999427795	0.10000000000002274	epochs	0.0
598.3099999427795	0.04499999999995907	epochs	1.0
598.3549999427795	0.010005000000091968	epochs	1.0
598.3650049427796	0.044994999999971697	epochs	1.0
598.4099999427796	0.7049949999999399	epochs	0.0
598.4099999427796	0.5	epochs	-1.0
598.4099999427796	0.5	epochs	1.0
598.9099999427796	0.05999999999994543	epochs	-1.0
598.9099999427796	0.024999999999977263	epochs	-1.0
598.9099999427796	0.024999999999977263	epochs	1.0
598.9349999427795	0.009999999999990905	epochs	-1.0
598.9349999427795	0.009999999999990905	epochs	1.0
598.9449999427795	0.024999999999977263	epochs	-1.0
598.9449999427795	0.024999999999977263	epochs	1.0
598.9699999427795	0.06000000000005912	epochs	-1.0
598.9699999427795	0.024999999999977263	epochs	-1.0
598.9699999427795	0.024999999999977263	epochs	1.0
598.9949999427795	0.010000000000104592	epochs	-1.0
598.9949999427795	0.010000000000104592	epochs	1.0
599.0049999427796	0.024999999999977263	epochs	-1.0
599.0049999427796	0.024999999999977263	epochs	1.0
599.0299999427796	0.05999999999994543	epochs	-1.0
599.0299999427796	0.024999999999977263	epochs	-1.0
599.0299999427796	0.024999999999977263	epochs	1.0
599.0549999427795	0.009999999999990905	epochs	-1.0
599.0549999427795	0.009999999999990905	epochs	1.0
599.0649999427795	0.024999999999977263	epochs	-1.0
599.0649999427795	0.024999999999977263	epochs	1.0
599.0899999427795	0.024994999999989886	epochs	1.0
739.8699998855591	0.10000000000002274	epochs	0.0
739.8699998855591	0.04499999999995907	epochs	1.0
739.914999885559	0.010005000000091968	epochs	1.0
739.9250048855591	0.044994999999971697	epochs	1.0
739.9699998855591	61.384995	epochs	0.0
739.9699998855591	0.5	epochs	-1.0
739.9699998855591	0.5	epochs	-1.0
739.9699998855591	0.5	epochs	1.0
740.4699998855591	0.05999999999994543	epochs	-1.0
740.4699998855591	0.024999999999977263	epochs	-1.0
740.4699998855591	0.024999999999977263	epochs	1.0
740.4949998855591	0.009999999999990905	epochs	-1.0
740.4949998855591	0.009999999999990905	epochs	1.0
740.5049998855591	0.024999999999977263	epochs	-1.0
740.5049998855591	0.024999999999977263	epochs	1.0
740.529999885559	0.06000000000005912	epochs	-1.0
740.529999885559	0.024999999999977263	epochs	-1.0
740.529999885559	0.024999999999977263	epochs	1.0
740.554999885559	0.010000000000104592	epochs	-1.0
740.554999885559	0.010000000000104592	epochs	1.0
740.5649998855591	0.024999999999977263	epochs	-1.0
740.5649998855591	0.024999999999977263	epochs	1.0
740.5899998855591	0.05999999999994543	epochs	-1.0
740.5899998855591	0.024999999999977263	epochs	-1.0
740.5899998855591	0.024999999999977263	epochs	1.0
740.6149998855591	0.009999999999990905	epochs	-1.0
740.6149998855591	0.009999999999990905	epochs	1.0
740.6249998855591	0.024999999999977263	epochs	-1.0
740.6249998855591	0.024999999999977263	epochs	1.0
740.649999885559	60.0	epochs	1.0
800.649999885559	0.5	epochs	-1.0
800.649999885559	0.5	epochs	-1.0
800.649999885559	0.5	epochs	1.0
801.149999885559	0.06000000000005912	epochs	-1.0
801.149999885559	0.024999999999977263	epochs	-1.0
801.149999885559	0.024999999999977263	epochs	1.0
801.174999885559	0.010000000000104592	epochs	-1.0
801.174999885559	0.010000000000104592	epochs	1.0
801.1849998855591	0.024999999999977263	epochs	-1.0
801.1849998855591	0.024999999999977263	epochs	1.0
801.2099998855591	0.05999999999994543	epochs	-1.0
801.2099998855591	0.024999999999977263	epochs	-1.0
801.2099998855591	0.024999999999977263	epochs	1.0
801.2349998855591	0.009999999999990905	epochs	-1.0
801.2349998855591	0.009999999999990905	epochs	1.0
801.2449998855591	0.024999999999977263	epochs	-1.0
801.2449998855591	0.024999999999977263	epochs	1.0
801.2699998855591	0.06000000000005912	epochs	-1.0
801.2699998855591	0.024999999999977263	epochs	-1.0
801.2699998855591	0.024999999999977263	epochs	1.0
801.294999885559	0.009999999999990905	epochs	-1.0
801.294999885559	0.009999999999990905	epochs	1.0
801.304999885559	0.02500000000009095	epochs	-1.0
801.304999885559	0.02500000000009095	epochs	1.0
801.3299998855591	0.024994999999989886	epochs	1.0
816.6360001564026	0.10000000000002274	epochs	0.0
816.6360001564026	0.04499999999995907	epochs	1.0
816.6810001564025	0.010005000000091968	epochs	1.0
816.6910051564026	0.044994999999971697	epochs	1.0
816.7360001564026	0.7049949999999399	epochs	0.0
816.7360001564026	0.5	epochs	-1.0
816.7360001564026	0.5	epochs	-1.0
816.7360001564026	0.5	epochs	1.0
817.2360001564026	0.05999999999994543	epochs	-1.0
817.2360001564026	0.024999999999977263	epochs	-1.0
817.2360001564026	0.024999999999977263	epochs	1.0
817.2610001564026	0.009999999999990905	epochs	-1.0
817.2610001564026	0.009999999999990905	epochs	1.0
817.2710001564026	0.024999999999977263	epochs	-1.0
817.2710001564026	0.024999999999977263	epochs	1.0
817.2960001564026	0.06000000000005912	epochs	-1.0
817.2960001564026	0.024999999999977263	epochs	-1.0
817.2960001564026	0.024999999999977263	epochs	1.0
817.3210001564025	0.010000000000104592	epochs	-1.0
817.3210001564025	0.010000000000104592	epochs	1.0
817.3310001564026	0.024999999999977263	epochs	-1.0
817.3310001564026	0.024999999999977263	epochs	1.0
817.3560001564026	0.05999999999994543	epochs	-1.0
817.3560001564026	0.024999999999977263	epochs	-1.0
817.3560001564026	0.024999999999977263	epochs	1.0
817.3810001564026	0.009999999999990905	epochs	-1.0
817.3810001564026	0.009999999999990905	epochs	1.0
817.3910001564026	0.024999999999977263	epochs	-1.0
817.3910001564026	0.024999999999977263	epochs	1.0
817.4160001564026	0.024994999999989886	epochs	1.0
819.03600025177	0.10000000000002274	epochs	0.0
819.03600025177	0.04499999999995907	epochs	1.0
819.08100025177	0.010005000000091968	epochs	1.0
819.0910052517701	0.044994999999971697	epochs	1.0
819.13600025177	0.7049949999999399	epochs	0.0
819.13600025177	0.5	epochs	-1.0
819.13600025177	0.5	epochs	-1.0
819.13600025177	0.5	epochs	1.0
819.63600025177	0.05999999999994543	epochs	-1.0
819.63600025177	0.024999999999977263	epochs	-1.0
819.63600025177	0.024999999999977263	epochs	1.0
819.66100025177	0.009999999999990905	epochs	-1.0
819.66100025177	0.009999999999990905	epochs	1.0
819.67100025177	0.024999999999977263	epochs	-1.0
819.67100025177	0.024999999999977263	epochs	1.0
819.69600025177	0.06000000000005912	epochs	-1.0
819.69600025177	0.024999999999977263	epochs	-1.0
819.69600025177	0.024999999999977263	epochs	1.0
819.72100025177	0.010000000000104592	epochs	-1.0
819.72100025177	0.010000000000104592	epochs	1.0
819.7310002517701	0.024999999999977263	epochs	-1.0
819.7310002517701	0.024999999999977263	epochs	1.0
819.75600025177	0.05999999999994543	epochs	-1.0
819.75600025177	0.024999999999977263	epochs	-1.0
819.75600025177	0.024999999999977263	epochs	1.0
819.78100025177	0.009999999999990905	epochs	-1.0
819.78100025177	0.009999999999990905	epochs	1.0
819.79100025177	0.024999999999977263	epochs	-1.0
819.79100025177	0.024999999999977263	epochs	1.0
819.81600025177	0.024994999999989886	epochs	1.0
821.3980002403259	0.10000000000002274	epochs	0.0
821.3980002403259	0.04499999999995907	epochs	1.0
821.4430002403259	0.010005000000091968	epochs	1.0
821.453005240326	0.044994999999971697	epochs	1.0
821.498000240326	0.7049949999999399	epochs	0.0
821.498000240326	0.5	epochs	-1.0
821.498000240326	0.5	epochs	-1.0
821.498000240326	0.5	epochs	1.0
821.998000240326	0.05999999999994543	epochs	-1.0
821.998000240326	0.024999999999977263	epochs	-1.0
821.998000240326	0.024999999999977263	epochs	1.0
822.0230002403259	0.009999999999990905	epochs	-1.0
822.0230002403259	0.009999999999990905	epochs	1.0
822.0330002403259	0.024999999999977263	epochs	-1.0
822.0330002403259	0.024999999999977263	epochs	1.0
822.0580002403259	0.06000000000005912	epochs	-1.0
822.0580002403259	0.024999999999977263	epochs	-1.0
822.0580002403259	0.024999999999977263	epochs	1.0
822.0830002403259	0.010000000000104592	epochs	-1.0
822.0830002403259	0.010000000000104592	epochs	1.0
822.093000240326	0.024999999999977263	epochs	-1.0
822.093000240326	0.024999999999977263	epochs	1.0
822.118000240326	0.05999999999994543	epochs	-1.0
822.118000240326	0.024999999999977263	epochs	-1.0
822.118000240326	0.024999999999977263	epochs	1.0
822.1430002403259	0.009999999999990905	epochs	-1.0
822.1430002403259	0.009999999999990905	epochs	1.0
822.1530002403259	0.024999999999977263	epochs	-1.0
822.1530002403259	0.024999999999977263	epochs	1.0
822.1780002403259	0.024994999999989886	epochs	1.0
859.5060000419617	0.10000000000002274	epochs	0.0
859.5060000419617	0.04499999999995907	epochs	1.0
859.5510000419616	0.010020000000054097	epochs	1.0
859.5610200419617	0.04498000000000957	epochs	1.0
859.6060000419617	5.999979999999937	epochs	0.0
859.6060000419617	0.5	epochs	-1.0
859.6060000419617	0.5	epochs	-1.0
859.6060000419617	0.5	epochs	1.0
860.1060000419617	5.0	epochs	1.0
865.1060000419617	0.4999799999999368	epochs	-1.0
865.1060000419617	0.4999799999999368	epochs	1.0
872.3320002555847	0.10000000000002274	epochs	0.0
872.3320002555847	0.04499999999995907	epochs	1.0
872.3770002555847	0.010020000000054097	epochs	1.0
872.3870202555847	0.04498000000000957	epochs	1.0
872.4320002555847	2.559439999999995	epochs	0.0
872.4320002555847	0.5	epochs	-1.0
872.4320002555847	0.5	epochs	1.0
872.9320002555847	1.0	epochs	1.0
873.9320002555847	1.059439999999995	epochs	1.0
874.4320002555847	0.5	epochs	-1.0
874.9914402555847	0.9405399999999418	epochs	0.0
876.6820001602173	0.10000000000002274	epochs	0.0
876.6820001602173	0.04499999999995907	epochs	1.0
876.7270001602172	0.010020000000054097	epochs	1.0
876.7370201602173	0.04498000000000957	epochs	1.0
876.7820001602173	2.5191999999999553	epochs	0.0
876.7820001602173	0.5	epochs	-1.0
876.7820001602173	0.5	epochs	1.0
877.2820001602173	1.0	epochs	1.0
878.2820001602173	1.0191999999999553	epochs	1.0
878.7820001602173	0.5	epochs	-1.0
879.3012001602173	0.9807799999999816	epochs	0.0
880.9650001525879	0.10000000000002274	epochs	0.0
880.9650001525879	0.04499999999995907	epochs	1.0
881.0100001525878	0.010020000000054097	epochs	1.0
881.0200201525879	0.04498000000000957	epochs	1.0
881.0650001525879	2.5196999999999434	epochs	0.0
881.0650001525879	0.5	epochs	-1.0
881.0650001525879	0.5	epochs	1.0
881.5650001525879	1.0	epochs	1.0
882.5650001525879	1.0196999999999434	epochs	1.0
883.0650001525879	0.5	epochs	-1.0
883.5847001525879	0.9802799999999934	epochs	0.0
884.8270001411438	0.10000000000002274	epochs	0.0
884.8270001411438	0.04499999999995907	epochs	1.0
884.8720001411438	0.010020000000054097	epochs	1.0
884.8820201411438	0.04498000000000957	epochs	1.0
884.9270001411438	0.5391200000000254	epochs	0.0
884.9270001411438	0.5	epochs	-1.0
884.9270001411438	0.5	epochs	1.0
885.4270001411438	0.03912000000002536	epochs	1.0
885.4661201411438	2.9608599999999115	epochs	0.0
892.981999874115	0.10000000000002274	epochs	0.0
892.981999874115	0.04499999999995907	epochs	1.0
893.026999874115	0.010020000000054097	epochs	1.0
893.037019874115	0.04498000000000957	epochs	1.0
893.081999874115	2.519459999999981	epochs	0.0
893.081999874115	0.5	epochs	-1.0
893.081999874115	0.5	epochs	1.0
893.581999874115	1.0	epochs	1.0
894.581999874115	1.019459999999981	epochs	1.0
895.081999874115	0.5	epochs	-1.0
895.601459874115	0.9805199999999559	epochs	0.0
896.9320001602173	0.10000000000002274	epochs	0.0
896.9320001602173	0.04499999999995907	epochs	1.0
896.9770001602172	0.010020000000054097	epochs	1.0
896.9870201602173	0.04498000000000957	epochs	1.0
897.0320001602173	2.5198199999999815	epochs	0.0
897.0320001602173	0.5	epochs	-1.0
897.0320001602173	0.5	epochs	1.0
897.5320001602173	1.0	epochs	1.0
898.5320001602173	1.0198199999999815	epochs	1.0
899.0320001602173	0.5	epochs	-1.0
899.5518201602173	0.9801599999999553	epochs	0.0
900.9320001602173	0.15297999999995682	epochs	0.0
900.9320001602173	0.049999999999954525	epochs	1.0
900.9820001602172	0.0030000000000427463	epochs	1.0
900.9850001602173	0.09997999999995955	epochs	1.0
902.4440002441406	0.15297999999995682	epochs	0.0
902.4440002441406	0.049999999999954525	epochs	1.0
902.4940002441406	0.0030000000000427463	epochs	1.0
902.4970002441406	0.09997999999995955	epochs	1.0
903.960000038147	0.15297999999995682	epochs	0.0
903.960000038147	0.049999999999954525	epochs	1.0
904.0100000381469	0.0030000000000427463	epochs	1.0
904.013000038147	0.09997999999995955	epochs	1.0
905.4440002441406	0.15297999999995682	epochs	0.0
905.4440002441406	0.049999999999954525	epochs	1.0
905.4940002441406	0.0030000000000427463	epochs	1.0
905.4970002441406	0.09997999999995955	epochs	1.0
906.9770002365112	0.15297999999995682	epochs	0.0
906.9770002365112	0.049999999999954525	epochs	1.0
907.0270002365112	0.0030000000000427463	epochs	1.0
907.0300002365112	0.09997999999995955	epochs	1.0
908.5100002288818	0.15297999999995682	epochs	0.0
908.5100002288818	0.049999999999954525	epochs	1.0
908.5600002288818	0.0030000000000427463	epochs	1.0
908.5630002288818	0.09997999999995955	epochs	1.0
910.094000339508	0.15297999999995682	epochs	0.0
910.094000339508	0.049999999999954525	epochs	1.0
910.144000339508	0.0030000000000427463	epochs	1.0
910.147000339508	0.09997999999995955	epochs	1.0
911.6770000457764	0.15297999999995682	epochs	0.0
911.6770000457764	0.049999999999954525	epochs	1.0
911.7270000457763	0.0030000000000427463	epochs	1.0
911.7300000457764	0.09997999999995955	epochs	1.0
913.2509999275208	0.15297999999995682	epochs	0.0
913.2509999275208	0.049999999999954525	epochs	1.0
913.3009999275207	0.0030000000000427463	epochs	1.0
913.3039999275207	0.09997999999995955	epochs	1.0
914.8510003089905	0.15297999999995682	epochs	0.0
914.8510003089905	0.049999999999954525	epochs	1.0
914.9010003089904	0.0030000000000427463	epochs	1.0
914.9040003089905	0.09997999999995955	epochs	1.0
916.4170002937317	0.15297999999995682	epochs	0.0
916.4170002937317	0.049999999999954525	epochs	1.0
916.4670002937316	0.0030000000000427463	epochs	1.0
916.4700002937317	0.09997999999995955	epochs	1.0
918.0170001983643	0.15297999999995682	epochs	0.0
918.0170001983643	0.049999999999954525	epochs	1.0
918.0670001983642	0.0030000000000427463	epochs	1.0
918.0700001983643	0.09997999999995955	epochs	1.0
919.6340003013611	0.15297999999995682	epochs	0.0
919.6340003013611	0.049999999999954525	epochs	1.0
919.684000301361	0.0030000000000427463	epochs	1.0
919.6870003013611	0.09997999999995955	epochs	1.0
921.3340001106262	0.15297999999995682	epochs	0.0
921.3340001106262	0.049999999999954525	epochs	1.0
921.3840001106262	0.0030000000000427463	epochs	1.0
921.3870001106262	0.09997999999995955	epochs	1.0
922.9670000076294	0.15297999999995682	epochs	0.0
922.9670000076294	0.049999999999954525	epochs	1.0
923.0170000076293	0.0030000000000427463	epochs	1.0
923.0200000076294	0.09997999999995955	epochs	1.0
924.6690001487732	0.15297999999995682	epochs	0.0
924.6690001487732	0.049999999999954525	epochs	1.0
924.7190001487731	0.0030000000000427463	epochs	1.0
924.7220001487732	0.09997999999995955	epochs	1.0
926.3689999580383	0.15297999999995682	epochs	0.0
926.3689999580383	0.049999999999954525	epochs	1.0
926.4189999580383	0.0030000000000427463	epochs	1.0
926.4219999580383	0.09997999999995955	epochs	1.0
928.085000038147	0.15297999999995682	epochs	0.0
928.085000038147	0.049999999999954525	epochs	1.0
928.1350000381469	0.0030000000000427463	epochs	1.0
928.138000038147	0.09997999999995955	epochs	1.0
929.835000038147	0.15297999999995682	epochs	0.0
929.835000038147	0.049999999999954525	epochs	1.0
929.8850000381469	0.0030000000000427463	epochs	1.0
929.888000038147	0.09997999999995955	epochs	1.0
931.5520000457764	0.15297999999995682	epochs	0.0
931.5520000457764	0.049999999999954525	epochs	1.0
931.6020000457763	0.0030000000000427463	epochs	1.0
931.6050000457764	0.09997999999995955	epochs	1.0
933.3010001182556	0.15297999999995682	epochs	0.0
933.3010001182556	0.049999999999954525	epochs	1.0
933.3510001182556	0.0030000000000427463	epochs	1.0
933.3540001182556	0.09997999999995955	epochs	1.0
935.1170001029968	0.15297999999995682	epochs	0.0
935.1170001029968	0.049999999999954525	epochs	1.0
935.1670001029968	0.0030000000000427463	epochs	1.0
935.1700001029968	0.09997999999995955	epochs	1.0
936.9010000228882	0.15297999999995682	epochs	0.0
936.9010000228882	0.049999999999954525	epochs	1.0
936.9510000228881	0.0030000000000427463	epochs	1.0
936.9540000228882	0.09997999999995955	epochs	1.0
938.7670001983643	0.15297999999995682	epochs	0.0
938.7670001983643	0.049999999999954525	epochs	1.0
938.8170001983642	0.0030000000000427463	epochs	1.0
938.8200001983643	0.09997999999995955	epochs	1.0
940.6510000228882	0.15297999999995682	epochs	0.0
940.6510000228882	0.049999999999954525	epochs	1.0
940.7010000228881	0.0030000000000427463	epochs	1.0
940.7040000228882	0.09997999999995955	epochs	1.0
942.6510000228882	0.10000000000002274	epochs	0.0
942.6510000228882	0.04499999999995907	epochs	1.0
942.6960000228881	0.010020000000054097	epochs	1.0
942.7060200228882	0.04498000000000957	epochs	1.0
942.7510000228882	0.5396200000000135	epochs	0.0
942.7510000228882	0.5	epochs	-1.0
942.7510000228882	0.5	epochs	1.0
943.2510000228882	0.0029999999999290594	epochs	1.0
943.2540000228881	0.036620000000084474	epochs	1.0
943.2906200228882	1.0633599999999888	epochs	0.0
955.8850002288818	0.10000000000002274	epochs	0.0
955.8850002288818	0.04499999999995907	epochs	1.0
955.9300002288818	0.010020000000054097	epochs	1.0
955.9400202288818	0.04498000000000957	epochs	1.0
955.9850002288819	1.5602799999999206	epochs	0.0
955.9850002288819	0.5	epochs	-1.0
955.9850002288819	0.5	epochs	1.0
956.4850002288819	0.0029999999999290594	epochs	1.0
956.4880002288818	1.0572799999999916	epochs	1.0
956.9880002288818	0.5	epochs	-1.0
957.5452802288818	0.04270000000008167	epochs	0.0
959.2350001335144	0.10000000000002274	epochs	0.0
959.2350001335144	0.04499999999995907	epochs	1.0
959.2800001335144	0.010020000000054097	epochs	1.0
959.2900201335144	0.04498000000000957	epochs	1.0
959.3350001335144	0.5391200000000254	epochs	0.0
959.3350001335144	0.5	epochs	-1.0
959.3350001335144	0.5	epochs	1.0
959.8350001335144	0.0029999999999290594	epochs	1.0
959.8380001335144	0.0361200000000963	epochs	1.0
959.8741201335145	1.063859999999977	epochs	0.0
1003.2239999771118	0.10000000000002274	epochs	0.0
1003.2239999771118	0.04499999999995907	epochs	1.0
1003.2689999771118	0.010020000000054097	epochs	1.0
1003.2790199771118	0.04498000000000957	epochs	1.0
1003.3239999771118	2.519580000000019	epochs	0.0
1003.3239999771118	0.5	epochs	-1.0
1003.3239999771118	0.5	epochs	1.0
1003.8239999771118	1.0	epochs	1.0
1004.8239999771118	1.019580000000019	epochs	1.0
1005.3239999771118	0.5	epochs	-1.0
1005.8435799771119	0.9803999999999178	epochs	0.0
1007.5060000419617	0.10000000000002274	epochs	0.0
1007.5060000419617	0.04499999999995907	epochs	1.0
1007.5510000419616	0.010020000000054097	epochs	1.0
1007.5610200419617	0.04498000000000957	epochs	1.0
1007.6060000419617	3.499979999999937	epochs	0.0
1007.6060000419617	0.5	epochs	-1.0
1007.6060000419617	0.5	epochs	1.0
1008.1060000419617	1.0	epochs	1.0
1009.1060000419617	1.9999799999999368	epochs	1.0
1009.6060000419617	0.5	epochs	-1.0
1010.1060000419617	0.5	epochs	-1.0
1012.8559999465942	0.10000000000002274	epochs	0.0
1012.8559999465942	0.04499999999995907	epochs	1.0
1012.9009999465942	0.010020000000054097	epochs	1.0
1012.9110199465943	0.04498000000000957	epochs	1.0
1012.9559999465943	2.5189599999999928	epochs	0.0
1012.9559999465943	0.5	epochs	-1.0
1012.9559999465943	0.5	epochs	1.0
1013.4559999465943	1.0	epochs	1.0
1014.4559999465943	1.0189599999999928	epochs	1.0
1014.9559999465943	0.5	epochs	-1.0
1015.4749599465943	0.981019999999944	epochs	0.0
1017.16100025177	0.10000000000002274	epochs	0.0
1017.16100025177	0.04499999999995907	epochs	1.0
1017.20600025177	0.010020000000054097	epochs	1.0
1017.21602025177	0.04498000000000957	epochs	1.0
1017.26100025177	2.5189599999999928	epochs	0.0
1017.26100025177	0.5	epochs	-1.0
1017.26100025177	0.5	epochs	1.0
1017.76100025177	1.0	epochs	1.0
1018.76100025177	1.0189599999999928	epochs	1.0
1019.26100025177	0.5	epochs	-1.0
1019.77996025177	0.981019999999944	epochs	0.0
1021.545000076294	0.10000000000002274	epochs	0.0
1021.545000076294	0.04499999999995907	epochs	1.0
1021.5900000762939	0.010020000000054097	epochs	1.0
1021.600020076294	0.04498000000000957	epochs	1.0
1021.645000076294	2.5189599999999928	epochs	0.0
1021.645000076294	0.5	epochs	-1.0
1021.645000076294	0.5	epochs	1.0
1022.145000076294	1.0	epochs	1.0
1023.145000076294	1.0189599999999928	epochs	1.0
1023.645000076294	0.4999999999998863	epochs	-1.0
1024.163960076294	0.981019999999944	epochs	0.0
1026.0009999275208	0.09999999999990905	epochs	0.0
1026.0009999275208	0.04500000000007276	epochs	1.0
1026.0459999275208	0.01001999999994041	epochs	1.0
1026.0560199275208	0.04497999999989588	epochs	1.0
1026.1009999275207	2.5194400000000314	epochs	0.0
1026.1009999275207	0.5	epochs	-1.0
1026.1009999275207	0.5	epochs	1.0
1026.6009999275207	1.0	epochs	1.0
1027.6009999275207	1.0194400000000314	epochs	1.0
1028.1009999275207	0.5	epochs	-1.0
1028.6204399275207	0.9805400000000191	epochs	0.0
1030.5350003242493	0.1529800000000705	epochs	0.0
1030.5350003242493	0.049999999999954525	epochs	1.0
1030.5850003242492	0.003000000000156433	epochs	1.0
1030.5880003242494	0.09997999999995955	epochs	1.0
1032.5680003166199	0.1529800000000705	epochs	0.0
1032.5680003166199	0.049999999999954525	epochs	1.0
1032.6180003166198	0.003000000000156433	epochs	1.0
1032.62100031662	0.09997999999995955	epochs	1.0
1034.5659999847412	0.1529800000000705	epochs	0.0
1034.5659999847412	0.049999999999954525	epochs	1.0
1034.6159999847412	0.003000000000156433	epochs	1.0
1034.6189999847413	0.09997999999995955	epochs	1.0
1036.616000175476	0.1529800000000705	epochs	0.0
1036.616000175476	0.049999999999954525	epochs	1.0
1036.666000175476	0.003000000000156433	epochs	1.0
1036.6690001754762	0.09997999999995955	epochs	1.0
1038.6500000953674	0.1529800000000705	epochs	0.0
1038.6500000953674	0.049999999999954525	epochs	1.0
1038.7000000953674	0.003000000000156433	epochs	1.0
1038.7030000953675	0.09997999999995955	epochs	1.0
1040.7160000801086	0.1529800000000705	epochs	0.0
1040.7160000801086	0.049999999999954525	epochs	1.0
1040.7660000801086	0.003000000000156433	epochs	1.0
1040.7690000801088	0.09997999999995955	epochs	1.0
1042.8499999046326	0.1529800000000705	epochs	0.0
1042.8499999046326	0.049999999999954525	epochs	1.0
1042.8999999046325	0.003000000000156433	epochs	1.0
1042.9029999046327	0.09997999999995955	epochs	1.0
1044.9470000267029	0.1529800000000705	epochs	0.0
1044.9470000267029	0.049999999999954525	epochs	1.0
1044.9970000267028	0.003000000000156433	epochs	1.0
1045.000000026703	0.09997999999995955	epochs	1.0
1047.063000202179	0.1529800000000705	epochs	0.0
1047.063000202179	0.049999999999954525	epochs	1.0
1047.113000202179	0.003000000000156433	epochs	1.0
1047.116000202179	0.09997999999995955	epochs	1.0
1049.2130002975464	0.1529800000000705	epochs	0.0
1049.2130002975464	0.049999999999954525	epochs	1.0
1049.2630002975463	0.003000000000156433	epochs	1.0
1049.2660002975465	0.09997999999995955	epochs	1.0
1051.4470000267029	0.1529800000000705	epochs	0.0
1051.4470000267029	0.049999999999954525	epochs	1.0
1051.4970000267028	0.003000000000156433	epochs	1.0
1051.500000026703	0.09997999999995955	epochs	1.0
1053.6470003128052	0.1529800000000705	epochs	0.0
1053.6470003128052	0.049999999999954525	epochs	1.0
1053.6970003128051	0.003000000000156433	epochs	1.0
1053.7000003128053	0.09997999999995955	epochs	1.0
1055.9450001716614	0.1529800000000705	epochs	0.0
1055.9450001716614	0.049999999999954525	epochs	1.0
1055.9950001716613	0.003000000000156433	epochs	1.0
1055.9980001716615	0.09997999999995955	epochs	1.0
1058.2119998931885	0.1529800000000705	epochs	0.0
1058.2119998931885	0.049999999999954525	epochs	1.0
1058.2619998931884	0.003000000000156433	epochs	1.0
1058.2649998931886	0.09997999999995955	epochs	1.0
1060.5120000839233	0.1529800000000705	epochs	0.0
1060.5120000839233	0.049999999999954525	epochs	1.0
1060.5620000839233	0.003000000000156433	epochs	1.0
1060.5650000839235	0.09997999999995955	epochs	1.0
1062.795000076294	0.1529800000000705	epochs	0.0
1062.795000076294	0.049999999999954525	epochs	1.0
1062.845000076294	0.003000000000156433	epochs	1.0
1062.848000076294	0.09997999999995955	epochs	1.0
1065.111999988556	0.1529800000000705	epochs	0.0
1065.111999988556	0.049999999999954525	epochs	1.0
1065.1619999885559	0.003000000000156433	epochs	1.0
1065.164999988556	0.09997999999995955	epochs	1.0
1067.4520001411438	0.1529800000000705	epochs	0.0
1067.4520001411438	0.049999999999954525	epochs	1.0
1067.5020001411438	0.003000000000156433	epochs	1.0
1067.505000141144	0.09997999999995955	epochs	1.0
1069.8180003166199	0.1529800000000705	epochs	0.0
1069.8180003166199	0.049999999999954525	epochs	1.0
1069.8680003166198	0.003000000000156433	epochs	1.0
1069.87100031662	0.09997999999995955	epochs	1.0
1072.401999950409	0.1529800000000705	epochs	0.0
1072.401999950409	0.049999999999954525	epochs	1.0
1072.451999950409	0.003000000000156433	epochs	1.0
1072.454999950409	0.09997999999995955	epochs	1.0
1074.8680000305176	0.1529800000000705	epochs	0.0
1074.8680000305176	0.049999999999954525	epochs	1.0
1074.9180000305175	0.003000000000156433	epochs	1.0
1074.9210000305177	0.09997999999995955	epochs	1.0
1077.3020000457764	0.1529800000000705	epochs	0.0
1077.3020000457764	0.049999999999954525	epochs	1.0
1077.3520000457763	0.003000000000156433	epochs	1.0
1077.3550000457765	0.09997999999995955	epochs	1.0
1079.8689999580383	0.09999999999990905	epochs	0.0
1079.8689999580383	0.04500000000007276	epochs	1.0
1079.9139999580384	0.01001999999994041	epochs	1.0
1079.9240199580383	0.04497999999989588	epochs	1.0
1079.9689999580382	0.5396200000000135	epochs	0.0
1079.9689999580382	0.5	epochs	-1.0
1079.9689999580382	0.5	epochs	1.0
1080.4689999580382	0.003000000000156433	epochs	1.0
1080.4719999580384	0.0366199999998571	epochs	1.0
1080.5086199580383	1.0633600000001024	epochs	0.0
1093.116000175476	0.09999999999990905	epochs	0.0
1093.116000175476	0.04500000000007276	epochs	1.0
1093.1610001754761	0.01001999999994041	epochs	1.0
1093.171020175476	0.04497999999989588	epochs	1.0
1093.216000175476	1.5588000000000193	epochs	0.0
1093.216000175476	0.5	epochs	-1.0
1093.216000175476	0.5	epochs	1.0
1093.716000175476	0.003000000000156433	epochs	1.0
1093.7190001754761	1.0557999999998628	epochs	1.0
1094.2190001754761	0.5	epochs	-1.0
1094.774800175476	0.0441800000000967	epochs	0.0
1096.969000339508	0.09999999999990905	epochs	0.0
1096.969000339508	0.04500000000007276	epochs	1.0
1097.0140003395081	0.01001999999994041	epochs	1.0
1097.024020339508	0.04497999999989588	epochs	1.0
1097.069000339508	1.5596600000001217	epochs	0.0
1097.069000339508	0.5	epochs	-1.0
1097.069000339508	0.5	epochs	1.0
1097.569000339508	0.003000000000156433	epochs	1.0
1097.5720003395081	1.0566599999999653	epochs	1.0
1098.0720003395081	0.5	epochs	-1.0
1098.628660339508	0.04331999999999425	epochs	0.0
1100.8689999580383	0.09999999999990905	epochs	0.0
1100.8689999580383	0.04500000000007276	epochs	1.0
1100.9139999580384	0.01001999999994041	epochs	1.0
1100.9240199580383	0.04497999999989588	epochs	1.0
1100.9689999580382	1.5600200000001223	epochs	0.0
1100.9689999580382	0.5	epochs	-1.0
1100.9689999580382	0.5	epochs	1.0
1101.4689999580382	0.003000000000156433	epochs	1.0
1101.4719999580384	1.0570199999999659	epochs	1.0
1101.9719999580384	0.5	epochs	-1.0
1102.5290199580384	0.04295999999999367	epochs	0.0
1104.7690000534058	0.09999999999990905	epochs	0.0
1104.7690000534058	0.04500000000007276	epochs	1.0
1104.8140000534058	0.01001999999994041	epochs	1.0
1104.8240200534058	0.04497999999989588	epochs	1.0
1104.8690000534057	1.559400000000096	epochs	0.0
1104.8690000534057	0.5	epochs	-1.0
1104.8690000534057	0.5	epochs	1.0
1105.3690000534057	0.003000000000156433	epochs	1.0
1105.3720000534058	1.0563999999999396	epochs	1.0
1105.8720000534058	0.5	epochs	-1.0
1106.4284000534058	0.043580000000019936	epochs	0.0
1108.688000202179	0.09999999999990905	epochs	0.0
1108.688000202179	0.04500000000007276	epochs	1.0
1108.733000202179	0.01001999999994041	epochs	1.0
1108.743020202179	0.04497999999989588	epochs	1.0
1108.7880002021789	1.5593000000001211	epochs	0.0
1108.7880002021789	0.5	epochs	-1.0
1108.7880002021789	0.5	epochs	1.0
1109.2880002021789	0.003000000000156433	epochs	1.0
1109.291000202179	1.0562999999999647	epochs	1.0
1109.791000202179	0.5	epochs	-1.0
1110.347300202179	0.043679999999994834	epochs	0.0
1112.638000011444	0.09999999999990905	epochs	0.0
1112.638000011444	0.04500000000007276	epochs	1.0
1112.6830000114442	0.01001999999994041	epochs	1.0
1112.693020011444	0.04497999999989588	epochs	1.0
1112.738000011444	1.5596600000001217	epochs	0.0
1112.738000011444	0.5	epochs	-1.0
1112.738000011444	0.5	epochs	1.0
1113.238000011444	0.003000000000156433	epochs	1.0
1113.2410000114442	1.0566599999999653	epochs	1.0
1113.7410000114442	0.5	epochs	-1.0
1114.2976600114441	0.04331999999999425	epochs	0.0
1125.5510001182556	0.6499799999999141	epochs	0.0
1125.5510001182556	0.049999999999954525	epochs	1.0
1125.6010001182556	0.5	epochs	1.0
1126.1010001182556	0.09997999999995955	epochs	1.0
1128.5820002555847	0.6499799999999141	epochs	0.0
1128.5820002555847	0.049999999999954525	epochs	1.0
1128.6320002555847	0.5	epochs	1.0
1129.1320002555847	0.09997999999995955	epochs	1.0
1131.6820001602173	0.6499799999999141	epochs	0.0
1131.6820001602173	0.049999999999954525	epochs	1.0
1131.7320001602172	0.5	epochs	1.0
1132.2320001602172	0.09997999999995955	epochs	1.0
1134.8650002479553	0.6499799999999141	epochs	0.0
1134.8650002479553	0.049999999999954525	epochs	1.0
1134.9150002479553	0.5	epochs	1.0
1135.4150002479553	0.09997999999995955	epochs	1.0
1138.0409998893738	0.6499799999999141	epochs	0.0
1138.0409998893738	0.049999999999954525	epochs	1.0
1138.0909998893737	0.5	epochs	1.0
1138.5909998893737	0.09997999999995955	epochs	1.0
1141.2249999046326	0.6499799999999141	epochs	0.0
1141.2249999046326	0.049999999999954525	epochs	1.0
1141.2749999046325	0.5	epochs	1.0
1141.7749999046325	0.09997999999995955	epochs	1.0
1144.4079999923706	0.6499799999999141	epochs	0.0
1144.4079999923706	0.049999999999954525	epochs	1.0
1144.4579999923706	0.5	epochs	1.0
1144.9579999923706	0.09997999999995955	epochs	1.0
1147.7249999046326	0.09999999999990905	epochs	0.0
1147.7249999046326	0.04500000000007276	epochs	1.0
1147.7699999046326	0.01001999999994041	epochs	1.0
1147.7800199046326	0.04497999999989588	epochs	1.0
1147.8249999046325	2.5197200000000066	epochs	0.0
1147.8249999046325	0.5	epochs	-1.0
1147.8249999046325	0.5	epochs	1.0
1148.3249999046325	1.0	epochs	1.0
1149.3249999046325	1.0197200000000066	epochs	1.0
1149.8249999046325	0.5	epochs	-1.0
1150.3447199046325	2.980260000000044	epochs	0.0
1153.1310000419617	0.09999999999990905	epochs	0.0
1153.1310000419617	0.04500000000007276	epochs	1.0
1153.1760000419617	0.01001999999994041	epochs	1.0
1153.1860200419617	0.04497999999989588	epochs	1.0
1153.2310000419616	2.519560000000183	epochs	0.0
1153.2310000419616	0.5	epochs	-1.0
1153.2310000419616	0.5	epochs	1.0
1153.7310000419616	1.0	epochs	1.0
1154.7310000419616	1.0195600000001832	epochs	1.0
1155.2310000419616	0.5	epochs	-1.0
1155.7505600419618	2.9804199999998673	epochs	0.0
1158.7350001335144	0.09999999999990905	epochs	0.0
1158.7350001335144	0.04500000000007276	epochs	1.0
1158.7800001335145	0.01001999999994041	epochs	1.0
1158.7900201335144	0.04497999999989588	epochs	1.0
1158.8350001335143	2.520200000000159	epochs	0.0
1158.8350001335143	0.5	epochs	-1.0
1158.8350001335143	0.5	epochs	1.0
1159.3350001335143	1.0	epochs	1.0
1160.3350001335143	1.020200000000159	epochs	1.0
1160.8350001335143	0.5	epochs	-1.0
1161.3552001335145	3.9797799999998915	epochs	0.0
1164.1350002288818	0.09999999999990905	epochs	0.0
1164.1350002288818	0.04500000000007276	epochs	1.0
1164.180000228882	0.01001999999994041	epochs	1.0
1164.1900202288818	0.04497999999989588	epochs	1.0
1164.2350002288817	2.5198400000001584	epochs	0.0
1164.2350002288817	0.5	epochs	-1.0
1164.2350002288817	0.5	epochs	1.0
1164.7350002288817	1.0	epochs	1.0
1165.7350002288817	1.0198400000001584	epochs	1.0
1166.2350002288817	0.5	epochs	-1.0
1166.754840228882	3.980139999999892	epochs	0.0
1169.5209999084473	0.09999999999990905	epochs	0.0
1169.5209999084473	0.04500000000007276	epochs	1.0
1169.5659999084473	0.01001999999994041	epochs	1.0
1169.5760199084473	0.04497999999989588	epochs	1.0
1169.6209999084472	0.5395000000000891	epochs	0.0
1169.6209999084472	0.5	epochs	-1.0
1169.6209999084472	0.5	epochs	1.0
1170.1209999084472	0.03950000000008913	epochs	1.0
1170.1604999084473	5.960479999999961	epochs	0.0
1180.6490001678467	0.09999999999990905	epochs	0.0
1180.6490001678467	0.04500000000007276	epochs	1.0
1180.6940001678468	0.01001999999994041	epochs	1.0
1180.7040201678467	0.04497999999989588	epochs	1.0
1180.7490001678466	2.559940000000097	epochs	0.0
1180.7490001678466	0.5	epochs	-1.0
1180.7490001678466	0.5	epochs	1.0
1181.2490001678466	1.0	epochs	1.0
1182.2490001678466	1.059940000000097	epochs	1.0
1182.7490001678466	0.5	epochs	-1.0
1183.3089401678467	3.9400399999999536	epochs	0.0
1186.2160000801086	0.09999999999990905	epochs	0.0
1186.2160000801086	0.04500000000007276	epochs	1.0
1186.2610000801087	0.01001999999994041	epochs	1.0
1186.2710200801087	0.04497999999989588	epochs	1.0
1186.3160000801086	2.5198400000001584	epochs	0.0
1186.3160000801086	0.5	epochs	-1.0
1186.3160000801086	0.5	epochs	1.0
1186.8160000801086	1.0	epochs	1.0
1187.8160000801086	1.0198400000001584	epochs	1.0
1188.3160000801086	0.5	epochs	-1.0
1188.8358400801087	3.980139999999892	epochs	0.0
1192.3900003433228	0.09999999999990905	epochs	0.0
1192.3900003433228	0.04500000000007276	epochs	1.0
1192.4350003433228	0.01001999999994041	epochs	1.0
1192.4450203433228	0.04497999999989588	epochs	1.0
1192.4900003433227	2.519960000000083	epochs	0.0
1192.4900003433227	0.5	epochs	-1.0
1192.4900003433227	0.5	epochs	1.0
1192.9900003433227	1.0	epochs	1.0
1193.9900003433227	1.0199600000000828	epochs	1.0
1194.4900003433227	0.5	epochs	-1.0
1195.0099603433227	7.980019999999968	epochs	0.0
1207.523000240326	0.09999999999990905	epochs	0.0
1207.523000240326	0.04500000000007276	epochs	1.0
1207.568000240326	0.01001999999994041	epochs	1.0
1207.578020240326	0.04497999999989588	epochs	1.0
1207.6230002403258	2.519459999999981	epochs	0.0
1207.6230002403258	0.5	epochs	-1.0
1207.6230002403258	0.5	epochs	1.0
1208.1230002403258	1.0	epochs	1.0
1209.1230002403258	1.019459999999981	epochs	1.0
1209.6230002403258	0.5	epochs	-1.0
1210.1424602403258	7.98052000000007	epochs	0.0
1222.6940002441406	0.09999999999990905	epochs	0.0
1222.6940002441406	0.04500000000007276	epochs	1.0
1222.7390002441407	0.01001999999994041	epochs	1.0
1222.7490202441406	0.04497999999989588	epochs	1.0
1222.7940002441405	3.0201600000000326	epochs	0.0
1222.7940002441405	0.5	epochs	-1.0
1222.7940002441405	0.5	epochs	1.0
1223.2940002441405	1.0	epochs	1.0
1224.2940002441405	1.5201600000000326	epochs	1.0
1224.7940002441405	0.5	epochs	-1.0
1225.2940002441405	0.5	epochs	-1.0
1225.8141602441406	7.479820000000018	epochs	0.0
1237.9180002212524	0.09999999999990905	epochs	0.0
1237.9180002212524	0.04500000000007276	epochs	1.0
1237.9630002212525	0.01001999999994041	epochs	1.0
1237.9730202212525	0.04497999999989588	epochs	1.0
1238.0180002212524	0.5393800000001647	epochs	0.0
1238.0180002212524	0.5	epochs	-1.0
1238.0180002212524	0.5	epochs	1.0
1238.5180002212524	0.03938000000016473	epochs	1.0
1238.5573802212525	9.960599999999886	epochs	0.0
1267.983000278473	0.09999999999990905	epochs	0.0
1267.983000278473	0.04500000000007276	epochs	1.0
1268.028000278473	0.01001999999994041	epochs	1.0
1268.038020278473	0.04497999999989588	epochs	1.0
1268.0830002784728	2.5192000000001826	epochs	0.0
1268.0830002784728	0.5	epochs	-1.0
1268.0830002784728	0.5	epochs	1.0
1268.5830002784728	1.0	epochs	1.0
1269.5830002784728	1.0192000000001826	epochs	1.0
1270.0830002784728	0.5	epochs	-1.0
1270.602200278473	7.980779999999868	epochs	0.0
1283.1240000724792	0.09999999999990905	epochs	0.0
1283.1240000724792	0.04500000000007276	epochs	1.0
1283.1690000724793	0.01001999999994041	epochs	1.0
1283.1790200724793	0.04497999999989588	epochs	1.0
1283.2240000724792	2.5200600000000577	epochs	0.0
1283.2240000724792	0.5	epochs	-1.0
1283.2240000724792	0.5	epochs	1.0
1283.7240000724792	1.0	epochs	1.0
1284.7240000724792	1.0200600000000577	epochs	1.0
1285.2240000724792	0.5	epochs	-1.0
1285.7440600724792	7.979919999999993	epochs	0.0
1298.2790002822876	0.09999999999990905	epochs	0.0
1298.2790002822876	0.04500000000007276	epochs	1.0
1298.3240002822877	0.01001999999994041	epochs	1.0
1298.3340202822876	0.04497999999989588	epochs	1.0
1298.3790002822875	3.0195400000000063	epochs	0.0
1298.3790002822875	0.5	epochs	-1.0
1298.3790002822875	0.5	epochs	1.0
1298.8790002822875	1.0	epochs	1.0
1299.8790002822875	1.5195400000000063	epochs	1.0
1300.3790002822875	0.5	epochs	-1.0
1300.8790002822875	0.5	epochs	-1.0
1301.3985402822875	7.480440000000044	epochs	0.0
1313.53600025177	0.09999999999990905	epochs	0.0
1313.53600025177	0.04500000000007276	epochs	1.0
1313.58100025177	0.01001999999994041	epochs	1.0
1313.59102025177	0.04497999999989588	epochs	1.0
1313.63600025177	0.5393800000001647	epochs	0.0
1313.63600025177	0.5	epochs	-1.0
1313.63600025177	0.5	epochs	1.0
1314.13600025177	0.03938000000016473	epochs	1.0
1314.17538025177	9.960599999999886	epochs	0.0
1343.6810002326965	0.09999999999990905	epochs	0.0
1343.6810002326965	0.04500000000007276	epochs	1.0
1343.7260002326966	0.01001999999994041	epochs	1.0
1343.7360202326965	0.04497999999989588	epochs	1.0
1343.7810002326964	2.5195800000001327	epochs	0.0
1343.7810002326964	0.5	epochs	-1.0
1343.7810002326964	0.5	epochs	1.0
1344.2810002326964	1.0	epochs	1.0
1345.2810002326964	1.0195800000001327	epochs	1.0
1345.7810002326964	0.5	epochs	-1.0
1346.3005802326966	7.980399999999918	epochs	0.0
1358.8510003089905	0.09999999999990905	epochs	0.0
1358.8510003089905	0.04500000000007276	epochs	1.0
1358.8960003089906	0.01001999999994041	epochs	1.0
1358.9060203089905	0.04497999999989588	epochs	1.0
1358.9510003089904	9.979640000000018	epochs	0.0
1358.9510003089904	0.5	epochs	-1.0
1358.9510003089904	0.5	epochs	1.0
1359.4510003089904	9.479640000000018	epochs	1.0
1367.9303003089906	1.0003399999998237	epochs	-1.0
1367.9303003089906	0.039419999999836364	epochs	-1.0
1368.4278003089905	0.5	epochs	-1.0
1368.9306403089904	9.520340000000033	epochs	0.0
1372.7560000419617	0.09999999999990905	epochs	0.0
1372.7560000419617	0.04500000000007276	epochs	1.0
1372.8010000419617	0.01001999999994041	epochs	1.0
1372.8110200419617	0.04497999999989588	epochs	1.0
1372.8560000419616	9.678920000000062	epochs	0.0
1372.8560000419616	0.5	epochs	-1.0
1372.8560000419616	0.5	epochs	1.0
1373.3560000419616	9.178920000000062	epochs	1.0
1381.5353200419618	0.999599999999873	epochs	-1.0
1381.5353200419618	0.03991999999993823	epochs	-1.0
1382.0328200419617	0.5	epochs	-1.0
1382.5349200419616	9.821059999999989	epochs	0.0
1386.1690001487732	0.09999999999990905	epochs	0.0
1386.1690001487732	0.04500000000007276	epochs	1.0
1386.2140001487733	0.01001999999994041	epochs	1.0
1386.2240201487732	0.04497999999989588	epochs	1.0
1386.269000148773	9.478420000000142	epochs	0.0
1386.269000148773	0.5	epochs	-1.0
1386.269000148773	0.5	epochs	1.0
1386.769000148773	8.978420000000142	epochs	1.0
1394.7480801487732	0.9993400000000747	epochs	-1.0
1394.7480801487732	0.03929999999991196	epochs	-1.0
1395.2455801487731	0.5	epochs	-1.0
1395.7474201487732	10.021559999999909	epochs	0.0
1399.5199999809265	0.09999999999990905	epochs	0.0
1399.5199999809265	0.04500000000007276	epochs	1.0
1399.5649999809266	0.01001999999994041	epochs	1.0
1399.5750199809265	0.04497999999989588	epochs	1.0
1399.6199999809264	11.69952000000012	epochs	0.0
1399.6199999809264	0.5	epochs	-1.0
1399.6199999809264	0.5	epochs	1.0
1400.1199999809264	11.19952000000012	epochs	1.0
1410.3190399809266	1.000479999999925	epochs	-1.0
1410.3190399809266	0.039559999999937645	epochs	-1.0
1410.8156999809264	0.5	epochs	-1.0
1411.3195199809265	7.80045999999993	epochs	0.0
1415.5929999351501	0.09999999999990905	epochs	0.0
1415.5929999351501	0.04500000000007276	epochs	1.0
1415.6379999351502	0.01001999999994041	epochs	1.0
1415.6480199351502	0.04497999999989588	epochs	1.0
1415.69299993515	16.79934000000003	epochs	0.0
1415.69299993515	0.5	epochs	-1.0
1415.69299993515	0.5	epochs	1.0
1416.19299993515	16.0	epochs	1.0
1430.4731799351503	2.019159999999829	epochs	-1.0
1430.4731799351503	0.03981999999996333	epochs	-1.0
1430.9681799351501	0.5	epochs	-1.0
1431.4681799351501	0.5	epochs	-1.0
1431.9681799351501	0.5	epochs	-1.0
1432.19299993515	0.29934000000002925	epochs	1.0
1432.49233993515	2.7006400000000212	epochs	0.0
1437.049000263214	0.09999999999990905	epochs	0.0
1437.049000263214	0.04500000000007276	epochs	1.0
1437.0940002632142	0.01001999999994041	epochs	1.0
1437.1040202632141	0.04497999999989588	epochs	1.0
1437.149000263214	19.49998000000005	epochs	0.0
1437.149000263214	0.5	epochs	-1.0
1437.149000263214	0.5	epochs	1.0
1437.649000263214	16.0	epochs	1.0
1453.649000263214	2.9999800000000505	epochs	1.0
1454.139000263214	0.5	epochs	-1.0
1454.639000263214	0.5	epochs	-1.0
1455.139000263214	0.5	epochs	-1.0
1455.639000263214	0.5	epochs	-1.0
1456.139000263214	0.5	epochs	-1.0
1461.348000049591	0.09999999999990905	epochs	0.0
1461.348000049591	0.04500000000007276	epochs	1.0
1461.3930000495911	0.01001999999994041	epochs	1.0
1461.403020049591	0.04497999999989588	epochs	1.0
1461.448000049591	19.49998000000005	epochs	0.0
1461.448000049591	0.5	epochs	-1.0
1461.448000049591	0.5	epochs	1.0
1461.948000049591	16.0	epochs	1.0
1477.948000049591	2.9999800000000505	epochs	1.0
1478.438000049591	0.5	epochs	-1.0
1478.938000049591	0.5	epochs	-1.0
1479.438000049591	0.5	epochs	-1.0
1479.938000049591	0.5	epochs	-1.0
1480.438000049591	0.5	epochs	-1.0
1485.3559999465942	0.09999999999990905	epochs	0.0
1485.3559999465942	0.04500000000007276	epochs	1.0
1485.4009999465943	0.01001999999994041	epochs	1.0
1485.4110199465943	0.04497999999989588	epochs	1.0
1485.4559999465941	17.49958000000015	epochs	0.0
1485.4559999465941	0.5	epochs	-1.0
1485.4559999465941	0.5	epochs	1.0
1485.9559999465941	16.0	epochs	1.0
1501.9559999465941	0.9995800000001509	epochs	1.0
1502.4459999465942	0.5	epochs	-1.0
1502.9555799465943	2.0003999999998996	epochs	0.0
1529.6319999694824	0.1529800000000705	epochs	0.0
1529.6319999694824	0.049999999999954525	epochs	1.0
1529.6819999694824	0.003000000000156433	epochs	1.0
1529.6849999694825	0.09997999999995955	epochs	1.0
1534.1970000267029	0.1529800000000705	epochs	0.0
1534.1970000267029	0.049999999999954525	epochs	1.0
1534.2470000267028	0.003000000000156433	epochs	1.0
1534.250000026703	0.09997999999995955	epochs	1.0
1538.8970003128052	0.1529800000000705	epochs	0.0
1538.8970003128052	0.049999999999954525	epochs	1.0
1538.9470003128051	0.003000000000156433	epochs	1.0
1538.9500003128053	0.09997999999995955	epochs	1.0
1543.4710001945496	0.1529800000000705	epochs	0.0
1543.4710001945496	0.049999999999954525	epochs	1.0
1543.5210001945495	0.003000000000156433	epochs	1.0
1543.5240001945497	0.09997999999995955	epochs	1.0
1548.121000289917	0.1529800000000705	epochs	0.0
1548.121000289917	0.049999999999954525	epochs	1.0
1548.171000289917	0.003000000000156433	epochs	1.0
1548.174000289917	0.09997999999995955	epochs	1.0
1552.8099999427795	0.1529800000000705	epochs	0.0
1552.8099999427795	0.049999999999954525	epochs	1.0
1552.8599999427795	0.003000000000156433	epochs	1.0
1552.8629999427797	0.09997999999995955	epochs	1.0
1557.5599999427795	0.1529800000000705	epochs	0.0
1557.5599999427795	0.049999999999954525	epochs	1.0
1557.6099999427795	0.003000000000156433	epochs	1.0
1557.6129999427797	0.09997999999995955	epochs	1.0
1562.3270001411438	0.1529800000000705	epochs	0.0
1562.3270001411438	0.049999999999954525	epochs	1.0
1562.3770001411438	0.003000000000156433	epochs	1.0
1562.380000141144	0.09997999999995955	epochs	1.0
1567.1490001678467	0.1529800000000705	epochs	0.0
1567.1490001678467	0.049999999999954525	epochs	1.0
1567.1990001678466	0.003000000000156433	epochs	1.0
1567.2020001678468	0.09997999999995955	epochs	1.0
1571.9990000724792	0.1529800000000705	epochs	0.0
1571.9990000724792	0.049999999999954525	epochs	1.0
1572.0490000724792	0.003000000000156433	epochs	1.0
1572.0520000724794	0.09997999999995955	epochs	1.0
1576.9260001182556	0.1529800000000705	epochs	0.0
1576.9260001182556	0.049999999999954525	epochs	1.0
1576.9760001182556	0.003000000000156433	epochs	1.0
1576.9790001182557	0.09997999999995955	epochs	1.0
1581.9760003089905	0.1529800000000705	epochs	0.0
1581.9760003089905	0.049999999999954525	epochs	1.0
1582.0260003089904	0.003000000000156433	epochs	1.0
1582.0290003089906	0.09997999999995955	epochs	1.0
1587.0869998931885	0.1529800000000705	epochs	0.0
1587.0869998931885	0.049999999999954525	epochs	1.0
1587.1369998931884	0.003000000000156433	epochs	1.0
1587.1399998931886	0.09997999999995955	epochs	1.0
1592.4029998779297	0.1529800000000705	epochs	0.0
1592.4029998779297	0.049999999999954525	epochs	1.0
1592.4529998779296	0.003000000000156433	epochs	1.0
1592.4559998779298	0.09997999999995955	epochs	1.0
1597.683000087738	0.1529800000000705	epochs	0.0
1597.683000087738	0.049999999999954525	epochs	1.0
1597.733000087738	0.003000000000156433	epochs	1.0
1597.7360000877381	0.09997999999995955	epochs	1.0
1603.116000175476	0.1529800000000705	epochs	0.0
1603.116000175476	0.049999999999954525	epochs	1.0
1603.166000175476	0.003000000000156433	epochs	1.0
1603.1690001754762	0.09997999999995955	epochs	1.0
1608.4159998893738	0.1529800000000705	epochs	0.0
1608.4159998893738	0.049999999999954525	epochs	1.0
1608.4659998893737	0.003000000000156433	epochs	1.0
1608.468999889374	0.09997999999995955	epochs	1.0
1613.6389999389648	0.1529800000000705	epochs	0.0
1613.6389999389648	0.049999999999954525	epochs	1.0
1613.6889999389648	0.003000000000156433	epochs	1.0
1613.691999938965	0.09997999999995955	epochs	1.0
1618.8229999542236	0.1529800000000705	epochs	0.0
1618.8229999542236	0.049999999999954525	epochs	1.0
1618.8729999542236	0.003000000000156433	epochs	1.0
1618.8759999542237	0.09997999999995955	epochs	1.0
1624.16100025177	0.1529800000000705	epochs	0.0
1624.16100025177	0.049999999999954525	epochs	1.0
1624.21100025177	0.003000000000156433	epochs	1.0
1624.2140002517701	0.09997999999995955	epochs	1.0
1629.478000164032	0.1529800000000705	epochs	0.0
1629.478000164032	0.049999999999954525	epochs	1.0
1629.528000164032	0.003000000000156433	epochs	1.0
1629.531000164032	0.09997999999995955	epochs	1.0
1634.7760000228882	0.1529800000000705	epochs	0.0
1634.7760000228882	0.049999999999954525	epochs	1.0
1634.8260000228881	0.003000000000156433	epochs	1.0
1634.8290000228883	0.09997999999995955	epochs	1.0
1640.1760001182556	0.1529800000000705	epochs	0.0
1640.1760001182556	0.049999999999954525	epochs	1.0
1640.2260001182556	0.003000000000156433	epochs	1.0
1640.2290001182557	0.09997999999995955	epochs	1.0
1645.6280002593994	0.1529800000000705	epochs	0.0
1645.6280002593994	0.049999999999954525	epochs	1.0
1645.6780002593994	0.003000000000156433	epochs	1.0
1645.6810002593995	0.09997999999995955	epochs	1.0
1651.2940001487732	0.09999999999990905	epochs	0.0
1651.2940001487732	0.04500000000007276	epochs	1.0
1651.3390001487733	0.01001999999994041	epochs	1.0
1651.3490201487732	0.04497999999989588	epochs	1.0
1651.394000148773	1.5587800000000698	epochs	0.0
1651.394000148773	0.5	epochs	-1.0
1651.394000148773	0.5	epochs	1.0
1651.894000148773	0.003000000000156433	epochs	1.0
1651.8970001487733	1.0557799999999133	epochs	1.0
1652.3970001487733	0.5	epochs	-1.0
1652.9527801487732	0.0442000000000462	epochs	0.0
1658.206000328064	0.09999999999990905	epochs	0.0
1658.206000328064	0.04500000000007276	epochs	1.0
1658.251000328064	0.01001999999994041	epochs	1.0
1658.261020328064	0.04497999999989588	epochs	1.0
1658.3060003280639	1.559900000000198	epochs	0.0
1658.3060003280639	0.5	epochs	-1.0
1658.3060003280639	0.5	epochs	1.0
1658.8060003280639	0.003000000000156433	epochs	1.0
1658.809000328064	1.0569000000000415	epochs	1.0
1659.309000328064	0.5	epochs	-1.0
1659.865900328064	0.04307999999991807	epochs	0.0
1665.206000328064	0.09999999999990905	epochs	0.0
1665.206000328064	0.04500000000007276	epochs	1.0
1665.251000328064	0.01001999999994041	epochs	1.0
1665.261020328064	0.04497999999989588	epochs	1.0
1665.3060003280639	1.559900000000198	epochs	0.0
1665.3060003280639	0.5	epochs	-1.0
1665.3060003280639	0.5	epochs	1.0
1665.8060003280639	0.003000000000156433	epochs	1.0
1665.809000328064	1.0569000000000415	epochs	1.0
1666.309000328064	0.5	epochs	-1.0
1666.865900328064	0.04307999999991807	epochs	0.0
1672.2070002555847	0.09999999999990905	epochs	0.0
1672.2070002555847	0.04500000000007276	epochs	1.0
1672.2520002555848	0.01001999999994041	epochs	1.0
1672.2620202555847	0.04497999999989588	epochs	1.0
1672.3070002555846	1.5590400000000955	epochs	0.0
1672.3070002555846	0.5	epochs	-1.0
1672.3070002555846	0.5	epochs	1.0
1672.8070002555846	0.003000000000156433	epochs	1.0
1672.8100002555848	1.056039999999939	epochs	1.0
1673.3100002555848	0.5	epochs	-1.0
1673.8660402555847	0.04394000000002052	epochs	0.0
1679.3680000305176	0.09999999999990905	epochs	0.0
1679.3680000305176	0.04500000000007276	epochs	1.0
1679.4130000305177	0.01001999999994041	epochs	1.0
1679.4230200305176	0.04497999999989588	epochs	1.0
1679.4680000305175	1.5594200000000455	epochs	0.0
1679.4680000305175	0.5	epochs	-1.0
1679.4680000305175	0.5	epochs	1.0
1679.9680000305175	0.003000000000156433	epochs	1.0
1679.9710000305176	1.0564199999998891	epochs	1.0
1680.4710000305176	0.5	epochs	-1.0
1681.0274200305175	0.04356000000007043	epochs	0.0
1686.6059999465942	0.09999999999990905	epochs	0.0
1686.6059999465942	0.04500000000007276	epochs	1.0
1686.6509999465943	0.01001999999994041	epochs	1.0
1686.6610199465943	0.04497999999989588	epochs	1.0
1686.7059999465941	1.5595400000001973	epochs	0.0
1686.7059999465941	0.5	epochs	-1.0
1686.7059999465941	0.5	epochs	1.0
1687.2059999465941	0.003000000000156433	epochs	1.0
1687.2089999465943	1.056540000000041	epochs	1.0
1687.7089999465943	0.5	epochs	-1.0
1688.2655399465943	0.043439999999918655	epochs	0.0
1705.6090002059937	0.09999999999990905	epochs	0.0
1705.6090002059937	0.044959999999946376	epochs	1.0
1705.6539602059936	0.010080000000016298	epochs	1.0
1705.6640402059936	0.044959999999946376	epochs	1.0
1705.7090002059936	2.0	epochs	0.0
1707.7090002059936	21.51872000000003	epochs	0.0
1707.7090002059936	1.0	epochs	1.0
1707.7090002059936	0.5	epochs	-1.0
1708.2090002059936	19.9996000000001	epochs	-1.0
1708.7090002059936	20.0	epochs	1.0
1708.7090002059936	8.000000002539309e-05	epochs	2.0
1708.7090802059936	4.356719999999996	epochs	-1.0
1708.7090802059936	1.9745600000001104	epochs	2.0
1708.7090802059936	1.098560000000134	epochs	3.0
1709.8076402059937	0.8759999999999764	epochs	3.0
1710.6836402059937	1.3523999999999887	epochs	2.0
1710.6836402059937	0.7286400000000413	epochs	3.0
1711.4122802059937	0.6237599999999475	epochs	3.0
1712.0360402059937	1.0297599999998965	epochs	2.0
1712.0360402059937	0.5453600000000733	epochs	3.0
1712.5814002059938	0.4843999999998232	epochs	3.0
1713.0658002059936	0.8317600000000311	epochs	2.0
1713.0658002059936	0.435760000000073	epochs	3.0
1713.5015602059937	0.39599999999995816	epochs	3.0
1713.8975602059936	0.697840000000042	epochs	2.0
1713.8975602059936	0.362880000000132	epochs	3.0
1714.2604402059937	0.33495999999991	epochs	3.0
1714.5954002059937	0.6010400000000118	epochs	2.0
1714.5954002059937	0.3108799999999974	epochs	3.0
1714.9062802059937	0.2901600000000144	epochs	3.0
1715.1964402059937	0.5278399999999692	epochs	2.0
1715.1964402059937	0.2719199999999091	epochs	3.0
1715.4683602059936	0.2559200000000601	epochs	3.0
1715.7242802059936	0.47064000000000306	epochs	2.0
1715.7242802059936	0.2416800000000876	epochs	3.0
1715.9659602059937	0.22895999999991545	epochs	3.0
1716.1949202059936	0.42455999999992855	epochs	2.0
1716.1949202059936	0.2174400000001242	epochs	3.0
1716.4123602059938	0.20711999999980435	epochs	3.0
1716.6194802059936	0.3867200000001958	epochs	2.0
1716.6194802059936	0.1976799999999912	epochs	3.0
1716.8171602059936	0.1890400000002046	epochs	3.0
1717.0062002059938	0.3551199999999426	epochs	2.0
1717.0062002059938	0.1811999999999898	epochs	3.0
1717.1874002059938	0.17391999999995278	epochs	3.0
1717.3613202059937	0.3282400000000507	epochs	2.0
1717.3613202059937	0.16719999999986612	epochs	3.0
1717.5285202059936	0.1610400000001846	epochs	3.0
1717.6895602059938	0.3051999999997861	epochs	2.0
1717.6895602059938	0.1552799999999479	epochs	3.0
1717.8448402059937	0.14991999999983818	epochs	3.0
1717.9947602059935	0.28512000000000626	epochs	2.0
1717.9947602059935	0.1448800000000574	epochs	3.0
1718.1396402059936	0.14023999999994885	epochs	3.0
1718.2798802059935	0.2675200000001041	epochs	2.0
1718.2798802059935	0.13584000000014385	epochs	3.0
1718.4157202059937	0.13167999999996027	epochs	3.0
1718.5474002059937	0.2520799999999781	epochs	2.0
1718.5474002059937	0.12784000000010565	epochs	3.0
1718.6752402059938	0.12423999999987245	epochs	3.0
1718.7994802059936	0.23816000000010717	epochs	2.0
1718.7994802059936	0.1207200000001194	epochs	3.0
1718.9202002059938	0.11743999999998778	epochs	3.0
1719.0376402059937	0.22583999999983462	epochs	2.0
1719.0376402059937	0.11439999999993233	epochs	3.0
1719.1520402059937	0.11143999999990228	epochs	3.0
1719.2634802059936	0.21464000000014494	epochs	2.0
1719.2634802059936	0.1086400000001504	epochs	3.0
1719.3721202059937	0.10599999999999454	epochs	3.0
1719.4781202059937	0.20447999999987587	epochs	2.0
1719.4781202059937	0.10343999999986409	epochs	3.0
1719.5815602059936	0.10104000000001179	epochs	3.0
1719.6826002059936	0.1953600000001643	epochs	2.0
1719.6826002059936	0.0987999999999829	epochs	3.0
1719.7814002059936	0.09656000000018139	epochs	3.0
1719.8779602059938	0.18695999999999913	epochs	2.0
1719.8779602059938	0.09447999999997592	epochs	3.0
1719.9724402059937	0.09248000000002321	epochs	3.0
1720.0649202059938	0.17919999999980973	epochs	2.0
1720.0649202059938	0.09047999999984313	epochs	3.0
1720.1554002059936	0.0887199999999666	epochs	3.0
1720.2441202059936	0.17208000000005086	epochs	2.0
1720.2441202059936	0.08688000000006468	epochs	3.0
1720.3310002059936	0.08519999999998618	epochs	3.0
1720.4162002059936	0.165520000000015	epochs	2.0
1720.4162002059936	0.08359999999993306	epochs	3.0
1720.4998002059936	0.08192000000008193	epochs	3.0
1720.5817202059936	0.1595199999999295	epochs	2.0
1720.5817202059936	0.0804800000000796	epochs	3.0
1720.6622002059937	0.0790399999998499	epochs	3.0
1720.7412402059936	0.15376000000014756	epochs	2.0
1720.7412402059936	0.07760000000007494	epochs	3.0
1720.8188402059936	0.07616000000007261	epochs	3.0
1720.8950002059937	0.14855999999986125	epochs	2.0
1720.8950002059937	0.07495999999991909	epochs	3.0
1720.9699602059936	0.07359999999994216	epochs	3.0
1721.0435602059936	0.14368000000013126	epochs	2.0
1721.0435602059936	0.0724800000000414	epochs	3.0
1721.1160402059936	0.07120000000008986	epochs	3.0
1721.1872402059937	0.1390400000000227	epochs	2.0
1721.1872402059937	0.07007999999996173	epochs	3.0
1721.2573202059937	0.06896000000006097	epochs	3.0
1721.3262802059937	0.13472000000001572	epochs	2.0
1721.3262802059937	0.06791999999995824	epochs	3.0
1721.3942002059937	0.06680000000005748	epochs	3.0
1721.4610002059937	0.13071999999988293	epochs	2.0
1721.4610002059937	0.06583999999998014	epochs	3.0
1721.5268402059937	0.0648799999999028	epochs	3.0
1721.5917202059936	0.1268000000000029	epochs	2.0
1721.5917202059936	0.06384000000002743	epochs	3.0
1721.6555602059937	0.06295999999997548	epochs	3.0
1721.7185202059936	0.12328000000002248	epochs	2.0
1721.7185202059936	0.06207999999992353	epochs	3.0
1721.7806002059936	0.06120000000009895	epochs	3.0
1721.8418002059936	0.11984000000006745	epochs	2.0
1721.8418002059936	0.060320000000047	epochs	3.0
1721.9021202059937	0.059520000000020445	epochs	3.0
1721.9616402059937	0.11663999999996122	epochs	2.0
1721.9616402059937	0.05871999999999389	epochs	3.0
1722.0203602059937	0.05791999999996733	epochs	3.0
1722.0782802059937	0.11359999999990578	epochs	2.0
1722.0782802059937	0.05719999999996617	epochs	3.0
1722.1354802059936	0.05639999999993961	epochs	3.0
1722.1918802059936	0.1107200000001285	epochs	2.0
1722.1918802059936	0.05568000000016582	epochs	3.0
1722.2475602059938	0.055039999999962674	epochs	3.0
1722.3026002059937	0.10791999999992186	epochs	2.0
1722.3026002059937	0.05423999999993612	epochs	3.0
1722.3568402059936	0.05367999999998574	epochs	3.0
1722.4105202059936	0.10527999999999338	epochs	2.0
1722.4105202059936	0.052959999999984575	epochs	3.0
1722.4634802059936	0.052320000000008804	epochs	3.0
1722.5158002059936	0.10287999999991371	epochs	2.0
1722.5158002059936	0.051760000000058426	epochs	3.0
1722.5675602059937	0.05111999999985528	epochs	3.0
1722.6186802059935	0.10040000000003602	epochs	2.0
1722.6186802059935	0.050480000000106884	epochs	3.0
1722.6691602059936	0.04991999999992913	epochs	3.0
1722.7190802059936	0.09824000000003252	epochs	2.0
1722.7190802059936	0.049359999999978754	epochs	3.0
1722.7684402059936	0.04888000000005377	epochs	3.0
1722.8173202059936	0.09600000000000364	epochs	2.0
1722.8173202059936	0.048240000000078	epochs	3.0
1722.8655602059937	0.04775999999992564	epochs	3.0
1722.9133202059936	0.09392000000002554	epochs	2.0
1722.9133202059936	0.04719999999997526	epochs	3.0
1722.9605202059936	0.04672000000005028	epochs	3.0
1723.0072402059936	0.09192000000007283	epochs	2.0
1723.0072402059936	0.0461600000000999	epochs	3.0
1723.0534002059937	0.04575999999997293	epochs	3.0
1723.0991602059937	0.09007999999994354	epochs	2.0
1723.0991602059937	0.04528000000004795	epochs	3.0
1723.1444402059938	0.04479999999989559	epochs	3.0
1723.1892402059937	0.08816000000001623	epochs	2.0
1723.1892402059937	0.044319999999970605	epochs	3.0
1723.2335602059936	0.04384000000004562	epochs	3.0
1723.2774002059937	0.08647999999993772	epochs	2.0
1723.2774002059937	0.043439999999918655	epochs	3.0
1723.3208402059936	0.04304000000001906	epochs	3.0
1723.3638802059936	0.08472000000006119	epochs	2.0
1723.3638802059936	0.04256000000009408	epochs	3.0
1723.4064402059937	0.04215999999996711	epochs	3.0
1723.4486002059937	0.08320000000003347	epochs	2.0
1723.4486002059937	0.04176000000006752	epochs	3.0
1723.4903602059937	0.04143999999996595	epochs	3.0
1723.5318002059937	0.08151999999995496	epochs	2.0
1723.5318002059937	0.040960000000040964	epochs	3.0
1723.5727602059937	0.040559999999914	epochs	3.0
1723.6133202059937	0.08007999999995263	epochs	2.0
1723.6133202059937	0.0402400000000398	epochs	3.0
1723.6535602059937	0.039839999999912834	epochs	3.0
1723.6934002059936	0.0786399999999503	epochs	2.0
1723.6934002059936	0.039520000000038635	epochs	3.0
1723.7329202059937	0.03911999999991167	epochs	3.0
1723.7720402059936	0.07720000000017535	epochs	2.0
1723.7720402059936	0.03880000000003747	epochs	3.0
1723.8108402059936	0.03840000000013788	epochs	3.0
1723.8492402059937	0.07591999999999643	epochs	2.0
1723.8492402059937	0.038159999999834326	epochs	3.0
1723.8874002059936	0.03776000000016211	epochs	3.0
1723.9251602059937	0.0745600000000195	epochs	2.0
1723.9251602059937	0.03743999999983316	epochs	3.0
1723.9626002059936	0.03712000000018634	epochs	3.0
1723.9997202059938	0.07335999999986598	epochs	2.0
1723.9997202059938	0.03679999999985739	epochs	3.0
1724.0365202059936	0.036560000000008586	epochs	3.0
1724.0730802059936	0.07208000000014181	epochs	2.0
1724.0730802059936	0.036160000000108994	epochs	3.0
1724.1092402059937	0.035920000000032815	epochs	3.0
1724.1451602059938	0.07087999999998829	epochs	2.0
1724.1451602059938	0.03559999999993124	epochs	3.0
1724.1807602059937	0.035280000000057044	epochs	3.0
1724.2160402059937	0.06983999999988555	epochs	2.0
1724.2160402059937	0.035039999999980864	epochs	3.0
1724.2510802059937	0.034799999999904685	epochs	3.0
1724.2858802059936	0.0686399999999594	epochs	2.0
1724.2858802059936	0.034480000000030486	epochs	3.0
1724.3203602059937	0.034159999999928914	epochs	3.0
1724.3545202059936	0.06760000000008404	epochs	2.0
1724.3545202059936	0.03392000000008011	epochs	3.0
1724.3884402059937	0.03368000000000393	epochs	3.0
1724.4221202059937	0.0665599999999813	epochs	2.0
1724.4221202059937	0.03343999999992775	epochs	3.0
1724.4555602059936	0.03312000000005355	epochs	3.0
1724.4886802059937	0.06559999999990396	epochs	2.0
1724.4886802059937	0.032960000000002765	epochs	3.0
1724.5216402059937	0.03263999999990119	epochs	3.0
1724.5542802059936	0.0645600000000286	epochs	2.0
1724.5542802059936	0.03240000000005239	epochs	3.0
1724.5866802059936	0.03215999999997621	epochs	3.0
1724.6188402059936	0.06367999999997664	epochs	2.0
1724.6188402059936	0.032000000000152795	epochs	3.0
1724.6508402059937	0.03167999999982385	epochs	3.0
1724.6825202059936	0.06272000000012667	epochs	2.0
1724.6825202059936	0.03143999999997504	epochs	3.0
1724.7139602059935	0.03128000000015163	epochs	3.0
1724.7452402059937	0.06183999999984735	epochs	2.0
1724.7452402059937	0.031039999999848078	epochs	3.0
1724.7762802059935	0.030799999999999272	epochs	3.0
1724.8070802059935	0.060960000000022774	epochs	2.0
1724.8070802059935	0.030560000000150467	epochs	3.0
1724.8376402059937	0.030399999999872307	epochs	3.0
1724.8680402059936	0.060159999999996217	epochs	2.0
1724.8680402059936	0.0301600000000235	epochs	3.0
1724.8982002059936	0.029999999999972715	epochs	3.0
1724.9282002059936	0.05928000000017164	epochs	2.0
1724.9282002059936	0.029680000000098516	epochs	3.0
1724.9578802059937	0.029600000000073123	epochs	3.0
1724.9874802059937	0.05847999999991771	epochs	2.0
1724.9874802059937	0.029359999999996944	epochs	3.0
1725.0168402059937	0.029119999999920765	epochs	3.0
1725.0459602059937	0.057759999999916545	epochs	2.0
1725.0459602059937	0.028960000000097352	epochs	3.0
1725.0749202059937	0.028799999999819192	epochs	3.0
1725.1037202059936	0.05696000000011736	epochs	2.0
1725.1037202059936	0.028559999999970387	epochs	3.0
1725.1322802059935	0.028400000000146974	epochs	3.0
1725.1606802059937	0.05623999999988882	epochs	2.0
1725.1606802059937	0.028160000000070795	epochs	3.0
1725.1888402059938	0.02807999999981803	epochs	3.0
1725.2169202059936	0.05544000000008964	epochs	2.0
1725.2169202059936	0.027839999999969223	epochs	3.0
1725.2447602059935	0.027600000000120417	epochs	3.0
1725.2723602059937	0.05487999999991189	epochs	2.0
1725.2723602059937	0.027520000000095024	epochs	3.0
1725.2998802059938	0.027359999999816864	epochs	3.0
1725.3272402059936	0.054080000000112705	epochs	2.0
1725.3272402059936	0.02711999999996806	epochs	3.0
1725.3543602059935	0.026960000000144646	epochs	3.0
1725.3813202059937	0.05343999999990956	epochs	2.0
1725.3813202059937	0.026799999999866486	epochs	3.0
1725.4081202059936	0.026640000000043074	epochs	3.0
1725.4347602059936	0.05287999999995918	epochs	2.0
1725.4347602059936	0.026479999999992287	epochs	3.0
1725.4612402059936	0.026399999999966894	epochs	3.0
1725.4876402059936	0.05216000000018539	epochs	2.0
1725.4876402059936	0.02616000000011809	epochs	3.0
1725.5138002059937	0.026000000000067303	epochs	3.0
1725.5398002059937	0.05151999999998225	epochs	2.0
1725.5398002059937	0.025840000000016516	epochs	3.0
1725.5656402059938	0.02567999999996573	epochs	3.0
1725.5913202059937	0.05096000000003187	epochs	2.0
1725.5913202059937	0.025599999999940337	epochs	3.0
1725.6169202059937	0.02536000000009153	epochs	3.0
1725.6422802059938	0.05039999999985412	epochs	2.0
1725.6422802059938	0.025279999999838765	epochs	3.0
1725.6675602059936	0.025120000000015352	epochs	3.0
1725.6926802059936	0.04976000000010572	epochs	2.0
1725.6926802059936	0.024959999999964566	epochs	3.0
1725.7176402059936	0.024800000000141154	epochs	3.0
1725.7424402059937	0.04919999999992797	epochs	2.0
1725.7424402059937	0.024639999999862994	epochs	3.0
1725.7670802059936	0.024560000000064974	epochs	3.0
1725.7916402059936	0.04872000000000298	epochs	2.0
1725.7916402059936	0.024400000000014188	epochs	3.0
1725.8160402059937	0.024319999999988795	epochs	3.0
1725.8403602059936	0.04808000000002721	epochs	2.0
1725.8403602059936	0.024079999999912616	epochs	3.0
1725.8644402059936	0.024000000000114596	epochs	3.0
1725.8884402059937	0.047599999999874854	epochs	2.0
1725.8884402059937	0.02384000000006381	epochs	3.0
1725.9122802059937	0.023759999999811043	epochs	3.0
1725.9360402059935	0.04712000000017724	epochs	2.0
1725.9360402059935	0.023600000000215005	epochs	3.0
1725.9596402059938	0.023519999999962238	epochs	3.0
1725.9831602059937	0.04655999999999949	epochs	2.0
1725.9831602059937	0.02335999999991145	epochs	3.0
1726.0065202059936	0.02320000000008804	epochs	3.0
1726.0297202059937	0.04607999999984713	epochs	2.0
1726.0297202059937	0.023119999999835272	epochs	3.0
1726.0528402059936	0.02296000000001186	epochs	3.0
1726.0758002059936	0.04560000000014952	epochs	2.0
1726.0758002059936	0.022879999999986467	epochs	3.0
1726.0986802059936	0.022720000000163054	epochs	3.0
1726.1214002059937	0.04511999999999716	epochs	2.0
1726.1214002059937	0.022639999999910287	epochs	3.0
1726.1440402059936	0.022480000000086875	epochs	3.0
1726.1665202059937	0.044639999999844804	epochs	2.0
1726.1665202059937	0.022399999999834108	epochs	3.0
1726.1889202059936	0.022240000000010696	epochs	3.0
1726.2111602059936	0.044240000000172586	epochs	2.0
1726.2111602059936	0.022159999999985303	epochs	3.0
1726.2333202059936	0.022080000000187283	epochs	3.0
1726.2554002059937	0.04376000000002023	epochs	2.0
1726.2554002059937	0.021919999999909123	epochs	3.0
1726.2773202059936	0.021840000000111104	epochs	3.0
1726.2991602059938	0.04335999999989326	epochs	2.0
1726.2991602059938	0.021759999999858337	epochs	3.0
1726.3209202059936	0.021600000000034925	epochs	3.0
1726.3425202059937	0.04287999999996828	epochs	2.0
1726.3425202059937	0.02143999999998414	epochs	3.0
1726.3639602059936	0.02143999999998414	epochs	3.0
1726.3854002059936	0.042480000000068685	epochs	2.0
1726.3854002059936	0.021279999999933352	epochs	3.0
1726.4066802059936	0.021200000000135333	epochs	3.0
1726.4278802059937	0.04207999999994172	epochs	2.0
1726.4278802059937	0.021039999999857173	epochs	3.0
1726.4489202059935	0.021040000000084547	epochs	3.0
1726.4699602059936	0.04168000000004213	epochs	2.0
1726.4699602059936	0.02088000000003376	epochs	3.0
1726.4908402059937	0.020800000000008367	epochs	3.0
1726.5116402059937	0.04119999999988977	epochs	2.0
1726.5116402059937	0.02063999999995758	epochs	3.0
1726.5322802059936	0.020559999999932188	epochs	3.0
1726.5528402059936	0.04088000000001557	epochs	2.0
1726.5528402059936	0.020560000000159562	epochs	3.0
1726.5734002059937	0.02031999999985601	epochs	3.0
1726.5937202059936	0.04056000000014137	epochs	2.0
1726.5937202059936	0.020320000000083382	epochs	3.0
1726.6140402059937	0.02024000000005799	epochs	3.0
1726.6342802059937	0.04007999999998901	epochs	2.0
1726.6342802059937	0.020080000000007203	epochs	3.0
1726.6543602059937	0.01999999999998181	epochs	3.0
1726.6743602059937	0.03975999999988744	epochs	2.0
1726.6743602059937	0.019919999999956417	epochs	3.0
1726.6942802059937	0.019839999999931024	epochs	3.0
1726.7141202059936	0.03944000000001324	epochs	2.0
1726.7141202059936	0.019760000000133005	epochs	3.0
1726.7338802059937	0.019679999999880238	epochs	3.0
1726.7535602059936	0.03904000000011365	epochs	2.0
1726.7535602059936	0.019520000000056825	epochs	3.0
1726.7730802059937	0.019520000000056825	epochs	3.0
1726.7926002059937	0.038639999999986685	epochs	2.0
1726.7926002059937	0.01936000000000604	epochs	3.0
1726.8119602059937	0.019279999999980646	epochs	3.0
1726.8312402059937	0.038399999999910506	epochs	2.0
1726.8312402059937	0.019279999999980646	epochs	3.0
1726.8505202059937	0.01911999999992986	epochs	3.0
1726.8696402059936	0.038000000000010914	epochs	2.0
1726.8696402059936	0.01904000000013184	epochs	3.0
1726.8886802059938	0.018959999999879074	epochs	3.0
1726.9076402059936	0.03767999999990934	epochs	2.0
1726.9076402059936	0.018880000000081054	epochs	3.0
1726.9265202059937	0.018799999999828287	epochs	3.0
1726.9453202059935	0.03736000000003514	epochs	2.0
1726.9453202059935	0.018720000000030268	epochs	3.0
1726.9640402059936	0.018640000000004875	epochs	3.0
1726.9826802059936	0.037040000000160944	epochs	2.0
1726.9826802059936	0.018559999999979482	epochs	3.0
1727.0012402059936	0.018480000000181462	epochs	3.0
1727.0197202059937	0.036719999999832	epochs	2.0
1727.0197202059937	0.018399999999928696	epochs	3.0
1727.0381202059937	0.018319999999903303	epochs	3.0
1727.0564402059936	0.03647999999998319	epochs	2.0
1727.0564402059936	0.018240000000105283	epochs	3.0
1727.0746802059937	0.01823999999987791	epochs	3.0
1727.0929202059936	0.0360800000000836	epochs	2.0
1727.0929202059936	0.018080000000054497	epochs	3.0
1727.1110002059936	0.018000000000029104	epochs	3.0
1727.1290002059936	0.03584000000000742	epochs	2.0
1727.1290002059936	0.01792000000000371	epochs	3.0
1727.1469202059936	0.01792000000000371	epochs	3.0
1727.1648402059936	0.03551999999990585	epochs	2.0
1727.1648402059936	0.017759999999952925	epochs	3.0
1727.1826002059936	0.017759999999952925	epochs	3.0
1727.2003602059935	0.03520000000003165	epochs	2.0
1727.2003602059935	0.017680000000154905	epochs	3.0
1727.2180402059937	0.017519999999876745	epochs	3.0
1727.2355602059936	0.034960000000182845	epochs	2.0
1727.2355602059936	0.01752000000010412	epochs	3.0
1727.2530802059937	0.017440000000078726	epochs	3.0
1727.2705202059938	0.03471999999987929	epochs	2.0
1727.2705202059938	0.017439999999851352	epochs	3.0
1727.2879602059936	0.01728000000002794	epochs	3.0
1727.3052402059936	0.03440000000000509	epochs	2.0
1727.3052402059936	0.017200000000002547	epochs	3.0
1727.3224402059936	0.017200000000002547	epochs	3.0
1727.3396402059936	0.034159999999928914	epochs	2.0
1727.3396402059936	0.017119999999977153	epochs	3.0
1727.3567602059936	0.01703999999995176	epochs	3.0
1727.3738002059936	0.033840000000054715	epochs	2.0
1727.3738002059936	0.01696000000015374	epochs	3.0
1727.3907602059937	0.016879999999900974	epochs	3.0
1727.4076402059936	0.033599999999978536	epochs	2.0
1727.4076402059936	0.016800000000102955	epochs	3.0
1727.4244402059937	0.01679999999987558	epochs	3.0
1727.4412402059936	0.03336000000012973	epochs	2.0
1727.4412402059936	0.01672000000007756	epochs	3.0
1727.4579602059937	0.01664000000005217	epochs	3.0
1727.4746002059937	0.03311999999982618	epochs	2.0
1727.4746002059937	0.016560000000026776	epochs	3.0
1727.4911602059938	0.016559999999799402	epochs	3.0
1727.5077202059936	0.03280000000017935	epochs	2.0
1727.5077202059936	0.016400000000203363	epochs	3.0
1727.5241202059938	0.01639999999997599	epochs	3.0
1727.5405202059937	0.0325599999998758	epochs	2.0
1727.5405202059937	0.016319999999950596	epochs	3.0
1727.5568402059937	0.016239999999925203	epochs	3.0
1727.5730802059936	0.03240000000005239	epochs	2.0
1727.5730802059936	0.016239999999925203	epochs	3.0
1727.5893202059935	0.016160000000127184	epochs	3.0
1727.6054802059937	0.032079999999950815	epochs	2.0
1727.6054802059937	0.016079999999874417	epochs	3.0
1727.6215602059935	0.016000000000076398	epochs	3.0
1727.6375602059936	0.0319200000001274	epochs	2.0
1727.6375602059936	0.016000000000076398	epochs	3.0
1727.6535602059937	0.015920000000051004	epochs	3.0
1727.6694802059938	0.031599999999798456	epochs	2.0
1727.6694802059938	0.015839999999798238	epochs	3.0
1727.6853202059935	0.01576000000000022	epochs	3.0
1727.7010802059935	0.03144000000020242	epochs	2.0
1727.7010802059935	0.01576000000000022	epochs	3.0
1727.7168402059935	0.0156800000002022	epochs	3.0
1727.7325202059938	0.031199999999898864	epochs	2.0
1727.7325202059938	0.015599999999949432	epochs	3.0
1727.7481202059937	0.015599999999949432	epochs	3.0
1727.7637202059936	0.03096000000005006	epochs	2.0
1727.7637202059936	0.015519999999924039	epochs	3.0
1727.7792402059936	0.01544000000012602	epochs	3.0
1727.7946802059937	0.03071999999997388	epochs	2.0
1727.7946802059937	0.015439999999898646	epochs	3.0
1727.8101202059936	0.015280000000075233	epochs	3.0
1727.8254002059937	0.030559999999923093	epochs	2.0
1727.8254002059937	0.015359999999873253	epochs	3.0
1727.8407602059935	0.01520000000004984	epochs	3.0
1727.8559602059936	0.030320000000074288	epochs	2.0
1727.8559602059936	0.01520000000004984	epochs	3.0
1727.8711602059936	0.015120000000024447	epochs	3.0
1727.8862802059937	0.030079999999998108	epochs	2.0
1727.8862802059937	0.015120000000024447	epochs	3.0
1727.9014002059937	0.014959999999973661	epochs	3.0
1727.9163602059937	0.029919999999947322	epochs	2.0
1727.9163602059937	0.015039999999999054	epochs	3.0
1727.9314002059937	0.014879999999948268	epochs	3.0
1727.9462802059936	0.029680000000098516	epochs	2.0
1727.9462802059936	0.014879999999948268	epochs	3.0
1727.9611602059936	0.014800000000150249	epochs	3.0
1727.9759602059937	0.02952000000004773	epochs	2.0
1727.9759602059937	0.014799999999922875	epochs	3.0
1727.9907602059936	0.014720000000124855	epochs	3.0
1728.0054802059938	0.02927999999997155	epochs	2.0
1728.0054802059938	0.014719999999897482	epochs	3.0
1728.0202002059937	0.01456000000007407	epochs	3.0
1728.0347602059937	0.029119999999920765	epochs	2.0
1728.0347602059937	0.014639999999872089	epochs	3.0
1728.0494002059936	0.014480000000048676	epochs	3.0
1728.0638802059937	0.028960000000097352	epochs	2.0
1728.0638802059937	0.014480000000048676	epochs	3.0
1728.0783602059937	0.014480000000048676	epochs	3.0
1728.0928402059938	0.02863999999999578	epochs	2.0
1728.0928402059938	0.01431999999999789	epochs	3.0
1728.1071602059938	0.01431999999999789	epochs	3.0
1728.1214802059937	0.028559999999970387	epochs	2.0
1728.1214802059937	0.01431999999999789	epochs	3.0
1728.1358002059937	0.014239999999972497	epochs	3.0
1728.1500402059937	0.028319999999894208	epochs	2.0
1728.1500402059937	0.014159999999947104	epochs	3.0
1728.1642002059937	0.014159999999947104	epochs	3.0
1728.1783602059936	0.028160000000070795	epochs	2.0
1728.1783602059936	0.014159999999947104	epochs	3.0
1728.1925202059936	0.014000000000123691	epochs	3.0
1728.2065202059937	0.02800000000002001	epochs	2.0
1728.2065202059937	0.013999999999896318	epochs	3.0
1728.2205202059936	0.014000000000123691	epochs	3.0
1728.2345202059937	0.02775999999994383	epochs	2.0
1728.2345202059937	0.013919999999870925	epochs	3.0
1728.2484402059936	0.013840000000072905	epochs	3.0
1728.2622802059936	0.027679999999918437	epochs	2.0
1728.2622802059936	0.013840000000072905	epochs	3.0
1728.2761202059937	0.013839999999845531	epochs	3.0
1728.2899602059936	0.02744000000006963	epochs	2.0
1728.2899602059936	0.013760000000047512	epochs	3.0
1728.3037202059936	0.013680000000022119	epochs	3.0
1728.3174002059936	0.027280000000018845	epochs	2.0
1728.3174002059936	0.013680000000022119	epochs	3.0
1728.3310802059937	0.013599999999996726	epochs	3.0
1728.3446802059937	0.02711999999996806	epochs	2.0
1728.3446802059937	0.013519999999971333	epochs	3.0
1728.3582002059936	0.013599999999996726	epochs	3.0
1728.3718002059936	0.026880000000119253	epochs	2.0
1728.3718002059936	0.01343999999994594	epochs	3.0
1728.3852402059936	0.013440000000173313	epochs	3.0
1728.3986802059937	0.026799999999866486	epochs	2.0
1728.3986802059937	0.01343999999994594	epochs	3.0
1728.4121202059937	0.013359999999920547	epochs	3.0
1728.4254802059936	0.02656000000001768	epochs	2.0
1728.4254802059936	0.013280000000122527	epochs	3.0
1728.4387602059937	0.013279999999895153	epochs	3.0
1728.4520402059936	0.026479999999992287	epochs	2.0
1728.4520402059936	0.013280000000122527	epochs	3.0
1728.4653202059937	0.01319999999986976	epochs	3.0
1728.4785202059936	0.026240000000143482	epochs	2.0
1728.4785202059936	0.013120000000071741	epochs	3.0
1728.4916402059937	0.013120000000071741	epochs	3.0
1728.5047602059938	0.026159999999890715	epochs	2.0
1728.5047602059938	0.013119999999844367	epochs	3.0
1728.5178802059936	0.013040000000046348	epochs	3.0
1728.5309202059937	0.026000000000067303	epochs	2.0
1728.5309202059937	0.013040000000046348	epochs	3.0
1728.5439602059937	0.012960000000020955	epochs	3.0
1728.5569202059937	0.025759999999991123	epochs	2.0
1728.5569202059937	0.012879999999995562	epochs	3.0
1728.5698002059937	0.012879999999995562	epochs	3.0
1728.5826802059937	0.02567999999996573	epochs	2.0
1728.5826802059937	0.012879999999995562	epochs	3.0
1728.5955602059937	0.012799999999970169	epochs	3.0
1728.6083602059937	0.025519999999914944	epochs	2.0
1728.6083602059937	0.012799999999970169	epochs	3.0
1728.6211602059936	0.012719999999944775	epochs	3.0
1728.6338802059936	0.02536000000009153	epochs	2.0
1728.6338802059936	0.01272000000017215	epochs	3.0
1728.6466002059938	0.012639999999919382	epochs	3.0
1728.6592402059937	0.025200000000040745	epochs	2.0
1728.6592402059937	0.012639999999919382	epochs	3.0
1728.6718802059936	0.012560000000121363	epochs	3.0
1728.6844402059937	0.0245599999998376	epochs	2.0
1728.7086002059937	0.5	epochs	-1.0
1728.7090002059936	0.5187200000000303	epochs	1.0
1729.2277202059936	0.4812000000001717	epochs	0.0
1735.768000125885	0.09999999999990905	epochs	0.0
1735.768000125885	0.044959999999946376	epochs	1.0
1735.812960125885	0.010080000000016298	epochs	1.0
1735.823040125885	0.044959999999946376	epochs	1.0
1735.868000125885	2.0	epochs	0.0
1737.868000125885	5.359440000000177	epochs	0.0
1737.868000125885	1.0	epochs	1.0
1737.868000125885	0.5	epochs	-1.0
1738.368000125885	4.859440000000177	epochs	-1.0
1738.868000125885	4.359440000000177	epochs	1.0
1738.868000125885	8.000000002539309e-05	epochs	2.0
1738.868080125885	4.356719999999996	epochs	-1.0
1738.868080125885	1.9745600000001104	epochs	2.0
1738.868080125885	1.098560000000134	epochs	3.0
1739.966640125885	0.8759999999999764	epochs	3.0
1740.842640125885	1.3523999999999887	epochs	2.0
1740.842640125885	0.7286400000000413	epochs	3.0
1741.571280125885	0.6237599999999475	epochs	3.0
1742.195040125885	1.0297599999998965	epochs	2.0
1742.195040125885	0.5453600000000733	epochs	3.0
1742.7404001258851	0.4843999999998232	epochs	3.0
1743.224800125885	0.002640000000155851	epochs	2.0
1743.224800125885	0.002640000000155851	epochs	3.0
1743.227440125885	16.640480000000025	epochs	0.0
1749.0599999427795	0.09999999999990905	epochs	0.0
1749.0599999427795	0.044959999999946376	epochs	1.0
1749.1049599427795	0.010080000000016298	epochs	1.0
1749.1150399427795	0.044959999999946376	epochs	1.0
1749.1599999427795	2.0	epochs	0.0
1751.1599999427795	21.519760000000133	epochs	0.0
1751.1599999427795	1.0	epochs	1.0
1751.1599999427795	0.5	epochs	-1.0
1751.6599999427795	19.999680000000126	epochs	-1.0
1752.1599999427795	20.0	epochs	1.0
1752.1599999427795	8.000000002539309e-05	epochs	2.0
1752.1600799427795	4.356719999999996	epochs	-1.0
1752.1600799427795	1.9745600000001104	epochs	2.0
1752.1600799427795	1.098560000000134	epochs	3.0
1753.2586399427796	0.8759999999999764	epochs	3.0
1754.1346399427796	1.3523999999999887	epochs	2.0
1754.1346399427796	0.7286400000000413	epochs	3.0
1754.8632799427796	0.6237599999999475	epochs	3.0
1755.4870399427796	1.0297599999998965	epochs	2.0
1755.4870399427796	0.5453600000000733	epochs	3.0
1756.0323999427796	0.4843999999998232	epochs	3.0
1756.5167999427795	0.8317600000000311	epochs	2.0
1756.5167999427795	0.435760000000073	epochs	3.0
1756.9525599427795	0.39599999999995816	epochs	3.0
1757.3485599427795	0.697840000000042	epochs	2.0
1757.3485599427795	0.362880000000132	epochs	3.0
1757.7114399427796	0.33495999999991	epochs	3.0
1758.0463999427795	0.6010400000000118	epochs	2.0
1758.0463999427795	0.3108799999999974	epochs	3.0
1758.3572799427795	0.2901600000000144	epochs	3.0
1758.6474399427796	0.5278399999999692	epochs	2.0
1758.6474399427796	0.2719199999999091	epochs	3.0
1758.9193599427795	0.2559200000000601	epochs	3.0
1759.1752799427795	0.47064000000000306	epochs	2.0
1759.1752799427795	0.2416800000000876	epochs	3.0
1759.4169599427796	0.22895999999991545	epochs	3.0
1759.6459199427795	0.42455999999992855	epochs	2.0
1759.6459199427795	0.2174400000001242	epochs	3.0
1759.8633599427797	0.20711999999980435	epochs	3.0
1760.0704799427795	0.3867200000001958	epochs	2.0
1760.0704799427795	0.1976799999999912	epochs	3.0
1760.2681599427794	0.1890400000002046	epochs	3.0
1760.4571999427797	0.3551199999999426	epochs	2.0
1760.4571999427797	0.1811999999999898	epochs	3.0
1760.6383999427796	0.17391999999995278	epochs	3.0
1760.8123199427796	0.3282400000000507	epochs	2.0
1760.8123199427796	0.16719999999986612	epochs	3.0
1760.9795199427795	0.1610400000001846	epochs	3.0
1761.1405599427796	0.3051999999997861	epochs	2.0
1761.1405599427796	0.1552799999999479	epochs	3.0
1761.2958399427796	0.14991999999983818	epochs	3.0
1761.4457599427794	0.28512000000000626	epochs	2.0
1761.4457599427794	0.1448800000000574	epochs	3.0
1761.5906399427795	0.14023999999994885	epochs	3.0
1761.7308799427794	0.2675200000001041	epochs	2.0
1761.7308799427794	0.13584000000014385	epochs	3.0
1761.8667199427796	0.13167999999996027	epochs	3.0
1761.9983999427795	0.2520799999999781	epochs	2.0
1761.9983999427795	0.12784000000010565	epochs	3.0
1762.1262399427796	0.12423999999987245	epochs	3.0
1762.2504799427795	0.23816000000010717	epochs	2.0
1762.2504799427795	0.1207200000001194	epochs	3.0
1762.3711999427796	0.11743999999998778	epochs	3.0
1762.4886399427796	0.22583999999983462	epochs	2.0
1762.4886399427796	0.11439999999993233	epochs	3.0
1762.6030399427796	0.11143999999990228	epochs	3.0
1762.7144799427795	0.21464000000014494	epochs	2.0
1762.7144799427795	0.1086400000001504	epochs	3.0
1762.8231199427796	0.10599999999999454	epochs	3.0
1762.9291199427796	0.20447999999987587	epochs	2.0
1762.9291199427796	0.10343999999986409	epochs	3.0
1763.0325599427795	0.10104000000001179	epochs	3.0
1763.1335999427795	0.1953600000001643	epochs	2.0
1763.1335999427795	0.0987999999999829	epochs	3.0
1763.2323999427795	0.09656000000018139	epochs	3.0
1763.3289599427796	0.18695999999999913	epochs	2.0
1763.3289599427796	0.09447999999997592	epochs	3.0
1763.4234399427796	0.09248000000002321	epochs	3.0
1763.5159199427796	0.17919999999980973	epochs	2.0
1763.5159199427796	0.09047999999984313	epochs	3.0
1763.6063999427795	0.0887199999999666	epochs	3.0
1763.6951199427795	0.17208000000005086	epochs	2.0
1763.6951199427795	0.08688000000006468	epochs	3.0
1763.7819999427795	0.08519999999998618	epochs	3.0
1763.8671999427795	0.165520000000015	epochs	2.0
1763.8671999427795	0.08359999999993306	epochs	3.0
1763.9507999427794	0.08192000000008193	epochs	3.0
1764.0327199427795	0.1595199999999295	epochs	2.0
1764.0327199427795	0.0804800000000796	epochs	3.0
1764.1131999427796	0.0790399999998499	epochs	3.0
1764.1922399427795	0.15376000000014756	epochs	2.0
1764.1922399427795	0.07760000000007494	epochs	3.0
1764.2698399427795	0.07616000000007261	epochs	3.0
1764.3459999427796	0.14855999999986125	epochs	2.0
1764.3459999427796	0.07495999999991909	epochs	3.0
1764.4209599427795	0.07359999999994216	epochs	3.0
1764.4945599427795	0.14368000000013126	epochs	2.0
1764.4945599427795	0.0724800000000414	epochs	3.0
1764.5670399427795	0.07120000000008986	epochs	3.0
1764.6382399427796	0.1390400000000227	epochs	2.0
1764.6382399427796	0.07007999999996173	epochs	3.0
1764.7083199427796	0.06896000000006097	epochs	3.0
1764.7772799427796	0.13472000000001572	epochs	2.0
1764.7772799427796	0.06791999999995824	epochs	3.0
1764.8451999427796	0.06680000000005748	epochs	3.0
1764.9119999427796	0.13071999999988293	epochs	2.0
1764.9119999427796	0.06583999999998014	epochs	3.0
1764.9778399427796	0.0648799999999028	epochs	3.0
1765.0427199427795	0.1268000000000029	epochs	2.0
1765.0427199427795	0.06384000000002743	epochs	3.0
1765.1065599427795	0.06295999999997548	epochs	3.0
1765.1695199427795	0.12328000000002248	epochs	2.0
1765.1695199427795	0.06207999999992353	epochs	3.0
1765.2315999427794	0.06120000000009895	epochs	3.0
1765.2927999427795	0.11984000000006745	epochs	2.0
1765.2927999427795	0.060320000000047	epochs	3.0
1765.3531199427796	0.059520000000020445	epochs	3.0
1765.4126399427796	0.11663999999996122	epochs	2.0
1765.4126399427796	0.05871999999999389	epochs	3.0
1765.4713599427796	0.05791999999996733	epochs	3.0
1765.5292799427796	0.11359999999990578	epochs	2.0
1765.5292799427796	0.05719999999996617	epochs	3.0
1765.5864799427795	0.05639999999993961	epochs	3.0
1765.6428799427795	0.1107200000001285	epochs	2.0
1765.6428799427795	0.05568000000016582	epochs	3.0
1765.6985599427796	0.055039999999962674	epochs	3.0
1765.7535999427796	0.10791999999992186	epochs	2.0
1765.7535999427796	0.05423999999993612	epochs	3.0
1765.8078399427795	0.05367999999998574	epochs	3.0
1765.8615199427795	0.10527999999999338	epochs	2.0
1765.8615199427795	0.052959999999984575	epochs	3.0
1765.9144799427795	0.052320000000008804	epochs	3.0
1765.9667999427795	0.10287999999991371	epochs	2.0
1765.9667999427795	0.051760000000058426	epochs	3.0
1766.0185599427796	0.05111999999985528	epochs	3.0
1766.0696799427794	0.10040000000003602	epochs	2.0
1766.0696799427794	0.050480000000106884	epochs	3.0
1766.1201599427795	0.04991999999992913	epochs	3.0
1766.1700799427795	0.09824000000003252	epochs	2.0
1766.1700799427795	0.049359999999978754	epochs	3.0
1766.2194399427794	0.04888000000005377	epochs	3.0
1766.2683199427795	0.09600000000000364	epochs	2.0
1766.2683199427795	0.048240000000078	epochs	3.0
1766.3165599427796	0.04775999999992564	epochs	3.0
1766.3643199427795	0.09392000000002554	epochs	2.0
1766.3643199427795	0.04719999999997526	epochs	3.0
1766.4115199427795	0.04672000000005028	epochs	3.0
1766.4582399427795	0.09192000000007283	epochs	2.0
1766.4582399427795	0.0461600000000999	epochs	3.0
1766.5043999427796	0.04575999999997293	epochs	3.0
1766.5501599427796	0.09007999999994354	epochs	2.0
1766.5501599427796	0.04528000000004795	epochs	3.0
1766.5954399427796	0.04479999999989559	epochs	3.0
1766.6402399427795	0.08816000000001623	epochs	2.0
1766.6402399427795	0.044319999999970605	epochs	3.0
1766.6845599427795	0.04384000000004562	epochs	3.0
1766.7283999427796	0.08647999999993772	epochs	2.0
1766.7283999427796	0.043439999999918655	epochs	3.0
1766.7718399427795	0.04304000000001906	epochs	3.0
1766.8148799427795	0.08472000000006119	epochs	2.0
1766.8148799427795	0.04256000000009408	epochs	3.0
1766.8574399427796	0.04215999999996711	epochs	3.0
1766.8995999427796	0.08320000000003347	epochs	2.0
1766.8995999427796	0.04176000000006752	epochs	3.0
1766.9413599427796	0.04143999999996595	epochs	3.0
1766.9827999427796	0.08151999999995496	epochs	2.0
1766.9827999427796	0.040960000000040964	epochs	3.0
1767.0237599427796	0.040559999999914	epochs	3.0
1767.0643199427795	0.08007999999995263	epochs	2.0
1767.0643199427795	0.0402400000000398	epochs	3.0
1767.1045599427796	0.039839999999912834	epochs	3.0
1767.1443999427795	0.0786399999999503	epochs	2.0
1767.1443999427795	0.039520000000038635	epochs	3.0
1767.1839199427795	0.03911999999991167	epochs	3.0
1767.2230399427795	0.07720000000017535	epochs	2.0
1767.2230399427795	0.03880000000003747	epochs	3.0
1767.2618399427795	0.03840000000013788	epochs	3.0
1767.3002399427796	0.07591999999999643	epochs	2.0
1767.3002399427796	0.038159999999834326	epochs	3.0
1767.3383999427795	0.03776000000016211	epochs	3.0
1767.3761599427796	0.0745600000000195	epochs	2.0
1767.3761599427796	0.03743999999983316	epochs	3.0
1767.4135999427795	0.03712000000018634	epochs	3.0
1767.4507199427796	0.07335999999986598	epochs	2.0
1767.4507199427796	0.03679999999985739	epochs	3.0
1767.4875199427795	0.036560000000008586	epochs	3.0
1767.5240799427795	0.07208000000014181	epochs	2.0
1767.5240799427795	0.036160000000108994	epochs	3.0
1767.5602399427796	0.035920000000032815	epochs	3.0
1767.5961599427797	0.07087999999998829	epochs	2.0
1767.5961599427797	0.03559999999993124	epochs	3.0
1767.6317599427796	0.035280000000057044	epochs	3.0
1767.6670399427796	0.06983999999988555	epochs	2.0
1767.6670399427796	0.035039999999980864	epochs	3.0
1767.7020799427796	0.034799999999904685	epochs	3.0
1767.7368799427795	0.0686399999999594	epochs	2.0
1767.7368799427795	0.034480000000030486	epochs	3.0
1767.7713599427796	0.034159999999928914	epochs	3.0
1767.8055199427795	0.06760000000008404	epochs	2.0
1767.8055199427795	0.03392000000008011	epochs	3.0
1767.8394399427796	0.03368000000000393	epochs	3.0
1767.8731199427796	0.0665599999999813	epochs	2.0
1767.8731199427796	0.03343999999992775	epochs	3.0
1767.9065599427795	0.03312000000005355	epochs	3.0
1767.9396799427795	0.06559999999990396	epochs	2.0
1767.9396799427795	0.032960000000002765	epochs	3.0
1767.9726399427796	0.03263999999990119	epochs	3.0
1768.0052799427795	0.0645600000000286	epochs	2.0
1768.0052799427795	0.03240000000005239	epochs	3.0
1768.0376799427795	0.03215999999997621	epochs	3.0
1768.0698399427795	0.06367999999997664	epochs	2.0
1768.0698399427795	0.032000000000152795	epochs	3.0
1768.1018399427796	0.03167999999982385	epochs	3.0
1768.1335199427795	0.06272000000012667	epochs	2.0
1768.1335199427795	0.03143999999997504	epochs	3.0
1768.1649599427794	0.03128000000015163	epochs	3.0
1768.1962399427796	0.06183999999984735	epochs	2.0
1768.1962399427796	0.031039999999848078	epochs	3.0
1768.2272799427794	0.030799999999999272	epochs	3.0
1768.2580799427794	0.060960000000022774	epochs	2.0
1768.2580799427794	0.030560000000150467	epochs	3.0
1768.2886399427796	0.030399999999872307	epochs	3.0
1768.3190399427795	0.060159999999996217	epochs	2.0
1768.3190399427795	0.0301600000000235	epochs	3.0
1768.3491999427795	0.029999999999972715	epochs	3.0
1768.3791999427795	0.05928000000017164	epochs	2.0
1768.3791999427795	0.029680000000098516	epochs	3.0
1768.4088799427795	0.029600000000073123	epochs	3.0
1768.4384799427796	0.05847999999991771	epochs	2.0
1768.4384799427796	0.029359999999996944	epochs	3.0
1768.4678399427796	0.029119999999920765	epochs	3.0
1768.4969599427795	0.057759999999916545	epochs	2.0
1768.4969599427795	0.028960000000097352	epochs	3.0
1768.5259199427796	0.028799999999819192	epochs	3.0
1768.5547199427795	0.05696000000011736	epochs	2.0
1768.5547199427795	0.028559999999970387	epochs	3.0
1768.5832799427794	0.028400000000146974	epochs	3.0
1768.6116799427796	0.05623999999988882	epochs	2.0
1768.6116799427796	0.028160000000070795	epochs	3.0
1768.6398399427796	0.02807999999981803	epochs	3.0
1768.6679199427795	0.05544000000008964	epochs	2.0
1768.6679199427795	0.027839999999969223	epochs	3.0
1768.6957599427794	0.027600000000120417	epochs	3.0
1768.7233599427796	0.05487999999991189	epochs	2.0
1768.7233599427796	0.027520000000095024	epochs	3.0
1768.7508799427796	0.027359999999816864	epochs	3.0
1768.7782399427795	0.054080000000112705	epochs	2.0
1768.7782399427795	0.02711999999996806	epochs	3.0
1768.8053599427794	0.026960000000144646	epochs	3.0
1768.8323199427796	0.05343999999990956	epochs	2.0
1768.8323199427796	0.026799999999866486	epochs	3.0
1768.8591199427794	0.026640000000043074	epochs	3.0
1768.8857599427795	0.05287999999995918	epochs	2.0
1768.8857599427795	0.026479999999992287	epochs	3.0
1768.9122399427795	0.026399999999966894	epochs	3.0
1768.9386399427794	0.05216000000018539	epochs	2.0
1768.9386399427794	0.02616000000011809	epochs	3.0
1768.9647999427796	0.026000000000067303	epochs	3.0
1768.9907999427796	0.05151999999998225	epochs	2.0
1768.9907999427796	0.025840000000016516	epochs	3.0
1769.0166399427796	0.02567999999996573	epochs	3.0
1769.0423199427796	0.05096000000003187	epochs	2.0
1769.0423199427796	0.025599999999940337	epochs	3.0
1769.0679199427796	0.02536000000009153	epochs	3.0
1769.0932799427796	0.05039999999985412	epochs	2.0
1769.0932799427796	0.025279999999838765	epochs	3.0
1769.1185599427795	0.025120000000015352	epochs	3.0
1769.1436799427795	0.04976000000010572	epochs	2.0
1769.1436799427795	0.024959999999964566	epochs	3.0
1769.1686399427795	0.024800000000141154	epochs	3.0
1769.1934399427796	0.04919999999992797	epochs	2.0
1769.1934399427796	0.024639999999862994	epochs	3.0
1769.2180799427795	0.024560000000064974	epochs	3.0
1769.2426399427795	0.04872000000000298	epochs	2.0
1769.2426399427795	0.024400000000014188	epochs	3.0
1769.2670399427795	0.024319999999988795	epochs	3.0
1769.2913599427795	0.04808000000002721	epochs	2.0
1769.2913599427795	0.024079999999912616	epochs	3.0
1769.3154399427794	0.024000000000114596	epochs	3.0
1769.3394399427796	0.047599999999874854	epochs	2.0
1769.3394399427796	0.02384000000006381	epochs	3.0
1769.3632799427796	0.023759999999811043	epochs	3.0
1769.3870399427794	0.04712000000017724	epochs	2.0
1769.3870399427794	0.023600000000215005	epochs	3.0
1769.4106399427797	0.023519999999962238	epochs	3.0
1769.4341599427796	0.04655999999999949	epochs	2.0
1769.4341599427796	0.02335999999991145	epochs	3.0
1769.4575199427795	0.02320000000008804	epochs	3.0
1769.4807199427796	0.04607999999984713	epochs	2.0
1769.4807199427796	0.023119999999835272	epochs	3.0
1769.5038399427795	0.02296000000001186	epochs	3.0
1769.5267999427795	0.04560000000014952	epochs	2.0
1769.5267999427795	0.022879999999986467	epochs	3.0
1769.5496799427794	0.022720000000163054	epochs	3.0
1769.5723999427796	0.04511999999999716	epochs	2.0
1769.5723999427796	0.022639999999910287	epochs	3.0
1769.5950399427795	0.022480000000086875	epochs	3.0
1769.6175199427796	0.044639999999844804	epochs	2.0
1769.6175199427796	0.022399999999834108	epochs	3.0
1769.6399199427794	0.022240000000010696	epochs	3.0
1769.6621599427795	0.044240000000172586	epochs	2.0
1769.6621599427795	0.022159999999985303	epochs	3.0
1769.6843199427794	0.022080000000187283	epochs	3.0
1769.7063999427796	0.04376000000002023	epochs	2.0
1769.7063999427796	0.021919999999909123	epochs	3.0
1769.7283199427795	0.021840000000111104	epochs	3.0
1769.7501599427796	0.04335999999989326	epochs	2.0
1769.7501599427796	0.021759999999858337	epochs	3.0
1769.7719199427795	0.021600000000034925	epochs	3.0
1769.7935199427795	0.04287999999996828	epochs	2.0
1769.7935199427795	0.02143999999998414	epochs	3.0
1769.8149599427795	0.02143999999998414	epochs	3.0
1769.8363999427795	0.042480000000068685	epochs	2.0
1769.8363999427795	0.021279999999933352	epochs	3.0
1769.8576799427794	0.021200000000135333	epochs	3.0
1769.8788799427796	0.04207999999994172	epochs	2.0
1769.8788799427796	0.021039999999857173	epochs	3.0
1769.8999199427794	0.021040000000084547	epochs	3.0
1769.9209599427795	0.04168000000004213	epochs	2.0
1769.9209599427795	0.02088000000003376	epochs	3.0
1769.9418399427796	0.020800000000008367	epochs	3.0
1769.9626399427796	0.04119999999988977	epochs	2.0
1769.9626399427796	0.02063999999995758	epochs	3.0
1769.9832799427795	0.020559999999932188	epochs	3.0
1770.0038399427795	0.04088000000001557	epochs	2.0
1770.0038399427795	0.020560000000159562	epochs	3.0
1770.0243999427796	0.02031999999985601	epochs	3.0
1770.0447199427795	0.04056000000014137	epochs	2.0
1770.0447199427795	0.020320000000083382	epochs	3.0
1770.0650399427795	0.02024000000005799	epochs	3.0
1770.0852799427796	0.04007999999998901	epochs	2.0
1770.0852799427796	0.020080000000007203	epochs	3.0
1770.1053599427796	0.01999999999998181	epochs	3.0
1770.1253599427796	0.03975999999988744	epochs	2.0
1770.1253599427796	0.019919999999956417	epochs	3.0
1770.1452799427796	0.019839999999931024	epochs	3.0
1770.1651199427795	0.03944000000001324	epochs	2.0
1770.1651199427795	0.019760000000133005	epochs	3.0
1770.1848799427796	0.019679999999880238	epochs	3.0
1770.2045599427795	0.03904000000011365	epochs	2.0
1770.2045599427795	0.019520000000056825	epochs	3.0
1770.2240799427796	0.019520000000056825	epochs	3.0
1770.2435999427796	0.038639999999986685	epochs	2.0
1770.2435999427796	0.01936000000000604	epochs	3.0
1770.2629599427796	0.019279999999980646	epochs	3.0
1770.2822399427796	0.038399999999910506	epochs	2.0
1770.2822399427796	0.019279999999980646	epochs	3.0
1770.3015199427796	0.01911999999992986	epochs	3.0
1770.3206399427795	0.038000000000010914	epochs	2.0
1770.3206399427795	0.01904000000013184	epochs	3.0
1770.3396799427796	0.018959999999879074	epochs	3.0
1770.3586399427795	0.03767999999990934	epochs	2.0
1770.3586399427795	0.018880000000081054	epochs	3.0
1770.3775199427796	0.018799999999828287	epochs	3.0
1770.3963199427794	0.03736000000003514	epochs	2.0
1770.3963199427794	0.018720000000030268	epochs	3.0
1770.4150399427795	0.018640000000004875	epochs	3.0
1770.4336799427795	0.037040000000160944	epochs	2.0
1770.4336799427795	0.018559999999979482	epochs	3.0
1770.4522399427794	0.018480000000181462	epochs	3.0
1770.4707199427796	0.036719999999832	epochs	2.0
1770.4707199427796	0.018399999999928696	epochs	3.0
1770.4891199427796	0.018319999999903303	epochs	3.0
1770.5074399427795	0.03647999999998319	epochs	2.0
1770.5074399427795	0.018240000000105283	epochs	3.0
1770.5256799427796	0.01823999999987791	epochs	3.0
1770.5439199427794	0.0360800000000836	epochs	2.0
1770.5439199427794	0.018080000000054497	epochs	3.0
1770.5619999427795	0.018000000000029104	epochs	3.0
1770.5799999427795	0.03584000000000742	epochs	2.0
1770.5799999427795	0.01792000000000371	epochs	3.0
1770.5979199427795	0.01792000000000371	epochs	3.0
1770.6158399427795	0.03551999999990585	epochs	2.0
1770.6158399427795	0.017759999999952925	epochs	3.0
1770.6335999427795	0.017759999999952925	epochs	3.0
1770.6513599427794	0.03520000000003165	epochs	2.0
1770.6513599427794	0.017680000000154905	epochs	3.0
1770.6690399427796	0.017519999999876745	epochs	3.0
1770.6865599427795	0.034960000000182845	epochs	2.0
1770.6865599427795	0.01752000000010412	epochs	3.0
1770.7040799427796	0.017440000000078726	epochs	3.0
1770.7215199427797	0.03471999999987929	epochs	2.0
1770.7215199427797	0.017439999999851352	epochs	3.0
1770.7389599427795	0.01728000000002794	epochs	3.0
1770.7562399427795	0.03440000000000509	epochs	2.0
1770.7562399427795	0.017200000000002547	epochs	3.0
1770.7734399427795	0.017200000000002547	epochs	3.0
1770.7906399427795	0.034159999999928914	epochs	2.0
1770.7906399427795	0.017119999999977153	epochs	3.0
1770.8077599427795	0.01703999999995176	epochs	3.0
1770.8247999427795	0.033840000000054715	epochs	2.0
1770.8247999427795	0.01696000000015374	epochs	3.0
1770.8417599427796	0.016879999999900974	epochs	3.0
1770.8586399427795	0.033599999999978536	epochs	2.0
1770.8586399427795	0.016800000000102955	epochs	3.0
1770.8754399427796	0.01679999999987558	epochs	3.0
1770.8922399427795	0.03336000000012973	epochs	2.0
1770.8922399427795	0.01672000000007756	epochs	3.0
1770.9089599427796	0.01664000000005217	epochs	3.0
1770.9255999427796	0.03311999999982618	epochs	2.0
1770.9255999427796	0.016560000000026776	epochs	3.0
1770.9421599427797	0.016559999999799402	epochs	3.0
1770.9587199427795	0.03280000000017935	epochs	2.0
1770.9587199427795	0.016400000000203363	epochs	3.0
1770.9751199427797	0.01639999999997599	epochs	3.0
1770.9915199427796	0.0325599999998758	epochs	2.0
1770.9915199427796	0.016319999999950596	epochs	3.0
1771.0078399427796	0.016239999999925203	epochs	3.0
1771.0240799427795	0.03240000000005239	epochs	2.0
1771.0240799427795	0.016239999999925203	epochs	3.0
1771.0403199427794	0.016160000000127184	epochs	3.0
1771.0564799427796	0.032079999999950815	epochs	2.0
1771.0564799427796	0.016079999999874417	epochs	3.0
1771.0725599427794	0.016000000000076398	epochs	3.0
1771.0885599427795	0.0319200000001274	epochs	2.0
1771.0885599427795	0.016000000000076398	epochs	3.0
1771.1045599427796	0.015920000000051004	epochs	3.0
1771.1204799427796	0.031599999999798456	epochs	2.0
1771.1204799427796	0.015839999999798238	epochs	3.0
1771.1363199427794	0.01576000000000022	epochs	3.0
1771.1520799427794	0.03144000000020242	epochs	2.0
1771.1520799427794	0.01576000000000022	epochs	3.0
1771.1678399427794	0.0156800000002022	epochs	3.0
1771.1835199427796	0.031199999999898864	epochs	2.0
1771.1835199427796	0.015599999999949432	epochs	3.0
1771.1991199427796	0.015599999999949432	epochs	3.0
1771.2147199427795	0.03096000000005006	epochs	2.0
1771.2147199427795	0.015519999999924039	epochs	3.0
1771.2302399427795	0.01544000000012602	epochs	3.0
1771.2456799427796	0.03071999999997388	epochs	2.0
1771.2456799427796	0.015439999999898646	epochs	3.0
1771.2611199427795	0.015280000000075233	epochs	3.0
1771.2763999427796	0.030559999999923093	epochs	2.0
1771.2763999427796	0.015359999999873253	epochs	3.0
1771.2917599427794	0.01520000000004984	epochs	3.0
1771.3069599427795	0.030320000000074288	epochs	2.0
1771.3069599427795	0.01520000000004984	epochs	3.0
1771.3221599427795	0.015120000000024447	epochs	3.0
1771.3372799427796	0.030079999999998108	epochs	2.0
1771.3372799427796	0.015120000000024447	epochs	3.0
1771.3523999427796	0.014959999999973661	epochs	3.0
1771.3673599427796	0.029919999999947322	epochs	2.0
1771.3673599427796	0.015039999999999054	epochs	3.0
1771.3823999427796	0.014879999999948268	epochs	3.0
1771.3972799427795	0.029680000000098516	epochs	2.0
1771.3972799427795	0.014879999999948268	epochs	3.0
1771.4121599427795	0.014800000000150249	epochs	3.0
1771.4269599427796	0.02952000000004773	epochs	2.0
1771.4269599427796	0.014799999999922875	epochs	3.0
1771.4417599427795	0.014720000000124855	epochs	3.0
1771.4564799427797	0.02927999999997155	epochs	2.0
1771.4564799427797	0.014719999999897482	epochs	3.0
1771.4711999427795	0.01456000000007407	epochs	3.0
1771.4857599427796	0.029119999999920765	epochs	2.0
1771.4857599427796	0.014639999999872089	epochs	3.0
1771.5003999427795	0.014480000000048676	epochs	3.0
1771.5148799427795	0.028960000000097352	epochs	2.0
1771.5148799427795	0.014480000000048676	epochs	3.0
1771.5293599427796	0.014480000000048676	epochs	3.0
1771.5438399427796	0.02863999999999578	epochs	2.0
1771.5438399427796	0.01431999999999789	epochs	3.0
1771.5581599427796	0.01431999999999789	epochs	3.0
1771.5724799427796	0.028559999999970387	epochs	2.0
1771.5724799427796	0.01431999999999789	epochs	3.0
1771.5867999427796	0.014239999999972497	epochs	3.0
1771.6010399427796	0.028319999999894208	epochs	2.0
1771.6010399427796	0.014159999999947104	epochs	3.0
1771.6151999427796	0.014159999999947104	epochs	3.0
1771.6293599427795	0.028160000000070795	epochs	2.0
1771.6293599427795	0.014159999999947104	epochs	3.0
1771.6435199427794	0.014000000000123691	epochs	3.0
1771.6575199427796	0.02800000000002001	epochs	2.0
1771.6575199427796	0.013999999999896318	epochs	3.0
1771.6715199427795	0.014000000000123691	epochs	3.0
1771.6855199427796	0.02775999999994383	epochs	2.0
1771.6855199427796	0.013919999999870925	epochs	3.0
1771.6994399427795	0.013840000000072905	epochs	3.0
1771.7132799427795	0.027679999999918437	epochs	2.0
1771.7132799427795	0.013840000000072905	epochs	3.0
1771.7271199427796	0.013839999999845531	epochs	3.0
1771.7409599427795	0.02744000000006963	epochs	2.0
1771.7409599427795	0.013760000000047512	epochs	3.0
1771.7547199427795	0.013680000000022119	epochs	3.0
1771.7683999427795	0.027280000000018845	epochs	2.0
1771.7683999427795	0.013680000000022119	epochs	3.0
1771.7820799427795	0.013599999999996726	epochs	3.0
1771.7956799427795	0.02711999999996806	epochs	2.0
1771.7956799427795	0.013519999999971333	epochs	3.0
1771.8091999427795	0.013599999999996726	epochs	3.0
1771.8227999427795	0.026880000000119253	epochs	2.0
1771.8227999427795	0.01343999999994594	epochs	3.0
1771.8362399427795	0.013440000000173313	epochs	3.0
1771.8496799427796	0.026799999999866486	epochs	2.0
1771.8496799427796	0.01343999999994594	epochs	3.0
1771.8631199427796	0.013359999999920547	epochs	3.0
1771.8764799427795	0.02656000000001768	epochs	2.0
1771.8764799427795	0.013280000000122527	epochs	3.0
1771.8897599427796	0.013279999999895153	epochs	3.0
1771.9030399427795	0.026479999999992287	epochs	2.0
1771.9030399427795	0.013280000000122527	epochs	3.0
1771.9163199427796	0.01319999999986976	epochs	3.0
1771.9295199427795	0.026240000000143482	epochs	2.0
1771.9295199427795	0.013120000000071741	epochs	3.0
1771.9426399427796	0.013120000000071741	epochs	3.0
1771.9557599427797	0.026159999999890715	epochs	2.0
1771.9557599427797	0.013119999999844367	epochs	3.0
1771.9688799427795	0.013040000000046348	epochs	3.0
1771.9819199427795	0.026000000000067303	epochs	2.0
1771.9819199427795	0.013040000000046348	epochs	3.0
1771.9949599427796	0.012960000000020955	epochs	3.0
1772.0079199427796	0.025759999999991123	epochs	2.0
1772.0079199427796	0.012879999999995562	epochs	3.0
1772.0207999427796	0.012879999999995562	epochs	3.0
1772.0336799427796	0.02567999999996573	epochs	2.0
1772.0336799427796	0.012879999999995562	epochs	3.0
1772.0465599427796	0.012799999999970169	epochs	3.0
1772.0593599427796	0.025519999999914944	epochs	2.0
1772.0593599427796	0.012799999999970169	epochs	3.0
1772.0721599427795	0.012719999999944775	epochs	3.0
1772.0848799427795	0.02536000000009153	epochs	2.0
1772.0848799427795	0.01272000000017215	epochs	3.0
1772.0975999427797	0.012639999999919382	epochs	3.0
1772.1102399427796	0.025200000000040745	epochs	2.0
1772.1102399427796	0.012639999999919382	epochs	3.0
1772.1228799427795	0.012560000000121363	epochs	3.0
1772.1354399427796	0.0245599999998376	epochs	2.0
1772.1596799427796	0.5	epochs	-1.0
1772.1599999427795	0.519760000000133	epochs	1.0
1772.6797599427796	0.480160000000069	epochs	0.0
1778.6230001449585	0.09999999999990905	epochs	0.0
1778.6230001449585	0.044959999999946376	epochs	1.0
1778.6679601449584	0.010080000000016298	epochs	1.0
1778.6780401449585	0.044959999999946376	epochs	1.0
1778.7230001449584	2.0	epochs	0.0
1780.7230001449584	21.51872000000003	epochs	0.0
1780.7230001449584	1.0	epochs	1.0
1780.7230001449584	0.5	epochs	-1.0
1781.2230001449584	19.999680000000126	epochs	-1.0
1781.7230001449584	20.0	epochs	1.0
1781.7230001449584	8.000000002539309e-05	epochs	2.0
1781.7230801449584	4.356719999999996	epochs	-1.0
1781.7230801449584	1.9745600000001104	epochs	2.0
1781.7230801449584	1.098560000000134	epochs	3.0
1782.8216401449586	0.8759999999999764	epochs	3.0
1783.6976401449585	1.3523999999999887	epochs	2.0
1783.6976401449585	0.7286400000000413	epochs	3.0
1784.4262801449586	0.6237599999999475	epochs	3.0
1785.0500401449585	1.0297599999998965	epochs	2.0
1785.0500401449585	0.5453600000000733	epochs	3.0
1785.5954001449586	0.4843999999998232	epochs	3.0
1786.0798001449584	0.8317600000000311	epochs	2.0
1786.0798001449584	0.435760000000073	epochs	3.0
1786.5155601449585	0.39599999999995816	epochs	3.0
1786.9115601449585	0.697840000000042	epochs	2.0
1786.9115601449585	0.362880000000132	epochs	3.0
1787.2744401449586	0.33495999999991	epochs	3.0
1787.6094001449585	0.6010400000000118	epochs	2.0
1787.6094001449585	0.3108799999999974	epochs	3.0
1787.9202801449585	0.2901600000000144	epochs	3.0
1788.2104401449585	0.5278399999999692	epochs	2.0
1788.2104401449585	0.2719199999999091	epochs	3.0
1788.4823601449584	0.2559200000000601	epochs	3.0
1788.7382801449585	0.47064000000000306	epochs	2.0
1788.7382801449585	0.2416800000000876	epochs	3.0
1788.9799601449586	0.22895999999991545	epochs	3.0
1789.2089201449585	0.42455999999992855	epochs	2.0
1789.2089201449585	0.2174400000001242	epochs	3.0
1789.4263601449586	0.20711999999980435	epochs	3.0
1789.6334801449584	0.3867200000001958	epochs	2.0
1789.6334801449584	0.1976799999999912	epochs	3.0
1789.8311601449584	0.1890400000002046	epochs	3.0
1790.0202001449586	0.3551199999999426	epochs	2.0
1790.0202001449586	0.1811999999999898	epochs	3.0
1790.2014001449586	0.17391999999995278	epochs	3.0
1790.3753201449586	0.3282400000000507	epochs	2.0
1790.3753201449586	0.16719999999986612	epochs	3.0
1790.5425201449584	0.1610400000001846	epochs	3.0
1790.7035601449586	0.3051999999997861	epochs	2.0
1790.7035601449586	0.1552799999999479	epochs	3.0
1790.8588401449585	0.14991999999983818	epochs	3.0
1791.0087601449584	0.28512000000000626	epochs	2.0
1791.0087601449584	0.1448800000000574	epochs	3.0
1791.1536401449584	0.14023999999994885	epochs	3.0
1791.2938801449584	0.2675200000001041	epochs	2.0
1791.2938801449584	0.13584000000014385	epochs	3.0
1791.4297201449585	0.13167999999996027	epochs	3.0
1791.5614001449585	0.2520799999999781	epochs	2.0
1791.5614001449585	0.12784000000010565	epochs	3.0
1791.6892401449586	0.12423999999987245	epochs	3.0
1791.8134801449585	0.23816000000010717	epochs	2.0
1791.8134801449585	0.1207200000001194	epochs	3.0
1791.9342001449586	0.11743999999998778	epochs	3.0
1792.0516401449586	0.22583999999983462	epochs	2.0
1792.0516401449586	0.11439999999993233	epochs	3.0
1792.1660401449585	0.11143999999990228	epochs	3.0
1792.2774801449584	0.21464000000014494	epochs	2.0
1792.2774801449584	0.1086400000001504	epochs	3.0
1792.3861201449586	0.10599999999999454	epochs	3.0
1792.4921201449586	0.20447999999987587	epochs	2.0
1792.4921201449586	0.10343999999986409	epochs	3.0
1792.5955601449584	0.10104000000001179	epochs	3.0
1792.6966001449584	0.1953600000001643	epochs	2.0
1792.6966001449584	0.0987999999999829	epochs	3.0
1792.7954001449584	0.09656000000018139	epochs	3.0
1792.8919601449586	0.18695999999999913	epochs	2.0
1792.8919601449586	0.09447999999997592	epochs	3.0
1792.9864401449586	0.09248000000002321	epochs	3.0
1793.0789201449586	0.17919999999980973	epochs	2.0
1793.0789201449586	0.09047999999984313	epochs	3.0
1793.1694001449584	0.0887199999999666	epochs	3.0
1793.2581201449584	0.17208000000005086	epochs	2.0
1793.2581201449584	0.08688000000006468	epochs	3.0
1793.3450001449585	0.08519999999998618	epochs	3.0
1793.4302001449585	0.165520000000015	epochs	2.0
1793.4302001449585	0.08359999999993306	epochs	3.0
1793.5138001449584	0.08192000000008193	epochs	3.0
1793.5957201449585	0.1595199999999295	epochs	2.0
1793.5957201449585	0.0804800000000796	epochs	3.0
1793.6762001449586	0.0790399999998499	epochs	3.0
1793.7552401449584	0.15376000000014756	epochs	2.0
1793.7552401449584	0.07760000000007494	epochs	3.0
1793.8328401449585	0.07616000000007261	epochs	3.0
1793.9090001449586	0.14855999999986125	epochs	2.0
1793.9090001449586	0.07495999999991909	epochs	3.0
1793.9839601449585	0.07359999999994216	epochs	3.0
1794.0575601449584	0.14368000000013126	epochs	2.0
1794.0575601449584	0.0724800000000414	epochs	3.0
1794.1300401449585	0.07120000000008986	epochs	3.0
1794.2012401449585	0.1390400000000227	epochs	2.0
1794.2012401449585	0.07007999999996173	epochs	3.0
1794.2713201449585	0.06896000000006097	epochs	3.0
1794.3402801449586	0.13472000000001572	epochs	2.0
1794.3402801449586	0.06791999999995824	epochs	3.0
1794.4082001449585	0.06680000000005748	epochs	3.0
1794.4750001449586	0.13071999999988293	epochs	2.0
1794.4750001449586	0.06583999999998014	epochs	3.0
1794.5408401449586	0.0648799999999028	epochs	3.0
1794.6057201449585	0.1268000000000029	epochs	2.0
1794.6057201449585	0.06384000000002743	epochs	3.0
1794.6695601449585	0.06295999999997548	epochs	3.0
1794.7325201449585	0.12328000000002248	epochs	2.0
1794.7325201449585	0.06207999999992353	epochs	3.0
1794.7946001449584	0.06120000000009895	epochs	3.0
1794.8558001449585	0.11984000000006745	epochs	2.0
1794.8558001449585	0.060320000000047	epochs	3.0
1794.9161201449585	0.059520000000020445	epochs	3.0
1794.9756401449586	0.11663999999996122	epochs	2.0
1794.9756401449586	0.05871999999999389	epochs	3.0
1795.0343601449586	0.05791999999996733	epochs	3.0
1795.0922801449585	0.11359999999990578	epochs	2.0
1795.0922801449585	0.05719999999996617	epochs	3.0
1795.1494801449585	0.05639999999993961	epochs	3.0
1795.2058801449584	0.1107200000001285	epochs	2.0
1795.2058801449584	0.05568000000016582	epochs	3.0
1795.2615601449586	0.055039999999962674	epochs	3.0
1795.3166001449586	0.10791999999992186	epochs	2.0
1795.3166001449586	0.05423999999993612	epochs	3.0
1795.3708401449585	0.05367999999998574	epochs	3.0
1795.4245201449585	0.10527999999999338	epochs	2.0
1795.4245201449585	0.052959999999984575	epochs	3.0
1795.4774801449585	0.052320000000008804	epochs	3.0
1795.5298001449585	0.10287999999991371	epochs	2.0
1795.5298001449585	0.051760000000058426	epochs	3.0
1795.5815601449585	0.05111999999985528	epochs	3.0
1795.6326801449584	0.10040000000003602	epochs	2.0
1795.6326801449584	0.050480000000106884	epochs	3.0
1795.6831601449585	0.04991999999992913	epochs	3.0
1795.7330801449584	0.09824000000003252	epochs	2.0
1795.7330801449584	0.049359999999978754	epochs	3.0
1795.7824401449584	0.04888000000005377	epochs	3.0
1795.8313201449585	0.09600000000000364	epochs	2.0
1795.8313201449585	0.048240000000078	epochs	3.0
1795.8795601449585	0.04775999999992564	epochs	3.0
1795.9273201449585	0.09392000000002554	epochs	2.0
1795.9273201449585	0.04719999999997526	epochs	3.0
1795.9745201449584	0.04672000000005028	epochs	3.0
1796.0212401449585	0.09192000000007283	epochs	2.0
1796.0212401449585	0.0461600000000999	epochs	3.0
1796.0674001449586	0.04575999999997293	epochs	3.0
1796.1131601449586	0.09007999999994354	epochs	2.0
1796.1131601449586	0.04528000000004795	epochs	3.0
1796.1584401449586	0.04479999999989559	epochs	3.0
1796.2032401449585	0.08816000000001623	epochs	2.0
1796.2032401449585	0.044319999999970605	epochs	3.0
1796.2475601449585	0.04384000000004562	epochs	3.0
1796.2914001449585	0.08647999999993772	epochs	2.0
1796.2914001449585	0.043439999999918655	epochs	3.0
1796.3348401449584	0.04304000000001906	epochs	3.0
1796.3778801449585	0.08472000000006119	epochs	2.0
1796.3778801449585	0.04256000000009408	epochs	3.0
1796.4204401449585	0.04215999999996711	epochs	3.0
1796.4626001449585	0.08320000000003347	epochs	2.0
1796.4626001449585	0.04176000000006752	epochs	3.0
1796.5043601449586	0.04143999999996595	epochs	3.0
1796.5458001449585	0.08151999999995496	epochs	2.0
1796.5458001449585	0.040960000000040964	epochs	3.0
1796.5867601449586	0.040559999999914	epochs	3.0
1796.6273201449585	0.08007999999995263	epochs	2.0
1796.6273201449585	0.0402400000000398	epochs	3.0
1796.6675601449585	0.039839999999912834	epochs	3.0
1796.7074001449585	0.0786399999999503	epochs	2.0
1796.7074001449585	0.039520000000038635	epochs	3.0
1796.7469201449585	0.03911999999991167	epochs	3.0
1796.7860401449584	0.07720000000017535	epochs	2.0
1796.7860401449584	0.03880000000003747	epochs	3.0
1796.8248401449584	0.03840000000013788	epochs	3.0
1796.8632401449586	0.07591999999999643	epochs	2.0
1796.8632401449586	0.038159999999834326	epochs	3.0
1796.9014001449584	0.03776000000016211	epochs	3.0
1796.9391601449586	0.0745600000000195	epochs	2.0
1796.9391601449586	0.03743999999983316	epochs	3.0
1796.9766001449584	0.03712000000018634	epochs	3.0
1797.0137201449586	0.07335999999986598	epochs	2.0
1797.0137201449586	0.03679999999985739	epochs	3.0
1797.0505201449585	0.036560000000008586	epochs	3.0
1797.0870801449585	0.07208000000014181	epochs	2.0
1797.0870801449585	0.036160000000108994	epochs	3.0
1797.1232401449586	0.035920000000032815	epochs	3.0
1797.1591601449586	0.07087999999998829	epochs	2.0
1797.1591601449586	0.03559999999993124	epochs	3.0
1797.1947601449585	0.035280000000057044	epochs	3.0
1797.2300401449586	0.06983999999988555	epochs	2.0
1797.2300401449586	0.035039999999980864	epochs	3.0
1797.2650801449586	0.034799999999904685	epochs	3.0
1797.2998801449585	0.0686399999999594	epochs	2.0
1797.2998801449585	0.034480000000030486	epochs	3.0
1797.3343601449585	0.034159999999928914	epochs	3.0
1797.3685201449584	0.06760000000008404	epochs	2.0
1797.3685201449584	0.03392000000008011	epochs	3.0
1797.4024401449585	0.03368000000000393	epochs	3.0
1797.4361201449585	0.0665599999999813	epochs	2.0
1797.4361201449585	0.03343999999992775	epochs	3.0
1797.4695601449585	0.03312000000005355	epochs	3.0
1797.5026801449585	0.06559999999990396	epochs	2.0
1797.5026801449585	0.032960000000002765	epochs	3.0
1797.5356401449585	0.03263999999990119	epochs	3.0
1797.5682801449584	0.0645600000000286	epochs	2.0
1797.5682801449584	0.03240000000005239	epochs	3.0
1797.6006801449585	0.03215999999997621	epochs	3.0
1797.6328401449584	0.06367999999997664	epochs	2.0
1797.6328401449584	0.032000000000152795	epochs	3.0
1797.6648401449586	0.03167999999982385	epochs	3.0
1797.6965201449584	0.06272000000012667	epochs	2.0
1797.6965201449584	0.03143999999997504	epochs	3.0
1797.7279601449584	0.03128000000015163	epochs	3.0
1797.7592401449585	0.06183999999984735	epochs	2.0
1797.7592401449585	0.031039999999848078	epochs	3.0
1797.7902801449584	0.030799999999999272	epochs	3.0
1797.8210801449584	0.060960000000022774	epochs	2.0
1797.8210801449584	0.030560000000150467	epochs	3.0
1797.8516401449585	0.030399999999872307	epochs	3.0
1797.8820401449584	0.060159999999996217	epochs	2.0
1797.8820401449584	0.0301600000000235	epochs	3.0
1797.9122001449584	0.029999999999972715	epochs	3.0
1797.9422001449584	0.05928000000017164	epochs	2.0
1797.9422001449584	0.029680000000098516	epochs	3.0
1797.9718801449585	0.029600000000073123	epochs	3.0
1798.0014801449586	0.05847999999991771	epochs	2.0
1798.0014801449586	0.029359999999996944	epochs	3.0
1798.0308401449586	0.029119999999920765	epochs	3.0
1798.0599601449585	0.057759999999916545	epochs	2.0
1798.0599601449585	0.028960000000097352	epochs	3.0
1798.0889201449586	0.028799999999819192	epochs	3.0
1798.1177201449584	0.05696000000011736	epochs	2.0
1798.1177201449584	0.028559999999970387	epochs	3.0
1798.1462801449584	0.028400000000146974	epochs	3.0
1798.1746801449585	0.05623999999988882	epochs	2.0
1798.1746801449585	0.028160000000070795	epochs	3.0
1798.2028401449586	0.02807999999981803	epochs	3.0
1798.2309201449584	0.05544000000008964	epochs	2.0
1798.2309201449584	0.027839999999969223	epochs	3.0
1798.2587601449584	0.027600000000120417	epochs	3.0
1798.2863601449585	0.05487999999991189	epochs	2.0
1798.2863601449585	0.027520000000095024	epochs	3.0
1798.3138801449586	0.027359999999816864	epochs	3.0
1798.3412401449584	0.054080000000112705	epochs	2.0
1798.3412401449584	0.02711999999996806	epochs	3.0
1798.3683601449584	0.026960000000144646	epochs	3.0
1798.3953201449585	0.05343999999990956	epochs	2.0
1798.3953201449585	0.026799999999866486	epochs	3.0
1798.4221201449584	0.026640000000043074	epochs	3.0
1798.4487601449584	0.05287999999995918	epochs	2.0
1798.4487601449584	0.026479999999992287	epochs	3.0
1798.4752401449584	0.026399999999966894	epochs	3.0
1798.5016401449584	0.05216000000018539	epochs	2.0
1798.5016401449584	0.02616000000011809	epochs	3.0
1798.5278001449585	0.026000000000067303	epochs	3.0
1798.5538001449586	0.05151999999998225	epochs	2.0
1798.5538001449586	0.025840000000016516	epochs	3.0
1798.5796401449586	0.02567999999996573	epochs	3.0
1798.6053201449586	0.05096000000003187	epochs	2.0
1798.6053201449586	0.025599999999940337	epochs	3.0
1798.6309201449585	0.02536000000009153	epochs	3.0
1798.6562801449586	0.05039999999985412	epochs	2.0
1798.6562801449586	0.025279999999838765	epochs	3.0
1798.6815601449584	0.025120000000015352	epochs	3.0
1798.7066801449585	0.04976000000010572	epochs	2.0
1798.7066801449585	0.024959999999964566	epochs	3.0
1798.7316401449584	0.024800000000141154	epochs	3.0
1798.7564401449586	0.04919999999992797	epochs	2.0
1798.7564401449586	0.024639999999862994	epochs	3.0
1798.7810801449584	0.024560000000064974	epochs	3.0
1798.8056401449585	0.04872000000000298	epochs	2.0
1798.8056401449585	0.024400000000014188	epochs	3.0
1798.8300401449585	0.024319999999988795	epochs	3.0
1798.8543601449585	0.04808000000002721	epochs	2.0
1798.8543601449585	0.024079999999912616	epochs	3.0
1798.8784401449584	0.024000000000114596	epochs	3.0
1798.9024401449585	0.047599999999874854	epochs	2.0
1798.9024401449585	0.02384000000006381	epochs	3.0
1798.9262801449586	0.023759999999811043	epochs	3.0
1798.9500401449584	0.04712000000017724	epochs	2.0
1798.9500401449584	0.023600000000215005	epochs	3.0
1798.9736401449586	0.023519999999962238	epochs	3.0
1798.9971601449586	0.04655999999999949	epochs	2.0
1798.9971601449586	0.02335999999991145	epochs	3.0
1799.0205201449585	0.02320000000008804	epochs	3.0
1799.0437201449586	0.04607999999984713	epochs	2.0
1799.0437201449586	0.023119999999835272	epochs	3.0
1799.0668401449584	0.02296000000001186	epochs	3.0
1799.0898001449584	0.04560000000014952	epochs	2.0
1799.0898001449584	0.022879999999986467	epochs	3.0
1799.1126801449584	0.022720000000163054	epochs	3.0
1799.1354001449586	0.04511999999999716	epochs	2.0
1799.1354001449586	0.022639999999910287	epochs	3.0
1799.1580401449585	0.022480000000086875	epochs	3.0
1799.1805201449586	0.044639999999844804	epochs	2.0
1799.1805201449586	0.022399999999834108	epochs	3.0
1799.2029201449584	0.022240000000010696	epochs	3.0
1799.2251601449584	0.044240000000172586	epochs	2.0
1799.2251601449584	0.022159999999985303	epochs	3.0
1799.2473201449584	0.022080000000187283	epochs	3.0
1799.2694001449586	0.04376000000002023	epochs	2.0
1799.2694001449586	0.021919999999909123	epochs	3.0
1799.2913201449585	0.021840000000111104	epochs	3.0
1799.3131601449586	0.04335999999989326	epochs	2.0
1799.3131601449586	0.021759999999858337	epochs	3.0
1799.3349201449585	0.021600000000034925	epochs	3.0
1799.3565201449585	0.04287999999996828	epochs	2.0
1799.3565201449585	0.02143999999998414	epochs	3.0
1799.3779601449585	0.02143999999998414	epochs	3.0
1799.3994001449585	0.042480000000068685	epochs	2.0
1799.3994001449585	0.021279999999933352	epochs	3.0
1799.4206801449584	0.021200000000135333	epochs	3.0
1799.4418801449585	0.04207999999994172	epochs	2.0
1799.4418801449585	0.021039999999857173	epochs	3.0
1799.4629201449584	0.021040000000084547	epochs	3.0
1799.4839601449585	0.04168000000004213	epochs	2.0
1799.4839601449585	0.02088000000003376	epochs	3.0
1799.5048401449585	0.020800000000008367	epochs	3.0
1799.5256401449585	0.04119999999988977	epochs	2.0
1799.5256401449585	0.02063999999995758	epochs	3.0
1799.5462801449585	0.020559999999932188	epochs	3.0
1799.5668401449584	0.04088000000001557	epochs	2.0
1799.5668401449584	0.020560000000159562	epochs	3.0
1799.5874001449586	0.02031999999985601	epochs	3.0
1799.6077201449584	0.04056000000014137	epochs	2.0
1799.6077201449584	0.020320000000083382	epochs	3.0
1799.6280401449585	0.02024000000005799	epochs	3.0
1799.6482801449586	0.04007999999998901	epochs	2.0
1799.6482801449586	0.020080000000007203	epochs	3.0
1799.6683601449586	0.01999999999998181	epochs	3.0
1799.6883601449586	0.03975999999988744	epochs	2.0
1799.6883601449586	0.019919999999956417	epochs	3.0
1799.7082801449585	0.019839999999931024	epochs	3.0
1799.7281201449584	0.03944000000001324	epochs	2.0
1799.7281201449584	0.019760000000133005	epochs	3.0
1799.7478801449586	0.019679999999880238	epochs	3.0
1799.7675601449585	0.03904000000011365	epochs	2.0
1799.7675601449585	0.019520000000056825	epochs	3.0
1799.7870801449585	0.019520000000056825	epochs	3.0
1799.8066001449586	0.038639999999986685	epochs	2.0
1799.8066001449586	0.01936000000000604	epochs	3.0
1799.8259601449586	0.019279999999980646	epochs	3.0
1799.8452401449586	0.038399999999910506	epochs	2.0
1799.8452401449586	0.019279999999980646	epochs	3.0
1799.8645201449585	0.01911999999992986	epochs	3.0
1799.8836401449585	0.038000000000010914	epochs	2.0
1799.8836401449585	0.01904000000013184	epochs	3.0
1799.9026801449586	0.018959999999879074	epochs	3.0
1799.9216401449585	0.03767999999990934	epochs	2.0
1799.9216401449585	0.018880000000081054	epochs	3.0
1799.9405201449586	0.018799999999828287	epochs	3.0
1799.9593201449584	0.03736000000003514	epochs	2.0
1799.9593201449584	0.018720000000030268	epochs	3.0
1799.9780401449584	0.018640000000004875	epochs	3.0
1799.9966801449584	0.037040000000160944	epochs	2.0
1799.9966801449584	0.018559999999979482	epochs	3.0
1800.0152401449584	0.018480000000181462	epochs	3.0
1800.0337201449586	0.036719999999832	epochs	2.0
1800.0337201449586	0.018399999999928696	epochs	3.0
1800.0521201449585	0.018319999999903303	epochs	3.0
1800.0704401449584	0.03647999999998319	epochs	2.0
1800.0704401449584	0.018240000000105283	epochs	3.0
1800.0886801449585	0.01823999999987791	epochs	3.0
1800.1069201449584	0.0360800000000836	epochs	2.0
1800.1069201449584	0.018080000000054497	epochs	3.0
1800.1250001449584	0.018000000000029104	epochs	3.0
1800.1430001449585	0.03584000000000742	epochs	2.0
1800.1430001449585	0.01792000000000371	epochs	3.0
1800.1609201449585	0.01792000000000371	epochs	3.0
1800.1788401449585	0.03551999999990585	epochs	2.0
1800.1788401449585	0.017759999999952925	epochs	3.0
1800.1966001449584	0.017759999999952925	epochs	3.0
1800.2143601449584	0.03520000000003165	epochs	2.0
1800.2143601449584	0.017680000000154905	epochs	3.0
1800.2320401449585	0.017519999999876745	epochs	3.0
1800.2495601449584	0.034960000000182845	epochs	2.0
1800.2495601449584	0.01752000000010412	epochs	3.0
1800.2670801449585	0.017440000000078726	epochs	3.0
1800.2845201449586	0.03471999999987929	epochs	2.0
1800.2845201449586	0.017439999999851352	epochs	3.0
1800.3019601449585	0.01728000000002794	epochs	3.0
1800.3192401449585	0.03440000000000509	epochs	2.0
1800.3192401449585	0.017200000000002547	epochs	3.0
1800.3364401449585	0.017200000000002547	epochs	3.0
1800.3536401449585	0.034159999999928914	epochs	2.0
1800.3536401449585	0.017119999999977153	epochs	3.0
1800.3707601449585	0.01703999999995176	epochs	3.0
1800.3878001449584	0.033840000000054715	epochs	2.0
1800.3878001449584	0.01696000000015374	epochs	3.0
1800.4047601449586	0.016879999999900974	epochs	3.0
1800.4216401449585	0.033599999999978536	epochs	2.0
1800.4216401449585	0.016800000000102955	epochs	3.0
1800.4384401449586	0.01679999999987558	epochs	3.0
1800.4552401449585	0.03336000000012973	epochs	2.0
1800.4552401449585	0.01672000000007756	epochs	3.0
1800.4719601449585	0.01664000000005217	epochs	3.0
1800.4886001449586	0.03311999999982618	epochs	2.0
1800.4886001449586	0.016560000000026776	epochs	3.0
1800.5051601449586	0.016559999999799402	epochs	3.0
1800.5217201449584	0.03280000000017935	epochs	2.0
1800.5217201449584	0.016400000000203363	epochs	3.0
1800.5381201449586	0.01639999999997599	epochs	3.0
1800.5545201449586	0.0325599999998758	epochs	2.0
1800.5545201449586	0.016319999999950596	epochs	3.0
1800.5708401449585	0.016239999999925203	epochs	3.0
1800.5870801449585	0.03240000000005239	epochs	2.0
1800.5870801449585	0.016239999999925203	epochs	3.0
1800.6033201449584	0.016160000000127184	epochs	3.0
1800.6194801449585	0.032079999999950815	epochs	2.0
1800.6194801449585	0.016079999999874417	epochs	3.0
1800.6355601449584	0.016000000000076398	epochs	3.0
1800.6515601449585	0.0319200000001274	epochs	2.0
1800.6515601449585	0.016000000000076398	epochs	3.0
1800.6675601449585	0.015920000000051004	epochs	3.0
1800.6834801449586	0.031599999999798456	epochs	2.0
1800.6834801449586	0.015839999999798238	epochs	3.0
1800.6993201449584	0.01576000000000022	epochs	3.0
1800.7150801449584	0.03144000000020242	epochs	2.0
1800.7150801449584	0.01576000000000022	epochs	3.0
1800.7308401449584	0.0156800000002022	epochs	3.0
1800.7465201449586	0.031199999999898864	epochs	2.0
1800.7465201449586	0.015599999999949432	epochs	3.0
1800.7621201449585	0.015599999999949432	epochs	3.0
1800.7777201449585	0.03096000000005006	epochs	2.0
1800.7777201449585	0.015519999999924039	epochs	3.0
1800.7932401449584	0.01544000000012602	epochs	3.0
1800.8086801449585	0.03071999999997388	epochs	2.0
1800.8086801449585	0.015439999999898646	epochs	3.0
1800.8241201449584	0.015280000000075233	epochs	3.0
1800.8394001449585	0.030559999999923093	epochs	2.0
1800.8394001449585	0.015359999999873253	epochs	3.0
1800.8547601449584	0.01520000000004984	epochs	3.0
1800.8699601449584	0.030320000000074288	epochs	2.0
1800.8699601449584	0.01520000000004984	epochs	3.0
1800.8851601449585	0.015120000000024447	epochs	3.0
1800.9002801449585	0.030079999999998108	epochs	2.0
1800.9002801449585	0.015120000000024447	epochs	3.0
1800.9154001449585	0.014959999999973661	epochs	3.0
1800.9303601449585	0.029919999999947322	epochs	2.0
1800.9303601449585	0.015039999999999054	epochs	3.0
1800.9454001449585	0.014879999999948268	epochs	3.0
1800.9602801449585	0.029680000000098516	epochs	2.0
1800.9602801449585	0.014879999999948268	epochs	3.0
1800.9751601449584	0.014800000000150249	epochs	3.0
1800.9899601449586	0.02952000000004773	epochs	2.0
1800.9899601449586	0.014799999999922875	epochs	3.0
1801.0047601449585	0.014720000000124855	epochs	3.0
1801.0194801449586	0.02927999999997155	epochs	2.0
1801.0194801449586	0.014719999999897482	epochs	3.0
1801.0342001449585	0.01456000000007407	epochs	3.0
1801.0487601449586	0.029119999999920765	epochs	2.0
1801.0487601449586	0.014639999999872089	epochs	3.0
1801.0634001449585	0.014480000000048676	epochs	3.0
1801.0778801449585	0.028960000000097352	epochs	2.0
1801.0778801449585	0.014480000000048676	epochs	3.0
1801.0923601449585	0.014480000000048676	epochs	3.0
1801.1068401449586	0.02863999999999578	epochs	2.0
1801.1068401449586	0.01431999999999789	epochs	3.0
1801.1211601449586	0.01431999999999789	epochs	3.0
1801.1354801449586	0.028559999999970387	epochs	2.0
1801.1354801449586	0.01431999999999789	epochs	3.0
1801.1498001449586	0.014239999999972497	epochs	3.0
1801.1640401449586	0.028319999999894208	epochs	2.0
1801.1640401449586	0.014159999999947104	epochs	3.0
1801.1782001449585	0.014159999999947104	epochs	3.0
1801.1923601449585	0.028160000000070795	epochs	2.0
1801.1923601449585	0.014159999999947104	epochs	3.0
1801.2065201449584	0.014000000000123691	epochs	3.0
1801.2205201449585	0.02800000000002001	epochs	2.0
1801.2205201449585	0.013999999999896318	epochs	3.0
1801.2345201449584	0.014000000000123691	epochs	3.0
1801.2485201449585	0.02775999999994383	epochs	2.0
1801.2485201449585	0.013919999999870925	epochs	3.0
1801.2624401449584	0.013840000000072905	epochs	3.0
1801.2762801449585	0.027679999999918437	epochs	2.0
1801.2762801449585	0.013840000000072905	epochs	3.0
1801.2901201449586	0.013839999999845531	epochs	3.0
1801.3039601449584	0.02744000000006963	epochs	2.0
1801.3039601449584	0.013760000000047512	epochs	3.0
1801.3177201449585	0.013680000000022119	epochs	3.0
1801.3314001449585	0.027280000000018845	epochs	2.0
1801.3314001449585	0.013680000000022119	epochs	3.0
1801.3450801449585	0.013599999999996726	epochs	3.0
1801.3586801449585	0.02711999999996806	epochs	2.0
1801.3586801449585	0.013519999999971333	epochs	3.0
1801.3722001449585	0.013599999999996726	epochs	3.0
1801.3858001449585	0.026880000000119253	epochs	2.0
1801.3858001449585	0.01343999999994594	epochs	3.0
1801.3992401449584	0.013440000000173313	epochs	3.0
1801.4126801449586	0.026799999999866486	epochs	2.0
1801.4126801449586	0.01343999999994594	epochs	3.0
1801.4261201449585	0.013359999999920547	epochs	3.0
1801.4394801449585	0.02656000000001768	epochs	2.0
1801.4394801449585	0.013280000000122527	epochs	3.0
1801.4527601449586	0.013279999999895153	epochs	3.0
1801.4660401449585	0.026479999999992287	epochs	2.0
1801.4660401449585	0.013280000000122527	epochs	3.0
1801.4793201449586	0.01319999999986976	epochs	3.0
1801.4925201449585	0.026240000000143482	epochs	2.0
1801.4925201449585	0.013120000000071741	epochs	3.0
1801.5056401449585	0.013120000000071741	epochs	3.0
1801.5187601449586	0.026159999999890715	epochs	2.0
1801.5187601449586	0.013119999999844367	epochs	3.0
1801.5318801449584	0.013040000000046348	epochs	3.0
1801.5449201449585	0.026000000000067303	epochs	2.0
1801.5449201449585	0.013040000000046348	epochs	3.0
1801.5579601449585	0.012960000000020955	epochs	3.0
1801.5709201449586	0.025759999999991123	epochs	2.0
1801.5709201449586	0.012879999999995562	epochs	3.0
1801.5838001449586	0.012879999999995562	epochs	3.0
1801.5966801449586	0.02567999999996573	epochs	2.0
1801.5966801449586	0.012879999999995562	epochs	3.0
1801.6095601449586	0.012799999999970169	epochs	3.0
1801.6223601449585	0.025519999999914944	epochs	2.0
1801.6223601449585	0.012799999999970169	epochs	3.0
1801.6351601449585	0.012719999999944775	epochs	3.0
1801.6478801449584	0.02536000000009153	epochs	2.0
1801.6478801449584	0.01272000000017215	epochs	3.0
1801.6606001449586	0.012639999999919382	epochs	3.0
1801.6732401449585	0.025200000000040745	epochs	2.0
1801.6732401449585	0.012639999999919382	epochs	3.0
1801.6858801449584	0.012560000000121363	epochs	3.0
1801.6984401449586	0.0245599999998376	epochs	2.0
1801.7226801449585	0.5	epochs	-1.0
1801.7230001449584	0.5187200000000303	epochs	1.0
1802.2417201449584	0.4812000000001717	epochs	0.0
1808.2969999313354	0.09999999999990905	epochs	0.0
1808.2969999313354	0.044959999999946376	epochs	1.0
1808.3419599313354	0.010080000000016298	epochs	1.0
1808.3520399313354	0.044959999999946376	epochs	1.0
1808.3969999313354	2.0	epochs	0.0
1810.3969999313354	21.55912000000012	epochs	0.0
1810.3969999313354	1.0	epochs	1.0
1810.3969999313354	0.5	epochs	-1.0
1810.8969999313354	19.999680000000126	epochs	-1.0
1811.3969999313354	20.0	epochs	1.0
1811.3969999313354	8.000000002539309e-05	epochs	2.0
1811.3970799313354	4.356719999999996	epochs	-1.0
1811.3970799313354	1.9745600000001104	epochs	2.0
1811.3970799313354	1.098560000000134	epochs	3.0
1812.4956399313355	0.8759999999999764	epochs	3.0
1813.3716399313355	1.3523999999999887	epochs	2.0
1813.3716399313355	0.7286400000000413	epochs	3.0
1814.1002799313355	0.6237599999999475	epochs	3.0
1814.7240399313355	1.0297599999998965	epochs	2.0
1814.7240399313355	0.5453600000000733	epochs	3.0
1815.2693999313356	0.4843999999998232	epochs	3.0
1815.7537999313354	0.8317600000000311	epochs	2.0
1815.7537999313354	0.435760000000073	epochs	3.0
1816.1895599313355	0.39599999999995816	epochs	3.0
1816.5855599313354	0.697840000000042	epochs	2.0
1816.5855599313354	0.362880000000132	epochs	3.0
1816.9484399313355	0.33495999999991	epochs	3.0
1817.2833999313355	0.6010400000000118	epochs	2.0
1817.2833999313355	0.3108799999999974	epochs	3.0
1817.5942799313354	0.2901600000000144	epochs	3.0
1817.8844399313355	0.5278399999999692	epochs	2.0
1817.8844399313355	0.2719199999999091	epochs	3.0
1818.1563599313354	0.2559200000000601	epochs	3.0
1818.4122799313354	0.47064000000000306	epochs	2.0
1818.4122799313354	0.2416800000000876	epochs	3.0
1818.6539599313355	0.22895999999991545	epochs	3.0
1818.8829199313354	0.42455999999992855	epochs	2.0
1818.8829199313354	0.2174400000001242	epochs	3.0
1819.1003599313356	0.20711999999980435	epochs	3.0
1819.3074799313354	0.3867200000001958	epochs	2.0
1819.3074799313354	0.1976799999999912	epochs	3.0
1819.5051599313354	0.1890400000002046	epochs	3.0
1819.6941999313356	0.3551199999999426	epochs	2.0
1819.6941999313356	0.1811999999999898	epochs	3.0
1819.8753999313356	0.17391999999995278	epochs	3.0
1820.0493199313355	0.3282400000000507	epochs	2.0
1820.0493199313355	0.16719999999986612	epochs	3.0
1820.2165199313354	0.1610400000001846	epochs	3.0
1820.3775599313356	0.3051999999997861	epochs	2.0
1820.3775599313356	0.1552799999999479	epochs	3.0
1820.5328399313355	0.14991999999983818	epochs	3.0
1820.6827599313353	0.28512000000000626	epochs	2.0
1820.6827599313353	0.1448800000000574	epochs	3.0
1820.8276399313354	0.14023999999994885	epochs	3.0
1820.9678799313353	0.2675200000001041	epochs	2.0
1820.9678799313353	0.13584000000014385	epochs	3.0
1821.1037199313355	0.13167999999996027	epochs	3.0
1821.2353999313355	0.2520799999999781	epochs	2.0
1821.2353999313355	0.12784000000010565	epochs	3.0
1821.3632399313356	0.12423999999987245	epochs	3.0
1821.4874799313354	0.23816000000010717	epochs	2.0
1821.4874799313354	0.1207200000001194	epochs	3.0
1821.6081999313355	0.11743999999998778	epochs	3.0
1821.7256399313355	0.22583999999983462	epochs	2.0
1821.7256399313355	0.11439999999993233	epochs	3.0
1821.8400399313355	0.11143999999990228	epochs	3.0
1821.9514799313354	0.21464000000014494	epochs	2.0
1821.9514799313354	0.1086400000001504	epochs	3.0
1822.0601199313355	0.10599999999999454	epochs	3.0
1822.1661199313355	0.20447999999987587	epochs	2.0
1822.1661199313355	0.10343999999986409	epochs	3.0
1822.2695599313354	0.10104000000001179	epochs	3.0
1822.3705999313354	0.1953600000001643	epochs	2.0
1822.3705999313354	0.0987999999999829	epochs	3.0
1822.4693999313354	0.09656000000018139	epochs	3.0
1822.5659599313356	0.18695999999999913	epochs	2.0
1822.5659599313356	0.09447999999997592	epochs	3.0
1822.6604399313355	0.09248000000002321	epochs	3.0
1822.7529199313356	0.17919999999980973	epochs	2.0
1822.7529199313356	0.09047999999984313	epochs	3.0
1822.8433999313354	0.0887199999999666	epochs	3.0
1822.9321199313354	0.17208000000005086	epochs	2.0
1822.9321199313354	0.08688000000006468	epochs	3.0
1823.0189999313354	0.08519999999998618	epochs	3.0
1823.1041999313354	0.165520000000015	epochs	2.0
1823.1041999313354	0.08359999999993306	epochs	3.0
1823.1877999313353	0.08192000000008193	epochs	3.0
1823.2697199313354	0.1595199999999295	epochs	2.0
1823.2697199313354	0.0804800000000796	epochs	3.0
1823.3501999313355	0.0790399999998499	epochs	3.0
1823.4292399313354	0.15376000000014756	epochs	2.0
1823.4292399313354	0.07760000000007494	epochs	3.0
1823.5068399313354	0.07616000000007261	epochs	3.0
1823.5829999313355	0.14855999999986125	epochs	2.0
1823.5829999313355	0.07495999999991909	epochs	3.0
1823.6579599313354	0.07359999999994216	epochs	3.0
1823.7315599313354	0.14368000000013126	epochs	2.0
1823.7315599313354	0.0724800000000414	epochs	3.0
1823.8040399313354	0.07120000000008986	epochs	3.0
1823.8752399313355	0.1390400000000227	epochs	2.0
1823.8752399313355	0.07007999999996173	epochs	3.0
1823.9453199313355	0.06896000000006097	epochs	3.0
1824.0142799313355	0.13472000000001572	epochs	2.0
1824.0142799313355	0.06791999999995824	epochs	3.0
1824.0821999313355	0.06680000000005748	epochs	3.0
1824.1489999313355	0.13071999999988293	epochs	2.0
1824.1489999313355	0.06583999999998014	epochs	3.0
1824.2148399313355	0.0648799999999028	epochs	3.0
1824.2797199313354	0.1268000000000029	epochs	2.0
1824.2797199313354	0.06384000000002743	epochs	3.0
1824.3435599313354	0.06295999999997548	epochs	3.0
1824.4065199313354	0.12328000000002248	epochs	2.0
1824.4065199313354	0.06207999999992353	epochs	3.0
1824.4685999313353	0.06120000000009895	epochs	3.0
1824.5297999313354	0.11984000000006745	epochs	2.0
1824.5297999313354	0.060320000000047	epochs	3.0
1824.5901199313355	0.059520000000020445	epochs	3.0
1824.6496399313355	0.11663999999996122	epochs	2.0
1824.6496399313355	0.05871999999999389	epochs	3.0
1824.7083599313355	0.05791999999996733	epochs	3.0
1824.7662799313355	0.11359999999990578	epochs	2.0
1824.7662799313355	0.05719999999996617	epochs	3.0
1824.8234799313354	0.05639999999993961	epochs	3.0
1824.8798799313354	0.1107200000001285	epochs	2.0
1824.8798799313354	0.05568000000016582	epochs	3.0
1824.9355599313355	0.055039999999962674	epochs	3.0
1824.9905999313355	0.10791999999992186	epochs	2.0
1824.9905999313355	0.05423999999993612	epochs	3.0
1825.0448399313354	0.05367999999998574	epochs	3.0
1825.0985199313354	0.10527999999999338	epochs	2.0
1825.0985199313354	0.052959999999984575	epochs	3.0
1825.1514799313354	0.052320000000008804	epochs	3.0
1825.2037999313354	0.10287999999991371	epochs	2.0
1825.2037999313354	0.051760000000058426	epochs	3.0
1825.2555599313355	0.05111999999985528	epochs	3.0
1825.3066799313353	0.10040000000003602	epochs	2.0
1825.3066799313353	0.050480000000106884	epochs	3.0
1825.3571599313354	0.04991999999992913	epochs	3.0
1825.4070799313354	0.09824000000003252	epochs	2.0
1825.4070799313354	0.049359999999978754	epochs	3.0
1825.4564399313354	0.04888000000005377	epochs	3.0
1825.5053199313354	0.09600000000000364	epochs	2.0
1825.5053199313354	0.048240000000078	epochs	3.0
1825.5535599313355	0.04775999999992564	epochs	3.0
1825.6013199313354	0.09392000000002554	epochs	2.0
1825.6013199313354	0.04719999999997526	epochs	3.0
1825.6485199313354	0.04672000000005028	epochs	3.0
1825.6952399313354	0.09192000000007283	epochs	2.0
1825.6952399313354	0.0461600000000999	epochs	3.0
1825.7413999313355	0.04575999999997293	epochs	3.0
1825.7871599313355	0.09007999999994354	epochs	2.0
1825.7871599313355	0.04528000000004795	epochs	3.0
1825.8324399313356	0.04479999999989559	epochs	3.0
1825.8772399313355	0.08816000000001623	epochs	2.0
1825.8772399313355	0.044319999999970605	epochs	3.0
1825.9215599313354	0.04384000000004562	epochs	3.0
1825.9653999313355	0.08647999999993772	epochs	2.0
1825.9653999313355	0.043439999999918655	epochs	3.0
1826.0088399313354	0.04304000000001906	epochs	3.0
1826.0518799313354	0.08472000000006119	epochs	2.0
1826.0518799313354	0.04256000000009408	epochs	3.0
1826.0944399313355	0.04215999999996711	epochs	3.0
1826.1365999313355	0.08320000000003347	epochs	2.0
1826.1365999313355	0.04176000000006752	epochs	3.0
1826.1783599313355	0.04143999999996595	epochs	3.0
1826.2197999313355	0.08151999999995496	epochs	2.0
1826.2197999313355	0.040960000000040964	epochs	3.0
1826.2607599313355	0.040559999999914	epochs	3.0
1826.3013199313355	0.08007999999995263	epochs	2.0
1826.3013199313355	0.0402400000000398	epochs	3.0
1826.3415599313355	0.039839999999912834	epochs	3.0
1826.3813999313354	0.0786399999999503	epochs	2.0
1826.3813999313354	0.039520000000038635	epochs	3.0
1826.4209199313354	0.03911999999991167	epochs	3.0
1826.4600399313354	0.07720000000017535	epochs	2.0
1826.4600399313354	0.03880000000003747	epochs	3.0
1826.4988399313354	0.03840000000013788	epochs	3.0
1826.5372399313355	0.07591999999999643	epochs	2.0
1826.5372399313355	0.038159999999834326	epochs	3.0
1826.5753999313354	0.03776000000016211	epochs	3.0
1826.6131599313355	0.0745600000000195	epochs	2.0
1826.6131599313355	0.03743999999983316	epochs	3.0
1826.6505999313354	0.03712000000018634	epochs	3.0
1826.6877199313356	0.07335999999986598	epochs	2.0
1826.6877199313356	0.03679999999985739	epochs	3.0
1826.7245199313354	0.036560000000008586	epochs	3.0
1826.7610799313354	0.07208000000014181	epochs	2.0
1826.7610799313354	0.036160000000108994	epochs	3.0
1826.7972399313355	0.035920000000032815	epochs	3.0
1826.8331599313356	0.07087999999998829	epochs	2.0
1826.8331599313356	0.03559999999993124	epochs	3.0
1826.8687599313355	0.035280000000057044	epochs	3.0
1826.9040399313355	0.06983999999988555	epochs	2.0
1826.9040399313355	0.035039999999980864	epochs	3.0
1826.9390799313355	0.034799999999904685	epochs	3.0
1826.9738799313354	0.0686399999999594	epochs	2.0
1826.9738799313354	0.034480000000030486	epochs	3.0
1827.0083599313355	0.034159999999928914	epochs	3.0
1827.0425199313354	0.06760000000008404	epochs	2.0
1827.0425199313354	0.03392000000008011	epochs	3.0
1827.0764399313355	0.03368000000000393	epochs	3.0
1827.1101199313355	0.0665599999999813	epochs	2.0
1827.1101199313355	0.03343999999992775	epochs	3.0
1827.1435599313354	0.03312000000005355	epochs	3.0
1827.1766799313355	0.06559999999990396	epochs	2.0
1827.1766799313355	0.032960000000002765	epochs	3.0
1827.2096399313355	0.03263999999990119	epochs	3.0
1827.2422799313354	0.0645600000000286	epochs	2.0
1827.2422799313354	0.03240000000005239	epochs	3.0
1827.2746799313354	0.03215999999997621	epochs	3.0
1827.3068399313354	0.06367999999997664	epochs	2.0
1827.3068399313354	0.032000000000152795	epochs	3.0
1827.3388399313355	0.03167999999982385	epochs	3.0
1827.3705199313354	0.06272000000012667	epochs	2.0
1827.3705199313354	0.03143999999997504	epochs	3.0
1827.4019599313353	0.03128000000015163	epochs	3.0
1827.4332399313355	0.06183999999984735	epochs	2.0
1827.4332399313355	0.031039999999848078	epochs	3.0
1827.4642799313353	0.030799999999999272	epochs	3.0
1827.4950799313353	0.060960000000022774	epochs	2.0
1827.4950799313353	0.030560000000150467	epochs	3.0
1827.5256399313355	0.030399999999872307	epochs	3.0
1827.5560399313354	0.060159999999996217	epochs	2.0
1827.5560399313354	0.0301600000000235	epochs	3.0
1827.5861999313354	0.029999999999972715	epochs	3.0
1827.6161999313354	0.05928000000017164	epochs	2.0
1827.6161999313354	0.029680000000098516	epochs	3.0
1827.6458799313355	0.029600000000073123	epochs	3.0
1827.6754799313355	0.05847999999991771	epochs	2.0
1827.6754799313355	0.029359999999996944	epochs	3.0
1827.7048399313355	0.029119999999920765	epochs	3.0
1827.7339599313354	0.057759999999916545	epochs	2.0
1827.7339599313354	0.028960000000097352	epochs	3.0
1827.7629199313355	0.028799999999819192	epochs	3.0
1827.7917199313354	0.05696000000011736	epochs	2.0
1827.7917199313354	0.028559999999970387	epochs	3.0
1827.8202799313353	0.028400000000146974	epochs	3.0
1827.8486799313355	0.05623999999988882	epochs	2.0
1827.8486799313355	0.028160000000070795	epochs	3.0
1827.8768399313356	0.02807999999981803	epochs	3.0
1827.9049199313354	0.05544000000008964	epochs	2.0
1827.9049199313354	0.027839999999969223	epochs	3.0
1827.9327599313353	0.027600000000120417	epochs	3.0
1827.9603599313355	0.05487999999991189	epochs	2.0
1827.9603599313355	0.027520000000095024	epochs	3.0
1827.9878799313356	0.027359999999816864	epochs	3.0
1828.0152399313354	0.054080000000112705	epochs	2.0
1828.0152399313354	0.02711999999996806	epochs	3.0
1828.0423599313353	0.026960000000144646	epochs	3.0
1828.0693199313355	0.05343999999990956	epochs	2.0
1828.0693199313355	0.026799999999866486	epochs	3.0
1828.0961199313354	0.026640000000043074	epochs	3.0
1828.1227599313354	0.05287999999995918	epochs	2.0
1828.1227599313354	0.026479999999992287	epochs	3.0
1828.1492399313354	0.026399999999966894	epochs	3.0
1828.1756399313354	0.05216000000018539	epochs	2.0
1828.1756399313354	0.02616000000011809	epochs	3.0
1828.2017999313355	0.026000000000067303	epochs	3.0
1828.2277999313355	0.05151999999998225	epochs	2.0
1828.2277999313355	0.025840000000016516	epochs	3.0
1828.2536399313356	0.02567999999996573	epochs	3.0
1828.2793199313355	0.05096000000003187	epochs	2.0
1828.2793199313355	0.025599999999940337	epochs	3.0
1828.3049199313355	0.02536000000009153	epochs	3.0
1828.3302799313356	0.05039999999985412	epochs	2.0
1828.3302799313356	0.025279999999838765	epochs	3.0
1828.3555599313354	0.025120000000015352	epochs	3.0
1828.3806799313354	0.04976000000010572	epochs	2.0
1828.3806799313354	0.024959999999964566	epochs	3.0
1828.4056399313354	0.024800000000141154	epochs	3.0
1828.4304399313355	0.04919999999992797	epochs	2.0
1828.4304399313355	0.024639999999862994	epochs	3.0
1828.4550799313354	0.024560000000064974	epochs	3.0
1828.4796399313354	0.04872000000000298	epochs	2.0
1828.4796399313354	0.024400000000014188	epochs	3.0
1828.5040399313355	0.024319999999988795	epochs	3.0
1828.5283599313354	0.04808000000002721	epochs	2.0
1828.5283599313354	0.024079999999912616	epochs	3.0
1828.5524399313354	0.024000000000114596	epochs	3.0
1828.5764399313355	0.047599999999874854	epochs	2.0
1828.5764399313355	0.02384000000006381	epochs	3.0
1828.6002799313355	0.023759999999811043	epochs	3.0
1828.6240399313353	0.04712000000017724	epochs	2.0
1828.6240399313353	0.023600000000215005	epochs	3.0
1828.6476399313356	0.023519999999962238	epochs	3.0
1828.6711599313355	0.04655999999999949	epochs	2.0
1828.6711599313355	0.02335999999991145	epochs	3.0
1828.6945199313354	0.02320000000008804	epochs	3.0
1828.7177199313355	0.04607999999984713	epochs	2.0
1828.7177199313355	0.023119999999835272	epochs	3.0
1828.7408399313354	0.02296000000001186	epochs	3.0
1828.7637999313354	0.04560000000014952	epochs	2.0
1828.7637999313354	0.022879999999986467	epochs	3.0
1828.7866799313354	0.022720000000163054	epochs	3.0
1828.8093999313355	0.04511999999999716	epochs	2.0
1828.8093999313355	0.022639999999910287	epochs	3.0
1828.8320399313354	0.022480000000086875	epochs	3.0
1828.8545199313355	0.044639999999844804	epochs	2.0
1828.8545199313355	0.022399999999834108	epochs	3.0
1828.8769199313354	0.022240000000010696	epochs	3.0
1828.8991599313354	0.044240000000172586	epochs	2.0
1828.8991599313354	0.022159999999985303	epochs	3.0
1828.9213199313353	0.022080000000187283	epochs	3.0
1828.9433999313355	0.04376000000002023	epochs	2.0
1828.9433999313355	0.021919999999909123	epochs	3.0
1828.9653199313354	0.021840000000111104	epochs	3.0
1828.9871599313356	0.04335999999989326	epochs	2.0
1828.9871599313356	0.021759999999858337	epochs	3.0
1829.0089199313354	0.021600000000034925	epochs	3.0
1829.0305199313354	0.04287999999996828	epochs	2.0
1829.0305199313354	0.02143999999998414	epochs	3.0
1829.0519599313354	0.02143999999998414	epochs	3.0
1829.0733999313354	0.042480000000068685	epochs	2.0
1829.0733999313354	0.021279999999933352	epochs	3.0
1829.0946799313353	0.021200000000135333	epochs	3.0
1829.1158799313355	0.04207999999994172	epochs	2.0
1829.1158799313355	0.021039999999857173	epochs	3.0
1829.1369199313353	0.021040000000084547	epochs	3.0
1829.1579599313354	0.04168000000004213	epochs	2.0
1829.1579599313354	0.02088000000003376	epochs	3.0
1829.1788399313355	0.020800000000008367	epochs	3.0
1829.1996399313355	0.04119999999988977	epochs	2.0
1829.1996399313355	0.02063999999995758	epochs	3.0
1829.2202799313354	0.020559999999932188	epochs	3.0
1829.2408399313354	0.04088000000001557	epochs	2.0
1829.2408399313354	0.020560000000159562	epochs	3.0
1829.2613999313355	0.02031999999985601	epochs	3.0
1829.2817199313354	0.04056000000014137	epochs	2.0
1829.2817199313354	0.020320000000083382	epochs	3.0
1829.3020399313355	0.02024000000005799	epochs	3.0
1829.3222799313355	0.04007999999998901	epochs	2.0
1829.3222799313355	0.020080000000007203	epochs	3.0
1829.3423599313355	0.01999999999998181	epochs	3.0
1829.3623599313355	0.03975999999988744	epochs	2.0
1829.3623599313355	0.019919999999956417	epochs	3.0
1829.3822799313355	0.019839999999931024	epochs	3.0
1829.4021199313354	0.03944000000001324	epochs	2.0
1829.4021199313354	0.019760000000133005	epochs	3.0
1829.4218799313355	0.019679999999880238	epochs	3.0
1829.4415599313354	0.03904000000011365	epochs	2.0
1829.4415599313354	0.019520000000056825	epochs	3.0
1829.4610799313355	0.019520000000056825	epochs	3.0
1829.4805999313355	0.038639999999986685	epochs	2.0
1829.4805999313355	0.01936000000000604	epochs	3.0
1829.4999599313355	0.019279999999980646	epochs	3.0
1829.5192399313355	0.038399999999910506	epochs	2.0
1829.5192399313355	0.019279999999980646	epochs	3.0
1829.5385199313355	0.01911999999992986	epochs	3.0
1829.5576399313354	0.038000000000010914	epochs	2.0
1829.5576399313354	0.01904000000013184	epochs	3.0
1829.5766799313355	0.018959999999879074	epochs	3.0
1829.5956399313354	0.03767999999990934	epochs	2.0
1829.5956399313354	0.018880000000081054	epochs	3.0
1829.6145199313355	0.018799999999828287	epochs	3.0
1829.6333199313353	0.03736000000003514	epochs	2.0
1829.6333199313353	0.018720000000030268	epochs	3.0
1829.6520399313354	0.018640000000004875	epochs	3.0
1829.6706799313354	0.037040000000160944	epochs	2.0
1829.6706799313354	0.018559999999979482	epochs	3.0
1829.6892399313354	0.018480000000181462	epochs	3.0
1829.7077199313355	0.036719999999832	epochs	2.0
1829.7077199313355	0.018399999999928696	epochs	3.0
1829.7261199313355	0.018319999999903303	epochs	3.0
1829.7444399313354	0.03647999999998319	epochs	2.0
1829.7444399313354	0.018240000000105283	epochs	3.0
1829.7626799313355	0.01823999999987791	epochs	3.0
1829.7809199313353	0.0360800000000836	epochs	2.0
1829.7809199313353	0.018080000000054497	epochs	3.0
1829.7989999313354	0.018000000000029104	epochs	3.0
1829.8169999313354	0.03584000000000742	epochs	2.0
1829.8169999313354	0.01792000000000371	epochs	3.0
1829.8349199313354	0.01792000000000371	epochs	3.0
1829.8528399313354	0.03551999999990585	epochs	2.0
1829.8528399313354	0.017759999999952925	epochs	3.0
1829.8705999313354	0.017759999999952925	epochs	3.0
1829.8883599313353	0.03520000000003165	epochs	2.0
1829.8883599313353	0.017680000000154905	epochs	3.0
1829.9060399313355	0.017519999999876745	epochs	3.0
1829.9235599313354	0.034960000000182845	epochs	2.0
1829.9235599313354	0.01752000000010412	epochs	3.0
1829.9410799313355	0.017440000000078726	epochs	3.0
1829.9585199313356	0.03471999999987929	epochs	2.0
1829.9585199313356	0.017439999999851352	epochs	3.0
1829.9759599313354	0.01728000000002794	epochs	3.0
1829.9932399313354	0.03440000000000509	epochs	2.0
1829.9932399313354	0.017200000000002547	epochs	3.0
1830.0104399313354	0.017200000000002547	epochs	3.0
1830.0276399313354	0.034159999999928914	epochs	2.0
1830.0276399313354	0.017119999999977153	epochs	3.0
1830.0447599313354	0.01703999999995176	epochs	3.0
1830.0617999313354	0.033840000000054715	epochs	2.0
1830.0617999313354	0.01696000000015374	epochs	3.0
1830.0787599313355	0.016879999999900974	epochs	3.0
1830.0956399313354	0.033599999999978536	epochs	2.0
1830.0956399313354	0.016800000000102955	epochs	3.0
1830.1124399313355	0.01679999999987558	epochs	3.0
1830.1292399313354	0.03336000000012973	epochs	2.0
1830.1292399313354	0.01672000000007756	epochs	3.0
1830.1459599313355	0.01664000000005217	epochs	3.0
1830.1625999313355	0.03311999999982618	epochs	2.0
1830.1625999313355	0.016560000000026776	epochs	3.0
1830.1791599313356	0.016559999999799402	epochs	3.0
1830.1957199313354	0.03280000000017935	epochs	2.0
1830.1957199313354	0.016400000000203363	epochs	3.0
1830.2121199313356	0.01639999999997599	epochs	3.0
1830.2285199313355	0.0325599999998758	epochs	2.0
1830.2285199313355	0.016319999999950596	epochs	3.0
1830.2448399313355	0.016239999999925203	epochs	3.0
1830.2610799313354	0.03240000000005239	epochs	2.0
1830.2610799313354	0.016239999999925203	epochs	3.0
1830.2773199313353	0.016160000000127184	epochs	3.0
1830.2934799313355	0.032079999999950815	epochs	2.0
1830.2934799313355	0.016079999999874417	epochs	3.0
1830.3095599313353	0.016000000000076398	epochs	3.0
1830.3255599313354	0.0319200000001274	epochs	2.0
1830.3255599313354	0.016000000000076398	epochs	3.0
1830.3415599313355	0.015920000000051004	epochs	3.0
1830.3574799313355	0.031599999999798456	epochs	2.0
1830.3574799313355	0.015839999999798238	epochs	3.0
1830.3733199313353	0.01576000000000022	epochs	3.0
1830.3890799313353	0.03144000000020242	epochs	2.0
1830.3890799313353	0.01576000000000022	epochs	3.0
1830.4048399313353	0.0156800000002022	epochs	3.0
1830.4205199313355	0.031199999999898864	epochs	2.0
1830.4205199313355	0.015599999999949432	epochs	3.0
1830.4361199313355	0.015599999999949432	epochs	3.0
1830.4517199313354	0.03096000000005006	epochs	2.0
1830.4517199313354	0.015519999999924039	epochs	3.0
1830.4672399313354	0.01544000000012602	epochs	3.0
1830.4826799313355	0.03071999999997388	epochs	2.0
1830.4826799313355	0.015439999999898646	epochs	3.0
1830.4981199313354	0.015280000000075233	epochs	3.0
1830.5133999313355	0.030559999999923093	epochs	2.0
1830.5133999313355	0.015359999999873253	epochs	3.0
1830.5287599313353	0.01520000000004984	epochs	3.0
1830.5439599313354	0.030320000000074288	epochs	2.0
1830.5439599313354	0.01520000000004984	epochs	3.0
1830.5591599313354	0.015120000000024447	epochs	3.0
1830.5742799313355	0.030079999999998108	epochs	2.0
1830.5742799313355	0.015120000000024447	epochs	3.0
1830.5893999313355	0.014959999999973661	epochs	3.0
1830.6043599313355	0.029919999999947322	epochs	2.0
1830.6043599313355	0.015039999999999054	epochs	3.0
1830.6193999313355	0.014879999999948268	epochs	3.0
1830.6342799313354	0.029680000000098516	epochs	2.0
1830.6342799313354	0.014879999999948268	epochs	3.0
1830.6491599313354	0.014800000000150249	epochs	3.0
1830.6639599313355	0.02952000000004773	epochs	2.0
1830.6639599313355	0.014799999999922875	epochs	3.0
1830.6787599313354	0.014720000000124855	epochs	3.0
1830.6934799313356	0.02927999999997155	epochs	2.0
1830.6934799313356	0.014719999999897482	epochs	3.0
1830.7081999313355	0.01456000000007407	epochs	3.0
1830.7227599313355	0.029119999999920765	epochs	2.0
1830.7227599313355	0.014639999999872089	epochs	3.0
1830.7373999313354	0.014480000000048676	epochs	3.0
1830.7518799313355	0.028960000000097352	epochs	2.0
1830.7518799313355	0.014480000000048676	epochs	3.0
1830.7663599313355	0.014480000000048676	epochs	3.0
1830.7808399313355	0.02863999999999578	epochs	2.0
1830.7808399313355	0.01431999999999789	epochs	3.0
1830.7951599313355	0.01431999999999789	epochs	3.0
1830.8094799313355	0.028559999999970387	epochs	2.0
1830.8094799313355	0.01431999999999789	epochs	3.0
1830.8237999313355	0.014239999999972497	epochs	3.0
1830.8380399313355	0.028319999999894208	epochs	2.0
1830.8380399313355	0.014159999999947104	epochs	3.0
1830.8521999313355	0.014159999999947104	epochs	3.0
1830.8663599313354	0.028160000000070795	epochs	2.0
1830.8663599313354	0.014159999999947104	epochs	3.0
1830.8805199313354	0.014000000000123691	epochs	3.0
1830.8945199313355	0.02800000000002001	epochs	2.0
1830.8945199313355	0.013999999999896318	epochs	3.0
1830.9085199313354	0.014000000000123691	epochs	3.0
1830.9225199313355	0.02775999999994383	epochs	2.0
1830.9225199313355	0.013919999999870925	epochs	3.0
1830.9364399313354	0.013840000000072905	epochs	3.0
1830.9502799313354	0.027679999999918437	epochs	2.0
1830.9502799313354	0.013840000000072905	epochs	3.0
1830.9641199313355	0.013839999999845531	epochs	3.0
1830.9779599313354	0.02744000000006963	epochs	2.0
1830.9779599313354	0.013760000000047512	epochs	3.0
1830.9917199313354	0.013680000000022119	epochs	3.0
1831.0053999313354	0.027280000000018845	epochs	2.0
1831.0053999313354	0.013680000000022119	epochs	3.0
1831.0190799313355	0.013599999999996726	epochs	3.0
1831.0326799313355	0.02711999999996806	epochs	2.0
1831.0326799313355	0.013519999999971333	epochs	3.0
1831.0461999313354	0.013599999999996726	epochs	3.0
1831.0597999313354	0.026880000000119253	epochs	2.0
1831.0597999313354	0.01343999999994594	epochs	3.0
1831.0732399313354	0.013440000000173313	epochs	3.0
1831.0866799313355	0.026799999999866486	epochs	2.0
1831.0866799313355	0.01343999999994594	epochs	3.0
1831.1001199313355	0.013359999999920547	epochs	3.0
1831.1134799313354	0.02656000000001768	epochs	2.0
1831.1134799313354	0.013280000000122527	epochs	3.0
1831.1267599313355	0.013279999999895153	epochs	3.0
1831.1400399313354	0.026479999999992287	epochs	2.0
1831.1400399313354	0.013280000000122527	epochs	3.0
1831.1533199313355	0.01319999999986976	epochs	3.0
1831.1665199313354	0.026240000000143482	epochs	2.0
1831.1665199313354	0.013120000000071741	epochs	3.0
1831.1796399313355	0.013120000000071741	epochs	3.0
1831.1927599313356	0.026159999999890715	epochs	2.0
1831.1927599313356	0.013119999999844367	epochs	3.0
1831.2058799313354	0.013040000000046348	epochs	3.0
1831.2189199313354	0.026000000000067303	epochs	2.0
1831.2189199313354	0.013040000000046348	epochs	3.0
1831.2319599313355	0.012960000000020955	epochs	3.0
1831.2449199313355	0.025759999999991123	epochs	2.0
1831.2449199313355	0.012879999999995562	epochs	3.0
1831.2577999313355	0.012879999999995562	epochs	3.0
1831.2706799313355	0.02567999999996573	epochs	2.0
1831.2706799313355	0.012879999999995562	epochs	3.0
1831.2835599313355	0.012799999999970169	epochs	3.0
1831.2963599313355	0.025519999999914944	epochs	2.0
1831.2963599313355	0.012799999999970169	epochs	3.0
1831.3091599313354	0.012719999999944775	epochs	3.0
1831.3218799313354	0.02536000000009153	epochs	2.0
1831.3218799313354	0.01272000000017215	epochs	3.0
1831.3345999313356	0.012639999999919382	epochs	3.0
1831.3472399313355	0.025200000000040745	epochs	2.0
1831.3472399313355	0.012639999999919382	epochs	3.0
1831.3598799313354	0.012560000000121363	epochs	3.0
1831.3724399313355	0.0245599999998376	epochs	2.0
1831.3966799313355	0.5	epochs	-1.0
1831.3969999313354	0.5591200000001209	epochs	1.0
1831.9561199313355	0.4408000000000811	epochs	0.0
1857.5520000457764	0.09999999999990905	epochs	0.0
1857.5520000457764	0.044959999999946376	epochs	1.0
1857.5969600457763	0.010080000000016298	epochs	1.0
1857.6070400457763	0.044959999999946376	epochs	1.0
1857.6520000457763	2.0	epochs	0.0
1859.6520000457763	21.51927999999998	epochs	0.0
1859.6520000457763	1.0	epochs	1.0
1859.6520000457763	0.5	epochs	-1.0
1860.1520000457763	19.9996000000001	epochs	-1.0
1860.6520000457763	20.0	epochs	1.0
1860.6520000457763	8.000000002539309e-05	epochs	2.0
1860.6520800457763	4.356719999999996	epochs	-1.0
1860.6520800457763	1.9745600000001104	epochs	2.0
1860.6520800457763	1.098560000000134	epochs	3.0
1861.7506400457764	0.8759999999999764	epochs	3.0
1862.6266400457764	1.3523999999999887	epochs	2.0
1862.6266400457764	0.7286400000000413	epochs	3.0
1863.3552800457765	0.6237599999999475	epochs	3.0
1863.9790400457764	1.0297599999998965	epochs	2.0
1863.9790400457764	0.5453600000000733	epochs	3.0
1864.5244000457765	0.4843999999998232	epochs	3.0
1865.0088000457763	0.8317600000000311	epochs	2.0
1865.0088000457763	0.435760000000073	epochs	3.0
1865.4445600457764	0.39599999999995816	epochs	3.0
1865.8405600457763	0.697840000000042	epochs	2.0
1865.8405600457763	0.362880000000132	epochs	3.0
1866.2034400457765	0.33495999999991	epochs	3.0
1866.5384000457764	0.6010400000000118	epochs	2.0
1866.5384000457764	0.3108799999999974	epochs	3.0
1866.8492800457764	0.2901600000000144	epochs	3.0
1867.1394400457764	0.5278399999999692	epochs	2.0
1867.1394400457764	0.2719199999999091	epochs	3.0
1867.4113600457763	0.2559200000000601	epochs	3.0
1867.6672800457764	0.47064000000000306	epochs	2.0
1867.6672800457764	0.2416800000000876	epochs	3.0
1867.9089600457764	0.22895999999991545	epochs	3.0
1868.1379200457764	0.42455999999992855	epochs	2.0
1868.1379200457764	0.2174400000001242	epochs	3.0
1868.3553600457765	0.20711999999980435	epochs	3.0
1868.5624800457763	0.3867200000001958	epochs	2.0
1868.5624800457763	0.1976799999999912	epochs	3.0
1868.7601600457763	0.1890400000002046	epochs	3.0
1868.9492000457765	0.3551199999999426	epochs	2.0
1868.9492000457765	0.1811999999999898	epochs	3.0
1869.1304000457765	0.17391999999995278	epochs	3.0
1869.3043200457764	0.3282400000000507	epochs	2.0
1869.3043200457764	0.16719999999986612	epochs	3.0
1869.4715200457763	0.1610400000001846	epochs	3.0
1869.6325600457765	0.3051999999997861	epochs	2.0
1869.6325600457765	0.1552799999999479	epochs	3.0
1869.7878400457764	0.14991999999983818	epochs	3.0
1869.9377600457763	0.28512000000000626	epochs	2.0
1869.9377600457763	0.1448800000000574	epochs	3.0
1870.0826400457763	0.14023999999994885	epochs	3.0
1870.2228800457763	0.2675200000001041	epochs	2.0
1870.2228800457763	0.13584000000014385	epochs	3.0
1870.3587200457764	0.13167999999996027	epochs	3.0
1870.4904000457764	0.2520799999999781	epochs	2.0
1870.4904000457764	0.12784000000010565	epochs	3.0
1870.6182400457765	0.12423999999987245	epochs	3.0
1870.7424800457763	0.23816000000010717	epochs	2.0
1870.7424800457763	0.1207200000001194	epochs	3.0
1870.8632000457765	0.11743999999998778	epochs	3.0
1870.9806400457765	0.22583999999983462	epochs	2.0
1870.9806400457765	0.11439999999993233	epochs	3.0
1871.0950400457764	0.11143999999990228	epochs	3.0
1871.2064800457763	0.21464000000014494	epochs	2.0
1871.2064800457763	0.1086400000001504	epochs	3.0
1871.3151200457764	0.10599999999999454	epochs	3.0
1871.4211200457764	0.20447999999987587	epochs	2.0
1871.4211200457764	0.10343999999986409	epochs	3.0
1871.5245600457763	0.10104000000001179	epochs	3.0
1871.6256000457763	0.1953600000001643	epochs	2.0
1871.6256000457763	0.0987999999999829	epochs	3.0
1871.7244000457763	0.09656000000018139	epochs	3.0
1871.8209600457765	0.18695999999999913	epochs	2.0
1871.8209600457765	0.09447999999997592	epochs	3.0
1871.9154400457764	0.09248000000002321	epochs	3.0
1872.0079200457765	0.17919999999980973	epochs	2.0
1872.0079200457765	0.09047999999984313	epochs	3.0
1872.0984000457763	0.0887199999999666	epochs	3.0
1872.1871200457763	0.17208000000005086	epochs	2.0
1872.1871200457763	0.08688000000006468	epochs	3.0
1872.2740000457763	0.08519999999998618	epochs	3.0
1872.3592000457763	0.165520000000015	epochs	2.0
1872.3592000457763	0.08359999999993306	epochs	3.0
1872.4428000457763	0.08192000000008193	epochs	3.0
1872.5247200457763	0.1595199999999295	epochs	2.0
1872.5247200457763	0.0804800000000796	epochs	3.0
1872.6052000457764	0.0790399999998499	epochs	3.0
1872.6842400457763	0.15376000000014756	epochs	2.0
1872.6842400457763	0.07760000000007494	epochs	3.0
1872.7618400457764	0.07616000000007261	epochs	3.0
1872.8380000457764	0.14855999999986125	epochs	2.0
1872.8380000457764	0.07495999999991909	epochs	3.0
1872.9129600457763	0.07359999999994216	epochs	3.0
1872.9865600457763	0.14368000000013126	epochs	2.0
1872.9865600457763	0.0724800000000414	epochs	3.0
1873.0590400457763	0.07120000000008986	epochs	3.0
1873.1302400457764	0.1390400000000227	epochs	2.0
1873.1302400457764	0.07007999999996173	epochs	3.0
1873.2003200457764	0.06896000000006097	epochs	3.0
1873.2692800457764	0.13472000000001572	epochs	2.0
1873.2692800457764	0.06791999999995824	epochs	3.0
1873.3372000457764	0.06680000000005748	epochs	3.0
1873.4040000457765	0.13071999999988293	epochs	2.0
1873.4040000457765	0.06583999999998014	epochs	3.0
1873.4698400457764	0.0648799999999028	epochs	3.0
1873.5347200457763	0.1268000000000029	epochs	2.0
1873.5347200457763	0.06384000000002743	epochs	3.0
1873.5985600457764	0.06295999999997548	epochs	3.0
1873.6615200457763	0.12328000000002248	epochs	2.0
1873.6615200457763	0.06207999999992353	epochs	3.0
1873.7236000457763	0.06120000000009895	epochs	3.0
1873.7848000457764	0.11984000000006745	epochs	2.0
1873.7848000457764	0.060320000000047	epochs	3.0
1873.8451200457764	0.059520000000020445	epochs	3.0
1873.9046400457764	0.11663999999996122	epochs	2.0
1873.9046400457764	0.05871999999999389	epochs	3.0
1873.9633600457764	0.05791999999996733	epochs	3.0
1874.0212800457764	0.11359999999990578	epochs	2.0
1874.0212800457764	0.05719999999996617	epochs	3.0
1874.0784800457764	0.05639999999993961	epochs	3.0
1874.1348800457763	0.1107200000001285	epochs	2.0
1874.1348800457763	0.05568000000016582	epochs	3.0
1874.1905600457765	0.055039999999962674	epochs	3.0
1874.2456000457764	0.10791999999992186	epochs	2.0
1874.2456000457764	0.05423999999993612	epochs	3.0
1874.2998400457764	0.05367999999998574	epochs	3.0
1874.3535200457763	0.10527999999999338	epochs	2.0
1874.3535200457763	0.052959999999984575	epochs	3.0
1874.4064800457763	0.052320000000008804	epochs	3.0
1874.4588000457763	0.10287999999991371	epochs	2.0
1874.4588000457763	0.051760000000058426	epochs	3.0
1874.5105600457764	0.05111999999985528	epochs	3.0
1874.5616800457763	0.10040000000003602	epochs	2.0
1874.5616800457763	0.050480000000106884	epochs	3.0
1874.6121600457764	0.04991999999992913	epochs	3.0
1874.6620800457763	0.09824000000003252	epochs	2.0
1874.6620800457763	0.049359999999978754	epochs	3.0
1874.7114400457763	0.04888000000005377	epochs	3.0
1874.7603200457763	0.09600000000000364	epochs	2.0
1874.7603200457763	0.048240000000078	epochs	3.0
1874.8085600457764	0.04775999999992564	epochs	3.0
1874.8563200457763	0.09392000000002554	epochs	2.0
1874.8563200457763	0.04719999999997526	epochs	3.0
1874.9035200457763	0.04672000000005028	epochs	3.0
1874.9502400457764	0.09192000000007283	epochs	2.0
1874.9502400457764	0.0461600000000999	epochs	3.0
1874.9964000457765	0.04575999999997293	epochs	3.0
1875.0421600457764	0.09007999999994354	epochs	2.0
1875.0421600457764	0.04528000000004795	epochs	3.0
1875.0874400457765	0.04479999999989559	epochs	3.0
1875.1322400457764	0.08816000000001623	epochs	2.0
1875.1322400457764	0.044319999999970605	epochs	3.0
1875.1765600457763	0.04384000000004562	epochs	3.0
1875.2204000457764	0.08647999999993772	epochs	2.0
1875.2204000457764	0.043439999999918655	epochs	3.0
1875.2638400457763	0.04304000000001906	epochs	3.0
1875.3068800457763	0.08472000000006119	epochs	2.0
1875.3068800457763	0.04256000000009408	epochs	3.0
1875.3494400457764	0.04215999999996711	epochs	3.0
1875.3916000457764	0.08320000000003347	epochs	2.0
1875.3916000457764	0.04176000000006752	epochs	3.0
1875.4333600457765	0.04143999999996595	epochs	3.0
1875.4748000457764	0.08151999999995496	epochs	2.0
1875.4748000457764	0.040960000000040964	epochs	3.0
1875.5157600457765	0.040559999999914	epochs	3.0
1875.5563200457764	0.08007999999995263	epochs	2.0
1875.5563200457764	0.0402400000000398	epochs	3.0
1875.5965600457764	0.039839999999912834	epochs	3.0
1875.6364000457763	0.0786399999999503	epochs	2.0
1875.6364000457763	0.039520000000038635	epochs	3.0
1875.6759200457764	0.03911999999991167	epochs	3.0
1875.7150400457763	0.07720000000017535	epochs	2.0
1875.7150400457763	0.03880000000003747	epochs	3.0
1875.7538400457763	0.03840000000013788	epochs	3.0
1875.7922400457765	0.07591999999999643	epochs	2.0
1875.7922400457765	0.038159999999834326	epochs	3.0
1875.8304000457763	0.03776000000016211	epochs	3.0
1875.8681600457764	0.0745600000000195	epochs	2.0
1875.8681600457764	0.03743999999983316	epochs	3.0
1875.9056000457763	0.03712000000018634	epochs	3.0
1875.9427200457765	0.07335999999986598	epochs	2.0
1875.9427200457765	0.03679999999985739	epochs	3.0
1875.9795200457763	0.036560000000008586	epochs	3.0
1876.0160800457763	0.07208000000014181	epochs	2.0
1876.0160800457763	0.036160000000108994	epochs	3.0
1876.0522400457764	0.035920000000032815	epochs	3.0
1876.0881600457765	0.07087999999998829	epochs	2.0
1876.0881600457765	0.03559999999993124	epochs	3.0
1876.1237600457764	0.035280000000057044	epochs	3.0
1876.1590400457765	0.06983999999988555	epochs	2.0
1876.1590400457765	0.035039999999980864	epochs	3.0
1876.1940800457764	0.034799999999904685	epochs	3.0
1876.2288800457764	0.0686399999999594	epochs	2.0
1876.2288800457764	0.034480000000030486	epochs	3.0
1876.2633600457764	0.034159999999928914	epochs	3.0
1876.2975200457763	0.06760000000008404	epochs	2.0
1876.2975200457763	0.03392000000008011	epochs	3.0
1876.3314400457764	0.03368000000000393	epochs	3.0
1876.3651200457764	0.0665599999999813	epochs	2.0
1876.3651200457764	0.03343999999992775	epochs	3.0
1876.3985600457763	0.03312000000005355	epochs	3.0
1876.4316800457764	0.06559999999990396	epochs	2.0
1876.4316800457764	0.032960000000002765	epochs	3.0
1876.4646400457764	0.03263999999990119	epochs	3.0
1876.4972800457763	0.0645600000000286	epochs	2.0
1876.4972800457763	0.03240000000005239	epochs	3.0
1876.5296800457763	0.03215999999997621	epochs	3.0
1876.5618400457763	0.06367999999997664	epochs	2.0
1876.5618400457763	0.032000000000152795	epochs	3.0
1876.5938400457765	0.03167999999982385	epochs	3.0
1876.6255200457763	0.06272000000012667	epochs	2.0
1876.6255200457763	0.03143999999997504	epochs	3.0
1876.6569600457763	0.03128000000015163	epochs	3.0
1876.6882400457764	0.06183999999984735	epochs	2.0
1876.6882400457764	0.031039999999848078	epochs	3.0
1876.7192800457763	0.030799999999999272	epochs	3.0
1876.7500800457763	0.060960000000022774	epochs	2.0
1876.7500800457763	0.030560000000150467	epochs	3.0
1876.7806400457764	0.030399999999872307	epochs	3.0
1876.8110400457763	0.060159999999996217	epochs	2.0
1876.8110400457763	0.0301600000000235	epochs	3.0
1876.8412000457763	0.029999999999972715	epochs	3.0
1876.8712000457763	0.05928000000017164	epochs	2.0
1876.8712000457763	0.029680000000098516	epochs	3.0
1876.9008800457764	0.029600000000073123	epochs	3.0
1876.9304800457764	0.05847999999991771	epochs	2.0
1876.9304800457764	0.029359999999996944	epochs	3.0
1876.9598400457764	0.029119999999920765	epochs	3.0
1876.9889600457764	0.057759999999916545	epochs	2.0
1876.9889600457764	0.028960000000097352	epochs	3.0
1877.0179200457765	0.028799999999819192	epochs	3.0
1877.0467200457763	0.05696000000011736	epochs	2.0
1877.0467200457763	0.028559999999970387	epochs	3.0
1877.0752800457763	0.028400000000146974	epochs	3.0
1877.1036800457764	0.05623999999988882	epochs	2.0
1877.1036800457764	0.028160000000070795	epochs	3.0
1877.1318400457765	0.02807999999981803	epochs	3.0
1877.1599200457763	0.05544000000008964	epochs	2.0
1877.1599200457763	0.027839999999969223	epochs	3.0
1877.1877600457763	0.027600000000120417	epochs	3.0
1877.2153600457764	0.05487999999991189	epochs	2.0
1877.2153600457764	0.027520000000095024	epochs	3.0
1877.2428800457765	0.027359999999816864	epochs	3.0
1877.2702400457763	0.054080000000112705	epochs	2.0
1877.2702400457763	0.02711999999996806	epochs	3.0
1877.2973600457763	0.026960000000144646	epochs	3.0
1877.3243200457764	0.05343999999990956	epochs	2.0
1877.3243200457764	0.026799999999866486	epochs	3.0
1877.3511200457763	0.026640000000043074	epochs	3.0
1877.3777600457763	0.05287999999995918	epochs	2.0
1877.3777600457763	0.026479999999992287	epochs	3.0
1877.4042400457763	0.026399999999966894	epochs	3.0
1877.4306400457763	0.05216000000018539	epochs	2.0
1877.4306400457763	0.02616000000011809	epochs	3.0
1877.4568000457764	0.026000000000067303	epochs	3.0
1877.4828000457765	0.05151999999998225	epochs	2.0
1877.4828000457765	0.025840000000016516	epochs	3.0
1877.5086400457765	0.02567999999996573	epochs	3.0
1877.5343200457764	0.05096000000003187	epochs	2.0
1877.5343200457764	0.025599999999940337	epochs	3.0
1877.5599200457764	0.02536000000009153	epochs	3.0
1877.5852800457765	0.05039999999985412	epochs	2.0
1877.5852800457765	0.025279999999838765	epochs	3.0
1877.6105600457763	0.025120000000015352	epochs	3.0
1877.6356800457763	0.04976000000010572	epochs	2.0
1877.6356800457763	0.024959999999964566	epochs	3.0
1877.6606400457763	0.024800000000141154	epochs	3.0
1877.6854400457764	0.04919999999992797	epochs	2.0
1877.6854400457764	0.024639999999862994	epochs	3.0
1877.7100800457763	0.024560000000064974	epochs	3.0
1877.7346400457764	0.04872000000000298	epochs	2.0
1877.7346400457764	0.024400000000014188	epochs	3.0
1877.7590400457764	0.024319999999988795	epochs	3.0
1877.7833600457764	0.04808000000002721	epochs	2.0
1877.7833600457764	0.024079999999912616	epochs	3.0
1877.8074400457763	0.024000000000114596	epochs	3.0
1877.8314400457764	0.047599999999874854	epochs	2.0
1877.8314400457764	0.02384000000006381	epochs	3.0
1877.8552800457765	0.023759999999811043	epochs	3.0
1877.8790400457763	0.04712000000017724	epochs	2.0
1877.8790400457763	0.023600000000215005	epochs	3.0
1877.9026400457765	0.023519999999962238	epochs	3.0
1877.9261600457764	0.04655999999999949	epochs	2.0
1877.9261600457764	0.02335999999991145	epochs	3.0
1877.9495200457764	0.02320000000008804	epochs	3.0
1877.9727200457764	0.04607999999984713	epochs	2.0
1877.9727200457764	0.023119999999835272	epochs	3.0
1877.9958400457763	0.02296000000001186	epochs	3.0
1878.0188000457763	0.04560000000014952	epochs	2.0
1878.0188000457763	0.022879999999986467	epochs	3.0
1878.0416800457763	0.022720000000163054	epochs	3.0
1878.0644000457764	0.04511999999999716	epochs	2.0
1878.0644000457764	0.022639999999910287	epochs	3.0
1878.0870400457763	0.022480000000086875	epochs	3.0
1878.1095200457764	0.044639999999844804	epochs	2.0
1878.1095200457764	0.022399999999834108	epochs	3.0
1878.1319200457763	0.022240000000010696	epochs	3.0
1878.1541600457763	0.044240000000172586	epochs	2.0
1878.1541600457763	0.022159999999985303	epochs	3.0
1878.1763200457763	0.022080000000187283	epochs	3.0
1878.1984000457765	0.04376000000002023	epochs	2.0
1878.1984000457765	0.021919999999909123	epochs	3.0
1878.2203200457764	0.021840000000111104	epochs	3.0
1878.2421600457765	0.04335999999989326	epochs	2.0
1878.2421600457765	0.021759999999858337	epochs	3.0
1878.2639200457763	0.021600000000034925	epochs	3.0
1878.2855200457764	0.04287999999996828	epochs	2.0
1878.2855200457764	0.02143999999998414	epochs	3.0
1878.3069600457763	0.02143999999998414	epochs	3.0
1878.3284000457763	0.042480000000068685	epochs	2.0
1878.3284000457763	0.021279999999933352	epochs	3.0
1878.3496800457763	0.021200000000135333	epochs	3.0
1878.3708800457764	0.04207999999994172	epochs	2.0
1878.3708800457764	0.021039999999857173	epochs	3.0
1878.3919200457763	0.021040000000084547	epochs	3.0
1878.4129600457763	0.04168000000004213	epochs	2.0
1878.4129600457763	0.02088000000003376	epochs	3.0
1878.4338400457764	0.020800000000008367	epochs	3.0
1878.4546400457764	0.04119999999988977	epochs	2.0
1878.4546400457764	0.02063999999995758	epochs	3.0
1878.4752800457763	0.020559999999932188	epochs	3.0
1878.4958400457763	0.04088000000001557	epochs	2.0
1878.4958400457763	0.020560000000159562	epochs	3.0
1878.5164000457764	0.02031999999985601	epochs	3.0
1878.5367200457763	0.04056000000014137	epochs	2.0
1878.5367200457763	0.020320000000083382	epochs	3.0
1878.5570400457764	0.02024000000005799	epochs	3.0
1878.5772800457764	0.04007999999998901	epochs	2.0
1878.5772800457764	0.020080000000007203	epochs	3.0
1878.5973600457764	0.01999999999998181	epochs	3.0
1878.6173600457764	0.03975999999988744	epochs	2.0
1878.6173600457764	0.019919999999956417	epochs	3.0
1878.6372800457764	0.019839999999931024	epochs	3.0
1878.6571200457763	0.03944000000001324	epochs	2.0
1878.6571200457763	0.019760000000133005	epochs	3.0
1878.6768800457764	0.019679999999880238	epochs	3.0
1878.6965600457763	0.03904000000011365	epochs	2.0
1878.6965600457763	0.019520000000056825	epochs	3.0
1878.7160800457764	0.019520000000056825	epochs	3.0
1878.7356000457764	0.038639999999986685	epochs	2.0
1878.7356000457764	0.01936000000000604	epochs	3.0
1878.7549600457764	0.019279999999980646	epochs	3.0
1878.7742400457764	0.038399999999910506	epochs	2.0
1878.7742400457764	0.019279999999980646	epochs	3.0
1878.7935200457764	0.01911999999992986	epochs	3.0
1878.8126400457763	0.038000000000010914	epochs	2.0
1878.8126400457763	0.01904000000013184	epochs	3.0
1878.8316800457765	0.018959999999879074	epochs	3.0
1878.8506400457763	0.03767999999990934	epochs	2.0
1878.8506400457763	0.018880000000081054	epochs	3.0
1878.8695200457764	0.018799999999828287	epochs	3.0
1878.8883200457763	0.03736000000003514	epochs	2.0
1878.8883200457763	0.018720000000030268	epochs	3.0
1878.9070400457763	0.018640000000004875	epochs	3.0
1878.9256800457763	0.037040000000160944	epochs	2.0
1878.9256800457763	0.018559999999979482	epochs	3.0
1878.9442400457763	0.018480000000181462	epochs	3.0
1878.9627200457765	0.036719999999832	epochs	2.0
1878.9627200457765	0.018399999999928696	epochs	3.0
1878.9811200457764	0.018319999999903303	epochs	3.0
1878.9994400457763	0.03647999999998319	epochs	2.0
1878.9994400457763	0.018240000000105283	epochs	3.0
1879.0176800457764	0.01823999999987791	epochs	3.0
1879.0359200457763	0.0360800000000836	epochs	2.0
1879.0359200457763	0.018080000000054497	epochs	3.0
1879.0540000457763	0.018000000000029104	epochs	3.0
1879.0720000457763	0.03584000000000742	epochs	2.0
1879.0720000457763	0.01792000000000371	epochs	3.0
1879.0899200457764	0.01792000000000371	epochs	3.0
1879.1078400457764	0.03551999999990585	epochs	2.0
1879.1078400457764	0.017759999999952925	epochs	3.0
1879.1256000457763	0.017759999999952925	epochs	3.0
1879.1433600457763	0.03520000000003165	epochs	2.0
1879.1433600457763	0.017680000000154905	epochs	3.0
1879.1610400457764	0.017519999999876745	epochs	3.0
1879.1785600457763	0.034960000000182845	epochs	2.0
1879.1785600457763	0.01752000000010412	epochs	3.0
1879.1960800457764	0.017440000000078726	epochs	3.0
1879.2135200457765	0.03471999999987929	epochs	2.0
1879.2135200457765	0.017439999999851352	epochs	3.0
1879.2309600457763	0.01728000000002794	epochs	3.0
1879.2482400457764	0.03440000000000509	epochs	2.0
1879.2482400457764	0.017200000000002547	epochs	3.0
1879.2654400457764	0.017200000000002547	epochs	3.0
1879.2826400457764	0.034159999999928914	epochs	2.0
1879.2826400457764	0.017119999999977153	epochs	3.0
1879.2997600457763	0.01703999999995176	epochs	3.0
1879.3168000457763	0.033840000000054715	epochs	2.0
1879.3168000457763	0.01696000000015374	epochs	3.0
1879.3337600457764	0.016879999999900974	epochs	3.0
1879.3506400457763	0.033599999999978536	epochs	2.0
1879.3506400457763	0.016800000000102955	epochs	3.0
1879.3674400457764	0.01679999999987558	epochs	3.0
1879.3842400457763	0.03336000000012973	epochs	2.0
1879.3842400457763	0.01672000000007756	epochs	3.0
1879.4009600457764	0.01664000000005217	epochs	3.0
1879.4176000457765	0.03311999999982618	epochs	2.0
1879.4176000457765	0.016560000000026776	epochs	3.0
1879.4341600457765	0.016559999999799402	epochs	3.0
1879.4507200457763	0.03280000000017935	epochs	2.0
1879.4507200457763	0.016400000000203363	epochs	3.0
1879.4671200457765	0.01639999999997599	epochs	3.0
1879.4835200457765	0.0325599999998758	epochs	2.0
1879.4835200457765	0.016319999999950596	epochs	3.0
1879.4998400457764	0.016239999999925203	epochs	3.0
1879.5160800457763	0.03240000000005239	epochs	2.0
1879.5160800457763	0.016239999999925203	epochs	3.0
1879.5323200457763	0.016160000000127184	epochs	3.0
1879.5484800457764	0.032079999999950815	epochs	2.0
1879.5484800457764	0.016079999999874417	epochs	3.0
1879.5645600457763	0.016000000000076398	epochs	3.0
1879.5805600457763	0.0319200000001274	epochs	2.0
1879.5805600457763	0.016000000000076398	epochs	3.0
1879.5965600457764	0.015920000000051004	epochs	3.0
1879.6124800457765	0.031599999999798456	epochs	2.0
1879.6124800457765	0.015839999999798238	epochs	3.0
1879.6283200457763	0.01576000000000022	epochs	3.0
1879.6440800457763	0.03144000000020242	epochs	2.0
1879.6440800457763	0.01576000000000022	epochs	3.0
1879.6598400457763	0.0156800000002022	epochs	3.0
1879.6755200457765	0.031199999999898864	epochs	2.0
1879.6755200457765	0.015599999999949432	epochs	3.0
1879.6911200457764	0.015599999999949432	epochs	3.0
1879.7067200457764	0.03096000000005006	epochs	2.0
1879.7067200457764	0.015519999999924039	epochs	3.0
1879.7222400457763	0.01544000000012602	epochs	3.0
1879.7376800457764	0.03071999999997388	epochs	2.0
1879.7376800457764	0.015439999999898646	epochs	3.0
1879.7531200457763	0.015280000000075233	epochs	3.0
1879.7684000457764	0.030559999999923093	epochs	2.0
1879.7684000457764	0.015359999999873253	epochs	3.0
1879.7837600457763	0.01520000000004984	epochs	3.0
1879.7989600457763	0.030320000000074288	epochs	2.0
1879.7989600457763	0.01520000000004984	epochs	3.0
1879.8141600457764	0.015120000000024447	epochs	3.0
1879.8292800457764	0.030079999999998108	epochs	2.0
1879.8292800457764	0.015120000000024447	epochs	3.0
1879.8444000457764	0.014959999999973661	epochs	3.0
1879.8593600457764	0.029919999999947322	epochs	2.0
1879.8593600457764	0.015039999999999054	epochs	3.0
1879.8744000457764	0.014879999999948268	epochs	3.0
1879.8892800457763	0.029680000000098516	epochs	2.0
1879.8892800457763	0.014879999999948268	epochs	3.0
1879.9041600457763	0.014800000000150249	epochs	3.0
1879.9189600457764	0.02952000000004773	epochs	2.0
1879.9189600457764	0.014799999999922875	epochs	3.0
1879.9337600457764	0.014720000000124855	epochs	3.0
1879.9484800457765	0.02927999999997155	epochs	2.0
1879.9484800457765	0.014719999999897482	epochs	3.0
1879.9632000457764	0.01456000000007407	epochs	3.0
1879.9777600457764	0.029119999999920765	epochs	2.0
1879.9777600457764	0.014639999999872089	epochs	3.0
1879.9924000457763	0.014480000000048676	epochs	3.0
1880.0068800457764	0.028960000000097352	epochs	2.0
1880.0068800457764	0.014480000000048676	epochs	3.0
1880.0213600457764	0.014480000000048676	epochs	3.0
1880.0358400457765	0.02863999999999578	epochs	2.0
1880.0358400457765	0.01431999999999789	epochs	3.0
1880.0501600457765	0.01431999999999789	epochs	3.0
1880.0644800457765	0.028559999999970387	epochs	2.0
1880.0644800457765	0.01431999999999789	epochs	3.0
1880.0788000457765	0.014239999999972497	epochs	3.0
1880.0930400457764	0.028319999999894208	epochs	2.0
1880.0930400457764	0.014159999999947104	epochs	3.0
1880.1072000457764	0.014159999999947104	epochs	3.0
1880.1213600457763	0.028160000000070795	epochs	2.0
1880.1213600457763	0.014159999999947104	epochs	3.0
1880.1355200457763	0.014000000000123691	epochs	3.0
1880.1495200457764	0.02800000000002001	epochs	2.0
1880.1495200457764	0.013999999999896318	epochs	3.0
1880.1635200457763	0.014000000000123691	epochs	3.0
1880.1775200457764	0.02775999999994383	epochs	2.0
1880.1775200457764	0.013919999999870925	epochs	3.0
1880.1914400457763	0.013840000000072905	epochs	3.0
1880.2052800457764	0.027679999999918437	epochs	2.0
1880.2052800457764	0.013840000000072905	epochs	3.0
1880.2191200457764	0.013839999999845531	epochs	3.0
1880.2329600457763	0.02744000000006963	epochs	2.0
1880.2329600457763	0.013760000000047512	epochs	3.0
1880.2467200457763	0.013680000000022119	epochs	3.0
1880.2604000457764	0.027280000000018845	epochs	2.0
1880.2604000457764	0.013680000000022119	epochs	3.0
1880.2740800457764	0.013599999999996726	epochs	3.0
1880.2876800457764	0.02711999999996806	epochs	2.0
1880.2876800457764	0.013519999999971333	epochs	3.0
1880.3012000457763	0.013599999999996726	epochs	3.0
1880.3148000457763	0.026880000000119253	epochs	2.0
1880.3148000457763	0.01343999999994594	epochs	3.0
1880.3282400457763	0.013440000000173313	epochs	3.0
1880.3416800457765	0.026799999999866486	epochs	2.0
1880.3416800457765	0.01343999999994594	epochs	3.0
1880.3551200457764	0.013359999999920547	epochs	3.0
1880.3684800457763	0.02656000000001768	epochs	2.0
1880.3684800457763	0.013280000000122527	epochs	3.0
1880.3817600457764	0.013279999999895153	epochs	3.0
1880.3950400457763	0.026479999999992287	epochs	2.0
1880.3950400457763	0.013280000000122527	epochs	3.0
1880.4083200457765	0.01319999999986976	epochs	3.0
1880.4215200457763	0.026240000000143482	epochs	2.0
1880.4215200457763	0.013120000000071741	epochs	3.0
1880.4346400457764	0.013120000000071741	epochs	3.0
1880.4477600457765	0.026159999999890715	epochs	2.0
1880.4477600457765	0.013119999999844367	epochs	3.0
1880.4608800457763	0.013040000000046348	epochs	3.0
1880.4739200457764	0.026000000000067303	epochs	2.0
1880.4739200457764	0.013040000000046348	epochs	3.0
1880.4869600457764	0.012960000000020955	epochs	3.0
1880.4999200457764	0.025759999999991123	epochs	2.0
1880.4999200457764	0.012879999999995562	epochs	3.0
1880.5128000457764	0.012879999999995562	epochs	3.0
1880.5256800457764	0.02567999999996573	epochs	2.0
1880.5256800457764	0.012879999999995562	epochs	3.0
1880.5385600457764	0.012799999999970169	epochs	3.0
1880.5513600457764	0.025519999999914944	epochs	2.0
1880.5513600457764	0.012799999999970169	epochs	3.0
1880.5641600457764	0.012719999999944775	epochs	3.0
1880.5768800457763	0.02536000000009153	epochs	2.0
1880.5768800457763	0.01272000000017215	epochs	3.0
1880.5896000457765	0.012639999999919382	epochs	3.0
1880.6022400457764	0.025200000000040745	epochs	2.0
1880.6022400457764	0.012639999999919382	epochs	3.0
1880.6148800457763	0.012560000000121363	epochs	3.0
1880.6274400457764	0.0245599999998376	epochs	2.0
1880.6516000457764	0.5	epochs	-1.0
1880.6520000457763	0.5192799999999806	epochs	1.0
1881.1712800457763	0.48064000000022133	epochs	0.0
1887.420000076294	0.09999999999990905	epochs	0.0
1887.420000076294	0.044959999999946376	epochs	1.0
1887.464960076294	0.010080000000016298	epochs	1.0
1887.475040076294	0.044959999999946376	epochs	1.0
1887.5200000762939	2.0	epochs	0.0
1889.5200000762939	21.518640000000005	epochs	0.0
1889.5200000762939	1.0	epochs	1.0
1889.5200000762939	0.5	epochs	-1.0
1890.0200000762939	19.9996000000001	epochs	-1.0
1890.5200000762939	20.0	epochs	1.0
1890.5200000762939	8.000000002539309e-05	epochs	2.0
1890.5200800762939	4.356719999999996	epochs	-1.0
1890.5200800762939	1.9745600000001104	epochs	2.0
1890.5200800762939	1.098560000000134	epochs	3.0
1891.618640076294	0.8759999999999764	epochs	3.0
1892.494640076294	1.3523999999999887	epochs	2.0
1892.494640076294	0.7286400000000413	epochs	3.0
1893.223280076294	0.6237599999999475	epochs	3.0
1893.847040076294	1.0297599999998965	epochs	2.0
1893.847040076294	0.5453600000000733	epochs	3.0
1894.392400076294	0.4843999999998232	epochs	3.0
1894.8768000762939	0.8317600000000311	epochs	2.0
1894.8768000762939	0.435760000000073	epochs	3.0
1895.312560076294	0.39599999999995816	epochs	3.0
1895.708560076294	0.697840000000042	epochs	2.0
1895.708560076294	0.362880000000132	epochs	3.0
1896.071440076294	0.33495999999991	epochs	3.0
1896.406400076294	0.6010400000000118	epochs	2.0
1896.406400076294	0.3108799999999974	epochs	3.0
1896.717280076294	0.2901600000000144	epochs	3.0
1897.007440076294	0.5278399999999692	epochs	2.0
1897.007440076294	0.2719199999999091	epochs	3.0
1897.2793600762939	0.2559200000000601	epochs	3.0
1897.535280076294	0.47064000000000306	epochs	2.0
1897.535280076294	0.2416800000000876	epochs	3.0
1897.776960076294	0.22895999999991545	epochs	3.0
1898.005920076294	0.42455999999992855	epochs	2.0
1898.005920076294	0.2174400000001242	epochs	3.0
1898.223360076294	0.20711999999980435	epochs	3.0
1898.4304800762939	0.3867200000001958	epochs	2.0
1898.4304800762939	0.1976799999999912	epochs	3.0
1898.6281600762939	0.1890400000002046	epochs	3.0
1898.817200076294	0.3551199999999426	epochs	2.0
1898.817200076294	0.1811999999999898	epochs	3.0
1898.998400076294	0.17391999999995278	epochs	3.0
1899.172320076294	0.3282400000000507	epochs	2.0
1899.172320076294	0.16719999999986612	epochs	3.0
1899.3395200762939	0.1610400000001846	epochs	3.0
1899.500560076294	0.3051999999997861	epochs	2.0
1899.500560076294	0.1552799999999479	epochs	3.0
1899.655840076294	0.14991999999983818	epochs	3.0
1899.8057600762938	0.28512000000000626	epochs	2.0
1899.8057600762938	0.1448800000000574	epochs	3.0
1899.950640076294	0.14023999999994885	epochs	3.0
1900.0908800762938	0.2675200000001041	epochs	2.0
1900.0908800762938	0.13584000000014385	epochs	3.0
1900.226720076294	0.13167999999996027	epochs	3.0
1900.358400076294	0.2520799999999781	epochs	2.0
1900.358400076294	0.12784000000010565	epochs	3.0
1900.486240076294	0.12423999999987245	epochs	3.0
1900.610480076294	0.23816000000010717	epochs	2.0
1900.610480076294	0.1207200000001194	epochs	3.0
1900.731200076294	0.11743999999998778	epochs	3.0
1900.848640076294	0.22583999999983462	epochs	2.0
1900.848640076294	0.11439999999993233	epochs	3.0
1900.963040076294	0.11143999999990228	epochs	3.0
1901.0744800762939	0.21464000000014494	epochs	2.0
1901.0744800762939	0.1086400000001504	epochs	3.0
1901.183120076294	0.10599999999999454	epochs	3.0
1901.289120076294	0.20447999999987587	epochs	2.0
1901.289120076294	0.10343999999986409	epochs	3.0
1901.3925600762939	0.10104000000001179	epochs	3.0
1901.493600076294	0.1953600000001643	epochs	2.0
1901.493600076294	0.0987999999999829	epochs	3.0
1901.5924000762939	0.09656000000018139	epochs	3.0
1901.688960076294	0.18695999999999913	epochs	2.0
1901.688960076294	0.09447999999997592	epochs	3.0
1901.783440076294	0.09248000000002321	epochs	3.0
1901.875920076294	0.17919999999980973	epochs	2.0
1901.875920076294	0.09047999999984313	epochs	3.0
1901.966400076294	0.0887199999999666	epochs	3.0
1902.0551200762939	0.17208000000005086	epochs	2.0
1902.0551200762939	0.08688000000006468	epochs	3.0
1902.142000076294	0.08519999999998618	epochs	3.0
1902.227200076294	0.165520000000015	epochs	2.0
1902.227200076294	0.08359999999993306	epochs	3.0
1902.3108000762938	0.08192000000008193	epochs	3.0
1902.392720076294	0.1595199999999295	epochs	2.0
1902.392720076294	0.0804800000000796	epochs	3.0
1902.473200076294	0.0790399999998499	epochs	3.0
1902.5522400762939	0.15376000000014756	epochs	2.0
1902.5522400762939	0.07760000000007494	epochs	3.0
1902.629840076294	0.07616000000007261	epochs	3.0
1902.706000076294	0.14855999999986125	epochs	2.0
1902.706000076294	0.07495999999991909	epochs	3.0
1902.780960076294	0.07359999999994216	epochs	3.0
1902.8545600762939	0.14368000000013126	epochs	2.0
1902.8545600762939	0.0724800000000414	epochs	3.0
1902.927040076294	0.07120000000008986	epochs	3.0
1902.998240076294	0.1390400000000227	epochs	2.0
1902.998240076294	0.07007999999996173	epochs	3.0
1903.068320076294	0.06896000000006097	epochs	3.0
1903.137280076294	0.13472000000001572	epochs	2.0
1903.137280076294	0.06791999999995824	epochs	3.0
1903.205200076294	0.06680000000005748	epochs	3.0
1903.272000076294	0.13071999999988293	epochs	2.0
1903.272000076294	0.06583999999998014	epochs	3.0
1903.337840076294	0.0648799999999028	epochs	3.0
1903.402720076294	0.1268000000000029	epochs	2.0
1903.402720076294	0.06384000000002743	epochs	3.0
1903.466560076294	0.06295999999997548	epochs	3.0
1903.529520076294	0.12328000000002248	epochs	2.0
1903.529520076294	0.06207999999992353	epochs	3.0
1903.5916000762938	0.06120000000009895	epochs	3.0
1903.652800076294	0.11984000000006745	epochs	2.0
1903.652800076294	0.060320000000047	epochs	3.0
1903.713120076294	0.059520000000020445	epochs	3.0
1903.772640076294	0.11663999999996122	epochs	2.0
1903.772640076294	0.05871999999999389	epochs	3.0
1903.831360076294	0.05791999999996733	epochs	3.0
1903.889280076294	0.11359999999990578	epochs	2.0
1903.889280076294	0.05719999999996617	epochs	3.0
1903.946480076294	0.05639999999993961	epochs	3.0
1904.0028800762939	0.1107200000001285	epochs	2.0
1904.0028800762939	0.05568000000016582	epochs	3.0
1904.058560076294	0.055039999999962674	epochs	3.0
1904.113600076294	0.10791999999992186	epochs	2.0
1904.113600076294	0.05423999999993612	epochs	3.0
1904.167840076294	0.05367999999998574	epochs	3.0
1904.221520076294	0.10527999999999338	epochs	2.0
1904.221520076294	0.052959999999984575	epochs	3.0
1904.274480076294	0.052320000000008804	epochs	3.0
1904.326800076294	0.10287999999991371	epochs	2.0
1904.326800076294	0.051760000000058426	epochs	3.0
1904.378560076294	0.05111999999985528	epochs	3.0
1904.4296800762938	0.10040000000003602	epochs	2.0
1904.4296800762938	0.050480000000106884	epochs	3.0
1904.480160076294	0.04991999999992913	epochs	3.0
1904.5300800762939	0.09824000000003252	epochs	2.0
1904.5300800762939	0.049359999999978754	epochs	3.0
1904.5794400762938	0.04888000000005377	epochs	3.0
1904.628320076294	0.09600000000000364	epochs	2.0
1904.628320076294	0.048240000000078	epochs	3.0
1904.676560076294	0.04775999999992564	epochs	3.0
1904.724320076294	0.09392000000002554	epochs	2.0
1904.724320076294	0.04719999999997526	epochs	3.0
1904.7715200762939	0.04672000000005028	epochs	3.0
1904.818240076294	0.09192000000007283	epochs	2.0
1904.818240076294	0.0461600000000999	epochs	3.0
1904.864400076294	0.04575999999997293	epochs	3.0
1904.910160076294	0.09007999999994354	epochs	2.0
1904.910160076294	0.04528000000004795	epochs	3.0
1904.955440076294	0.04479999999989559	epochs	3.0
1905.000240076294	0.08816000000001623	epochs	2.0
1905.000240076294	0.044319999999970605	epochs	3.0
1905.044560076294	0.04384000000004562	epochs	3.0
1905.088400076294	0.08647999999993772	epochs	2.0
1905.088400076294	0.043439999999918655	epochs	3.0
1905.1318400762939	0.04304000000001906	epochs	3.0
1905.174880076294	0.08472000000006119	epochs	2.0
1905.174880076294	0.04256000000009408	epochs	3.0
1905.217440076294	0.04215999999996711	epochs	3.0
1905.259600076294	0.08320000000003347	epochs	2.0
1905.259600076294	0.04176000000006752	epochs	3.0
1905.301360076294	0.04143999999996595	epochs	3.0
1905.342800076294	0.08151999999995496	epochs	2.0
1905.342800076294	0.040960000000040964	epochs	3.0
1905.383760076294	0.040559999999914	epochs	3.0
1905.424320076294	0.08007999999995263	epochs	2.0
1905.424320076294	0.0402400000000398	epochs	3.0
1905.464560076294	0.039839999999912834	epochs	3.0
1905.504400076294	0.0786399999999503	epochs	2.0
1905.504400076294	0.039520000000038635	epochs	3.0
1905.543920076294	0.03911999999991167	epochs	3.0
1905.5830400762939	0.07720000000017535	epochs	2.0
1905.5830400762939	0.03880000000003747	epochs	3.0
1905.621840076294	0.03840000000013788	epochs	3.0
1905.660240076294	0.07591999999999643	epochs	2.0
1905.660240076294	0.038159999999834326	epochs	3.0
1905.6984000762939	0.03776000000016211	epochs	3.0
1905.736160076294	0.0745600000000195	epochs	2.0
1905.736160076294	0.03743999999983316	epochs	3.0
1905.7736000762939	0.03712000000018634	epochs	3.0
1905.810720076294	0.07335999999986598	epochs	2.0
1905.810720076294	0.03679999999985739	epochs	3.0
1905.847520076294	0.036560000000008586	epochs	3.0
1905.884080076294	0.07208000000014181	epochs	2.0
1905.884080076294	0.036160000000108994	epochs	3.0
1905.920240076294	0.035920000000032815	epochs	3.0
1905.956160076294	0.07087999999998829	epochs	2.0
1905.956160076294	0.03559999999993124	epochs	3.0
1905.991760076294	0.035280000000057044	epochs	3.0
1906.027040076294	0.06983999999988555	epochs	2.0
1906.027040076294	0.035039999999980864	epochs	3.0
1906.062080076294	0.034799999999904685	epochs	3.0
1906.096880076294	0.0686399999999594	epochs	2.0
1906.096880076294	0.034480000000030486	epochs	3.0
1906.131360076294	0.034159999999928914	epochs	3.0
1906.165520076294	0.06760000000008404	epochs	2.0
1906.165520076294	0.03392000000008011	epochs	3.0
1906.199440076294	0.03368000000000393	epochs	3.0
1906.233120076294	0.0665599999999813	epochs	2.0
1906.233120076294	0.03343999999992775	epochs	3.0
1906.266560076294	0.03312000000005355	epochs	3.0
1906.299680076294	0.06559999999990396	epochs	2.0
1906.299680076294	0.032960000000002765	epochs	3.0
1906.332640076294	0.03263999999990119	epochs	3.0
1906.3652800762939	0.0645600000000286	epochs	2.0
1906.3652800762939	0.03240000000005239	epochs	3.0
1906.397680076294	0.03215999999997621	epochs	3.0
1906.4298400762939	0.06367999999997664	epochs	2.0
1906.4298400762939	0.032000000000152795	epochs	3.0
1906.461840076294	0.03167999999982385	epochs	3.0
1906.4935200762939	0.06272000000012667	epochs	2.0
1906.4935200762939	0.03143999999997504	epochs	3.0
1906.5249600762938	0.03128000000015163	epochs	3.0
1906.556240076294	0.06183999999984735	epochs	2.0
1906.556240076294	0.031039999999848078	epochs	3.0
1906.5872800762938	0.030799999999999272	epochs	3.0
1906.6180800762938	0.060960000000022774	epochs	2.0
1906.6180800762938	0.030560000000150467	epochs	3.0
1906.648640076294	0.030399999999872307	epochs	3.0
1906.6790400762939	0.060159999999996217	epochs	2.0
1906.6790400762939	0.0301600000000235	epochs	3.0
1906.7092000762939	0.029999999999972715	epochs	3.0
1906.7392000762939	0.05928000000017164	epochs	2.0
1906.7392000762939	0.029680000000098516	epochs	3.0
1906.768880076294	0.029600000000073123	epochs	3.0
1906.798480076294	0.05847999999991771	epochs	2.0
1906.798480076294	0.029359999999996944	epochs	3.0
1906.827840076294	0.029119999999920765	epochs	3.0
1906.856960076294	0.057759999999916545	epochs	2.0
1906.856960076294	0.028960000000097352	epochs	3.0
1906.885920076294	0.028799999999819192	epochs	3.0
1906.9147200762939	0.05696000000011736	epochs	2.0
1906.9147200762939	0.028559999999970387	epochs	3.0
1906.9432800762938	0.028400000000146974	epochs	3.0
1906.971680076294	0.05623999999988882	epochs	2.0
1906.971680076294	0.028160000000070795	epochs	3.0
1906.999840076294	0.02807999999981803	epochs	3.0
1907.0279200762939	0.05544000000008964	epochs	2.0
1907.0279200762939	0.027839999999969223	epochs	3.0
1907.0557600762938	0.027600000000120417	epochs	3.0
1907.083360076294	0.05487999999991189	epochs	2.0
1907.083360076294	0.027520000000095024	epochs	3.0
1907.110880076294	0.027359999999816864	epochs	3.0
1907.1382400762939	0.054080000000112705	epochs	2.0
1907.1382400762939	0.02711999999996806	epochs	3.0
1907.1653600762938	0.026960000000144646	epochs	3.0
1907.192320076294	0.05343999999990956	epochs	2.0
1907.192320076294	0.026799999999866486	epochs	3.0
1907.2191200762938	0.026640000000043074	epochs	3.0
1907.245760076294	0.05287999999995918	epochs	2.0
1907.245760076294	0.026479999999992287	epochs	3.0
1907.2722400762939	0.026399999999966894	epochs	3.0
1907.2986400762939	0.05216000000018539	epochs	2.0
1907.2986400762939	0.02616000000011809	epochs	3.0
1907.324800076294	0.026000000000067303	epochs	3.0
1907.350800076294	0.05151999999998225	epochs	2.0
1907.350800076294	0.025840000000016516	epochs	3.0
1907.376640076294	0.02567999999996573	epochs	3.0
1907.402320076294	0.05096000000003187	epochs	2.0
1907.402320076294	0.025599999999940337	epochs	3.0
1907.427920076294	0.02536000000009153	epochs	3.0
1907.453280076294	0.05039999999985412	epochs	2.0
1907.453280076294	0.025279999999838765	epochs	3.0
1907.478560076294	0.025120000000015352	epochs	3.0
1907.503680076294	0.04976000000010572	epochs	2.0
1907.503680076294	0.024959999999964566	epochs	3.0
1907.5286400762939	0.024800000000141154	epochs	3.0
1907.553440076294	0.04919999999992797	epochs	2.0
1907.553440076294	0.024639999999862994	epochs	3.0
1907.5780800762939	0.024560000000064974	epochs	3.0
1907.602640076294	0.04872000000000298	epochs	2.0
1907.602640076294	0.024400000000014188	epochs	3.0
1907.627040076294	0.024319999999988795	epochs	3.0
1907.651360076294	0.04808000000002721	epochs	2.0
1907.651360076294	0.024079999999912616	epochs	3.0
1907.6754400762939	0.024000000000114596	epochs	3.0
1907.699440076294	0.047599999999874854	epochs	2.0
1907.699440076294	0.02384000000006381	epochs	3.0
1907.723280076294	0.023759999999811043	epochs	3.0
1907.7470400762938	0.04712000000017724	epochs	2.0
1907.7470400762938	0.023600000000215005	epochs	3.0
1907.770640076294	0.023519999999962238	epochs	3.0
1907.794160076294	0.04655999999999949	epochs	2.0
1907.794160076294	0.02335999999991145	epochs	3.0
1907.817520076294	0.02320000000008804	epochs	3.0
1907.840720076294	0.04607999999984713	epochs	2.0
1907.840720076294	0.023119999999835272	epochs	3.0
1907.8638400762939	0.02296000000001186	epochs	3.0
1907.8868000762939	0.04560000000014952	epochs	2.0
1907.8868000762939	0.022879999999986467	epochs	3.0
1907.9096800762939	0.022720000000163054	epochs	3.0
1907.932400076294	0.04511999999999716	epochs	2.0
1907.932400076294	0.022639999999910287	epochs	3.0
1907.955040076294	0.022480000000086875	epochs	3.0
1907.977520076294	0.044639999999844804	epochs	2.0
1907.977520076294	0.022399999999834108	epochs	3.0
1907.9999200762938	0.022240000000010696	epochs	3.0
1908.0221600762939	0.044240000000172586	epochs	2.0
1908.0221600762939	0.022159999999985303	epochs	3.0
1908.0443200762938	0.022080000000187283	epochs	3.0
1908.066400076294	0.04376000000002023	epochs	2.0
1908.066400076294	0.021919999999909123	epochs	3.0
1908.088320076294	0.021840000000111104	epochs	3.0
1908.110160076294	0.04335999999989326	epochs	2.0
1908.110160076294	0.021759999999858337	epochs	3.0
1908.131920076294	0.021600000000034925	epochs	3.0
1908.153520076294	0.04287999999996828	epochs	2.0
1908.153520076294	0.02143999999998414	epochs	3.0
1908.174960076294	0.02143999999998414	epochs	3.0
1908.196400076294	0.042480000000068685	epochs	2.0
1908.196400076294	0.021279999999933352	epochs	3.0
1908.2176800762938	0.021200000000135333	epochs	3.0
1908.238880076294	0.04207999999994172	epochs	2.0
1908.238880076294	0.021039999999857173	epochs	3.0
1908.2599200762938	0.021040000000084547	epochs	3.0
1908.280960076294	0.04168000000004213	epochs	2.0
1908.280960076294	0.02088000000003376	epochs	3.0
1908.301840076294	0.020800000000008367	epochs	3.0
1908.322640076294	0.04119999999988977	epochs	2.0
1908.322640076294	0.02063999999995758	epochs	3.0
1908.343280076294	0.020559999999932188	epochs	3.0
1908.3638400762939	0.04088000000001557	epochs	2.0
1908.3638400762939	0.020560000000159562	epochs	3.0
1908.384400076294	0.02031999999985601	epochs	3.0
1908.4047200762939	0.04056000000014137	epochs	2.0
1908.4047200762939	0.020320000000083382	epochs	3.0
1908.425040076294	0.02024000000005799	epochs	3.0
1908.445280076294	0.04007999999998901	epochs	2.0
1908.445280076294	0.020080000000007203	epochs	3.0
1908.465360076294	0.01999999999998181	epochs	3.0
1908.485360076294	0.03975999999988744	epochs	2.0
1908.485360076294	0.019919999999956417	epochs	3.0
1908.505280076294	0.019839999999931024	epochs	3.0
1908.525120076294	0.03944000000001324	epochs	2.0
1908.525120076294	0.019760000000133005	epochs	3.0
1908.544880076294	0.019679999999880238	epochs	3.0
1908.564560076294	0.03904000000011365	epochs	2.0
1908.564560076294	0.019520000000056825	epochs	3.0
1908.584080076294	0.019520000000056825	epochs	3.0
1908.603600076294	0.038639999999986685	epochs	2.0
1908.603600076294	0.01936000000000604	epochs	3.0
1908.622960076294	0.019279999999980646	epochs	3.0
1908.642240076294	0.038399999999910506	epochs	2.0
1908.642240076294	0.019279999999980646	epochs	3.0
1908.661520076294	0.01911999999992986	epochs	3.0
1908.680640076294	0.038000000000010914	epochs	2.0
1908.680640076294	0.01904000000013184	epochs	3.0
1908.699680076294	0.018959999999879074	epochs	3.0
1908.718640076294	0.03767999999990934	epochs	2.0
1908.718640076294	0.018880000000081054	epochs	3.0
1908.737520076294	0.018799999999828287	epochs	3.0
1908.7563200762938	0.03736000000003514	epochs	2.0
1908.7563200762938	0.018720000000030268	epochs	3.0
1908.7750400762939	0.018640000000004875	epochs	3.0
1908.7936800762939	0.037040000000160944	epochs	2.0
1908.7936800762939	0.018559999999979482	epochs	3.0
1908.8122400762938	0.018480000000181462	epochs	3.0
1908.830720076294	0.036719999999832	epochs	2.0
1908.830720076294	0.018399999999928696	epochs	3.0
1908.849120076294	0.018319999999903303	epochs	3.0
1908.8674400762939	0.03647999999998319	epochs	2.0
1908.8674400762939	0.018240000000105283	epochs	3.0
1908.885680076294	0.01823999999987791	epochs	3.0
1908.9039200762938	0.0360800000000836	epochs	2.0
1908.9039200762938	0.018080000000054497	epochs	3.0
1908.922000076294	0.018000000000029104	epochs	3.0
1908.940000076294	0.03584000000000742	epochs	2.0
1908.940000076294	0.01792000000000371	epochs	3.0
1908.957920076294	0.01792000000000371	epochs	3.0
1908.975840076294	0.03551999999990585	epochs	2.0
1908.975840076294	0.017759999999952925	epochs	3.0
1908.993600076294	0.017759999999952925	epochs	3.0
1909.0113600762938	0.03520000000003165	epochs	2.0
1909.0113600762938	0.017680000000154905	epochs	3.0
1909.029040076294	0.017519999999876745	epochs	3.0
1909.0465600762939	0.034960000000182845	epochs	2.0
1909.0465600762939	0.01752000000010412	epochs	3.0
1909.064080076294	0.017440000000078726	epochs	3.0
1909.081520076294	0.03471999999987929	epochs	2.0
1909.081520076294	0.017439999999851352	epochs	3.0
1909.098960076294	0.01728000000002794	epochs	3.0
1909.116240076294	0.03440000000000509	epochs	2.0
1909.116240076294	0.017200000000002547	epochs	3.0
1909.133440076294	0.017200000000002547	epochs	3.0
1909.150640076294	0.034159999999928914	epochs	2.0
1909.150640076294	0.017119999999977153	epochs	3.0
1909.167760076294	0.01703999999995176	epochs	3.0
1909.1848000762939	0.033840000000054715	epochs	2.0
1909.1848000762939	0.01696000000015374	epochs	3.0
1909.201760076294	0.016879999999900974	epochs	3.0
1909.218640076294	0.033599999999978536	epochs	2.0
1909.218640076294	0.016800000000102955	epochs	3.0
1909.235440076294	0.01679999999987558	epochs	3.0
1909.252240076294	0.03336000000012973	epochs	2.0
1909.252240076294	0.01672000000007756	epochs	3.0
1909.268960076294	0.01664000000005217	epochs	3.0
1909.285600076294	0.03311999999982618	epochs	2.0
1909.285600076294	0.016560000000026776	epochs	3.0
1909.302160076294	0.016559999999799402	epochs	3.0
1909.3187200762939	0.03280000000017935	epochs	2.0
1909.3187200762939	0.016400000000203363	epochs	3.0
1909.335120076294	0.01639999999997599	epochs	3.0
1909.351520076294	0.0325599999998758	epochs	2.0
1909.351520076294	0.016319999999950596	epochs	3.0
1909.367840076294	0.016239999999925203	epochs	3.0
1909.384080076294	0.03240000000005239	epochs	2.0
1909.384080076294	0.016239999999925203	epochs	3.0
1909.4003200762938	0.016160000000127184	epochs	3.0
1909.416480076294	0.032079999999950815	epochs	2.0
1909.416480076294	0.016079999999874417	epochs	3.0
1909.4325600762938	0.016000000000076398	epochs	3.0
1909.448560076294	0.0319200000001274	epochs	2.0
1909.448560076294	0.016000000000076398	epochs	3.0
1909.464560076294	0.015920000000051004	epochs	3.0
1909.480480076294	0.031599999999798456	epochs	2.0
1909.480480076294	0.015839999999798238	epochs	3.0
1909.4963200762938	0.01576000000000022	epochs	3.0
1909.5120800762938	0.03144000000020242	epochs	2.0
1909.5120800762938	0.01576000000000022	epochs	3.0
1909.5278400762938	0.0156800000002022	epochs	3.0
1909.543520076294	0.031199999999898864	epochs	2.0
1909.543520076294	0.015599999999949432	epochs	3.0
1909.559120076294	0.015599999999949432	epochs	3.0
1909.574720076294	0.03096000000005006	epochs	2.0
1909.574720076294	0.015519999999924039	epochs	3.0
1909.5902400762939	0.01544000000012602	epochs	3.0
1909.605680076294	0.03071999999997388	epochs	2.0
1909.605680076294	0.015439999999898646	epochs	3.0
1909.621120076294	0.015280000000075233	epochs	3.0
1909.636400076294	0.030559999999923093	epochs	2.0
1909.636400076294	0.015359999999873253	epochs	3.0
1909.6517600762938	0.01520000000004984	epochs	3.0
1909.666960076294	0.030320000000074288	epochs	2.0
1909.666960076294	0.01520000000004984	epochs	3.0
1909.682160076294	0.015120000000024447	epochs	3.0
1909.697280076294	0.030079999999998108	epochs	2.0
1909.697280076294	0.015120000000024447	epochs	3.0
1909.712400076294	0.014959999999973661	epochs	3.0
1909.727360076294	0.029919999999947322	epochs	2.0
1909.727360076294	0.015039999999999054	epochs	3.0
1909.742400076294	0.014879999999948268	epochs	3.0
1909.757280076294	0.029680000000098516	epochs	2.0
1909.757280076294	0.014879999999948268	epochs	3.0
1909.7721600762939	0.014800000000150249	epochs	3.0
1909.786960076294	0.02952000000004773	epochs	2.0
1909.786960076294	0.014799999999922875	epochs	3.0
1909.801760076294	0.014720000000124855	epochs	3.0
1909.816480076294	0.02927999999997155	epochs	2.0
1909.816480076294	0.014719999999897482	epochs	3.0
1909.831200076294	0.01456000000007407	epochs	3.0
1909.845760076294	0.029119999999920765	epochs	2.0
1909.845760076294	0.014639999999872089	epochs	3.0
1909.860400076294	0.014480000000048676	epochs	3.0
1909.874880076294	0.028960000000097352	epochs	2.0
1909.874880076294	0.014480000000048676	epochs	3.0
1909.889360076294	0.014480000000048676	epochs	3.0
1909.903840076294	0.02863999999999578	epochs	2.0
1909.903840076294	0.01431999999999789	epochs	3.0
1909.918160076294	0.01431999999999789	epochs	3.0
1909.932480076294	0.028559999999970387	epochs	2.0
1909.932480076294	0.01431999999999789	epochs	3.0
1909.946800076294	0.014239999999972497	epochs	3.0
1909.961040076294	0.028319999999894208	epochs	2.0
1909.961040076294	0.014159999999947104	epochs	3.0
1909.975200076294	0.014159999999947104	epochs	3.0
1909.989360076294	0.028160000000070795	epochs	2.0
1909.989360076294	0.014159999999947104	epochs	3.0
1910.0035200762939	0.014000000000123691	epochs	3.0
1910.017520076294	0.02800000000002001	epochs	2.0
1910.017520076294	0.013999999999896318	epochs	3.0
1910.0315200762939	0.014000000000123691	epochs	3.0
1910.045520076294	0.02775999999994383	epochs	2.0
1910.045520076294	0.013919999999870925	epochs	3.0
1910.0594400762939	0.013840000000072905	epochs	3.0
1910.073280076294	0.027679999999918437	epochs	2.0
1910.073280076294	0.013840000000072905	epochs	3.0
1910.087120076294	0.013839999999845531	epochs	3.0
1910.1009600762939	0.02744000000006963	epochs	2.0
1910.1009600762939	0.013760000000047512	epochs	3.0
1910.114720076294	0.013680000000022119	epochs	3.0
1910.128400076294	0.027280000000018845	epochs	2.0
1910.128400076294	0.013680000000022119	epochs	3.0
1910.142080076294	0.013599999999996726	epochs	3.0
1910.155680076294	0.02711999999996806	epochs	2.0
1910.155680076294	0.013519999999971333	epochs	3.0
1910.169200076294	0.013599999999996726	epochs	3.0
1910.182800076294	0.026880000000119253	epochs	2.0
1910.182800076294	0.01343999999994594	epochs	3.0
1910.1962400762939	0.013440000000173313	epochs	3.0
1910.209680076294	0.026799999999866486	epochs	2.0
1910.209680076294	0.01343999999994594	epochs	3.0
1910.223120076294	0.013359999999920547	epochs	3.0
1910.236480076294	0.02656000000001768	epochs	2.0
1910.236480076294	0.013280000000122527	epochs	3.0
1910.249760076294	0.013279999999895153	epochs	3.0
1910.263040076294	0.026479999999992287	epochs	2.0
1910.263040076294	0.013280000000122527	epochs	3.0
1910.276320076294	0.01319999999986976	epochs	3.0
1910.289520076294	0.026240000000143482	epochs	2.0
1910.289520076294	0.013120000000071741	epochs	3.0
1910.302640076294	0.013120000000071741	epochs	3.0
1910.315760076294	0.026159999999890715	epochs	2.0
1910.315760076294	0.013119999999844367	epochs	3.0
1910.328880076294	0.013040000000046348	epochs	3.0
1910.341920076294	0.026000000000067303	epochs	2.0
1910.341920076294	0.013040000000046348	epochs	3.0
1910.354960076294	0.012960000000020955	epochs	3.0
1910.367920076294	0.025759999999991123	epochs	2.0
1910.367920076294	0.012879999999995562	epochs	3.0
1910.380800076294	0.012879999999995562	epochs	3.0
1910.393680076294	0.02567999999996573	epochs	2.0
1910.393680076294	0.012879999999995562	epochs	3.0
1910.406560076294	0.012799999999970169	epochs	3.0
1910.419360076294	0.025519999999914944	epochs	2.0
1910.419360076294	0.012799999999970169	epochs	3.0
1910.432160076294	0.012719999999944775	epochs	3.0
1910.4448800762939	0.02536000000009153	epochs	2.0
1910.4448800762939	0.01272000000017215	epochs	3.0
1910.457600076294	0.012639999999919382	epochs	3.0
1910.470240076294	0.025200000000040745	epochs	2.0
1910.470240076294	0.012639999999919382	epochs	3.0
1910.482880076294	0.012560000000121363	epochs	3.0
1910.495440076294	0.0245599999998376	epochs	2.0
1910.519600076294	0.5	epochs	-1.0
1910.5200000762939	0.5186400000000049	epochs	1.0
1911.0386400762939	0.4812800000001971	epochs	0.0
1917.420000076294	0.09999999999990905	epochs	0.0
1917.420000076294	0.044959999999946376	epochs	1.0
1917.464960076294	0.010080000000016298	epochs	1.0
1917.475040076294	0.044959999999946376	epochs	1.0
1917.5200000762939	2.0	epochs	0.0
1919.5200000762939	21.519600000000082	epochs	0.0
1919.5200000762939	1.0	epochs	1.0
1919.5200000762939	0.5	epochs	-1.0
1920.0200000762939	19.9996000000001	epochs	-1.0
1920.5200000762939	20.0	epochs	1.0
1920.5200000762939	8.000000002539309e-05	epochs	2.0
1920.5200800762939	4.356719999999996	epochs	-1.0
1920.5200800762939	1.9745600000001104	epochs	2.0
1920.5200800762939	1.098560000000134	epochs	3.0
1921.618640076294	0.8759999999999764	epochs	3.0
1922.494640076294	1.3523999999999887	epochs	2.0
1922.494640076294	0.7286400000000413	epochs	3.0
1923.223280076294	0.6237599999999475	epochs	3.0
1923.847040076294	1.0297599999998965	epochs	2.0
1923.847040076294	0.5453600000000733	epochs	3.0
1924.392400076294	0.4843999999998232	epochs	3.0
1924.8768000762939	0.8317600000000311	epochs	2.0
1924.8768000762939	0.435760000000073	epochs	3.0
1925.312560076294	0.39599999999995816	epochs	3.0
1925.708560076294	0.697840000000042	epochs	2.0
1925.708560076294	0.362880000000132	epochs	3.0
1926.071440076294	0.33495999999991	epochs	3.0
1926.406400076294	0.6010400000000118	epochs	2.0
1926.406400076294	0.3108799999999974	epochs	3.0
1926.717280076294	0.2901600000000144	epochs	3.0
1927.007440076294	0.5278399999999692	epochs	2.0
1927.007440076294	0.2719199999999091	epochs	3.0
1927.2793600762939	0.2559200000000601	epochs	3.0
1927.535280076294	0.47064000000000306	epochs	2.0
1927.535280076294	0.2416800000000876	epochs	3.0
1927.776960076294	0.22895999999991545	epochs	3.0
1928.005920076294	0.42455999999992855	epochs	2.0
1928.005920076294	0.2174400000001242	epochs	3.0
1928.223360076294	0.20711999999980435	epochs	3.0
1928.4304800762939	0.3867200000001958	epochs	2.0
1928.4304800762939	0.1976799999999912	epochs	3.0
1928.6281600762939	0.1890400000002046	epochs	3.0
1928.817200076294	0.3551199999999426	epochs	2.0
1928.817200076294	0.1811999999999898	epochs	3.0
1928.998400076294	0.17391999999995278	epochs	3.0
1929.172320076294	0.3282400000000507	epochs	2.0
1929.172320076294	0.16719999999986612	epochs	3.0
1929.3395200762939	0.1610400000001846	epochs	3.0
1929.500560076294	0.3051999999997861	epochs	2.0
1929.500560076294	0.1552799999999479	epochs	3.0
1929.655840076294	0.14991999999983818	epochs	3.0
1929.8057600762938	0.28512000000000626	epochs	2.0
1929.8057600762938	0.1448800000000574	epochs	3.0
1929.950640076294	0.14023999999994885	epochs	3.0
1930.0908800762938	0.2675200000001041	epochs	2.0
1930.0908800762938	0.13584000000014385	epochs	3.0
1930.226720076294	0.13167999999996027	epochs	3.0
1930.358400076294	0.2520799999999781	epochs	2.0
1930.358400076294	0.12784000000010565	epochs	3.0
1930.486240076294	0.12423999999987245	epochs	3.0
1930.610480076294	0.23816000000010717	epochs	2.0
1930.610480076294	0.1207200000001194	epochs	3.0
1930.731200076294	0.11743999999998778	epochs	3.0
1930.848640076294	0.22583999999983462	epochs	2.0
1930.848640076294	0.11439999999993233	epochs	3.0
1930.963040076294	0.11143999999990228	epochs	3.0
1931.0744800762939	0.21464000000014494	epochs	2.0
1931.0744800762939	0.1086400000001504	epochs	3.0
1931.183120076294	0.10599999999999454	epochs	3.0
1931.289120076294	0.20447999999987587	epochs	2.0
1931.289120076294	0.10343999999986409	epochs	3.0
1931.3925600762939	0.10104000000001179	epochs	3.0
1931.493600076294	0.1953600000001643	epochs	2.0
1931.493600076294	0.0987999999999829	epochs	3.0
1931.5924000762939	0.09656000000018139	epochs	3.0
1931.688960076294	0.18695999999999913	epochs	2.0
1931.688960076294	0.09447999999997592	epochs	3.0
1931.783440076294	0.09248000000002321	epochs	3.0
1931.875920076294	0.17919999999980973	epochs	2.0
1931.875920076294	0.09047999999984313	epochs	3.0
1931.966400076294	0.0887199999999666	epochs	3.0
1932.0551200762939	0.17208000000005086	epochs	2.0
1932.0551200762939	0.08688000000006468	epochs	3.0
1932.142000076294	0.08519999999998618	epochs	3.0
1932.227200076294	0.165520000000015	epochs	2.0
1932.227200076294	0.08359999999993306	epochs	3.0
1932.3108000762938	0.08192000000008193	epochs	3.0
1932.392720076294	0.1595199999999295	epochs	2.0
1932.392720076294	0.0804800000000796	epochs	3.0
1932.473200076294	0.0790399999998499	epochs	3.0
1932.5522400762939	0.15376000000014756	epochs	2.0
1932.5522400762939	0.07760000000007494	epochs	3.0
1932.629840076294	0.07616000000007261	epochs	3.0
1932.706000076294	0.14855999999986125	epochs	2.0
1932.706000076294	0.07495999999991909	epochs	3.0
1932.780960076294	0.07359999999994216	epochs	3.0
1932.8545600762939	0.14368000000013126	epochs	2.0
1932.8545600762939	0.0724800000000414	epochs	3.0
1932.927040076294	0.07120000000008986	epochs	3.0
1932.998240076294	0.1390400000000227	epochs	2.0
1932.998240076294	0.07007999999996173	epochs	3.0
1933.068320076294	0.06896000000006097	epochs	3.0
1933.137280076294	0.13472000000001572	epochs	2.0
1933.137280076294	0.06791999999995824	epochs	3.0
1933.205200076294	0.06680000000005748	epochs	3.0
1933.272000076294	0.13071999999988293	epochs	2.0
1933.272000076294	0.06583999999998014	epochs	3.0
1933.337840076294	0.0648799999999028	epochs	3.0
1933.402720076294	0.1268000000000029	epochs	2.0
1933.402720076294	0.06384000000002743	epochs	3.0
1933.466560076294	0.06295999999997548	epochs	3.0
1933.529520076294	0.12328000000002248	epochs	2.0
1933.529520076294	0.06207999999992353	epochs	3.0
1933.5916000762938	0.06120000000009895	epochs	3.0
1933.652800076294	0.11984000000006745	epochs	2.0
1933.652800076294	0.060320000000047	epochs	3.0
1933.713120076294	0.059520000000020445	epochs	3.0
1933.772640076294	0.11663999999996122	epochs	2.0
1933.772640076294	0.05871999999999389	epochs	3.0
1933.831360076294	0.05791999999996733	epochs	3.0
1933.889280076294	0.11359999999990578	epochs	2.0
1933.889280076294	0.05719999999996617	epochs	3.0
1933.946480076294	0.05639999999993961	epochs	3.0
1934.0028800762939	0.1107200000001285	epochs	2.0
1934.0028800762939	0.05568000000016582	epochs	3.0
1934.058560076294	0.055039999999962674	epochs	3.0
1934.113600076294	0.10791999999992186	epochs	2.0
1934.113600076294	0.05423999999993612	epochs	3.0
1934.167840076294	0.05367999999998574	epochs	3.0
1934.221520076294	0.10527999999999338	epochs	2.0
1934.221520076294	0.052959999999984575	epochs	3.0
1934.274480076294	0.052320000000008804	epochs	3.0
1934.326800076294	0.10287999999991371	epochs	2.0
1934.326800076294	0.051760000000058426	epochs	3.0
1934.378560076294	0.05111999999985528	epochs	3.0
1934.4296800762938	0.10040000000003602	epochs	2.0
1934.4296800762938	0.050480000000106884	epochs	3.0
1934.480160076294	0.04991999999992913	epochs	3.0
1934.5300800762939	0.09824000000003252	epochs	2.0
1934.5300800762939	0.049359999999978754	epochs	3.0
1934.5794400762938	0.04888000000005377	epochs	3.0
1934.628320076294	0.09600000000000364	epochs	2.0
1934.628320076294	0.048240000000078	epochs	3.0
1934.676560076294	0.04775999999992564	epochs	3.0
1934.724320076294	0.09392000000002554	epochs	2.0
1934.724320076294	0.04719999999997526	epochs	3.0
1934.7715200762939	0.04672000000005028	epochs	3.0
1934.818240076294	0.09192000000007283	epochs	2.0
1934.818240076294	0.0461600000000999	epochs	3.0
1934.864400076294	0.04575999999997293	epochs	3.0
1934.910160076294	0.09007999999994354	epochs	2.0
1934.910160076294	0.04528000000004795	epochs	3.0
1934.955440076294	0.04479999999989559	epochs	3.0
1935.000240076294	0.08816000000001623	epochs	2.0
1935.000240076294	0.044319999999970605	epochs	3.0
1935.044560076294	0.04384000000004562	epochs	3.0
1935.088400076294	0.08647999999993772	epochs	2.0
1935.088400076294	0.043439999999918655	epochs	3.0
1935.1318400762939	0.04304000000001906	epochs	3.0
1935.174880076294	0.08472000000006119	epochs	2.0
1935.174880076294	0.04256000000009408	epochs	3.0
1935.217440076294	0.04215999999996711	epochs	3.0
1935.259600076294	0.08320000000003347	epochs	2.0
1935.259600076294	0.04176000000006752	epochs	3.0
1935.301360076294	0.04143999999996595	epochs	3.0
1935.342800076294	0.08151999999995496	epochs	2.0
1935.342800076294	0.040960000000040964	epochs	3.0
1935.383760076294	0.040559999999914	epochs	3.0
1935.424320076294	0.08007999999995263	epochs	2.0
1935.424320076294	0.0402400000000398	epochs	3.0
1935.464560076294	0.039839999999912834	epochs	3.0
1935.504400076294	0.0786399999999503	epochs	2.0
1935.504400076294	0.039520000000038635	epochs	3.0
1935.543920076294	0.03911999999991167	epochs	3.0
1935.5830400762939	0.07720000000017535	epochs	2.0
1935.5830400762939	0.03880000000003747	epochs	3.0
1935.621840076294	0.03840000000013788	epochs	3.0
1935.660240076294	0.07591999999999643	epochs	2.0
1935.660240076294	0.038159999999834326	epochs	3.0
1935.6984000762939	0.03776000000016211	epochs	3.0
1935.736160076294	0.0745600000000195	epochs	2.0
1935.736160076294	0.03743999999983316	epochs	3.0
1935.7736000762939	0.03712000000018634	epochs	3.0
1935.810720076294	0.07335999999986598	epochs	2.0
1935.810720076294	0.03679999999985739	epochs	3.0
1935.847520076294	0.036560000000008586	epochs	3.0
1935.884080076294	0.07208000000014181	epochs	2.0
1935.884080076294	0.036160000000108994	epochs	3.0
1935.920240076294	0.035920000000032815	epochs	3.0
1935.956160076294	0.07087999999998829	epochs	2.0
1935.956160076294	0.03559999999993124	epochs	3.0
1935.991760076294	0.035280000000057044	epochs	3.0
1936.027040076294	0.06983999999988555	epochs	2.0
1936.027040076294	0.035039999999980864	epochs	3.0
1936.062080076294	0.034799999999904685	epochs	3.0
1936.096880076294	0.0686399999999594	epochs	2.0
1936.096880076294	0.034480000000030486	epochs	3.0
1936.131360076294	0.034159999999928914	epochs	3.0
1936.165520076294	0.06760000000008404	epochs	2.0
1936.165520076294	0.03392000000008011	epochs	3.0
1936.199440076294	0.03368000000000393	epochs	3.0
1936.233120076294	0.0665599999999813	epochs	2.0
1936.233120076294	0.03343999999992775	epochs	3.0
1936.266560076294	0.03312000000005355	epochs	3.0
1936.299680076294	0.06559999999990396	epochs	2.0
1936.299680076294	0.032960000000002765	epochs	3.0
1936.332640076294	0.03263999999990119	epochs	3.0
1936.3652800762939	0.0645600000000286	epochs	2.0
1936.3652800762939	0.03240000000005239	epochs	3.0
1936.397680076294	0.03215999999997621	epochs	3.0
1936.4298400762939	0.06367999999997664	epochs	2.0
1936.4298400762939	0.032000000000152795	epochs	3.0
1936.461840076294	0.03167999999982385	epochs	3.0
1936.4935200762939	0.06272000000012667	epochs	2.0
1936.4935200762939	0.03143999999997504	epochs	3.0
1936.5249600762938	0.03128000000015163	epochs	3.0
1936.556240076294	0.06183999999984735	epochs	2.0
1936.556240076294	0.031039999999848078	epochs	3.0
1936.5872800762938	0.030799999999999272	epochs	3.0
1936.6180800762938	0.060960000000022774	epochs	2.0
1936.6180800762938	0.030560000000150467	epochs	3.0
1936.648640076294	0.030399999999872307	epochs	3.0
1936.6790400762939	0.060159999999996217	epochs	2.0
1936.6790400762939	0.0301600000000235	epochs	3.0
1936.7092000762939	0.029999999999972715	epochs	3.0
1936.7392000762939	0.05928000000017164	epochs	2.0
1936.7392000762939	0.029680000000098516	epochs	3.0
1936.768880076294	0.029600000000073123	epochs	3.0
1936.798480076294	0.05847999999991771	epochs	2.0
1936.798480076294	0.029359999999996944	epochs	3.0
1936.827840076294	0.029119999999920765	epochs	3.0
1936.856960076294	0.057759999999916545	epochs	2.0
1936.856960076294	0.028960000000097352	epochs	3.0
1936.885920076294	0.028799999999819192	epochs	3.0
1936.9147200762939	0.05696000000011736	epochs	2.0
1936.9147200762939	0.028559999999970387	epochs	3.0
1936.9432800762938	0.028400000000146974	epochs	3.0
1936.971680076294	0.05623999999988882	epochs	2.0
1936.971680076294	0.028160000000070795	epochs	3.0
1936.999840076294	0.02807999999981803	epochs	3.0
1937.0279200762939	0.05544000000008964	epochs	2.0
1937.0279200762939	0.027839999999969223	epochs	3.0
1937.0557600762938	0.027600000000120417	epochs	3.0
1937.083360076294	0.05487999999991189	epochs	2.0
1937.083360076294	0.027520000000095024	epochs	3.0
1937.110880076294	0.027359999999816864	epochs	3.0
1937.1382400762939	0.054080000000112705	epochs	2.0
1937.1382400762939	0.02711999999996806	epochs	3.0
1937.1653600762938	0.026960000000144646	epochs	3.0
1937.192320076294	0.05343999999990956	epochs	2.0
1937.192320076294	0.026799999999866486	epochs	3.0
1937.2191200762938	0.026640000000043074	epochs	3.0
1937.245760076294	0.05287999999995918	epochs	2.0
1937.245760076294	0.026479999999992287	epochs	3.0
1937.2722400762939	0.026399999999966894	epochs	3.0
1937.2986400762939	0.05216000000018539	epochs	2.0
1937.2986400762939	0.02616000000011809	epochs	3.0
1937.324800076294	0.026000000000067303	epochs	3.0
1937.350800076294	0.05151999999998225	epochs	2.0
1937.350800076294	0.025840000000016516	epochs	3.0
1937.376640076294	0.02567999999996573	epochs	3.0
1937.402320076294	0.05096000000003187	epochs	2.0
1937.402320076294	0.025599999999940337	epochs	3.0
1937.427920076294	0.02536000000009153	epochs	3.0
1937.453280076294	0.05039999999985412	epochs	2.0
1937.453280076294	0.025279999999838765	epochs	3.0
1937.478560076294	0.025120000000015352	epochs	3.0
1937.503680076294	0.04976000000010572	epochs	2.0
1937.503680076294	0.024959999999964566	epochs	3.0
1937.5286400762939	0.024800000000141154	epochs	3.0
1937.553440076294	0.04919999999992797	epochs	2.0
1937.553440076294	0.024639999999862994	epochs	3.0
1937.5780800762939	0.024560000000064974	epochs	3.0
1937.602640076294	0.04872000000000298	epochs	2.0
1937.602640076294	0.024400000000014188	epochs	3.0
1937.627040076294	0.024319999999988795	epochs	3.0
1937.651360076294	0.04808000000002721	epochs	2.0
1937.651360076294	0.024079999999912616	epochs	3.0
1937.6754400762939	0.024000000000114596	epochs	3.0
1937.699440076294	0.047599999999874854	epochs	2.0
1937.699440076294	0.02384000000006381	epochs	3.0
1937.723280076294	0.023759999999811043	epochs	3.0
1937.7470400762938	0.04712000000017724	epochs	2.0
1937.7470400762938	0.023600000000215005	epochs	3.0
1937.770640076294	0.023519999999962238	epochs	3.0
1937.794160076294	0.04655999999999949	epochs	2.0
1937.794160076294	0.02335999999991145	epochs	3.0
1937.817520076294	0.02320000000008804	epochs	3.0
1937.840720076294	0.04607999999984713	epochs	2.0
1937.840720076294	0.023119999999835272	epochs	3.0
1937.8638400762939	0.02296000000001186	epochs	3.0
1937.8868000762939	0.04560000000014952	epochs	2.0
1937.8868000762939	0.022879999999986467	epochs	3.0
1937.9096800762939	0.022720000000163054	epochs	3.0
1937.932400076294	0.04511999999999716	epochs	2.0
1937.932400076294	0.022639999999910287	epochs	3.0
1937.955040076294	0.022480000000086875	epochs	3.0
1937.977520076294	0.044639999999844804	epochs	2.0
1937.977520076294	0.022399999999834108	epochs	3.0
1937.9999200762938	0.022240000000010696	epochs	3.0
1938.0221600762939	0.044240000000172586	epochs	2.0
1938.0221600762939	0.022159999999985303	epochs	3.0
1938.0443200762938	0.022080000000187283	epochs	3.0
1938.066400076294	0.04376000000002023	epochs	2.0
1938.066400076294	0.021919999999909123	epochs	3.0
1938.088320076294	0.021840000000111104	epochs	3.0
1938.110160076294	0.04335999999989326	epochs	2.0
1938.110160076294	0.021759999999858337	epochs	3.0
1938.131920076294	0.021600000000034925	epochs	3.0
1938.153520076294	0.04287999999996828	epochs	2.0
1938.153520076294	0.02143999999998414	epochs	3.0
1938.174960076294	0.02143999999998414	epochs	3.0
1938.196400076294	0.042480000000068685	epochs	2.0
1938.196400076294	0.021279999999933352	epochs	3.0
1938.2176800762938	0.021200000000135333	epochs	3.0
1938.238880076294	0.04207999999994172	epochs	2.0
1938.238880076294	0.021039999999857173	epochs	3.0
1938.2599200762938	0.021040000000084547	epochs	3.0
1938.280960076294	0.04168000000004213	epochs	2.0
1938.280960076294	0.02088000000003376	epochs	3.0
1938.301840076294	0.020800000000008367	epochs	3.0
1938.322640076294	0.04119999999988977	epochs	2.0
1938.322640076294	0.02063999999995758	epochs	3.0
1938.343280076294	0.020559999999932188	epochs	3.0
1938.3638400762939	0.04088000000001557	epochs	2.0
1938.3638400762939	0.020560000000159562	epochs	3.0
1938.384400076294	0.02031999999985601	epochs	3.0
1938.4047200762939	0.04056000000014137	epochs	2.0
1938.4047200762939	0.020320000000083382	epochs	3.0
1938.425040076294	0.02024000000005799	epochs	3.0
1938.445280076294	0.04007999999998901	epochs	2.0
1938.445280076294	0.020080000000007203	epochs	3.0
1938.465360076294	0.01999999999998181	epochs	3.0
1938.485360076294	0.03975999999988744	epochs	2.0
1938.485360076294	0.019919999999956417	epochs	3.0
1938.505280076294	0.019839999999931024	epochs	3.0
1938.525120076294	0.03944000000001324	epochs	2.0
1938.525120076294	0.019760000000133005	epochs	3.0
1938.544880076294	0.019679999999880238	epochs	3.0
1938.564560076294	0.03904000000011365	epochs	2.0
1938.564560076294	0.019520000000056825	epochs	3.0
1938.584080076294	0.019520000000056825	epochs	3.0
1938.603600076294	0.038639999999986685	epochs	2.0
1938.603600076294	0.01936000000000604	epochs	3.0
1938.622960076294	0.019279999999980646	epochs	3.0
1938.642240076294	0.038399999999910506	epochs	2.0
1938.642240076294	0.019279999999980646	epochs	3.0
1938.661520076294	0.01911999999992986	epochs	3.0
1938.680640076294	0.038000000000010914	epochs	2.0
1938.680640076294	0.01904000000013184	epochs	3.0
1938.699680076294	0.018959999999879074	epochs	3.0
1938.718640076294	0.03767999999990934	epochs	2.0
1938.718640076294	0.018880000000081054	epochs	3.0
1938.737520076294	0.018799999999828287	epochs	3.0
1938.7563200762938	0.03736000000003514	epochs	2.0
1938.7563200762938	0.018720000000030268	epochs	3.0
1938.7750400762939	0.018640000000004875	epochs	3.0
1938.7936800762939	0.037040000000160944	epochs	2.0
1938.7936800762939	0.018559999999979482	epochs	3.0
1938.8122400762938	0.018480000000181462	epochs	3.0
1938.830720076294	0.036719999999832	epochs	2.0
1938.830720076294	0.018399999999928696	epochs	3.0
1938.849120076294	0.018319999999903303	epochs	3.0
1938.8674400762939	0.03647999999998319	epochs	2.0
1938.8674400762939	0.018240000000105283	epochs	3.0
1938.885680076294	0.01823999999987791	epochs	3.0
1938.9039200762938	0.0360800000000836	epochs	2.0
1938.9039200762938	0.018080000000054497	epochs	3.0
1938.922000076294	0.018000000000029104	epochs	3.0
1938.940000076294	0.03584000000000742	epochs	2.0
1938.940000076294	0.01792000000000371	epochs	3.0
1938.957920076294	0.01792000000000371	epochs	3.0
1938.975840076294	0.03551999999990585	epochs	2.0
1938.975840076294	0.017759999999952925	epochs	3.0
1938.993600076294	0.017759999999952925	epochs	3.0
1939.0113600762938	0.03520000000003165	epochs	2.0
1939.0113600762938	0.017680000000154905	epochs	3.0
1939.029040076294	0.017519999999876745	epochs	3.0
1939.0465600762939	0.034960000000182845	epochs	2.0
1939.0465600762939	0.01752000000010412	epochs	3.0
1939.064080076294	0.017440000000078726	epochs	3.0
1939.081520076294	0.03471999999987929	epochs	2.0
1939.081520076294	0.017439999999851352	epochs	3.0
1939.098960076294	0.01728000000002794	epochs	3.0
1939.116240076294	0.03440000000000509	epochs	2.0
1939.116240076294	0.017200000000002547	epochs	3.0
1939.133440076294	0.017200000000002547	epochs	3.0
1939.150640076294	0.034159999999928914	epochs	2.0
1939.150640076294	0.017119999999977153	epochs	3.0
1939.167760076294	0.01703999999995176	epochs	3.0
1939.1848000762939	0.033840000000054715	epochs	2.0
1939.1848000762939	0.01696000000015374	epochs	3.0
1939.201760076294	0.016879999999900974	epochs	3.0
1939.218640076294	0.033599999999978536	epochs	2.0
1939.218640076294	0.016800000000102955	epochs	3.0
1939.235440076294	0.01679999999987558	epochs	3.0
1939.252240076294	0.03336000000012973	epochs	2.0
1939.252240076294	0.01672000000007756	epochs	3.0
1939.268960076294	0.01664000000005217	epochs	3.0
1939.285600076294	0.03311999999982618	epochs	2.0
1939.285600076294	0.016560000000026776	epochs	3.0
1939.302160076294	0.016559999999799402	epochs	3.0
1939.3187200762939	0.03280000000017935	epochs	2.0
1939.3187200762939	0.016400000000203363	epochs	3.0
1939.335120076294	0.01639999999997599	epochs	3.0
1939.351520076294	0.0325599999998758	epochs	2.0
1939.351520076294	0.016319999999950596	epochs	3.0
1939.367840076294	0.016239999999925203	epochs	3.0
1939.384080076294	0.03240000000005239	epochs	2.0
1939.384080076294	0.016239999999925203	epochs	3.0
1939.4003200762938	0.016160000000127184	epochs	3.0
1939.416480076294	0.032079999999950815	epochs	2.0
1939.416480076294	0.016079999999874417	epochs	3.0
1939.4325600762938	0.016000000000076398	epochs	3.0
1939.448560076294	0.0319200000001274	epochs	2.0
1939.448560076294	0.016000000000076398	epochs	3.0
1939.464560076294	0.015920000000051004	epochs	3.0
1939.480480076294	0.031599999999798456	epochs	2.0
1939.480480076294	0.015839999999798238	epochs	3.0
1939.4963200762938	0.01576000000000022	epochs	3.0
1939.5120800762938	0.03144000000020242	epochs	2.0
1939.5120800762938	0.01576000000000022	epochs	3.0
1939.5278400762938	0.0156800000002022	epochs	3.0
1939.543520076294	0.031199999999898864	epochs	2.0
1939.543520076294	0.015599999999949432	epochs	3.0
1939.559120076294	0.015599999999949432	epochs	3.0
1939.574720076294	0.03096000000005006	epochs	2.0
1939.574720076294	0.015519999999924039	epochs	3.0
1939.5902400762939	0.01544000000012602	epochs	3.0
1939.605680076294	0.03071999999997388	epochs	2.0
1939.605680076294	0.015439999999898646	epochs	3.0
1939.621120076294	0.015280000000075233	epochs	3.0
1939.636400076294	0.030559999999923093	epochs	2.0
1939.636400076294	0.015359999999873253	epochs	3.0
1939.6517600762938	0.01520000000004984	epochs	3.0
1939.666960076294	0.030320000000074288	epochs	2.0
1939.666960076294	0.01520000000004984	epochs	3.0
1939.682160076294	0.015120000000024447	epochs	3.0
1939.697280076294	0.030079999999998108	epochs	2.0
1939.697280076294	0.015120000000024447	epochs	3.0
1939.712400076294	0.014959999999973661	epochs	3.0
1939.727360076294	0.029919999999947322	epochs	2.0
1939.727360076294	0.015039999999999054	epochs	3.0
1939.742400076294	0.014879999999948268	epochs	3.0
1939.757280076294	0.029680000000098516	epochs	2.0
1939.757280076294	0.014879999999948268	epochs	3.0
1939.7721600762939	0.014800000000150249	epochs	3.0
1939.786960076294	0.02952000000004773	epochs	2.0
1939.786960076294	0.014799999999922875	epochs	3.0
1939.801760076294	0.014720000000124855	epochs	3.0
1939.816480076294	0.02927999999997155	epochs	2.0
1939.816480076294	0.014719999999897482	epochs	3.0
1939.831200076294	0.01456000000007407	epochs	3.0
1939.845760076294	0.029119999999920765	epochs	2.0
1939.845760076294	0.014639999999872089	epochs	3.0
1939.860400076294	0.014480000000048676	epochs	3.0
1939.874880076294	0.028960000000097352	epochs	2.0
1939.874880076294	0.014480000000048676	epochs	3.0
1939.889360076294	0.014480000000048676	epochs	3.0
1939.903840076294	0.02863999999999578	epochs	2.0
1939.903840076294	0.01431999999999789	epochs	3.0
1939.918160076294	0.01431999999999789	epochs	3.0
1939.932480076294	0.028559999999970387	epochs	2.0
1939.932480076294	0.01431999999999789	epochs	3.0
1939.946800076294	0.014239999999972497	epochs	3.0
1939.961040076294	0.028319999999894208	epochs	2.0
1939.961040076294	0.014159999999947104	epochs	3.0
1939.975200076294	0.014159999999947104	epochs	3.0
1939.989360076294	0.028160000000070795	epochs	2.0
1939.989360076294	0.014159999999947104	epochs	3.0
1940.0035200762939	0.014000000000123691	epochs	3.0
1940.017520076294	0.02800000000002001	epochs	2.0
1940.017520076294	0.013999999999896318	epochs	3.0
1940.0315200762939	0.014000000000123691	epochs	3.0
1940.045520076294	0.02775999999994383	epochs	2.0
1940.045520076294	0.013919999999870925	epochs	3.0
1940.0594400762939	0.013840000000072905	epochs	3.0
1940.073280076294	0.027679999999918437	epochs	2.0
1940.073280076294	0.013840000000072905	epochs	3.0
1940.087120076294	0.013839999999845531	epochs	3.0
1940.1009600762939	0.02744000000006963	epochs	2.0
1940.1009600762939	0.013760000000047512	epochs	3.0
1940.114720076294	0.013680000000022119	epochs	3.0
1940.128400076294	0.027280000000018845	epochs	2.0
1940.128400076294	0.013680000000022119	epochs	3.0
1940.142080076294	0.013599999999996726	epochs	3.0
1940.155680076294	0.02711999999996806	epochs	2.0
1940.155680076294	0.013519999999971333	epochs	3.0
1940.169200076294	0.013599999999996726	epochs	3.0
1940.182800076294	0.026880000000119253	epochs	2.0
1940.182800076294	0.01343999999994594	epochs	3.0
1940.1962400762939	0.013440000000173313	epochs	3.0
1940.209680076294	0.026799999999866486	epochs	2.0
1940.209680076294	0.01343999999994594	epochs	3.0
1940.223120076294	0.013359999999920547	epochs	3.0
1940.236480076294	0.02656000000001768	epochs	2.0
1940.236480076294	0.013280000000122527	epochs	3.0
1940.249760076294	0.013279999999895153	epochs	3.0
1940.263040076294	0.026479999999992287	epochs	2.0
1940.263040076294	0.013280000000122527	epochs	3.0
1940.276320076294	0.01319999999986976	epochs	3.0
1940.289520076294	0.026240000000143482	epochs	2.0
1940.289520076294	0.013120000000071741	epochs	3.0
1940.302640076294	0.013120000000071741	epochs	3.0
1940.315760076294	0.026159999999890715	epochs	2.0
1940.315760076294	0.013119999999844367	epochs	3.0
1940.328880076294	0.013040000000046348	epochs	3.0
1940.341920076294	0.026000000000067303	epochs	2.0
1940.341920076294	0.013040000000046348	epochs	3.0
1940.354960076294	0.012960000000020955	epochs	3.0
1940.367920076294	0.025759999999991123	epochs	2.0
1940.367920076294	0.012879999999995562	epochs	3.0
1940.380800076294	0.012879999999995562	epochs	3.0
1940.393680076294	0.02567999999996573	epochs	2.0
1940.393680076294	0.012879999999995562	epochs	3.0
1940.406560076294	0.012799999999970169	epochs	3.0
1940.419360076294	0.025519999999914944	epochs	2.0
1940.419360076294	0.012799999999970169	epochs	3.0
1940.432160076294	0.012719999999944775	epochs	3.0
1940.4448800762939	0.02536000000009153	epochs	2.0
1940.4448800762939	0.01272000000017215	epochs	3.0
1940.457600076294	0.012639999999919382	epochs	3.0
1940.470240076294	0.025200000000040745	epochs	2.0
1940.470240076294	0.012639999999919382	epochs	3.0
1940.482880076294	0.012560000000121363	epochs	3.0
1940.495440076294	0.0245599999998376	epochs	2.0
1940.519600076294	0.5	epochs	-1.0
1940.5200000762939	0.5196000000000822	epochs	1.0
1941.039600076294	0.48032000000011976	epochs	0.0
1957.5690002441406	0.09999999999990905	epochs	0.0
1957.5690002441406	0.044959999999946376	epochs	1.0
1957.6139602441406	0.010080000000016298	epochs	1.0
1957.6240402441406	0.044959999999946376	epochs	1.0
1957.6690002441405	2.0	epochs	0.0
1959.6690002441405	21.519360000000006	epochs	0.0
1959.6690002441405	1.0	epochs	1.0
1959.6690002441405	0.5	epochs	-1.0
1960.1690002441405	19.9996000000001	epochs	-1.0
1960.6690002441405	20.0	epochs	1.0
1960.6690002441405	8.000000002539309e-05	epochs	2.0
1960.6690802441406	4.356719999999996	epochs	-1.0
1960.6690802441406	1.9745600000001104	epochs	2.0
1960.6690802441406	1.098560000000134	epochs	3.0
1961.7676402441407	0.8759999999999764	epochs	3.0
1962.6436402441407	1.3523999999999887	epochs	2.0
1962.6436402441407	0.7286400000000413	epochs	3.0
1963.3722802441407	0.6237599999999475	epochs	3.0
1963.9960402441407	1.0297599999998965	epochs	2.0
1963.9960402441407	0.5453600000000733	epochs	3.0
1964.5414002441407	0.4843999999998232	epochs	3.0
1965.0258002441406	0.8317600000000311	epochs	2.0
1965.0258002441406	0.435760000000073	epochs	3.0
1965.4615602441406	0.39599999999995816	epochs	3.0
1965.8575602441406	0.697840000000042	epochs	2.0
1965.8575602441406	0.362880000000132	epochs	3.0
1966.2204402441407	0.33495999999991	epochs	3.0
1966.5554002441406	0.6010400000000118	epochs	2.0
1966.5554002441406	0.3108799999999974	epochs	3.0
1966.8662802441406	0.2901600000000144	epochs	3.0
1967.1564402441406	0.5278399999999692	epochs	2.0
1967.1564402441406	0.2719199999999091	epochs	3.0
1967.4283602441405	0.2559200000000601	epochs	3.0
1967.6842802441406	0.47064000000000306	epochs	2.0
1967.6842802441406	0.2416800000000876	epochs	3.0
1967.9259602441407	0.22895999999991545	epochs	3.0
1968.1549202441406	0.42455999999992855	epochs	2.0
1968.1549202441406	0.2174400000001242	epochs	3.0
1968.3723602441407	0.20711999999980435	epochs	3.0
1968.5794802441405	0.3867200000001958	epochs	2.0
1968.5794802441405	0.1976799999999912	epochs	3.0
1968.7771602441405	0.1890400000002046	epochs	3.0
1968.9662002441407	0.3551199999999426	epochs	2.0
1968.9662002441407	0.1811999999999898	epochs	3.0
1969.1474002441407	0.17391999999995278	epochs	3.0
1969.3213202441407	0.3282400000000507	epochs	2.0
1969.3213202441407	0.16719999999986612	epochs	3.0
1969.4885202441405	0.1610400000001846	epochs	3.0
1969.6495602441407	0.3051999999997861	epochs	2.0
1969.6495602441407	0.1552799999999479	epochs	3.0
1969.8048402441407	0.14991999999983818	epochs	3.0
1969.9547602441405	0.28512000000000626	epochs	2.0
1969.9547602441405	0.1448800000000574	epochs	3.0
1970.0996402441406	0.14023999999994885	epochs	3.0
1970.2398802441405	0.2675200000001041	epochs	2.0
1970.2398802441405	0.13584000000014385	epochs	3.0
1970.3757202441407	0.13167999999996027	epochs	3.0
1970.5074002441406	0.2520799999999781	epochs	2.0
1970.5074002441406	0.12784000000010565	epochs	3.0
1970.6352402441407	0.12423999999987245	epochs	3.0
1970.7594802441406	0.23816000000010717	epochs	2.0
1970.7594802441406	0.1207200000001194	epochs	3.0
1970.8802002441407	0.11743999999998778	epochs	3.0
1970.9976402441407	0.22583999999983462	epochs	2.0
1970.9976402441407	0.11439999999993233	epochs	3.0
1971.1120402441406	0.11143999999990228	epochs	3.0
1971.2234802441405	0.21464000000014494	epochs	2.0
1971.2234802441405	0.1086400000001504	epochs	3.0
1971.3321202441407	0.10599999999999454	epochs	3.0
1971.4381202441407	0.20447999999987587	epochs	2.0
1971.4381202441407	0.10343999999986409	epochs	3.0
1971.5415602441406	0.10104000000001179	epochs	3.0
1971.6426002441406	0.1953600000001643	epochs	2.0
1971.6426002441406	0.0987999999999829	epochs	3.0
1971.7414002441406	0.09656000000018139	epochs	3.0
1971.8379602441407	0.18695999999999913	epochs	2.0
1971.8379602441407	0.09447999999997592	epochs	3.0
1971.9324402441407	0.09248000000002321	epochs	3.0
1972.0249202441407	0.17919999999980973	epochs	2.0
1972.0249202441407	0.09047999999984313	epochs	3.0
1972.1154002441406	0.0887199999999666	epochs	3.0
1972.2041202441405	0.17208000000005086	epochs	2.0
1972.2041202441405	0.08688000000006468	epochs	3.0
1972.2910002441406	0.08519999999998618	epochs	3.0
1972.3762002441406	0.165520000000015	epochs	2.0
1972.3762002441406	0.08359999999993306	epochs	3.0
1972.4598002441405	0.08192000000008193	epochs	3.0
1972.5417202441406	0.1595199999999295	epochs	2.0
1972.5417202441406	0.0804800000000796	epochs	3.0
1972.6222002441407	0.0790399999998499	epochs	3.0
1972.7012402441405	0.15376000000014756	epochs	2.0
1972.7012402441405	0.07760000000007494	epochs	3.0
1972.7788402441406	0.07616000000007261	epochs	3.0
1972.8550002441407	0.14855999999986125	epochs	2.0
1972.8550002441407	0.07495999999991909	epochs	3.0
1972.9299602441406	0.07359999999994216	epochs	3.0
1973.0035602441405	0.14368000000013126	epochs	2.0
1973.0035602441405	0.0724800000000414	epochs	3.0
1973.0760402441406	0.07120000000008986	epochs	3.0
1973.1472402441407	0.1390400000000227	epochs	2.0
1973.1472402441407	0.07007999999996173	epochs	3.0
1973.2173202441406	0.06896000000006097	epochs	3.0
1973.2862802441407	0.13472000000001572	epochs	2.0
1973.2862802441407	0.06791999999995824	epochs	3.0
1973.3542002441407	0.06680000000005748	epochs	3.0
1973.4210002441407	0.13071999999988293	epochs	2.0
1973.4210002441407	0.06583999999998014	epochs	3.0
1973.4868402441407	0.0648799999999028	epochs	3.0
1973.5517202441406	0.1268000000000029	epochs	2.0
1973.5517202441406	0.06384000000002743	epochs	3.0
1973.6155602441406	0.06295999999997548	epochs	3.0
1973.6785202441406	0.12328000000002248	epochs	2.0
1973.6785202441406	0.06207999999992353	epochs	3.0
1973.7406002441405	0.06120000000009895	epochs	3.0
1973.8018002441406	0.11984000000006745	epochs	2.0
1973.8018002441406	0.060320000000047	epochs	3.0
1973.8621202441407	0.059520000000020445	epochs	3.0
1973.9216402441407	0.11663999999996122	epochs	2.0
1973.9216402441407	0.05871999999999389	epochs	3.0
1973.9803602441407	0.05791999999996733	epochs	3.0
1974.0382802441407	0.11359999999990578	epochs	2.0
1974.0382802441407	0.05719999999996617	epochs	3.0
1974.0954802441406	0.05639999999993961	epochs	3.0
1974.1518802441406	0.1107200000001285	epochs	2.0
1974.1518802441406	0.05568000000016582	epochs	3.0
1974.2075602441407	0.055039999999962674	epochs	3.0
1974.2626002441407	0.10791999999992186	epochs	2.0
1974.2626002441407	0.05423999999993612	epochs	3.0
1974.3168402441406	0.05367999999998574	epochs	3.0
1974.3705202441406	0.10527999999999338	epochs	2.0
1974.3705202441406	0.052959999999984575	epochs	3.0
1974.4234802441406	0.052320000000008804	epochs	3.0
1974.4758002441406	0.10287999999991371	epochs	2.0
1974.4758002441406	0.051760000000058426	epochs	3.0
1974.5275602441407	0.05111999999985528	epochs	3.0
1974.5786802441405	0.10040000000003602	epochs	2.0
1974.5786802441405	0.050480000000106884	epochs	3.0
1974.6291602441406	0.04991999999992913	epochs	3.0
1974.6790802441406	0.09824000000003252	epochs	2.0
1974.6790802441406	0.049359999999978754	epochs	3.0
1974.7284402441405	0.04888000000005377	epochs	3.0
1974.7773202441406	0.09600000000000364	epochs	2.0
1974.7773202441406	0.048240000000078	epochs	3.0
1974.8255602441407	0.04775999999992564	epochs	3.0
1974.8733202441406	0.09392000000002554	epochs	2.0
1974.8733202441406	0.04719999999997526	epochs	3.0
1974.9205202441406	0.04672000000005028	epochs	3.0
1974.9672402441406	0.09192000000007283	epochs	2.0
1974.9672402441406	0.0461600000000999	epochs	3.0
1975.0134002441407	0.04575999999997293	epochs	3.0
1975.0591602441407	0.09007999999994354	epochs	2.0
1975.0591602441407	0.04528000000004795	epochs	3.0
1975.1044402441407	0.04479999999989559	epochs	3.0
1975.1492402441406	0.08816000000001623	epochs	2.0
1975.1492402441406	0.044319999999970605	epochs	3.0
1975.1935602441406	0.04384000000004562	epochs	3.0
1975.2374002441406	0.08647999999993772	epochs	2.0
1975.2374002441406	0.043439999999918655	epochs	3.0
1975.2808402441406	0.04304000000001906	epochs	3.0
1975.3238802441406	0.08472000000006119	epochs	2.0
1975.3238802441406	0.04256000000009408	epochs	3.0
1975.3664402441407	0.04215999999996711	epochs	3.0
1975.4086002441406	0.08320000000003347	epochs	2.0
1975.4086002441406	0.04176000000006752	epochs	3.0
1975.4503602441407	0.04143999999996595	epochs	3.0
1975.4918002441407	0.08151999999995496	epochs	2.0
1975.4918002441407	0.040960000000040964	epochs	3.0
1975.5327602441407	0.040559999999914	epochs	3.0
1975.5733202441406	0.08007999999995263	epochs	2.0
1975.5733202441406	0.0402400000000398	epochs	3.0
1975.6135602441407	0.039839999999912834	epochs	3.0
1975.6534002441406	0.0786399999999503	epochs	2.0
1975.6534002441406	0.039520000000038635	epochs	3.0
1975.6929202441406	0.03911999999991167	epochs	3.0
1975.7320402441405	0.07720000000017535	epochs	2.0
1975.7320402441405	0.03880000000003747	epochs	3.0
1975.7708402441406	0.03840000000013788	epochs	3.0
1975.8092402441407	0.07591999999999643	epochs	2.0
1975.8092402441407	0.038159999999834326	epochs	3.0
1975.8474002441405	0.03776000000016211	epochs	3.0
1975.8851602441407	0.0745600000000195	epochs	2.0
1975.8851602441407	0.03743999999983316	epochs	3.0
1975.9226002441405	0.03712000000018634	epochs	3.0
1975.9597202441407	0.07335999999986598	epochs	2.0
1975.9597202441407	0.03679999999985739	epochs	3.0
1975.9965202441406	0.036560000000008586	epochs	3.0
1976.0330802441406	0.07208000000014181	epochs	2.0
1976.0330802441406	0.036160000000108994	epochs	3.0
1976.0692402441407	0.035920000000032815	epochs	3.0
1976.1051602441407	0.07087999999998829	epochs	2.0
1976.1051602441407	0.03559999999993124	epochs	3.0
1976.1407602441407	0.035280000000057044	epochs	3.0
1976.1760402441407	0.06983999999988555	epochs	2.0
1976.1760402441407	0.035039999999980864	epochs	3.0
1976.2110802441407	0.034799999999904685	epochs	3.0
1976.2458802441406	0.0686399999999594	epochs	2.0
1976.2458802441406	0.034480000000030486	epochs	3.0
1976.2803602441406	0.034159999999928914	epochs	3.0
1976.3145202441406	0.06760000000008404	epochs	2.0
1976.3145202441406	0.03392000000008011	epochs	3.0
1976.3484402441406	0.03368000000000393	epochs	3.0
1976.3821202441407	0.0665599999999813	epochs	2.0
1976.3821202441407	0.03343999999992775	epochs	3.0
1976.4155602441406	0.03312000000005355	epochs	3.0
1976.4486802441406	0.06559999999990396	epochs	2.0
1976.4486802441406	0.032960000000002765	epochs	3.0
1976.4816402441406	0.03263999999990119	epochs	3.0
1976.5142802441405	0.0645600000000286	epochs	2.0
1976.5142802441405	0.03240000000005239	epochs	3.0
1976.5466802441406	0.03215999999997621	epochs	3.0
1976.5788402441406	0.06367999999997664	epochs	2.0
1976.5788402441406	0.032000000000152795	epochs	3.0
1976.6108402441407	0.03167999999982385	epochs	3.0
1976.6425202441405	0.06272000000012667	epochs	2.0
1976.6425202441405	0.03143999999997504	epochs	3.0
1976.6739602441405	0.03128000000015163	epochs	3.0
1976.7052402441407	0.06183999999984735	epochs	2.0
1976.7052402441407	0.031039999999848078	epochs	3.0
1976.7362802441405	0.030799999999999272	epochs	3.0
1976.7670802441405	0.060960000000022774	epochs	2.0
1976.7670802441405	0.030560000000150467	epochs	3.0
1976.7976402441407	0.030399999999872307	epochs	3.0
1976.8280402441405	0.060159999999996217	epochs	2.0
1976.8280402441405	0.0301600000000235	epochs	3.0
1976.8582002441406	0.029999999999972715	epochs	3.0
1976.8882002441405	0.05928000000017164	epochs	2.0
1976.8882002441405	0.029680000000098516	epochs	3.0
1976.9178802441406	0.029600000000073123	epochs	3.0
1976.9474802441407	0.05847999999991771	epochs	2.0
1976.9474802441407	0.029359999999996944	epochs	3.0
1976.9768402441407	0.029119999999920765	epochs	3.0
1977.0059602441406	0.057759999999916545	epochs	2.0
1977.0059602441406	0.028960000000097352	epochs	3.0
1977.0349202441407	0.028799999999819192	epochs	3.0
1977.0637202441405	0.05696000000011736	epochs	2.0
1977.0637202441405	0.028559999999970387	epochs	3.0
1977.0922802441405	0.028400000000146974	epochs	3.0
1977.1206802441407	0.05623999999988882	epochs	2.0
1977.1206802441407	0.028160000000070795	epochs	3.0
1977.1488402441407	0.02807999999981803	epochs	3.0
1977.1769202441405	0.05544000000008964	epochs	2.0
1977.1769202441405	0.027839999999969223	epochs	3.0
1977.2047602441405	0.027600000000120417	epochs	3.0
1977.2323602441406	0.05487999999991189	epochs	2.0
1977.2323602441406	0.027520000000095024	epochs	3.0
1977.2598802441407	0.027359999999816864	epochs	3.0
1977.2872402441405	0.054080000000112705	epochs	2.0
1977.2872402441405	0.02711999999996806	epochs	3.0
1977.3143602441405	0.026960000000144646	epochs	3.0
1977.3413202441407	0.05343999999990956	epochs	2.0
1977.3413202441407	0.026799999999866486	epochs	3.0
1977.3681202441405	0.026640000000043074	epochs	3.0
1977.3947602441406	0.05287999999995918	epochs	2.0
1977.3947602441406	0.026479999999992287	epochs	3.0
1977.4212402441406	0.026399999999966894	epochs	3.0
1977.4476402441405	0.05216000000018539	epochs	2.0
1977.4476402441405	0.02616000000011809	epochs	3.0
1977.4738002441406	0.026000000000067303	epochs	3.0
1977.4998002441407	0.05151999999998225	epochs	2.0
1977.4998002441407	0.025840000000016516	epochs	3.0
1977.5256402441407	0.02567999999996573	epochs	3.0
1977.5513202441407	0.05096000000003187	epochs	2.0
1977.5513202441407	0.025599999999940337	epochs	3.0
1977.5769202441406	0.02536000000009153	epochs	3.0
1977.6022802441407	0.05039999999985412	epochs	2.0
1977.6022802441407	0.025279999999838765	epochs	3.0
1977.6275602441406	0.025120000000015352	epochs	3.0
1977.6526802441406	0.04976000000010572	epochs	2.0
1977.6526802441406	0.024959999999964566	epochs	3.0
1977.6776402441405	0.024800000000141154	epochs	3.0
1977.7024402441407	0.04919999999992797	epochs	2.0
1977.7024402441407	0.024639999999862994	epochs	3.0
1977.7270802441406	0.024560000000064974	epochs	3.0
1977.7516402441406	0.04872000000000298	epochs	2.0
1977.7516402441406	0.024400000000014188	epochs	3.0
1977.7760402441406	0.024319999999988795	epochs	3.0
1977.8003602441406	0.04808000000002721	epochs	2.0
1977.8003602441406	0.024079999999912616	epochs	3.0
1977.8244402441405	0.024000000000114596	epochs	3.0
1977.8484402441406	0.047599999999874854	epochs	2.0
1977.8484402441406	0.02384000000006381	epochs	3.0
1977.8722802441407	0.023759999999811043	epochs	3.0
1977.8960402441405	0.04712000000017724	epochs	2.0
1977.8960402441405	0.023600000000215005	epochs	3.0
1977.9196402441407	0.023519999999962238	epochs	3.0
1977.9431602441407	0.04655999999999949	epochs	2.0
1977.9431602441407	0.02335999999991145	epochs	3.0
1977.9665202441406	0.02320000000008804	epochs	3.0
1977.9897202441407	0.04607999999984713	epochs	2.0
1977.9897202441407	0.023119999999835272	epochs	3.0
1978.0128402441405	0.02296000000001186	epochs	3.0
1978.0358002441405	0.04560000000014952	epochs	2.0
1978.0358002441405	0.022879999999986467	epochs	3.0
1978.0586802441405	0.022720000000163054	epochs	3.0
1978.0814002441407	0.04511999999999716	epochs	2.0
1978.0814002441407	0.022639999999910287	epochs	3.0
1978.1040402441406	0.022480000000086875	epochs	3.0
1978.1265202441407	0.044639999999844804	epochs	2.0
1978.1265202441407	0.022399999999834108	epochs	3.0
1978.1489202441405	0.022240000000010696	epochs	3.0
1978.1711602441405	0.044240000000172586	epochs	2.0
1978.1711602441405	0.022159999999985303	epochs	3.0
1978.1933202441405	0.022080000000187283	epochs	3.0
1978.2154002441407	0.04376000000002023	epochs	2.0
1978.2154002441407	0.021919999999909123	epochs	3.0
1978.2373202441406	0.021840000000111104	epochs	3.0
1978.2591602441407	0.04335999999989326	epochs	2.0
1978.2591602441407	0.021759999999858337	epochs	3.0
1978.2809202441406	0.021600000000034925	epochs	3.0
1978.3025202441406	0.04287999999996828	epochs	2.0
1978.3025202441406	0.02143999999998414	epochs	3.0
1978.3239602441406	0.02143999999998414	epochs	3.0
1978.3454002441406	0.042480000000068685	epochs	2.0
1978.3454002441406	0.021279999999933352	epochs	3.0
1978.3666802441405	0.021200000000135333	epochs	3.0
1978.3878802441407	0.04207999999994172	epochs	2.0
1978.3878802441407	0.021039999999857173	epochs	3.0
1978.4089202441405	0.021040000000084547	epochs	3.0
1978.4299602441406	0.04168000000004213	epochs	2.0
1978.4299602441406	0.02088000000003376	epochs	3.0
1978.4508402441406	0.020800000000008367	epochs	3.0
1978.4716402441406	0.04119999999988977	epochs	2.0
1978.4716402441406	0.02063999999995758	epochs	3.0
1978.4922802441406	0.020559999999932188	epochs	3.0
1978.5128402441405	0.04088000000001557	epochs	2.0
1978.5128402441405	0.020560000000159562	epochs	3.0
1978.5334002441407	0.02031999999985601	epochs	3.0
1978.5537202441405	0.04056000000014137	epochs	2.0
1978.5537202441405	0.020320000000083382	epochs	3.0
1978.5740402441406	0.02024000000005799	epochs	3.0
1978.5942802441407	0.04007999999998901	epochs	2.0
1978.5942802441407	0.020080000000007203	epochs	3.0
1978.6143602441407	0.01999999999998181	epochs	3.0
1978.6343602441407	0.03975999999988744	epochs	2.0
1978.6343602441407	0.019919999999956417	epochs	3.0
1978.6542802441406	0.019839999999931024	epochs	3.0
1978.6741202441406	0.03944000000001324	epochs	2.0
1978.6741202441406	0.019760000000133005	epochs	3.0
1978.6938802441407	0.019679999999880238	epochs	3.0
1978.7135602441406	0.03904000000011365	epochs	2.0
1978.7135602441406	0.019520000000056825	epochs	3.0
1978.7330802441406	0.019520000000056825	epochs	3.0
1978.7526002441407	0.038639999999986685	epochs	2.0
1978.7526002441407	0.01936000000000604	epochs	3.0
1978.7719602441407	0.019279999999980646	epochs	3.0
1978.7912402441407	0.038399999999910506	epochs	2.0
1978.7912402441407	0.019279999999980646	epochs	3.0
1978.8105202441407	0.01911999999992986	epochs	3.0
1978.8296402441406	0.038000000000010914	epochs	2.0
1978.8296402441406	0.01904000000013184	epochs	3.0
1978.8486802441407	0.018959999999879074	epochs	3.0
1978.8676402441406	0.03767999999990934	epochs	2.0
1978.8676402441406	0.018880000000081054	epochs	3.0
1978.8865202441407	0.018799999999828287	epochs	3.0
1978.9053202441405	0.03736000000003514	epochs	2.0
1978.9053202441405	0.018720000000030268	epochs	3.0
1978.9240402441405	0.018640000000004875	epochs	3.0
1978.9426802441405	0.037040000000160944	epochs	2.0
1978.9426802441405	0.018559999999979482	epochs	3.0
1978.9612402441405	0.018480000000181462	epochs	3.0
1978.9797202441407	0.036719999999832	epochs	2.0
1978.9797202441407	0.018399999999928696	epochs	3.0
1978.9981202441406	0.018319999999903303	epochs	3.0
1979.0164402441405	0.03647999999998319	epochs	2.0
1979.0164402441405	0.018240000000105283	epochs	3.0
1979.0346802441406	0.01823999999987791	epochs	3.0
1979.0529202441405	0.0360800000000836	epochs	2.0
1979.0529202441405	0.018080000000054497	epochs	3.0
1979.0710002441406	0.018000000000029104	epochs	3.0
1979.0890002441406	0.03584000000000742	epochs	2.0
1979.0890002441406	0.01792000000000371	epochs	3.0
1979.1069202441406	0.01792000000000371	epochs	3.0
1979.1248402441406	0.03551999999990585	epochs	2.0
1979.1248402441406	0.017759999999952925	epochs	3.0
1979.1426002441406	0.017759999999952925	epochs	3.0
1979.1603602441405	0.03520000000003165	epochs	2.0
1979.1603602441405	0.017680000000154905	epochs	3.0
1979.1780402441407	0.017519999999876745	epochs	3.0
1979.1955602441406	0.034960000000182845	epochs	2.0
1979.1955602441406	0.01752000000010412	epochs	3.0
1979.2130802441407	0.017440000000078726	epochs	3.0
1979.2305202441407	0.03471999999987929	epochs	2.0
1979.2305202441407	0.017439999999851352	epochs	3.0
1979.2479602441406	0.01728000000002794	epochs	3.0
1979.2652402441406	0.03440000000000509	epochs	2.0
1979.2652402441406	0.017200000000002547	epochs	3.0
1979.2824402441406	0.017200000000002547	epochs	3.0
1979.2996402441406	0.034159999999928914	epochs	2.0
1979.2996402441406	0.017119999999977153	epochs	3.0
1979.3167602441406	0.01703999999995176	epochs	3.0
1979.3338002441405	0.033840000000054715	epochs	2.0
1979.3338002441405	0.01696000000015374	epochs	3.0
1979.3507602441407	0.016879999999900974	epochs	3.0
1979.3676402441406	0.033599999999978536	epochs	2.0
1979.3676402441406	0.016800000000102955	epochs	3.0
1979.3844402441407	0.01679999999987558	epochs	3.0
1979.4012402441406	0.03336000000012973	epochs	2.0
1979.4012402441406	0.01672000000007756	epochs	3.0
1979.4179602441407	0.01664000000005217	epochs	3.0
1979.4346002441407	0.03311999999982618	epochs	2.0
1979.4346002441407	0.016560000000026776	epochs	3.0
1979.4511602441407	0.016559999999799402	epochs	3.0
1979.4677202441405	0.03280000000017935	epochs	2.0
1979.4677202441405	0.016400000000203363	epochs	3.0
1979.4841202441407	0.01639999999997599	epochs	3.0
1979.5005202441407	0.0325599999998758	epochs	2.0
1979.5005202441407	0.016319999999950596	epochs	3.0
1979.5168402441407	0.016239999999925203	epochs	3.0
1979.5330802441406	0.03240000000005239	epochs	2.0
1979.5330802441406	0.016239999999925203	epochs	3.0
1979.5493202441405	0.016160000000127184	epochs	3.0
1979.5654802441406	0.032079999999950815	epochs	2.0
1979.5654802441406	0.016079999999874417	epochs	3.0
1979.5815602441405	0.016000000000076398	epochs	3.0
1979.5975602441406	0.0319200000001274	epochs	2.0
1979.5975602441406	0.016000000000076398	epochs	3.0
1979.6135602441407	0.015920000000051004	epochs	3.0
1979.6294802441407	0.031599999999798456	epochs	2.0
1979.6294802441407	0.015839999999798238	epochs	3.0
1979.6453202441405	0.01576000000000022	epochs	3.0
1979.6610802441405	0.03144000000020242	epochs	2.0
1979.6610802441405	0.01576000000000022	epochs	3.0
1979.6768402441405	0.0156800000002022	epochs	3.0
1979.6925202441407	0.031199999999898864	epochs	2.0
1979.6925202441407	0.015599999999949432	epochs	3.0
1979.7081202441407	0.015599999999949432	epochs	3.0
1979.7237202441406	0.03096000000005006	epochs	2.0
1979.7237202441406	0.015519999999924039	epochs	3.0
1979.7392402441405	0.01544000000012602	epochs	3.0
1979.7546802441407	0.03071999999997388	epochs	2.0
1979.7546802441407	0.015439999999898646	epochs	3.0
1979.7701202441406	0.015280000000075233	epochs	3.0
1979.7854002441406	0.030559999999923093	epochs	2.0
1979.7854002441406	0.015359999999873253	epochs	3.0
1979.8007602441405	0.01520000000004984	epochs	3.0
1979.8159602441406	0.030320000000074288	epochs	2.0
1979.8159602441406	0.01520000000004984	epochs	3.0
1979.8311602441406	0.015120000000024447	epochs	3.0
1979.8462802441406	0.030079999999998108	epochs	2.0
1979.8462802441406	0.015120000000024447	epochs	3.0
1979.8614002441407	0.014959999999973661	epochs	3.0
1979.8763602441406	0.029919999999947322	epochs	2.0
1979.8763602441406	0.015039999999999054	epochs	3.0
1979.8914002441406	0.014879999999948268	epochs	3.0
1979.9062802441406	0.029680000000098516	epochs	2.0
1979.9062802441406	0.014879999999948268	epochs	3.0
1979.9211602441405	0.014800000000150249	epochs	3.0
1979.9359602441407	0.02952000000004773	epochs	2.0
1979.9359602441407	0.014799999999922875	epochs	3.0
1979.9507602441406	0.014720000000124855	epochs	3.0
1979.9654802441407	0.02927999999997155	epochs	2.0
1979.9654802441407	0.014719999999897482	epochs	3.0
1979.9802002441406	0.01456000000007407	epochs	3.0
1979.9947602441407	0.029119999999920765	epochs	2.0
1979.9947602441407	0.014639999999872089	epochs	3.0
1980.0094002441406	0.014480000000048676	epochs	3.0
1980.0238802441406	0.028960000000097352	epochs	2.0
1980.0238802441406	0.014480000000048676	epochs	3.0
1980.0383602441407	0.014480000000048676	epochs	3.0
1980.0528402441407	0.02863999999999578	epochs	2.0
1980.0528402441407	0.01431999999999789	epochs	3.0
1980.0671602441407	0.01431999999999789	epochs	3.0
1980.0814802441407	0.028559999999970387	epochs	2.0
1980.0814802441407	0.01431999999999789	epochs	3.0
1980.0958002441407	0.014239999999972497	epochs	3.0
1980.1100402441407	0.028319999999894208	epochs	2.0
1980.1100402441407	0.014159999999947104	epochs	3.0
1980.1242002441406	0.014159999999947104	epochs	3.0
1980.1383602441406	0.028160000000070795	epochs	2.0
1980.1383602441406	0.014159999999947104	epochs	3.0
1980.1525202441405	0.014000000000123691	epochs	3.0
1980.1665202441407	0.02800000000002001	epochs	2.0
1980.1665202441407	0.013999999999896318	epochs	3.0
1980.1805202441406	0.014000000000123691	epochs	3.0
1980.1945202441407	0.02775999999994383	epochs	2.0
1980.1945202441407	0.013919999999870925	epochs	3.0
1980.2084402441405	0.013840000000072905	epochs	3.0
1980.2222802441406	0.027679999999918437	epochs	2.0
1980.2222802441406	0.013840000000072905	epochs	3.0
1980.2361202441407	0.013839999999845531	epochs	3.0
1980.2499602441405	0.02744000000006963	epochs	2.0
1980.2499602441405	0.013760000000047512	epochs	3.0
1980.2637202441406	0.013680000000022119	epochs	3.0
1980.2774002441406	0.027280000000018845	epochs	2.0
1980.2774002441406	0.013680000000022119	epochs	3.0
1980.2910802441406	0.013599999999996726	epochs	3.0
1980.3046802441406	0.02711999999996806	epochs	2.0
1980.3046802441406	0.013519999999971333	epochs	3.0
1980.3182002441406	0.013599999999996726	epochs	3.0
1980.3318002441406	0.026880000000119253	epochs	2.0
1980.3318002441406	0.01343999999994594	epochs	3.0
1980.3452402441405	0.013440000000173313	epochs	3.0
1980.3586802441407	0.026799999999866486	epochs	2.0
1980.3586802441407	0.01343999999994594	epochs	3.0
1980.3721202441407	0.013359999999920547	epochs	3.0
1980.3854802441406	0.02656000000001768	epochs	2.0
1980.3854802441406	0.013280000000122527	epochs	3.0
1980.3987602441407	0.013279999999895153	epochs	3.0
1980.4120402441406	0.026479999999992287	epochs	2.0
1980.4120402441406	0.013280000000122527	epochs	3.0
1980.4253202441407	0.01319999999986976	epochs	3.0
1980.4385202441406	0.026240000000143482	epochs	2.0
1980.4385202441406	0.013120000000071741	epochs	3.0
1980.4516402441407	0.013120000000071741	epochs	3.0
1980.4647602441407	0.026159999999890715	epochs	2.0
1980.4647602441407	0.013119999999844367	epochs	3.0
1980.4778802441406	0.013040000000046348	epochs	3.0
1980.4909202441406	0.026000000000067303	epochs	2.0
1980.4909202441406	0.013040000000046348	epochs	3.0
1980.5039602441407	0.012960000000020955	epochs	3.0
1980.5169202441407	0.025759999999991123	epochs	2.0
1980.5169202441407	0.012879999999995562	epochs	3.0
1980.5298002441407	0.012879999999995562	epochs	3.0
1980.5426802441407	0.02567999999996573	epochs	2.0
1980.5426802441407	0.012879999999995562	epochs	3.0
1980.5555602441407	0.012799999999970169	epochs	3.0
1980.5683602441406	0.025519999999914944	epochs	2.0
1980.5683602441406	0.012799999999970169	epochs	3.0
1980.5811602441406	0.012719999999944775	epochs	3.0
1980.5938802441406	0.02536000000009153	epochs	2.0
1980.5938802441406	0.01272000000017215	epochs	3.0
1980.6066002441407	0.012639999999919382	epochs	3.0
1980.6192402441407	0.025200000000040745	epochs	2.0
1980.6192402441407	0.012639999999919382	epochs	3.0
1980.6318802441406	0.012560000000121363	epochs	3.0
1980.6444402441407	0.0245599999998376	epochs	2.0
1980.6686002441406	0.5	epochs	-1.0
1980.6690002441405	0.519360000000006	epochs	1.0
1981.1883602441405	0.48056000000019594	epochs	0.0
1987.731999874115	0.09999999999990905	epochs	0.0
1987.731999874115	0.044959999999946376	epochs	1.0
1987.776959874115	0.010080000000016298	epochs	1.0
1987.787039874115	0.044959999999946376	epochs	1.0
1987.831999874115	2.0	epochs	0.0
1989.831999874115	21.51927999999998	epochs	0.0
1989.831999874115	1.0	epochs	1.0
1989.831999874115	0.5	epochs	-1.0
1990.331999874115	19.9996000000001	epochs	-1.0
1990.831999874115	20.0	epochs	1.0
1990.831999874115	8.000000002539309e-05	epochs	2.0
1990.832079874115	4.356719999999996	epochs	-1.0
1990.832079874115	1.9745600000001104	epochs	2.0
1990.832079874115	1.098560000000134	epochs	3.0
1991.930639874115	0.8759999999999764	epochs	3.0
1992.806639874115	1.3523999999999887	epochs	2.0
1992.806639874115	0.7286400000000413	epochs	3.0
1993.535279874115	0.6237599999999475	epochs	3.0
1994.159039874115	1.0297599999998965	epochs	2.0
1994.159039874115	0.5453600000000733	epochs	3.0
1994.704399874115	0.4843999999998232	epochs	3.0
1995.188799874115	0.8317600000000311	epochs	2.0
1995.188799874115	0.435760000000073	epochs	3.0
1995.624559874115	0.39599999999995816	epochs	3.0
1996.020559874115	0.697840000000042	epochs	2.0
1996.020559874115	0.362880000000132	epochs	3.0
1996.383439874115	0.33495999999991	epochs	3.0
1996.718399874115	0.6010400000000118	epochs	2.0
1996.718399874115	0.3108799999999974	epochs	3.0
1997.029279874115	0.2901600000000144	epochs	3.0
1997.319439874115	0.5278399999999692	epochs	2.0
1997.319439874115	0.2719199999999091	epochs	3.0
1997.591359874115	0.2559200000000601	epochs	3.0
1997.847279874115	0.47064000000000306	epochs	2.0
1997.847279874115	0.2416800000000876	epochs	3.0
1998.088959874115	0.22895999999991545	epochs	3.0
1998.317919874115	0.42455999999992855	epochs	2.0
1998.317919874115	0.2174400000001242	epochs	3.0
1998.535359874115	0.20711999999980435	epochs	3.0
1998.742479874115	0.3867200000001958	epochs	2.0
1998.742479874115	0.1976799999999912	epochs	3.0
1998.940159874115	0.1890400000002046	epochs	3.0
1999.129199874115	0.3551199999999426	epochs	2.0
1999.129199874115	0.1811999999999898	epochs	3.0
1999.310399874115	0.17391999999995278	epochs	3.0
1999.484319874115	0.3282400000000507	epochs	2.0
1999.484319874115	0.16719999999986612	epochs	3.0
1999.651519874115	0.1610400000001846	epochs	3.0
1999.812559874115	0.3051999999997861	epochs	2.0
1999.812559874115	0.1552799999999479	epochs	3.0
1999.967839874115	0.14991999999983818	epochs	3.0
2000.1177598741149	0.28512000000000626	epochs	2.0
2000.1177598741149	0.1448800000000574	epochs	3.0
2000.262639874115	0.14023999999994885	epochs	3.0
2000.402879874115	0.2675200000001041	epochs	2.0
2000.402879874115	0.13584000000014385	epochs	3.0
2000.538719874115	0.13167999999996027	epochs	3.0
2000.670399874115	0.2520799999999781	epochs	2.0
2000.670399874115	0.12784000000010565	epochs	3.0
2000.798239874115	0.12423999999987245	epochs	3.0
2000.922479874115	0.23816000000010717	epochs	2.0
2000.922479874115	0.1207200000001194	epochs	3.0
2001.043199874115	0.11743999999998778	epochs	3.0
2001.160639874115	0.22583999999983462	epochs	2.0
2001.160639874115	0.11439999999993233	epochs	3.0
2001.275039874115	0.11143999999990228	epochs	3.0
2001.386479874115	0.21464000000014494	epochs	2.0
2001.386479874115	0.1086400000001504	epochs	3.0
2001.495119874115	0.10599999999999454	epochs	3.0
2001.601119874115	0.20447999999987587	epochs	2.0
2001.601119874115	0.10343999999986409	epochs	3.0
2001.704559874115	0.10104000000001179	epochs	3.0
2001.805599874115	0.1953600000001643	epochs	2.0
2001.805599874115	0.0987999999999829	epochs	3.0
2001.904399874115	0.09656000000018139	epochs	3.0
2002.000959874115	0.18695999999999913	epochs	2.0
2002.000959874115	0.09447999999997592	epochs	3.0
2002.095439874115	0.09248000000002321	epochs	3.0
2002.187919874115	0.17919999999980973	epochs	2.0
2002.187919874115	0.09047999999984313	epochs	3.0
2002.278399874115	0.0887199999999666	epochs	3.0
2002.367119874115	0.17208000000005086	epochs	2.0
2002.367119874115	0.08688000000006468	epochs	3.0
2002.453999874115	0.08519999999998618	epochs	3.0
2002.539199874115	0.165520000000015	epochs	2.0
2002.539199874115	0.08359999999993306	epochs	3.0
2002.622799874115	0.08192000000008193	epochs	3.0
2002.704719874115	0.1595199999999295	epochs	2.0
2002.704719874115	0.0804800000000796	epochs	3.0
2002.785199874115	0.0790399999998499	epochs	3.0
2002.864239874115	0.15376000000014756	epochs	2.0
2002.864239874115	0.07760000000007494	epochs	3.0
2002.941839874115	0.07616000000007261	epochs	3.0
2003.017999874115	0.14855999999986125	epochs	2.0
2003.017999874115	0.07495999999991909	epochs	3.0
2003.092959874115	0.07359999999994216	epochs	3.0
2003.166559874115	0.14368000000013126	epochs	2.0
2003.166559874115	0.0724800000000414	epochs	3.0
2003.239039874115	0.07120000000008986	epochs	3.0
2003.310239874115	0.1390400000000227	epochs	2.0
2003.310239874115	0.07007999999996173	epochs	3.0
2003.380319874115	0.06896000000006097	epochs	3.0
2003.449279874115	0.13472000000001572	epochs	2.0
2003.449279874115	0.06791999999995824	epochs	3.0
2003.517199874115	0.06680000000005748	epochs	3.0
2003.583999874115	0.13071999999988293	epochs	2.0
2003.583999874115	0.06583999999998014	epochs	3.0
2003.649839874115	0.0648799999999028	epochs	3.0
2003.714719874115	0.1268000000000029	epochs	2.0
2003.714719874115	0.06384000000002743	epochs	3.0
2003.778559874115	0.06295999999997548	epochs	3.0
2003.841519874115	0.12328000000002248	epochs	2.0
2003.841519874115	0.06207999999992353	epochs	3.0
2003.903599874115	0.06120000000009895	epochs	3.0
2003.964799874115	0.11984000000006745	epochs	2.0
2003.964799874115	0.060320000000047	epochs	3.0
2004.025119874115	0.059520000000020445	epochs	3.0
2004.084639874115	0.11663999999996122	epochs	2.0
2004.084639874115	0.05871999999999389	epochs	3.0
2004.143359874115	0.05791999999996733	epochs	3.0
2004.201279874115	0.11359999999990578	epochs	2.0
2004.201279874115	0.05719999999996617	epochs	3.0
2004.258479874115	0.05639999999993961	epochs	3.0
2004.314879874115	0.1107200000001285	epochs	2.0
2004.314879874115	0.05568000000016582	epochs	3.0
2004.370559874115	0.055039999999962674	epochs	3.0
2004.425599874115	0.10791999999992186	epochs	2.0
2004.425599874115	0.05423999999993612	epochs	3.0
2004.479839874115	0.05367999999998574	epochs	3.0
2004.533519874115	0.10527999999999338	epochs	2.0
2004.533519874115	0.052959999999984575	epochs	3.0
2004.586479874115	0.052320000000008804	epochs	3.0
2004.638799874115	0.10287999999991371	epochs	2.0
2004.638799874115	0.051760000000058426	epochs	3.0
2004.690559874115	0.05111999999985528	epochs	3.0
2004.7416798741149	0.10040000000003602	epochs	2.0
2004.7416798741149	0.050480000000106884	epochs	3.0
2004.792159874115	0.04991999999992913	epochs	3.0
2004.842079874115	0.09824000000003252	epochs	2.0
2004.842079874115	0.049359999999978754	epochs	3.0
2004.891439874115	0.04888000000005377	epochs	3.0
2004.940319874115	0.09600000000000364	epochs	2.0
2004.940319874115	0.048240000000078	epochs	3.0
2004.988559874115	0.04775999999992564	epochs	3.0
2005.036319874115	0.09392000000002554	epochs	2.0
2005.036319874115	0.04719999999997526	epochs	3.0
2005.083519874115	0.04672000000005028	epochs	3.0
2005.130239874115	0.09192000000007283	epochs	2.0
2005.130239874115	0.0461600000000999	epochs	3.0
2005.176399874115	0.04575999999997293	epochs	3.0
2005.222159874115	0.09007999999994354	epochs	2.0
2005.222159874115	0.04528000000004795	epochs	3.0
2005.267439874115	0.04479999999989559	epochs	3.0
2005.312239874115	0.08816000000001623	epochs	2.0
2005.312239874115	0.044319999999970605	epochs	3.0
2005.356559874115	0.04384000000004562	epochs	3.0
2005.400399874115	0.08647999999993772	epochs	2.0
2005.400399874115	0.043439999999918655	epochs	3.0
2005.443839874115	0.04304000000001906	epochs	3.0
2005.486879874115	0.08472000000006119	epochs	2.0
2005.486879874115	0.04256000000009408	epochs	3.0
2005.529439874115	0.04215999999996711	epochs	3.0
2005.571599874115	0.08320000000003347	epochs	2.0
2005.571599874115	0.04176000000006752	epochs	3.0
2005.613359874115	0.04143999999996595	epochs	3.0
2005.654799874115	0.08151999999995496	epochs	2.0
2005.654799874115	0.040960000000040964	epochs	3.0
2005.695759874115	0.040559999999914	epochs	3.0
2005.736319874115	0.08007999999995263	epochs	2.0
2005.736319874115	0.0402400000000398	epochs	3.0
2005.776559874115	0.039839999999912834	epochs	3.0
2005.816399874115	0.0786399999999503	epochs	2.0
2005.816399874115	0.039520000000038635	epochs	3.0
2005.855919874115	0.03911999999991167	epochs	3.0
2005.895039874115	0.07720000000017535	epochs	2.0
2005.895039874115	0.03880000000003747	epochs	3.0
2005.933839874115	0.03840000000013788	epochs	3.0
2005.972239874115	0.07591999999999643	epochs	2.0
2005.972239874115	0.038159999999834326	epochs	3.0
2006.010399874115	0.03776000000016211	epochs	3.0
2006.048159874115	0.0745600000000195	epochs	2.0
2006.048159874115	0.03743999999983316	epochs	3.0
2006.085599874115	0.03712000000018634	epochs	3.0
2006.122719874115	0.07335999999986598	epochs	2.0
2006.122719874115	0.03679999999985739	epochs	3.0
2006.159519874115	0.036560000000008586	epochs	3.0
2006.196079874115	0.07208000000014181	epochs	2.0
2006.196079874115	0.036160000000108994	epochs	3.0
2006.232239874115	0.035920000000032815	epochs	3.0
2006.268159874115	0.07087999999998829	epochs	2.0
2006.268159874115	0.03559999999993124	epochs	3.0
2006.303759874115	0.035280000000057044	epochs	3.0
2006.339039874115	0.06983999999988555	epochs	2.0
2006.339039874115	0.035039999999980864	epochs	3.0
2006.374079874115	0.034799999999904685	epochs	3.0
2006.408879874115	0.0686399999999594	epochs	2.0
2006.408879874115	0.034480000000030486	epochs	3.0
2006.443359874115	0.034159999999928914	epochs	3.0
2006.477519874115	0.06760000000008404	epochs	2.0
2006.477519874115	0.03392000000008011	epochs	3.0
2006.511439874115	0.03368000000000393	epochs	3.0
2006.545119874115	0.0665599999999813	epochs	2.0
2006.545119874115	0.03343999999992775	epochs	3.0
2006.578559874115	0.03312000000005355	epochs	3.0
2006.611679874115	0.06559999999990396	epochs	2.0
2006.611679874115	0.032960000000002765	epochs	3.0
2006.644639874115	0.03263999999990119	epochs	3.0
2006.677279874115	0.0645600000000286	epochs	2.0
2006.677279874115	0.03240000000005239	epochs	3.0
2006.709679874115	0.03215999999997621	epochs	3.0
2006.741839874115	0.06367999999997664	epochs	2.0
2006.741839874115	0.032000000000152795	epochs	3.0
2006.773839874115	0.03167999999982385	epochs	3.0
2006.805519874115	0.06272000000012667	epochs	2.0
2006.805519874115	0.03143999999997504	epochs	3.0
2006.8369598741149	0.03128000000015163	epochs	3.0
2006.868239874115	0.06183999999984735	epochs	2.0
2006.868239874115	0.031039999999848078	epochs	3.0
2006.8992798741149	0.030799999999999272	epochs	3.0
2006.9300798741149	0.060960000000022774	epochs	2.0
2006.9300798741149	0.030560000000150467	epochs	3.0
2006.960639874115	0.030399999999872307	epochs	3.0
2006.991039874115	0.060159999999996217	epochs	2.0
2006.991039874115	0.0301600000000235	epochs	3.0
2007.021199874115	0.029999999999972715	epochs	3.0
2007.051199874115	0.05928000000017164	epochs	2.0
2007.051199874115	0.029680000000098516	epochs	3.0
2007.080879874115	0.029600000000073123	epochs	3.0
2007.110479874115	0.05847999999991771	epochs	2.0
2007.110479874115	0.029359999999996944	epochs	3.0
2007.139839874115	0.029119999999920765	epochs	3.0
2007.168959874115	0.057759999999916545	epochs	2.0
2007.168959874115	0.028960000000097352	epochs	3.0
2007.197919874115	0.028799999999819192	epochs	3.0
2007.226719874115	0.05696000000011736	epochs	2.0
2007.226719874115	0.028559999999970387	epochs	3.0
2007.2552798741149	0.028400000000146974	epochs	3.0
2007.283679874115	0.05623999999988882	epochs	2.0
2007.283679874115	0.028160000000070795	epochs	3.0
2007.311839874115	0.02807999999981803	epochs	3.0
2007.339919874115	0.05544000000008964	epochs	2.0
2007.339919874115	0.027839999999969223	epochs	3.0
2007.3677598741149	0.027600000000120417	epochs	3.0
2007.395359874115	0.05487999999991189	epochs	2.0
2007.395359874115	0.027520000000095024	epochs	3.0
2007.422879874115	0.027359999999816864	epochs	3.0
2007.450239874115	0.054080000000112705	epochs	2.0
2007.450239874115	0.02711999999996806	epochs	3.0
2007.4773598741149	0.026960000000144646	epochs	3.0
2007.504319874115	0.05343999999990956	epochs	2.0
2007.504319874115	0.026799999999866486	epochs	3.0
2007.531119874115	0.026640000000043074	epochs	3.0
2007.557759874115	0.05287999999995918	epochs	2.0
2007.557759874115	0.026479999999992287	epochs	3.0
2007.584239874115	0.026399999999966894	epochs	3.0
2007.610639874115	0.05216000000018539	epochs	2.0
2007.610639874115	0.02616000000011809	epochs	3.0
2007.636799874115	0.026000000000067303	epochs	3.0
2007.662799874115	0.05151999999998225	epochs	2.0
2007.662799874115	0.025840000000016516	epochs	3.0
2007.688639874115	0.02567999999996573	epochs	3.0
2007.714319874115	0.05096000000003187	epochs	2.0
2007.714319874115	0.025599999999940337	epochs	3.0
2007.739919874115	0.02536000000009153	epochs	3.0
2007.765279874115	0.05039999999985412	epochs	2.0
2007.765279874115	0.025279999999838765	epochs	3.0
2007.790559874115	0.025120000000015352	epochs	3.0
2007.815679874115	0.04976000000010572	epochs	2.0
2007.815679874115	0.024959999999964566	epochs	3.0
2007.840639874115	0.024800000000141154	epochs	3.0
2007.865439874115	0.04919999999992797	epochs	2.0
2007.865439874115	0.024639999999862994	epochs	3.0
2007.890079874115	0.024560000000064974	epochs	3.0
2007.914639874115	0.04872000000000298	epochs	2.0
2007.914639874115	0.024400000000014188	epochs	3.0
2007.939039874115	0.024319999999988795	epochs	3.0
2007.963359874115	0.04808000000002721	epochs	2.0
2007.963359874115	0.024079999999912616	epochs	3.0
2007.987439874115	0.024000000000114596	epochs	3.0
2008.011439874115	0.047599999999874854	epochs	2.0
2008.011439874115	0.02384000000006381	epochs	3.0
2008.035279874115	0.023759999999811043	epochs	3.0
2008.059039874115	0.04712000000017724	epochs	2.0
2008.059039874115	0.023600000000215005	epochs	3.0
2008.082639874115	0.023519999999962238	epochs	3.0
2008.106159874115	0.04655999999999949	epochs	2.0
2008.106159874115	0.02335999999991145	epochs	3.0
2008.129519874115	0.02320000000008804	epochs	3.0
2008.152719874115	0.04607999999984713	epochs	2.0
2008.152719874115	0.023119999999835272	epochs	3.0
2008.175839874115	0.02296000000001186	epochs	3.0
2008.198799874115	0.04560000000014952	epochs	2.0
2008.198799874115	0.022879999999986467	epochs	3.0
2008.221679874115	0.022720000000163054	epochs	3.0
2008.244399874115	0.04511999999999716	epochs	2.0
2008.244399874115	0.022639999999910287	epochs	3.0
2008.267039874115	0.022480000000086875	epochs	3.0
2008.289519874115	0.044639999999844804	epochs	2.0
2008.289519874115	0.022399999999834108	epochs	3.0
2008.311919874115	0.022240000000010696	epochs	3.0
2008.334159874115	0.044240000000172586	epochs	2.0
2008.334159874115	0.022159999999985303	epochs	3.0
2008.356319874115	0.022080000000187283	epochs	3.0
2008.378399874115	0.04376000000002023	epochs	2.0
2008.378399874115	0.021919999999909123	epochs	3.0
2008.400319874115	0.021840000000111104	epochs	3.0
2008.422159874115	0.04335999999989326	epochs	2.0
2008.422159874115	0.021759999999858337	epochs	3.0
2008.443919874115	0.021600000000034925	epochs	3.0
2008.465519874115	0.04287999999996828	epochs	2.0
2008.465519874115	0.02143999999998414	epochs	3.0
2008.486959874115	0.02143999999998414	epochs	3.0
2008.508399874115	0.042480000000068685	epochs	2.0
2008.508399874115	0.021279999999933352	epochs	3.0
2008.529679874115	0.021200000000135333	epochs	3.0
2008.550879874115	0.04207999999994172	epochs	2.0
2008.550879874115	0.021039999999857173	epochs	3.0
2008.5719198741149	0.021040000000084547	epochs	3.0
2008.592959874115	0.04168000000004213	epochs	2.0
2008.592959874115	0.02088000000003376	epochs	3.0
2008.613839874115	0.020800000000008367	epochs	3.0
2008.634639874115	0.04119999999988977	epochs	2.0
2008.634639874115	0.02063999999995758	epochs	3.0
2008.655279874115	0.020559999999932188	epochs	3.0
2008.675839874115	0.04088000000001557	epochs	2.0
2008.675839874115	0.020560000000159562	epochs	3.0
2008.696399874115	0.02031999999985601	epochs	3.0
2008.716719874115	0.04056000000014137	epochs	2.0
2008.716719874115	0.020320000000083382	epochs	3.0
2008.737039874115	0.02024000000005799	epochs	3.0
2008.757279874115	0.04007999999998901	epochs	2.0
2008.757279874115	0.020080000000007203	epochs	3.0
2008.777359874115	0.01999999999998181	epochs	3.0
2008.797359874115	0.03975999999988744	epochs	2.0
2008.797359874115	0.019919999999956417	epochs	3.0
2008.817279874115	0.019839999999931024	epochs	3.0
2008.837119874115	0.03944000000001324	epochs	2.0
2008.837119874115	0.019760000000133005	epochs	3.0
2008.856879874115	0.019679999999880238	epochs	3.0
2008.876559874115	0.03904000000011365	epochs	2.0
2008.876559874115	0.019520000000056825	epochs	3.0
2008.896079874115	0.019520000000056825	epochs	3.0
2008.915599874115	0.038639999999986685	epochs	2.0
2008.915599874115	0.01936000000000604	epochs	3.0
2008.934959874115	0.019279999999980646	epochs	3.0
2008.954239874115	0.038399999999910506	epochs	2.0
2008.954239874115	0.019279999999980646	epochs	3.0
2008.973519874115	0.01911999999992986	epochs	3.0
2008.992639874115	0.038000000000010914	epochs	2.0
2008.992639874115	0.01904000000013184	epochs	3.0
2009.011679874115	0.018959999999879074	epochs	3.0
2009.030639874115	0.03767999999990934	epochs	2.0
2009.030639874115	0.018880000000081054	epochs	3.0
2009.049519874115	0.018799999999828287	epochs	3.0
2009.0683198741149	0.03736000000003514	epochs	2.0
2009.0683198741149	0.018720000000030268	epochs	3.0
2009.087039874115	0.018640000000004875	epochs	3.0
2009.105679874115	0.037040000000160944	epochs	2.0
2009.105679874115	0.018559999999979482	epochs	3.0
2009.124239874115	0.018480000000181462	epochs	3.0
2009.142719874115	0.036719999999832	epochs	2.0
2009.142719874115	0.018399999999928696	epochs	3.0
2009.161119874115	0.018319999999903303	epochs	3.0
2009.179439874115	0.03647999999998319	epochs	2.0
2009.179439874115	0.018240000000105283	epochs	3.0
2009.197679874115	0.01823999999987791	epochs	3.0
2009.215919874115	0.0360800000000836	epochs	2.0
2009.215919874115	0.018080000000054497	epochs	3.0
2009.233999874115	0.018000000000029104	epochs	3.0
2009.251999874115	0.03584000000000742	epochs	2.0
2009.251999874115	0.01792000000000371	epochs	3.0
2009.269919874115	0.01792000000000371	epochs	3.0
2009.287839874115	0.03551999999990585	epochs	2.0
2009.287839874115	0.017759999999952925	epochs	3.0
2009.305599874115	0.017759999999952925	epochs	3.0
2009.3233598741149	0.03520000000003165	epochs	2.0
2009.3233598741149	0.017680000000154905	epochs	3.0
2009.341039874115	0.017519999999876745	epochs	3.0
2009.358559874115	0.034960000000182845	epochs	2.0
2009.358559874115	0.01752000000010412	epochs	3.0
2009.376079874115	0.017440000000078726	epochs	3.0
2009.393519874115	0.03471999999987929	epochs	2.0
2009.393519874115	0.017439999999851352	epochs	3.0
2009.410959874115	0.01728000000002794	epochs	3.0
2009.428239874115	0.03440000000000509	epochs	2.0
2009.428239874115	0.017200000000002547	epochs	3.0
2009.445439874115	0.017200000000002547	epochs	3.0
2009.462639874115	0.034159999999928914	epochs	2.0
2009.462639874115	0.017119999999977153	epochs	3.0
2009.479759874115	0.01703999999995176	epochs	3.0
2009.496799874115	0.033840000000054715	epochs	2.0
2009.496799874115	0.01696000000015374	epochs	3.0
2009.513759874115	0.016879999999900974	epochs	3.0
2009.530639874115	0.033599999999978536	epochs	2.0
2009.530639874115	0.016800000000102955	epochs	3.0
2009.547439874115	0.01679999999987558	epochs	3.0
2009.564239874115	0.03336000000012973	epochs	2.0
2009.564239874115	0.01672000000007756	epochs	3.0
2009.580959874115	0.01664000000005217	epochs	3.0
2009.597599874115	0.03311999999982618	epochs	2.0
2009.597599874115	0.016560000000026776	epochs	3.0
2009.614159874115	0.016559999999799402	epochs	3.0
2009.630719874115	0.03280000000017935	epochs	2.0
2009.630719874115	0.016400000000203363	epochs	3.0
2009.647119874115	0.01639999999997599	epochs	3.0
2009.663519874115	0.0325599999998758	epochs	2.0
2009.663519874115	0.016319999999950596	epochs	3.0
2009.679839874115	0.016239999999925203	epochs	3.0
2009.696079874115	0.03240000000005239	epochs	2.0
2009.696079874115	0.016239999999925203	epochs	3.0
2009.7123198741149	0.016160000000127184	epochs	3.0
2009.728479874115	0.032079999999950815	epochs	2.0
2009.728479874115	0.016079999999874417	epochs	3.0
2009.7445598741149	0.016000000000076398	epochs	3.0
2009.760559874115	0.0319200000001274	epochs	2.0
2009.760559874115	0.016000000000076398	epochs	3.0
2009.776559874115	0.015920000000051004	epochs	3.0
2009.792479874115	0.031599999999798456	epochs	2.0
2009.792479874115	0.015839999999798238	epochs	3.0
2009.8083198741149	0.01576000000000022	epochs	3.0
2009.824079874115	0.03144000000020242	epochs	2.0
2009.824079874115	0.01576000000000022	epochs	3.0
2009.839839874115	0.0156800000002022	epochs	3.0
2009.855519874115	0.031199999999898864	epochs	2.0
2009.855519874115	0.015599999999949432	epochs	3.0
2009.871119874115	0.015599999999949432	epochs	3.0
2009.886719874115	0.03096000000005006	epochs	2.0
2009.886719874115	0.015519999999924039	epochs	3.0
2009.902239874115	0.01544000000012602	epochs	3.0
2009.917679874115	0.03071999999997388	epochs	2.0
2009.917679874115	0.015439999999898646	epochs	3.0
2009.933119874115	0.015280000000075233	epochs	3.0
2009.948399874115	0.030559999999923093	epochs	2.0
2009.948399874115	0.015359999999873253	epochs	3.0
2009.9637598741149	0.01520000000004984	epochs	3.0
2009.978959874115	0.030320000000074288	epochs	2.0
2009.978959874115	0.01520000000004984	epochs	3.0
2009.994159874115	0.015120000000024447	epochs	3.0
2010.009279874115	0.030079999999998108	epochs	2.0
2010.009279874115	0.015120000000024447	epochs	3.0
2010.024399874115	0.014959999999973661	epochs	3.0
2010.039359874115	0.029919999999947322	epochs	2.0
2010.039359874115	0.015039999999999054	epochs	3.0
2010.054399874115	0.014879999999948268	epochs	3.0
2010.069279874115	0.029680000000098516	epochs	2.0
2010.069279874115	0.014879999999948268	epochs	3.0
2010.084159874115	0.014800000000150249	epochs	3.0
2010.098959874115	0.02952000000004773	epochs	2.0
2010.098959874115	0.014799999999922875	epochs	3.0
2010.113759874115	0.014720000000124855	epochs	3.0
2010.128479874115	0.02927999999997155	epochs	2.0
2010.128479874115	0.014719999999897482	epochs	3.0
2010.143199874115	0.01456000000007407	epochs	3.0
2010.157759874115	0.029119999999920765	epochs	2.0
2010.157759874115	0.014639999999872089	epochs	3.0
2010.172399874115	0.014480000000048676	epochs	3.0
2010.186879874115	0.028960000000097352	epochs	2.0
2010.186879874115	0.014480000000048676	epochs	3.0
2010.201359874115	0.014480000000048676	epochs	3.0
2010.215839874115	0.02863999999999578	epochs	2.0
2010.215839874115	0.01431999999999789	epochs	3.0
2010.230159874115	0.01431999999999789	epochs	3.0
2010.244479874115	0.028559999999970387	epochs	2.0
2010.244479874115	0.01431999999999789	epochs	3.0
2010.258799874115	0.014239999999972497	epochs	3.0
2010.273039874115	0.028319999999894208	epochs	2.0
2010.273039874115	0.014159999999947104	epochs	3.0
2010.287199874115	0.014159999999947104	epochs	3.0
2010.301359874115	0.028160000000070795	epochs	2.0
2010.301359874115	0.014159999999947104	epochs	3.0
2010.315519874115	0.014000000000123691	epochs	3.0
2010.329519874115	0.02800000000002001	epochs	2.0
2010.329519874115	0.013999999999896318	epochs	3.0
2010.343519874115	0.014000000000123691	epochs	3.0
2010.357519874115	0.02775999999994383	epochs	2.0
2010.357519874115	0.013919999999870925	epochs	3.0
2010.371439874115	0.013840000000072905	epochs	3.0
2010.385279874115	0.027679999999918437	epochs	2.0
2010.385279874115	0.013840000000072905	epochs	3.0
2010.399119874115	0.013839999999845531	epochs	3.0
2010.412959874115	0.02744000000006963	epochs	2.0
2010.412959874115	0.013760000000047512	epochs	3.0
2010.426719874115	0.013680000000022119	epochs	3.0
2010.440399874115	0.027280000000018845	epochs	2.0
2010.440399874115	0.013680000000022119	epochs	3.0
2010.454079874115	0.013599999999996726	epochs	3.0
2010.467679874115	0.02711999999996806	epochs	2.0
2010.467679874115	0.013519999999971333	epochs	3.0
2010.481199874115	0.013599999999996726	epochs	3.0
2010.494799874115	0.026880000000119253	epochs	2.0
2010.494799874115	0.01343999999994594	epochs	3.0
2010.508239874115	0.013440000000173313	epochs	3.0
2010.521679874115	0.026799999999866486	epochs	2.0
2010.521679874115	0.01343999999994594	epochs	3.0
2010.535119874115	0.013359999999920547	epochs	3.0
2010.548479874115	0.02656000000001768	epochs	2.0
2010.548479874115	0.013280000000122527	epochs	3.0
2010.561759874115	0.013279999999895153	epochs	3.0
2010.575039874115	0.026479999999992287	epochs	2.0
2010.575039874115	0.013280000000122527	epochs	3.0
2010.588319874115	0.01319999999986976	epochs	3.0
2010.601519874115	0.026240000000143482	epochs	2.0
2010.601519874115	0.013120000000071741	epochs	3.0
2010.614639874115	0.013120000000071741	epochs	3.0
2010.627759874115	0.026159999999890715	epochs	2.0
2010.627759874115	0.013119999999844367	epochs	3.0
2010.640879874115	0.013040000000046348	epochs	3.0
2010.653919874115	0.026000000000067303	epochs	2.0
2010.653919874115	0.013040000000046348	epochs	3.0
2010.666959874115	0.012960000000020955	epochs	3.0
2010.679919874115	0.025759999999991123	epochs	2.0
2010.679919874115	0.012879999999995562	epochs	3.0
2010.692799874115	0.012879999999995562	epochs	3.0
2010.705679874115	0.02567999999996573	epochs	2.0
2010.705679874115	0.012879999999995562	epochs	3.0
2010.718559874115	0.012799999999970169	epochs	3.0
2010.731359874115	0.025519999999914944	epochs	2.0
2010.731359874115	0.012799999999970169	epochs	3.0
2010.744159874115	0.012719999999944775	epochs	3.0
2010.756879874115	0.02536000000009153	epochs	2.0
2010.756879874115	0.01272000000017215	epochs	3.0
2010.769599874115	0.012639999999919382	epochs	3.0
2010.782239874115	0.025200000000040745	epochs	2.0
2010.782239874115	0.012639999999919382	epochs	3.0
2010.794879874115	0.012560000000121363	epochs	3.0
2010.807439874115	0.0245599999998376	epochs	2.0
2010.831599874115	0.5	epochs	-1.0
2010.831999874115	0.5192799999999806	epochs	1.0
2011.3512798741149	0.48064000000022133	epochs	0.0
2017.8889999389648	0.09999999999990905	epochs	0.0
2017.8889999389648	0.044959999999946376	epochs	1.0
2017.9339599389648	0.010080000000016298	epochs	1.0
2017.9440399389648	0.044959999999946376	epochs	1.0
2017.9889999389648	2.0	epochs	0.0
2019.9889999389648	21.51984000000016	epochs	0.0
2019.9889999389648	1.0	epochs	1.0
2019.9889999389648	0.5	epochs	-1.0
2020.4889999389648	19.9996000000001	epochs	-1.0
2020.9889999389648	20.0	epochs	1.0
2020.9889999389648	8.000000002539309e-05	epochs	2.0
2020.9890799389648	4.356719999999996	epochs	-1.0
2020.9890799389648	1.9745600000001104	epochs	2.0
2020.9890799389648	1.098560000000134	epochs	3.0
2022.087639938965	0.8759999999999764	epochs	3.0
2022.963639938965	1.3523999999999887	epochs	2.0
2022.963639938965	0.7286400000000413	epochs	3.0
2023.692279938965	0.6237599999999475	epochs	3.0
2024.3160399389649	1.0297599999998965	epochs	2.0
2024.3160399389649	0.5453600000000733	epochs	3.0
2024.861399938965	0.4843999999998232	epochs	3.0
2025.3457999389648	0.8317600000000311	epochs	2.0
2025.3457999389648	0.435760000000073	epochs	3.0
2025.7815599389648	0.39599999999995816	epochs	3.0
2026.1775599389648	0.697840000000042	epochs	2.0
2026.1775599389648	0.362880000000132	epochs	3.0
2026.540439938965	0.33495999999991	epochs	3.0
2026.8753999389648	0.6010400000000118	epochs	2.0
2026.8753999389648	0.3108799999999974	epochs	3.0
2027.1862799389648	0.2901600000000144	epochs	3.0
2027.4764399389649	0.5278399999999692	epochs	2.0
2027.4764399389649	0.2719199999999091	epochs	3.0
2027.7483599389648	0.2559200000000601	epochs	3.0
2028.0042799389648	0.47064000000000306	epochs	2.0
2028.0042799389648	0.2416800000000876	epochs	3.0
2028.245959938965	0.22895999999991545	epochs	3.0
2028.4749199389648	0.42455999999992855	epochs	2.0
2028.4749199389648	0.2174400000001242	epochs	3.0
2028.692359938965	0.20711999999980435	epochs	3.0
2028.8994799389648	0.3867200000001958	epochs	2.0
2028.8994799389648	0.1976799999999912	epochs	3.0
2029.0971599389648	0.1890400000002046	epochs	3.0
2029.286199938965	0.3551199999999426	epochs	2.0
2029.286199938965	0.1811999999999898	epochs	3.0
2029.467399938965	0.17391999999995278	epochs	3.0
2029.641319938965	0.3282400000000507	epochs	2.0
2029.641319938965	0.16719999999986612	epochs	3.0
2029.8085199389648	0.1610400000001846	epochs	3.0
2029.969559938965	0.3051999999997861	epochs	2.0
2029.969559938965	0.1552799999999479	epochs	3.0
2030.124839938965	0.14991999999983818	epochs	3.0
2030.2747599389647	0.28512000000000626	epochs	2.0
2030.2747599389647	0.1448800000000574	epochs	3.0
2030.4196399389648	0.14023999999994885	epochs	3.0
2030.5598799389647	0.2675200000001041	epochs	2.0
2030.5598799389647	0.13584000000014385	epochs	3.0
2030.6957199389649	0.13167999999996027	epochs	3.0
2030.8273999389648	0.2520799999999781	epochs	2.0
2030.8273999389648	0.12784000000010565	epochs	3.0
2030.955239938965	0.12423999999987245	epochs	3.0
2031.0794799389648	0.23816000000010717	epochs	2.0
2031.0794799389648	0.1207200000001194	epochs	3.0
2031.200199938965	0.11743999999998778	epochs	3.0
2031.317639938965	0.22583999999983462	epochs	2.0
2031.317639938965	0.11439999999993233	epochs	3.0
2031.4320399389649	0.11143999999990228	epochs	3.0
2031.5434799389648	0.21464000000014494	epochs	2.0
2031.5434799389648	0.1086400000001504	epochs	3.0
2031.652119938965	0.10599999999999454	epochs	3.0
2031.758119938965	0.20447999999987587	epochs	2.0
2031.758119938965	0.10343999999986409	epochs	3.0
2031.8615599389648	0.10104000000001179	epochs	3.0
2031.9625999389648	0.1953600000001643	epochs	2.0
2031.9625999389648	0.0987999999999829	epochs	3.0
2032.0613999389648	0.09656000000018139	epochs	3.0
2032.157959938965	0.18695999999999913	epochs	2.0
2032.157959938965	0.09447999999997592	epochs	3.0
2032.252439938965	0.09248000000002321	epochs	3.0
2032.344919938965	0.17919999999980973	epochs	2.0
2032.344919938965	0.09047999999984313	epochs	3.0
2032.4353999389648	0.0887199999999666	epochs	3.0
2032.5241199389648	0.17208000000005086	epochs	2.0
2032.5241199389648	0.08688000000006468	epochs	3.0
2032.6109999389648	0.08519999999998618	epochs	3.0
2032.6961999389648	0.165520000000015	epochs	2.0
2032.6961999389648	0.08359999999993306	epochs	3.0
2032.7797999389647	0.08192000000008193	epochs	3.0
2032.8617199389648	0.1595199999999295	epochs	2.0
2032.8617199389648	0.0804800000000796	epochs	3.0
2032.942199938965	0.0790399999998499	epochs	3.0
2033.0212399389648	0.15376000000014756	epochs	2.0
2033.0212399389648	0.07760000000007494	epochs	3.0
2033.0988399389648	0.07616000000007261	epochs	3.0
2033.174999938965	0.14855999999986125	epochs	2.0
2033.174999938965	0.07495999999991909	epochs	3.0
2033.2499599389648	0.07359999999994216	epochs	3.0
2033.3235599389648	0.14368000000013126	epochs	2.0
2033.3235599389648	0.0724800000000414	epochs	3.0
2033.3960399389648	0.07120000000008986	epochs	3.0
2033.467239938965	0.1390400000000227	epochs	2.0
2033.467239938965	0.07007999999996173	epochs	3.0
2033.5373199389649	0.06896000000006097	epochs	3.0
2033.606279938965	0.13472000000001572	epochs	2.0
2033.606279938965	0.06791999999995824	epochs	3.0
2033.6741999389649	0.06680000000005748	epochs	3.0
2033.740999938965	0.13071999999988293	epochs	2.0
2033.740999938965	0.06583999999998014	epochs	3.0
2033.806839938965	0.0648799999999028	epochs	3.0
2033.8717199389648	0.1268000000000029	epochs	2.0
2033.8717199389648	0.06384000000002743	epochs	3.0
2033.9355599389648	0.06295999999997548	epochs	3.0
2033.9985199389648	0.12328000000002248	epochs	2.0
2033.9985199389648	0.06207999999992353	epochs	3.0
2034.0605999389647	0.06120000000009895	epochs	3.0
2034.1217999389648	0.11984000000006745	epochs	2.0
2034.1217999389648	0.060320000000047	epochs	3.0
2034.182119938965	0.059520000000020445	epochs	3.0
2034.241639938965	0.11663999999996122	epochs	2.0
2034.241639938965	0.05871999999999389	epochs	3.0
2034.300359938965	0.05791999999996733	epochs	3.0
2034.3582799389649	0.11359999999990578	epochs	2.0
2034.3582799389649	0.05719999999996617	epochs	3.0
2034.4154799389648	0.05639999999993961	epochs	3.0
2034.4718799389648	0.1107200000001285	epochs	2.0
2034.4718799389648	0.05568000000016582	epochs	3.0
2034.527559938965	0.055039999999962674	epochs	3.0
2034.582599938965	0.10791999999992186	epochs	2.0
2034.582599938965	0.05423999999993612	epochs	3.0
2034.6368399389648	0.05367999999998574	epochs	3.0
2034.6905199389648	0.10527999999999338	epochs	2.0
2034.6905199389648	0.052959999999984575	epochs	3.0
2034.7434799389648	0.052320000000008804	epochs	3.0
2034.7957999389648	0.10287999999991371	epochs	2.0
2034.7957999389648	0.051760000000058426	epochs	3.0
2034.8475599389649	0.05111999999985528	epochs	3.0
2034.8986799389647	0.10040000000003602	epochs	2.0
2034.8986799389647	0.050480000000106884	epochs	3.0
2034.9491599389648	0.04991999999992913	epochs	3.0
2034.9990799389648	0.09824000000003252	epochs	2.0
2034.9990799389648	0.049359999999978754	epochs	3.0
2035.0484399389647	0.04888000000005377	epochs	3.0
2035.0973199389648	0.09600000000000364	epochs	2.0
2035.0973199389648	0.048240000000078	epochs	3.0
2035.1455599389649	0.04775999999992564	epochs	3.0
2035.1933199389648	0.09392000000002554	epochs	2.0
2035.1933199389648	0.04719999999997526	epochs	3.0
2035.2405199389648	0.04672000000005028	epochs	3.0
2035.2872399389648	0.09192000000007283	epochs	2.0
2035.2872399389648	0.0461600000000999	epochs	3.0
2035.333399938965	0.04575999999997293	epochs	3.0
2035.379159938965	0.09007999999994354	epochs	2.0
2035.379159938965	0.04528000000004795	epochs	3.0
2035.424439938965	0.04479999999989559	epochs	3.0
2035.4692399389648	0.08816000000001623	epochs	2.0
2035.4692399389648	0.044319999999970605	epochs	3.0
2035.5135599389648	0.04384000000004562	epochs	3.0
2035.5573999389649	0.08647999999993772	epochs	2.0
2035.5573999389649	0.043439999999918655	epochs	3.0
2035.6008399389648	0.04304000000001906	epochs	3.0
2035.6438799389648	0.08472000000006119	epochs	2.0
2035.6438799389648	0.04256000000009408	epochs	3.0
2035.686439938965	0.04215999999996711	epochs	3.0
2035.7285999389649	0.08320000000003347	epochs	2.0
2035.7285999389649	0.04176000000006752	epochs	3.0
2035.770359938965	0.04143999999996595	epochs	3.0
2035.811799938965	0.08151999999995496	epochs	2.0
2035.811799938965	0.040960000000040964	epochs	3.0
2035.852759938965	0.040559999999914	epochs	3.0
2035.8933199389649	0.08007999999995263	epochs	2.0
2035.8933199389649	0.0402400000000398	epochs	3.0
2035.933559938965	0.039839999999912834	epochs	3.0
2035.9733999389648	0.0786399999999503	epochs	2.0
2035.9733999389648	0.039520000000038635	epochs	3.0
2036.0129199389648	0.03911999999991167	epochs	3.0
2036.0520399389648	0.07720000000017535	epochs	2.0
2036.0520399389648	0.03880000000003747	epochs	3.0
2036.0908399389648	0.03840000000013788	epochs	3.0
2036.129239938965	0.07591999999999643	epochs	2.0
2036.129239938965	0.038159999999834326	epochs	3.0
2036.1673999389648	0.03776000000016211	epochs	3.0
2036.205159938965	0.0745600000000195	epochs	2.0
2036.205159938965	0.03743999999983316	epochs	3.0
2036.2425999389648	0.03712000000018634	epochs	3.0
2036.279719938965	0.07335999999986598	epochs	2.0
2036.279719938965	0.03679999999985739	epochs	3.0
2036.3165199389648	0.036560000000008586	epochs	3.0
2036.3530799389648	0.07208000000014181	epochs	2.0
2036.3530799389648	0.036160000000108994	epochs	3.0
2036.389239938965	0.035920000000032815	epochs	3.0
2036.425159938965	0.07087999999998829	epochs	2.0
2036.425159938965	0.03559999999993124	epochs	3.0
2036.4607599389649	0.035280000000057044	epochs	3.0
2036.496039938965	0.06983999999988555	epochs	2.0
2036.496039938965	0.035039999999980864	epochs	3.0
2036.531079938965	0.034799999999904685	epochs	3.0
2036.5658799389648	0.0686399999999594	epochs	2.0
2036.5658799389648	0.034480000000030486	epochs	3.0
2036.6003599389649	0.034159999999928914	epochs	3.0
2036.6345199389648	0.06760000000008404	epochs	2.0
2036.6345199389648	0.03392000000008011	epochs	3.0
2036.6684399389649	0.03368000000000393	epochs	3.0
2036.7021199389649	0.0665599999999813	epochs	2.0
2036.7021199389649	0.03343999999992775	epochs	3.0
2036.7355599389648	0.03312000000005355	epochs	3.0
2036.7686799389649	0.06559999999990396	epochs	2.0
2036.7686799389649	0.032960000000002765	epochs	3.0
2036.8016399389649	0.03263999999990119	epochs	3.0
2036.8342799389648	0.0645600000000286	epochs	2.0
2036.8342799389648	0.03240000000005239	epochs	3.0
2036.8666799389648	0.03215999999997621	epochs	3.0
2036.8988399389648	0.06367999999997664	epochs	2.0
2036.8988399389648	0.032000000000152795	epochs	3.0
2036.930839938965	0.03167999999982385	epochs	3.0
2036.9625199389648	0.06272000000012667	epochs	2.0
2036.9625199389648	0.03143999999997504	epochs	3.0
2036.9939599389647	0.03128000000015163	epochs	3.0
2037.025239938965	0.06183999999984735	epochs	2.0
2037.025239938965	0.031039999999848078	epochs	3.0
2037.0562799389647	0.030799999999999272	epochs	3.0
2037.0870799389647	0.060960000000022774	epochs	2.0
2037.0870799389647	0.030560000000150467	epochs	3.0
2037.1176399389649	0.030399999999872307	epochs	3.0
2037.1480399389648	0.060159999999996217	epochs	2.0
2037.1480399389648	0.0301600000000235	epochs	3.0
2037.1781999389648	0.029999999999972715	epochs	3.0
2037.2081999389648	0.05928000000017164	epochs	2.0
2037.2081999389648	0.029680000000098516	epochs	3.0
2037.2378799389649	0.029600000000073123	epochs	3.0
2037.267479938965	0.05847999999991771	epochs	2.0
2037.267479938965	0.029359999999996944	epochs	3.0
2037.296839938965	0.029119999999920765	epochs	3.0
2037.3259599389648	0.057759999999916545	epochs	2.0
2037.3259599389648	0.028960000000097352	epochs	3.0
2037.354919938965	0.028799999999819192	epochs	3.0
2037.3837199389648	0.05696000000011736	epochs	2.0
2037.3837199389648	0.028559999999970387	epochs	3.0
2037.4122799389647	0.028400000000146974	epochs	3.0
2037.4406799389649	0.05623999999988882	epochs	2.0
2037.4406799389649	0.028160000000070795	epochs	3.0
2037.468839938965	0.02807999999981803	epochs	3.0
2037.4969199389648	0.05544000000008964	epochs	2.0
2037.4969199389648	0.027839999999969223	epochs	3.0
2037.5247599389647	0.027600000000120417	epochs	3.0
2037.5523599389649	0.05487999999991189	epochs	2.0
2037.5523599389649	0.027520000000095024	epochs	3.0
2037.579879938965	0.027359999999816864	epochs	3.0
2037.6072399389648	0.054080000000112705	epochs	2.0
2037.6072399389648	0.02711999999996806	epochs	3.0
2037.6343599389647	0.026960000000144646	epochs	3.0
2037.6613199389649	0.05343999999990956	epochs	2.0
2037.6613199389649	0.026799999999866486	epochs	3.0
2037.6881199389647	0.026640000000043074	epochs	3.0
2037.7147599389648	0.05287999999995918	epochs	2.0
2037.7147599389648	0.026479999999992287	epochs	3.0
2037.7412399389648	0.026399999999966894	epochs	3.0
2037.7676399389647	0.05216000000018539	epochs	2.0
2037.7676399389647	0.02616000000011809	epochs	3.0
2037.7937999389649	0.026000000000067303	epochs	3.0
2037.819799938965	0.05151999999998225	epochs	2.0
2037.819799938965	0.025840000000016516	epochs	3.0
2037.845639938965	0.02567999999996573	epochs	3.0
2037.871319938965	0.05096000000003187	epochs	2.0
2037.871319938965	0.025599999999940337	epochs	3.0
2037.8969199389649	0.02536000000009153	epochs	3.0
2037.922279938965	0.05039999999985412	epochs	2.0
2037.922279938965	0.025279999999838765	epochs	3.0
2037.9475599389648	0.025120000000015352	epochs	3.0
2037.9726799389648	0.04976000000010572	epochs	2.0
2037.9726799389648	0.024959999999964566	epochs	3.0
2037.9976399389648	0.024800000000141154	epochs	3.0
2038.022439938965	0.04919999999992797	epochs	2.0
2038.022439938965	0.024639999999862994	epochs	3.0
2038.0470799389648	0.024560000000064974	epochs	3.0
2038.0716399389648	0.04872000000000298	epochs	2.0
2038.0716399389648	0.024400000000014188	epochs	3.0
2038.0960399389649	0.024319999999988795	epochs	3.0
2038.1203599389648	0.04808000000002721	epochs	2.0
2038.1203599389648	0.024079999999912616	epochs	3.0
2038.1444399389648	0.024000000000114596	epochs	3.0
2038.1684399389649	0.047599999999874854	epochs	2.0
2038.1684399389649	0.02384000000006381	epochs	3.0
2038.192279938965	0.023759999999811043	epochs	3.0
2038.2160399389647	0.04712000000017724	epochs	2.0
2038.2160399389647	0.023600000000215005	epochs	3.0
2038.239639938965	0.023519999999962238	epochs	3.0
2038.263159938965	0.04655999999999949	epochs	2.0
2038.263159938965	0.02335999999991145	epochs	3.0
2038.2865199389648	0.02320000000008804	epochs	3.0
2038.309719938965	0.04607999999984713	epochs	2.0
2038.309719938965	0.023119999999835272	epochs	3.0
2038.3328399389648	0.02296000000001186	epochs	3.0
2038.3557999389648	0.04560000000014952	epochs	2.0
2038.3557999389648	0.022879999999986467	epochs	3.0
2038.3786799389648	0.022720000000163054	epochs	3.0
2038.401399938965	0.04511999999999716	epochs	2.0
2038.401399938965	0.022639999999910287	epochs	3.0
2038.4240399389648	0.022480000000086875	epochs	3.0
2038.446519938965	0.044639999999844804	epochs	2.0
2038.446519938965	0.022399999999834108	epochs	3.0
2038.4689199389647	0.022240000000010696	epochs	3.0
2038.4911599389648	0.044240000000172586	epochs	2.0
2038.4911599389648	0.022159999999985303	epochs	3.0
2038.5133199389647	0.022080000000187283	epochs	3.0
2038.535399938965	0.04376000000002023	epochs	2.0
2038.535399938965	0.021919999999909123	epochs	3.0
2038.5573199389648	0.021840000000111104	epochs	3.0
2038.579159938965	0.04335999999989326	epochs	2.0
2038.579159938965	0.021759999999858337	epochs	3.0
2038.6009199389648	0.021600000000034925	epochs	3.0
2038.6225199389648	0.04287999999996828	epochs	2.0
2038.6225199389648	0.02143999999998414	epochs	3.0
2038.6439599389648	0.02143999999998414	epochs	3.0
2038.6653999389648	0.042480000000068685	epochs	2.0
2038.6653999389648	0.021279999999933352	epochs	3.0
2038.6866799389647	0.021200000000135333	epochs	3.0
2038.7078799389649	0.04207999999994172	epochs	2.0
2038.7078799389649	0.021039999999857173	epochs	3.0
2038.7289199389647	0.021040000000084547	epochs	3.0
2038.7499599389648	0.04168000000004213	epochs	2.0
2038.7499599389648	0.02088000000003376	epochs	3.0
2038.7708399389649	0.020800000000008367	epochs	3.0
2038.7916399389649	0.04119999999988977	epochs	2.0
2038.7916399389649	0.02063999999995758	epochs	3.0
2038.8122799389648	0.020559999999932188	epochs	3.0
2038.8328399389648	0.04088000000001557	epochs	2.0
2038.8328399389648	0.020560000000159562	epochs	3.0
2038.853399938965	0.02031999999985601	epochs	3.0
2038.8737199389648	0.04056000000014137	epochs	2.0
2038.8737199389648	0.020320000000083382	epochs	3.0
2038.8940399389649	0.02024000000005799	epochs	3.0
2038.914279938965	0.04007999999998901	epochs	2.0
2038.914279938965	0.020080000000007203	epochs	3.0
2038.934359938965	0.01999999999998181	epochs	3.0
2038.954359938965	0.03975999999988744	epochs	2.0
2038.954359938965	0.019919999999956417	epochs	3.0
2038.9742799389649	0.019839999999931024	epochs	3.0
2038.9941199389648	0.03944000000001324	epochs	2.0
2038.9941199389648	0.019760000000133005	epochs	3.0
2039.013879938965	0.019679999999880238	epochs	3.0
2039.0335599389648	0.03904000000011365	epochs	2.0
2039.0335599389648	0.019520000000056825	epochs	3.0
2039.0530799389649	0.019520000000056825	epochs	3.0
2039.072599938965	0.038639999999986685	epochs	2.0
2039.072599938965	0.01936000000000604	epochs	3.0
2039.091959938965	0.019279999999980646	epochs	3.0
2039.111239938965	0.038399999999910506	epochs	2.0
2039.111239938965	0.019279999999980646	epochs	3.0
2039.1305199389649	0.01911999999992986	epochs	3.0
2039.1496399389648	0.038000000000010914	epochs	2.0
2039.1496399389648	0.01904000000013184	epochs	3.0
2039.168679938965	0.018959999999879074	epochs	3.0
2039.1876399389648	0.03767999999990934	epochs	2.0
2039.1876399389648	0.018880000000081054	epochs	3.0
2039.206519938965	0.018799999999828287	epochs	3.0
2039.2253199389647	0.03736000000003514	epochs	2.0
2039.2253199389647	0.018720000000030268	epochs	3.0
2039.2440399389648	0.018640000000004875	epochs	3.0
2039.2626799389648	0.037040000000160944	epochs	2.0
2039.2626799389648	0.018559999999979482	epochs	3.0
2039.2812399389647	0.018480000000181462	epochs	3.0
2039.299719938965	0.036719999999832	epochs	2.0
2039.299719938965	0.018399999999928696	epochs	3.0
2039.3181199389649	0.018319999999903303	epochs	3.0
2039.3364399389648	0.03647999999998319	epochs	2.0
2039.3364399389648	0.018240000000105283	epochs	3.0
2039.3546799389649	0.01823999999987791	epochs	3.0
2039.3729199389647	0.0360800000000836	epochs	2.0
2039.3729199389647	0.018080000000054497	epochs	3.0
2039.3909999389648	0.018000000000029104	epochs	3.0
2039.4089999389648	0.03584000000000742	epochs	2.0
2039.4089999389648	0.01792000000000371	epochs	3.0
2039.4269199389648	0.01792000000000371	epochs	3.0
2039.4448399389648	0.03551999999990585	epochs	2.0
2039.4448399389648	0.017759999999952925	epochs	3.0
2039.4625999389648	0.017759999999952925	epochs	3.0
2039.4803599389647	0.03520000000003165	epochs	2.0
2039.4803599389647	0.017680000000154905	epochs	3.0
2039.498039938965	0.017519999999876745	epochs	3.0
2039.5155599389648	0.034960000000182845	epochs	2.0
2039.5155599389648	0.01752000000010412	epochs	3.0
2039.5330799389649	0.017440000000078726	epochs	3.0
2039.550519938965	0.03471999999987929	epochs	2.0
2039.550519938965	0.017439999999851352	epochs	3.0
2039.5679599389648	0.01728000000002794	epochs	3.0
2039.5852399389648	0.03440000000000509	epochs	2.0
2039.5852399389648	0.017200000000002547	epochs	3.0
2039.6024399389648	0.017200000000002547	epochs	3.0
2039.6196399389648	0.034159999999928914	epochs	2.0
2039.6196399389648	0.017119999999977153	epochs	3.0
2039.6367599389648	0.01703999999995176	epochs	3.0
2039.6537999389648	0.033840000000054715	epochs	2.0
2039.6537999389648	0.01696000000015374	epochs	3.0
2039.670759938965	0.016879999999900974	epochs	3.0
2039.6876399389648	0.033599999999978536	epochs	2.0
2039.6876399389648	0.016800000000102955	epochs	3.0
2039.704439938965	0.01679999999987558	epochs	3.0
2039.7212399389648	0.03336000000012973	epochs	2.0
2039.7212399389648	0.01672000000007756	epochs	3.0
2039.7379599389649	0.01664000000005217	epochs	3.0
2039.754599938965	0.03311999999982618	epochs	2.0
2039.754599938965	0.016560000000026776	epochs	3.0
2039.771159938965	0.016559999999799402	epochs	3.0
2039.7877199389648	0.03280000000017935	epochs	2.0
2039.7877199389648	0.016400000000203363	epochs	3.0
2039.804119938965	0.01639999999997599	epochs	3.0
2039.820519938965	0.0325599999998758	epochs	2.0
2039.820519938965	0.016319999999950596	epochs	3.0
2039.8368399389649	0.016239999999925203	epochs	3.0
2039.8530799389648	0.03240000000005239	epochs	2.0
2039.8530799389648	0.016239999999925203	epochs	3.0
2039.8693199389647	0.016160000000127184	epochs	3.0
2039.8854799389649	0.032079999999950815	epochs	2.0
2039.8854799389649	0.016079999999874417	epochs	3.0
2039.9015599389647	0.016000000000076398	epochs	3.0
2039.9175599389648	0.0319200000001274	epochs	2.0
2039.9175599389648	0.016000000000076398	epochs	3.0
2039.933559938965	0.015920000000051004	epochs	3.0
2039.949479938965	0.031599999999798456	epochs	2.0
2039.949479938965	0.015839999999798238	epochs	3.0
2039.9653199389647	0.01576000000000022	epochs	3.0
2039.9810799389647	0.03144000000020242	epochs	2.0
2039.9810799389647	0.01576000000000022	epochs	3.0
2039.9968399389647	0.0156800000002022	epochs	3.0
2040.012519938965	0.031199999999898864	epochs	2.0
2040.012519938965	0.015599999999949432	epochs	3.0
2040.028119938965	0.015599999999949432	epochs	3.0
2040.0437199389648	0.03096000000005006	epochs	2.0
2040.0437199389648	0.015519999999924039	epochs	3.0
2040.0592399389648	0.01544000000012602	epochs	3.0
2040.074679938965	0.03071999999997388	epochs	2.0
2040.074679938965	0.015439999999898646	epochs	3.0
2040.0901199389648	0.015280000000075233	epochs	3.0
2040.1053999389649	0.030559999999923093	epochs	2.0
2040.1053999389649	0.015359999999873253	epochs	3.0
2040.1207599389647	0.01520000000004984	epochs	3.0
2040.1359599389648	0.030320000000074288	epochs	2.0
2040.1359599389648	0.01520000000004984	epochs	3.0
2040.1511599389648	0.015120000000024447	epochs	3.0
2040.1662799389649	0.030079999999998108	epochs	2.0
2040.1662799389649	0.015120000000024447	epochs	3.0
2040.181399938965	0.014959999999973661	epochs	3.0
2040.1963599389649	0.029919999999947322	epochs	2.0
2040.1963599389649	0.015039999999999054	epochs	3.0
2040.2113999389649	0.014879999999948268	epochs	3.0
2040.2262799389648	0.029680000000098516	epochs	2.0
2040.2262799389648	0.014879999999948268	epochs	3.0
2040.2411599389648	0.014800000000150249	epochs	3.0
2040.255959938965	0.02952000000004773	epochs	2.0
2040.255959938965	0.014799999999922875	epochs	3.0
2040.2707599389648	0.014720000000124855	epochs	3.0
2040.285479938965	0.02927999999997155	epochs	2.0
2040.285479938965	0.014719999999897482	epochs	3.0
2040.3001999389649	0.01456000000007407	epochs	3.0
2040.314759938965	0.029119999999920765	epochs	2.0
2040.314759938965	0.014639999999872089	epochs	3.0
2040.3293999389648	0.014480000000048676	epochs	3.0
2040.3438799389648	0.028960000000097352	epochs	2.0
2040.3438799389648	0.014480000000048676	epochs	3.0
2040.358359938965	0.014480000000048676	epochs	3.0
2040.372839938965	0.02863999999999578	epochs	2.0
2040.372839938965	0.01431999999999789	epochs	3.0
2040.387159938965	0.01431999999999789	epochs	3.0
2040.401479938965	0.028559999999970387	epochs	2.0
2040.401479938965	0.01431999999999789	epochs	3.0
2040.415799938965	0.014239999999972497	epochs	3.0
2040.430039938965	0.028319999999894208	epochs	2.0
2040.430039938965	0.014159999999947104	epochs	3.0
2040.4441999389649	0.014159999999947104	epochs	3.0
2040.4583599389648	0.028160000000070795	epochs	2.0
2040.4583599389648	0.014159999999947104	epochs	3.0
2040.4725199389648	0.014000000000123691	epochs	3.0
2040.4865199389649	0.02800000000002001	epochs	2.0
2040.4865199389649	0.013999999999896318	epochs	3.0
2040.5005199389648	0.014000000000123691	epochs	3.0
2040.514519938965	0.02775999999994383	epochs	2.0
2040.514519938965	0.013919999999870925	epochs	3.0
2040.5284399389648	0.013840000000072905	epochs	3.0
2040.5422799389648	0.027679999999918437	epochs	2.0
2040.5422799389648	0.013840000000072905	epochs	3.0
2040.556119938965	0.013839999999845531	epochs	3.0
2040.5699599389648	0.02744000000006963	epochs	2.0
2040.5699599389648	0.013760000000047512	epochs	3.0
2040.5837199389648	0.013680000000022119	epochs	3.0
2040.5973999389648	0.027280000000018845	epochs	2.0
2040.5973999389648	0.013680000000022119	epochs	3.0
2040.6110799389648	0.013599999999996726	epochs	3.0
2040.6246799389648	0.02711999999996806	epochs	2.0
2040.6246799389648	0.013519999999971333	epochs	3.0
2040.6381999389648	0.013599999999996726	epochs	3.0
2040.6517999389648	0.026880000000119253	epochs	2.0
2040.6517999389648	0.01343999999994594	epochs	3.0
2040.6652399389648	0.013440000000173313	epochs	3.0
2040.678679938965	0.026799999999866486	epochs	2.0
2040.678679938965	0.01343999999994594	epochs	3.0
2040.6921199389649	0.013359999999920547	epochs	3.0
2040.7054799389648	0.02656000000001768	epochs	2.0
2040.7054799389648	0.013280000000122527	epochs	3.0
2040.718759938965	0.013279999999895153	epochs	3.0
2040.7320399389648	0.026479999999992287	epochs	2.0
2040.7320399389648	0.013280000000122527	epochs	3.0
2040.745319938965	0.01319999999986976	epochs	3.0
2040.7585199389648	0.026240000000143482	epochs	2.0
2040.7585199389648	0.013120000000071741	epochs	3.0
2040.7716399389649	0.013120000000071741	epochs	3.0
2040.784759938965	0.026159999999890715	epochs	2.0
2040.784759938965	0.013119999999844367	epochs	3.0
2040.7978799389648	0.013040000000046348	epochs	3.0
2040.8109199389648	0.026000000000067303	epochs	2.0
2040.8109199389648	0.013040000000046348	epochs	3.0
2040.823959938965	0.012960000000020955	epochs	3.0
2040.836919938965	0.025759999999991123	epochs	2.0
2040.836919938965	0.012879999999995562	epochs	3.0
2040.849799938965	0.012879999999995562	epochs	3.0
2040.862679938965	0.02567999999996573	epochs	2.0
2040.862679938965	0.012879999999995562	epochs	3.0
2040.875559938965	0.012799999999970169	epochs	3.0
2040.8883599389649	0.025519999999914944	epochs	2.0
2040.8883599389649	0.012799999999970169	epochs	3.0
2040.9011599389648	0.012719999999944775	epochs	3.0
2040.9138799389648	0.02536000000009153	epochs	2.0
2040.9138799389648	0.01272000000017215	epochs	3.0
2040.926599938965	0.012639999999919382	epochs	3.0
2040.9392399389649	0.025200000000040745	epochs	2.0
2040.9392399389649	0.012639999999919382	epochs	3.0
2040.9518799389648	0.012560000000121363	epochs	3.0
2040.964439938965	0.0245599999998376	epochs	2.0
2040.9885999389649	0.5	epochs	-1.0
2040.9889999389648	0.5198400000001584	epochs	1.0
2041.508839938965	0.4800800000000436	epochs	0.0
2058.2170000076294	0.09999999999990905	epochs	0.0
2058.2170000076294	0.04496000000017375	epochs	1.0
2058.2619600076296	0.010080000000016298	epochs	1.0
2058.2720400076296	0.044959999999719	epochs	1.0
2058.3170000076293	2.0	epochs	0.0
2060.3170000076293	21.519999999999982	epochs	0.0
2060.3170000076293	1.0	epochs	1.0
2060.3170000076293	0.5	epochs	-1.0
2060.8170000076293	19.9996000000001	epochs	-1.0
2061.3170000076293	20.0	epochs	1.0
2061.3170000076293	8.000000025276677e-05	epochs	2.0
2061.3170800076296	4.356719999999768	epochs	-1.0
2061.3170800076296	1.9745599999996557	epochs	2.0
2061.3170800076296	1.0985599999999067	epochs	3.0
2062.4156400076295	0.875999999999749	epochs	3.0
2063.291640007629	1.352400000000216	epochs	2.0
2063.291640007629	0.7286400000002686	epochs	3.0
2064.0202800076295	0.6237599999999475	epochs	3.0
2064.6440400076294	1.0297599999998965	epochs	2.0
2064.6440400076294	0.5453600000000733	epochs	3.0
2065.1894000076295	0.4843999999998232	epochs	3.0
2065.6738000076293	0.8317600000000311	epochs	2.0
2065.6738000076293	0.4357599999998456	epochs	3.0
2066.109560007629	0.39600000000018554	epochs	3.0
2066.5055600076294	0.6978399999998146	epochs	2.0
2066.5055600076294	0.362880000000132	epochs	3.0
2066.8684400076295	0.3349599999996826	epochs	3.0
2067.203400007629	0.6010400000000118	epochs	2.0
2067.203400007629	0.3108799999999974	epochs	3.0
2067.514280007629	0.2901600000000144	epochs	3.0
2067.804440007629	0.5278400000001966	epochs	2.0
2067.804440007629	0.2719200000001365	epochs	3.0
2068.0763600076293	0.2559200000000601	epochs	3.0
2068.3322800076294	0.47064000000000306	epochs	2.0
2068.3322800076294	0.2416800000000876	epochs	3.0
2068.5739600076295	0.22895999999991545	epochs	3.0
2068.8029200076294	0.42455999999992855	epochs	2.0
2068.8029200076294	0.21743999999989683	epochs	3.0
2069.0203600076293	0.20712000000003172	epochs	3.0
2069.2274800076293	0.3867199999999684	epochs	2.0
2069.2274800076293	0.19768000000021857	epochs	3.0
2069.4251600076295	0.18903999999974985	epochs	3.0
2069.6142000076293	0.35512000000016997	epochs	2.0
2069.6142000076293	0.1811999999999898	epochs	3.0
2069.7954000076293	0.17392000000018015	epochs	3.0
2069.9693200076294	0.32823999999982334	epochs	2.0
2069.9693200076294	0.16719999999986612	epochs	3.0
2070.1365200076293	0.16103999999995722	epochs	3.0
2070.2975600076293	0.30520000000024083	epochs	2.0
2070.2975600076293	0.1552799999999479	epochs	3.0
2070.452840007629	0.14992000000029293	epochs	3.0
2070.6027600076295	0.28512000000000626	epochs	2.0
2070.6027600076295	0.14487999999983003	epochs	3.0
2070.7476400076293	0.14024000000017622	epochs	3.0
2070.8878800076295	0.26751999999987675	epochs	2.0
2070.8878800076295	0.13583999999991647	epochs	3.0
2071.0237200076294	0.13167999999996027	epochs	3.0
2071.1554000076294	0.2520800000002055	epochs	2.0
2071.1554000076294	0.12784000000010565	epochs	3.0
2071.2832400076295	0.12424000000009983	epochs	3.0
2071.4074800076296	0.2381599999998798	epochs	2.0
2071.4074800076296	0.12071999999989202	epochs	3.0
2071.5282000076295	0.11743999999998778	epochs	3.0
2071.6456400076295	0.225840000000062	epochs	2.0
2071.6456400076295	0.11439999999993233	epochs	3.0
2071.7600400076294	0.11144000000012966	epochs	3.0
2071.8714800076295	0.2146399999996902	epochs	2.0
2071.8714800076295	0.10863999999992302	epochs	3.0
2071.9801200076295	0.10599999999976717	epochs	3.0
2072.0861200076292	0.20448000000033062	epochs	2.0
2072.0861200076292	0.10344000000031883	epochs	3.0
2072.1895600076296	0.10104000000001179	epochs	3.0
2072.2906000076296	0.19535999999970954	epochs	2.0
2072.2906000076296	0.09879999999975553	epochs	3.0
2072.3894000076293	0.09655999999995402	epochs	3.0
2072.4859600076293	0.18695999999999913	epochs	2.0
2072.4859600076293	0.09448000000020329	epochs	3.0
2072.5804400076295	0.09247999999979584	epochs	3.0
2072.6729200076293	0.1792000000000371	epochs	2.0
2072.6729200076293	0.09048000000029788	epochs	3.0
2072.7634000076296	0.08871999999973923	epochs	3.0
2072.8521200076293	0.17208000000027823	epochs	2.0
2072.8521200076293	0.08688000000029206	epochs	3.0
2072.9390000076296	0.08519999999998618	epochs	3.0
2073.0242000076296	0.165520000000015	epochs	2.0
2073.0242000076296	0.08359999999993306	epochs	3.0
2073.1078000076295	0.08192000000008193	epochs	3.0
2073.1897200076296	0.15951999999970212	epochs	2.0
2073.1897200076296	0.08047999999962485	epochs	3.0
2073.2702000076292	0.07904000000007727	epochs	3.0
2073.3492400076293	0.15376000000014756	epochs	2.0
2073.3492400076293	0.07760000000007494	epochs	3.0
2073.4268400076294	0.07616000000007261	epochs	3.0
2073.5030000076295	0.14856000000008862	epochs	2.0
2073.5030000076295	0.07495999999991909	epochs	3.0
2073.5779600076294	0.07360000000016953	epochs	3.0
2073.6515600076295	0.1436799999996765	epochs	2.0
2073.6515600076295	0.07247999999981403	epochs	3.0
2073.7240400076294	0.07119999999986248	epochs	3.0
2073.795240007629	0.1390400000000227	epochs	2.0
2073.795240007629	0.07007999999996173	epochs	3.0
2073.865320007629	0.06896000000006097	epochs	3.0
2073.9342800076292	0.13472000000001572	epochs	2.0
2073.9342800076292	0.06791999999995824	epochs	3.0
2074.002200007629	0.06680000000005748	epochs	3.0
2074.0690000076293	0.1307200000001103	epochs	2.0
2074.0690000076293	0.06584000000020751	epochs	3.0
2074.1348400076295	0.0648799999999028	epochs	3.0
2074.1997200076294	0.1268000000000029	epochs	2.0
2074.1997200076294	0.06383999999980006	epochs	3.0
2074.263560007629	0.06296000000020285	epochs	3.0
2074.3265200076294	0.12328000000024986	epochs	2.0
2074.3265200076294	0.0620800000001509	epochs	3.0
2074.3886000076295	0.06120000000009895	epochs	3.0
2074.4498000076296	0.11983999999984007	epochs	2.0
2074.4498000076296	0.060319999999592255	epochs	3.0
2074.510120007629	0.05952000000024782	epochs	3.0
2074.5696400076295	0.11663999999973385	epochs	2.0
2074.5696400076295	0.05871999999999389	epochs	3.0
2074.6283600076295	0.05791999999973996	epochs	3.0
2074.686280007629	0.11360000000013315	epochs	2.0
2074.686280007629	0.05720000000019354	epochs	3.0
2074.7434800076294	0.05639999999993961	epochs	3.0
2074.7998800076293	0.1107200000001285	epochs	2.0
2074.7998800076293	0.055679999999938445	epochs	3.0
2074.8555600076293	0.05504000000019005	epochs	3.0
2074.9106000076295	0.10791999999992186	epochs	2.0
2074.9106000076295	0.05423999999993612	epochs	3.0
2074.9648400076294	0.05367999999998574	epochs	3.0
2075.0185200076294	0.10528000000022075	epochs	2.0
2075.0185200076294	0.052959999999984575	epochs	3.0
2075.0714800076294	0.05232000000023618	epochs	3.0
2075.1238000076296	0.10287999999991371	epochs	2.0
2075.1238000076296	0.05175999999983105	epochs	3.0
2075.1755600076294	0.051120000000082655	epochs	3.0
2075.2266800076295	0.10039999999980864	epochs	2.0
2075.2266800076295	0.05047999999987951	epochs	3.0
2075.2771600076294	0.04991999999992913	epochs	3.0
2075.3270800076293	0.0982400000002599	epochs	2.0
2075.3270800076293	0.049359999999978754	epochs	3.0
2075.3764400076293	0.04888000000028114	epochs	3.0
2075.4253200076296	0.09600000000000364	epochs	2.0
2075.4253200076296	0.04823999999962325	epochs	3.0
2075.473560007629	0.04776000000038039	epochs	3.0
2075.5213200076296	0.09391999999979816	epochs	2.0
2075.5213200076296	0.04719999999997526	epochs	3.0
2075.5685200076296	0.0467199999998229	epochs	3.0
2075.6152400076294	0.09191999999984546	epochs	2.0
2075.6152400076294	0.046159999999872525	epochs	3.0
2075.6614000076293	0.04575999999997293	epochs	3.0
2075.707160007629	0.09007999999994354	epochs	2.0
2075.707160007629	0.04528000000027532	epochs	3.0
2075.7524400076295	0.044799999999668216	epochs	3.0
2075.797240007629	0.0881600000002436	epochs	2.0
2075.797240007629	0.04432000000042535	epochs	3.0
2075.8415600076296	0.04383999999981825	epochs	3.0
2075.8854000076294	0.08647999999993772	epochs	2.0
2075.8854000076294	0.043439999999918655	epochs	3.0
2075.9288400076293	0.04304000000001906	epochs	3.0
2075.9718800076294	0.08471999999983382	epochs	2.0
2075.9718800076294	0.042559999999866704	epochs	3.0
2076.014440007629	0.04215999999996711	epochs	3.0
2076.056600007629	0.08320000000003347	epochs	2.0
2076.056600007629	0.04176000000006752	epochs	3.0
2076.0983600076293	0.04143999999996595	epochs	3.0
2076.139800007629	0.08152000000018234	epochs	2.0
2076.139800007629	0.04096000000026834	epochs	3.0
2076.1807600076295	0.040559999999914	epochs	3.0
2076.2213200076294	0.08008000000018001	epochs	2.0
2076.2213200076294	0.040239999999812426	epochs	3.0
2076.261560007629	0.03984000000036758	epochs	3.0
2076.3014000076296	0.07863999999972293	epochs	2.0
2076.3014000076296	0.03951999999981126	epochs	3.0
2076.3409200076294	0.03911999999991167	epochs	3.0
2076.3800400076293	0.07720000000017535	epochs	2.0
2076.3800400076293	0.038800000000264845	epochs	3.0
2076.4188400076296	0.038399999999910506	epochs	3.0
2076.4572400076295	0.07591999999976906	epochs	2.0
2076.4572400076295	0.0381600000000617	epochs	3.0
2076.4954000076295	0.03775999999970736	epochs	3.0
2076.5331600076292	0.0745600000000195	epochs	2.0
2076.5331600076292	0.037440000000060536	epochs	3.0
2076.5706000076293	0.037119999999958964	epochs	3.0
2076.6077200076293	0.07336000000032072	epochs	2.0
2076.6077200076293	0.03680000000031214	epochs	3.0
2076.6445200076296	0.036560000000008586	epochs	3.0
2076.6810800076296	0.07207999999991443	epochs	2.0
2076.6810800076296	0.036159999999654246	epochs	3.0
2076.7172400076292	0.03592000000026019	epochs	3.0
2076.7531600076295	0.07087999999976091	epochs	2.0
2076.7531600076295	0.03559999999970387	epochs	3.0
2076.788760007629	0.035280000000057044	epochs	3.0
2076.8240400076293	0.06984000000011292	epochs	2.0
2076.8240400076293	0.03504000000020824	epochs	3.0
2076.8590800076295	0.034799999999904685	epochs	3.0
2076.8938800076294	0.0686399999999594	epochs	2.0
2076.8938800076294	0.03447999999980311	epochs	3.0
2076.928360007629	0.03416000000015629	epochs	3.0
2076.9625200076293	0.06759999999985666	epochs	2.0
2076.9625200076293	0.033919999999852735	epochs	3.0
2076.996440007629	0.03368000000000393	epochs	3.0
2077.030120007629	0.06656000000020867	epochs	2.0
2077.030120007629	0.03344000000015512	epochs	3.0
2077.0635600076293	0.03312000000005355	epochs	3.0
2077.0966800076294	0.06559999999990396	epochs	2.0
2077.0966800076294	0.032960000000002765	epochs	3.0
2077.1296400076294	0.03263999999990119	epochs	3.0
2077.1622800076293	0.06456000000025597	epochs	2.0
2077.1622800076293	0.03240000000005239	epochs	3.0
2077.1946800076294	0.03216000000020358	epochs	3.0
2077.2268400076296	0.06367999999974927	epochs	2.0
2077.2268400076296	0.03199999999969805	epochs	3.0
2077.2588400076293	0.03168000000005122	epochs	3.0
2077.2905200076293	0.0627199999998993	epochs	2.0
2077.2905200076293	0.03144000000020242	epochs	3.0
2077.3219600076295	0.031279999999696884	epochs	3.0
2077.353240007629	0.0618400000003021	epochs	2.0
2077.353240007629	0.031040000000302825	epochs	3.0
2077.3842800076295	0.030799999999999272	epochs	3.0
2077.4150800076295	0.0609599999997954	epochs	2.0
2077.4150800076295	0.03055999999969572	epochs	3.0
2077.445640007629	0.03040000000009968	epochs	3.0
2077.4760400076293	0.060159999999996217	epochs	2.0
2077.4760400076293	0.030160000000250875	epochs	3.0
2077.5062000076296	0.02999999999974534	epochs	3.0
2077.5362000076293	0.059279999999944266	epochs	2.0
2077.5362000076293	0.029680000000098516	epochs	3.0
2077.5658800076294	0.02959999999984575	epochs	3.0
2077.5954800076292	0.05848000000014508	epochs	2.0
2077.5954800076292	0.029359999999996944	epochs	3.0
2077.6248400076292	0.02912000000014814	epochs	3.0
2077.6539600076294	0.05776000000014392	epochs	2.0
2077.6539600076294	0.028960000000097352	epochs	3.0
2077.6829200076295	0.028800000000046566	epochs	3.0
2077.7117200076295	0.05695999999988999	epochs	2.0
2077.7117200076295	0.028559999999743013	epochs	3.0
2077.7402800076293	0.028400000000146974	epochs	3.0
2077.7686800076294	0.05623999999988882	epochs	2.0
2077.7686800076294	0.02815999999984342	epochs	3.0
2077.7968400076293	0.028080000000045402	epochs	3.0
2077.8249200076293	0.05544000000008964	epochs	2.0
2077.8249200076293	0.027840000000196596	epochs	3.0
2077.8527600076295	0.027599999999893043	epochs	3.0
2077.8803600076294	0.05488000000013926	epochs	2.0
2077.8803600076294	0.027520000000095024	epochs	3.0
2077.9078800076295	0.027360000000044238	epochs	3.0
2077.9352400076295	0.05407999999988533	epochs	2.0
2077.9352400076295	0.027119999999740685	epochs	3.0
2077.9623600076293	0.026960000000144646	epochs	3.0
2077.9893200076294	0.053440000000136934	epochs	2.0
2077.9893200076294	0.02680000000009386	epochs	3.0
2078.0161200076295	0.026640000000043074	epochs	3.0
2078.0427600076296	0.05287999999973181	epochs	2.0
2078.0427600076296	0.026479999999992287	epochs	3.0
2078.0692400076296	0.02639999999973952	epochs	3.0
2078.0956400076293	0.05216000000018539	epochs	2.0
2078.0956400076293	0.026159999999890715	epochs	3.0
2078.121800007629	0.026000000000294676	epochs	3.0
2078.1478000076295	0.05151999999998225	epochs	2.0
2078.1478000076295	0.025839999999789143	epochs	3.0
2078.1736400076293	0.025680000000193104	epochs	3.0
2078.1993200076295	0.05096000000003187	epochs	2.0
2078.1993200076295	0.025599999999940337	epochs	3.0
2078.2249200076294	0.02536000000009153	epochs	3.0
2078.2502800076295	0.05040000000008149	epochs	2.0
2078.2502800076295	0.025279999999838765	epochs	3.0
2078.2755600076293	0.025120000000242726	epochs	3.0
2078.3006800076296	0.049759999999878346	epochs	2.0
2078.3006800076296	0.024959999999737192	epochs	3.0
2078.3256400076293	0.024800000000141154	epochs	3.0
2078.3504400076295	0.04919999999992797	epochs	2.0
2078.3504400076295	0.024640000000090367	epochs	3.0
2078.3750800076295	0.0245599999998376	epochs	3.0
2078.3996400076294	0.04872000000023036	epochs	2.0
2078.3996400076294	0.024399999999786814	epochs	3.0
2078.424040007629	0.024320000000443542	epochs	3.0
2078.4483600076296	0.048079999999572465	epochs	2.0
2078.4483600076296	0.024079999999685242	epochs	3.0
2078.4724400076293	0.023999999999887223	epochs	3.0
2078.496440007629	0.0476000000003296	epochs	2.0
2078.496440007629	0.023840000000291184	epochs	3.0
2078.5202800076295	0.023760000000038417	epochs	3.0
2078.5440400076295	0.047119999999722495	epochs	2.0
2078.5440400076295	0.02359999999998763	epochs	3.0
2078.5676400076295	0.023519999999734864	epochs	3.0
2078.5911600076292	0.046560000000226864	epochs	2.0
2078.5911600076292	0.023360000000138825	epochs	3.0
2078.6145200076294	0.02320000000008804	epochs	3.0
2078.6377200076295	0.046080000000074506	epochs	2.0
2078.6377200076295	0.023119999999835272	epochs	3.0
2078.6608400076293	0.022960000000239233	epochs	3.0
2078.6838000076295	0.04559999999992215	epochs	2.0
2078.6838000076295	0.022879999999986467	epochs	3.0
2078.7066800076295	0.02271999999993568	epochs	3.0
2078.7294000076295	0.04511999999976979	epochs	2.0
2078.7294000076295	0.02264000000013766	epochs	3.0
2078.7520400076296	0.022479999999632128	epochs	3.0
2078.7745200076292	0.04464000000007218	epochs	2.0
2078.7745200076292	0.022400000000288856	epochs	3.0
2078.7969200076295	0.022239999999783322	epochs	3.0
2078.8191600076293	0.044240000000172586	epochs	2.0
2078.8191600076293	0.022159999999985303	epochs	3.0
2078.8413200076293	0.022080000000187283	epochs	3.0
2078.8634000076295	0.04376000000002023	epochs	2.0
2078.8634000076295	0.021920000000136497	epochs	3.0
2078.8853200076296	0.02183999999988373	epochs	3.0
2078.9071600076295	0.04335999999966589	epochs	2.0
2078.9071600076295	0.02176000000008571	epochs	3.0
2078.9289200076296	0.021599999999580177	epochs	3.0
2078.950520007629	0.042880000000423024	epochs	2.0
2078.950520007629	0.021440000000438886	epochs	3.0
2078.9719600076296	0.02143999999998414	epochs	3.0
2078.9934000076296	0.04247999999961394	epochs	2.0
2078.9934000076296	0.021279999999933352	epochs	3.0
2079.0146800076295	0.021199999999680585	epochs	3.0
2079.035880007629	0.04208000000016909	epochs	2.0
2079.035880007629	0.021040000000084547	epochs	3.0
2079.0569200076293	0.021040000000084547	epochs	3.0
2079.0779600076294	0.041679999999814754	epochs	2.0
2079.0779600076294	0.02088000000003376	epochs	3.0
2079.0988400076294	0.020799999999780994	epochs	3.0
2079.119640007629	0.04120000000011714	epochs	2.0
2079.119640007629	0.020640000000184955	epochs	3.0
2079.1402800076294	0.020559999999932188	epochs	3.0
2079.1608400076293	0.04088000000001557	epochs	2.0
2079.1608400076293	0.020559999999932188	epochs	3.0
2079.1814000076292	0.020320000000083382	epochs	3.0
2079.2017200076293	0.040559999999914	epochs	2.0
2079.2017200076293	0.020320000000083382	epochs	3.0
2079.2220400076294	0.020239999999830616	epochs	3.0
2079.2422800076292	0.04008000000021639	epochs	2.0
2079.2422800076292	0.020080000000234577	epochs	3.0
2079.2623600076295	0.01999999999998181	epochs	3.0
2079.2823600076294	0.039760000000114815	epochs	2.0
2079.2823600076294	0.019919999999729043	epochs	3.0
2079.302280007629	0.01984000000038577	epochs	3.0
2079.3221200076296	0.03944000000001324	epochs	2.0
2079.3221200076296	0.019759999999678257	epochs	3.0
2079.3418800076292	0.019680000000334985	epochs	3.0
2079.3615600076296	0.0390399999996589	epochs	2.0
2079.3615600076296	0.01951999999982945	epochs	3.0
2079.3810800076294	0.01951999999982945	epochs	3.0
2079.4006000076292	0.03864000000021406	epochs	2.0
2079.4006000076292	0.019360000000233413	epochs	3.0
2079.4199600076295	0.019279999999980646	epochs	3.0
2079.4392400076295	0.038399999999910506	epochs	2.0
2079.4392400076295	0.019279999999980646	epochs	3.0
2079.4585200076294	0.01911999999992986	epochs	3.0
2079.4776400076294	0.038000000000010914	epochs	2.0
2079.4776400076294	0.01904000000013184	epochs	3.0
2079.4966800076295	0.018959999999879074	epochs	3.0
2079.5156400076294	0.03767999999990934	epochs	2.0
2079.5156400076294	0.018880000000081054	epochs	3.0
2079.5345200076295	0.018799999999828287	epochs	3.0
2079.5533200076293	0.03736000000026252	epochs	2.0
2079.5533200076293	0.018720000000030268	epochs	3.0
2079.5720400076293	0.01864000000023225	epochs	3.0
2079.5906800076295	0.0370399999997062	epochs	2.0
2079.5906800076295	0.018559999999979482	epochs	3.0
2079.6092400076295	0.018479999999726715	epochs	3.0
2079.6277200076293	0.03672000000005937	epochs	2.0
2079.6277200076293	0.018399999999928696	epochs	3.0
2079.646120007629	0.018320000000130676	epochs	3.0
2079.6644400076293	0.036480000000210566	epochs	2.0
2079.6644400076293	0.01823999999987791	epochs	3.0
2079.682680007629	0.018240000000332657	epochs	3.0
2079.7009200076295	0.03607999999985623	epochs	2.0
2079.7009200076295	0.018079999999827123	epochs	3.0
2079.7190000076293	0.018000000000029104	epochs	3.0
2079.7370000076294	0.03584000000000742	epochs	2.0
2079.7370000076294	0.017920000000231084	epochs	3.0
2079.7549200076296	0.017919999999776337	epochs	3.0
2079.7728400076294	0.03551999999990585	epochs	2.0
2079.7728400076294	0.017760000000180298	epochs	3.0
2079.7906000076296	0.01775999999972555	epochs	3.0
2079.8083600076293	0.035200000000259024	epochs	2.0
2079.8083600076293	0.01767999999992753	epochs	3.0
2079.826040007629	0.017520000000331493	epochs	3.0
2079.8435600076295	0.03495999999995547	epochs	2.0
2079.8435600076295	0.017519999999876745	epochs	3.0
2079.8610800076294	0.017440000000078726	epochs	3.0
2079.8785200076295	0.034720000000106666	epochs	2.0
2079.8785200076295	0.017440000000078726	epochs	3.0
2079.8959600076296	0.01728000000002794	epochs	3.0
2079.9132400076296	0.03440000000000509	epochs	2.0
2079.9132400076296	0.017199999999775173	epochs	3.0
2079.9304400076294	0.01720000000022992	epochs	3.0
2079.9476400076296	0.03415999999970154	epochs	2.0
2079.9476400076296	0.017119999999977153	epochs	3.0
2079.9647600076296	0.017039999999724387	epochs	3.0
2079.9818000076293	0.033840000000054715	epochs	2.0
2079.9818000076293	0.016959999999926367	epochs	3.0
2079.9987600076292	0.016880000000128348	epochs	3.0
2080.0156400076294	0.03360000000020591	epochs	2.0
2080.0156400076294	0.01679999999987558	epochs	3.0
2080.0324400076292	0.01680000000033033	epochs	3.0
2080.0492400076296	0.03335999999990236	epochs	2.0
2080.0492400076296	0.016719999999622814	epochs	3.0
2080.065960007629	0.016640000000279542	epochs	3.0
2080.0826000076295	0.03312000000005355	epochs	2.0
2080.0826000076295	0.016560000000026776	epochs	3.0
2080.0991600076295	0.016560000000026776	epochs	3.0
2080.1157200076295	0.03279999999995198	epochs	2.0
2080.1157200076295	0.01639999999997599	epochs	3.0
2080.1321200076295	0.01639999999997599	epochs	3.0
2080.1485200076295	0.03256000000010317	epochs	2.0
2080.1485200076295	0.016319999999723223	epochs	3.0
2080.164840007629	0.01624000000037995	epochs	3.0
2080.1810800076296	0.03239999999959764	epochs	2.0
2080.1810800076296	0.016239999999925203	epochs	3.0
2080.1973200076295	0.016159999999672436	epochs	3.0
2080.213480007629	0.03208000000040556	epochs	2.0
2080.213480007629	0.016080000000329164	epochs	3.0
2080.2295600076295	0.016000000000076398	epochs	3.0
2080.2455600076296	0.03191999999990003	epochs	2.0
2080.2455600076296	0.01599999999962165	epochs	3.0
2080.261560007629	0.015920000000278378	epochs	3.0
2080.2774800076295	0.031599999999798456	epochs	2.0
2080.2774800076295	0.01584000000002561	epochs	3.0
2080.2933200076295	0.015759999999772845	epochs	3.0
2080.3090800076293	0.03144000000020242	epochs	2.0
2080.3090800076293	0.015760000000227592	epochs	3.0
2080.3248400076295	0.015679999999974825	epochs	3.0
2080.3405200076295	0.031199999999898864	epochs	2.0
2080.3405200076295	0.015599999999722058	epochs	3.0
2080.356120007629	0.015600000000176806	epochs	3.0
2080.3717200076294	0.03096000000005006	epochs	2.0
2080.3717200076294	0.015519999999924039	epochs	3.0
2080.3872400076293	0.01544000000012602	epochs	3.0
2080.4026800076294	0.030719999999746506	epochs	2.0
2080.4026800076294	0.01544000000012602	epochs	3.0
2080.4181200076296	0.015279999999620486	epochs	3.0
2080.433400007629	0.030560000000150467	epochs	2.0
2080.433400007629	0.015360000000328	epochs	3.0
2080.4487600076295	0.015199999999822467	epochs	3.0
2080.4639600076293	0.030319999999846914	epochs	2.0
2080.4639600076293	0.015200000000277214	epochs	3.0
2080.4791600076296	0.0151199999995697	epochs	3.0
2080.494280007629	0.030079999999998108	epochs	2.0
2080.494280007629	0.015120000000024447	epochs	3.0
2080.509400007629	0.014959999999973661	epochs	3.0
2080.524360007629	0.02992000000040207	epochs	2.0
2080.524360007629	0.015040000000226428	epochs	3.0
2080.5394000076294	0.014880000000175642	epochs	3.0
2080.5542800076296	0.02967999999964377	epochs	2.0
2080.5542800076296	0.014879999999720894	epochs	3.0
2080.5691600076293	0.014799999999922875	epochs	3.0
2080.5839600076292	0.02952000000004773	epochs	2.0
2080.5839600076292	0.014800000000377622	epochs	3.0
2080.5987600076296	0.014719999999670108	epochs	3.0
2080.6134800076293	0.029280000000198925	epochs	2.0
2080.6134800076293	0.014720000000124855	epochs	3.0
2080.6282000076294	0.01456000000007407	epochs	3.0
2080.6427600076295	0.02911999999969339	epochs	2.0
2080.6427600076295	0.014639999999872089	epochs	3.0
2080.6574000076293	0.014479999999821302	epochs	3.0
2080.671880007629	0.028960000000097352	epochs	2.0
2080.671880007629	0.01448000000027605	epochs	3.0
2080.6863600076294	0.014479999999821302	epochs	3.0
2080.7008400076293	0.02863999999999578	epochs	2.0
2080.7008400076293	0.014320000000225264	epochs	3.0
2080.7151600076295	0.014319999999770516	epochs	3.0
2080.7294800076293	0.02856000000019776	epochs	2.0
2080.7294800076293	0.014320000000225264	epochs	3.0
2080.7438000076295	0.014239999999972497	epochs	3.0
2080.7580400076295	0.028319999999894208	epochs	2.0
2080.7580400076295	0.01415999999971973	epochs	3.0
2080.772200007629	0.014160000000174477	epochs	3.0
2080.7863600076294	0.02815999999984342	epochs	2.0
2080.7863600076294	0.014160000000174477	epochs	3.0
2080.8005200076295	0.013999999999668944	epochs	3.0
2080.814520007629	0.028000000000247383	epochs	2.0
2080.814520007629	0.014000000000123691	epochs	3.0
2080.8285200076293	0.014000000000123691	epochs	3.0
2080.8425200076294	0.02775999999994383	epochs	2.0
2080.8425200076294	0.013919999999870925	epochs	3.0
2080.8564400076293	0.013840000000072905	epochs	3.0
2080.8702800076294	0.02768000000014581	epochs	2.0
2080.8702800076294	0.013840000000072905	epochs	3.0
2080.8841200076295	0.013840000000072905	epochs	3.0
2080.8979600076295	0.027439999999842257	epochs	2.0
2080.8979600076295	0.013759999999820138	epochs	3.0
2080.9117200076294	0.013680000000022119	epochs	3.0
2080.9254000076294	0.02727999999979147	epochs	2.0
2080.9254000076294	0.013680000000022119	epochs	3.0
2080.9390800076294	0.013599999999769352	epochs	3.0
2080.952680007629	0.027120000000195432	epochs	2.0
2080.952680007629	0.01352000000042608	epochs	3.0
2080.9662000076296	0.013599999999769352	epochs	3.0
2080.9798000076294	0.02687999999989188	epochs	2.0
2080.9798000076294	0.013440000000173313	epochs	3.0
2080.9932400076295	0.013439999999718566	epochs	3.0
2081.0066800076293	0.02680000000009386	epochs	2.0
2081.0066800076293	0.013440000000173313	epochs	3.0
2081.0201200076294	0.013359999999920547	epochs	3.0
2081.0334800076294	0.026560000000245054	epochs	2.0
2081.0334800076294	0.013280000000122527	epochs	3.0
2081.0467600076295	0.013280000000122527	epochs	3.0
2081.0600400076296	0.026479999999992287	epochs	2.0
2081.0600400076296	0.01327999999966778	epochs	3.0
2081.0733200076293	0.013200000000324508	epochs	3.0
2081.0865200076296	0.026239999999688735	epochs	2.0
2081.0865200076296	0.013119999999616994	epochs	3.0
2081.099640007629	0.013120000000071741	epochs	3.0
2081.1127600076293	0.026159999999890715	epochs	2.0
2081.1127600076293	0.013120000000071741	epochs	3.0
2081.1258800076293	0.013039999999818974	epochs	3.0
2081.138920007629	0.026000000000294676	epochs	2.0
2081.138920007629	0.013040000000273722	epochs	3.0
2081.1519600076294	0.012960000000020955	epochs	3.0
2081.1649200076295	0.025759999999991123	epochs	2.0
2081.1649200076295	0.012879999999768188	epochs	3.0
2081.1778000076292	0.012880000000222935	epochs	3.0
2081.1906800076295	0.025679999999738357	epochs	2.0
2081.1906800076295	0.012879999999768188	epochs	3.0
2081.203560007629	0.012799999999970169	epochs	3.0
2081.216360007629	0.025520000000142318	epochs	2.0
2081.216360007629	0.012800000000424916	epochs	3.0
2081.2291600076296	0.012719999999717402	epochs	3.0
2081.2418800076293	0.02536000000009153	epochs	2.0
2081.2418800076293	0.01272000000017215	epochs	3.0
2081.2546000076295	0.012639999999919382	epochs	3.0
2081.2672400076294	0.025200000000040745	epochs	2.0
2081.2672400076294	0.012639999999919382	epochs	3.0
2081.2798800076293	0.012560000000121363	epochs	3.0
2081.2924400076295	0.0245599999998376	epochs	2.0
2081.3166000076294	0.5	epochs	-1.0
2081.3170000076293	0.5199999999999818	epochs	1.0
2081.8370000076293	0.47992000000022017	epochs	0.0
2088.674000263214	0.09999999999990905	epochs	0.0
2088.674000263214	0.04496000000017375	epochs	1.0
2088.7189602632143	0.010080000000016298	epochs	1.0
2088.7290402632143	0.044959999999719	epochs	1.0
2088.774000263214	2.0	epochs	0.0
2090.774000263214	21.519360000000233	epochs	0.0
2090.774000263214	1.0	epochs	1.0
2090.774000263214	0.5	epochs	-1.0
2091.274000263214	19.9996000000001	epochs	-1.0
2091.774000263214	20.0	epochs	1.0
2091.774000263214	8.000000025276677e-05	epochs	2.0
2091.7740802632143	4.356719999999768	epochs	-1.0
2091.7740802632143	1.9745599999996557	epochs	2.0
2091.7740802632143	1.0985599999999067	epochs	3.0
2092.872640263214	0.875999999999749	epochs	3.0
2093.748640263214	1.352400000000216	epochs	2.0
2093.748640263214	0.7286400000002686	epochs	3.0
2094.477280263214	0.6237599999999475	epochs	3.0
2095.101040263214	1.0297599999998965	epochs	2.0
2095.101040263214	0.5453600000000733	epochs	3.0
2095.646400263214	0.4843999999998232	epochs	3.0
2096.130800263214	0.8317600000000311	epochs	2.0
2096.130800263214	0.4357599999998456	epochs	3.0
2096.566560263214	0.39600000000018554	epochs	3.0
2096.962560263214	0.6978399999998146	epochs	2.0
2096.962560263214	0.362880000000132	epochs	3.0
2097.325440263214	0.3349599999996826	epochs	3.0
2097.660400263214	0.6010400000000118	epochs	2.0
2097.660400263214	0.3108799999999974	epochs	3.0
2097.971280263214	0.2901600000000144	epochs	3.0
2098.261440263214	0.5278400000001966	epochs	2.0
2098.261440263214	0.2719200000001365	epochs	3.0
2098.533360263214	0.2559200000000601	epochs	3.0
2098.789280263214	0.47064000000000306	epochs	2.0
2098.789280263214	0.2416800000000876	epochs	3.0
2099.030960263214	0.22895999999991545	epochs	3.0
2099.259920263214	0.42455999999992855	epochs	2.0
2099.259920263214	0.21743999999989683	epochs	3.0
2099.477360263214	0.20712000000003172	epochs	3.0
2099.684480263214	0.3867199999999684	epochs	2.0
2099.684480263214	0.19768000000021857	epochs	3.0
2099.8821602632142	0.18903999999974985	epochs	3.0
2100.071200263214	0.35512000000016997	epochs	2.0
2100.071200263214	0.1811999999999898	epochs	3.0
2100.252400263214	0.17392000000018015	epochs	3.0
2100.426320263214	0.32823999999982334	epochs	2.0
2100.426320263214	0.16719999999986612	epochs	3.0
2100.593520263214	0.16103999999995722	epochs	3.0
2100.754560263214	0.30520000000024083	epochs	2.0
2100.754560263214	0.1552799999999479	epochs	3.0
2100.909840263214	0.14992000000029293	epochs	3.0
2101.0597602632142	0.28512000000000626	epochs	2.0
2101.0597602632142	0.14487999999983003	epochs	3.0
2101.204640263214	0.14024000000017622	epochs	3.0
2101.3448802632142	0.26751999999987675	epochs	2.0
2101.3448802632142	0.13583999999991647	epochs	3.0
2101.480720263214	0.13167999999996027	epochs	3.0
2101.612400263214	0.2520800000002055	epochs	2.0
2101.612400263214	0.12784000000010565	epochs	3.0
2101.740240263214	0.12424000000009983	epochs	3.0
2101.8644802632143	0.2381599999998798	epochs	2.0
2101.8644802632143	0.12071999999989202	epochs	3.0
2101.985200263214	0.11743999999998778	epochs	3.0
2102.102640263214	0.225840000000062	epochs	2.0
2102.102640263214	0.11439999999993233	epochs	3.0
2102.217040263214	0.11144000000012966	epochs	3.0
2102.3284802632143	0.2146399999996902	epochs	2.0
2102.3284802632143	0.10863999999992302	epochs	3.0
2102.437120263214	0.10599999999976717	epochs	3.0
2102.543120263214	0.20448000000033062	epochs	2.0
2102.543120263214	0.10344000000031883	epochs	3.0
2102.6465602632143	0.10104000000001179	epochs	3.0
2102.7476002632143	0.19535999999970954	epochs	2.0
2102.7476002632143	0.09879999999975553	epochs	3.0
2102.846400263214	0.09655999999995402	epochs	3.0
2102.942960263214	0.18695999999999913	epochs	2.0
2102.942960263214	0.09448000000020329	epochs	3.0
2103.037440263214	0.09247999999979584	epochs	3.0
2103.129920263214	0.1792000000000371	epochs	2.0
2103.129920263214	0.09048000000029788	epochs	3.0
2103.2204002632143	0.08871999999973923	epochs	3.0
2103.309120263214	0.17208000000027823	epochs	2.0
2103.309120263214	0.08688000000029206	epochs	3.0
2103.3960002632143	0.08519999999998618	epochs	3.0
2103.4812002632143	0.165520000000015	epochs	2.0
2103.4812002632143	0.08359999999993306	epochs	3.0
2103.5648002632142	0.08192000000008193	epochs	3.0
2103.6467202632143	0.15951999999970212	epochs	2.0
2103.6467202632143	0.08047999999962485	epochs	3.0
2103.727200263214	0.07904000000007727	epochs	3.0
2103.806240263214	0.15376000000014756	epochs	2.0
2103.806240263214	0.07760000000007494	epochs	3.0
2103.883840263214	0.07616000000007261	epochs	3.0
2103.960000263214	0.14856000000008862	epochs	2.0
2103.960000263214	0.07495999999991909	epochs	3.0
2104.034960263214	0.07360000000016953	epochs	3.0
2104.1085602632143	0.1436799999996765	epochs	2.0
2104.1085602632143	0.07247999999981403	epochs	3.0
2104.181040263214	0.07119999999986248	epochs	3.0
2104.252240263214	0.1390400000000227	epochs	2.0
2104.252240263214	0.07007999999996173	epochs	3.0
2104.322320263214	0.06896000000006097	epochs	3.0
2104.391280263214	0.13472000000001572	epochs	2.0
2104.391280263214	0.06791999999995824	epochs	3.0
2104.459200263214	0.06680000000005748	epochs	3.0
2104.526000263214	0.1307200000001103	epochs	2.0
2104.526000263214	0.06584000000020751	epochs	3.0
2104.591840263214	0.0648799999999028	epochs	3.0
2104.656720263214	0.1268000000000029	epochs	2.0
2104.656720263214	0.06383999999980006	epochs	3.0
2104.720560263214	0.06296000000020285	epochs	3.0
2104.783520263214	0.12328000000024986	epochs	2.0
2104.783520263214	0.0620800000001509	epochs	3.0
2104.8456002632142	0.06120000000009895	epochs	3.0
2104.9068002632143	0.11983999999984007	epochs	2.0
2104.9068002632143	0.060319999999592255	epochs	3.0
2104.967120263214	0.05952000000024782	epochs	3.0
2105.026640263214	0.11663999999973385	epochs	2.0
2105.026640263214	0.05871999999999389	epochs	3.0
2105.085360263214	0.05791999999973996	epochs	3.0
2105.143280263214	0.11360000000013315	epochs	2.0
2105.143280263214	0.05720000000019354	epochs	3.0
2105.200480263214	0.05639999999993961	epochs	3.0
2105.256880263214	0.1107200000001285	epochs	2.0
2105.256880263214	0.055679999999938445	epochs	3.0
2105.312560263214	0.05504000000019005	epochs	3.0
2105.367600263214	0.10791999999992186	epochs	2.0
2105.367600263214	0.05423999999993612	epochs	3.0
2105.421840263214	0.05367999999998574	epochs	3.0
2105.475520263214	0.10528000000022075	epochs	2.0
2105.475520263214	0.052959999999984575	epochs	3.0
2105.528480263214	0.05232000000023618	epochs	3.0
2105.5808002632143	0.10287999999991371	epochs	2.0
2105.5808002632143	0.05175999999983105	epochs	3.0
2105.632560263214	0.051120000000082655	epochs	3.0
2105.6836802632142	0.10039999999980864	epochs	2.0
2105.6836802632142	0.05047999999987951	epochs	3.0
2105.734160263214	0.04991999999992913	epochs	3.0
2105.784080263214	0.0982400000002599	epochs	2.0
2105.784080263214	0.049359999999978754	epochs	3.0
2105.833440263214	0.04888000000028114	epochs	3.0
2105.8823202632143	0.09600000000000364	epochs	2.0
2105.8823202632143	0.04823999999962325	epochs	3.0
2105.930560263214	0.04776000000038039	epochs	3.0
2105.9783202632143	0.09391999999979816	epochs	2.0
2105.9783202632143	0.04719999999997526	epochs	3.0
2106.0255202632143	0.0467199999998229	epochs	3.0
2106.072240263214	0.09191999999984546	epochs	2.0
2106.072240263214	0.046159999999872525	epochs	3.0
2106.118400263214	0.04575999999997293	epochs	3.0
2106.164160263214	0.09007999999994354	epochs	2.0
2106.164160263214	0.04528000000027532	epochs	3.0
2106.209440263214	0.044799999999668216	epochs	3.0
2106.254240263214	0.0881600000002436	epochs	2.0
2106.254240263214	0.04432000000042535	epochs	3.0
2106.2985602632143	0.04383999999981825	epochs	3.0
2106.342400263214	0.08647999999993772	epochs	2.0
2106.342400263214	0.043439999999918655	epochs	3.0
2106.385840263214	0.04304000000001906	epochs	3.0
2106.428880263214	0.08471999999983382	epochs	2.0
2106.428880263214	0.042559999999866704	epochs	3.0
2106.471440263214	0.04215999999996711	epochs	3.0
2106.513600263214	0.08320000000003347	epochs	2.0
2106.513600263214	0.04176000000006752	epochs	3.0
2106.555360263214	0.04143999999996595	epochs	3.0
2106.596800263214	0.08152000000018234	epochs	2.0
2106.596800263214	0.04096000000026834	epochs	3.0
2106.637760263214	0.040559999999914	epochs	3.0
2106.678320263214	0.08008000000018001	epochs	2.0
2106.678320263214	0.040239999999812426	epochs	3.0
2106.718560263214	0.03984000000036758	epochs	3.0
2106.7584002632143	0.07863999999972293	epochs	2.0
2106.7584002632143	0.03951999999981126	epochs	3.0
2106.797920263214	0.03911999999991167	epochs	3.0
2106.837040263214	0.07720000000017535	epochs	2.0
2106.837040263214	0.038800000000264845	epochs	3.0
2106.8758402632143	0.038399999999910506	epochs	3.0
2106.914240263214	0.07591999999976906	epochs	2.0
2106.914240263214	0.0381600000000617	epochs	3.0
2106.9524002632143	0.03775999999970736	epochs	3.0
2106.990160263214	0.0745600000000195	epochs	2.0
2106.990160263214	0.037440000000060536	epochs	3.0
2107.027600263214	0.037119999999958964	epochs	3.0
2107.064720263214	0.07336000000032072	epochs	2.0
2107.064720263214	0.03680000000031214	epochs	3.0
2107.1015202632143	0.036560000000008586	epochs	3.0
2107.1380802632143	0.07207999999991443	epochs	2.0
2107.1380802632143	0.036159999999654246	epochs	3.0
2107.174240263214	0.03592000000026019	epochs	3.0
2107.210160263214	0.07087999999976091	epochs	2.0
2107.210160263214	0.03559999999970387	epochs	3.0
2107.245760263214	0.035280000000057044	epochs	3.0
2107.281040263214	0.06984000000011292	epochs	2.0
2107.281040263214	0.03504000000020824	epochs	3.0
2107.316080263214	0.034799999999904685	epochs	3.0
2107.350880263214	0.0686399999999594	epochs	2.0
2107.350880263214	0.03447999999980311	epochs	3.0
2107.385360263214	0.03416000000015629	epochs	3.0
2107.419520263214	0.06759999999985666	epochs	2.0
2107.419520263214	0.033919999999852735	epochs	3.0
2107.453440263214	0.03368000000000393	epochs	3.0
2107.487120263214	0.06656000000020867	epochs	2.0
2107.487120263214	0.03344000000015512	epochs	3.0
2107.520560263214	0.03312000000005355	epochs	3.0
2107.553680263214	0.06559999999990396	epochs	2.0
2107.553680263214	0.032960000000002765	epochs	3.0
2107.586640263214	0.03263999999990119	epochs	3.0
2107.619280263214	0.06456000000025597	epochs	2.0
2107.619280263214	0.03240000000005239	epochs	3.0
2107.651680263214	0.03216000000020358	epochs	3.0
2107.6838402632143	0.06367999999974927	epochs	2.0
2107.6838402632143	0.03199999999969805	epochs	3.0
2107.715840263214	0.03168000000005122	epochs	3.0
2107.747520263214	0.0627199999998993	epochs	2.0
2107.747520263214	0.03144000000020242	epochs	3.0
2107.7789602632142	0.031279999999696884	epochs	3.0
2107.810240263214	0.0618400000003021	epochs	2.0
2107.810240263214	0.031040000000302825	epochs	3.0
2107.8412802632142	0.030799999999999272	epochs	3.0
2107.8720802632142	0.0609599999997954	epochs	2.0
2107.8720802632142	0.03055999999969572	epochs	3.0
2107.902640263214	0.03040000000009968	epochs	3.0
2107.933040263214	0.060159999999996217	epochs	2.0
2107.933040263214	0.030160000000250875	epochs	3.0
2107.9632002632143	0.02999999999974534	epochs	3.0
2107.993200263214	0.059279999999944266	epochs	2.0
2107.993200263214	0.029680000000098516	epochs	3.0
2108.022880263214	0.02959999999984575	epochs	3.0
2108.052480263214	0.05848000000014508	epochs	2.0
2108.052480263214	0.029359999999996944	epochs	3.0
2108.081840263214	0.02912000000014814	epochs	3.0
2108.110960263214	0.05776000000014392	epochs	2.0
2108.110960263214	0.028960000000097352	epochs	3.0
2108.139920263214	0.028800000000046566	epochs	3.0
2108.1687202632143	0.05695999999988999	epochs	2.0
2108.1687202632143	0.028559999999743013	epochs	3.0
2108.197280263214	0.028400000000146974	epochs	3.0
2108.225680263214	0.05623999999988882	epochs	2.0
2108.225680263214	0.02815999999984342	epochs	3.0
2108.253840263214	0.028080000000045402	epochs	3.0
2108.281920263214	0.05544000000008964	epochs	2.0
2108.281920263214	0.027840000000196596	epochs	3.0
2108.3097602632142	0.027599999999893043	epochs	3.0
2108.337360263214	0.05488000000013926	epochs	2.0
2108.337360263214	0.027520000000095024	epochs	3.0
2108.364880263214	0.027360000000044238	epochs	3.0
2108.3922402632143	0.05407999999988533	epochs	2.0
2108.3922402632143	0.027119999999740685	epochs	3.0
2108.419360263214	0.026960000000144646	epochs	3.0
2108.446320263214	0.053440000000136934	epochs	2.0
2108.446320263214	0.02680000000009386	epochs	3.0
2108.4731202632142	0.026640000000043074	epochs	3.0
2108.4997602632143	0.05287999999973181	epochs	2.0
2108.4997602632143	0.026479999999992287	epochs	3.0
2108.5262402632143	0.02639999999973952	epochs	3.0
2108.552640263214	0.05216000000018539	epochs	2.0
2108.552640263214	0.026159999999890715	epochs	3.0
2108.578800263214	0.026000000000294676	epochs	3.0
2108.604800263214	0.05151999999998225	epochs	2.0
2108.604800263214	0.025839999999789143	epochs	3.0
2108.630640263214	0.025680000000193104	epochs	3.0
2108.656320263214	0.05096000000003187	epochs	2.0
2108.656320263214	0.025599999999940337	epochs	3.0
2108.681920263214	0.02536000000009153	epochs	3.0
2108.707280263214	0.05040000000008149	epochs	2.0
2108.707280263214	0.025279999999838765	epochs	3.0
2108.732560263214	0.025120000000242726	epochs	3.0
2108.7576802632143	0.049759999999878346	epochs	2.0
2108.7576802632143	0.024959999999737192	epochs	3.0
2108.782640263214	0.024800000000141154	epochs	3.0
2108.807440263214	0.04919999999992797	epochs	2.0
2108.807440263214	0.024640000000090367	epochs	3.0
2108.8320802632143	0.0245599999998376	epochs	3.0
2108.856640263214	0.04872000000023036	epochs	2.0
2108.856640263214	0.024399999999786814	epochs	3.0
2108.881040263214	0.024320000000443542	epochs	3.0
2108.9053602632143	0.048079999999572465	epochs	2.0
2108.9053602632143	0.024079999999685242	epochs	3.0
2108.929440263214	0.023999999999887223	epochs	3.0
2108.953440263214	0.0476000000003296	epochs	2.0
2108.953440263214	0.023840000000291184	epochs	3.0
2108.977280263214	0.023760000000038417	epochs	3.0
2109.0010402632142	0.047119999999722495	epochs	2.0
2109.0010402632142	0.02359999999998763	epochs	3.0
2109.024640263214	0.023519999999734864	epochs	3.0
2109.048160263214	0.046560000000226864	epochs	2.0
2109.048160263214	0.023360000000138825	epochs	3.0
2109.071520263214	0.02320000000008804	epochs	3.0
2109.094720263214	0.046080000000074506	epochs	2.0
2109.094720263214	0.023119999999835272	epochs	3.0
2109.117840263214	0.022960000000239233	epochs	3.0
2109.1408002632143	0.04559999999992215	epochs	2.0
2109.1408002632143	0.022879999999986467	epochs	3.0
2109.1636802632142	0.02271999999993568	epochs	3.0
2109.186400263214	0.04511999999976979	epochs	2.0
2109.186400263214	0.02264000000013766	epochs	3.0
2109.2090402632143	0.022479999999632128	epochs	3.0
2109.231520263214	0.04464000000007218	epochs	2.0
2109.231520263214	0.022400000000288856	epochs	3.0
2109.2539202632142	0.022239999999783322	epochs	3.0
2109.276160263214	0.044240000000172586	epochs	2.0
2109.276160263214	0.022159999999985303	epochs	3.0
2109.298320263214	0.022080000000187283	epochs	3.0
2109.320400263214	0.04376000000002023	epochs	2.0
2109.320400263214	0.021920000000136497	epochs	3.0
2109.3423202632143	0.02183999999988373	epochs	3.0
2109.364160263214	0.04335999999966589	epochs	2.0
2109.364160263214	0.02176000000008571	epochs	3.0
2109.3859202632143	0.021599999999580177	epochs	3.0
2109.407520263214	0.042880000000423024	epochs	2.0
2109.407520263214	0.021440000000438886	epochs	3.0
2109.4289602632143	0.02143999999998414	epochs	3.0
2109.4504002632143	0.04247999999961394	epochs	2.0
2109.4504002632143	0.021279999999933352	epochs	3.0
2109.4716802632142	0.021199999999680585	epochs	3.0
2109.492880263214	0.04208000000016909	epochs	2.0
2109.492880263214	0.021040000000084547	epochs	3.0
2109.513920263214	0.021040000000084547	epochs	3.0
2109.534960263214	0.041679999999814754	epochs	2.0
2109.534960263214	0.02088000000003376	epochs	3.0
2109.555840263214	0.020799999999780994	epochs	3.0
2109.576640263214	0.04120000000011714	epochs	2.0
2109.576640263214	0.020640000000184955	epochs	3.0
2109.597280263214	0.020559999999932188	epochs	3.0
2109.617840263214	0.04088000000001557	epochs	2.0
2109.617840263214	0.020559999999932188	epochs	3.0
2109.638400263214	0.020320000000083382	epochs	3.0
2109.658720263214	0.040559999999914	epochs	2.0
2109.658720263214	0.020320000000083382	epochs	3.0
2109.679040263214	0.020239999999830616	epochs	3.0
2109.699280263214	0.04008000000021639	epochs	2.0
2109.699280263214	0.020080000000234577	epochs	3.0
2109.719360263214	0.01999999999998181	epochs	3.0
2109.739360263214	0.039760000000114815	epochs	2.0
2109.739360263214	0.019919999999729043	epochs	3.0
2109.759280263214	0.01984000000038577	epochs	3.0
2109.7791202632143	0.03944000000001324	epochs	2.0
2109.7791202632143	0.019759999999678257	epochs	3.0
2109.798880263214	0.019680000000334985	epochs	3.0
2109.8185602632143	0.0390399999996589	epochs	2.0
2109.8185602632143	0.01951999999982945	epochs	3.0
2109.838080263214	0.01951999999982945	epochs	3.0
2109.857600263214	0.03864000000021406	epochs	2.0
2109.857600263214	0.019360000000233413	epochs	3.0
2109.876960263214	0.019279999999980646	epochs	3.0
2109.896240263214	0.038399999999910506	epochs	2.0
2109.896240263214	0.019279999999980646	epochs	3.0
2109.915520263214	0.01911999999992986	epochs	3.0
2109.934640263214	0.038000000000010914	epochs	2.0
2109.934640263214	0.01904000000013184	epochs	3.0
2109.953680263214	0.018959999999879074	epochs	3.0
2109.972640263214	0.03767999999990934	epochs	2.0
2109.972640263214	0.018880000000081054	epochs	3.0
2109.991520263214	0.018799999999828287	epochs	3.0
2110.010320263214	0.03736000000026252	epochs	2.0
2110.010320263214	0.018720000000030268	epochs	3.0
2110.029040263214	0.01864000000023225	epochs	3.0
2110.0476802632143	0.0370399999997062	epochs	2.0
2110.0476802632143	0.018559999999979482	epochs	3.0
2110.0662402632142	0.018479999999726715	epochs	3.0
2110.084720263214	0.03672000000005937	epochs	2.0
2110.084720263214	0.018399999999928696	epochs	3.0
2110.103120263214	0.018320000000130676	epochs	3.0
2110.121440263214	0.036480000000210566	epochs	2.0
2110.121440263214	0.01823999999987791	epochs	3.0
2110.139680263214	0.018240000000332657	epochs	3.0
2110.1579202632142	0.03607999999985623	epochs	2.0
2110.1579202632142	0.018079999999827123	epochs	3.0
2110.176000263214	0.018000000000029104	epochs	3.0
2110.194000263214	0.03584000000000742	epochs	2.0
2110.194000263214	0.017920000000231084	epochs	3.0
2110.2119202632143	0.017919999999776337	epochs	3.0
2110.229840263214	0.03551999999990585	epochs	2.0
2110.229840263214	0.017760000000180298	epochs	3.0
2110.2476002632143	0.01775999999972555	epochs	3.0
2110.265360263214	0.035200000000259024	epochs	2.0
2110.265360263214	0.01767999999992753	epochs	3.0
2110.283040263214	0.017520000000331493	epochs	3.0
2110.3005602632143	0.03495999999995547	epochs	2.0
2110.3005602632143	0.017519999999876745	epochs	3.0
2110.318080263214	0.017440000000078726	epochs	3.0
2110.335520263214	0.034720000000106666	epochs	2.0
2110.335520263214	0.017440000000078726	epochs	3.0
2110.3529602632143	0.01728000000002794	epochs	3.0
2110.3702402632143	0.03440000000000509	epochs	2.0
2110.3702402632143	0.017199999999775173	epochs	3.0
2110.387440263214	0.01720000000022992	epochs	3.0
2110.4046402632143	0.03415999999970154	epochs	2.0
2110.4046402632143	0.017119999999977153	epochs	3.0
2110.4217602632143	0.017039999999724387	epochs	3.0
2110.438800263214	0.033840000000054715	epochs	2.0
2110.438800263214	0.016959999999926367	epochs	3.0
2110.455760263214	0.016880000000128348	epochs	3.0
2110.472640263214	0.03360000000020591	epochs	2.0
2110.472640263214	0.01679999999987558	epochs	3.0
2110.489440263214	0.01680000000033033	epochs	3.0
2110.5062402632143	0.03335999999990236	epochs	2.0
2110.5062402632143	0.016719999999622814	epochs	3.0
2110.522960263214	0.016640000000279542	epochs	3.0
2110.539600263214	0.03312000000005355	epochs	2.0
2110.539600263214	0.016560000000026776	epochs	3.0
2110.556160263214	0.016560000000026776	epochs	3.0
2110.5727202632143	0.03279999999995198	epochs	2.0
2110.5727202632143	0.01639999999997599	epochs	3.0
2110.589120263214	0.01639999999997599	epochs	3.0
2110.605520263214	0.03256000000010317	epochs	2.0
2110.605520263214	0.016319999999723223	epochs	3.0
2110.621840263214	0.01624000000037995	epochs	3.0
2110.6380802632143	0.03239999999959764	epochs	2.0
2110.6380802632143	0.016239999999925203	epochs	3.0
2110.6543202632142	0.016159999999672436	epochs	3.0
2110.670480263214	0.03208000000040556	epochs	2.0
2110.670480263214	0.016080000000329164	epochs	3.0
2110.6865602632142	0.016000000000076398	epochs	3.0
2110.7025602632143	0.03191999999990003	epochs	2.0
2110.7025602632143	0.01599999999962165	epochs	3.0
2110.718560263214	0.015920000000278378	epochs	3.0
2110.734480263214	0.031599999999798456	epochs	2.0
2110.734480263214	0.01584000000002561	epochs	3.0
2110.7503202632142	0.015759999999772845	epochs	3.0
2110.766080263214	0.03144000000020242	epochs	2.0
2110.766080263214	0.015760000000227592	epochs	3.0
2110.7818402632142	0.015679999999974825	epochs	3.0
2110.797520263214	0.031199999999898864	epochs	2.0
2110.797520263214	0.015599999999722058	epochs	3.0
2110.813120263214	0.015600000000176806	epochs	3.0
2110.828720263214	0.03096000000005006	epochs	2.0
2110.828720263214	0.015519999999924039	epochs	3.0
2110.844240263214	0.01544000000012602	epochs	3.0
2110.859680263214	0.030719999999746506	epochs	2.0
2110.859680263214	0.01544000000012602	epochs	3.0
2110.8751202632143	0.015279999999620486	epochs	3.0
2110.890400263214	0.030560000000150467	epochs	2.0
2110.890400263214	0.015360000000328	epochs	3.0
2110.9057602632142	0.015199999999822467	epochs	3.0
2110.920960263214	0.030319999999846914	epochs	2.0
2110.920960263214	0.015200000000277214	epochs	3.0
2110.9361602632143	0.0151199999995697	epochs	3.0
2110.951280263214	0.030079999999998108	epochs	2.0
2110.951280263214	0.015120000000024447	epochs	3.0
2110.966400263214	0.014959999999973661	epochs	3.0
2110.981360263214	0.02992000000040207	epochs	2.0
2110.981360263214	0.015040000000226428	epochs	3.0
2110.996400263214	0.014880000000175642	epochs	3.0
2111.0112802632143	0.02967999999964377	epochs	2.0
2111.0112802632143	0.014879999999720894	epochs	3.0
2111.026160263214	0.014799999999922875	epochs	3.0
2111.040960263214	0.02952000000004773	epochs	2.0
2111.040960263214	0.014800000000377622	epochs	3.0
2111.0557602632143	0.014719999999670108	epochs	3.0
2111.070480263214	0.029280000000198925	epochs	2.0
2111.070480263214	0.014720000000124855	epochs	3.0
2111.085200263214	0.01456000000007407	epochs	3.0
2111.099760263214	0.02911999999969339	epochs	2.0
2111.099760263214	0.014639999999872089	epochs	3.0
2111.114400263214	0.014479999999821302	epochs	3.0
2111.128880263214	0.028960000000097352	epochs	2.0
2111.128880263214	0.01448000000027605	epochs	3.0
2111.143360263214	0.014479999999821302	epochs	3.0
2111.157840263214	0.02863999999999578	epochs	2.0
2111.157840263214	0.014320000000225264	epochs	3.0
2111.172160263214	0.014319999999770516	epochs	3.0
2111.186480263214	0.02856000000019776	epochs	2.0
2111.186480263214	0.014320000000225264	epochs	3.0
2111.200800263214	0.014239999999972497	epochs	3.0
2111.215040263214	0.028319999999894208	epochs	2.0
2111.215040263214	0.01415999999971973	epochs	3.0
2111.229200263214	0.014160000000174477	epochs	3.0
2111.243360263214	0.02815999999984342	epochs	2.0
2111.243360263214	0.014160000000174477	epochs	3.0
2111.2575202632142	0.013999999999668944	epochs	3.0
2111.271520263214	0.028000000000247383	epochs	2.0
2111.271520263214	0.014000000000123691	epochs	3.0
2111.285520263214	0.014000000000123691	epochs	3.0
2111.299520263214	0.02775999999994383	epochs	2.0
2111.299520263214	0.013919999999870925	epochs	3.0
2111.313440263214	0.013840000000072905	epochs	3.0
2111.327280263214	0.02768000000014581	epochs	2.0
2111.327280263214	0.013840000000072905	epochs	3.0
2111.341120263214	0.013840000000072905	epochs	3.0
2111.3549602632143	0.027439999999842257	epochs	2.0
2111.3549602632143	0.013759999999820138	epochs	3.0
2111.368720263214	0.013680000000022119	epochs	3.0
2111.382400263214	0.02727999999979147	epochs	2.0
2111.382400263214	0.013680000000022119	epochs	3.0
2111.396080263214	0.013599999999769352	epochs	3.0
2111.409680263214	0.027120000000195432	epochs	2.0
2111.409680263214	0.01352000000042608	epochs	3.0
2111.4232002632143	0.013599999999769352	epochs	3.0
2111.436800263214	0.02687999999989188	epochs	2.0
2111.436800263214	0.013440000000173313	epochs	3.0
2111.4502402632143	0.013439999999718566	epochs	3.0
2111.463680263214	0.02680000000009386	epochs	2.0
2111.463680263214	0.013440000000173313	epochs	3.0
2111.477120263214	0.013359999999920547	epochs	3.0
2111.490480263214	0.026560000000245054	epochs	2.0
2111.490480263214	0.013280000000122527	epochs	3.0
2111.503760263214	0.013280000000122527	epochs	3.0
2111.5170402632143	0.026479999999992287	epochs	2.0
2111.5170402632143	0.01327999999966778	epochs	3.0
2111.530320263214	0.013200000000324508	epochs	3.0
2111.5435202632143	0.026239999999688735	epochs	2.0
2111.5435202632143	0.013119999999616994	epochs	3.0
2111.556640263214	0.013120000000071741	epochs	3.0
2111.569760263214	0.026159999999890715	epochs	2.0
2111.569760263214	0.013120000000071741	epochs	3.0
2111.582880263214	0.013039999999818974	epochs	3.0
2111.595920263214	0.026000000000294676	epochs	2.0
2111.595920263214	0.013040000000273722	epochs	3.0
2111.608960263214	0.012960000000020955	epochs	3.0
2111.621920263214	0.025759999999991123	epochs	2.0
2111.621920263214	0.012879999999768188	epochs	3.0
2111.634800263214	0.012880000000222935	epochs	3.0
2111.647680263214	0.025679999999738357	epochs	2.0
2111.647680263214	0.012879999999768188	epochs	3.0
2111.660560263214	0.012799999999970169	epochs	3.0
2111.673360263214	0.025520000000142318	epochs	2.0
2111.673360263214	0.012800000000424916	epochs	3.0
2111.6861602632143	0.012719999999717402	epochs	3.0
2111.698880263214	0.02536000000009153	epochs	2.0
2111.698880263214	0.01272000000017215	epochs	3.0
2111.711600263214	0.012639999999919382	epochs	3.0
2111.724240263214	0.025200000000040745	epochs	2.0
2111.724240263214	0.012639999999919382	epochs	3.0
2111.736880263214	0.012560000000121363	epochs	3.0
2111.749440263214	0.0245599999998376	epochs	2.0
2111.773600263214	0.5	epochs	-1.0
2111.774000263214	0.5193600000002334	epochs	1.0
2112.2933602632143	0.48055999999996857	epochs	0.0
2119.1890001296997	0.09999999999990905	epochs	0.0
2119.1890001296997	0.04496000000017375	epochs	1.0
2119.2339601297	0.010080000000016298	epochs	1.0
2119.2440401297	0.044959999999719	epochs	1.0
2119.2890001296996	2.0	epochs	0.0
2121.2890001296996	21.999920000000202	epochs	0.0
2121.2890001296996	1.0	epochs	1.0
2121.2890001296996	0.5	epochs	-1.0
2121.7890001296996	19.9996000000001	epochs	-1.0
2122.2890001296996	20.0	epochs	1.0
2122.2890001296996	8.000000025276677e-05	epochs	2.0
2122.2890801297	4.356719999999768	epochs	-1.0
2122.2890801297	1.9745599999996557	epochs	2.0
2122.2890801297	1.0985599999999067	epochs	3.0
2123.3876401297	0.875999999999749	epochs	3.0
2124.2636401296995	1.352400000000216	epochs	2.0
2124.2636401296995	0.7286400000002686	epochs	3.0
2124.9922801297	0.6237599999999475	epochs	3.0
2125.6160401296997	1.0297599999998965	epochs	2.0
2125.6160401296997	0.5453600000000733	epochs	3.0
2126.1614001297	0.4843999999998232	epochs	3.0
2126.6458001296996	0.8317600000000311	epochs	2.0
2126.6458001296996	0.4357599999998456	epochs	3.0
2127.0815601296995	0.39600000000018554	epochs	3.0
2127.4775601296997	0.6978399999998146	epochs	2.0
2127.4775601296997	0.362880000000132	epochs	3.0
2127.8404401297	0.3349599999996826	epochs	3.0
2128.1754001296995	0.6010400000000118	epochs	2.0
2128.1754001296995	0.3108799999999974	epochs	3.0
2128.4862801296995	0.2901600000000144	epochs	3.0
2128.7764401296995	0.5278400000001966	epochs	2.0
2128.7764401296995	0.2719200000001365	epochs	3.0
2129.0483601296996	0.2559200000000601	epochs	3.0
2129.3042801296997	0.47064000000000306	epochs	2.0
2129.3042801296997	0.2416800000000876	epochs	3.0
2129.5459601297	0.22895999999991545	epochs	3.0
2129.7749201296997	0.42455999999992855	epochs	2.0
2129.7749201296997	0.21743999999989683	epochs	3.0
2129.9923601296996	0.20712000000003172	epochs	3.0
2130.1994801296996	0.3867199999999684	epochs	2.0
2130.1994801296996	0.19768000000021857	epochs	3.0
2130.3971601297	0.18903999999974985	epochs	3.0
2130.5862001296996	0.35512000000016997	epochs	2.0
2130.5862001296996	0.1811999999999898	epochs	3.0
2130.7674001296996	0.17392000000018015	epochs	3.0
2130.9413201296998	0.32823999999982334	epochs	2.0
2130.9413201296998	0.16719999999986612	epochs	3.0
2131.1085201296996	0.16103999999995722	epochs	3.0
2131.2695601296996	0.30520000000024083	epochs	2.0
2131.2695601296996	0.1552799999999479	epochs	3.0
2131.4248401296995	0.14992000000029293	epochs	3.0
2131.5747601297	0.28512000000000626	epochs	2.0
2131.5747601297	0.14487999999983003	epochs	3.0
2131.7196401296997	0.14024000000017622	epochs	3.0
2131.8598801297	0.26751999999987675	epochs	2.0
2131.8598801297	0.13583999999991647	epochs	3.0
2131.9957201296997	0.13167999999996027	epochs	3.0
2132.1274001296997	0.2520800000002055	epochs	2.0
2132.1274001296997	0.12784000000010565	epochs	3.0
2132.2552401297	0.12424000000009983	epochs	3.0
2132.3794801297	0.2381599999998798	epochs	2.0
2132.3794801297	0.12071999999989202	epochs	3.0
2132.5002001297	0.11743999999998778	epochs	3.0
2132.6176401297	0.225840000000062	epochs	2.0
2132.6176401297	0.11439999999993233	epochs	3.0
2132.7320401296997	0.11144000000012966	epochs	3.0
2132.8434801297	0.2146399999996902	epochs	2.0
2132.8434801297	0.10863999999992302	epochs	3.0
2132.9521201297	0.10599999999976717	epochs	3.0
2133.0581201296995	0.20448000000033062	epochs	2.0
2133.0581201296995	0.10344000000031883	epochs	3.0
2133.1615601297	0.10104000000001179	epochs	3.0
2133.2626001297	0.19535999999970954	epochs	2.0
2133.2626001297	0.09879999999975553	epochs	3.0
2133.3614001296996	0.09655999999995402	epochs	3.0
2133.4579601296996	0.18695999999999913	epochs	2.0
2133.4579601296996	0.09448000000020329	epochs	3.0
2133.5524401297	0.09247999999979584	epochs	3.0
2133.6449201296996	0.1792000000000371	epochs	2.0
2133.6449201296996	0.09048000000029788	epochs	3.0
2133.7354001297	0.08871999999973923	epochs	3.0
2133.8241201296996	0.17208000000027823	epochs	2.0
2133.8241201296996	0.08688000000029206	epochs	3.0
2133.9110001297	0.08519999999998618	epochs	3.0
2133.9962001297	0.165520000000015	epochs	2.0
2133.9962001297	0.08359999999993306	epochs	3.0
2134.0798001297	0.08192000000008193	epochs	3.0
2134.1617201297	0.15951999999970212	epochs	2.0
2134.1617201297	0.08047999999962485	epochs	3.0
2134.2422001296995	0.07904000000007727	epochs	3.0
2134.3212401296996	0.15376000000014756	epochs	2.0
2134.3212401296996	0.07760000000007494	epochs	3.0
2134.3988401296997	0.07616000000007261	epochs	3.0
2134.4750001296998	0.14856000000008862	epochs	2.0
2134.4750001296998	0.07495999999991909	epochs	3.0
2134.5499601296997	0.07360000000016953	epochs	3.0
2134.6235601297	0.1436799999996765	epochs	2.0
2134.6235601297	0.07247999999981403	epochs	3.0
2134.6960401296997	0.07119999999986248	epochs	3.0
2134.7672401296995	0.1390400000000227	epochs	2.0
2134.7672401296995	0.07007999999996173	epochs	3.0
2134.8373201296995	0.06896000000006097	epochs	3.0
2134.9062801296996	0.13472000000001572	epochs	2.0
2134.9062801296996	0.06791999999995824	epochs	3.0
2134.9742001296995	0.06680000000005748	epochs	3.0
2135.0410001296996	0.1307200000001103	epochs	2.0
2135.0410001296996	0.06584000000020751	epochs	3.0
2135.1068401297	0.0648799999999028	epochs	3.0
2135.1717201296997	0.1268000000000029	epochs	2.0
2135.1717201296997	0.06383999999980006	epochs	3.0
2135.2355601296995	0.06296000000020285	epochs	3.0
2135.2985201296997	0.12328000000024986	epochs	2.0
2135.2985201296997	0.0620800000001509	epochs	3.0
2135.3606001297	0.06120000000009895	epochs	3.0
2135.4218001297	0.11983999999984007	epochs	2.0
2135.4218001297	0.060319999999592255	epochs	3.0
2135.4821201296995	0.05952000000024782	epochs	3.0
2135.5416401296998	0.11663999999973385	epochs	2.0
2135.5416401296998	0.05871999999999389	epochs	3.0
2135.6003601296998	0.05791999999973996	epochs	3.0
2135.6582801296995	0.11360000000013315	epochs	2.0
2135.6582801296995	0.05720000000019354	epochs	3.0
2135.7154801296997	0.05639999999993961	epochs	3.0
2135.7718801296996	0.1107200000001285	epochs	2.0
2135.7718801296996	0.055679999999938445	epochs	3.0
2135.8275601296996	0.05504000000019005	epochs	3.0
2135.8826001296998	0.10791999999992186	epochs	2.0
2135.8826001296998	0.05423999999993612	epochs	3.0
2135.9368401296997	0.05367999999998574	epochs	3.0
2135.9905201296997	0.10528000000022075	epochs	2.0
2135.9905201296997	0.052959999999984575	epochs	3.0
2136.0434801296997	0.05232000000023618	epochs	3.0
2136.0958001297	0.10287999999991371	epochs	2.0
2136.0958001297	0.05175999999983105	epochs	3.0
2136.1475601296997	0.051120000000082655	epochs	3.0
2136.1986801297	0.10039999999980864	epochs	2.0
2136.1986801297	0.05047999999987951	epochs	3.0
2136.2491601296997	0.04991999999992913	epochs	3.0
2136.2990801296996	0.0982400000002599	epochs	2.0
2136.2990801296996	0.049359999999978754	epochs	3.0
2136.3484401296996	0.04888000000028114	epochs	3.0
2136.3973201297	0.09600000000000364	epochs	2.0
2136.3973201297	0.04823999999962325	epochs	3.0
2136.4455601296995	0.04776000000038039	epochs	3.0
2136.4933201297	0.09391999999979816	epochs	2.0
2136.4933201297	0.04719999999997526	epochs	3.0
2136.5405201297	0.0467199999998229	epochs	3.0
2136.5872401296997	0.09191999999984546	epochs	2.0
2136.5872401296997	0.046159999999872525	epochs	3.0
2136.6334001296996	0.04575999999997293	epochs	3.0
2136.6791601296995	0.09007999999994354	epochs	2.0
2136.6791601296995	0.04528000000027532	epochs	3.0
2136.7244401297	0.044799999999668216	epochs	3.0
2136.7692401296995	0.0881600000002436	epochs	2.0
2136.7692401296995	0.04432000000042535	epochs	3.0
2136.8135601297	0.04383999999981825	epochs	3.0
2136.8574001296997	0.08647999999993772	epochs	2.0
2136.8574001296997	0.043439999999918655	epochs	3.0
2136.9008401296996	0.04304000000001906	epochs	3.0
2136.9438801296997	0.08471999999983382	epochs	2.0
2136.9438801296997	0.042559999999866704	epochs	3.0
2136.9864401296995	0.04215999999996711	epochs	3.0
2137.0286001296995	0.08320000000003347	epochs	2.0
2137.0286001296995	0.04176000000006752	epochs	3.0
2137.0703601296996	0.04143999999996595	epochs	3.0
2137.1118001296995	0.08152000000018234	epochs	2.0
2137.1118001296995	0.04096000000026834	epochs	3.0
2137.1527601297	0.040559999999914	epochs	3.0
2137.1933201296997	0.08008000000018001	epochs	2.0
2137.1933201296997	0.040239999999812426	epochs	3.0
2137.2335601296995	0.03984000000036758	epochs	3.0
2137.2734001297	0.07863999999972293	epochs	2.0
2137.2734001297	0.03951999999981126	epochs	3.0
2137.3129201296997	0.03911999999991167	epochs	3.0
2137.3520401296996	0.07720000000017535	epochs	2.0
2137.3520401296996	0.038800000000264845	epochs	3.0
2137.3908401297	0.038399999999910506	epochs	3.0
2137.4292401297	0.07591999999976906	epochs	2.0
2137.4292401297	0.0381600000000617	epochs	3.0
2137.4674001297	0.03775999999970736	epochs	3.0
2137.5051601296996	0.0745600000000195	epochs	2.0
2137.5051601296996	0.037440000000060536	epochs	3.0
2137.5426001296996	0.037119999999958964	epochs	3.0
2137.5797201296996	0.07336000000032072	epochs	2.0
2137.5797201296996	0.03680000000031214	epochs	3.0
2137.6165201297	0.036560000000008586	epochs	3.0
2137.6530801297	0.07207999999991443	epochs	2.0
2137.6530801297	0.036159999999654246	epochs	3.0
2137.6892401296996	0.03592000000026019	epochs	3.0
2137.7251601297	0.07087999999976091	epochs	2.0
2137.7251601297	0.03559999999970387	epochs	3.0
2137.7607601296995	0.035280000000057044	epochs	3.0
2137.7960401296996	0.06984000000011292	epochs	2.0
2137.7960401296996	0.03504000000020824	epochs	3.0
2137.8310801297	0.034799999999904685	epochs	3.0
2137.8658801296997	0.0686399999999594	epochs	2.0
2137.8658801296997	0.03447999999980311	epochs	3.0
2137.9003601296995	0.03416000000015629	epochs	3.0
2137.9345201296996	0.06759999999985666	epochs	2.0
2137.9345201296996	0.033919999999852735	epochs	3.0
2137.9684401296995	0.03368000000000393	epochs	3.0
2138.0021201296995	0.06656000000020867	epochs	2.0
2138.0021201296995	0.03344000000015512	epochs	3.0
2138.0355601296997	0.03312000000005355	epochs	3.0
2138.0686801296997	0.06559999999990396	epochs	2.0
2138.0686801296997	0.032960000000002765	epochs	3.0
2138.1016401296997	0.03263999999990119	epochs	3.0
2138.1342801296996	0.06456000000025597	epochs	2.0
2138.1342801296996	0.03240000000005239	epochs	3.0
2138.1666801296997	0.03216000000020358	epochs	3.0
2138.1988401297	0.06367999999974927	epochs	2.0
2138.1988401297	0.03199999999969805	epochs	3.0
2138.2308401296996	0.03168000000005122	epochs	3.0
2138.2625201296996	0.0627199999998993	epochs	2.0
2138.2625201296996	0.03144000000020242	epochs	3.0
2138.2939601297	0.031279999999696884	epochs	3.0
2138.3252401296995	0.0618400000003021	epochs	2.0
2138.3252401296995	0.031040000000302825	epochs	3.0
2138.3562801297	0.030799999999999272	epochs	3.0
2138.3870801297	0.0609599999997954	epochs	2.0
2138.3870801297	0.03055999999969572	epochs	3.0
2138.4176401296995	0.03040000000009968	epochs	3.0
2138.4480401296996	0.060159999999996217	epochs	2.0
2138.4480401296996	0.030160000000250875	epochs	3.0
2138.4782001297	0.02999999999974534	epochs	3.0
2138.5082001296996	0.059279999999944266	epochs	2.0
2138.5082001296996	0.029680000000098516	epochs	3.0
2138.5378801296997	0.02959999999984575	epochs	3.0
2138.5674801296996	0.05848000000014508	epochs	2.0
2138.5674801296996	0.029359999999996944	epochs	3.0
2138.5968401296996	0.02912000000014814	epochs	3.0
2138.6259601296997	0.05776000000014392	epochs	2.0
2138.6259601296997	0.028960000000097352	epochs	3.0
2138.6549201297	0.028800000000046566	epochs	3.0
2138.6837201297	0.05695999999988999	epochs	2.0
2138.6837201297	0.028559999999743013	epochs	3.0
2138.7122801296996	0.028400000000146974	epochs	3.0
2138.7406801296997	0.05623999999988882	epochs	2.0
2138.7406801296997	0.02815999999984342	epochs	3.0
2138.7688401296996	0.028080000000045402	epochs	3.0
2138.7969201296996	0.05544000000008964	epochs	2.0
2138.7969201296996	0.027840000000196596	epochs	3.0
2138.8247601297	0.027599999999893043	epochs	3.0
2138.8523601296997	0.05488000000013926	epochs	2.0
2138.8523601296997	0.027520000000095024	epochs	3.0
2138.8798801297	0.027360000000044238	epochs	3.0
2138.9072401297	0.05407999999988533	epochs	2.0
2138.9072401297	0.027119999999740685	epochs	3.0
2138.9343601296996	0.026960000000144646	epochs	3.0
2138.9613201296997	0.053440000000136934	epochs	2.0
2138.9613201296997	0.02680000000009386	epochs	3.0
2138.9881201297	0.026640000000043074	epochs	3.0
2139.0147601297	0.05287999999973181	epochs	2.0
2139.0147601297	0.026479999999992287	epochs	3.0
2139.0412401297	0.02639999999973952	epochs	3.0
2139.0676401296996	0.05216000000018539	epochs	2.0
2139.0676401296996	0.026159999999890715	epochs	3.0
2139.0938001296995	0.026000000000294676	epochs	3.0
2139.1198001297	0.05151999999998225	epochs	2.0
2139.1198001297	0.025839999999789143	epochs	3.0
2139.1456401296996	0.025680000000193104	epochs	3.0
2139.1713201297	0.05096000000003187	epochs	2.0
2139.1713201297	0.025599999999940337	epochs	3.0
2139.1969201296997	0.02536000000009153	epochs	3.0
2139.2222801297	0.05040000000008149	epochs	2.0
2139.2222801297	0.025279999999838765	epochs	3.0
2139.2475601296997	0.025120000000242726	epochs	3.0
2139.2726801297	0.049759999999878346	epochs	2.0
2139.2726801297	0.024959999999737192	epochs	3.0
2139.2976401296996	0.024800000000141154	epochs	3.0
2139.3224401296998	0.04919999999992797	epochs	2.0
2139.3224401296998	0.024640000000090367	epochs	3.0
2139.3470801297	0.0245599999998376	epochs	3.0
2139.3716401296997	0.04872000000023036	epochs	2.0
2139.3716401296997	0.024399999999786814	epochs	3.0
2139.3960401296995	0.024320000000443542	epochs	3.0
2139.4203601297	0.048079999999572465	epochs	2.0
2139.4203601297	0.024079999999685242	epochs	3.0
2139.4444401296996	0.023999999999887223	epochs	3.0
2139.4684401296995	0.0476000000003296	epochs	2.0
2139.4684401296995	0.023840000000291184	epochs	3.0
2139.4922801297	0.023760000000038417	epochs	3.0
2139.5160401297	0.047119999999722495	epochs	2.0
2139.5160401297	0.02359999999998763	epochs	3.0
2139.5396401297	0.023519999999734864	epochs	3.0
2139.5631601296996	0.046560000000226864	epochs	2.0
2139.5631601296996	0.023360000000138825	epochs	3.0
2139.5865201296997	0.02320000000008804	epochs	3.0
2139.6097201297	0.046080000000074506	epochs	2.0
2139.6097201297	0.023119999999835272	epochs	3.0
2139.6328401296996	0.022960000000239233	epochs	3.0
2139.6558001297	0.04559999999992215	epochs	2.0
2139.6558001297	0.022879999999986467	epochs	3.0
2139.6786801297	0.02271999999993568	epochs	3.0
2139.7014001297	0.04511999999976979	epochs	2.0
2139.7014001297	0.02264000000013766	epochs	3.0
2139.7240401297	0.022479999999632128	epochs	3.0
2139.7465201296995	0.04464000000007218	epochs	2.0
2139.7465201296995	0.022400000000288856	epochs	3.0
2139.7689201297	0.022239999999783322	epochs	3.0
2139.7911601296996	0.044240000000172586	epochs	2.0
2139.7911601296996	0.022159999999985303	epochs	3.0
2139.8133201296996	0.022080000000187283	epochs	3.0
2139.8354001297	0.04376000000002023	epochs	2.0
2139.8354001297	0.021920000000136497	epochs	3.0
2139.8573201297	0.02183999999988373	epochs	3.0
2139.8791601297	0.04335999999966589	epochs	2.0
2139.8791601297	0.02176000000008571	epochs	3.0
2139.9009201297	0.021599999999580177	epochs	3.0
2139.9225201296995	0.042880000000423024	epochs	2.0
2139.9225201296995	0.021440000000438886	epochs	3.0
2139.9439601297	0.02143999999998414	epochs	3.0
2139.9654001297	0.04247999999961394	epochs	2.0
2139.9654001297	0.021279999999933352	epochs	3.0
2139.9866801297	0.021199999999680585	epochs	3.0
2140.0078801296995	0.04208000000016909	epochs	2.0
2140.0078801296995	0.021040000000084547	epochs	3.0
2140.0289201296996	0.021040000000084547	epochs	3.0
2140.0499601296997	0.041679999999814754	epochs	2.0
2140.0499601296997	0.02088000000003376	epochs	3.0
2140.0708401296997	0.020799999999780994	epochs	3.0
2140.0916401296995	0.04120000000011714	epochs	2.0
2140.0916401296995	0.020640000000184955	epochs	3.0
2140.1122801296997	0.020559999999932188	epochs	3.0
2140.1328401296996	0.04088000000001557	epochs	2.0
2140.1328401296996	0.020559999999932188	epochs	3.0
2140.1534001296995	0.020320000000083382	epochs	3.0
2140.1737201296996	0.040559999999914	epochs	2.0
2140.1737201296996	0.020320000000083382	epochs	3.0
2140.1940401296997	0.020239999999830616	epochs	3.0
2140.2142801296995	0.04008000000021639	epochs	2.0
2140.2142801296995	0.020080000000234577	epochs	3.0
2140.2343601297	0.01999999999998181	epochs	3.0
2140.2543601296998	0.039760000000114815	epochs	2.0
2140.2543601296998	0.019919999999729043	epochs	3.0
2140.2742801296995	0.01984000000038577	epochs	3.0
2140.2941201297	0.03944000000001324	epochs	2.0
2140.2941201297	0.019759999999678257	epochs	3.0
2140.3138801296996	0.019680000000334985	epochs	3.0
2140.3335601297	0.0390399999996589	epochs	2.0
2140.3335601297	0.01951999999982945	epochs	3.0
2140.3530801296997	0.01951999999982945	epochs	3.0
2140.3726001296995	0.03864000000021406	epochs	2.0
2140.3726001296995	0.019360000000233413	epochs	3.0
2140.3919601297	0.019279999999980646	epochs	3.0
2140.4112401296998	0.038399999999910506	epochs	2.0
2140.4112401296998	0.019279999999980646	epochs	3.0
2140.4305201296997	0.01911999999992986	epochs	3.0
2140.4496401296997	0.038000000000010914	epochs	2.0
2140.4496401296997	0.01904000000013184	epochs	3.0
2140.4686801297	0.018959999999879074	epochs	3.0
2140.4876401296997	0.03767999999990934	epochs	2.0
2140.4876401296997	0.018880000000081054	epochs	3.0
2140.5065201296998	0.018799999999828287	epochs	3.0
2140.5253201296996	0.03736000000026252	epochs	2.0
2140.5253201296996	0.018720000000030268	epochs	3.0
2140.5440401296996	0.01864000000023225	epochs	3.0
2140.5626801297	0.0370399999997062	epochs	2.0
2140.5626801297	0.018559999999979482	epochs	3.0
2140.5812401297	0.018479999999726715	epochs	3.0
2140.5997201296996	0.03672000000005937	epochs	2.0
2140.5997201296996	0.018399999999928696	epochs	3.0
2140.6181201296995	0.018320000000130676	epochs	3.0
2140.6364401296996	0.036480000000210566	epochs	2.0
2140.6364401296996	0.01823999999987791	epochs	3.0
2140.6546801296995	0.018240000000332657	epochs	3.0
2140.6729201297	0.03607999999985623	epochs	2.0
2140.6729201297	0.018079999999827123	epochs	3.0
2140.6910001296997	0.018000000000029104	epochs	3.0
2140.7090001296997	0.03584000000000742	epochs	2.0
2140.7090001296997	0.017920000000231084	epochs	3.0
2140.7269201297	0.017919999999776337	epochs	3.0
2140.7448401296997	0.03551999999990585	epochs	2.0
2140.7448401296997	0.017760000000180298	epochs	3.0
2140.7626001297	0.01775999999972555	epochs	3.0
2140.7803601296996	0.035200000000259024	epochs	2.0
2140.7803601296996	0.01767999999992753	epochs	3.0
2140.7980401296995	0.017520000000331493	epochs	3.0
2140.8155601297	0.03495999999995547	epochs	2.0
2140.8155601297	0.017519999999876745	epochs	3.0
2140.8330801296997	0.017440000000078726	epochs	3.0
2140.8505201297	0.034720000000106666	epochs	2.0
2140.8505201297	0.017440000000078726	epochs	3.0
2140.8679601297	0.01728000000002794	epochs	3.0
2140.8852401297	0.03440000000000509	epochs	2.0
2140.8852401297	0.017199999999775173	epochs	3.0
2140.9024401296997	0.01720000000022992	epochs	3.0
2140.9196401297	0.03415999999970154	epochs	2.0
2140.9196401297	0.017119999999977153	epochs	3.0
2140.9367601297	0.017039999999724387	epochs	3.0
2140.9538001296996	0.033840000000054715	epochs	2.0
2140.9538001296996	0.016959999999926367	epochs	3.0
2140.9707601296996	0.016880000000128348	epochs	3.0
2140.9876401296997	0.03360000000020591	epochs	2.0
2140.9876401296997	0.01679999999987558	epochs	3.0
2141.0044401296996	0.01680000000033033	epochs	3.0
2141.0212401297	0.03335999999990236	epochs	2.0
2141.0212401297	0.016719999999622814	epochs	3.0
2141.0379601296995	0.016640000000279542	epochs	3.0
2141.0546001297	0.03312000000005355	epochs	2.0
2141.0546001297	0.016560000000026776	epochs	3.0
2141.0711601297	0.016560000000026776	epochs	3.0
2141.0877201297	0.03279999999995198	epochs	2.0
2141.0877201297	0.01639999999997599	epochs	3.0
2141.1041201297	0.01639999999997599	epochs	3.0
2141.1205201297	0.03256000000010317	epochs	2.0
2141.1205201297	0.016319999999723223	epochs	3.0
2141.1368401296995	0.01624000000037995	epochs	3.0
2141.1530801297	0.03239999999959764	epochs	2.0
2141.1530801297	0.016239999999925203	epochs	3.0
2141.1693201297	0.016159999999672436	epochs	3.0
2141.1854801296995	0.03208000000040556	epochs	2.0
2141.1854801296995	0.016080000000329164	epochs	3.0
2141.2015601297	0.016000000000076398	epochs	3.0
2141.2175601297	0.03191999999990003	epochs	2.0
2141.2175601297	0.01599999999962165	epochs	3.0
2141.2335601296995	0.015920000000278378	epochs	3.0
2141.2494801297	0.031599999999798456	epochs	2.0
2141.2494801297	0.01584000000002561	epochs	3.0
2141.2653201297	0.015759999999772845	epochs	3.0
2141.2810801296996	0.03144000000020242	epochs	2.0
2141.2810801296996	0.015760000000227592	epochs	3.0
2141.2968401297	0.015679999999974825	epochs	3.0
2141.3125201297	0.031199999999898864	epochs	2.0
2141.3125201297	0.015599999999722058	epochs	3.0
2141.3281201296995	0.015600000000176806	epochs	3.0
2141.3437201296997	0.03096000000005006	epochs	2.0
2141.3437201296997	0.015519999999924039	epochs	3.0
2141.3592401296996	0.01544000000012602	epochs	3.0
2141.3746801296998	0.030719999999746506	epochs	2.0
2141.3746801296998	0.01544000000012602	epochs	3.0
2141.3901201297	0.015279999999620486	epochs	3.0
2141.4054001296995	0.030560000000150467	epochs	2.0
2141.4054001296995	0.015360000000328	epochs	3.0
2141.4207601297	0.015199999999822467	epochs	3.0
2141.4359601296997	0.030319999999846914	epochs	2.0
2141.4359601296997	0.015200000000277214	epochs	3.0
2141.4511601297	0.0151199999995697	epochs	3.0
2141.4662801296995	0.030079999999998108	epochs	2.0
2141.4662801296995	0.015120000000024447	epochs	3.0
2141.4814001296995	0.014959999999973661	epochs	3.0
2141.4963601296995	0.02992000000040207	epochs	2.0
2141.4963601296995	0.015040000000226428	epochs	3.0
2141.5114001296997	0.014880000000175642	epochs	3.0
2141.5262801297	0.02967999999964377	epochs	2.0
2141.5262801297	0.014879999999720894	epochs	3.0
2141.5411601296996	0.014799999999922875	epochs	3.0
2141.5559601296995	0.02952000000004773	epochs	2.0
2141.5559601296995	0.014800000000377622	epochs	3.0
2141.5707601297	0.014719999999670108	epochs	3.0
2141.5854801296996	0.029280000000198925	epochs	2.0
2141.5854801296996	0.014720000000124855	epochs	3.0
2141.6002001296997	0.01456000000007407	epochs	3.0
2141.6147601297	0.02911999999969339	epochs	2.0
2141.6147601297	0.014639999999872089	epochs	3.0
2141.6294001296997	0.014479999999821302	epochs	3.0
2141.6438801296995	0.028960000000097352	epochs	2.0
2141.6438801296995	0.01448000000027605	epochs	3.0
2141.6583601296998	0.014479999999821302	epochs	3.0
2141.6728401296996	0.02863999999999578	epochs	2.0
2141.6728401296996	0.014320000000225264	epochs	3.0
2141.6871601297	0.014319999999770516	epochs	3.0
2141.7014801296996	0.02856000000019776	epochs	2.0
2141.7014801296996	0.014320000000225264	epochs	3.0
2141.7158001297	0.014239999999972497	epochs	3.0
2141.7300401297	0.028319999999894208	epochs	2.0
2141.7300401297	0.01415999999971973	epochs	3.0
2141.7442001296995	0.014160000000174477	epochs	3.0
2141.7583601296997	0.02815999999984342	epochs	2.0
2141.7583601296997	0.014160000000174477	epochs	3.0
2141.7725201297	0.013999999999668944	epochs	3.0
2141.7865201296995	0.028000000000247383	epochs	2.0
2141.7865201296995	0.014000000000123691	epochs	3.0
2141.8005201296996	0.014000000000123691	epochs	3.0
2141.8145201296998	0.02775999999994383	epochs	2.0
2141.8145201296998	0.013919999999870925	epochs	3.0
2141.8284401296996	0.013840000000072905	epochs	3.0
2141.8422801296997	0.02768000000014581	epochs	2.0
2141.8422801296997	0.013840000000072905	epochs	3.0
2141.8561201297	0.013840000000072905	epochs	3.0
2141.8699601297	0.027439999999842257	epochs	2.0
2141.8699601297	0.013759999999820138	epochs	3.0
2141.8837201296997	0.013680000000022119	epochs	3.0
2141.8974001296997	0.02727999999979147	epochs	2.0
2141.8974001296997	0.013680000000022119	epochs	3.0
2141.9110801296997	0.013599999999769352	epochs	3.0
2141.9246801296995	0.027120000000195432	epochs	2.0
2141.9246801296995	0.01352000000042608	epochs	3.0
2141.9382001297	0.013599999999769352	epochs	3.0
2141.9518001296997	0.02687999999989188	epochs	2.0
2141.9518001296997	0.013440000000173313	epochs	3.0
2141.9652401297	0.013439999999718566	epochs	3.0
2141.9786801296996	0.02680000000009386	epochs	2.0
2141.9786801296996	0.013440000000173313	epochs	3.0
2141.9921201296997	0.013359999999920547	epochs	3.0
2142.0054801296997	0.026560000000245054	epochs	2.0
2142.0054801296997	0.013280000000122527	epochs	3.0
2142.0187601297	0.013280000000122527	epochs	3.0
2142.0320401297	0.026479999999992287	epochs	2.0
2142.0320401297	0.01327999999966778	epochs	3.0
2142.0453201296996	0.013200000000324508	epochs	3.0
2142.0585201297	0.026239999999688735	epochs	2.0
2142.0585201297	0.013119999999616994	epochs	3.0
2142.0716401296995	0.013120000000071741	epochs	3.0
2142.0847601296996	0.026159999999890715	epochs	2.0
2142.0847601296996	0.013120000000071741	epochs	3.0
2142.0978801296997	0.013039999999818974	epochs	3.0
2142.1109201296995	0.026000000000294676	epochs	2.0
2142.1109201296995	0.013040000000273722	epochs	3.0
2142.1239601296998	0.012960000000020955	epochs	3.0
2142.1369201297	0.025759999999991123	epochs	2.0
2142.1369201297	0.012879999999768188	epochs	3.0
2142.1498001296995	0.012880000000222935	epochs	3.0
2142.1626801296998	0.025679999999738357	epochs	2.0
2142.1626801296998	0.012879999999768188	epochs	3.0
2142.1755601296995	0.012799999999970169	epochs	3.0
2142.1883601296995	0.025520000000142318	epochs	2.0
2142.1883601296995	0.012800000000424916	epochs	3.0
2142.2011601297	0.012719999999717402	epochs	3.0
2142.2138801296996	0.02536000000009153	epochs	2.0
2142.2138801296996	0.01272000000017215	epochs	3.0
2142.2266001297	0.012639999999919382	epochs	3.0
2142.2392401296997	0.025200000000040745	epochs	2.0
2142.2392401296997	0.012639999999919382	epochs	3.0
2142.2518801296997	0.012560000000121363	epochs	3.0
2142.2644401297	0.0245599999998376	epochs	2.0
2142.2886001296997	0.5	epochs	-1.0
2142.2890001296996	0.999920000000202	epochs	1.0
2142.7886001296997	0.5	epochs	-1.0
2150.9230003356934	0.09999999999990905	epochs	0.0
2150.9230003356934	0.04496000000017375	epochs	1.0
2150.9679603356935	0.010080000000016298	epochs	1.0
2150.9780403356935	0.044959999999719	epochs	1.0
2151.0230003356933	2.0	epochs	0.0
2153.0230003356933	0.5195200000002842	epochs	0.0
2153.0230003356933	0.5195200000002842	epochs	1.0
2153.0230003356933	0.5	epochs	-1.0
2153.5230003356933	0.0195200000002842	epochs	-1.0
2153.5425203356936	21.480399999999918	epochs	0.0
2160.973000049591	0.09999999999990905	epochs	0.0
2160.973000049591	0.04496000000017375	epochs	1.0
2161.0179600495912	0.010080000000016298	epochs	1.0
2161.0280400495913	0.044959999999719	epochs	1.0
2161.073000049591	2.0	epochs	0.0
2163.073000049591	0.5187200000000303	epochs	0.0
2163.073000049591	0.5187200000000303	epochs	1.0
2163.073000049591	0.5	epochs	-1.0
2163.573000049591	0.018720000000030268	epochs	-1.0
2163.591720049591	21.48120000000017	epochs	0.0
2171.1680002212524	0.09999999999990905	epochs	0.0
2171.1680002212524	0.04496000000017375	epochs	1.0
2171.2129602212526	0.010080000000016298	epochs	1.0
2171.2230402212526	0.044959999999719	epochs	1.0
2171.2680002212524	2.0	epochs	0.0
2173.2680002212524	21.999920000000202	epochs	0.0
2173.2680002212524	1.0	epochs	1.0
2173.2680002212524	0.5	epochs	-1.0
2173.7680002212524	19.9996000000001	epochs	-1.0
2174.2680002212524	20.0	epochs	1.0
2174.2680002212524	8.000000025276677e-05	epochs	2.0
2174.2680802212526	4.356719999999768	epochs	-1.0
2174.2680802212526	1.9745599999996557	epochs	2.0
2174.2680802212526	1.0985599999999067	epochs	3.0
2175.3666402212525	0.875999999999749	epochs	3.0
2176.2426402212523	1.352400000000216	epochs	2.0
2176.2426402212523	0.7286400000002686	epochs	3.0
2176.9712802212525	0.6237599999999475	epochs	3.0
2177.5950402212525	1.0297599999998965	epochs	2.0
2177.5950402212525	0.5453600000000733	epochs	3.0
2178.1404002212525	0.4843999999998232	epochs	3.0
2178.6248002212524	0.8317600000000311	epochs	2.0
2178.6248002212524	0.4357599999998456	epochs	3.0
2179.060560221252	0.39600000000018554	epochs	3.0
2179.4565602212524	0.6978399999998146	epochs	2.0
2179.4565602212524	0.362880000000132	epochs	3.0
2179.8194402212525	0.3349599999996826	epochs	3.0
2180.154400221252	0.6010400000000118	epochs	2.0
2180.154400221252	0.3108799999999974	epochs	3.0
2180.465280221252	0.2901600000000144	epochs	3.0
2180.7554402212522	0.5278400000001966	epochs	2.0
2180.7554402212522	0.2719200000001365	epochs	3.0
2181.0273602212524	0.2559200000000601	epochs	3.0
2181.2832802212524	0.47064000000000306	epochs	2.0
2181.2832802212524	0.2416800000000876	epochs	3.0
2181.5249602212525	0.22895999999991545	epochs	3.0
2181.7539202212524	0.42455999999992855	epochs	2.0
2181.7539202212524	0.21743999999989683	epochs	3.0
2181.9713602212523	0.20712000000003172	epochs	3.0
2182.1784802212524	0.3867199999999684	epochs	2.0
2182.1784802212524	0.19768000000021857	epochs	3.0
2182.3761602212526	0.18903999999974985	epochs	3.0
2182.5652002212523	0.35512000000016997	epochs	2.0
2182.5652002212523	0.1811999999999898	epochs	3.0
2182.7464002212523	0.17392000000018015	epochs	3.0
2182.9203202212525	0.32823999999982334	epochs	2.0
2182.9203202212525	0.16719999999986612	epochs	3.0
2183.0875202212524	0.16103999999995722	epochs	3.0
2183.2485602212523	0.30520000000024083	epochs	2.0
2183.2485602212523	0.1552799999999479	epochs	3.0
2183.4038402212523	0.14992000000029293	epochs	3.0
2183.5537602212526	0.28512000000000626	epochs	2.0
2183.5537602212526	0.14487999999983003	epochs	3.0
2183.6986402212524	0.14024000000017622	epochs	3.0
2183.8388802212526	0.26751999999987675	epochs	2.0
2183.8388802212526	0.13583999999991647	epochs	3.0
2183.9747202212525	0.13167999999996027	epochs	3.0
2184.1064002212524	0.2520800000002055	epochs	2.0
2184.1064002212524	0.12784000000010565	epochs	3.0
2184.2342402212525	0.12424000000009983	epochs	3.0
2184.3584802212526	0.2381599999998798	epochs	2.0
2184.3584802212526	0.12071999999989202	epochs	3.0
2184.4792002212525	0.11743999999998778	epochs	3.0
2184.5966402212525	0.225840000000062	epochs	2.0
2184.5966402212525	0.11439999999993233	epochs	3.0
2184.7110402212525	0.11144000000012966	epochs	3.0
2184.8224802212526	0.2146399999996902	epochs	2.0
2184.8224802212526	0.10863999999992302	epochs	3.0
2184.9311202212525	0.10599999999976717	epochs	3.0
2185.0371202212523	0.20448000000033062	epochs	2.0
2185.0371202212523	0.10344000000031883	epochs	3.0
2185.1405602212526	0.10104000000001179	epochs	3.0
2185.2416002212526	0.19535999999970954	epochs	2.0
2185.2416002212526	0.09879999999975553	epochs	3.0
2185.3404002212524	0.09655999999995402	epochs	3.0
2185.4369602212523	0.18695999999999913	epochs	2.0
2185.4369602212523	0.09448000000020329	epochs	3.0
2185.5314402212525	0.09247999999979584	epochs	3.0
2185.6239202212523	0.1792000000000371	epochs	2.0
2185.6239202212523	0.09048000000029788	epochs	3.0
2185.7144002212526	0.08871999999973923	epochs	3.0
2185.8031202212524	0.17208000000027823	epochs	2.0
2185.8031202212524	0.08688000000029206	epochs	3.0
2185.8900002212526	0.08519999999998618	epochs	3.0
2185.9752002212526	0.165520000000015	epochs	2.0
2185.9752002212526	0.08359999999993306	epochs	3.0
2186.0588002212526	0.08192000000008193	epochs	3.0
2186.1407202212526	0.15951999999970212	epochs	2.0
2186.1407202212526	0.08047999999962485	epochs	3.0
2186.2212002212523	0.07904000000007727	epochs	3.0
2186.3002402212524	0.15376000000014756	epochs	2.0
2186.3002402212524	0.07760000000007494	epochs	3.0
2186.3778402212524	0.07616000000007261	epochs	3.0
2186.4540002212525	0.14856000000008862	epochs	2.0
2186.4540002212525	0.07495999999991909	epochs	3.0
2186.5289602212524	0.07360000000016953	epochs	3.0
2186.6025602212526	0.1436799999996765	epochs	2.0
2186.6025602212526	0.07247999999981403	epochs	3.0
2186.6750402212524	0.07119999999986248	epochs	3.0
2186.7462402212523	0.1390400000000227	epochs	2.0
2186.7462402212523	0.07007999999996173	epochs	3.0
2186.816320221252	0.06896000000006097	epochs	3.0
2186.8852802212523	0.13472000000001572	epochs	2.0
2186.8852802212523	0.06791999999995824	epochs	3.0
2186.9532002212522	0.06680000000005748	epochs	3.0
2187.0200002212523	0.1307200000001103	epochs	2.0
2187.0200002212523	0.06584000000020751	epochs	3.0
2187.0858402212525	0.0648799999999028	epochs	3.0
2187.1507202212524	0.1268000000000029	epochs	2.0
2187.1507202212524	0.06383999999980006	epochs	3.0
2187.214560221252	0.06296000000020285	epochs	3.0
2187.2775202212524	0.12328000000024986	epochs	2.0
2187.2775202212524	0.0620800000001509	epochs	3.0
2187.3396002212526	0.06120000000009895	epochs	3.0
2187.4008002212527	0.11983999999984007	epochs	2.0
2187.4008002212527	0.060319999999592255	epochs	3.0
2187.4611202212523	0.05952000000024782	epochs	3.0
2187.5206402212525	0.11663999999973385	epochs	2.0
2187.5206402212525	0.05871999999999389	epochs	3.0
2187.5793602212525	0.05791999999973996	epochs	3.0
2187.6372802212522	0.11360000000013315	epochs	2.0
2187.6372802212522	0.05720000000019354	epochs	3.0
2187.6944802212524	0.05639999999993961	epochs	3.0
2187.7508802212524	0.1107200000001285	epochs	2.0
2187.7508802212524	0.055679999999938445	epochs	3.0
2187.8065602212523	0.05504000000019005	epochs	3.0
2187.8616002212525	0.10791999999992186	epochs	2.0
2187.8616002212525	0.05423999999993612	epochs	3.0
2187.9158402212524	0.05367999999998574	epochs	3.0
2187.9695202212524	0.10528000000022075	epochs	2.0
2187.9695202212524	0.052959999999984575	epochs	3.0
2188.0224802212524	0.05232000000023618	epochs	3.0
2188.0748002212526	0.10287999999991371	epochs	2.0
2188.0748002212526	0.05175999999983105	epochs	3.0
2188.1265602212525	0.051120000000082655	epochs	3.0
2188.1776802212526	0.10039999999980864	epochs	2.0
2188.1776802212526	0.05047999999987951	epochs	3.0
2188.2281602212524	0.04991999999992913	epochs	3.0
2188.2780802212524	0.0982400000002599	epochs	2.0
2188.2780802212524	0.049359999999978754	epochs	3.0
2188.3274402212523	0.04888000000028114	epochs	3.0
2188.3763202212526	0.09600000000000364	epochs	2.0
2188.3763202212526	0.04823999999962325	epochs	3.0
2188.4245602212522	0.04776000000038039	epochs	3.0
2188.4723202212526	0.09391999999979816	epochs	2.0
2188.4723202212526	0.04719999999997526	epochs	3.0
2188.5195202212526	0.0467199999998229	epochs	3.0
2188.5662402212524	0.09191999999984546	epochs	2.0
2188.5662402212524	0.046159999999872525	epochs	3.0
2188.6124002212523	0.04575999999997293	epochs	3.0
2188.6581602212523	0.09007999999994354	epochs	2.0
2188.6581602212523	0.04528000000027532	epochs	3.0
2188.7034402212525	0.044799999999668216	epochs	3.0
2188.748240221252	0.0881600000002436	epochs	2.0
2188.748240221252	0.04432000000042535	epochs	3.0
2188.7925602212526	0.04383999999981825	epochs	3.0
2188.8364002212525	0.08647999999993772	epochs	2.0
2188.8364002212525	0.043439999999918655	epochs	3.0
2188.8798402212524	0.04304000000001906	epochs	3.0
2188.9228802212524	0.08471999999983382	epochs	2.0
2188.9228802212524	0.042559999999866704	epochs	3.0
2188.9654402212523	0.04215999999996711	epochs	3.0
2189.0076002212522	0.08320000000003347	epochs	2.0
2189.0076002212522	0.04176000000006752	epochs	3.0
2189.0493602212523	0.04143999999996595	epochs	3.0
2189.0908002212523	0.08152000000018234	epochs	2.0
2189.0908002212523	0.04096000000026834	epochs	3.0
2189.1317602212525	0.040559999999914	epochs	3.0
2189.1723202212524	0.08008000000018001	epochs	2.0
2189.1723202212524	0.040239999999812426	epochs	3.0
2189.2125602212523	0.03984000000036758	epochs	3.0
2189.2524002212526	0.07863999999972293	epochs	2.0
2189.2524002212526	0.03951999999981126	epochs	3.0
2189.2919202212524	0.03911999999991167	epochs	3.0
2189.3310402212524	0.07720000000017535	epochs	2.0
2189.3310402212524	0.038800000000264845	epochs	3.0
2189.3698402212526	0.038399999999910506	epochs	3.0
2189.4082402212525	0.07591999999976906	epochs	2.0
2189.4082402212525	0.0381600000000617	epochs	3.0
2189.4464002212526	0.03775999999970736	epochs	3.0
2189.4841602212523	0.0745600000000195	epochs	2.0
2189.4841602212523	0.037440000000060536	epochs	3.0
2189.5216002212524	0.037119999999958964	epochs	3.0
2189.5587202212523	0.07336000000032072	epochs	2.0
2189.5587202212523	0.03680000000031214	epochs	3.0
2189.5955202212526	0.036560000000008586	epochs	3.0
2189.6320802212526	0.07207999999991443	epochs	2.0
2189.6320802212526	0.036159999999654246	epochs	3.0
2189.6682402212523	0.03592000000026019	epochs	3.0
2189.7041602212526	0.07087999999976091	epochs	2.0
2189.7041602212526	0.03559999999970387	epochs	3.0
2189.7397602212523	0.035280000000057044	epochs	3.0
2189.7750402212523	0.06984000000011292	epochs	2.0
2189.7750402212523	0.03504000000020824	epochs	3.0
2189.8100802212525	0.034799999999904685	epochs	3.0
2189.8448802212524	0.0686399999999594	epochs	2.0
2189.8448802212524	0.03447999999980311	epochs	3.0
2189.879360221252	0.03416000000015629	epochs	3.0
2189.9135202212524	0.06759999999985666	epochs	2.0
2189.9135202212524	0.033919999999852735	epochs	3.0
2189.9474402212522	0.03368000000000393	epochs	3.0
2189.9811202212522	0.06656000000020867	epochs	2.0
2189.9811202212522	0.03344000000015512	epochs	3.0
2190.0145602212524	0.03312000000005355	epochs	3.0
2190.0476802212524	0.06559999999990396	epochs	2.0
2190.0476802212524	0.032960000000002765	epochs	3.0
2190.0806402212525	0.03263999999990119	epochs	3.0
2190.1132802212524	0.06456000000025597	epochs	2.0
2190.1132802212524	0.03240000000005239	epochs	3.0
2190.1456802212524	0.03216000000020358	epochs	3.0
2190.1778402212526	0.06367999999974927	epochs	2.0
2190.1778402212526	0.03199999999969805	epochs	3.0
2190.2098402212523	0.03168000000005122	epochs	3.0
2190.2415202212524	0.0627199999998993	epochs	2.0
2190.2415202212524	0.03144000000020242	epochs	3.0
2190.2729602212526	0.031279999999696884	epochs	3.0
2190.3042402212523	0.0618400000003021	epochs	2.0
2190.3042402212523	0.031040000000302825	epochs	3.0
2190.3352802212526	0.030799999999999272	epochs	3.0
2190.3660802212526	0.0609599999997954	epochs	2.0
2190.3660802212526	0.03055999999969572	epochs	3.0
2190.3966402212523	0.03040000000009968	epochs	3.0
2190.4270402212524	0.060159999999996217	epochs	2.0
2190.4270402212524	0.030160000000250875	epochs	3.0
2190.4572002212526	0.02999999999974534	epochs	3.0
2190.4872002212524	0.059279999999944266	epochs	2.0
2190.4872002212524	0.029680000000098516	epochs	3.0
2190.5168802212524	0.02959999999984575	epochs	3.0
2190.5464802212523	0.05848000000014508	epochs	2.0
2190.5464802212523	0.029359999999996944	epochs	3.0
2190.5758402212523	0.02912000000014814	epochs	3.0
2190.6049602212524	0.05776000000014392	epochs	2.0
2190.6049602212524	0.028960000000097352	epochs	3.0
2190.6339202212525	0.028800000000046566	epochs	3.0
2190.6627202212526	0.05695999999988999	epochs	2.0
2190.6627202212526	0.028559999999743013	epochs	3.0
2190.6912802212523	0.028400000000146974	epochs	3.0
2190.7196802212525	0.05623999999988882	epochs	2.0
2190.7196802212525	0.02815999999984342	epochs	3.0
2190.7478402212523	0.028080000000045402	epochs	3.0
2190.7759202212524	0.05544000000008964	epochs	2.0
2190.7759202212524	0.027840000000196596	epochs	3.0
2190.8037602212526	0.027599999999893043	epochs	3.0
2190.8313602212525	0.05488000000013926	epochs	2.0
2190.8313602212525	0.027520000000095024	epochs	3.0
2190.8588802212525	0.027360000000044238	epochs	3.0
2190.8862402212526	0.05407999999988533	epochs	2.0
2190.8862402212526	0.027119999999740685	epochs	3.0
2190.9133602212523	0.026960000000144646	epochs	3.0
2190.9403202212525	0.053440000000136934	epochs	2.0
2190.9403202212525	0.02680000000009386	epochs	3.0
2190.9671202212526	0.026640000000043074	epochs	3.0
2190.9937602212526	0.05287999999973181	epochs	2.0
2190.9937602212526	0.026479999999992287	epochs	3.0
2191.0202402212526	0.02639999999973952	epochs	3.0
2191.0466402212523	0.05216000000018539	epochs	2.0
2191.0466402212523	0.026159999999890715	epochs	3.0
2191.0728002212522	0.026000000000294676	epochs	3.0
2191.0988002212525	0.05151999999998225	epochs	2.0
2191.0988002212525	0.025839999999789143	epochs	3.0
2191.1246402212523	0.025680000000193104	epochs	3.0
2191.1503202212525	0.05096000000003187	epochs	2.0
2191.1503202212525	0.025599999999940337	epochs	3.0
2191.1759202212525	0.02536000000009153	epochs	3.0
2191.2012802212525	0.05040000000008149	epochs	2.0
2191.2012802212525	0.025279999999838765	epochs	3.0
2191.2265602212524	0.025120000000242726	epochs	3.0
2191.2516802212526	0.049759999999878346	epochs	2.0
2191.2516802212526	0.024959999999737192	epochs	3.0
2191.2766402212524	0.024800000000141154	epochs	3.0
2191.3014402212525	0.04919999999992797	epochs	2.0
2191.3014402212525	0.024640000000090367	epochs	3.0
2191.3260802212526	0.0245599999998376	epochs	3.0
2191.3506402212524	0.04872000000023036	epochs	2.0
2191.3506402212524	0.024399999999786814	epochs	3.0
2191.375040221252	0.024320000000443542	epochs	3.0
2191.3993602212527	0.048079999999572465	epochs	2.0
2191.3993602212527	0.024079999999685242	epochs	3.0
2191.4234402212523	0.023999999999887223	epochs	3.0
2191.4474402212522	0.0476000000003296	epochs	2.0
2191.4474402212522	0.023840000000291184	epochs	3.0
2191.4712802212525	0.023760000000038417	epochs	3.0
2191.4950402212526	0.047119999999722495	epochs	2.0
2191.4950402212526	0.02359999999998763	epochs	3.0
2191.5186402212526	0.023519999999734864	epochs	3.0
2191.5421602212523	0.046560000000226864	epochs	2.0
2191.5421602212523	0.023360000000138825	epochs	3.0
2191.5655202212524	0.02320000000008804	epochs	3.0
2191.5887202212525	0.046080000000074506	epochs	2.0
2191.5887202212525	0.023119999999835272	epochs	3.0
2191.6118402212524	0.022960000000239233	epochs	3.0
2191.6348002212526	0.04559999999992215	epochs	2.0
2191.6348002212526	0.022879999999986467	epochs	3.0
2191.6576802212526	0.02271999999993568	epochs	3.0
2191.6804002212525	0.04511999999976979	epochs	2.0
2191.6804002212525	0.02264000000013766	epochs	3.0
2191.7030402212526	0.022479999999632128	epochs	3.0
2191.7255202212523	0.04464000000007218	epochs	2.0
2191.7255202212523	0.022400000000288856	epochs	3.0
2191.7479202212526	0.022239999999783322	epochs	3.0
2191.7701602212524	0.044240000000172586	epochs	2.0
2191.7701602212524	0.022159999999985303	epochs	3.0
2191.7923202212523	0.022080000000187283	epochs	3.0
2191.8144002212525	0.04376000000002023	epochs	2.0
2191.8144002212525	0.021920000000136497	epochs	3.0
2191.8363202212527	0.02183999999988373	epochs	3.0
2191.8581602212525	0.04335999999966589	epochs	2.0
2191.8581602212525	0.02176000000008571	epochs	3.0
2191.8799202212526	0.021599999999580177	epochs	3.0
2191.901520221252	0.042880000000423024	epochs	2.0
2191.901520221252	0.021440000000438886	epochs	3.0
2191.9229602212527	0.02143999999998414	epochs	3.0
2191.9444002212526	0.04247999999961394	epochs	2.0
2191.9444002212526	0.021279999999933352	epochs	3.0
2191.9656802212526	0.021199999999680585	epochs	3.0
2191.9868802212522	0.04208000000016909	epochs	2.0
2191.9868802212522	0.021040000000084547	epochs	3.0
2192.0079202212523	0.021040000000084547	epochs	3.0
2192.0289602212524	0.041679999999814754	epochs	2.0
2192.0289602212524	0.02088000000003376	epochs	3.0
2192.0498402212525	0.020799999999780994	epochs	3.0
2192.0706402212522	0.04120000000011714	epochs	2.0
2192.0706402212522	0.020640000000184955	epochs	3.0
2192.0912802212524	0.020559999999932188	epochs	3.0
2192.1118402212524	0.04088000000001557	epochs	2.0
2192.1118402212524	0.020559999999932188	epochs	3.0
2192.1324002212523	0.020320000000083382	epochs	3.0
2192.1527202212524	0.040559999999914	epochs	2.0
2192.1527202212524	0.020320000000083382	epochs	3.0
2192.1730402212524	0.020239999999830616	epochs	3.0
2192.1932802212523	0.04008000000021639	epochs	2.0
2192.1932802212523	0.020080000000234577	epochs	3.0
2192.2133602212525	0.01999999999998181	epochs	3.0
2192.2333602212525	0.039760000000114815	epochs	2.0
2192.2333602212525	0.019919999999729043	epochs	3.0
2192.253280221252	0.01984000000038577	epochs	3.0
2192.2731202212526	0.03944000000001324	epochs	2.0
2192.2731202212526	0.019759999999678257	epochs	3.0
2192.2928802212523	0.019680000000334985	epochs	3.0
2192.3125602212526	0.0390399999996589	epochs	2.0
2192.3125602212526	0.01951999999982945	epochs	3.0
2192.3320802212525	0.01951999999982945	epochs	3.0
2192.3516002212523	0.03864000000021406	epochs	2.0
2192.3516002212523	0.019360000000233413	epochs	3.0
2192.3709602212525	0.019279999999980646	epochs	3.0
2192.3902402212525	0.038399999999910506	epochs	2.0
2192.3902402212525	0.019279999999980646	epochs	3.0
2192.4095202212525	0.01911999999992986	epochs	3.0
2192.4286402212524	0.038000000000010914	epochs	2.0
2192.4286402212524	0.01904000000013184	epochs	3.0
2192.4476802212525	0.018959999999879074	epochs	3.0
2192.4666402212524	0.03767999999990934	epochs	2.0
2192.4666402212524	0.018880000000081054	epochs	3.0
2192.4855202212525	0.018799999999828287	epochs	3.0
2192.5043202212523	0.03736000000026252	epochs	2.0
2192.5043202212523	0.018720000000030268	epochs	3.0
2192.5230402212524	0.01864000000023225	epochs	3.0
2192.5416802212526	0.0370399999997062	epochs	2.0
2192.5416802212526	0.018559999999979482	epochs	3.0
2192.5602402212526	0.018479999999726715	epochs	3.0
2192.5787202212523	0.03672000000005937	epochs	2.0
2192.5787202212523	0.018399999999928696	epochs	3.0
2192.597120221252	0.018320000000130676	epochs	3.0
2192.6154402212524	0.036480000000210566	epochs	2.0
2192.6154402212524	0.01823999999987791	epochs	3.0
2192.6336802212522	0.018240000000332657	epochs	3.0
2192.6519202212526	0.03607999999985623	epochs	2.0
2192.6519202212526	0.018079999999827123	epochs	3.0
2192.6700002212524	0.018000000000029104	epochs	3.0
2192.6880002212524	0.03584000000000742	epochs	2.0
2192.6880002212524	0.017920000000231084	epochs	3.0
2192.7059202212527	0.017919999999776337	epochs	3.0
2192.7238402212524	0.03551999999990585	epochs	2.0
2192.7238402212524	0.017760000000180298	epochs	3.0
2192.7416002212526	0.01775999999972555	epochs	3.0
2192.7593602212523	0.035200000000259024	epochs	2.0
2192.7593602212523	0.01767999999992753	epochs	3.0
2192.7770402212523	0.017520000000331493	epochs	3.0
2192.7945602212526	0.03495999999995547	epochs	2.0
2192.7945602212526	0.017519999999876745	epochs	3.0
2192.8120802212525	0.017440000000078726	epochs	3.0
2192.8295202212526	0.034720000000106666	epochs	2.0
2192.8295202212526	0.017440000000078726	epochs	3.0
2192.8469602212526	0.01728000000002794	epochs	3.0
2192.8642402212527	0.03440000000000509	epochs	2.0
2192.8642402212527	0.017199999999775173	epochs	3.0
2192.8814402212524	0.01720000000022992	epochs	3.0
2192.8986402212527	0.03415999999970154	epochs	2.0
2192.8986402212527	0.017119999999977153	epochs	3.0
2192.9157602212526	0.017039999999724387	epochs	3.0
2192.9328002212524	0.033840000000054715	epochs	2.0
2192.9328002212524	0.016959999999926367	epochs	3.0
2192.9497602212523	0.016880000000128348	epochs	3.0
2192.9666402212524	0.03360000000020591	epochs	2.0
2192.9666402212524	0.01679999999987558	epochs	3.0
2192.9834402212523	0.01680000000033033	epochs	3.0
2193.0002402212526	0.03335999999990236	epochs	2.0
2193.0002402212526	0.016719999999622814	epochs	3.0
2193.0169602212522	0.016640000000279542	epochs	3.0
2193.0336002212525	0.03312000000005355	epochs	2.0
2193.0336002212525	0.016560000000026776	epochs	3.0
2193.0501602212526	0.016560000000026776	epochs	3.0
2193.0667202212526	0.03279999999995198	epochs	2.0
2193.0667202212526	0.01639999999997599	epochs	3.0
2193.0831202212526	0.01639999999997599	epochs	3.0
2193.0995202212525	0.03256000000010317	epochs	2.0
2193.0995202212525	0.016319999999723223	epochs	3.0
2193.1158402212523	0.01624000000037995	epochs	3.0
2193.1320802212526	0.03239999999959764	epochs	2.0
2193.1320802212526	0.016239999999925203	epochs	3.0
2193.1483202212526	0.016159999999672436	epochs	3.0
2193.1644802212522	0.03208000000040556	epochs	2.0
2193.1644802212522	0.016080000000329164	epochs	3.0
2193.1805602212526	0.016000000000076398	epochs	3.0
2193.1965602212526	0.03191999999990003	epochs	2.0
2193.1965602212526	0.01599999999962165	epochs	3.0
2193.2125602212523	0.015920000000278378	epochs	3.0
2193.2284802212525	0.031599999999798456	epochs	2.0
2193.2284802212525	0.01584000000002561	epochs	3.0
2193.2443202212526	0.015759999999772845	epochs	3.0
2193.2600802212523	0.03144000000020242	epochs	2.0
2193.2600802212523	0.015760000000227592	epochs	3.0
2193.2758402212526	0.015679999999974825	epochs	3.0
2193.2915202212525	0.031199999999898864	epochs	2.0
2193.2915202212525	0.015599999999722058	epochs	3.0
2193.3071202212523	0.015600000000176806	epochs	3.0
2193.3227202212524	0.03096000000005006	epochs	2.0
2193.3227202212524	0.015519999999924039	epochs	3.0
2193.3382402212524	0.01544000000012602	epochs	3.0
2193.3536802212525	0.030719999999746506	epochs	2.0
2193.3536802212525	0.01544000000012602	epochs	3.0
2193.3691202212526	0.015279999999620486	epochs	3.0
2193.3844002212522	0.030560000000150467	epochs	2.0
2193.3844002212522	0.015360000000328	epochs	3.0
2193.3997602212526	0.015199999999822467	epochs	3.0
2193.4149602212524	0.030319999999846914	epochs	2.0
2193.4149602212524	0.015200000000277214	epochs	3.0
2193.4301602212527	0.0151199999995697	epochs	3.0
2193.4452802212522	0.030079999999998108	epochs	2.0
2193.4452802212522	0.015120000000024447	epochs	3.0
2193.4604002212523	0.014959999999973661	epochs	3.0
2193.4753602212522	0.02992000000040207	epochs	2.0
2193.4753602212522	0.015040000000226428	epochs	3.0
2193.4904002212525	0.014880000000175642	epochs	3.0
2193.5052802212526	0.02967999999964377	epochs	2.0
2193.5052802212526	0.014879999999720894	epochs	3.0
2193.5201602212524	0.014799999999922875	epochs	3.0
2193.5349602212523	0.02952000000004773	epochs	2.0
2193.5349602212523	0.014800000000377622	epochs	3.0
2193.5497602212527	0.014719999999670108	epochs	3.0
2193.5644802212523	0.029280000000198925	epochs	2.0
2193.5644802212523	0.014720000000124855	epochs	3.0
2193.5792002212524	0.01456000000007407	epochs	3.0
2193.5937602212525	0.02911999999969339	epochs	2.0
2193.5937602212525	0.014639999999872089	epochs	3.0
2193.6084002212524	0.014479999999821302	epochs	3.0
2193.622880221252	0.028960000000097352	epochs	2.0
2193.622880221252	0.01448000000027605	epochs	3.0
2193.6373602212525	0.014479999999821302	epochs	3.0
2193.6518402212523	0.02863999999999578	epochs	2.0
2193.6518402212523	0.014320000000225264	epochs	3.0
2193.6661602212525	0.014319999999770516	epochs	3.0
2193.6804802212523	0.02856000000019776	epochs	2.0
2193.6804802212523	0.014320000000225264	epochs	3.0
2193.6948002212525	0.014239999999972497	epochs	3.0
2193.7090402212525	0.028319999999894208	epochs	2.0
2193.7090402212525	0.01415999999971973	epochs	3.0
2193.7232002212522	0.014160000000174477	epochs	3.0
2193.7373602212524	0.02815999999984342	epochs	2.0
2193.7373602212524	0.014160000000174477	epochs	3.0
2193.7515202212526	0.013999999999668944	epochs	3.0
2193.7655202212522	0.028000000000247383	epochs	2.0
2193.7655202212522	0.014000000000123691	epochs	3.0
2193.7795202212524	0.014000000000123691	epochs	3.0
2193.7935202212525	0.02775999999994383	epochs	2.0
2193.7935202212525	0.013919999999870925	epochs	3.0
2193.8074402212524	0.013840000000072905	epochs	3.0
2193.8212802212524	0.02768000000014581	epochs	2.0
2193.8212802212524	0.013840000000072905	epochs	3.0
2193.8351202212525	0.013840000000072905	epochs	3.0
2193.8489602212526	0.027439999999842257	epochs	2.0
2193.8489602212526	0.013759999999820138	epochs	3.0
2193.8627202212524	0.013680000000022119	epochs	3.0
2193.8764002212524	0.02727999999979147	epochs	2.0
2193.8764002212524	0.013680000000022119	epochs	3.0
2193.8900802212524	0.013599999999769352	epochs	3.0
2193.903680221252	0.027120000000195432	epochs	2.0
2193.903680221252	0.01352000000042608	epochs	3.0
2193.9172002212526	0.013599999999769352	epochs	3.0
2193.9308002212524	0.02687999999989188	epochs	2.0
2193.9308002212524	0.013440000000173313	epochs	3.0
2193.9442402212526	0.013439999999718566	epochs	3.0
2193.9576802212523	0.02680000000009386	epochs	2.0
2193.9576802212523	0.013440000000173313	epochs	3.0
2193.9711202212525	0.013359999999920547	epochs	3.0
2193.9844802212524	0.026560000000245054	epochs	2.0
2193.9844802212524	0.013280000000122527	epochs	3.0
2193.9977602212525	0.013280000000122527	epochs	3.0
2194.0110402212526	0.026479999999992287	epochs	2.0
2194.0110402212526	0.01327999999966778	epochs	3.0
2194.0243202212523	0.013200000000324508	epochs	3.0
2194.0375202212526	0.026239999999688735	epochs	2.0
2194.0375202212526	0.013119999999616994	epochs	3.0
2194.0506402212523	0.013120000000071741	epochs	3.0
2194.0637602212523	0.026159999999890715	epochs	2.0
2194.0637602212523	0.013120000000071741	epochs	3.0
2194.0768802212524	0.013039999999818974	epochs	3.0
2194.089920221252	0.026000000000294676	epochs	2.0
2194.089920221252	0.013040000000273722	epochs	3.0
2194.1029602212525	0.012960000000020955	epochs	3.0
2194.1159202212525	0.025759999999991123	epochs	2.0
2194.1159202212525	0.012879999999768188	epochs	3.0
2194.1288002212523	0.012880000000222935	epochs	3.0
2194.1416802212525	0.025679999999738357	epochs	2.0
2194.1416802212525	0.012879999999768188	epochs	3.0
2194.1545602212523	0.012799999999970169	epochs	3.0
2194.1673602212522	0.025520000000142318	epochs	2.0
2194.1673602212522	0.012800000000424916	epochs	3.0
2194.1801602212527	0.012719999999717402	epochs	3.0
2194.1928802212524	0.02536000000009153	epochs	2.0
2194.1928802212524	0.01272000000017215	epochs	3.0
2194.2056002212526	0.012639999999919382	epochs	3.0
2194.2182402212525	0.025200000000040745	epochs	2.0
2194.2182402212525	0.012639999999919382	epochs	3.0
2194.2308802212524	0.012560000000121363	epochs	3.0
2194.2434402212525	0.0245599999998376	epochs	2.0
2194.2676002212525	0.5	epochs	-1.0
2194.2680002212524	0.999920000000202	epochs	1.0
2194.7676002212525	0.5	epochs	-1.0
2203.085000038147	0.09999999999990905	epochs	0.0
2203.085000038147	0.04496000000017375	epochs	1.0
2203.129960038147	0.010080000000016298	epochs	1.0
2203.140040038147	0.044959999999719	epochs	1.0
2203.185000038147	2.0	epochs	0.0
2205.185000038147	21.999920000000202	epochs	0.0
2205.185000038147	1.0	epochs	1.0
2205.185000038147	0.5	epochs	-1.0
2205.685000038147	19.9996000000001	epochs	-1.0
2206.185000038147	20.0	epochs	1.0
2206.185000038147	8.000000025276677e-05	epochs	2.0
2206.185080038147	4.356719999999768	epochs	-1.0
2206.185080038147	1.9745599999996557	epochs	2.0
2206.185080038147	1.0985599999999067	epochs	3.0
2207.283640038147	0.875999999999749	epochs	3.0
2208.159640038147	1.352400000000216	epochs	2.0
2208.159640038147	0.7286400000002686	epochs	3.0
2208.888280038147	0.6237599999999475	epochs	3.0
2209.512040038147	1.0297599999998965	epochs	2.0
2209.512040038147	0.5453600000000733	epochs	3.0
2210.057400038147	0.4843999999998232	epochs	3.0
2210.541800038147	0.8317600000000311	epochs	2.0
2210.541800038147	0.4357599999998456	epochs	3.0
2210.9775600381467	0.39600000000018554	epochs	3.0
2211.373560038147	0.6978399999998146	epochs	2.0
2211.373560038147	0.362880000000132	epochs	3.0
2211.736440038147	0.3349599999996826	epochs	3.0
2212.0714000381467	0.6010400000000118	epochs	2.0
2212.0714000381467	0.3108799999999974	epochs	3.0
2212.3822800381467	0.2901600000000144	epochs	3.0
2212.6724400381468	0.5278400000001966	epochs	2.0
2212.6724400381468	0.2719200000001365	epochs	3.0
2212.944360038147	0.2559200000000601	epochs	3.0
2213.200280038147	0.47064000000000306	epochs	2.0
2213.200280038147	0.2416800000000876	epochs	3.0
2213.441960038147	0.22895999999991545	epochs	3.0
2213.670920038147	0.42455999999992855	epochs	2.0
2213.670920038147	0.21743999999989683	epochs	3.0
2213.888360038147	0.20712000000003172	epochs	3.0
2214.095480038147	0.3867199999999684	epochs	2.0
2214.095480038147	0.19768000000021857	epochs	3.0
2214.293160038147	0.18903999999974985	epochs	3.0
2214.482200038147	0.35512000000016997	epochs	2.0
2214.482200038147	0.1811999999999898	epochs	3.0
2214.663400038147	0.17392000000018015	epochs	3.0
2214.837320038147	0.32823999999982334	epochs	2.0
2214.837320038147	0.16719999999986612	epochs	3.0
2215.004520038147	0.16103999999995722	epochs	3.0
2215.165560038147	0.30520000000024083	epochs	2.0
2215.165560038147	0.1552799999999479	epochs	3.0
2215.320840038147	0.14992000000029293	epochs	3.0
2215.470760038147	0.28512000000000626	epochs	2.0
2215.470760038147	0.14487999999983003	epochs	3.0
2215.615640038147	0.14024000000017622	epochs	3.0
2215.755880038147	0.26751999999987675	epochs	2.0
2215.755880038147	0.13583999999991647	epochs	3.0
2215.891720038147	0.13167999999996027	epochs	3.0
2216.023400038147	0.2520800000002055	epochs	2.0
2216.023400038147	0.12784000000010565	epochs	3.0
2216.151240038147	0.12424000000009983	epochs	3.0
2216.275480038147	0.2381599999998798	epochs	2.0
2216.275480038147	0.12071999999989202	epochs	3.0
2216.396200038147	0.11743999999998778	epochs	3.0
2216.513640038147	0.225840000000062	epochs	2.0
2216.513640038147	0.11439999999993233	epochs	3.0
2216.628040038147	0.11144000000012966	epochs	3.0
2216.739480038147	0.2146399999996902	epochs	2.0
2216.739480038147	0.10863999999992302	epochs	3.0
2216.848120038147	0.10599999999976717	epochs	3.0
2216.954120038147	0.20448000000033062	epochs	2.0
2216.954120038147	0.10344000000031883	epochs	3.0
2217.057560038147	0.10104000000001179	epochs	3.0
2217.158600038147	0.19535999999970954	epochs	2.0
2217.158600038147	0.09879999999975553	epochs	3.0
2217.257400038147	0.09655999999995402	epochs	3.0
2217.353960038147	0.18695999999999913	epochs	2.0
2217.353960038147	0.09448000000020329	epochs	3.0
2217.448440038147	0.09247999999979584	epochs	3.0
2217.540920038147	0.1792000000000371	epochs	2.0
2217.540920038147	0.09048000000029788	epochs	3.0
2217.631400038147	0.08871999999973923	epochs	3.0
2217.720120038147	0.17208000000027823	epochs	2.0
2217.720120038147	0.08688000000029206	epochs	3.0
2217.807000038147	0.08519999999998618	epochs	3.0
2217.892200038147	0.165520000000015	epochs	2.0
2217.892200038147	0.08359999999993306	epochs	3.0
2217.975800038147	0.08192000000008193	epochs	3.0
2218.057720038147	0.15951999999970212	epochs	2.0
2218.057720038147	0.08047999999962485	epochs	3.0
2218.138200038147	0.07904000000007727	epochs	3.0
2218.217240038147	0.15376000000014756	epochs	2.0
2218.217240038147	0.07760000000007494	epochs	3.0
2218.294840038147	0.07616000000007261	epochs	3.0
2218.371000038147	0.14856000000008862	epochs	2.0
2218.371000038147	0.07495999999991909	epochs	3.0
2218.445960038147	0.07360000000016953	epochs	3.0
2218.519560038147	0.1436799999996765	epochs	2.0
2218.519560038147	0.07247999999981403	epochs	3.0
2218.592040038147	0.07119999999986248	epochs	3.0
2218.663240038147	0.1390400000000227	epochs	2.0
2218.663240038147	0.07007999999996173	epochs	3.0
2218.7333200381468	0.06896000000006097	epochs	3.0
2218.802280038147	0.13472000000001572	epochs	2.0
2218.802280038147	0.06791999999995824	epochs	3.0
2218.870200038147	0.06680000000005748	epochs	3.0
2218.937000038147	0.1307200000001103	epochs	2.0
2218.937000038147	0.06584000000020751	epochs	3.0
2219.002840038147	0.0648799999999028	epochs	3.0
2219.067720038147	0.1268000000000029	epochs	2.0
2219.067720038147	0.06383999999980006	epochs	3.0
2219.1315600381467	0.06296000000020285	epochs	3.0
2219.194520038147	0.12328000000024986	epochs	2.0
2219.194520038147	0.0620800000001509	epochs	3.0
2219.256600038147	0.06120000000009895	epochs	3.0
2219.317800038147	0.11983999999984007	epochs	2.0
2219.317800038147	0.060319999999592255	epochs	3.0
2219.378120038147	0.05952000000024782	epochs	3.0
2219.437640038147	0.11663999999973385	epochs	2.0
2219.437640038147	0.05871999999999389	epochs	3.0
2219.496360038147	0.05791999999973996	epochs	3.0
2219.5542800381468	0.11360000000013315	epochs	2.0
2219.5542800381468	0.05720000000019354	epochs	3.0
2219.611480038147	0.05639999999993961	epochs	3.0
2219.667880038147	0.1107200000001285	epochs	2.0
2219.667880038147	0.055679999999938445	epochs	3.0
2219.723560038147	0.05504000000019005	epochs	3.0
2219.778600038147	0.10791999999992186	epochs	2.0
2219.778600038147	0.05423999999993612	epochs	3.0
2219.832840038147	0.05367999999998574	epochs	3.0
2219.886520038147	0.10528000000022075	epochs	2.0
2219.886520038147	0.052959999999984575	epochs	3.0
2219.939480038147	0.05232000000023618	epochs	3.0
2219.991800038147	0.10287999999991371	epochs	2.0
2219.991800038147	0.05175999999983105	epochs	3.0
2220.043560038147	0.051120000000082655	epochs	3.0
2220.094680038147	0.10039999999980864	epochs	2.0
2220.094680038147	0.05047999999987951	epochs	3.0
2220.145160038147	0.04991999999992913	epochs	3.0
2220.195080038147	0.0982400000002599	epochs	2.0
2220.195080038147	0.049359999999978754	epochs	3.0
2220.244440038147	0.04888000000028114	epochs	3.0
2220.293320038147	0.09600000000000364	epochs	2.0
2220.293320038147	0.04823999999962325	epochs	3.0
2220.341560038147	0.04776000000038039	epochs	3.0
2220.389320038147	0.09391999999979816	epochs	2.0
2220.389320038147	0.04719999999997526	epochs	3.0
2220.436520038147	0.0467199999998229	epochs	3.0
2220.483240038147	0.09191999999984546	epochs	2.0
2220.483240038147	0.046159999999872525	epochs	3.0
2220.529400038147	0.04575999999997293	epochs	3.0
2220.575160038147	0.09007999999994354	epochs	2.0
2220.575160038147	0.04528000000027532	epochs	3.0
2220.620440038147	0.044799999999668216	epochs	3.0
2220.6652400381467	0.0881600000002436	epochs	2.0
2220.6652400381467	0.04432000000042535	epochs	3.0
2220.709560038147	0.04383999999981825	epochs	3.0
2220.753400038147	0.08647999999993772	epochs	2.0
2220.753400038147	0.043439999999918655	epochs	3.0
2220.796840038147	0.04304000000001906	epochs	3.0
2220.839880038147	0.08471999999983382	epochs	2.0
2220.839880038147	0.042559999999866704	epochs	3.0
2220.882440038147	0.04215999999996711	epochs	3.0
2220.9246000381468	0.08320000000003347	epochs	2.0
2220.9246000381468	0.04176000000006752	epochs	3.0
2220.966360038147	0.04143999999996595	epochs	3.0
2221.007800038147	0.08152000000018234	epochs	2.0
2221.007800038147	0.04096000000026834	epochs	3.0
2221.048760038147	0.040559999999914	epochs	3.0
2221.089320038147	0.08008000000018001	epochs	2.0
2221.089320038147	0.040239999999812426	epochs	3.0
2221.129560038147	0.03984000000036758	epochs	3.0
2221.169400038147	0.07863999999972293	epochs	2.0
2221.169400038147	0.03951999999981126	epochs	3.0
2221.208920038147	0.03911999999991167	epochs	3.0
2221.248040038147	0.07720000000017535	epochs	2.0
2221.248040038147	0.038800000000264845	epochs	3.0
2221.286840038147	0.038399999999910506	epochs	3.0
2221.325240038147	0.07591999999976906	epochs	2.0
2221.325240038147	0.0381600000000617	epochs	3.0
2221.363400038147	0.03775999999970736	epochs	3.0
2221.401160038147	0.0745600000000195	epochs	2.0
2221.401160038147	0.037440000000060536	epochs	3.0
2221.438600038147	0.037119999999958964	epochs	3.0
2221.475720038147	0.07336000000032072	epochs	2.0
2221.475720038147	0.03680000000031214	epochs	3.0
2221.512520038147	0.036560000000008586	epochs	3.0
2221.549080038147	0.07207999999991443	epochs	2.0
2221.549080038147	0.036159999999654246	epochs	3.0
2221.585240038147	0.03592000000026019	epochs	3.0
2221.621160038147	0.07087999999976091	epochs	2.0
2221.621160038147	0.03559999999970387	epochs	3.0
2221.656760038147	0.035280000000057044	epochs	3.0
2221.692040038147	0.06984000000011292	epochs	2.0
2221.692040038147	0.03504000000020824	epochs	3.0
2221.727080038147	0.034799999999904685	epochs	3.0
2221.761880038147	0.0686399999999594	epochs	2.0
2221.761880038147	0.03447999999980311	epochs	3.0
2221.7963600381468	0.03416000000015629	epochs	3.0
2221.830520038147	0.06759999999985666	epochs	2.0
2221.830520038147	0.033919999999852735	epochs	3.0
2221.8644400381468	0.03368000000000393	epochs	3.0
2221.8981200381468	0.06656000000020867	epochs	2.0
2221.8981200381468	0.03344000000015512	epochs	3.0
2221.931560038147	0.03312000000005355	epochs	3.0
2221.964680038147	0.06559999999990396	epochs	2.0
2221.964680038147	0.032960000000002765	epochs	3.0
2221.997640038147	0.03263999999990119	epochs	3.0
2222.030280038147	0.06456000000025597	epochs	2.0
2222.030280038147	0.03240000000005239	epochs	3.0
2222.062680038147	0.03216000000020358	epochs	3.0
2222.094840038147	0.06367999999974927	epochs	2.0
2222.094840038147	0.03199999999969805	epochs	3.0
2222.126840038147	0.03168000000005122	epochs	3.0
2222.158520038147	0.0627199999998993	epochs	2.0
2222.158520038147	0.03144000000020242	epochs	3.0
2222.189960038147	0.031279999999696884	epochs	3.0
2222.221240038147	0.0618400000003021	epochs	2.0
2222.221240038147	0.031040000000302825	epochs	3.0
2222.252280038147	0.030799999999999272	epochs	3.0
2222.283080038147	0.0609599999997954	epochs	2.0
2222.283080038147	0.03055999999969572	epochs	3.0
2222.313640038147	0.03040000000009968	epochs	3.0
2222.344040038147	0.060159999999996217	epochs	2.0
2222.344040038147	0.030160000000250875	epochs	3.0
2222.374200038147	0.02999999999974534	epochs	3.0
2222.404200038147	0.059279999999944266	epochs	2.0
2222.404200038147	0.029680000000098516	epochs	3.0
2222.433880038147	0.02959999999984575	epochs	3.0
2222.463480038147	0.05848000000014508	epochs	2.0
2222.463480038147	0.029359999999996944	epochs	3.0
2222.492840038147	0.02912000000014814	epochs	3.0
2222.521960038147	0.05776000000014392	epochs	2.0
2222.521960038147	0.028960000000097352	epochs	3.0
2222.550920038147	0.028800000000046566	epochs	3.0
2222.579720038147	0.05695999999988999	epochs	2.0
2222.579720038147	0.028559999999743013	epochs	3.0
2222.608280038147	0.028400000000146974	epochs	3.0
2222.636680038147	0.05623999999988882	epochs	2.0
2222.636680038147	0.02815999999984342	epochs	3.0
2222.664840038147	0.028080000000045402	epochs	3.0
2222.692920038147	0.05544000000008964	epochs	2.0
2222.692920038147	0.027840000000196596	epochs	3.0
2222.720760038147	0.027599999999893043	epochs	3.0
2222.748360038147	0.05488000000013926	epochs	2.0
2222.748360038147	0.027520000000095024	epochs	3.0
2222.775880038147	0.027360000000044238	epochs	3.0
2222.803240038147	0.05407999999988533	epochs	2.0
2222.803240038147	0.027119999999740685	epochs	3.0
2222.830360038147	0.026960000000144646	epochs	3.0
2222.857320038147	0.053440000000136934	epochs	2.0
2222.857320038147	0.02680000000009386	epochs	3.0
2222.884120038147	0.026640000000043074	epochs	3.0
2222.910760038147	0.05287999999973181	epochs	2.0
2222.910760038147	0.026479999999992287	epochs	3.0
2222.937240038147	0.02639999999973952	epochs	3.0
2222.963640038147	0.05216000000018539	epochs	2.0
2222.963640038147	0.026159999999890715	epochs	3.0
2222.9898000381468	0.026000000000294676	epochs	3.0
2223.015800038147	0.05151999999998225	epochs	2.0
2223.015800038147	0.025839999999789143	epochs	3.0
2223.041640038147	0.025680000000193104	epochs	3.0
2223.067320038147	0.05096000000003187	epochs	2.0
2223.067320038147	0.025599999999940337	epochs	3.0
2223.092920038147	0.02536000000009153	epochs	3.0
2223.118280038147	0.05040000000008149	epochs	2.0
2223.118280038147	0.025279999999838765	epochs	3.0
2223.143560038147	0.025120000000242726	epochs	3.0
2223.168680038147	0.049759999999878346	epochs	2.0
2223.168680038147	0.024959999999737192	epochs	3.0
2223.193640038147	0.024800000000141154	epochs	3.0
2223.218440038147	0.04919999999992797	epochs	2.0
2223.218440038147	0.024640000000090367	epochs	3.0
2223.243080038147	0.0245599999998376	epochs	3.0
2223.267640038147	0.04872000000023036	epochs	2.0
2223.267640038147	0.024399999999786814	epochs	3.0
2223.2920400381468	0.024320000000443542	epochs	3.0
2223.316360038147	0.048079999999572465	epochs	2.0
2223.316360038147	0.024079999999685242	epochs	3.0
2223.340440038147	0.023999999999887223	epochs	3.0
2223.3644400381468	0.0476000000003296	epochs	2.0
2223.3644400381468	0.023840000000291184	epochs	3.0
2223.388280038147	0.023760000000038417	epochs	3.0
2223.412040038147	0.047119999999722495	epochs	2.0
2223.412040038147	0.02359999999998763	epochs	3.0
2223.435640038147	0.023519999999734864	epochs	3.0
2223.459160038147	0.046560000000226864	epochs	2.0
2223.459160038147	0.023360000000138825	epochs	3.0
2223.482520038147	0.02320000000008804	epochs	3.0
2223.505720038147	0.046080000000074506	epochs	2.0
2223.505720038147	0.023119999999835272	epochs	3.0
2223.528840038147	0.022960000000239233	epochs	3.0
2223.551800038147	0.04559999999992215	epochs	2.0
2223.551800038147	0.022879999999986467	epochs	3.0
2223.574680038147	0.02271999999993568	epochs	3.0
2223.597400038147	0.04511999999976979	epochs	2.0
2223.597400038147	0.02264000000013766	epochs	3.0
2223.620040038147	0.022479999999632128	epochs	3.0
2223.642520038147	0.04464000000007218	epochs	2.0
2223.642520038147	0.022400000000288856	epochs	3.0
2223.664920038147	0.022239999999783322	epochs	3.0
2223.687160038147	0.044240000000172586	epochs	2.0
2223.687160038147	0.022159999999985303	epochs	3.0
2223.709320038147	0.022080000000187283	epochs	3.0
2223.731400038147	0.04376000000002023	epochs	2.0
2223.731400038147	0.021920000000136497	epochs	3.0
2223.753320038147	0.02183999999988373	epochs	3.0
2223.775160038147	0.04335999999966589	epochs	2.0
2223.775160038147	0.02176000000008571	epochs	3.0
2223.796920038147	0.021599999999580177	epochs	3.0
2223.8185200381467	0.042880000000423024	epochs	2.0
2223.8185200381467	0.021440000000438886	epochs	3.0
2223.839960038147	0.02143999999998414	epochs	3.0
2223.861400038147	0.04247999999961394	epochs	2.0
2223.861400038147	0.021279999999933352	epochs	3.0
2223.882680038147	0.021199999999680585	epochs	3.0
2223.903880038147	0.04208000000016909	epochs	2.0
2223.903880038147	0.021040000000084547	epochs	3.0
2223.924920038147	0.021040000000084547	epochs	3.0
2223.945960038147	0.041679999999814754	epochs	2.0
2223.945960038147	0.02088000000003376	epochs	3.0
2223.966840038147	0.020799999999780994	epochs	3.0
2223.9876400381468	0.04120000000011714	epochs	2.0
2223.9876400381468	0.020640000000184955	epochs	3.0
2224.008280038147	0.020559999999932188	epochs	3.0
2224.028840038147	0.04088000000001557	epochs	2.0
2224.028840038147	0.020559999999932188	epochs	3.0
2224.049400038147	0.020320000000083382	epochs	3.0
2224.069720038147	0.040559999999914	epochs	2.0
2224.069720038147	0.020320000000083382	epochs	3.0
2224.090040038147	0.020239999999830616	epochs	3.0
2224.110280038147	0.04008000000021639	epochs	2.0
2224.110280038147	0.020080000000234577	epochs	3.0
2224.130360038147	0.01999999999998181	epochs	3.0
2224.150360038147	0.039760000000114815	epochs	2.0
2224.150360038147	0.019919999999729043	epochs	3.0
2224.1702800381468	0.01984000000038577	epochs	3.0
2224.190120038147	0.03944000000001324	epochs	2.0
2224.190120038147	0.019759999999678257	epochs	3.0
2224.209880038147	0.019680000000334985	epochs	3.0
2224.229560038147	0.0390399999996589	epochs	2.0
2224.229560038147	0.01951999999982945	epochs	3.0
2224.249080038147	0.01951999999982945	epochs	3.0
2224.268600038147	0.03864000000021406	epochs	2.0
2224.268600038147	0.019360000000233413	epochs	3.0
2224.287960038147	0.019279999999980646	epochs	3.0
2224.307240038147	0.038399999999910506	epochs	2.0
2224.307240038147	0.019279999999980646	epochs	3.0
2224.326520038147	0.01911999999992986	epochs	3.0
2224.345640038147	0.038000000000010914	epochs	2.0
2224.345640038147	0.01904000000013184	epochs	3.0
2224.364680038147	0.018959999999879074	epochs	3.0
2224.383640038147	0.03767999999990934	epochs	2.0
2224.383640038147	0.018880000000081054	epochs	3.0
2224.402520038147	0.018799999999828287	epochs	3.0
2224.421320038147	0.03736000000026252	epochs	2.0
2224.421320038147	0.018720000000030268	epochs	3.0
2224.440040038147	0.01864000000023225	epochs	3.0
2224.458680038147	0.0370399999997062	epochs	2.0
2224.458680038147	0.018559999999979482	epochs	3.0
2224.477240038147	0.018479999999726715	epochs	3.0
2224.495720038147	0.03672000000005937	epochs	2.0
2224.495720038147	0.018399999999928696	epochs	3.0
2224.5141200381468	0.018320000000130676	epochs	3.0
2224.532440038147	0.036480000000210566	epochs	2.0
2224.532440038147	0.01823999999987791	epochs	3.0
2224.5506800381468	0.018240000000332657	epochs	3.0
2224.568920038147	0.03607999999985623	epochs	2.0
2224.568920038147	0.018079999999827123	epochs	3.0
2224.587000038147	0.018000000000029104	epochs	3.0
2224.605000038147	0.03584000000000742	epochs	2.0
2224.605000038147	0.017920000000231084	epochs	3.0
2224.622920038147	0.017919999999776337	epochs	3.0
2224.640840038147	0.03551999999990585	epochs	2.0
2224.640840038147	0.017760000000180298	epochs	3.0
2224.658600038147	0.01775999999972555	epochs	3.0
2224.676360038147	0.035200000000259024	epochs	2.0
2224.676360038147	0.01767999999992753	epochs	3.0
2224.694040038147	0.017520000000331493	epochs	3.0
2224.711560038147	0.03495999999995547	epochs	2.0
2224.711560038147	0.017519999999876745	epochs	3.0
2224.729080038147	0.017440000000078726	epochs	3.0
2224.746520038147	0.034720000000106666	epochs	2.0
2224.746520038147	0.017440000000078726	epochs	3.0
2224.763960038147	0.01728000000002794	epochs	3.0
2224.781240038147	0.03440000000000509	epochs	2.0
2224.781240038147	0.017199999999775173	epochs	3.0
2224.798440038147	0.01720000000022992	epochs	3.0
2224.815640038147	0.03415999999970154	epochs	2.0
2224.815640038147	0.017119999999977153	epochs	3.0
2224.832760038147	0.017039999999724387	epochs	3.0
2224.849800038147	0.033840000000054715	epochs	2.0
2224.849800038147	0.016959999999926367	epochs	3.0
2224.866760038147	0.016880000000128348	epochs	3.0
2224.883640038147	0.03360000000020591	epochs	2.0
2224.883640038147	0.01679999999987558	epochs	3.0
2224.900440038147	0.01680000000033033	epochs	3.0
2224.917240038147	0.03335999999990236	epochs	2.0
2224.917240038147	0.016719999999622814	epochs	3.0
2224.933960038147	0.016640000000279542	epochs	3.0
2224.950600038147	0.03312000000005355	epochs	2.0
2224.950600038147	0.016560000000026776	epochs	3.0
2224.967160038147	0.016560000000026776	epochs	3.0
2224.983720038147	0.03279999999995198	epochs	2.0
2224.983720038147	0.01639999999997599	epochs	3.0
2225.000120038147	0.01639999999997599	epochs	3.0
2225.016520038147	0.03256000000010317	epochs	2.0
2225.016520038147	0.016319999999723223	epochs	3.0
2225.032840038147	0.01624000000037995	epochs	3.0
2225.049080038147	0.03239999999959764	epochs	2.0
2225.049080038147	0.016239999999925203	epochs	3.0
2225.065320038147	0.016159999999672436	epochs	3.0
2225.0814800381468	0.03208000000040556	epochs	2.0
2225.0814800381468	0.016080000000329164	epochs	3.0
2225.097560038147	0.016000000000076398	epochs	3.0
2225.113560038147	0.03191999999990003	epochs	2.0
2225.113560038147	0.01599999999962165	epochs	3.0
2225.129560038147	0.015920000000278378	epochs	3.0
2225.145480038147	0.031599999999798456	epochs	2.0
2225.145480038147	0.01584000000002561	epochs	3.0
2225.161320038147	0.015759999999772845	epochs	3.0
2225.177080038147	0.03144000000020242	epochs	2.0
2225.177080038147	0.015760000000227592	epochs	3.0
2225.192840038147	0.015679999999974825	epochs	3.0
2225.208520038147	0.031199999999898864	epochs	2.0
2225.208520038147	0.015599999999722058	epochs	3.0
2225.224120038147	0.015600000000176806	epochs	3.0
2225.239720038147	0.03096000000005006	epochs	2.0
2225.239720038147	0.015519999999924039	epochs	3.0
2225.255240038147	0.01544000000012602	epochs	3.0
2225.270680038147	0.030719999999746506	epochs	2.0
2225.270680038147	0.01544000000012602	epochs	3.0
2225.286120038147	0.015279999999620486	epochs	3.0
2225.3014000381468	0.030560000000150467	epochs	2.0
2225.3014000381468	0.015360000000328	epochs	3.0
2225.316760038147	0.015199999999822467	epochs	3.0
2225.331960038147	0.030319999999846914	epochs	2.0
2225.331960038147	0.015200000000277214	epochs	3.0
2225.347160038147	0.0151199999995697	epochs	3.0
2225.3622800381468	0.030079999999998108	epochs	2.0
2225.3622800381468	0.015120000000024447	epochs	3.0
2225.377400038147	0.014959999999973661	epochs	3.0
2225.3923600381468	0.02992000000040207	epochs	2.0
2225.3923600381468	0.015040000000226428	epochs	3.0
2225.407400038147	0.014880000000175642	epochs	3.0
2225.422280038147	0.02967999999964377	epochs	2.0
2225.422280038147	0.014879999999720894	epochs	3.0
2225.437160038147	0.014799999999922875	epochs	3.0
2225.451960038147	0.02952000000004773	epochs	2.0
2225.451960038147	0.014800000000377622	epochs	3.0
2225.466760038147	0.014719999999670108	epochs	3.0
2225.481480038147	0.029280000000198925	epochs	2.0
2225.481480038147	0.014720000000124855	epochs	3.0
2225.496200038147	0.01456000000007407	epochs	3.0
2225.510760038147	0.02911999999969339	epochs	2.0
2225.510760038147	0.014639999999872089	epochs	3.0
2225.525400038147	0.014479999999821302	epochs	3.0
2225.5398800381467	0.028960000000097352	epochs	2.0
2225.5398800381467	0.01448000000027605	epochs	3.0
2225.554360038147	0.014479999999821302	epochs	3.0
2225.568840038147	0.02863999999999578	epochs	2.0
2225.568840038147	0.014320000000225264	epochs	3.0
2225.583160038147	0.014319999999770516	epochs	3.0
2225.597480038147	0.02856000000019776	epochs	2.0
2225.597480038147	0.014320000000225264	epochs	3.0
2225.611800038147	0.014239999999972497	epochs	3.0
2225.626040038147	0.028319999999894208	epochs	2.0
2225.626040038147	0.01415999999971973	epochs	3.0
2225.6402000381468	0.014160000000174477	epochs	3.0
2225.654360038147	0.02815999999984342	epochs	2.0
2225.654360038147	0.014160000000174477	epochs	3.0
2225.668520038147	0.013999999999668944	epochs	3.0
2225.682520038147	0.028000000000247383	epochs	2.0
2225.682520038147	0.014000000000123691	epochs	3.0
2225.696520038147	0.014000000000123691	epochs	3.0
2225.710520038147	0.02775999999994383	epochs	2.0
2225.710520038147	0.013919999999870925	epochs	3.0
2225.724440038147	0.013840000000072905	epochs	3.0
2225.738280038147	0.02768000000014581	epochs	2.0
2225.738280038147	0.013840000000072905	epochs	3.0
2225.752120038147	0.013840000000072905	epochs	3.0
2225.765960038147	0.027439999999842257	epochs	2.0
2225.765960038147	0.013759999999820138	epochs	3.0
2225.779720038147	0.013680000000022119	epochs	3.0
2225.793400038147	0.02727999999979147	epochs	2.0
2225.793400038147	0.013680000000022119	epochs	3.0
2225.807080038147	0.013599999999769352	epochs	3.0
2225.8206800381467	0.027120000000195432	epochs	2.0
2225.8206800381467	0.01352000000042608	epochs	3.0
2225.834200038147	0.013599999999769352	epochs	3.0
2225.847800038147	0.02687999999989188	epochs	2.0
2225.847800038147	0.013440000000173313	epochs	3.0
2225.861240038147	0.013439999999718566	epochs	3.0
2225.874680038147	0.02680000000009386	epochs	2.0
2225.874680038147	0.013440000000173313	epochs	3.0
2225.888120038147	0.013359999999920547	epochs	3.0
2225.901480038147	0.026560000000245054	epochs	2.0
2225.901480038147	0.013280000000122527	epochs	3.0
2225.914760038147	0.013280000000122527	epochs	3.0
2225.928040038147	0.026479999999992287	epochs	2.0
2225.928040038147	0.01327999999966778	epochs	3.0
2225.941320038147	0.013200000000324508	epochs	3.0
2225.954520038147	0.026239999999688735	epochs	2.0
2225.954520038147	0.013119999999616994	epochs	3.0
2225.967640038147	0.013120000000071741	epochs	3.0
2225.980760038147	0.026159999999890715	epochs	2.0
2225.980760038147	0.013120000000071741	epochs	3.0
2225.993880038147	0.013039999999818974	epochs	3.0
2226.0069200381467	0.026000000000294676	epochs	2.0
2226.0069200381467	0.013040000000273722	epochs	3.0
2226.019960038147	0.012960000000020955	epochs	3.0
2226.032920038147	0.025759999999991123	epochs	2.0
2226.032920038147	0.012879999999768188	epochs	3.0
2226.045800038147	0.012880000000222935	epochs	3.0
2226.058680038147	0.025679999999738357	epochs	2.0
2226.058680038147	0.012879999999768188	epochs	3.0
2226.071560038147	0.012799999999970169	epochs	3.0
2226.0843600381468	0.025520000000142318	epochs	2.0
2226.0843600381468	0.012800000000424916	epochs	3.0
2226.097160038147	0.012719999999717402	epochs	3.0
2226.109880038147	0.02536000000009153	epochs	2.0
2226.109880038147	0.01272000000017215	epochs	3.0
2226.122600038147	0.012639999999919382	epochs	3.0
2226.135240038147	0.025200000000040745	epochs	2.0
2226.135240038147	0.012639999999919382	epochs	3.0
2226.147880038147	0.012560000000121363	epochs	3.0
2226.160440038147	0.0245599999998376	epochs	2.0
2226.184600038147	0.5	epochs	-1.0
2226.185000038147	0.999920000000202	epochs	1.0
2226.684600038147	0.5	epochs	-1.0
2235.0609998703003	0.09999999999990905	epochs	0.0
2235.0609998703003	0.04496000000017375	epochs	1.0
2235.1059598703005	0.010080000000016298	epochs	1.0
2235.1160398703005	0.044959999999719	epochs	1.0
2235.1609998703	2.0	epochs	0.0
2237.1609998703	0.5586400000001959	epochs	0.0
2237.1609998703	0.5586400000001959	epochs	1.0
2237.1609998703	0.5	epochs	-1.0
2237.6609998703	0.05864000000019587	epochs	-1.0
2237.7196398703004	21.441280000000006	epochs	0.0
2245.621000289917	0.09999999999990905	epochs	0.0
2245.621000289917	0.04496000000017375	epochs	1.0
2245.665960289917	0.010080000000016298	epochs	1.0
2245.676040289917	0.044959999999719	epochs	1.0
2245.721000289917	2.0	epochs	0.0
2247.721000289917	0.5196000000000822	epochs	0.0
2247.721000289917	0.5196000000000822	epochs	1.0
2247.721000289917	0.5	epochs	-1.0
2248.221000289917	0.01960000000008222	epochs	-1.0
2248.240600289917	21.48032000000012	epochs	0.0
2256.180000305176	0.09999999999990905	epochs	0.0
2256.180000305176	0.04496000000017375	epochs	1.0
2256.224960305176	0.010080000000016298	epochs	1.0
2256.235040305176	0.044959999999719	epochs	1.0
2256.2800003051757	2.0	epochs	0.0
2258.2800003051757	0.5189599999998791	epochs	0.0
2258.2800003051757	0.5189599999998791	epochs	1.0
2258.2800003051757	0.5	epochs	-1.0
2258.7800003051757	0.018959999999879074	epochs	-1.0
2258.7989603051756	21.480960000000323	epochs	0.0
2267.009000301361	0.09999999999990905	epochs	0.0
2267.009000301361	0.04496000000017375	epochs	1.0
2267.0539603013613	0.010080000000016298	epochs	1.0
2267.0640403013613	0.044959999999719	epochs	1.0
2267.109000301361	2.0	epochs	0.0
2269.109000301361	0.5196000000000822	epochs	0.0
2269.109000301361	0.5196000000000822	epochs	1.0
2269.109000301361	0.5	epochs	-1.0
2269.609000301361	0.01960000000008222	epochs	-1.0
2269.628600301361	21.48032000000012	epochs	0.0
2293.888999938965	0.09999999999990905	epochs	0.0
2293.888999938965	0.04496000000017375	epochs	1.0
2293.933959938965	0.010080000000016298	epochs	1.0
2293.944039938965	0.044959999999719	epochs	1.0
2293.9889999389648	0.22992000000022017	epochs	0.0
2293.9889999389648	0.0500000000001819	epochs	1.0
2294.038999938965	0.009999999999763531	epochs	1.0
2294.0489999389647	0.0500000000001819	epochs	1.0
2294.098999938965	0.009999999999763531	epochs	1.0
2294.1089999389646	0.0500000000001819	epochs	1.0
2294.158999938965	0.010000000000218279	epochs	1.0
2294.168999938965	0.04991999999992913	epochs	1.0
2879.6129999160767	0.09999999999990905	epochs	0.0
2879.6129999160767	0.04496000000017375	epochs	1.0
2879.657959916077	0.010080000000016298	epochs	1.0
2879.668039916077	0.044959999999719	epochs	1.0
2879.7129999160766	2.999920000000202	epochs	0.0
2879.7129999160766	1.0	epochs	1.0
2880.7129999160766	1.0	epochs	1.0
2881.7129999160766	0.999920000000202	epochs	1.0
