onset	duration	nwb_table	treelevel
8.967000007629395	0.09999999999999964	epochs	0.0
8.967000007629395	0.04499999999999993	epochs	1.0
9.012000007629394	0.010004999999999598	epochs	1.0
9.022005007629394	0.04499500000000012	epochs	1.0
9.067000007629394	0.7049950000000003	epochs	0.0
9.067000007629394	0.5	epochs	-1.0
9.067000007629394	0.5	epochs	-1.0
9.067000007629394	0.5	epochs	1.0
9.567000007629394	0.0600000000000005	epochs	-1.0
9.567000007629394	0.025000000000000355	epochs	-1.0
9.567000007629394	0.025000000000000355	epochs	1.0
9.592000007629395	0.009999999999999787	epochs	-1.0
9.592000007629395	0.009999999999999787	epochs	1.0
9.602000007629394	0.025000000000000355	epochs	-1.0
9.602000007629394	0.025000000000000355	epochs	1.0
9.627000007629395	0.0600000000000005	epochs	-1.0
9.627000007629395	0.025000000000000355	epochs	-1.0
9.627000007629395	0.025000000000000355	epochs	1.0
9.652000007629395	0.009999999999999787	epochs	-1.0
9.652000007629395	0.009999999999999787	epochs	1.0
9.662000007629395	0.025000000000000355	epochs	-1.0
9.662000007629395	0.025000000000000355	epochs	1.0
9.687000007629395	0.05999999999999872	epochs	-1.0
9.687000007629395	0.02499999999999858	epochs	-1.0
9.687000007629395	0.02499999999999858	epochs	1.0
9.712000007629394	0.010000000000001563	epochs	-1.0
9.712000007629394	0.010000000000001563	epochs	1.0
9.722000007629395	0.02499999999999858	epochs	-1.0
9.722000007629395	0.02499999999999858	epochs	1.0
9.747000007629394	0.024995000000000545	epochs	1.0
447.3619999885559	0.10000000000002274	epochs	0.0
447.3619999885559	0.045000000000015916	epochs	1.0
447.4069999885559	0.010004999999978281	epochs	1.0
447.4170049885559	0.04499500000002854	epochs	1.0
447.46199998855593	0.7049949999999967	epochs	0.0
447.46199998855593	0.5	epochs	-1.0
447.46199998855593	0.5	epochs	1.0
447.96199998855593	0.060000000000002274	epochs	-1.0
447.96199998855593	0.024999999999977263	epochs	-1.0
447.96199998855593	0.024999999999977263	epochs	1.0
447.9869999885559	0.009999999999990905	epochs	-1.0
447.9869999885559	0.009999999999990905	epochs	1.0
447.9969999885559	0.025000000000034106	epochs	-1.0
447.9969999885559	0.025000000000034106	epochs	1.0
448.02199998855593	0.060000000000002274	epochs	-1.0
448.02199998855593	0.024999999999977263	epochs	-1.0
448.02199998855593	0.024999999999977263	epochs	1.0
448.0469999885559	0.009999999999990905	epochs	-1.0
448.0469999885559	0.009999999999990905	epochs	1.0
448.0569999885559	0.025000000000034106	epochs	-1.0
448.0569999885559	0.025000000000034106	epochs	1.0
448.08199998855594	0.05999999999994543	epochs	-1.0
448.08199998855594	0.024999999999977263	epochs	-1.0
448.08199998855594	0.024999999999977263	epochs	1.0
448.1069999885559	0.009999999999990905	epochs	-1.0
448.1069999885559	0.009999999999990905	epochs	1.0
448.1169999885559	0.024999999999977263	epochs	-1.0
448.1169999885559	0.024999999999977263	epochs	1.0
448.1419999885559	0.02499500000004673	epochs	1.0
493.643000125885	0.10000000000002274	epochs	0.0
493.643000125885	0.045000000000015916	epochs	1.0
493.688000125885	0.010004999999978281	epochs	1.0
493.698005125885	0.04499500000002854	epochs	1.0
493.74300012588503	61.384995	epochs	0.0
493.74300012588503	0.5	epochs	-1.0
493.74300012588503	0.5	epochs	-1.0
493.74300012588503	0.5	epochs	1.0
494.24300012588503	0.060000000000002274	epochs	-1.0
494.24300012588503	0.024999999999977263	epochs	-1.0
494.24300012588503	0.024999999999977263	epochs	1.0
494.268000125885	0.009999999999990905	epochs	-1.0
494.268000125885	0.009999999999990905	epochs	1.0
494.278000125885	0.025000000000034106	epochs	-1.0
494.278000125885	0.025000000000034106	epochs	1.0
494.30300012588503	0.060000000000002274	epochs	-1.0
494.30300012588503	0.024999999999977263	epochs	-1.0
494.30300012588503	0.024999999999977263	epochs	1.0
494.328000125885	0.009999999999990905	epochs	-1.0
494.328000125885	0.009999999999990905	epochs	1.0
494.338000125885	0.025000000000034106	epochs	-1.0
494.338000125885	0.025000000000034106	epochs	1.0
494.36300012588504	0.05999999999994543	epochs	-1.0
494.36300012588504	0.024999999999977263	epochs	-1.0
494.36300012588504	0.024999999999977263	epochs	1.0
494.388000125885	0.009999999999990905	epochs	-1.0
494.388000125885	0.009999999999990905	epochs	1.0
494.398000125885	0.024999999999977263	epochs	-1.0
494.398000125885	0.024999999999977263	epochs	1.0
494.423000125885	60.0	epochs	1.0
554.423000125885	0.5	epochs	-1.0
554.423000125885	0.5	epochs	-1.0
554.423000125885	0.5	epochs	1.0
554.923000125885	0.06000000000005912	epochs	-1.0
554.923000125885	0.024999999999977263	epochs	-1.0
554.923000125885	0.024999999999977263	epochs	1.0
554.948000125885	0.010000000000104592	epochs	-1.0
554.948000125885	0.010000000000104592	epochs	1.0
554.9580001258851	0.024999999999977263	epochs	-1.0
554.9580001258851	0.024999999999977263	epochs	1.0
554.983000125885	0.05999999999994543	epochs	-1.0
554.983000125885	0.024999999999977263	epochs	-1.0
554.983000125885	0.024999999999977263	epochs	1.0
555.008000125885	0.009999999999990905	epochs	-1.0
555.008000125885	0.009999999999990905	epochs	1.0
555.018000125885	0.024999999999977263	epochs	-1.0
555.018000125885	0.024999999999977263	epochs	1.0
555.043000125885	0.06000000000005912	epochs	-1.0
555.043000125885	0.024999999999977263	epochs	-1.0
555.043000125885	0.024999999999977263	epochs	1.0
555.068000125885	0.009999999999990905	epochs	-1.0
555.068000125885	0.009999999999990905	epochs	1.0
555.078000125885	0.02500000000009095	epochs	-1.0
555.078000125885	0.02500000000009095	epochs	1.0
555.103000125885	0.024994999999989886	epochs	1.0
627.2430000305176	0.10000000000002274	epochs	0.0
627.2430000305176	0.04499999999995907	epochs	1.0
627.2880000305175	0.010005000000091968	epochs	1.0
627.2980050305176	0.044994999999971697	epochs	1.0
627.3430000305176	0.7049949999999399	epochs	0.0
627.3430000305176	0.5	epochs	-1.0
627.3430000305176	0.5	epochs	-1.0
627.3430000305176	0.5	epochs	1.0
627.8430000305176	0.05999999999994543	epochs	-1.0
627.8430000305176	0.024999999999977263	epochs	-1.0
627.8430000305176	0.024999999999977263	epochs	1.0
627.8680000305176	0.009999999999990905	epochs	-1.0
627.8680000305176	0.009999999999990905	epochs	1.0
627.8780000305176	0.024999999999977263	epochs	-1.0
627.8780000305176	0.024999999999977263	epochs	1.0
627.9030000305175	0.06000000000005912	epochs	-1.0
627.9030000305175	0.024999999999977263	epochs	-1.0
627.9030000305175	0.024999999999977263	epochs	1.0
627.9280000305175	0.010000000000104592	epochs	-1.0
627.9280000305175	0.010000000000104592	epochs	1.0
627.9380000305176	0.024999999999977263	epochs	-1.0
627.9380000305176	0.024999999999977263	epochs	1.0
627.9630000305176	0.05999999999994543	epochs	-1.0
627.9630000305176	0.024999999999977263	epochs	-1.0
627.9630000305176	0.024999999999977263	epochs	1.0
627.9880000305176	0.009999999999990905	epochs	-1.0
627.9880000305176	0.009999999999990905	epochs	1.0
627.9980000305176	0.024999999999977263	epochs	-1.0
627.9980000305176	0.024999999999977263	epochs	1.0
628.0230000305176	0.024994999999989886	epochs	1.0
654.8210000991821	0.059520000000020445	epochs	0.0
654.8210000991821	0.02476000000001477	epochs	1.0
654.8457600991821	0.01001999999994041	epochs	1.0
654.8557800991821	0.024740000000065265	epochs	1.0
654.8805200991821	5.999979999999937	epochs	0.0
654.8805200991821	0.5	epochs	1.0
654.8805238991821	0.5	epochs	-1.0
654.8805238991821	0.5	epochs	-1.0
655.3805200991821	5.0	epochs	1.0
660.3805200991821	0.4999799999999368	epochs	1.0
660.3805238991821	0.4999761999999919	epochs	-1.0
671.5989999771118	0.059520000000020445	epochs	0.0
671.5989999771118	0.02476000000001477	epochs	1.0
671.6237599771118	0.01001999999994041	epochs	1.0
671.6337799771118	0.024740000000065265	epochs	1.0
671.6585199771118	2.500419999999963	epochs	0.0
671.6585199771118	0.5	epochs	1.0
671.6585237771118	0.5	epochs	-1.0
672.1585199771118	1.0	epochs	1.0
673.1585199771118	1.0004199999999628	epochs	1.0
673.6585237771118	0.5	epochs	-1.0
674.1589399771118	0.999559999999974	epochs	0.0
674.9490003585815	0.059520000000020445	epochs	0.0
674.9490003585815	0.02476000000001477	epochs	1.0
674.9737603585816	0.01001999999994041	epochs	1.0
674.9837803585815	0.024740000000065265	epochs	1.0
675.0085203585816	2.5008799999999383	epochs	0.0
675.0085203585816	0.5	epochs	1.0
675.0085241585815	0.5	epochs	-1.0
675.5085203585816	1.0	epochs	1.0
676.5085203585816	1.0008799999999383	epochs	1.0
677.0085241585815	0.5	epochs	-1.0
677.5094003585815	0.9990999999999985	epochs	0.0
678.28600025177	0.059520000000020445	epochs	0.0
678.28600025177	0.02476000000001477	epochs	1.0
678.31076025177	0.01001999999994041	epochs	1.0
678.32078025177	0.024740000000065265	epochs	1.0
678.34552025177	3.499979999999937	epochs	0.0
678.34552025177	0.5	epochs	1.0
678.34552405177	0.5	epochs	-1.0
678.84552025177	1.0	epochs	1.0
679.84552025177	1.9999799999999368	epochs	1.0
680.34552405177	0.5	epochs	-1.0
680.84552405177	0.5	epochs	-1.0
682.670000076294	0.059520000000020445	epochs	0.0
682.670000076294	0.02476000000001477	epochs	1.0
682.694760076294	0.01001999999994041	epochs	1.0
682.7047800762939	0.024740000000065265	epochs	1.0
682.729520076294	0.5404599999999391	epochs	0.0
682.729520076294	0.5	epochs	1.0
682.7295238762939	0.5	epochs	-1.0
683.229520076294	0.0404599999999391	epochs	1.0
683.2699800762939	2.9595199999999977	epochs	0.0
690.7699999809265	0.059520000000020445	epochs	0.0
690.7699999809265	0.02476000000001477	epochs	1.0
690.7947599809265	0.01001999999994041	epochs	1.0
690.8047799809265	0.024740000000065265	epochs	1.0
690.8295199809265	2.5004000000000133	epochs	0.0
690.8295199809265	0.5	epochs	1.0
690.8295237809265	0.5	epochs	-1.0
691.3295199809265	1.0	epochs	1.0
692.3295199809265	1.0004000000000133	epochs	1.0
692.8295237809265	0.5	epochs	-1.0
693.3299199809265	0.9995799999999235	epochs	0.0
694.170000076294	0.059520000000020445	epochs	0.0
694.170000076294	0.02476000000001477	epochs	1.0
694.194760076294	0.01001999999994041	epochs	1.0
694.2047800762939	0.024740000000065265	epochs	1.0
694.229520076294	2.500919999999951	epochs	0.0
694.229520076294	0.5	epochs	1.0
694.2295238762939	0.5	epochs	-1.0
694.729520076294	1.0	epochs	1.0
695.729520076294	1.000919999999951	epochs	1.0
696.2295238762939	0.5	epochs	-1.0
696.7304400762939	0.9990599999999858	epochs	0.0
697.5700001716614	0.059520000000020445	epochs	0.0
697.5700001716614	0.02476000000001477	epochs	1.0
697.5947601716614	0.01001999999994041	epochs	1.0
697.6047801716613	0.024740000000065265	epochs	1.0
697.6295201716614	0.540740000000028	epochs	0.0
697.6295201716614	0.5	epochs	1.0
697.6295239716613	0.5	epochs	-1.0
698.1295201716614	0.040740000000027976	epochs	1.0
698.1702601716614	2.959239999999909	epochs	0.0
705.7600002288818	0.059520000000020445	epochs	0.0
705.7600002288818	0.02476000000001477	epochs	1.0
705.7847602288819	0.01001999999994041	epochs	1.0
705.7947802288818	0.024740000000065265	epochs	1.0
705.8195202288819	2.500159999999937	epochs	0.0
705.8195202288819	0.5	epochs	1.0
705.8195240288818	0.5	epochs	-1.0
706.3195202288819	1.0	epochs	1.0
707.3195202288819	1.000159999999937	epochs	1.0
707.8195240288818	0.5	epochs	-1.0
708.3196802288818	0.9998199999999997	epochs	0.0
709.2160000801086	0.15297999999995682	epochs	0.0
709.2160000801086	0.049999999999954525	epochs	1.0
709.2660000801086	0.0030000000000427463	epochs	1.0
709.2690000801086	0.09997999999995955	epochs	1.0
710.3500003814697	0.15297999999995682	epochs	0.0
710.3500003814697	0.049999999999954525	epochs	1.0
710.4000003814697	0.0030000000000427463	epochs	1.0
710.4030003814697	0.09997999999995955	epochs	1.0
711.4660000801086	0.15297999999995682	epochs	0.0
711.4660000801086	0.049999999999954525	epochs	1.0
711.5160000801086	0.0030000000000427463	epochs	1.0
711.5190000801086	0.09997999999995955	epochs	1.0
712.6000003814697	0.15297999999995682	epochs	0.0
712.6000003814697	0.049999999999954525	epochs	1.0
712.6500003814697	0.0030000000000427463	epochs	1.0
712.6530003814697	0.09997999999995955	epochs	1.0
713.7330002784729	0.15297999999995682	epochs	0.0
713.7330002784729	0.049999999999954525	epochs	1.0
713.7830002784729	0.0030000000000427463	epochs	1.0
713.7860002784729	0.09997999999995955	epochs	1.0
714.8830003738403	0.15297999999995682	epochs	0.0
714.8830003738403	0.049999999999954525	epochs	1.0
714.9330003738403	0.0030000000000427463	epochs	1.0
714.9360003738403	0.09997999999995955	epochs	1.0
716.0659999847412	0.15297999999995682	epochs	0.0
716.0659999847412	0.049999999999954525	epochs	1.0
716.1159999847412	0.0030000000000427463	epochs	1.0
716.1189999847412	0.09997999999995955	epochs	1.0
717.2330002784729	0.15297999999995682	epochs	0.0
717.2330002784729	0.049999999999954525	epochs	1.0
717.2830002784729	0.0030000000000427463	epochs	1.0
717.2860002784729	0.09997999999995955	epochs	1.0
718.3759999275208	0.15297999999995682	epochs	0.0
718.3759999275208	0.049999999999954525	epochs	1.0
718.4259999275207	0.0030000000000427463	epochs	1.0
718.4289999275207	0.09997999999995955	epochs	1.0
719.5590000152588	0.15297999999995682	epochs	0.0
719.5590000152588	0.049999999999954525	epochs	1.0
719.6090000152587	0.0030000000000427463	epochs	1.0
719.6120000152588	0.09997999999995955	epochs	1.0
720.7590003013611	0.15297999999995682	epochs	0.0
720.7590003013611	0.049999999999954525	epochs	1.0
720.809000301361	0.0030000000000427463	epochs	1.0
720.8120003013611	0.09997999999995955	epochs	1.0
721.941999912262	0.15297999999995682	epochs	0.0
721.941999912262	0.049999999999954525	epochs	1.0
721.9919999122619	0.0030000000000427463	epochs	1.0
721.994999912262	0.09997999999995955	epochs	1.0
723.1589999198914	0.15297999999995682	epochs	0.0
723.1589999198914	0.049999999999954525	epochs	1.0
723.2089999198913	0.0030000000000427463	epochs	1.0
723.2119999198914	0.09997999999995955	epochs	1.0
724.3759999275208	0.15297999999995682	epochs	0.0
724.3759999275208	0.049999999999954525	epochs	1.0
724.4259999275207	0.0030000000000427463	epochs	1.0
724.4289999275207	0.09997999999995955	epochs	1.0
725.6420001983643	0.15297999999995682	epochs	0.0
725.6420001983643	0.049999999999954525	epochs	1.0
725.6920001983642	0.0030000000000427463	epochs	1.0
725.6950001983643	0.09997999999995955	epochs	1.0
726.9089999198914	0.15297999999995682	epochs	0.0
726.9089999198914	0.049999999999954525	epochs	1.0
726.9589999198913	0.0030000000000427463	epochs	1.0
726.9619999198914	0.09997999999995955	epochs	1.0
728.2420001029968	0.15297999999995682	epochs	0.0
728.2420001029968	0.049999999999954525	epochs	1.0
728.2920001029968	0.0030000000000427463	epochs	1.0
728.2950001029968	0.09997999999995955	epochs	1.0
729.5560002326965	0.15297999999995682	epochs	0.0
729.5560002326965	0.049999999999954525	epochs	1.0
729.6060002326965	0.0030000000000427463	epochs	1.0
729.6090002326965	0.09997999999995955	epochs	1.0
730.8720002174377	0.059520000000020445	epochs	0.0
730.8720002174377	0.02476000000001477	epochs	1.0
730.8967602174378	0.01001999999994041	epochs	1.0
730.9067802174377	0.024740000000065265	epochs	1.0
730.9315202174378	0.5405999999999267	epochs	0.0
730.9315202174378	0.5	epochs	1.0
730.9315240174377	0.5	epochs	-1.0
731.4315202174378	0.0029999999999290594	epochs	1.0
731.4345202174377	0.037599999999997635	epochs	1.0
731.4721202174377	1.0623800000000756	epochs	0.0
744.0230002403259	0.059520000000020445	epochs	0.0
744.0230002403259	0.02476000000001477	epochs	1.0
744.0477602403259	0.01001999999994041	epochs	1.0
744.0577802403259	0.024740000000065265	epochs	1.0
744.082520240326	1.5406399999999394	epochs	0.0
744.082520240326	0.5	epochs	1.0
744.0825240403259	0.5	epochs	-1.0
744.582520240326	0.0029999999999290594	epochs	1.0
744.5855202403259	1.0376400000000103	epochs	1.0
745.0855240403259	0.5	epochs	-1.0
745.6231602403259	0.0623400000000629	epochs	0.0
746.8060002326965	0.059520000000020445	epochs	0.0
746.8060002326965	0.02476000000001477	epochs	1.0
746.8307602326965	0.01001999999994041	epochs	1.0
746.8407802326965	0.024740000000065265	epochs	1.0
746.8655202326966	1.5410200000000032	epochs	0.0
746.8655202326966	0.5	epochs	1.0
746.8655240326965	0.5	epochs	-1.0
747.3655202326966	0.0029999999999290594	epochs	1.0
747.3685202326965	1.038020000000074	epochs	1.0
747.8685240326965	0.5	epochs	-1.0
748.4065402326966	0.06195999999999913	epochs	0.0
749.4860000610352	0.059520000000020445	epochs	0.0
749.4860000610352	0.02476000000001477	epochs	1.0
749.5107600610352	0.01001999999994041	epochs	1.0
749.5207800610351	0.024740000000065265	epochs	1.0
749.5455200610352	1.5403800000000274	epochs	0.0
749.5455200610352	0.5	epochs	1.0
749.5455238610351	0.5	epochs	-1.0
750.0455200610352	0.0029999999999290594	epochs	1.0
750.0485200610351	1.0373800000000983	epochs	1.0
750.5485238610352	0.5	epochs	-1.0
751.0859000610352	0.0625999999999749	epochs	0.0
752.2530002593994	0.6499800000000278	epochs	0.0
752.2530002593994	0.049999999999954525	epochs	1.0
752.3030002593994	0.5	epochs	1.0
752.8030002593994	0.09998000000007323	epochs	1.0
754.1360001564026	0.6499800000000278	epochs	0.0
754.1360001564026	0.049999999999954525	epochs	1.0
754.1860001564025	0.5	epochs	1.0
754.6860001564025	0.09998000000007323	epochs	1.0
756.0529999732971	0.6499800000000278	epochs	0.0
756.0529999732971	0.049999999999954525	epochs	1.0
756.1029999732971	0.5	epochs	1.0
756.6029999732971	0.09998000000007323	epochs	1.0
757.969000339508	0.6499800000000278	epochs	0.0
757.969000339508	0.049999999999954525	epochs	1.0
758.019000339508	0.5	epochs	1.0
758.519000339508	0.09998000000007323	epochs	1.0
759.8759999275208	0.6499800000000278	epochs	0.0
759.8759999275208	0.049999999999954525	epochs	1.0
759.9259999275207	0.5	epochs	1.0
760.4259999275207	0.09998000000007323	epochs	1.0
761.7930002212524	0.6499800000000278	epochs	0.0
761.7930002212524	0.049999999999954525	epochs	1.0
761.8430002212524	0.5	epochs	1.0
762.3430002212524	0.09998000000007323	epochs	1.0
763.7090001106262	0.6499800000000278	epochs	0.0
763.7090001106262	0.049999999999954525	epochs	1.0
763.7590001106262	0.5	epochs	1.0
764.2590001106262	0.09998000000007323	epochs	1.0
765.6589999198914	0.059520000000020445	epochs	0.0
765.6589999198914	0.02476000000001477	epochs	1.0
765.6837599198914	0.01001999999994041	epochs	1.0
765.6937799198913	0.024740000000065265	epochs	1.0
765.7185199198914	2.500159999999937	epochs	0.0
765.7185199198914	0.5	epochs	1.0
765.7185237198913	0.5	epochs	-1.0
766.2185199198914	1.0	epochs	1.0
767.2185199198914	1.000159999999937	epochs	1.0
767.7185237198913	0.5	epochs	-1.0
768.2186799198913	2.9998199999999997	epochs	0.0
770.816999912262	0.059520000000020445	epochs	0.0
770.816999912262	0.02476000000001477	epochs	1.0
770.841759912262	0.01001999999994041	epochs	1.0
770.8517799122619	0.024740000000065265	epochs	1.0
770.876519912262	2.5004000000000133	epochs	0.0
770.876519912262	0.5	epochs	1.0
770.8765237122619	0.5	epochs	-1.0
771.376519912262	1.0	epochs	1.0
772.376519912262	1.0004000000000133	epochs	1.0
772.8765237122619	0.5	epochs	-1.0
773.376919912262	2.9995799999999235	epochs	0.0
776.1000003814697	0.059520000000020445	epochs	0.0
776.1000003814697	0.02476000000001477	epochs	1.0
776.1247603814697	0.01001999999994041	epochs	1.0
776.1347803814697	0.024740000000065265	epochs	1.0
776.1595203814697	2.500059999999962	epochs	0.0
776.1595203814697	0.5	epochs	1.0
776.1595241814697	0.5	epochs	-1.0
776.6595203814697	1.0	epochs	1.0
777.6595203814697	1.0000599999999622	epochs	1.0
778.1595241814697	0.5	epochs	-1.0
778.6595803814697	3.9999199999999746	epochs	0.0
779.996000289917	0.059520000000020445	epochs	0.0
779.996000289917	0.02476000000001477	epochs	1.0
780.020760289917	0.01001999999994041	epochs	1.0
780.030780289917	0.024740000000065265	epochs	1.0
780.055520289917	4.500260000000026	epochs	0.0
780.055520289917	0.5	epochs	1.0
780.055524089917	0.5	epochs	-1.0
780.555520289917	1.0	epochs	1.0
781.555520289917	3.0002600000000257	epochs	1.0
782.055524089917	0.5	epochs	-1.0
782.555524089917	0.5	epochs	-1.0
783.055524089917	0.5	epochs	-1.0
783.555524089917	0.5	epochs	-1.0
784.055524089917	0.5	epochs	-1.0
784.555780289917	1.9997199999999111	epochs	0.0
785.996000289917	0.059520000000020445	epochs	0.0
785.996000289917	0.02476000000001477	epochs	1.0
786.020760289917	0.01001999999994041	epochs	1.0
786.030780289917	0.024740000000065265	epochs	1.0
786.055520289917	6.499979999999937	epochs	0.0
786.055520289917	0.5	epochs	1.0
786.055524089917	0.5	epochs	-1.0
786.555520289917	1.0	epochs	1.0
787.555520289917	4.999979999999937	epochs	1.0
788.055524089917	0.5	epochs	-1.0
788.555524089917	0.5	epochs	-1.0
789.055524089917	0.5	epochs	-1.0
789.555524089917	0.5	epochs	-1.0
790.055524089917	0.5	epochs	-1.0
790.555524089917	0.5	epochs	-1.0
791.055524089917	0.5	epochs	-1.0
791.555524089917	0.5	epochs	-1.0
794.0170001983643	0.059520000000020445	epochs	0.0
794.0170001983643	0.02476000000001477	epochs	1.0
794.0417601983643	0.01001999999994041	epochs	1.0
794.0517801983642	0.024740000000065265	epochs	1.0
794.0765201983643	0.5402399999999261	epochs	0.0
794.0765201983643	0.5	epochs	1.0
794.0765239983642	0.5	epochs	-1.0
794.5765201983643	0.04023999999992611	epochs	1.0
794.6167601983642	5.959740000000011	epochs	0.0
805.1420001983643	0.059520000000020445	epochs	0.0
805.1420001983643	0.02476000000001477	epochs	1.0
805.1667601983643	0.01001999999994041	epochs	1.0
805.1767801983642	0.024740000000065265	epochs	1.0
805.2015201983643	2.5010599999999386	epochs	0.0
805.2015201983643	0.5	epochs	1.0
805.2015239983642	0.5	epochs	-1.0
805.7015201983643	1.0	epochs	1.0
806.7015201983643	1.0010599999999386	epochs	1.0
807.2015239983642	0.5	epochs	-1.0
807.7025801983642	3.9989199999999983	epochs	0.0
809.1950001716614	0.059520000000020445	epochs	0.0
809.1950001716614	0.02476000000001477	epochs	1.0
809.2197601716614	0.01001999999994041	epochs	1.0
809.2297801716613	0.024740000000065265	epochs	1.0
809.2545201716614	2.500919999999951	epochs	0.0
809.2545201716614	0.5	epochs	1.0
809.2545239716613	0.5	epochs	-1.0
809.7545201716614	1.0	epochs	1.0
810.7545201716614	1.000919999999951	epochs	1.0
811.2545239716613	0.5	epochs	-1.0
811.7554401716613	3.999059999999986	epochs	0.0
813.8289999961853	0.059520000000020445	epochs	0.0
813.8289999961853	0.02476000000001477	epochs	1.0
813.8537599961853	0.01001999999994041	epochs	1.0
813.8637799961853	0.024740000000065265	epochs	1.0
813.8885199961853	6.020359999999982	epochs	0.0
813.8885199961853	0.5	epochs	1.0
813.8885237961853	0.5	epochs	-1.0
814.3885199961853	1.0	epochs	1.0
815.3885199961853	4.520359999999982	epochs	1.0
815.8885237961853	0.5	epochs	-1.0
816.3885237961853	0.5	epochs	-1.0
816.8885237961853	0.5	epochs	-1.0
817.3885237961853	0.5	epochs	-1.0
817.8885237961853	0.5	epochs	-1.0
818.3885237961853	0.5	epochs	-1.0
818.8885237961853	0.5	epochs	-1.0
819.3885237961853	0.5	epochs	-1.0
819.9088799961853	4.479619999999954	epochs	0.0
828.996000289917	0.059520000000020445	epochs	0.0
828.996000289917	0.02476000000001477	epochs	1.0
829.020760289917	0.01001999999994041	epochs	1.0
829.030780289917	0.024740000000065265	epochs	1.0
829.055520289917	2.5597999999999956	epochs	0.0
829.055520289917	0.5	epochs	1.0
829.055524089917	0.5	epochs	-1.0
829.555520289917	1.0	epochs	1.0
830.555520289917	1.0597999999999956	epochs	1.0
831.055524089917	0.5	epochs	-1.0
831.615320289917	7.940179999999941	epochs	0.0
844.2150001525879	0.059520000000020445	epochs	0.0
844.2150001525879	0.02476000000001477	epochs	1.0
844.2397601525879	0.01001999999994041	epochs	1.0
844.2497801525878	0.024740000000065265	epochs	1.0
844.2745201525879	0.5409799999999905	epochs	0.0
844.2745201525879	0.5	epochs	1.0
844.2745239525879	0.5	epochs	-1.0
844.7745201525879	0.04097999999999047	epochs	1.0
844.8155001525879	9.958999999999946	epochs	0.0
874.2870001792908	0.059520000000020445	epochs	0.0
874.2870001792908	0.02476000000001477	epochs	1.0
874.3117601792908	0.01001999999994041	epochs	1.0
874.3217801792907	0.024740000000065265	epochs	1.0
874.3465201792908	2.5400399999999763	epochs	0.0
874.3465201792908	0.5	epochs	1.0
874.3465239792907	0.5	epochs	-1.0
874.8465201792908	1.0	epochs	1.0
875.8465201792908	1.0400399999999763	epochs	1.0
876.3465239792907	0.5	epochs	-1.0
876.8865601792908	7.9599399999999605	epochs	0.0
889.433000087738	0.059520000000020445	epochs	0.0
889.433000087738	0.02476000000001477	epochs	1.0
889.457760087738	0.01001999999994041	epochs	1.0
889.467780087738	0.024740000000065265	epochs	1.0
889.4925200877381	2.500440000000026	epochs	0.0
889.4925200877381	0.5	epochs	1.0
889.492523887738	0.5	epochs	-1.0
889.9925200877381	1.0	epochs	1.0
890.9925200877381	1.000440000000026	epochs	1.0
891.492523887738	0.5	epochs	-1.0
891.9929600877381	7.999539999999911	epochs	0.0
904.6840000152588	0.059520000000020445	epochs	0.0
904.6840000152588	0.02476000000001477	epochs	1.0
904.7087600152588	0.01001999999994041	epochs	1.0
904.7187800152587	0.024740000000065265	epochs	1.0
904.7435200152588	2.5002600000000257	epochs	0.0
904.7435200152588	0.5	epochs	1.0
904.7435238152588	0.5	epochs	-1.0
905.2435200152588	1.0	epochs	1.0
906.2435200152588	1.0002600000000257	epochs	1.0
906.7435238152588	0.5	epochs	-1.0
907.2437800152588	7.999719999999911	epochs	0.0
919.871000289917	0.059520000000020445	epochs	0.0
919.871000289917	0.02476000000001477	epochs	1.0
919.895760289917	0.01001999999994041	epochs	1.0
919.905780289917	0.024740000000065265	epochs	1.0
919.930520289917	2.500059999999962	epochs	0.0
919.930520289917	0.5	epochs	1.0
919.930524089917	0.5	epochs	-1.0
920.430520289917	1.0	epochs	1.0
921.430520289917	1.0000599999999622	epochs	1.0
921.930524089917	0.5	epochs	-1.0
922.430580289917	7.999919999999975	epochs	0.0
935.1310000419617	0.059520000000020445	epochs	0.0
935.1310000419617	0.02476000000001477	epochs	1.0
935.1557600419617	0.01001999999994041	epochs	1.0
935.1657800419616	0.024740000000065265	epochs	1.0
935.1905200419617	2.5002600000000257	epochs	0.0
935.1905200419617	0.5	epochs	1.0
935.1905238419616	0.5	epochs	-1.0
935.6905200419617	1.0	epochs	1.0
936.6905200419617	1.0002600000000257	epochs	1.0
937.1905238419616	0.5	epochs	-1.0
937.6907800419617	7.999719999999911	epochs	0.0
950.3099999427795	0.059520000000020445	epochs	0.0
950.3099999427795	0.02476000000001477	epochs	1.0
950.3347599427796	0.01001999999994041	epochs	1.0
950.3447799427795	0.024740000000065265	epochs	1.0
950.3695199427796	2.5008000000000266	epochs	0.0
950.3695199427796	0.5	epochs	1.0
950.3695237427795	0.5	epochs	-1.0
950.8695199427796	1.0	epochs	1.0
951.8695199427796	1.0008000000000266	epochs	1.0
952.3695237427795	0.5	epochs	-1.0
952.8703199427796	7.99917999999991	epochs	0.0
965.5610003471375	0.059520000000020445	epochs	0.0
965.5610003471375	0.02476000000001477	epochs	1.0
965.5857603471375	0.01001999999994041	epochs	1.0
965.5957803471374	0.024740000000065265	epochs	1.0
965.6205203471375	0.5404599999999391	epochs	0.0
965.6205203471375	0.5	epochs	1.0
965.6205241471374	0.5	epochs	-1.0
966.1205203471375	0.0404599999999391	epochs	1.0
966.1609803471374	18.959519999999998	epochs	0.0
994.8220000267029	0.059520000000020445	epochs	0.0
994.8220000267029	0.02476000000001477	epochs	1.0
994.8467600267029	0.01001999999994041	epochs	1.0
994.8567800267028	0.024740000000065265	epochs	1.0
994.8815200267029	11.400620000000004	epochs	0.0
994.8815200267029	0.5	epochs	1.0
994.8815238267028	0.5	epochs	-1.0
995.3815200267029	10.900620000000004	epochs	1.0
1005.2824600267029	0.9996800000000121	epochs	-1.0
1005.2824600267029	0.039520000000038635	epochs	-1.0
1005.7799638267029	0.5	epochs	-1.0
1006.2821400267029	8.099359999999933	epochs	0.0
1008.3900003433228	0.059520000000020445	epochs	0.0
1008.3900003433228	0.02476000000001477	epochs	1.0
1008.4147603433228	0.01001999999994041	epochs	1.0
1008.4247803433227	0.024740000000065265	epochs	1.0
1008.4495203433228	0.5403400000000147	epochs	0.0
1008.4495203433228	0.5	epochs	1.0
1008.4495241433227	0.5	epochs	-1.0
1008.9495203433228	0.0403400000000147	epochs	1.0
1008.9898603433228	18.959640000000036	epochs	0.0
1037.5520000457764	0.059520000000020445	epochs	0.0
1037.5520000457764	0.02476000000001477	epochs	1.0
1037.5767600457764	0.01001999999994041	epochs	1.0
1037.5867800457763	0.024740000000065265	epochs	1.0
1037.6115200457764	15.520680000000084	epochs	0.0
1037.6115200457764	0.5	epochs	1.0
1037.6115238457764	0.5	epochs	-1.0
1038.1115200457764	15.020680000000084	epochs	1.0
1052.1318600457764	1.000340000000051	epochs	-1.0
1052.1318600457764	0.040299999999888314	epochs	-1.0
1052.6293638457764	0.5	epochs	-1.0
1053.1322000457765	3.9792999999999665	epochs	0.0
1055.25	0.059520000000020445	epochs	0.0
1055.25	0.02476000000001477	epochs	1.0
1055.27476	0.01001999999994041	epochs	1.0
1055.28478	0.024740000000065265	epochs	1.0
1055.30952	15.520539999999983	epochs	0.0
1055.30952	0.5	epochs	1.0
1055.3095238	0.5	epochs	-1.0
1055.80952	15.020539999999983	epochs	1.0
1069.83048	0.9995799999999235	epochs	-1.0
1069.83048	0.039800000000013824	epochs	-1.0
1070.3279838	0.5	epochs	-1.0
1070.83006	3.979440000000068	epochs	0.0
1073.023000240326	0.059520000000020445	epochs	0.0
1073.023000240326	0.02476000000001477	epochs	1.0
1073.047760240326	0.01001999999994041	epochs	1.0
1073.0577802403259	0.024740000000065265	epochs	1.0
1073.082520240326	17.500080000000025	epochs	0.0
1073.082520240326	0.5	epochs	1.0
1073.082524040326	0.5	epochs	-1.0
1073.582520240326	16.0	epochs	1.0
1089.582520240326	1.0000800000000254	epochs	1.0
1090.079184040326	0.5	epochs	-1.0
1090.582600240326	1.999900000000025	epochs	0.0
1092.8510003089905	0.059520000000020445	epochs	0.0
1092.8510003089905	0.02476000000001477	epochs	1.0
1092.8757603089905	0.01001999999994041	epochs	1.0
1092.8857803089904	0.024740000000065265	epochs	1.0
1092.9105203089905	17.500839999999926	epochs	0.0
1092.9105203089905	0.5	epochs	1.0
1092.9105241089906	0.5	epochs	-1.0
1093.4105203089905	16.0	epochs	1.0
1109.4105203089905	1.0008399999999256	epochs	1.0
1109.9055241089904	0.5	epochs	-1.0
1110.4113603089904	1.999140000000125	epochs	0.0
1112.6550002098083	0.059520000000020445	epochs	0.0
1112.6550002098083	0.02476000000001477	epochs	1.0
1112.6797602098084	0.01001999999994041	epochs	1.0
1112.6897802098083	0.024740000000065265	epochs	1.0
1112.7145202098084	17.54042000000004	epochs	0.0
1112.7145202098084	0.5	epochs	1.0
1112.7145240098084	0.5	epochs	-1.0
1113.2145202098084	16.0	epochs	1.0
1129.2145202098084	1.04042000000004	epochs	1.0
1129.7045240098084	0.5	epochs	-1.0
1130.2549402098084	1.9595600000000104	epochs	0.0
1162.666000366211	0.059520000000020445	epochs	0.0
1162.666000366211	0.024719999999888387	epochs	1.0
1162.6907203662108	0.010080000000016298	epochs	1.0
1162.7008003662108	0.02472000000011576	epochs	1.0
1162.725520366211	2.0	epochs	0.0
1164.725520366211	21.499919999999975	epochs	0.0
1164.725520366211	1.0	epochs	1.0
1164.725524166211	0.5	epochs	-1.0
1165.225524166211	19.999599999999873	epochs	-1.0
1165.725520366211	20.0	epochs	1.0
1165.725520366211	8.000000002539309e-05	epochs	2.0
1165.725600366211	4.356719999999996	epochs	-1.0
1165.725600366211	1.974559999999883	epochs	2.0
1165.725600366211	1.0985599999999067	epochs	3.0
1166.824160366211	0.8759999999999764	epochs	3.0
1167.7001603662109	1.3523999999999887	epochs	2.0
1167.7001603662109	0.7286400000000413	epochs	3.0
1168.428800366211	0.6237599999999475	epochs	3.0
1169.0525603662109	1.029760000000124	epochs	2.0
1169.0525603662109	0.5453600000000733	epochs	3.0
1169.597920366211	0.48440000000005057	epochs	3.0
1170.082320366211	0.8317600000000311	epochs	2.0
1170.082320366211	0.4357599999998456	epochs	3.0
1170.5180803662108	0.39600000000018554	epochs	3.0
1170.914080366211	0.6978399999998146	epochs	2.0
1170.914080366211	0.3628799999999046	epochs	3.0
1171.276960366211	0.33495999999991	epochs	3.0
1171.6119203662108	0.6010400000000118	epochs	2.0
1171.6119203662108	0.31088000000022475	epochs	3.0
1171.922800366211	0.29015999999978703	epochs	3.0
1172.2129603662108	0.5278400000001966	epochs	2.0
1172.2129603662108	0.2719200000001365	epochs	3.0
1172.484880366211	0.2559200000000601	epochs	3.0
1172.740800366211	0.47064000000000306	epochs	2.0
1172.740800366211	0.24167999999986023	epochs	3.0
1172.982480366211	0.22896000000014283	epochs	3.0
1173.211440366211	0.42455999999992855	epochs	2.0
1173.211440366211	0.21743999999989683	epochs	3.0
1173.428880366211	0.20712000000003172	epochs	3.0
1173.636000366211	0.3867199999999684	epochs	2.0
1173.636000366211	0.1976799999999912	epochs	3.0
1173.833680366211	0.18903999999997723	epochs	3.0
1174.022720366211	0.3551199999999426	epochs	2.0
1174.022720366211	0.1811999999999898	epochs	3.0
1174.203920366211	0.17391999999995278	epochs	3.0
1174.3778403662109	0.3282400000000507	epochs	2.0
1174.3778403662109	0.1672000000000935	epochs	3.0
1174.545040366211	0.16103999999995722	epochs	3.0
1174.706080366211	0.30520000000001346	epochs	2.0
1174.706080366211	0.1552799999999479	epochs	3.0
1174.8613603662109	0.14992000000006556	epochs	3.0
1175.011280366211	0.28512000000000626	epochs	2.0
1175.011280366211	0.1448800000000574	epochs	3.0
1175.156160366211	0.14023999999994885	epochs	3.0
1175.296400366211	0.26751999999987675	epochs	2.0
1175.296400366211	0.13583999999991647	epochs	3.0
1175.4322403662109	0.13167999999996027	epochs	3.0
1175.5639203662108	0.2520800000002055	epochs	2.0
1175.5639203662108	0.12784000000010565	epochs	3.0
1175.691760366211	0.12424000000009983	epochs	3.0
1175.816000366211	0.2381599999998798	epochs	2.0
1175.816000366211	0.12071999999989202	epochs	3.0
1175.936720366211	0.11743999999998778	epochs	3.0
1176.054160366211	0.225840000000062	epochs	2.0
1176.054160366211	0.11439999999993233	epochs	3.0
1176.1685603662108	0.11144000000012966	epochs	3.0
1176.280000366211	0.21463999999991756	epochs	2.0
1176.280000366211	0.10863999999992302	epochs	3.0
1176.388640366211	0.10599999999999454	epochs	3.0
1176.494640366211	0.20448000000010325	epochs	2.0
1176.494640366211	0.10344000000009146	epochs	3.0
1176.598080366211	0.10104000000001179	epochs	3.0
1176.699120366211	0.19535999999993692	epochs	2.0
1176.699120366211	0.0987999999999829	epochs	3.0
1176.797920366211	0.09655999999995402	epochs	3.0
1176.894480366211	0.18695999999999913	epochs	2.0
1176.894480366211	0.09447999999997592	epochs	3.0
1176.988960366211	0.09248000000002321	epochs	3.0
1177.081440366211	0.1792000000000371	epochs	2.0
1177.081440366211	0.0904800000000705	epochs	3.0
1177.171920366211	0.0887199999999666	epochs	3.0
1177.260640366211	0.17208000000005086	epochs	2.0
1177.260640366211	0.08688000000006468	epochs	3.0
1177.347520366211	0.08519999999998618	epochs	3.0
1177.432720366211	0.165520000000015	epochs	2.0
1177.432720366211	0.08359999999993306	epochs	3.0
1177.516320366211	0.08192000000008193	epochs	3.0
1177.598240366211	0.1595199999999295	epochs	2.0
1177.598240366211	0.08047999999985223	epochs	3.0
1177.6787203662109	0.07904000000007727	epochs	3.0
1177.757760366211	0.15375999999992018	epochs	2.0
1177.757760366211	0.07760000000007494	epochs	3.0
1177.835360366211	0.07615999999984524	epochs	3.0
1177.9115203662109	0.14856000000008862	epochs	2.0
1177.9115203662109	0.07496000000014647	epochs	3.0
1177.986480366211	0.07359999999994216	epochs	3.0
1178.060080366211	0.14367999999990388	epochs	2.0
1178.060080366211	0.0724800000000414	epochs	3.0
1178.132560366211	0.07119999999986248	epochs	3.0
1178.2037603662109	0.1390400000000227	epochs	2.0
1178.2037603662109	0.07007999999996173	epochs	3.0
1178.2738403662108	0.06896000000006097	epochs	3.0
1178.342800366211	0.13472000000001572	epochs	2.0
1178.342800366211	0.06791999999995824	epochs	3.0
1178.4107203662109	0.06680000000005748	epochs	3.0
1178.477520366211	0.1307200000001103	epochs	2.0
1178.477520366211	0.06583999999998014	epochs	3.0
1178.543360366211	0.06488000000013017	epochs	3.0
1178.608240366211	0.1268000000000029	epochs	2.0
1178.608240366211	0.06384000000002743	epochs	3.0
1178.672080366211	0.06295999999997548	epochs	3.0
1178.735040366211	0.12328000000002248	epochs	2.0
1178.735040366211	0.06207999999992353	epochs	3.0
1178.797120366211	0.06120000000009895	epochs	3.0
1178.858320366211	0.11983999999984007	epochs	2.0
1178.858320366211	0.06031999999981963	epochs	3.0
1178.9186403662109	0.059520000000020445	epochs	3.0
1178.978160366211	0.11663999999996122	epochs	2.0
1178.978160366211	0.05871999999999389	epochs	3.0
1179.0368803662109	0.05791999999996733	epochs	3.0
1179.0948003662108	0.11360000000013315	epochs	2.0
1179.0948003662108	0.05720000000019354	epochs	3.0
1179.152000366211	0.05639999999993961	epochs	3.0
1179.208400366211	0.11071999999990112	epochs	2.0
1179.208400366211	0.055679999999938445	epochs	3.0
1179.264080366211	0.055039999999962674	epochs	3.0
1179.3191203662109	0.10792000000014923	epochs	2.0
1179.3191203662109	0.05424000000016349	epochs	3.0
1179.373360366211	0.05367999999998574	epochs	3.0
1179.427040366211	0.10527999999999338	epochs	2.0
1179.427040366211	0.052959999999984575	epochs	3.0
1179.480000366211	0.052320000000008804	epochs	3.0
1179.532320366211	0.10287999999991371	epochs	2.0
1179.532320366211	0.05175999999983105	epochs	3.0
1179.5840803662109	0.051120000000082655	epochs	3.0
1179.635200366211	0.10040000000003602	epochs	2.0
1179.635200366211	0.050480000000106884	epochs	3.0
1179.685680366211	0.04991999999992913	epochs	3.0
1179.735600366211	0.09824000000003252	epochs	2.0
1179.735600366211	0.049359999999978754	epochs	3.0
1179.784960366211	0.04888000000005377	epochs	3.0
1179.833840366211	0.09600000000000364	epochs	2.0
1179.833840366211	0.048239999999850625	epochs	3.0
1179.8820803662109	0.04776000000015301	epochs	3.0
1179.929840366211	0.09392000000002554	epochs	2.0
1179.929840366211	0.04719999999997526	epochs	3.0
1179.977040366211	0.04672000000005028	epochs	3.0
1180.023760366211	0.09191999999984546	epochs	2.0
1180.023760366211	0.046159999999872525	epochs	3.0
1180.069920366211	0.04575999999997293	epochs	3.0
1180.1156803662109	0.09008000000017091	epochs	2.0
1180.1156803662109	0.04528000000004795	epochs	3.0
1180.160960366211	0.044800000000122964	epochs	3.0
1180.205760366211	0.08815999999978885	epochs	2.0
1180.205760366211	0.044319999999970605	epochs	3.0
1180.250080366211	0.04383999999981825	epochs	3.0
1180.2939203662108	0.08648000000016509	epochs	2.0
1180.2939203662108	0.04344000000014603	epochs	3.0
1180.337360366211	0.04304000000001906	epochs	3.0
1180.380400366211	0.08471999999983382	epochs	2.0
1180.380400366211	0.042559999999866704	epochs	3.0
1180.4229603662109	0.04215999999996711	epochs	3.0
1180.4651203662108	0.08320000000003347	epochs	2.0
1180.4651203662108	0.04176000000006752	epochs	3.0
1180.506880366211	0.04143999999996595	epochs	3.0
1180.5483203662109	0.08151999999995496	epochs	2.0
1180.5483203662109	0.040960000000040964	epochs	3.0
1180.589280366211	0.040559999999914	epochs	3.0
1180.6298403662108	0.08008000000018001	epochs	2.0
1180.6298403662108	0.0402400000000398	epochs	3.0
1180.6700803662109	0.03984000000014021	epochs	3.0
1180.709920366211	0.0786399999999503	epochs	2.0
1180.709920366211	0.039520000000038635	epochs	3.0
1180.749440366211	0.03911999999991167	epochs	3.0
1180.788560366211	0.07719999999994798	epochs	2.0
1180.788560366211	0.03880000000003747	epochs	3.0
1180.827360366211	0.038399999999910506	epochs	3.0
1180.865760366211	0.07591999999999643	epochs	2.0
1180.865760366211	0.0381600000000617	epochs	3.0
1180.903920366211	0.037759999999934735	epochs	3.0
1180.941680366211	0.0745600000000195	epochs	2.0
1180.941680366211	0.037440000000060536	epochs	3.0
1180.979120366211	0.037119999999958964	epochs	3.0
1181.016240366211	0.07336000000009335	epochs	2.0
1181.016240366211	0.036800000000084765	epochs	3.0
1181.053040366211	0.036560000000008586	epochs	3.0
1181.089600366211	0.07207999999991443	epochs	2.0
1181.089600366211	0.03615999999988162	epochs	3.0
1181.125760366211	0.035920000000032815	epochs	3.0
1181.161680366211	0.07087999999998829	epochs	2.0
1181.161680366211	0.03559999999993124	epochs	3.0
1181.1972803662109	0.035280000000057044	epochs	3.0
1181.232560366211	0.06984000000011292	epochs	2.0
1181.232560366211	0.035039999999980864	epochs	3.0
1181.267600366211	0.03480000000013206	epochs	3.0
1181.302400366211	0.0686399999999594	epochs	2.0
1181.302400366211	0.03447999999980311	epochs	3.0
1181.3368803662108	0.03416000000015629	epochs	3.0
1181.371040366211	0.06759999999985666	epochs	2.0
1181.371040366211	0.033919999999852735	epochs	3.0
1181.4049603662108	0.03368000000000393	epochs	3.0
1181.4386403662108	0.0665599999999813	epochs	2.0
1181.4386403662108	0.03344000000015512	epochs	3.0
1181.472080366211	0.03311999999982618	epochs	3.0
1181.5052003662108	0.06560000000013133	epochs	2.0
1181.5052003662108	0.032960000000002765	epochs	3.0
1181.5381603662108	0.032640000000128566	epochs	3.0
1181.570800366211	0.0645600000000286	epochs	2.0
1181.570800366211	0.03240000000005239	epochs	3.0
1181.603200366211	0.03215999999997621	epochs	3.0
1181.635360366211	0.06367999999997664	epochs	2.0
1181.635360366211	0.03199999999992542	epochs	3.0
1181.667360366211	0.03168000000005122	epochs	3.0
1181.699040366211	0.0627199999998993	epochs	2.0
1181.699040366211	0.03143999999997504	epochs	3.0
1181.730480366211	0.03127999999992426	epochs	3.0
1181.7617603662109	0.061840000000074724	epochs	2.0
1181.7617603662109	0.03104000000007545	epochs	3.0
1181.792800366211	0.030799999999999272	epochs	3.0
1181.823600366211	0.060960000000022774	epochs	2.0
1181.823600366211	0.030559999999923093	epochs	3.0
1181.8541603662109	0.03040000000009968	epochs	3.0
1181.884560366211	0.060159999999996217	epochs	2.0
1181.884560366211	0.0301600000000235	epochs	3.0
1181.914720366211	0.029999999999972715	epochs	3.0
1181.944720366211	0.059279999999944266	epochs	2.0
1181.944720366211	0.029679999999871143	epochs	3.0
1181.9744003662108	0.029600000000073123	epochs	3.0
1182.004000366211	0.05848000000014508	epochs	2.0
1182.004000366211	0.029359999999996944	epochs	3.0
1182.033360366211	0.02912000000014814	epochs	3.0
1182.062480366211	0.057759999999916545	epochs	2.0
1182.062480366211	0.02895999999986998	epochs	3.0
1182.091440366211	0.028800000000046566	epochs	3.0
1182.120240366211	0.05695999999988999	epochs	2.0
1182.120240366211	0.028559999999970387	epochs	3.0
1182.148800366211	0.0283999999999196	epochs	3.0
1182.1772003662109	0.0562400000001162	epochs	2.0
1182.1772003662109	0.028160000000070795	epochs	3.0
1182.205360366211	0.028080000000045402	epochs	3.0
1182.233440366211	0.055439999999862266	epochs	2.0
1182.233440366211	0.027839999999969223	epochs	3.0
1182.261280366211	0.027599999999893043	epochs	3.0
1182.2888803662108	0.05488000000013926	epochs	2.0
1182.2888803662108	0.027520000000095024	epochs	3.0
1182.316400366211	0.027360000000044238	epochs	3.0
1182.343760366211	0.05407999999988533	epochs	2.0
1182.343760366211	0.02711999999996806	epochs	3.0
1182.370880366211	0.026959999999917272	epochs	3.0
1182.3978403662109	0.053440000000136934	epochs	2.0
1182.3978403662109	0.02680000000009386	epochs	3.0
1182.424640366211	0.026640000000043074	epochs	3.0
1182.451280366211	0.05287999999995918	epochs	2.0
1182.451280366211	0.026479999999992287	epochs	3.0
1182.477760366211	0.026399999999966894	epochs	3.0
1182.504160366211	0.05215999999995802	epochs	2.0
1182.504160366211	0.026159999999890715	epochs	3.0
1182.5303203662108	0.026000000000067303	epochs	3.0
1182.556320366211	0.05151999999998225	epochs	2.0
1182.556320366211	0.025840000000016516	epochs	3.0
1182.582160366211	0.02567999999996573	epochs	3.0
1182.607840366211	0.05096000000003187	epochs	2.0
1182.607840366211	0.025599999999940337	epochs	3.0
1182.6334403662108	0.02536000000009153	epochs	3.0
1182.658800366211	0.05040000000008149	epochs	2.0
1182.658800366211	0.02528000000006614	epochs	3.0
1182.684080366211	0.025120000000015352	epochs	3.0
1182.709200366211	0.049759999999878346	epochs	2.0
1182.709200366211	0.024959999999964566	epochs	3.0
1182.734160366211	0.02479999999991378	epochs	3.0
1182.7589603662109	0.04920000000015534	epochs	2.0
1182.7589603662109	0.024640000000090367	epochs	3.0
1182.783600366211	0.024560000000064974	epochs	3.0
1182.808160366211	0.04872000000000298	epochs	2.0
1182.808160366211	0.024399999999786814	epochs	3.0
1182.8325603662108	0.02432000000021617	epochs	3.0
1182.856880366211	0.04807999999979984	epochs	2.0
1182.856880366211	0.024079999999912616	epochs	3.0
1182.880960366211	0.023999999999887223	epochs	3.0
1182.9049603662108	0.04760000000010223	epochs	2.0
1182.9049603662108	0.02384000000006381	epochs	3.0
1182.928800366211	0.023760000000038417	epochs	3.0
1182.952560366211	0.04711999999994987	epochs	2.0
1182.952560366211	0.02359999999998763	epochs	3.0
1182.976160366211	0.023519999999962238	epochs	3.0
1182.999680366211	0.04655999999999949	epochs	2.0
1182.999680366211	0.023360000000138825	epochs	3.0
1183.023040366211	0.023199999999860665	epochs	3.0
1183.046240366211	0.046080000000074506	epochs	2.0
1183.046240366211	0.023120000000062646	epochs	3.0
1183.069360366211	0.02296000000001186	epochs	3.0
1183.092320366211	0.04559999999992215	epochs	2.0
1183.092320366211	0.022879999999986467	epochs	3.0
1183.115200366211	0.02271999999993568	epochs	3.0
1183.137920366211	0.04511999999999716	epochs	2.0
1183.137920366211	0.02264000000013766	epochs	3.0
1183.160560366211	0.0224799999998595	epochs	3.0
1183.183040366211	0.04464000000007218	epochs	2.0
1183.183040366211	0.022400000000061482	epochs	3.0
1183.205440366211	0.022240000000010696	epochs	3.0
1183.227680366211	0.04423999999994521	epochs	2.0
1183.227680366211	0.022159999999985303	epochs	3.0
1183.249840366211	0.02207999999995991	epochs	3.0
1183.271920366211	0.04376000000002023	epochs	2.0
1183.271920366211	0.021920000000136497	epochs	3.0
1183.293840366211	0.02183999999988373	epochs	3.0
1183.315680366211	0.043360000000120635	epochs	2.0
1183.315680366211	0.02176000000008571	epochs	3.0
1183.337440366211	0.021600000000034925	epochs	3.0
1183.359040366211	0.04287999999996828	epochs	2.0
1183.359040366211	0.02143999999998414	epochs	3.0
1183.380480366211	0.02143999999998414	epochs	3.0
1183.401920366211	0.04247999999984131	epochs	2.0
1183.401920366211	0.021279999999933352	epochs	3.0
1183.423200366211	0.02119999999990796	epochs	3.0
1183.4444003662109	0.04208000000016909	epochs	2.0
1183.4444003662109	0.021040000000084547	epochs	3.0
1183.465440366211	0.021040000000084547	epochs	3.0
1183.486480366211	0.041679999999814754	epochs	2.0
1183.486480366211	0.020879999999806387	epochs	3.0
1183.5073603662108	0.020800000000008367	epochs	3.0
1183.5281603662108	0.04120000000011714	epochs	2.0
1183.5281603662108	0.020640000000184955	epochs	3.0
1183.548800366211	0.020559999999932188	epochs	3.0
1183.569360366211	0.04088000000001557	epochs	2.0
1183.569360366211	0.020559999999932188	epochs	3.0
1183.589920366211	0.020320000000083382	epochs	3.0
1183.610240366211	0.040559999999914	epochs	2.0
1183.610240366211	0.02031999999985601	epochs	3.0
1183.6305603662108	0.02024000000005799	epochs	3.0
1183.650800366211	0.04007999999998901	epochs	2.0
1183.650800366211	0.020080000000007203	epochs	3.0
1183.670880366211	0.01999999999998181	epochs	3.0
1183.6908803662109	0.039760000000114815	epochs	2.0
1183.6908803662109	0.019919999999956417	epochs	3.0
1183.7108003662108	0.019840000000158398	epochs	3.0
1183.730640366211	0.03944000000001324	epochs	2.0
1183.730640366211	0.01975999999990563	epochs	3.0
1183.750400366211	0.01968000000010761	epochs	3.0
1183.770080366211	0.03903999999988628	epochs	2.0
1183.770080366211	0.01951999999982945	epochs	3.0
1183.7896003662108	0.019520000000056825	epochs	3.0
1183.809120366211	0.038639999999986685	epochs	2.0
1183.809120366211	0.01936000000000604	epochs	3.0
1183.828480366211	0.019279999999980646	epochs	3.0
1183.8477603662109	0.03840000000013788	epochs	2.0
1183.8477603662109	0.019279999999980646	epochs	3.0
1183.8670403662109	0.019120000000157233	epochs	3.0
1183.886160366211	0.038000000000010914	epochs	2.0
1183.886160366211	0.019039999999904467	epochs	3.0
1183.905200366211	0.018960000000106447	epochs	3.0
1183.924160366211	0.03767999999990934	epochs	2.0
1183.924160366211	0.01887999999985368	epochs	3.0
1183.9430403662109	0.01880000000005566	epochs	3.0
1183.961840366211	0.03736000000003514	epochs	2.0
1183.961840366211	0.018720000000030268	epochs	3.0
1183.980560366211	0.018640000000004875	epochs	3.0
1183.999200366211	0.03703999999993357	epochs	2.0
1183.999200366211	0.018559999999979482	epochs	3.0
1184.017760366211	0.01847999999995409	epochs	3.0
1184.036240366211	0.03672000000005937	epochs	2.0
1184.036240366211	0.018399999999928696	epochs	3.0
1184.0546403662108	0.018320000000130676	epochs	3.0
1184.072960366211	0.03647999999998319	epochs	2.0
1184.072960366211	0.01823999999987791	epochs	3.0
1184.0912003662108	0.018240000000105283	epochs	3.0
1184.109440366211	0.0360800000000836	epochs	2.0
1184.109440366211	0.018080000000054497	epochs	3.0
1184.127520366211	0.018000000000029104	epochs	3.0
1184.145520366211	0.03584000000000742	epochs	2.0
1184.145520366211	0.01792000000000371	epochs	3.0
1184.163440366211	0.01792000000000371	epochs	3.0
1184.181360366211	0.03551999999990585	epochs	2.0
1184.181360366211	0.017759999999952925	epochs	3.0
1184.199120366211	0.017759999999952925	epochs	3.0
1184.216880366211	0.03520000000003165	epochs	2.0
1184.216880366211	0.01767999999992753	epochs	3.0
1184.2345603662109	0.01752000000010412	epochs	3.0
1184.252080366211	0.03495999999995547	epochs	2.0
1184.252080366211	0.017519999999876745	epochs	3.0
1184.2696003662109	0.017440000000078726	epochs	3.0
1184.287040366211	0.034720000000106666	epochs	2.0
1184.287040366211	0.017440000000078726	epochs	3.0
1184.304480366211	0.01728000000002794	epochs	3.0
1184.321760366211	0.03440000000000509	epochs	2.0
1184.321760366211	0.017200000000002547	epochs	3.0
1184.338960366211	0.017200000000002547	epochs	3.0
1184.356160366211	0.034159999999928914	epochs	2.0
1184.356160366211	0.017119999999977153	epochs	3.0
1184.373280366211	0.01703999999995176	epochs	3.0
1184.390320366211	0.033840000000054715	epochs	2.0
1184.390320366211	0.016959999999926367	epochs	3.0
1184.407280366211	0.016880000000128348	epochs	3.0
1184.424160366211	0.033599999999978536	epochs	2.0
1184.424160366211	0.01679999999987558	epochs	3.0
1184.440960366211	0.016800000000102955	epochs	3.0
1184.457760366211	0.03335999999990236	epochs	2.0
1184.457760366211	0.016719999999850188	epochs	3.0
1184.4744803662109	0.01664000000005217	epochs	3.0
1184.491120366211	0.03312000000005355	epochs	2.0
1184.491120366211	0.016560000000026776	epochs	3.0
1184.507680366211	0.016560000000026776	epochs	3.0
1184.524240366211	0.03279999999995198	epochs	2.0
1184.524240366211	0.01639999999997599	epochs	3.0
1184.540640366211	0.01639999999997599	epochs	3.0
1184.557040366211	0.03256000000010317	epochs	2.0
1184.557040366211	0.016319999999950596	epochs	3.0
1184.5733603662109	0.016240000000152577	epochs	3.0
1184.589600366211	0.03239999999982501	epochs	2.0
1184.589600366211	0.016239999999925203	epochs	3.0
1184.605840366211	0.01615999999989981	epochs	3.0
1184.6220003662108	0.03208000000017819	epochs	2.0
1184.6220003662108	0.01608000000010179	epochs	3.0
1184.638080366211	0.016000000000076398	epochs	3.0
1184.654080366211	0.03191999999990003	epochs	2.0
1184.654080366211	0.015999999999849024	epochs	3.0
1184.6700803662109	0.015920000000051004	epochs	3.0
1184.686000366211	0.03160000000002583	epochs	2.0
1184.686000366211	0.01584000000002561	epochs	3.0
1184.701840366211	0.01576000000000022	epochs	3.0
1184.717600366211	0.03143999999997504	epochs	2.0
1184.717600366211	0.01576000000000022	epochs	3.0
1184.733360366211	0.015679999999974825	epochs	3.0
1184.749040366211	0.031200000000126238	epochs	2.0
1184.749040366211	0.015599999999949432	epochs	3.0
1184.7646403662109	0.015600000000176806	epochs	3.0
1184.780240366211	0.030959999999822685	epochs	2.0
1184.780240366211	0.015519999999924039	epochs	3.0
1184.795760366211	0.015439999999898646	epochs	3.0
1184.8112003662109	0.03071999999997388	epochs	2.0
1184.8112003662109	0.01544000000012602	epochs	3.0
1184.826640366211	0.01527999999984786	epochs	3.0
1184.8419203662108	0.030560000000150467	epochs	2.0
1184.8419203662108	0.015360000000100626	epochs	3.0
1184.857280366211	0.01520000000004984	epochs	3.0
1184.872480366211	0.030319999999846914	epochs	2.0
1184.872480366211	0.01520000000004984	epochs	3.0
1184.887680366211	0.015119999999797074	epochs	3.0
1184.9028003662108	0.030079999999998108	epochs	2.0
1184.9028003662108	0.015120000000024447	epochs	3.0
1184.9179203662109	0.014959999999973661	epochs	3.0
1184.9328803662108	0.029920000000174696	epochs	2.0
1184.9328803662108	0.015039999999999054	epochs	3.0
1184.9479203662108	0.014880000000175642	epochs	3.0
1184.962800366211	0.029679999999871143	epochs	2.0
1184.962800366211	0.014879999999948268	epochs	3.0
1184.977680366211	0.014799999999922875	epochs	3.0
1184.9924803662109	0.02952000000004773	epochs	2.0
1184.9924803662109	0.014800000000150249	epochs	3.0
1185.007280366211	0.014719999999897482	epochs	3.0
1185.022000366211	0.02927999999997155	epochs	2.0
1185.022000366211	0.014719999999897482	epochs	3.0
1185.0367203662108	0.01456000000007407	epochs	3.0
1185.051280366211	0.02912000000014814	epochs	2.0
1185.051280366211	0.014640000000099462	epochs	3.0
1185.065920366211	0.014480000000048676	epochs	3.0
1185.080400366211	0.02895999999986998	epochs	2.0
1185.080400366211	0.014479999999821302	epochs	3.0
1185.0948803662109	0.014480000000048676	epochs	3.0
1185.109360366211	0.02863999999999578	epochs	2.0
1185.109360366211	0.01431999999999789	epochs	3.0
1185.123680366211	0.01431999999999789	epochs	3.0
1185.138000366211	0.028559999999970387	epochs	2.0
1185.138000366211	0.01431999999999789	epochs	3.0
1185.152320366211	0.014239999999972497	epochs	3.0
1185.166560366211	0.02832000000012158	epochs	2.0
1185.166560366211	0.014159999999947104	epochs	3.0
1185.1807203662108	0.014160000000174477	epochs	3.0
1185.194880366211	0.02815999999984342	epochs	2.0
1185.194880366211	0.014159999999947104	epochs	3.0
1185.209040366211	0.013999999999896318	epochs	3.0
1185.2230403662109	0.02800000000002001	epochs	2.0
1185.2230403662109	0.014000000000123691	epochs	3.0
1185.237040366211	0.013999999999896318	epochs	3.0
1185.2510403662109	0.027760000000171203	epochs	2.0
1185.2510403662109	0.013920000000098298	epochs	3.0
1185.264960366211	0.013840000000072905	epochs	3.0
1185.278800366211	0.027679999999918437	epochs	2.0
1185.278800366211	0.013839999999845531	epochs	3.0
1185.292640366211	0.013840000000072905	epochs	3.0
1185.306480366211	0.02744000000006963	epochs	2.0
1185.306480366211	0.013760000000047512	epochs	3.0
1185.320240366211	0.013680000000022119	epochs	3.0
1185.333920366211	0.027280000000018845	epochs	2.0
1185.333920366211	0.013679999999794745	epochs	3.0
1185.3476003662108	0.0136000000002241	epochs	3.0
1185.361200366211	0.02711999999996806	epochs	2.0
1185.361200366211	0.013519999999971333	epochs	3.0
1185.374720366211	0.013599999999996726	epochs	3.0
1185.388320366211	0.02687999999989188	epochs	2.0
1185.388320366211	0.01343999999994594	epochs	3.0
1185.401760366211	0.01343999999994594	epochs	3.0
1185.415200366211	0.02680000000009386	epochs	2.0
1185.415200366211	0.01343999999994594	epochs	3.0
1185.4286403662109	0.01336000000014792	epochs	3.0
1185.442000366211	0.02656000000001768	epochs	2.0
1185.442000366211	0.013279999999895153	epochs	3.0
1185.455280366211	0.013280000000122527	epochs	3.0
1185.468560366211	0.026479999999992287	epochs	2.0
1185.468560366211	0.013279999999895153	epochs	3.0
1185.481840366211	0.013200000000097134	epochs	3.0
1185.495040366211	0.026239999999916108	epochs	2.0
1185.495040366211	0.013119999999844367	epochs	3.0
1185.5081603662109	0.013120000000071741	epochs	3.0
1185.521280366211	0.02616000000011809	epochs	2.0
1185.521280366211	0.013120000000071741	epochs	3.0
1185.534400366211	0.013040000000046348	epochs	3.0
1185.547440366211	0.02599999999983993	epochs	2.0
1185.547440366211	0.013039999999818974	epochs	3.0
1185.5604803662109	0.012960000000020955	epochs	3.0
1185.573440366211	0.025759999999991123	epochs	2.0
1185.573440366211	0.012879999999995562	epochs	3.0
1185.5863203662109	0.012879999999995562	epochs	3.0
1185.5992003662109	0.02567999999996573	epochs	2.0
1185.5992003662109	0.012879999999995562	epochs	3.0
1185.6120803662109	0.012799999999970169	epochs	3.0
1185.6248803662108	0.025520000000142318	epochs	2.0
1185.6248803662108	0.012800000000197542	epochs	3.0
1185.637680366211	0.012719999999944775	epochs	3.0
1185.650400366211	0.025359999999864158	epochs	2.0
1185.650400366211	0.012719999999944775	epochs	3.0
1185.663120366211	0.012639999999919382	epochs	3.0
1185.6757603662109	0.025200000000040745	epochs	2.0
1185.6757603662109	0.012640000000146756	epochs	3.0
1185.688400366211	0.01255999999989399	epochs	3.0
1185.700960366211	0.024560000000064974	epochs	2.0
1185.725124166211	0.5	epochs	-1.0
1185.725520366211	0.4999199999999746	epochs	1.0
1186.225440366211	0.5	epochs	0.0
1188.8640003204346	0.059520000000020445	epochs	0.0
1188.8640003204346	0.024719999999888387	epochs	1.0
1188.8887203204345	0.010080000000016298	epochs	1.0
1188.8988003204345	0.02472000000011576	epochs	1.0
1188.9235203204346	2.0	epochs	0.0
1190.9235203204346	21.499919999999975	epochs	0.0
1190.9235203204346	1.0	epochs	1.0
1190.9235241204346	0.5	epochs	-1.0
1191.4235241204346	19.999599999999873	epochs	-1.0
1191.9235203204346	20.0	epochs	1.0
1191.9235203204346	8.000000002539309e-05	epochs	2.0
1191.9236003204346	4.356719999999996	epochs	-1.0
1191.9236003204346	1.974559999999883	epochs	2.0
1191.9236003204346	1.0985599999999067	epochs	3.0
1193.0221603204345	0.8759999999999764	epochs	3.0
1193.8981603204345	1.3523999999999887	epochs	2.0
1193.8981603204345	0.7286400000000413	epochs	3.0
1194.6268003204345	0.6237599999999475	epochs	3.0
1195.2505603204345	1.029760000000124	epochs	2.0
1195.2505603204345	0.5453600000000733	epochs	3.0
1195.7959203204346	0.48440000000005057	epochs	3.0
1196.2803203204346	0.8317600000000311	epochs	2.0
1196.2803203204346	0.4357599999998456	epochs	3.0
1196.7160803204345	0.39600000000018554	epochs	3.0
1197.1120803204346	0.6978399999998146	epochs	2.0
1197.1120803204346	0.3628799999999046	epochs	3.0
1197.4749603204345	0.33495999999991	epochs	3.0
1197.8099203204345	0.6010400000000118	epochs	2.0
1197.8099203204345	0.31088000000022475	epochs	3.0
1198.1208003204347	0.29015999999978703	epochs	3.0
1198.4109603204345	0.5278400000001966	epochs	2.0
1198.4109603204345	0.2719200000001365	epochs	3.0
1198.6828803204346	0.2559200000000601	epochs	3.0
1198.9388003204347	0.47064000000000306	epochs	2.0
1198.9388003204347	0.24167999999986023	epochs	3.0
1199.1804803204345	0.22896000000014283	epochs	3.0
1199.4094403204347	0.42455999999992855	epochs	2.0
1199.4094403204347	0.21743999999989683	epochs	3.0
1199.6268803204346	0.20712000000003172	epochs	3.0
1199.8340003204346	0.3867199999999684	epochs	2.0
1199.8340003204346	0.1976799999999912	epochs	3.0
1200.0316803204346	0.18903999999997723	epochs	3.0
1200.2207203204346	0.3551199999999426	epochs	2.0
1200.2207203204346	0.1811999999999898	epochs	3.0
1200.4019203204346	0.17391999999995278	epochs	3.0
1200.5758403204345	0.3282400000000507	epochs	2.0
1200.5758403204345	0.1672000000000935	epochs	3.0
1200.7430403204346	0.16103999999995722	epochs	3.0
1200.9040803204346	0.30520000000001346	epochs	2.0
1200.9040803204346	0.1552799999999479	epochs	3.0
1201.0593603204345	0.14992000000006556	epochs	3.0
1201.2092803204346	0.28512000000000626	epochs	2.0
1201.2092803204346	0.1448800000000574	epochs	3.0
1201.3541603204346	0.14023999999994885	epochs	3.0
1201.4944003204346	0.26751999999987675	epochs	2.0
1201.4944003204346	0.13583999999991647	epochs	3.0
1201.6302403204345	0.13167999999996027	epochs	3.0
1201.7619203204345	0.2520800000002055	epochs	2.0
1201.7619203204345	0.12784000000010565	epochs	3.0
1201.8897603204346	0.12424000000009983	epochs	3.0
1202.0140003204347	0.2381599999998798	epochs	2.0
1202.0140003204347	0.12071999999989202	epochs	3.0
1202.1347203204346	0.11743999999998778	epochs	3.0
1202.2521603204345	0.225840000000062	epochs	2.0
1202.2521603204345	0.11439999999993233	epochs	3.0
1202.3665603204345	0.11144000000012966	epochs	3.0
1202.4780003204346	0.21463999999991756	epochs	2.0
1202.4780003204346	0.10863999999992302	epochs	3.0
1202.5866403204345	0.10599999999999454	epochs	3.0
1202.6926403204345	0.20448000000010325	epochs	2.0
1202.6926403204345	0.10344000000009146	epochs	3.0
1202.7960803204346	0.10104000000001179	epochs	3.0
1202.8971203204346	0.19535999999993692	epochs	2.0
1202.8971203204346	0.0987999999999829	epochs	3.0
1202.9959203204346	0.09655999999995402	epochs	3.0
1203.0924803204346	0.18695999999999913	epochs	2.0
1203.0924803204346	0.09447999999997592	epochs	3.0
1203.1869603204345	0.09248000000002321	epochs	3.0
1203.2794403204346	0.1792000000000371	epochs	2.0
1203.2794403204346	0.0904800000000705	epochs	3.0
1203.3699203204346	0.0887199999999666	epochs	3.0
1203.4586403204346	0.17208000000005086	epochs	2.0
1203.4586403204346	0.08688000000006468	epochs	3.0
1203.5455203204347	0.08519999999998618	epochs	3.0
1203.6307203204346	0.165520000000015	epochs	2.0
1203.6307203204346	0.08359999999993306	epochs	3.0
1203.7143203204346	0.08192000000008193	epochs	3.0
1203.7962403204347	0.1595199999999295	epochs	2.0
1203.7962403204347	0.08047999999985223	epochs	3.0
1203.8767203204345	0.07904000000007727	epochs	3.0
1203.9557603204346	0.15375999999992018	epochs	2.0
1203.9557603204346	0.07760000000007494	epochs	3.0
1204.0333603204347	0.07615999999984524	epochs	3.0
1204.1095203204345	0.14856000000008862	epochs	2.0
1204.1095203204345	0.07496000000014647	epochs	3.0
1204.1844803204347	0.07359999999994216	epochs	3.0
1204.2580803204346	0.14367999999990388	epochs	2.0
1204.2580803204346	0.0724800000000414	epochs	3.0
1204.3305603204346	0.07119999999986248	epochs	3.0
1204.4017603204345	0.1390400000000227	epochs	2.0
1204.4017603204345	0.07007999999996173	epochs	3.0
1204.4718403204345	0.06896000000006097	epochs	3.0
1204.5408003204345	0.13472000000001572	epochs	2.0
1204.5408003204345	0.06791999999995824	epochs	3.0
1204.6087203204345	0.06680000000005748	epochs	3.0
1204.6755203204345	0.1307200000001103	epochs	2.0
1204.6755203204345	0.06583999999998014	epochs	3.0
1204.7413603204345	0.06488000000013017	epochs	3.0
1204.8062403204347	0.1268000000000029	epochs	2.0
1204.8062403204347	0.06384000000002743	epochs	3.0
1204.8700803204347	0.06295999999997548	epochs	3.0
1204.9330403204347	0.12328000000002248	epochs	2.0
1204.9330403204347	0.06207999999992353	epochs	3.0
1204.9951203204346	0.06120000000009895	epochs	3.0
1205.0563203204347	0.11983999999984007	epochs	2.0
1205.0563203204347	0.06031999999981963	epochs	3.0
1205.1166403204345	0.059520000000020445	epochs	3.0
1205.1761603204345	0.11663999999996122	epochs	2.0
1205.1761603204345	0.05871999999999389	epochs	3.0
1205.2348803204345	0.05791999999996733	epochs	3.0
1205.2928003204345	0.11360000000013315	epochs	2.0
1205.2928003204345	0.05720000000019354	epochs	3.0
1205.3500003204347	0.05639999999993961	epochs	3.0
1205.4064003204346	0.11071999999990112	epochs	2.0
1205.4064003204346	0.055679999999938445	epochs	3.0
1205.4620803204346	0.055039999999962674	epochs	3.0
1205.5171203204345	0.10792000000014923	epochs	2.0
1205.5171203204345	0.05424000000016349	epochs	3.0
1205.5713603204347	0.05367999999998574	epochs	3.0
1205.6250403204347	0.10527999999999338	epochs	2.0
1205.6250403204347	0.052959999999984575	epochs	3.0
1205.6780003204346	0.052320000000008804	epochs	3.0
1205.7303203204347	0.10287999999991371	epochs	2.0
1205.7303203204347	0.05175999999983105	epochs	3.0
1205.7820803204345	0.051120000000082655	epochs	3.0
1205.8332003204346	0.10040000000003602	epochs	2.0
1205.8332003204346	0.050480000000106884	epochs	3.0
1205.8836803204347	0.04991999999992913	epochs	3.0
1205.9336003204346	0.09824000000003252	epochs	2.0
1205.9336003204346	0.049359999999978754	epochs	3.0
1205.9829603204346	0.04888000000005377	epochs	3.0
1206.0318403204346	0.09600000000000364	epochs	2.0
1206.0318403204346	0.048239999999850625	epochs	3.0
1206.0800803204345	0.04776000000015301	epochs	3.0
1206.1278403204346	0.09392000000002554	epochs	2.0
1206.1278403204346	0.04719999999997526	epochs	3.0
1206.1750403204346	0.04672000000005028	epochs	3.0
1206.2217603204347	0.09191999999984546	epochs	2.0
1206.2217603204347	0.046159999999872525	epochs	3.0
1206.2679203204345	0.04575999999997293	epochs	3.0
1206.3136803204345	0.09008000000017091	epochs	2.0
1206.3136803204345	0.04528000000004795	epochs	3.0
1206.3589603204346	0.044800000000122964	epochs	3.0
1206.4037603204347	0.08815999999978885	epochs	2.0
1206.4037603204347	0.044319999999970605	epochs	3.0
1206.4480803204347	0.04383999999981825	epochs	3.0
1206.4919203204345	0.08648000000016509	epochs	2.0
1206.4919203204345	0.04344000000014603	epochs	3.0
1206.5353603204346	0.04304000000001906	epochs	3.0
1206.5784003204346	0.08471999999983382	epochs	2.0
1206.5784003204346	0.042559999999866704	epochs	3.0
1206.6209603204345	0.04215999999996711	epochs	3.0
1206.6631203204345	0.08320000000003347	epochs	2.0
1206.6631203204345	0.04176000000006752	epochs	3.0
1206.7048803204345	0.04143999999996595	epochs	3.0
1206.7463203204345	0.08151999999995496	epochs	2.0
1206.7463203204345	0.040960000000040964	epochs	3.0
1206.7872803204345	0.040559999999914	epochs	3.0
1206.8278403204345	0.08008000000018001	epochs	2.0
1206.8278403204345	0.0402400000000398	epochs	3.0
1206.8680803204345	0.03984000000014021	epochs	3.0
1206.9079203204346	0.0786399999999503	epochs	2.0
1206.9079203204346	0.039520000000038635	epochs	3.0
1206.9474403204347	0.03911999999991167	epochs	3.0
1206.9865603204346	0.07719999999994798	epochs	2.0
1206.9865603204346	0.03880000000003747	epochs	3.0
1207.0253603204346	0.038399999999910506	epochs	3.0
1207.0637603204345	0.07591999999999643	epochs	2.0
1207.0637603204345	0.0381600000000617	epochs	3.0
1207.1019203204346	0.037759999999934735	epochs	3.0
1207.1396803204345	0.0745600000000195	epochs	2.0
1207.1396803204345	0.037440000000060536	epochs	3.0
1207.1771203204346	0.037119999999958964	epochs	3.0
1207.2142403204346	0.07336000000009335	epochs	2.0
1207.2142403204346	0.036800000000084765	epochs	3.0
1207.2510403204346	0.036560000000008586	epochs	3.0
1207.2876003204346	0.07207999999991443	epochs	2.0
1207.2876003204346	0.03615999999988162	epochs	3.0
1207.3237603204345	0.035920000000032815	epochs	3.0
1207.3596803204346	0.07087999999998829	epochs	2.0
1207.3596803204346	0.03559999999993124	epochs	3.0
1207.3952803204345	0.035280000000057044	epochs	3.0
1207.4305603204346	0.06984000000011292	epochs	2.0
1207.4305603204346	0.035039999999980864	epochs	3.0
1207.4656003204345	0.03480000000013206	epochs	3.0
1207.5004003204347	0.0686399999999594	epochs	2.0
1207.5004003204347	0.03447999999980311	epochs	3.0
1207.5348803204345	0.03416000000015629	epochs	3.0
1207.5690403204346	0.06759999999985666	epochs	2.0
1207.5690403204346	0.033919999999852735	epochs	3.0
1207.6029603204345	0.03368000000000393	epochs	3.0
1207.6366403204345	0.0665599999999813	epochs	2.0
1207.6366403204345	0.03344000000015512	epochs	3.0
1207.6700803204346	0.03311999999982618	epochs	3.0
1207.7032003204345	0.06560000000013133	epochs	2.0
1207.7032003204345	0.032960000000002765	epochs	3.0
1207.7361603204345	0.032640000000128566	epochs	3.0
1207.7688003204346	0.0645600000000286	epochs	2.0
1207.7688003204346	0.03240000000005239	epochs	3.0
1207.8012003204346	0.03215999999997621	epochs	3.0
1207.8333603204346	0.06367999999997664	epochs	2.0
1207.8333603204346	0.03199999999992542	epochs	3.0
1207.8653603204345	0.03168000000005122	epochs	3.0
1207.8970403204346	0.0627199999998993	epochs	2.0
1207.8970403204346	0.03143999999997504	epochs	3.0
1207.9284803204346	0.03127999999992426	epochs	3.0
1207.9597603204345	0.061840000000074724	epochs	2.0
1207.9597603204345	0.03104000000007545	epochs	3.0
1207.9908003204346	0.030799999999999272	epochs	3.0
1208.0216003204346	0.060960000000022774	epochs	2.0
1208.0216003204346	0.030559999999923093	epochs	3.0
1208.0521603204345	0.03040000000009968	epochs	3.0
1208.0825603204346	0.060159999999996217	epochs	2.0
1208.0825603204346	0.0301600000000235	epochs	3.0
1208.1127203204346	0.029999999999972715	epochs	3.0
1208.1427203204346	0.059279999999944266	epochs	2.0
1208.1427203204346	0.029679999999871143	epochs	3.0
1208.1724003204345	0.029600000000073123	epochs	3.0
1208.2020003204345	0.05848000000014508	epochs	2.0
1208.2020003204345	0.029359999999996944	epochs	3.0
1208.2313603204345	0.02912000000014814	epochs	3.0
1208.2604803204347	0.057759999999916545	epochs	2.0
1208.2604803204347	0.02895999999986998	epochs	3.0
1208.2894403204346	0.028800000000046566	epochs	3.0
1208.3182403204346	0.05695999999988999	epochs	2.0
1208.3182403204346	0.028559999999970387	epochs	3.0
1208.3468003204346	0.0283999999999196	epochs	3.0
1208.3752003204345	0.0562400000001162	epochs	2.0
1208.3752003204345	0.028160000000070795	epochs	3.0
1208.4033603204346	0.028080000000045402	epochs	3.0
1208.4314403204346	0.055439999999862266	epochs	2.0
1208.4314403204346	0.027839999999969223	epochs	3.0
1208.4592803204346	0.027599999999893043	epochs	3.0
1208.4868803204345	0.05488000000013926	epochs	2.0
1208.4868803204345	0.027520000000095024	epochs	3.0
1208.5144003204346	0.027360000000044238	epochs	3.0
1208.5417603204346	0.05407999999988533	epochs	2.0
1208.5417603204346	0.02711999999996806	epochs	3.0
1208.5688803204346	0.026959999999917272	epochs	3.0
1208.5958403204345	0.053440000000136934	epochs	2.0
1208.5958403204345	0.02680000000009386	epochs	3.0
1208.6226403204346	0.026640000000043074	epochs	3.0
1208.6492803204346	0.05287999999995918	epochs	2.0
1208.6492803204346	0.026479999999992287	epochs	3.0
1208.6757603204346	0.026399999999966894	epochs	3.0
1208.7021603204346	0.05215999999995802	epochs	2.0
1208.7021603204346	0.026159999999890715	epochs	3.0
1208.7283203204345	0.026000000000067303	epochs	3.0
1208.7543203204345	0.05151999999998225	epochs	2.0
1208.7543203204345	0.025840000000016516	epochs	3.0
1208.7801603204346	0.02567999999996573	epochs	3.0
1208.8058403204345	0.05096000000003187	epochs	2.0
1208.8058403204345	0.025599999999940337	epochs	3.0
1208.8314403204345	0.02536000000009153	epochs	3.0
1208.8568003204346	0.05040000000008149	epochs	2.0
1208.8568003204346	0.02528000000006614	epochs	3.0
1208.8820803204346	0.025120000000015352	epochs	3.0
1208.9072003204346	0.049759999999878346	epochs	2.0
1208.9072003204346	0.024959999999964566	epochs	3.0
1208.9321603204346	0.02479999999991378	epochs	3.0
1208.9569603204345	0.04920000000015534	epochs	2.0
1208.9569603204345	0.024640000000090367	epochs	3.0
1208.9816003204346	0.024560000000064974	epochs	3.0
1209.0061603204347	0.04872000000000298	epochs	2.0
1209.0061603204347	0.024399999999786814	epochs	3.0
1209.0305603204345	0.02432000000021617	epochs	3.0
1209.0548803204347	0.04807999999979984	epochs	2.0
1209.0548803204347	0.024079999999912616	epochs	3.0
1209.0789603204346	0.023999999999887223	epochs	3.0
1209.1029603204345	0.04760000000010223	epochs	2.0
1209.1029603204345	0.02384000000006381	epochs	3.0
1209.1268003204345	0.023760000000038417	epochs	3.0
1209.1505603204346	0.04711999999994987	epochs	2.0
1209.1505603204346	0.02359999999998763	epochs	3.0
1209.1741603204346	0.023519999999962238	epochs	3.0
1209.1976803204345	0.04655999999999949	epochs	2.0
1209.1976803204345	0.023360000000138825	epochs	3.0
1209.2210403204347	0.023199999999860665	epochs	3.0
1209.2442403204345	0.046080000000074506	epochs	2.0
1209.2442403204345	0.023120000000062646	epochs	3.0
1209.2673603204346	0.02296000000001186	epochs	3.0
1209.2903203204346	0.04559999999992215	epochs	2.0
1209.2903203204346	0.022879999999986467	epochs	3.0
1209.3132003204346	0.02271999999993568	epochs	3.0
1209.3359203204345	0.04511999999999716	epochs	2.0
1209.3359203204345	0.02264000000013766	epochs	3.0
1209.3585603204347	0.0224799999998595	epochs	3.0
1209.3810403204345	0.04464000000007218	epochs	2.0
1209.3810403204345	0.022400000000061482	epochs	3.0
1209.4034403204346	0.022240000000010696	epochs	3.0
1209.4256803204346	0.04423999999994521	epochs	2.0
1209.4256803204346	0.022159999999985303	epochs	3.0
1209.4478403204346	0.02207999999995991	epochs	3.0
1209.4699203204345	0.04376000000002023	epochs	2.0
1209.4699203204345	0.021920000000136497	epochs	3.0
1209.4918403204347	0.02183999999988373	epochs	3.0
1209.5136803204346	0.043360000000120635	epochs	2.0
1209.5136803204346	0.02176000000008571	epochs	3.0
1209.5354403204346	0.021600000000034925	epochs	3.0
1209.5570403204347	0.04287999999996828	epochs	2.0
1209.5570403204347	0.02143999999998414	epochs	3.0
1209.5784803204347	0.02143999999998414	epochs	3.0
1209.5999203204346	0.04247999999984131	epochs	2.0
1209.5999203204346	0.021279999999933352	epochs	3.0
1209.6212003204346	0.02119999999990796	epochs	3.0
1209.6424003204345	0.04208000000016909	epochs	2.0
1209.6424003204345	0.021040000000084547	epochs	3.0
1209.6634403204346	0.021040000000084547	epochs	3.0
1209.6844803204347	0.041679999999814754	epochs	2.0
1209.6844803204347	0.020879999999806387	epochs	3.0
1209.7053603204345	0.020800000000008367	epochs	3.0
1209.7261603204345	0.04120000000011714	epochs	2.0
1209.7261603204345	0.020640000000184955	epochs	3.0
1209.7468003204347	0.020559999999932188	epochs	3.0
1209.7673603204346	0.04088000000001557	epochs	2.0
1209.7673603204346	0.020559999999932188	epochs	3.0
1209.7879203204345	0.020320000000083382	epochs	3.0
1209.8082403204346	0.040559999999914	epochs	2.0
1209.8082403204346	0.02031999999985601	epochs	3.0
1209.8285603204345	0.02024000000005799	epochs	3.0
1209.8488003204345	0.04007999999998901	epochs	2.0
1209.8488003204345	0.020080000000007203	epochs	3.0
1209.8688803204345	0.01999999999998181	epochs	3.0
1209.8888803204345	0.039760000000114815	epochs	2.0
1209.8888803204345	0.019919999999956417	epochs	3.0
1209.9088003204345	0.019840000000158398	epochs	3.0
1209.9286403204346	0.03944000000001324	epochs	2.0
1209.9286403204346	0.01975999999990563	epochs	3.0
1209.9484003204345	0.01968000000010761	epochs	3.0
1209.9680803204346	0.03903999999988628	epochs	2.0
1209.9680803204346	0.01951999999982945	epochs	3.0
1209.9876003204345	0.019520000000056825	epochs	3.0
1210.0071203204345	0.038639999999986685	epochs	2.0
1210.0071203204345	0.01936000000000604	epochs	3.0
1210.0264803204345	0.019279999999980646	epochs	3.0
1210.0457603204345	0.03840000000013788	epochs	2.0
1210.0457603204345	0.019279999999980646	epochs	3.0
1210.0650403204345	0.019120000000157233	epochs	3.0
1210.0841603204346	0.038000000000010914	epochs	2.0
1210.0841603204346	0.019039999999904467	epochs	3.0
1210.1032003204346	0.018960000000106447	epochs	3.0
1210.1221603204347	0.03767999999990934	epochs	2.0
1210.1221603204347	0.01887999999985368	epochs	3.0
1210.1410403204345	0.01880000000005566	epochs	3.0
1210.1598403204346	0.03736000000003514	epochs	2.0
1210.1598403204346	0.018720000000030268	epochs	3.0
1210.1785603204346	0.018640000000004875	epochs	3.0
1210.1972003204346	0.03703999999993357	epochs	2.0
1210.1972003204346	0.018559999999979482	epochs	3.0
1210.2157603204346	0.01847999999995409	epochs	3.0
1210.2342403204345	0.03672000000005937	epochs	2.0
1210.2342403204345	0.018399999999928696	epochs	3.0
1210.2526403204345	0.018320000000130676	epochs	3.0
1210.2709603204346	0.03647999999998319	epochs	2.0
1210.2709603204346	0.01823999999987791	epochs	3.0
1210.2892003204345	0.018240000000105283	epochs	3.0
1210.3074403204346	0.0360800000000836	epochs	2.0
1210.3074403204346	0.018080000000054497	epochs	3.0
1210.3255203204346	0.018000000000029104	epochs	3.0
1210.3435203204347	0.03584000000000742	epochs	2.0
1210.3435203204347	0.01792000000000371	epochs	3.0
1210.3614403204347	0.01792000000000371	epochs	3.0
1210.3793603204347	0.03551999999990585	epochs	2.0
1210.3793603204347	0.017759999999952925	epochs	3.0
1210.3971203204346	0.017759999999952925	epochs	3.0
1210.4148803204346	0.03520000000003165	epochs	2.0
1210.4148803204346	0.01767999999992753	epochs	3.0
1210.4325603204345	0.01752000000010412	epochs	3.0
1210.4500803204346	0.03495999999995547	epochs	2.0
1210.4500803204346	0.017519999999876745	epochs	3.0
1210.4676003204345	0.017440000000078726	epochs	3.0
1210.4850403204346	0.034720000000106666	epochs	2.0
1210.4850403204346	0.017440000000078726	epochs	3.0
1210.5024803204346	0.01728000000002794	epochs	3.0
1210.5197603204347	0.03440000000000509	epochs	2.0
1210.5197603204347	0.017200000000002547	epochs	3.0
1210.5369603204347	0.017200000000002547	epochs	3.0
1210.5541603204347	0.034159999999928914	epochs	2.0
1210.5541603204347	0.017119999999977153	epochs	3.0
1210.5712803204347	0.01703999999995176	epochs	3.0
1210.5883203204346	0.033840000000054715	epochs	2.0
1210.5883203204346	0.016959999999926367	epochs	3.0
1210.6052803204345	0.016880000000128348	epochs	3.0
1210.6221603204347	0.033599999999978536	epochs	2.0
1210.6221603204347	0.01679999999987558	epochs	3.0
1210.6389603204345	0.016800000000102955	epochs	3.0
1210.6557603204346	0.03335999999990236	epochs	2.0
1210.6557603204346	0.016719999999850188	epochs	3.0
1210.6724803204345	0.01664000000005217	epochs	3.0
1210.6891203204345	0.03312000000005355	epochs	2.0
1210.6891203204345	0.016560000000026776	epochs	3.0
1210.7056803204346	0.016560000000026776	epochs	3.0
1210.7222403204346	0.03279999999995198	epochs	2.0
1210.7222403204346	0.01639999999997599	epochs	3.0
1210.7386403204346	0.01639999999997599	epochs	3.0
1210.7550403204345	0.03256000000010317	epochs	2.0
1210.7550403204345	0.016319999999950596	epochs	3.0
1210.7713603204345	0.016240000000152577	epochs	3.0
1210.7876003204346	0.03239999999982501	epochs	2.0
1210.7876003204346	0.016239999999925203	epochs	3.0
1210.8038403204346	0.01615999999989981	epochs	3.0
1210.8200003204345	0.03208000000017819	epochs	2.0
1210.8200003204345	0.01608000000010179	epochs	3.0
1210.8360803204346	0.016000000000076398	epochs	3.0
1210.8520803204347	0.03191999999990003	epochs	2.0
1210.8520803204347	0.015999999999849024	epochs	3.0
1210.8680803204345	0.015920000000051004	epochs	3.0
1210.8840003204346	0.03160000000002583	epochs	2.0
1210.8840003204346	0.01584000000002561	epochs	3.0
1210.8998403204346	0.01576000000000022	epochs	3.0
1210.9156003204346	0.03143999999997504	epochs	2.0
1210.9156003204346	0.01576000000000022	epochs	3.0
1210.9313603204346	0.015679999999974825	epochs	3.0
1210.9470403204346	0.031200000000126238	epochs	2.0
1210.9470403204346	0.015599999999949432	epochs	3.0
1210.9626403204345	0.015600000000176806	epochs	3.0
1210.9782403204347	0.030959999999822685	epochs	2.0
1210.9782403204347	0.015519999999924039	epochs	3.0
1210.9937603204346	0.015439999999898646	epochs	3.0
1211.0092003204345	0.03071999999997388	epochs	2.0
1211.0092003204345	0.01544000000012602	epochs	3.0
1211.0246403204346	0.01527999999984786	epochs	3.0
1211.0399203204345	0.030560000000150467	epochs	2.0
1211.0399203204345	0.015360000000100626	epochs	3.0
1211.0552803204346	0.01520000000004984	epochs	3.0
1211.0704803204346	0.030319999999846914	epochs	2.0
1211.0704803204346	0.01520000000004984	epochs	3.0
1211.0856803204347	0.015119999999797074	epochs	3.0
1211.1008003204345	0.030079999999998108	epochs	2.0
1211.1008003204345	0.015120000000024447	epochs	3.0
1211.1159203204345	0.014959999999973661	epochs	3.0
1211.1308803204345	0.029920000000174696	epochs	2.0
1211.1308803204345	0.015039999999999054	epochs	3.0
1211.1459203204345	0.014880000000175642	epochs	3.0
1211.1608003204346	0.029679999999871143	epochs	2.0
1211.1608003204346	0.014879999999948268	epochs	3.0
1211.1756803204346	0.014799999999922875	epochs	3.0
1211.1904803204345	0.02952000000004773	epochs	2.0
1211.1904803204345	0.014800000000150249	epochs	3.0
1211.2052803204347	0.014719999999897482	epochs	3.0
1211.2200003204346	0.02927999999997155	epochs	2.0
1211.2200003204346	0.014719999999897482	epochs	3.0
1211.2347203204345	0.01456000000007407	epochs	3.0
1211.2492803204345	0.02912000000014814	epochs	2.0
1211.2492803204345	0.014640000000099462	epochs	3.0
1211.2639203204346	0.014480000000048676	epochs	3.0
1211.2784003204347	0.02895999999986998	epochs	2.0
1211.2784003204347	0.014479999999821302	epochs	3.0
1211.2928803204345	0.014480000000048676	epochs	3.0
1211.3073603204346	0.02863999999999578	epochs	2.0
1211.3073603204346	0.01431999999999789	epochs	3.0
1211.3216803204346	0.01431999999999789	epochs	3.0
1211.3360003204346	0.028559999999970387	epochs	2.0
1211.3360003204346	0.01431999999999789	epochs	3.0
1211.3503203204345	0.014239999999972497	epochs	3.0
1211.3645603204345	0.02832000000012158	epochs	2.0
1211.3645603204345	0.014159999999947104	epochs	3.0
1211.3787203204345	0.014160000000174477	epochs	3.0
1211.3928803204346	0.02815999999984342	epochs	2.0
1211.3928803204346	0.014159999999947104	epochs	3.0
1211.4070403204346	0.013999999999896318	epochs	3.0
1211.4210403204345	0.02800000000002001	epochs	2.0
1211.4210403204345	0.014000000000123691	epochs	3.0
1211.4350403204346	0.013999999999896318	epochs	3.0
1211.4490403204345	0.027760000000171203	epochs	2.0
1211.4490403204345	0.013920000000098298	epochs	3.0
1211.4629603204346	0.013840000000072905	epochs	3.0
1211.4768003204347	0.027679999999918437	epochs	2.0
1211.4768003204347	0.013839999999845531	epochs	3.0
1211.4906403204345	0.013840000000072905	epochs	3.0
1211.5044803204346	0.02744000000006963	epochs	2.0
1211.5044803204346	0.013760000000047512	epochs	3.0
1211.5182403204346	0.013680000000022119	epochs	3.0
1211.5319203204347	0.027280000000018845	epochs	2.0
1211.5319203204347	0.013679999999794745	epochs	3.0
1211.5456003204345	0.0136000000002241	epochs	3.0
1211.5592003204347	0.02711999999996806	epochs	2.0
1211.5592003204347	0.013519999999971333	epochs	3.0
1211.5727203204347	0.013599999999996726	epochs	3.0
1211.5863203204347	0.02687999999989188	epochs	2.0
1211.5863203204347	0.01343999999994594	epochs	3.0
1211.5997603204346	0.01343999999994594	epochs	3.0
1211.6132003204345	0.02680000000009386	epochs	2.0
1211.6132003204345	0.01343999999994594	epochs	3.0
1211.6266403204345	0.01336000000014792	epochs	3.0
1211.6400003204346	0.02656000000001768	epochs	2.0
1211.6400003204346	0.013279999999895153	epochs	3.0
1211.6532803204345	0.013280000000122527	epochs	3.0
1211.6665603204347	0.026479999999992287	epochs	2.0
1211.6665603204347	0.013279999999895153	epochs	3.0
1211.6798403204346	0.013200000000097134	epochs	3.0
1211.6930403204346	0.026239999999916108	epochs	2.0
1211.6930403204346	0.013119999999844367	epochs	3.0
1211.7061603204345	0.013120000000071741	epochs	3.0
1211.7192803204346	0.02616000000011809	epochs	2.0
1211.7192803204346	0.013120000000071741	epochs	3.0
1211.7324003204346	0.013040000000046348	epochs	3.0
1211.7454403204347	0.02599999999983993	epochs	2.0
1211.7454403204347	0.013039999999818974	epochs	3.0
1211.7584803204345	0.012960000000020955	epochs	3.0
1211.7714403204345	0.025759999999991123	epochs	2.0
1211.7714403204345	0.012879999999995562	epochs	3.0
1211.7843203204345	0.012879999999995562	epochs	3.0
1211.7972003204345	0.02567999999996573	epochs	2.0
1211.7972003204345	0.012879999999995562	epochs	3.0
1211.8100803204345	0.012799999999970169	epochs	3.0
1211.8228803204345	0.025520000000142318	epochs	2.0
1211.8228803204345	0.012800000000197542	epochs	3.0
1211.8356803204347	0.012719999999944775	epochs	3.0
1211.8484003204346	0.025359999999864158	epochs	2.0
1211.8484003204346	0.012719999999944775	epochs	3.0
1211.8611203204346	0.012639999999919382	epochs	3.0
1211.8737603204345	0.025200000000040745	epochs	2.0
1211.8737603204345	0.012640000000146756	epochs	3.0
1211.8864003204346	0.01255999999989399	epochs	3.0
1211.8989603204345	0.024560000000064974	epochs	2.0
1211.9231241204345	0.5	epochs	-1.0
1211.9235203204346	0.4999199999999746	epochs	1.0
1212.4234403204346	0.5	epochs	0.0
1214.8559999465942	0.059520000000020445	epochs	0.0
1214.8559999465942	0.024719999999888387	epochs	1.0
1214.8807199465941	0.010080000000016298	epochs	1.0
1214.8907999465941	0.02472000000011576	epochs	1.0
1214.9155199465943	2.0	epochs	0.0
1216.9155199465943	21.500479999999925	epochs	0.0
1216.9155199465943	1.0	epochs	1.0
1216.9155237465943	0.5	epochs	-1.0
1217.4155237465943	19.999599999999873	epochs	-1.0
1217.9155199465943	20.0	epochs	1.0
1217.9155199465943	8.000000002539309e-05	epochs	2.0
1217.9155999465943	4.356719999999996	epochs	-1.0
1217.9155999465943	1.974559999999883	epochs	2.0
1217.9155999465943	1.0985599999999067	epochs	3.0
1219.0141599465942	0.8759999999999764	epochs	3.0
1219.8901599465942	1.3523999999999887	epochs	2.0
1219.8901599465942	0.7286400000000413	epochs	3.0
1220.6187999465942	0.6237599999999475	epochs	3.0
1221.2425599465942	1.029760000000124	epochs	2.0
1221.2425599465942	0.5453600000000733	epochs	3.0
1221.7879199465942	0.48440000000005057	epochs	3.0
1222.2723199465943	0.8317600000000311	epochs	2.0
1222.2723199465943	0.4357599999998456	epochs	3.0
1222.7080799465941	0.39600000000018554	epochs	3.0
1223.1040799465943	0.6978399999998146	epochs	2.0
1223.1040799465943	0.3628799999999046	epochs	3.0
1223.4669599465942	0.33495999999991	epochs	3.0
1223.8019199465941	0.6010400000000118	epochs	2.0
1223.8019199465941	0.31088000000022475	epochs	3.0
1224.1127999465944	0.29015999999978703	epochs	3.0
1224.4029599465941	0.5278400000001966	epochs	2.0
1224.4029599465941	0.2719200000001365	epochs	3.0
1224.6748799465943	0.2559200000000601	epochs	3.0
1224.9307999465943	0.47064000000000306	epochs	2.0
1224.9307999465943	0.24167999999986023	epochs	3.0
1225.1724799465942	0.22896000000014283	epochs	3.0
1225.4014399465943	0.42455999999992855	epochs	2.0
1225.4014399465943	0.21743999999989683	epochs	3.0
1225.6188799465942	0.20712000000003172	epochs	3.0
1225.8259999465943	0.3867199999999684	epochs	2.0
1225.8259999465943	0.1976799999999912	epochs	3.0
1226.0236799465943	0.18903999999997723	epochs	3.0
1226.2127199465942	0.3551199999999426	epochs	2.0
1226.2127199465942	0.1811999999999898	epochs	3.0
1226.3939199465942	0.17391999999995278	epochs	3.0
1226.5678399465942	0.3282400000000507	epochs	2.0
1226.5678399465942	0.1672000000000935	epochs	3.0
1226.7350399465943	0.16103999999995722	epochs	3.0
1226.8960799465942	0.30520000000001346	epochs	2.0
1226.8960799465942	0.1552799999999479	epochs	3.0
1227.0513599465942	0.14992000000006556	epochs	3.0
1227.2012799465942	0.28512000000000626	epochs	2.0
1227.2012799465942	0.1448800000000574	epochs	3.0
1227.3461599465943	0.14023999999994885	epochs	3.0
1227.4863999465942	0.26751999999987675	epochs	2.0
1227.4863999465942	0.13583999999991647	epochs	3.0
1227.6222399465942	0.13167999999996027	epochs	3.0
1227.7539199465941	0.2520800000002055	epochs	2.0
1227.7539199465941	0.12784000000010565	epochs	3.0
1227.8817599465942	0.12424000000009983	epochs	3.0
1228.0059999465943	0.2381599999998798	epochs	2.0
1228.0059999465943	0.12071999999989202	epochs	3.0
1228.1267199465942	0.11743999999998778	epochs	3.0
1228.2441599465942	0.225840000000062	epochs	2.0
1228.2441599465942	0.11439999999993233	epochs	3.0
1228.3585599465941	0.11144000000012966	epochs	3.0
1228.4699999465943	0.21463999999991756	epochs	2.0
1228.4699999465943	0.10863999999992302	epochs	3.0
1228.5786399465942	0.10599999999999454	epochs	3.0
1228.6846399465942	0.20448000000010325	epochs	2.0
1228.6846399465942	0.10344000000009146	epochs	3.0
1228.7880799465943	0.10104000000001179	epochs	3.0
1228.8891199465943	0.19535999999993692	epochs	2.0
1228.8891199465943	0.0987999999999829	epochs	3.0
1228.9879199465943	0.09655999999995402	epochs	3.0
1229.0844799465942	0.18695999999999913	epochs	2.0
1229.0844799465942	0.09447999999997592	epochs	3.0
1229.1789599465942	0.09248000000002321	epochs	3.0
1229.2714399465942	0.1792000000000371	epochs	2.0
1229.2714399465942	0.0904800000000705	epochs	3.0
1229.3619199465943	0.0887199999999666	epochs	3.0
1229.4506399465943	0.17208000000005086	epochs	2.0
1229.4506399465943	0.08688000000006468	epochs	3.0
1229.5375199465943	0.08519999999998618	epochs	3.0
1229.6227199465943	0.165520000000015	epochs	2.0
1229.6227199465943	0.08359999999993306	epochs	3.0
1229.7063199465942	0.08192000000008193	epochs	3.0
1229.7882399465943	0.1595199999999295	epochs	2.0
1229.7882399465943	0.08047999999985223	epochs	3.0
1229.8687199465942	0.07904000000007727	epochs	3.0
1229.9477599465943	0.15375999999992018	epochs	2.0
1229.9477599465943	0.07760000000007494	epochs	3.0
1230.0253599465943	0.07615999999984524	epochs	3.0
1230.1015199465942	0.14856000000008862	epochs	2.0
1230.1015199465942	0.07496000000014647	epochs	3.0
1230.1764799465943	0.07359999999994216	epochs	3.0
1230.2500799465943	0.14367999999990388	epochs	2.0
1230.2500799465943	0.0724800000000414	epochs	3.0
1230.3225599465943	0.07119999999986248	epochs	3.0
1230.3937599465942	0.1390400000000227	epochs	2.0
1230.3937599465942	0.07007999999996173	epochs	3.0
1230.4638399465941	0.06896000000006097	epochs	3.0
1230.5327999465942	0.13472000000001572	epochs	2.0
1230.5327999465942	0.06791999999995824	epochs	3.0
1230.6007199465942	0.06680000000005748	epochs	3.0
1230.6675199465942	0.1307200000001103	epochs	2.0
1230.6675199465942	0.06583999999998014	epochs	3.0
1230.7333599465942	0.06488000000013017	epochs	3.0
1230.7982399465943	0.1268000000000029	epochs	2.0
1230.7982399465943	0.06384000000002743	epochs	3.0
1230.8620799465943	0.06295999999997548	epochs	3.0
1230.9250399465943	0.12328000000002248	epochs	2.0
1230.9250399465943	0.06207999999992353	epochs	3.0
1230.9871199465942	0.06120000000009895	epochs	3.0
1231.0483199465943	0.11983999999984007	epochs	2.0
1231.0483199465943	0.06031999999981963	epochs	3.0
1231.1086399465942	0.059520000000020445	epochs	3.0
1231.1681599465942	0.11663999999996122	epochs	2.0
1231.1681599465942	0.05871999999999389	epochs	3.0
1231.2268799465942	0.05791999999996733	epochs	3.0
1231.2847999465941	0.11360000000013315	epochs	2.0
1231.2847999465941	0.05720000000019354	epochs	3.0
1231.3419999465943	0.05639999999993961	epochs	3.0
1231.3983999465943	0.11071999999990112	epochs	2.0
1231.3983999465943	0.055679999999938445	epochs	3.0
1231.4540799465942	0.055039999999962674	epochs	3.0
1231.5091199465942	0.10792000000014923	epochs	2.0
1231.5091199465942	0.05424000000016349	epochs	3.0
1231.5633599465943	0.05367999999998574	epochs	3.0
1231.6170399465943	0.10527999999999338	epochs	2.0
1231.6170399465943	0.052959999999984575	epochs	3.0
1231.6699999465943	0.052320000000008804	epochs	3.0
1231.7223199465943	0.10287999999991371	epochs	2.0
1231.7223199465943	0.05175999999983105	epochs	3.0
1231.7740799465942	0.051120000000082655	epochs	3.0
1231.8251999465942	0.10040000000003602	epochs	2.0
1231.8251999465942	0.050480000000106884	epochs	3.0
1231.8756799465943	0.04991999999992913	epochs	3.0
1231.9255999465943	0.09824000000003252	epochs	2.0
1231.9255999465943	0.049359999999978754	epochs	3.0
1231.9749599465943	0.04888000000005377	epochs	3.0
1232.0238399465943	0.09600000000000364	epochs	2.0
1232.0238399465943	0.048239999999850625	epochs	3.0
1232.0720799465942	0.04776000000015301	epochs	3.0
1232.1198399465943	0.09392000000002554	epochs	2.0
1232.1198399465943	0.04719999999997526	epochs	3.0
1232.1670399465943	0.04672000000005028	epochs	3.0
1232.2137599465943	0.09191999999984546	epochs	2.0
1232.2137599465943	0.046159999999872525	epochs	3.0
1232.2599199465942	0.04575999999997293	epochs	3.0
1232.3056799465942	0.09008000000017091	epochs	2.0
1232.3056799465942	0.04528000000004795	epochs	3.0
1232.3509599465942	0.044800000000122964	epochs	3.0
1232.3957599465944	0.08815999999978885	epochs	2.0
1232.3957599465944	0.044319999999970605	epochs	3.0
1232.4400799465943	0.04383999999981825	epochs	3.0
1232.4839199465941	0.08648000000016509	epochs	2.0
1232.4839199465941	0.04344000000014603	epochs	3.0
1232.5273599465943	0.04304000000001906	epochs	3.0
1232.5703999465943	0.08471999999983382	epochs	2.0
1232.5703999465943	0.042559999999866704	epochs	3.0
1232.6129599465942	0.04215999999996711	epochs	3.0
1232.6551199465941	0.08320000000003347	epochs	2.0
1232.6551199465941	0.04176000000006752	epochs	3.0
1232.6968799465942	0.04143999999996595	epochs	3.0
1232.7383199465942	0.08151999999995496	epochs	2.0
1232.7383199465942	0.040960000000040964	epochs	3.0
1232.7792799465942	0.040559999999914	epochs	3.0
1232.8198399465941	0.08008000000018001	epochs	2.0
1232.8198399465941	0.0402400000000398	epochs	3.0
1232.8600799465942	0.03984000000014021	epochs	3.0
1232.8999199465943	0.0786399999999503	epochs	2.0
1232.8999199465943	0.039520000000038635	epochs	3.0
1232.9394399465943	0.03911999999991167	epochs	3.0
1232.9785599465943	0.07719999999994798	epochs	2.0
1232.9785599465943	0.03880000000003747	epochs	3.0
1233.0173599465943	0.038399999999910506	epochs	3.0
1233.0557599465942	0.07591999999999643	epochs	2.0
1233.0557599465942	0.0381600000000617	epochs	3.0
1233.0939199465943	0.037759999999934735	epochs	3.0
1233.1316799465942	0.0745600000000195	epochs	2.0
1233.1316799465942	0.037440000000060536	epochs	3.0
1233.1691199465943	0.037119999999958964	epochs	3.0
1233.2062399465942	0.07336000000009335	epochs	2.0
1233.2062399465942	0.036800000000084765	epochs	3.0
1233.2430399465943	0.036560000000008586	epochs	3.0
1233.2795999465943	0.07207999999991443	epochs	2.0
1233.2795999465943	0.03615999999988162	epochs	3.0
1233.3157599465942	0.035920000000032815	epochs	3.0
1233.3516799465942	0.07087999999998829	epochs	2.0
1233.3516799465942	0.03559999999993124	epochs	3.0
1233.3872799465942	0.035280000000057044	epochs	3.0
1233.4225599465942	0.06984000000011292	epochs	2.0
1233.4225599465942	0.035039999999980864	epochs	3.0
1233.4575999465942	0.03480000000013206	epochs	3.0
1233.4923999465943	0.0686399999999594	epochs	2.0
1233.4923999465943	0.03447999999980311	epochs	3.0
1233.5268799465941	0.03416000000015629	epochs	3.0
1233.5610399465943	0.06759999999985666	epochs	2.0
1233.5610399465943	0.033919999999852735	epochs	3.0
1233.5949599465941	0.03368000000000393	epochs	3.0
1233.6286399465941	0.0665599999999813	epochs	2.0
1233.6286399465941	0.03344000000015512	epochs	3.0
1233.6620799465943	0.03311999999982618	epochs	3.0
1233.6951999465941	0.06560000000013133	epochs	2.0
1233.6951999465941	0.032960000000002765	epochs	3.0
1233.7281599465941	0.032640000000128566	epochs	3.0
1233.7607999465943	0.0645600000000286	epochs	2.0
1233.7607999465943	0.03240000000005239	epochs	3.0
1233.7931999465943	0.03215999999997621	epochs	3.0
1233.8253599465943	0.06367999999997664	epochs	2.0
1233.8253599465943	0.03199999999992542	epochs	3.0
1233.8573599465942	0.03168000000005122	epochs	3.0
1233.8890399465943	0.0627199999998993	epochs	2.0
1233.8890399465943	0.03143999999997504	epochs	3.0
1233.9204799465942	0.03127999999992426	epochs	3.0
1233.9517599465942	0.061840000000074724	epochs	2.0
1233.9517599465942	0.03104000000007545	epochs	3.0
1233.9827999465942	0.030799999999999272	epochs	3.0
1234.0135999465942	0.060960000000022774	epochs	2.0
1234.0135999465942	0.030559999999923093	epochs	3.0
1234.0441599465942	0.03040000000009968	epochs	3.0
1234.0745599465943	0.060159999999996217	epochs	2.0
1234.0745599465943	0.0301600000000235	epochs	3.0
1234.1047199465943	0.029999999999972715	epochs	3.0
1234.1347199465943	0.059279999999944266	epochs	2.0
1234.1347199465943	0.029679999999871143	epochs	3.0
1234.1643999465941	0.029600000000073123	epochs	3.0
1234.1939999465942	0.05848000000014508	epochs	2.0
1234.1939999465942	0.029359999999996944	epochs	3.0
1234.2233599465942	0.02912000000014814	epochs	3.0
1234.2524799465943	0.057759999999916545	epochs	2.0
1234.2524799465943	0.02895999999986998	epochs	3.0
1234.2814399465942	0.028800000000046566	epochs	3.0
1234.3102399465943	0.05695999999988999	epochs	2.0
1234.3102399465943	0.028559999999970387	epochs	3.0
1234.3387999465942	0.0283999999999196	epochs	3.0
1234.3671999465942	0.0562400000001162	epochs	2.0
1234.3671999465942	0.028160000000070795	epochs	3.0
1234.3953599465942	0.028080000000045402	epochs	3.0
1234.4234399465943	0.055439999999862266	epochs	2.0
1234.4234399465943	0.027839999999969223	epochs	3.0
1234.4512799465942	0.027599999999893043	epochs	3.0
1234.4788799465941	0.05488000000013926	epochs	2.0
1234.4788799465941	0.027520000000095024	epochs	3.0
1234.5063999465942	0.027360000000044238	epochs	3.0
1234.5337599465943	0.05407999999988533	epochs	2.0
1234.5337599465943	0.02711999999996806	epochs	3.0
1234.5608799465942	0.026959999999917272	epochs	3.0
1234.5878399465942	0.053440000000136934	epochs	2.0
1234.5878399465942	0.02680000000009386	epochs	3.0
1234.6146399465943	0.026640000000043074	epochs	3.0
1234.6412799465943	0.05287999999995918	epochs	2.0
1234.6412799465943	0.026479999999992287	epochs	3.0
1234.6677599465943	0.026399999999966894	epochs	3.0
1234.6941599465943	0.05215999999995802	epochs	2.0
1234.6941599465943	0.026159999999890715	epochs	3.0
1234.7203199465941	0.026000000000067303	epochs	3.0
1234.7463199465942	0.05151999999998225	epochs	2.0
1234.7463199465942	0.025840000000016516	epochs	3.0
1234.7721599465942	0.02567999999996573	epochs	3.0
1234.7978399465942	0.05096000000003187	epochs	2.0
1234.7978399465942	0.025599999999940337	epochs	3.0
1234.8234399465941	0.02536000000009153	epochs	3.0
1234.8487999465942	0.05040000000008149	epochs	2.0
1234.8487999465942	0.02528000000006614	epochs	3.0
1234.8740799465943	0.025120000000015352	epochs	3.0
1234.8991999465943	0.049759999999878346	epochs	2.0
1234.8991999465943	0.024959999999964566	epochs	3.0
1234.9241599465943	0.02479999999991378	epochs	3.0
1234.9489599465942	0.04920000000015534	epochs	2.0
1234.9489599465942	0.024640000000090367	epochs	3.0
1234.9735999465943	0.024560000000064974	epochs	3.0
1234.9981599465943	0.04872000000000298	epochs	2.0
1234.9981599465943	0.024399999999786814	epochs	3.0
1235.0225599465941	0.02432000000021617	epochs	3.0
1235.0468799465943	0.04807999999979984	epochs	2.0
1235.0468799465943	0.024079999999912616	epochs	3.0
1235.0709599465943	0.023999999999887223	epochs	3.0
1235.0949599465941	0.04760000000010223	epochs	2.0
1235.0949599465941	0.02384000000006381	epochs	3.0
1235.1187999465942	0.023760000000038417	epochs	3.0
1235.1425599465942	0.04711999999994987	epochs	2.0
1235.1425599465942	0.02359999999998763	epochs	3.0
1235.1661599465942	0.023519999999962238	epochs	3.0
1235.1896799465942	0.04655999999999949	epochs	2.0
1235.1896799465942	0.023360000000138825	epochs	3.0
1235.2130399465943	0.023199999999860665	epochs	3.0
1235.2362399465942	0.046080000000074506	epochs	2.0
1235.2362399465942	0.023120000000062646	epochs	3.0
1235.2593599465943	0.02296000000001186	epochs	3.0
1235.2823199465943	0.04559999999992215	epochs	2.0
1235.2823199465943	0.022879999999986467	epochs	3.0
1235.3051999465943	0.02271999999993568	epochs	3.0
1235.3279199465942	0.04511999999999716	epochs	2.0
1235.3279199465942	0.02264000000013766	epochs	3.0
1235.3505599465943	0.0224799999998595	epochs	3.0
1235.3730399465942	0.04464000000007218	epochs	2.0
1235.3730399465942	0.022400000000061482	epochs	3.0
1235.3954399465943	0.022240000000010696	epochs	3.0
1235.4176799465943	0.04423999999994521	epochs	2.0
1235.4176799465943	0.022159999999985303	epochs	3.0
1235.4398399465942	0.02207999999995991	epochs	3.0
1235.4619199465942	0.04376000000002023	epochs	2.0
1235.4619199465942	0.021920000000136497	epochs	3.0
1235.4838399465943	0.02183999999988373	epochs	3.0
1235.5056799465942	0.043360000000120635	epochs	2.0
1235.5056799465942	0.02176000000008571	epochs	3.0
1235.5274399465943	0.021600000000034925	epochs	3.0
1235.5490399465943	0.04287999999996828	epochs	2.0
1235.5490399465943	0.02143999999998414	epochs	3.0
1235.5704799465943	0.02143999999998414	epochs	3.0
1235.5919199465943	0.04247999999984131	epochs	2.0
1235.5919199465943	0.021279999999933352	epochs	3.0
1235.6131999465942	0.02119999999990796	epochs	3.0
1235.6343999465942	0.04208000000016909	epochs	2.0
1235.6343999465942	0.021040000000084547	epochs	3.0
1235.6554399465942	0.021040000000084547	epochs	3.0
1235.6764799465943	0.041679999999814754	epochs	2.0
1235.6764799465943	0.020879999999806387	epochs	3.0
1235.6973599465941	0.020800000000008367	epochs	3.0
1235.7181599465941	0.04120000000011714	epochs	2.0
1235.7181599465941	0.020640000000184955	epochs	3.0
1235.7387999465943	0.020559999999932188	epochs	3.0
1235.7593599465943	0.04088000000001557	epochs	2.0
1235.7593599465943	0.020559999999932188	epochs	3.0
1235.7799199465942	0.020320000000083382	epochs	3.0
1235.8002399465943	0.040559999999914	epochs	2.0
1235.8002399465943	0.02031999999985601	epochs	3.0
1235.8205599465941	0.02024000000005799	epochs	3.0
1235.8407999465942	0.04007999999998901	epochs	2.0
1235.8407999465942	0.020080000000007203	epochs	3.0
1235.8608799465942	0.01999999999998181	epochs	3.0
1235.8808799465942	0.039760000000114815	epochs	2.0
1235.8808799465942	0.019919999999956417	epochs	3.0
1235.9007999465941	0.019840000000158398	epochs	3.0
1235.9206399465943	0.03944000000001324	epochs	2.0
1235.9206399465943	0.01975999999990563	epochs	3.0
1235.9403999465942	0.01968000000010761	epochs	3.0
1235.9600799465943	0.03903999999988628	epochs	2.0
1235.9600799465943	0.01951999999982945	epochs	3.0
1235.9795999465941	0.019520000000056825	epochs	3.0
1235.9991199465942	0.038639999999986685	epochs	2.0
1235.9991199465942	0.01936000000000604	epochs	3.0
1236.0184799465942	0.019279999999980646	epochs	3.0
1236.0377599465942	0.03840000000013788	epochs	2.0
1236.0377599465942	0.019279999999980646	epochs	3.0
1236.0570399465942	0.019120000000157233	epochs	3.0
1236.0761599465943	0.038000000000010914	epochs	2.0
1236.0761599465943	0.019039999999904467	epochs	3.0
1236.0951999465942	0.018960000000106447	epochs	3.0
1236.1141599465943	0.03767999999990934	epochs	2.0
1236.1141599465943	0.01887999999985368	epochs	3.0
1236.1330399465942	0.01880000000005566	epochs	3.0
1236.1518399465942	0.03736000000003514	epochs	2.0
1236.1518399465942	0.018720000000030268	epochs	3.0
1236.1705599465943	0.018640000000004875	epochs	3.0
1236.1891999465943	0.03703999999993357	epochs	2.0
1236.1891999465943	0.018559999999979482	epochs	3.0
1236.2077599465943	0.01847999999995409	epochs	3.0
1236.2262399465942	0.03672000000005937	epochs	2.0
1236.2262399465942	0.018399999999928696	epochs	3.0
1236.2446399465941	0.018320000000130676	epochs	3.0
1236.2629599465943	0.03647999999998319	epochs	2.0
1236.2629599465943	0.01823999999987791	epochs	3.0
1236.2811999465941	0.018240000000105283	epochs	3.0
1236.2994399465942	0.0360800000000836	epochs	2.0
1236.2994399465942	0.018080000000054497	epochs	3.0
1236.3175199465943	0.018000000000029104	epochs	3.0
1236.3355199465943	0.03584000000000742	epochs	2.0
1236.3355199465943	0.01792000000000371	epochs	3.0
1236.3534399465943	0.01792000000000371	epochs	3.0
1236.3713599465943	0.03551999999990585	epochs	2.0
1236.3713599465943	0.017759999999952925	epochs	3.0
1236.3891199465943	0.017759999999952925	epochs	3.0
1236.4068799465942	0.03520000000003165	epochs	2.0
1236.4068799465942	0.01767999999992753	epochs	3.0
1236.4245599465942	0.01752000000010412	epochs	3.0
1236.4420799465943	0.03495999999995547	epochs	2.0
1236.4420799465943	0.017519999999876745	epochs	3.0
1236.4595999465942	0.017440000000078726	epochs	3.0
1236.4770399465942	0.034720000000106666	epochs	2.0
1236.4770399465942	0.017440000000078726	epochs	3.0
1236.4944799465943	0.01728000000002794	epochs	3.0
1236.5117599465943	0.03440000000000509	epochs	2.0
1236.5117599465943	0.017200000000002547	epochs	3.0
1236.5289599465943	0.017200000000002547	epochs	3.0
1236.5461599465943	0.034159999999928914	epochs	2.0
1236.5461599465943	0.017119999999977153	epochs	3.0
1236.5632799465943	0.01703999999995176	epochs	3.0
1236.5803199465943	0.033840000000054715	epochs	2.0
1236.5803199465943	0.016959999999926367	epochs	3.0
1236.5972799465942	0.016880000000128348	epochs	3.0
1236.6141599465943	0.033599999999978536	epochs	2.0
1236.6141599465943	0.01679999999987558	epochs	3.0
1236.6309599465942	0.016800000000102955	epochs	3.0
1236.6477599465943	0.03335999999990236	epochs	2.0
1236.6477599465943	0.016719999999850188	epochs	3.0
1236.6644799465942	0.01664000000005217	epochs	3.0
1236.6811199465942	0.03312000000005355	epochs	2.0
1236.6811199465942	0.016560000000026776	epochs	3.0
1236.6976799465942	0.016560000000026776	epochs	3.0
1236.7142399465943	0.03279999999995198	epochs	2.0
1236.7142399465943	0.01639999999997599	epochs	3.0
1236.7306399465942	0.01639999999997599	epochs	3.0
1236.7470399465942	0.03256000000010317	epochs	2.0
1236.7470399465942	0.016319999999950596	epochs	3.0
1236.7633599465942	0.016240000000152577	epochs	3.0
1236.7795999465943	0.03239999999982501	epochs	2.0
1236.7795999465943	0.016239999999925203	epochs	3.0
1236.7958399465942	0.01615999999989981	epochs	3.0
1236.8119999465941	0.03208000000017819	epochs	2.0
1236.8119999465941	0.01608000000010179	epochs	3.0
1236.8280799465942	0.016000000000076398	epochs	3.0
1236.8440799465943	0.03191999999990003	epochs	2.0
1236.8440799465943	0.015999999999849024	epochs	3.0
1236.8600799465942	0.015920000000051004	epochs	3.0
1236.8759999465942	0.03160000000002583	epochs	2.0
1236.8759999465942	0.01584000000002561	epochs	3.0
1236.8918399465942	0.01576000000000022	epochs	3.0
1236.9075999465942	0.03143999999997504	epochs	2.0
1236.9075999465942	0.01576000000000022	epochs	3.0
1236.9233599465942	0.015679999999974825	epochs	3.0
1236.9390399465942	0.031200000000126238	epochs	2.0
1236.9390399465942	0.015599999999949432	epochs	3.0
1236.9546399465942	0.015600000000176806	epochs	3.0
1236.9702399465943	0.030959999999822685	epochs	2.0
1236.9702399465943	0.015519999999924039	epochs	3.0
1236.9857599465943	0.015439999999898646	epochs	3.0
1237.0011999465942	0.03071999999997388	epochs	2.0
1237.0011999465942	0.01544000000012602	epochs	3.0
1237.0166399465943	0.01527999999984786	epochs	3.0
1237.0319199465941	0.030560000000150467	epochs	2.0
1237.0319199465941	0.015360000000100626	epochs	3.0
1237.0472799465942	0.01520000000004984	epochs	3.0
1237.0624799465943	0.030319999999846914	epochs	2.0
1237.0624799465943	0.01520000000004984	epochs	3.0
1237.0776799465943	0.015119999999797074	epochs	3.0
1237.0927999465941	0.030079999999998108	epochs	2.0
1237.0927999465941	0.015120000000024447	epochs	3.0
1237.1079199465942	0.014959999999973661	epochs	3.0
1237.1228799465941	0.029920000000174696	epochs	2.0
1237.1228799465941	0.015039999999999054	epochs	3.0
1237.1379199465941	0.014880000000175642	epochs	3.0
1237.1527999465943	0.029679999999871143	epochs	2.0
1237.1527999465943	0.014879999999948268	epochs	3.0
1237.1676799465943	0.014799999999922875	epochs	3.0
1237.1824799465942	0.02952000000004773	epochs	2.0
1237.1824799465942	0.014800000000150249	epochs	3.0
1237.1972799465943	0.014719999999897482	epochs	3.0
1237.2119999465942	0.02927999999997155	epochs	2.0
1237.2119999465942	0.014719999999897482	epochs	3.0
1237.2267199465941	0.01456000000007407	epochs	3.0
1237.2412799465942	0.02912000000014814	epochs	2.0
1237.2412799465942	0.014640000000099462	epochs	3.0
1237.2559199465943	0.014480000000048676	epochs	3.0
1237.2703999465944	0.02895999999986998	epochs	2.0
1237.2703999465944	0.014479999999821302	epochs	3.0
1237.2848799465942	0.014480000000048676	epochs	3.0
1237.2993599465942	0.02863999999999578	epochs	2.0
1237.2993599465942	0.01431999999999789	epochs	3.0
1237.3136799465942	0.01431999999999789	epochs	3.0
1237.3279999465942	0.028559999999970387	epochs	2.0
1237.3279999465942	0.01431999999999789	epochs	3.0
1237.3423199465942	0.014239999999972497	epochs	3.0
1237.3565599465942	0.02832000000012158	epochs	2.0
1237.3565599465942	0.014159999999947104	epochs	3.0
1237.3707199465941	0.014160000000174477	epochs	3.0
1237.3848799465943	0.02815999999984342	epochs	2.0
1237.3848799465943	0.014159999999947104	epochs	3.0
1237.3990399465943	0.013999999999896318	epochs	3.0
1237.4130399465942	0.02800000000002001	epochs	2.0
1237.4130399465942	0.014000000000123691	epochs	3.0
1237.4270399465943	0.013999999999896318	epochs	3.0
1237.4410399465942	0.027760000000171203	epochs	2.0
1237.4410399465942	0.013920000000098298	epochs	3.0
1237.4549599465943	0.013840000000072905	epochs	3.0
1237.4687999465943	0.027679999999918437	epochs	2.0
1237.4687999465943	0.013839999999845531	epochs	3.0
1237.4826399465942	0.013840000000072905	epochs	3.0
1237.4964799465943	0.02744000000006963	epochs	2.0
1237.4964799465943	0.013760000000047512	epochs	3.0
1237.5102399465943	0.013680000000022119	epochs	3.0
1237.5239199465943	0.027280000000018845	epochs	2.0
1237.5239199465943	0.013679999999794745	epochs	3.0
1237.5375999465941	0.0136000000002241	epochs	3.0
1237.5511999465944	0.02711999999996806	epochs	2.0
1237.5511999465944	0.013519999999971333	epochs	3.0
1237.5647199465943	0.013599999999996726	epochs	3.0
1237.5783199465943	0.02687999999989188	epochs	2.0
1237.5783199465943	0.01343999999994594	epochs	3.0
1237.5917599465943	0.01343999999994594	epochs	3.0
1237.6051999465942	0.02680000000009386	epochs	2.0
1237.6051999465942	0.01343999999994594	epochs	3.0
1237.6186399465942	0.01336000000014792	epochs	3.0
1237.6319999465943	0.02656000000001768	epochs	2.0
1237.6319999465943	0.013279999999895153	epochs	3.0
1237.6452799465942	0.013280000000122527	epochs	3.0
1237.6585599465943	0.026479999999992287	epochs	2.0
1237.6585599465943	0.013279999999895153	epochs	3.0
1237.6718399465942	0.013200000000097134	epochs	3.0
1237.6850399465943	0.026239999999916108	epochs	2.0
1237.6850399465943	0.013119999999844367	epochs	3.0
1237.6981599465942	0.013120000000071741	epochs	3.0
1237.7112799465942	0.02616000000011809	epochs	2.0
1237.7112799465942	0.013120000000071741	epochs	3.0
1237.7243999465943	0.013040000000046348	epochs	3.0
1237.7374399465943	0.02599999999983993	epochs	2.0
1237.7374399465943	0.013039999999818974	epochs	3.0
1237.7504799465942	0.012960000000020955	epochs	3.0
1237.7634399465942	0.025759999999991123	epochs	2.0
1237.7634399465942	0.012879999999995562	epochs	3.0
1237.7763199465942	0.012879999999995562	epochs	3.0
1237.7891999465942	0.02567999999996573	epochs	2.0
1237.7891999465942	0.012879999999995562	epochs	3.0
1237.8020799465942	0.012799999999970169	epochs	3.0
1237.8148799465941	0.025520000000142318	epochs	2.0
1237.8148799465941	0.012800000000197542	epochs	3.0
1237.8276799465943	0.012719999999944775	epochs	3.0
1237.8403999465943	0.025359999999864158	epochs	2.0
1237.8403999465943	0.012719999999944775	epochs	3.0
1237.8531199465942	0.012639999999919382	epochs	3.0
1237.8657599465942	0.025200000000040745	epochs	2.0
1237.8657599465942	0.012640000000146756	epochs	3.0
1237.8783999465943	0.01255999999989399	epochs	3.0
1237.8909599465942	0.024560000000064974	epochs	2.0
1237.9151237465942	0.5	epochs	-1.0
1237.9155199465943	0.500479999999925	epochs	1.0
1238.4159999465942	0.4994400000000496	epochs	0.0
1247.8770003318787	0.059520000000020445	epochs	0.0
1247.8770003318787	0.024719999999888387	epochs	1.0
1247.9017203318786	0.010080000000016298	epochs	1.0
1247.9118003318786	0.02472000000011576	epochs	1.0
1247.9365203318787	2.0	epochs	0.0
1249.9365203318787	5.380879999999934	epochs	0.0
1249.9365203318787	1.0	epochs	1.0
1249.9365241318787	0.5	epochs	-1.0
1250.4365241318787	4.880876199999875	epochs	-1.0
1250.9365203318787	4.380879999999934	epochs	1.0
1250.9365203318787	8.000000002539309e-05	epochs	2.0
1250.9366003318787	4.356719999999996	epochs	-1.0
1250.9366003318787	1.974559999999883	epochs	2.0
1250.9366003318787	1.0985599999999067	epochs	3.0
1252.0351603318786	0.8759999999999764	epochs	3.0
1252.9111603318786	1.3523999999999887	epochs	2.0
1252.9111603318786	0.7286400000000413	epochs	3.0
1253.6398003318786	0.6237599999999475	epochs	3.0
1254.2635603318786	1.029760000000124	epochs	2.0
1254.2635603318786	0.5453600000000733	epochs	3.0
1254.8089203318787	0.48440000000005057	epochs	3.0
1255.2933203318787	0.024079999999912616	epochs	2.0
1255.2933203318787	0.024079999999912616	epochs	3.0
1255.3174003318786	16.61904000000004	epochs	0.0
1257.7690000534058	0.059520000000020445	epochs	0.0
1257.7690000534058	0.024719999999888387	epochs	1.0
1257.7937200534057	0.010080000000016298	epochs	1.0
1257.8038000534057	0.02472000000011576	epochs	1.0
1257.8285200534058	2.0	epochs	0.0
1259.8285200534058	0.540079999999989	epochs	0.0
1259.8285200534058	0.540079999999989	epochs	1.0
1259.8285238534058	0.5	epochs	-1.0
1260.3285238534058	0.040076199999930395	epochs	-1.0
1260.3686000534058	21.459839999999986	epochs	0.0
1262.875	0.059520000000020445	epochs	0.0
1262.875	0.024719999999888387	epochs	1.0
1262.89972	0.010080000000016298	epochs	1.0
1262.9098	0.02472000000011576	epochs	1.0
1262.93452	2.0	epochs	0.0
1264.93452	0.5407199999999648	epochs	0.0
1264.93452	0.5407199999999648	epochs	1.0
1264.9345238	0.5	epochs	-1.0
1265.4345238	0.040716199999906166	epochs	-1.0
1265.47524	21.45920000000001	epochs	0.0
1268.009000301361	0.059520000000020445	epochs	0.0
1268.009000301361	0.024719999999888387	epochs	1.0
1268.033720301361	0.010080000000016298	epochs	1.0
1268.043800301361	0.02472000000011576	epochs	1.0
1268.068520301361	2.0	epochs	0.0
1270.068520301361	0.5005599999999504	epochs	0.0
1270.068520301361	0.5005599999999504	epochs	1.0
1270.0685241013612	0.5	epochs	-1.0
1270.5685241013612	0.0005561999998917599	epochs	-1.0
1270.569080301361	21.499360000000024	epochs	0.0
1273.1100001335144	0.059520000000020445	epochs	0.0
1273.1100001335144	0.024719999999888387	epochs	1.0
1273.1347201335143	0.010080000000016298	epochs	1.0
1273.1448001335143	0.02472000000011576	epochs	1.0
1273.1695201335144	2.0	epochs	0.0
1275.1695201335144	0.5007200000000012	epochs	0.0
1275.1695201335144	0.5007200000000012	epochs	1.0
1275.1695239335145	0.5	epochs	-1.0
1275.6695239335145	0.0007161999999425461	epochs	-1.0
1275.6702401335144	21.499199999999973	epochs	0.0
1278.2439999580383	0.059520000000020445	epochs	0.0
1278.2439999580383	0.024719999999888387	epochs	1.0
1278.2687199580382	0.010080000000016298	epochs	1.0
1278.2787999580382	0.02472000000011576	epochs	1.0
1278.3035199580384	2.0	epochs	0.0
1280.3035199580384	0.5399999999999636	epochs	0.0
1280.3035199580384	0.5399999999999636	epochs	1.0
1280.3035237580384	0.5	epochs	-1.0
1280.8035237580384	0.039996199999905	epochs	-1.0
1280.8435199580383	21.45992000000001	epochs	0.0
1283.4820003509521	0.059520000000020445	epochs	0.0
1283.4820003509521	0.024719999999888387	epochs	1.0
1283.506720350952	0.010080000000016298	epochs	1.0
1283.516800350952	0.02472000000011576	epochs	1.0
1283.5415203509522	2.0	epochs	0.0
1285.5415203509522	0.5001600000000508	epochs	0.0
1285.5415203509522	0.5001600000000508	epochs	1.0
1285.5415241509522	0.5	epochs	-1.0
1286.0415241509522	0.00015619999999216816	epochs	-1.0
1286.0416803509522	21.499759999999924	epochs	0.0
1288.7320003509521	0.059520000000020445	epochs	0.0
1288.7320003509521	0.024719999999888387	epochs	1.0
1288.756720350952	0.010080000000016298	epochs	1.0
1288.766800350952	0.02472000000011576	epochs	1.0
1288.7915203509522	2.0	epochs	0.0
1290.7915203509522	0.5007200000000012	epochs	0.0
1290.7915203509522	0.5007200000000012	epochs	1.0
1290.7915241509522	0.5	epochs	-1.0
1291.2915241509522	0.0007161999999425461	epochs	-1.0
1291.2922403509522	21.499199999999973	epochs	0.0
1293.9660000801086	0.059520000000020445	epochs	0.0
1293.9660000801086	0.024719999999888387	epochs	1.0
1293.9907200801085	0.010080000000016298	epochs	1.0
1294.0008000801085	0.02472000000011576	epochs	1.0
1294.0255200801087	2.0	epochs	0.0
1296.0255200801087	21.999919999999975	epochs	0.0
1296.0255200801087	1.0	epochs	1.0
1296.0255238801087	0.5	epochs	-1.0
1296.5255238801087	19.999360000000024	epochs	-1.0
1297.0255200801087	20.0	epochs	1.0
1297.0255200801087	8.000000002539309e-05	epochs	2.0
1297.0256000801087	4.356719999999996	epochs	-1.0
1297.0256000801087	1.974559999999883	epochs	2.0
1297.0256000801087	1.0985599999999067	epochs	3.0
1298.1241600801086	0.8759999999999764	epochs	3.0
1299.0001600801086	1.3523999999999887	epochs	2.0
1299.0001600801086	0.7286400000000413	epochs	3.0
1299.7288000801086	0.6237599999999475	epochs	3.0
1300.3525600801086	1.029760000000124	epochs	2.0
1300.3525600801086	0.5453600000000733	epochs	3.0
1300.8979200801086	0.48440000000005057	epochs	3.0
1301.3823200801087	0.8317600000000311	epochs	2.0
1301.3823200801087	0.4357599999998456	epochs	3.0
1301.8180800801085	0.39600000000018554	epochs	3.0
1302.2140800801087	0.6978399999998146	epochs	2.0
1302.2140800801087	0.3628799999999046	epochs	3.0
1302.5769600801086	0.33495999999991	epochs	3.0
1302.9119200801085	0.6010400000000118	epochs	2.0
1302.9119200801085	0.31088000000022475	epochs	3.0
1303.2228000801088	0.29015999999978703	epochs	3.0
1303.5129600801085	0.5278400000001966	epochs	2.0
1303.5129600801085	0.2719200000001365	epochs	3.0
1303.7848800801087	0.2559200000000601	epochs	3.0
1304.0408000801087	0.47064000000000306	epochs	2.0
1304.0408000801087	0.24167999999986023	epochs	3.0
1304.2824800801086	0.22896000000014283	epochs	3.0
1304.5114400801087	0.42455999999992855	epochs	2.0
1304.5114400801087	0.21743999999989683	epochs	3.0
1304.7288800801086	0.20712000000003172	epochs	3.0
1304.9360000801087	0.3867199999999684	epochs	2.0
1304.9360000801087	0.1976799999999912	epochs	3.0
1305.1336800801087	0.18903999999997723	epochs	3.0
1305.3227200801086	0.3551199999999426	epochs	2.0
1305.3227200801086	0.1811999999999898	epochs	3.0
1305.5039200801086	0.17391999999995278	epochs	3.0
1305.6778400801086	0.3282400000000507	epochs	2.0
1305.6778400801086	0.1672000000000935	epochs	3.0
1305.8450400801087	0.16103999999995722	epochs	3.0
1306.0060800801086	0.30520000000001346	epochs	2.0
1306.0060800801086	0.1552799999999479	epochs	3.0
1306.1613600801086	0.14992000000006556	epochs	3.0
1306.3112800801086	0.28512000000000626	epochs	2.0
1306.3112800801086	0.1448800000000574	epochs	3.0
1306.4561600801087	0.14023999999994885	epochs	3.0
1306.5964000801087	0.26751999999987675	epochs	2.0
1306.5964000801087	0.13583999999991647	epochs	3.0
1306.7322400801086	0.13167999999996027	epochs	3.0
1306.8639200801085	0.2520800000002055	epochs	2.0
1306.8639200801085	0.12784000000010565	epochs	3.0
1306.9917600801086	0.12424000000009983	epochs	3.0
1307.1160000801087	0.2381599999998798	epochs	2.0
1307.1160000801087	0.12071999999989202	epochs	3.0
1307.2367200801086	0.11743999999998778	epochs	3.0
1307.3541600801086	0.225840000000062	epochs	2.0
1307.3541600801086	0.11439999999993233	epochs	3.0
1307.4685600801085	0.11144000000012966	epochs	3.0
1307.5800000801087	0.21463999999991756	epochs	2.0
1307.5800000801087	0.10863999999992302	epochs	3.0
1307.6886400801086	0.10599999999999454	epochs	3.0
1307.7946400801086	0.20448000000010325	epochs	2.0
1307.7946400801086	0.10344000000009146	epochs	3.0
1307.8980800801087	0.10104000000001179	epochs	3.0
1307.9991200801087	0.19535999999993692	epochs	2.0
1307.9991200801087	0.0987999999999829	epochs	3.0
1308.0979200801087	0.09655999999995402	epochs	3.0
1308.1944800801086	0.18695999999999913	epochs	2.0
1308.1944800801086	0.09447999999997592	epochs	3.0
1308.2889600801086	0.09248000000002321	epochs	3.0
1308.3814400801086	0.1792000000000371	epochs	2.0
1308.3814400801086	0.0904800000000705	epochs	3.0
1308.4719200801087	0.0887199999999666	epochs	3.0
1308.5606400801087	0.17208000000005086	epochs	2.0
1308.5606400801087	0.08688000000006468	epochs	3.0
1308.6475200801087	0.08519999999998618	epochs	3.0
1308.7327200801087	0.165520000000015	epochs	2.0
1308.7327200801087	0.08359999999993306	epochs	3.0
1308.8163200801087	0.08192000000008193	epochs	3.0
1308.8982400801087	0.1595199999999295	epochs	2.0
1308.8982400801087	0.08047999999985223	epochs	3.0
1308.9787200801086	0.07904000000007727	epochs	3.0
1309.0577600801087	0.15375999999992018	epochs	2.0
1309.0577600801087	0.07760000000007494	epochs	3.0
1309.1353600801087	0.07615999999984524	epochs	3.0
1309.2115200801086	0.14856000000008862	epochs	2.0
1309.2115200801086	0.07496000000014647	epochs	3.0
1309.2864800801087	0.07359999999994216	epochs	3.0
1309.3600800801087	0.14367999999990388	epochs	2.0
1309.3600800801087	0.0724800000000414	epochs	3.0
1309.4325600801087	0.07119999999986248	epochs	3.0
1309.5037600801086	0.1390400000000227	epochs	2.0
1309.5037600801086	0.07007999999996173	epochs	3.0
1309.5738400801085	0.06896000000006097	epochs	3.0
1309.6428000801086	0.13472000000001572	epochs	2.0
1309.6428000801086	0.06791999999995824	epochs	3.0
1309.7107200801086	0.06680000000005748	epochs	3.0
1309.7775200801086	0.1307200000001103	epochs	2.0
1309.7775200801086	0.06583999999998014	epochs	3.0
1309.8433600801086	0.06488000000013017	epochs	3.0
1309.9082400801087	0.1268000000000029	epochs	2.0
1309.9082400801087	0.06384000000002743	epochs	3.0
1309.9720800801088	0.06295999999997548	epochs	3.0
1310.0350400801087	0.12328000000002248	epochs	2.0
1310.0350400801087	0.06207999999992353	epochs	3.0
1310.0971200801087	0.06120000000009895	epochs	3.0
1310.1583200801088	0.11983999999984007	epochs	2.0
1310.1583200801088	0.06031999999981963	epochs	3.0
1310.2186400801086	0.059520000000020445	epochs	3.0
1310.2781600801086	0.11663999999996122	epochs	2.0
1310.2781600801086	0.05871999999999389	epochs	3.0
1310.3368800801086	0.05791999999996733	epochs	3.0
1310.3948000801086	0.11360000000013315	epochs	2.0
1310.3948000801086	0.05720000000019354	epochs	3.0
1310.4520000801087	0.05639999999993961	epochs	3.0
1310.5084000801087	0.11071999999990112	epochs	2.0
1310.5084000801087	0.055679999999938445	epochs	3.0
1310.5640800801086	0.055039999999962674	epochs	3.0
1310.6191200801086	0.10792000000014923	epochs	2.0
1310.6191200801086	0.05424000000016349	epochs	3.0
1310.6733600801088	0.05367999999998574	epochs	3.0
1310.7270400801087	0.10527999999999338	epochs	2.0
1310.7270400801087	0.052959999999984575	epochs	3.0
1310.7800000801087	0.052320000000008804	epochs	3.0
1310.8323200801087	0.10287999999991371	epochs	2.0
1310.8323200801087	0.05175999999983105	epochs	3.0
1310.8840800801086	0.051120000000082655	epochs	3.0
1310.9352000801086	0.10040000000003602	epochs	2.0
1310.9352000801086	0.050480000000106884	epochs	3.0
1310.9856800801088	0.04991999999992913	epochs	3.0
1311.0356000801087	0.09824000000003252	epochs	2.0
1311.0356000801087	0.049359999999978754	epochs	3.0
1311.0849600801087	0.04888000000005377	epochs	3.0
1311.1338400801087	0.09600000000000364	epochs	2.0
1311.1338400801087	0.048239999999850625	epochs	3.0
1311.1820800801086	0.04776000000015301	epochs	3.0
1311.2298400801087	0.09392000000002554	epochs	2.0
1311.2298400801087	0.04719999999997526	epochs	3.0
1311.2770400801087	0.04672000000005028	epochs	3.0
1311.3237600801087	0.09191999999984546	epochs	2.0
1311.3237600801087	0.046159999999872525	epochs	3.0
1311.3699200801086	0.04575999999997293	epochs	3.0
1311.4156800801086	0.09008000000017091	epochs	2.0
1311.4156800801086	0.04528000000004795	epochs	3.0
1311.4609600801086	0.044800000000122964	epochs	3.0
1311.5057600801088	0.08815999999978885	epochs	2.0
1311.5057600801088	0.044319999999970605	epochs	3.0
1311.5500800801087	0.04383999999981825	epochs	3.0
1311.5939200801085	0.08648000000016509	epochs	2.0
1311.5939200801085	0.04344000000014603	epochs	3.0
1311.6373600801087	0.04304000000001906	epochs	3.0
1311.6804000801087	0.08471999999983382	epochs	2.0
1311.6804000801087	0.042559999999866704	epochs	3.0
1311.7229600801086	0.04215999999996711	epochs	3.0
1311.7651200801085	0.08320000000003347	epochs	2.0
1311.7651200801085	0.04176000000006752	epochs	3.0
1311.8068800801086	0.04143999999996595	epochs	3.0
1311.8483200801086	0.08151999999995496	epochs	2.0
1311.8483200801086	0.040960000000040964	epochs	3.0
1311.8892800801086	0.040559999999914	epochs	3.0
1311.9298400801085	0.08008000000018001	epochs	2.0
1311.9298400801085	0.0402400000000398	epochs	3.0
1311.9700800801086	0.03984000000014021	epochs	3.0
1312.0099200801087	0.0786399999999503	epochs	2.0
1312.0099200801087	0.039520000000038635	epochs	3.0
1312.0494400801088	0.03911999999991167	epochs	3.0
1312.0885600801087	0.07719999999994798	epochs	2.0
1312.0885600801087	0.03880000000003747	epochs	3.0
1312.1273600801087	0.038399999999910506	epochs	3.0
1312.1657600801086	0.07591999999999643	epochs	2.0
1312.1657600801086	0.0381600000000617	epochs	3.0
1312.2039200801087	0.037759999999934735	epochs	3.0
1312.2416800801086	0.0745600000000195	epochs	2.0
1312.2416800801086	0.037440000000060536	epochs	3.0
1312.2791200801087	0.037119999999958964	epochs	3.0
1312.3162400801086	0.07336000000009335	epochs	2.0
1312.3162400801086	0.036800000000084765	epochs	3.0
1312.3530400801087	0.036560000000008586	epochs	3.0
1312.3896000801087	0.07207999999991443	epochs	2.0
1312.3896000801087	0.03615999999988162	epochs	3.0
1312.4257600801086	0.035920000000032815	epochs	3.0
1312.4616800801086	0.07087999999998829	epochs	2.0
1312.4616800801086	0.03559999999993124	epochs	3.0
1312.4972800801086	0.035280000000057044	epochs	3.0
1312.5325600801086	0.06984000000011292	epochs	2.0
1312.5325600801086	0.035039999999980864	epochs	3.0
1312.5676000801086	0.03480000000013206	epochs	3.0
1312.6024000801087	0.0686399999999594	epochs	2.0
1312.6024000801087	0.03447999999980311	epochs	3.0
1312.6368800801085	0.03416000000015629	epochs	3.0
1312.6710400801087	0.06759999999985666	epochs	2.0
1312.6710400801087	0.033919999999852735	epochs	3.0
1312.7049600801085	0.03368000000000393	epochs	3.0
1312.7386400801086	0.0665599999999813	epochs	2.0
1312.7386400801086	0.03344000000015512	epochs	3.0
1312.7720800801087	0.03311999999982618	epochs	3.0
1312.8052000801085	0.06560000000013133	epochs	2.0
1312.8052000801085	0.032960000000002765	epochs	3.0
1312.8381600801085	0.032640000000128566	epochs	3.0
1312.8708000801087	0.0645600000000286	epochs	2.0
1312.8708000801087	0.03240000000005239	epochs	3.0
1312.9032000801087	0.03215999999997621	epochs	3.0
1312.9353600801087	0.06367999999997664	epochs	2.0
1312.9353600801087	0.03199999999992542	epochs	3.0
1312.9673600801086	0.03168000000005122	epochs	3.0
1312.9990400801087	0.0627199999998993	epochs	2.0
1312.9990400801087	0.03143999999997504	epochs	3.0
1313.0304800801086	0.03127999999992426	epochs	3.0
1313.0617600801086	0.061840000000074724	epochs	2.0
1313.0617600801086	0.03104000000007545	epochs	3.0
1313.0928000801086	0.030799999999999272	epochs	3.0
1313.1236000801086	0.060960000000022774	epochs	2.0
1313.1236000801086	0.030559999999923093	epochs	3.0
1313.1541600801086	0.03040000000009968	epochs	3.0
1313.1845600801087	0.060159999999996217	epochs	2.0
1313.1845600801087	0.0301600000000235	epochs	3.0
1313.2147200801087	0.029999999999972715	epochs	3.0
1313.2447200801087	0.059279999999944266	epochs	2.0
1313.2447200801087	0.029679999999871143	epochs	3.0
1313.2744000801085	0.029600000000073123	epochs	3.0
1313.3040000801086	0.05848000000014508	epochs	2.0
1313.3040000801086	0.029359999999996944	epochs	3.0
1313.3333600801086	0.02912000000014814	epochs	3.0
1313.3624800801088	0.057759999999916545	epochs	2.0
1313.3624800801088	0.02895999999986998	epochs	3.0
1313.3914400801086	0.028800000000046566	epochs	3.0
1313.4202400801087	0.05695999999988999	epochs	2.0
1313.4202400801087	0.028559999999970387	epochs	3.0
1313.4488000801086	0.0283999999999196	epochs	3.0
1313.4772000801086	0.0562400000001162	epochs	2.0
1313.4772000801086	0.028160000000070795	epochs	3.0
1313.5053600801086	0.028080000000045402	epochs	3.0
1313.5334400801087	0.055439999999862266	epochs	2.0
1313.5334400801087	0.027839999999969223	epochs	3.0
1313.5612800801086	0.027599999999893043	epochs	3.0
1313.5888800801085	0.05488000000013926	epochs	2.0
1313.5888800801085	0.027520000000095024	epochs	3.0
1313.6164000801086	0.027360000000044238	epochs	3.0
1313.6437600801087	0.05407999999988533	epochs	2.0
1313.6437600801087	0.02711999999996806	epochs	3.0
1313.6708800801086	0.026959999999917272	epochs	3.0
1313.6978400801086	0.053440000000136934	epochs	2.0
1313.6978400801086	0.02680000000009386	epochs	3.0
1313.7246400801087	0.026640000000043074	epochs	3.0
1313.7512800801087	0.05287999999995918	epochs	2.0
1313.7512800801087	0.026479999999992287	epochs	3.0
1313.7777600801087	0.026399999999966894	epochs	3.0
1313.8041600801087	0.05215999999995802	epochs	2.0
1313.8041600801087	0.026159999999890715	epochs	3.0
1313.8303200801085	0.026000000000067303	epochs	3.0
1313.8563200801086	0.05151999999998225	epochs	2.0
1313.8563200801086	0.025840000000016516	epochs	3.0
1313.8821600801086	0.02567999999996573	epochs	3.0
1313.9078400801086	0.05096000000003187	epochs	2.0
1313.9078400801086	0.025599999999940337	epochs	3.0
1313.9334400801085	0.02536000000009153	epochs	3.0
1313.9588000801086	0.05040000000008149	epochs	2.0
1313.9588000801086	0.02528000000006614	epochs	3.0
1313.9840800801087	0.025120000000015352	epochs	3.0
1314.0092000801087	0.049759999999878346	epochs	2.0
1314.0092000801087	0.024959999999964566	epochs	3.0
1314.0341600801087	0.02479999999991378	epochs	3.0
1314.0589600801086	0.04920000000015534	epochs	2.0
1314.0589600801086	0.024640000000090367	epochs	3.0
1314.0836000801087	0.024560000000064974	epochs	3.0
1314.1081600801087	0.04872000000000298	epochs	2.0
1314.1081600801087	0.024399999999786814	epochs	3.0
1314.1325600801085	0.02432000000021617	epochs	3.0
1314.1568800801087	0.04807999999979984	epochs	2.0
1314.1568800801087	0.024079999999912616	epochs	3.0
1314.1809600801087	0.023999999999887223	epochs	3.0
1314.2049600801085	0.04760000000010223	epochs	2.0
1314.2049600801085	0.02384000000006381	epochs	3.0
1314.2288000801086	0.023760000000038417	epochs	3.0
1314.2525600801087	0.04711999999994987	epochs	2.0
1314.2525600801087	0.02359999999998763	epochs	3.0
1314.2761600801086	0.023519999999962238	epochs	3.0
1314.2996800801086	0.04655999999999949	epochs	2.0
1314.2996800801086	0.023360000000138825	epochs	3.0
1314.3230400801087	0.023199999999860665	epochs	3.0
1314.3462400801086	0.046080000000074506	epochs	2.0
1314.3462400801086	0.023120000000062646	epochs	3.0
1314.3693600801087	0.02296000000001186	epochs	3.0
1314.3923200801087	0.04559999999992215	epochs	2.0
1314.3923200801087	0.022879999999986467	epochs	3.0
1314.4152000801087	0.02271999999993568	epochs	3.0
1314.4379200801086	0.04511999999999716	epochs	2.0
1314.4379200801086	0.02264000000013766	epochs	3.0
1314.4605600801087	0.0224799999998595	epochs	3.0
1314.4830400801086	0.04464000000007218	epochs	2.0
1314.4830400801086	0.022400000000061482	epochs	3.0
1314.5054400801087	0.022240000000010696	epochs	3.0
1314.5276800801087	0.04423999999994521	epochs	2.0
1314.5276800801087	0.022159999999985303	epochs	3.0
1314.5498400801087	0.02207999999995991	epochs	3.0
1314.5719200801086	0.04376000000002023	epochs	2.0
1314.5719200801086	0.021920000000136497	epochs	3.0
1314.5938400801087	0.02183999999988373	epochs	3.0
1314.6156800801086	0.043360000000120635	epochs	2.0
1314.6156800801086	0.02176000000008571	epochs	3.0
1314.6374400801087	0.021600000000034925	epochs	3.0
1314.6590400801088	0.04287999999996828	epochs	2.0
1314.6590400801088	0.02143999999998414	epochs	3.0
1314.6804800801087	0.02143999999998414	epochs	3.0
1314.7019200801087	0.04247999999984131	epochs	2.0
1314.7019200801087	0.021279999999933352	epochs	3.0
1314.7232000801087	0.02119999999990796	epochs	3.0
1314.7444000801086	0.04208000000016909	epochs	2.0
1314.7444000801086	0.021040000000084547	epochs	3.0
1314.7654400801086	0.021040000000084547	epochs	3.0
1314.7864800801087	0.041679999999814754	epochs	2.0
1314.7864800801087	0.020879999999806387	epochs	3.0
1314.8073600801085	0.020800000000008367	epochs	3.0
1314.8281600801085	0.04120000000011714	epochs	2.0
1314.8281600801085	0.020640000000184955	epochs	3.0
1314.8488000801087	0.020559999999932188	epochs	3.0
1314.8693600801087	0.04088000000001557	epochs	2.0
1314.8693600801087	0.020559999999932188	epochs	3.0
1314.8899200801086	0.020320000000083382	epochs	3.0
1314.9102400801087	0.040559999999914	epochs	2.0
1314.9102400801087	0.02031999999985601	epochs	3.0
1314.9305600801085	0.02024000000005799	epochs	3.0
1314.9508000801086	0.04007999999998901	epochs	2.0
1314.9508000801086	0.020080000000007203	epochs	3.0
1314.9708800801086	0.01999999999998181	epochs	3.0
1314.9908800801086	0.039760000000114815	epochs	2.0
1314.9908800801086	0.019919999999956417	epochs	3.0
1315.0108000801085	0.019840000000158398	epochs	3.0
1315.0306400801087	0.03944000000001324	epochs	2.0
1315.0306400801087	0.01975999999990563	epochs	3.0
1315.0504000801086	0.01968000000010761	epochs	3.0
1315.0700800801087	0.03903999999988628	epochs	2.0
1315.0700800801087	0.01951999999982945	epochs	3.0
1315.0896000801085	0.019520000000056825	epochs	3.0
1315.1091200801086	0.038639999999986685	epochs	2.0
1315.1091200801086	0.01936000000000604	epochs	3.0
1315.1284800801086	0.019279999999980646	epochs	3.0
1315.1477600801086	0.03840000000013788	epochs	2.0
1315.1477600801086	0.019279999999980646	epochs	3.0
1315.1670400801086	0.019120000000157233	epochs	3.0
1315.1861600801087	0.038000000000010914	epochs	2.0
1315.1861600801087	0.019039999999904467	epochs	3.0
1315.2052000801086	0.018960000000106447	epochs	3.0
1315.2241600801087	0.03767999999990934	epochs	2.0
1315.2241600801087	0.01887999999985368	epochs	3.0
1315.2430400801086	0.01880000000005566	epochs	3.0
1315.2618400801086	0.03736000000003514	epochs	2.0
1315.2618400801086	0.018720000000030268	epochs	3.0
1315.2805600801087	0.018640000000004875	epochs	3.0
1315.2992000801087	0.03703999999993357	epochs	2.0
1315.2992000801087	0.018559999999979482	epochs	3.0
1315.3177600801087	0.01847999999995409	epochs	3.0
1315.3362400801086	0.03672000000005937	epochs	2.0
1315.3362400801086	0.018399999999928696	epochs	3.0
1315.3546400801085	0.018320000000130676	epochs	3.0
1315.3729600801087	0.03647999999998319	epochs	2.0
1315.3729600801087	0.01823999999987791	epochs	3.0
1315.3912000801085	0.018240000000105283	epochs	3.0
1315.4094400801087	0.0360800000000836	epochs	2.0
1315.4094400801087	0.018080000000054497	epochs	3.0
1315.4275200801087	0.018000000000029104	epochs	3.0
1315.4455200801087	0.03584000000000742	epochs	2.0
1315.4455200801087	0.01792000000000371	epochs	3.0
1315.4634400801087	0.01792000000000371	epochs	3.0
1315.4813600801087	0.03551999999990585	epochs	2.0
1315.4813600801087	0.017759999999952925	epochs	3.0
1315.4991200801087	0.017759999999952925	epochs	3.0
1315.5168800801086	0.03520000000003165	epochs	2.0
1315.5168800801086	0.01767999999992753	epochs	3.0
1315.5345600801086	0.01752000000010412	epochs	3.0
1315.5520800801087	0.03495999999995547	epochs	2.0
1315.5520800801087	0.017519999999876745	epochs	3.0
1315.5696000801086	0.017440000000078726	epochs	3.0
1315.5870400801086	0.034720000000106666	epochs	2.0
1315.5870400801086	0.017440000000078726	epochs	3.0
1315.6044800801087	0.01728000000002794	epochs	3.0
1315.6217600801087	0.03440000000000509	epochs	2.0
1315.6217600801087	0.017200000000002547	epochs	3.0
1315.6389600801087	0.017200000000002547	epochs	3.0
1315.6561600801087	0.034159999999928914	epochs	2.0
1315.6561600801087	0.017119999999977153	epochs	3.0
1315.6732800801087	0.01703999999995176	epochs	3.0
1315.6903200801087	0.033840000000054715	epochs	2.0
1315.6903200801087	0.016959999999926367	epochs	3.0
1315.7072800801086	0.016880000000128348	epochs	3.0
1315.7241600801087	0.033599999999978536	epochs	2.0
1315.7241600801087	0.01679999999987558	epochs	3.0
1315.7409600801086	0.016800000000102955	epochs	3.0
1315.7577600801087	0.03335999999990236	epochs	2.0
1315.7577600801087	0.016719999999850188	epochs	3.0
1315.7744800801086	0.01664000000005217	epochs	3.0
1315.7911200801086	0.03312000000005355	epochs	2.0
1315.7911200801086	0.016560000000026776	epochs	3.0
1315.8076800801086	0.016560000000026776	epochs	3.0
1315.8242400801087	0.03279999999995198	epochs	2.0
1315.8242400801087	0.01639999999997599	epochs	3.0
1315.8406400801086	0.01639999999997599	epochs	3.0
1315.8570400801086	0.03256000000010317	epochs	2.0
1315.8570400801086	0.016319999999950596	epochs	3.0
1315.8733600801086	0.016240000000152577	epochs	3.0
1315.8896000801087	0.03239999999982501	epochs	2.0
1315.8896000801087	0.016239999999925203	epochs	3.0
1315.9058400801086	0.01615999999989981	epochs	3.0
1315.9220000801085	0.03208000000017819	epochs	2.0
1315.9220000801085	0.01608000000010179	epochs	3.0
1315.9380800801086	0.016000000000076398	epochs	3.0
1315.9540800801087	0.03191999999990003	epochs	2.0
1315.9540800801087	0.015999999999849024	epochs	3.0
1315.9700800801086	0.015920000000051004	epochs	3.0
1315.9860000801086	0.03160000000002583	epochs	2.0
1315.9860000801086	0.01584000000002561	epochs	3.0
1316.0018400801086	0.01576000000000022	epochs	3.0
1316.0176000801087	0.03143999999997504	epochs	2.0
1316.0176000801087	0.01576000000000022	epochs	3.0
1316.0333600801087	0.015679999999974825	epochs	3.0
1316.0490400801086	0.031200000000126238	epochs	2.0
1316.0490400801086	0.015599999999949432	epochs	3.0
1316.0646400801086	0.015600000000176806	epochs	3.0
1316.0802400801088	0.030959999999822685	epochs	2.0
1316.0802400801088	0.015519999999924039	epochs	3.0
1316.0957600801087	0.015439999999898646	epochs	3.0
1316.1112000801086	0.03071999999997388	epochs	2.0
1316.1112000801086	0.01544000000012602	epochs	3.0
1316.1266400801087	0.01527999999984786	epochs	3.0
1316.1419200801085	0.030560000000150467	epochs	2.0
1316.1419200801085	0.015360000000100626	epochs	3.0
1316.1572800801086	0.01520000000004984	epochs	3.0
1316.1724800801087	0.030319999999846914	epochs	2.0
1316.1724800801087	0.01520000000004984	epochs	3.0
1316.1876800801087	0.015119999999797074	epochs	3.0
1316.2028000801085	0.030079999999998108	epochs	2.0
1316.2028000801085	0.015120000000024447	epochs	3.0
1316.2179200801086	0.014959999999973661	epochs	3.0
1316.2328800801085	0.029920000000174696	epochs	2.0
1316.2328800801085	0.015039999999999054	epochs	3.0
1316.2479200801085	0.014880000000175642	epochs	3.0
1316.2628000801087	0.029679999999871143	epochs	2.0
1316.2628000801087	0.014879999999948268	epochs	3.0
1316.2776800801087	0.014799999999922875	epochs	3.0
1316.2924800801086	0.02952000000004773	epochs	2.0
1316.2924800801086	0.014800000000150249	epochs	3.0
1316.3072800801087	0.014719999999897482	epochs	3.0
1316.3220000801086	0.02927999999997155	epochs	2.0
1316.3220000801086	0.014719999999897482	epochs	3.0
1316.3367200801085	0.01456000000007407	epochs	3.0
1316.3512800801086	0.02912000000014814	epochs	2.0
1316.3512800801086	0.014640000000099462	epochs	3.0
1316.3659200801087	0.014480000000048676	epochs	3.0
1316.3804000801088	0.02895999999986998	epochs	2.0
1316.3804000801088	0.014479999999821302	epochs	3.0
1316.3948800801086	0.014480000000048676	epochs	3.0
1316.4093600801086	0.02863999999999578	epochs	2.0
1316.4093600801086	0.01431999999999789	epochs	3.0
1316.4236800801086	0.01431999999999789	epochs	3.0
1316.4380000801086	0.028559999999970387	epochs	2.0
1316.4380000801086	0.01431999999999789	epochs	3.0
1316.4523200801086	0.014239999999972497	epochs	3.0
1316.4665600801086	0.02832000000012158	epochs	2.0
1316.4665600801086	0.014159999999947104	epochs	3.0
1316.4807200801085	0.014160000000174477	epochs	3.0
1316.4948800801087	0.02815999999984342	epochs	2.0
1316.4948800801087	0.014159999999947104	epochs	3.0
1316.5090400801087	0.013999999999896318	epochs	3.0
1316.5230400801086	0.02800000000002001	epochs	2.0
1316.5230400801086	0.014000000000123691	epochs	3.0
1316.5370400801087	0.013999999999896318	epochs	3.0
1316.5510400801086	0.027760000000171203	epochs	2.0
1316.5510400801086	0.013920000000098298	epochs	3.0
1316.5649600801087	0.013840000000072905	epochs	3.0
1316.5788000801087	0.027679999999918437	epochs	2.0
1316.5788000801087	0.013839999999845531	epochs	3.0
1316.5926400801086	0.013840000000072905	epochs	3.0
1316.6064800801087	0.02744000000006963	epochs	2.0
1316.6064800801087	0.013760000000047512	epochs	3.0
1316.6202400801087	0.013680000000022119	epochs	3.0
1316.6339200801087	0.027280000000018845	epochs	2.0
1316.6339200801087	0.013679999999794745	epochs	3.0
1316.6476000801085	0.0136000000002241	epochs	3.0
1316.6612000801088	0.02711999999996806	epochs	2.0
1316.6612000801088	0.013519999999971333	epochs	3.0
1316.6747200801087	0.013599999999996726	epochs	3.0
1316.6883200801087	0.02687999999989188	epochs	2.0
1316.6883200801087	0.01343999999994594	epochs	3.0
1316.7017600801087	0.01343999999994594	epochs	3.0
1316.7152000801086	0.02680000000009386	epochs	2.0
1316.7152000801086	0.01343999999994594	epochs	3.0
1316.7286400801086	0.01336000000014792	epochs	3.0
1316.7420000801087	0.02656000000001768	epochs	2.0
1316.7420000801087	0.013279999999895153	epochs	3.0
1316.7552800801086	0.013280000000122527	epochs	3.0
1316.7685600801087	0.026479999999992287	epochs	2.0
1316.7685600801087	0.013279999999895153	epochs	3.0
1316.7818400801086	0.013200000000097134	epochs	3.0
1316.7950400801087	0.026239999999916108	epochs	2.0
1316.7950400801087	0.013119999999844367	epochs	3.0
1316.8081600801086	0.013120000000071741	epochs	3.0
1316.8212800801086	0.02616000000011809	epochs	2.0
1316.8212800801086	0.013120000000071741	epochs	3.0
1316.8344000801087	0.013040000000046348	epochs	3.0
1316.8474400801088	0.02599999999983993	epochs	2.0
1316.8474400801088	0.013039999999818974	epochs	3.0
1316.8604800801086	0.012960000000020955	epochs	3.0
1316.8734400801086	0.025759999999991123	epochs	2.0
1316.8734400801086	0.012879999999995562	epochs	3.0
1316.8863200801086	0.012879999999995562	epochs	3.0
1316.8992000801086	0.02567999999996573	epochs	2.0
1316.8992000801086	0.012879999999995562	epochs	3.0
1316.9120800801086	0.012799999999970169	epochs	3.0
1316.9248800801086	0.025520000000142318	epochs	2.0
1316.9248800801086	0.012800000000197542	epochs	3.0
1316.9376800801087	0.012719999999944775	epochs	3.0
1316.9504000801087	0.025359999999864158	epochs	2.0
1316.9504000801087	0.012719999999944775	epochs	3.0
1316.9631200801086	0.012639999999919382	epochs	3.0
1316.9757600801086	0.025200000000040745	epochs	2.0
1316.9757600801086	0.012640000000146756	epochs	3.0
1316.9884000801087	0.01255999999989399	epochs	3.0
1317.0009600801086	0.024560000000064974	epochs	2.0
1317.0248838801087	0.5	epochs	-1.0
1317.0255200801087	0.9999199999999746	epochs	1.0
1317.5248838801087	0.5	epochs	-1.0
1339.4840002059937	0.059520000000020445	epochs	0.0
1339.4840002059937	0.024719999999888387	epochs	1.0
1339.5087202059935	0.010080000000016298	epochs	1.0
1339.5188002059936	0.02472000000011576	epochs	1.0
1339.5435202059937	0.2299199999999928	epochs	0.0
1339.5435202059937	0.049999999999954525	epochs	1.0
1339.5935202059936	0.009999999999990905	epochs	1.0
1339.6035202059936	0.049999999999954525	epochs	1.0
1339.6535202059936	0.009999999999990905	epochs	1.0
1339.6635202059936	0.0500000000001819	epochs	1.0
1339.7135202059937	0.009999999999990905	epochs	1.0
1339.7235202059937	0.04991999999992913	epochs	1.0
