onset	duration	nwb_table	treelevel
8.212000370025635	0.09999999999999964	epochs	0.0
8.212000370025635	0.04499999999999993	epochs	1.0
8.257000370025635	0.010004999999999598	epochs	1.0
8.267005370025634	0.04499500000000012	epochs	1.0
8.312000370025634	0.7049950000000003	epochs	0.0
8.312000370025634	0.5	epochs	-1.0
8.312000370025634	0.5	epochs	-1.0
8.312000370025634	0.5	epochs	1.0
8.812000370025634	0.0600000000000005	epochs	-1.0
8.812000370025634	0.025000000000000355	epochs	-1.0
8.812000370025634	0.025000000000000355	epochs	1.0
8.837000370025635	0.009999999999999787	epochs	-1.0
8.837000370025635	0.009999999999999787	epochs	1.0
8.847000370025635	0.025000000000000355	epochs	-1.0
8.847000370025635	0.025000000000000355	epochs	1.0
8.872000370025635	0.0600000000000005	epochs	-1.0
8.872000370025635	0.025000000000000355	epochs	-1.0
8.872000370025635	0.025000000000000355	epochs	1.0
8.897000370025635	0.009999999999999787	epochs	-1.0
8.897000370025635	0.009999999999999787	epochs	1.0
8.907000370025635	0.025000000000000355	epochs	-1.0
8.907000370025635	0.025000000000000355	epochs	1.0
8.932000370025635	0.05999999999999872	epochs	-1.0
8.932000370025635	0.02499999999999858	epochs	-1.0
8.932000370025635	0.02499999999999858	epochs	1.0
8.957000370025634	0.010000000000001563	epochs	-1.0
8.957000370025634	0.010000000000001563	epochs	1.0
8.967000370025636	0.02499999999999858	epochs	-1.0
8.967000370025636	0.02499999999999858	epochs	1.0
8.992000370025634	0.024995000000000545	epochs	1.0
243.7180004119873	0.09999999999999432	epochs	0.0
243.7180004119873	0.044999999999987494	epochs	1.0
243.7630004119873	0.010005000000006703	epochs	1.0
243.7730054119873	0.04499500000000012	epochs	1.0
243.8180004119873	0.7049949999999967	epochs	0.0
243.8180004119873	0.5	epochs	-1.0
243.8180004119873	0.5	epochs	1.0
244.3180004119873	0.060000000000002274	epochs	-1.0
244.3180004119873	0.025000000000005684	epochs	-1.0
244.3180004119873	0.025000000000005684	epochs	1.0
244.3430004119873	0.009999999999990905	epochs	-1.0
244.3430004119873	0.009999999999990905	epochs	1.0
244.3530004119873	0.025000000000005684	epochs	-1.0
244.3530004119873	0.025000000000005684	epochs	1.0
244.3780004119873	0.060000000000002274	epochs	-1.0
244.3780004119873	0.025000000000005684	epochs	-1.0
244.3780004119873	0.025000000000005684	epochs	1.0
244.4030004119873	0.009999999999990905	epochs	-1.0
244.4030004119873	0.009999999999990905	epochs	1.0
244.4130004119873	0.025000000000005684	epochs	-1.0
244.4130004119873	0.025000000000005684	epochs	1.0
244.4380004119873	0.060000000000002274	epochs	-1.0
244.4380004119873	0.025000000000005684	epochs	-1.0
244.4380004119873	0.025000000000005684	epochs	1.0
244.4630004119873	0.009999999999990905	epochs	-1.0
244.4630004119873	0.009999999999990905	epochs	1.0
244.4730004119873	0.025000000000005684	epochs	-1.0
244.4730004119873	0.025000000000005684	epochs	1.0
244.4980004119873	0.024994999999989886	epochs	1.0
308.0390000343323	0.10000000000002274	epochs	0.0
308.0390000343323	0.045000000000015916	epochs	1.0
308.0840000343323	0.010004999999978281	epochs	1.0
308.09400503433227	0.04499500000002854	epochs	1.0
308.1390000343323	61.384995	epochs	0.0
308.1390000343323	0.5	epochs	-1.0
308.1390000343323	0.5	epochs	-1.0
308.1390000343323	0.5	epochs	1.0
308.6390000343323	0.060000000000002274	epochs	-1.0
308.6390000343323	0.024999999999977263	epochs	-1.0
308.6390000343323	0.024999999999977263	epochs	1.0
308.6640000343323	0.009999999999990905	epochs	-1.0
308.6640000343323	0.009999999999990905	epochs	1.0
308.67400003433227	0.025000000000034106	epochs	-1.0
308.67400003433227	0.025000000000034106	epochs	1.0
308.6990000343323	0.060000000000002274	epochs	-1.0
308.6990000343323	0.024999999999977263	epochs	-1.0
308.6990000343323	0.024999999999977263	epochs	1.0
308.7240000343323	0.009999999999990905	epochs	-1.0
308.7240000343323	0.009999999999990905	epochs	1.0
308.73400003433227	0.025000000000034106	epochs	-1.0
308.73400003433227	0.025000000000034106	epochs	1.0
308.7590000343323	0.05999999999994543	epochs	-1.0
308.7590000343323	0.024999999999977263	epochs	-1.0
308.7590000343323	0.024999999999977263	epochs	1.0
308.7840000343323	0.009999999999990905	epochs	-1.0
308.7840000343323	0.009999999999990905	epochs	1.0
308.79400003433227	0.024999999999977263	epochs	-1.0
308.79400003433227	0.024999999999977263	epochs	1.0
308.81900003433225	60.0	epochs	1.0
368.81900003433225	0.5	epochs	-1.0
368.81900003433225	0.5	epochs	-1.0
368.81900003433225	0.5	epochs	1.0
369.31900003433225	0.06000000000005912	epochs	-1.0
369.31900003433225	0.025000000000034106	epochs	-1.0
369.31900003433225	0.025000000000034106	epochs	1.0
369.3440000343323	0.009999999999990905	epochs	-1.0
369.3440000343323	0.009999999999990905	epochs	1.0
369.3540000343323	0.025000000000034106	epochs	-1.0
369.3540000343323	0.025000000000034106	epochs	1.0
369.3790000343323	0.05999999999994543	epochs	-1.0
369.3790000343323	0.024999999999977263	epochs	-1.0
369.3790000343323	0.024999999999977263	epochs	1.0
369.4040000343323	0.009999999999990905	epochs	-1.0
369.4040000343323	0.009999999999990905	epochs	1.0
369.4140000343323	0.024999999999977263	epochs	-1.0
369.4140000343323	0.024999999999977263	epochs	1.0
369.43900003433225	0.060000000000002274	epochs	-1.0
369.43900003433225	0.025000000000034106	epochs	-1.0
369.43900003433225	0.025000000000034106	epochs	1.0
369.4640000343323	0.009999999999990905	epochs	-1.0
369.4640000343323	0.009999999999990905	epochs	1.0
369.4740000343323	0.024999999999977263	epochs	-1.0
369.4740000343323	0.024999999999977263	epochs	1.0
369.49900003433225	0.02499500000004673	epochs	1.0
399.22100019454956	0.10000000000002274	epochs	0.0
399.22100019454956	0.045000000000015916	epochs	1.0
399.2660001945496	0.010004999999978281	epochs	1.0
399.27600519454955	0.04499500000002854	epochs	1.0
399.3210001945496	0.5399199999999951	epochs	0.0
399.3210001945496	0.5	epochs	-1.0
399.3210001945496	0.5	epochs	-1.0
399.3210001945496	0.5	epochs	1.0
399.8210001945496	0.03991999999999507	epochs	-1.0
399.8210001945496	0.024999999999977263	epochs	-1.0
399.8210001945496	0.024999999999977263	epochs	1.0
399.84600019454956	0.009999999999990905	epochs	-1.0
399.84600019454956	0.009999999999990905	epochs	1.0
399.85600019454955	0.004920000000026903	epochs	-1.0
399.85600019454955	0.004920000000026903	epochs	1.0
399.8609201945496	0.16507500000000164	epochs	0.0
400.97100019454956	0.10000000000002274	epochs	0.0
400.97100019454956	0.045000000000015916	epochs	1.0
401.0160001945496	0.010004999999978281	epochs	1.0
401.02600519454955	0.04499500000002854	epochs	1.0
401.0710001945496	0.5399099999999635	epochs	0.0
401.0710001945496	0.5	epochs	-1.0
401.0710001945496	0.5	epochs	-1.0
401.0710001945496	0.5	epochs	1.0
401.5710001945496	0.039909999999963475	epochs	-1.0
401.5710001945496	0.024999999999977263	epochs	-1.0
401.5710001945496	0.024999999999977263	epochs	1.0
401.59600019454956	0.009999999999990905	epochs	-1.0
401.59600019454956	0.009999999999990905	epochs	1.0
401.60600019454955	0.004909999999995307	epochs	-1.0
401.60600019454955	0.004909999999995307	epochs	1.0
401.61091019454955	0.16508500000003323	epochs	0.0
402.63700008392334	0.10000000000002274	epochs	0.0
402.63700008392334	0.045000000000015916	epochs	1.0
402.68200008392336	0.010004999999978281	epochs	1.0
402.69200508392333	0.04499500000002854	epochs	1.0
402.73700008392336	0.5399499999999762	epochs	0.0
402.73700008392336	0.5	epochs	-1.0
402.73700008392336	0.5	epochs	-1.0
402.73700008392336	0.5	epochs	1.0
403.23700008392336	0.03994999999997617	epochs	-1.0
403.23700008392336	0.024999999999977263	epochs	-1.0
403.23700008392336	0.024999999999977263	epochs	1.0
403.26200008392334	0.009999999999990905	epochs	-1.0
403.26200008392334	0.009999999999990905	epochs	1.0
403.27200008392333	0.0049500000000080036	epochs	-1.0
403.27200008392333	0.0049500000000080036	epochs	1.0
403.27695008392334	0.16504500000002054	epochs	0.0
494.3029999732971	0.08679999999998245	epochs	0.0
494.3029999732971	0.03840000000002419	epochs	1.0
494.34139997329714	0.010019999999997253	epochs	1.0
494.35141997329714	0.038379999999961	epochs	1.0
494.3897999732971	5.999979999999994	epochs	0.0
494.3897999732971	0.5	epochs	1.0
494.3898055732971	0.5	epochs	-1.0
494.3898055732971	0.5	epochs	-1.0
494.8897999732971	5.0	epochs	1.0
499.8897999732971	0.49997999999999365	epochs	1.0
499.8898055732971	0.49997439999998505	epochs	-1.0
509.57100009918213	0.08679999999998245	epochs	0.0
509.57100009918213	0.03840000000002419	epochs	1.0
509.60940009918215	0.010019999999997253	epochs	1.0
509.61942009918215	0.038379999999961	epochs	1.0
509.6578000991821	2.5130600000000527	epochs	0.0
509.6578000991821	0.5	epochs	1.0
509.6578056991821	0.5	epochs	-1.0
510.1578000991821	1.0	epochs	1.0
511.1578000991821	1.0130600000000527	epochs	1.0
511.6578056991821	0.5000000000000568	epochs	-1.0
512.1708600991822	0.986919999999941	epochs	0.0
513.3540000915527	0.08680000000003929	epochs	0.0
513.3540000915527	0.03840000000002419	epochs	1.0
513.3924000915528	0.01001999999994041	epochs	1.0
513.4024200915527	0.03838000000007469	epochs	1.0
513.4408000915528	2.5130399999999327	epochs	0.0
513.4408000915528	0.5	epochs	1.0
513.4408056915528	0.5	epochs	-1.0
513.9408000915528	1.0	epochs	1.0
514.9408000915528	1.0130399999999327	epochs	1.0
515.4408056915528	0.5	epochs	-1.0
515.9538400915527	0.9869400000000041	epochs	0.0
517.1440000534058	0.08680000000003929	epochs	0.0
517.1440000534058	0.03840000000002419	epochs	1.0
517.1824000534058	0.01001999999994041	epochs	1.0
517.1924200534057	0.03838000000007469	epochs	1.0
517.2308000534058	2.514059999999972	epochs	0.0
517.2308000534058	0.5	epochs	1.0
517.2308056534058	0.5	epochs	-1.0
517.7308000534058	1.0	epochs	1.0
518.7308000534058	1.0140599999999722	epochs	1.0
519.2308056534058	0.5	epochs	-1.0
519.7448600534058	0.9859199999999646	epochs	0.0
520.9610004425049	0.08680000000003929	epochs	0.0
520.9610004425049	0.03840000000002419	epochs	1.0
520.9994004425049	0.01001999999994041	epochs	1.0
521.0094204425048	0.03838000000007469	epochs	1.0
521.0478004425049	2.5140799999999217	epochs	0.0
521.0478004425049	0.5	epochs	1.0
521.0478060425049	0.5	epochs	-1.0
521.5478004425049	1.0	epochs	1.0
522.5478004425049	1.0140799999999217	epochs	1.0
523.0478060425049	0.5	epochs	-1.0
523.5618804425048	0.9859000000000151	epochs	0.0
524.7940001487732	0.08680000000003929	epochs	0.0
524.7940001487732	0.03840000000002419	epochs	1.0
524.8324001487732	0.01001999999994041	epochs	1.0
524.8424201487732	0.03838000000007469	epochs	1.0
524.8808001487732	2.5130799999999454	epochs	0.0
524.8808001487732	0.5	epochs	1.0
524.8808057487732	0.5	epochs	-1.0
525.3808001487732	1.0	epochs	1.0
526.3808001487732	1.0130799999999454	epochs	1.0
526.8808057487732	0.5	epochs	-1.0
527.3938801487732	0.9868999999999915	epochs	0.0
528.7130002975464	0.15297999999995682	epochs	0.0
528.7130002975464	0.049999999999954525	epochs	1.0
528.7630002975463	0.0030000000000427463	epochs	1.0
528.7660002975464	0.09997999999995955	epochs	1.0
530.2130002975464	0.15297999999995682	epochs	0.0
530.2130002975464	0.049999999999954525	epochs	1.0
530.2630002975463	0.0030000000000427463	epochs	1.0
530.2660002975464	0.09997999999995955	epochs	1.0
531.6800003051758	0.15297999999995682	epochs	0.0
531.6800003051758	0.049999999999954525	epochs	1.0
531.7300003051757	0.0030000000000427463	epochs	1.0
531.7330003051758	0.09997999999995955	epochs	1.0
533.1470003128052	0.15297999999995682	epochs	0.0
533.1470003128052	0.049999999999954525	epochs	1.0
533.1970003128051	0.0030000000000427463	epochs	1.0
533.2000003128052	0.09997999999995955	epochs	1.0
534.5970001220703	0.15297999999995682	epochs	0.0
534.5970001220703	0.049999999999954525	epochs	1.0
534.6470001220703	0.0030000000000427463	epochs	1.0
534.6500001220703	0.09997999999995955	epochs	1.0
536.081000328064	0.15297999999995682	epochs	0.0
536.081000328064	0.049999999999954525	epochs	1.0
536.1310003280639	0.0030000000000427463	epochs	1.0
536.134000328064	0.09997999999995955	epochs	1.0
537.581000328064	0.15297999999995682	epochs	0.0
537.581000328064	0.049999999999954525	epochs	1.0
537.6310003280639	0.0030000000000427463	epochs	1.0
537.634000328064	0.09997999999995955	epochs	1.0
539.0980000495911	0.15297999999995682	epochs	0.0
539.0980000495911	0.049999999999954525	epochs	1.0
539.148000049591	0.0030000000000427463	epochs	1.0
539.1510000495911	0.09997999999995955	epochs	1.0
540.6310000419617	0.15297999999995682	epochs	0.0
540.6310000419617	0.049999999999954525	epochs	1.0
540.6810000419616	0.0030000000000427463	epochs	1.0
540.6840000419617	0.09997999999995955	epochs	1.0
542.1810002326965	0.15297999999995682	epochs	0.0
542.1810002326965	0.049999999999954525	epochs	1.0
542.2310002326965	0.0030000000000427463	epochs	1.0
542.2340002326965	0.09997999999995955	epochs	1.0
543.7310004234314	0.15297999999995682	epochs	0.0
543.7310004234314	0.049999999999954525	epochs	1.0
543.7810004234314	0.0030000000000427463	epochs	1.0
543.7840004234314	0.09997999999995955	epochs	1.0
545.3150000572205	0.15297999999995682	epochs	0.0
545.3150000572205	0.049999999999954525	epochs	1.0
545.3650000572204	0.0030000000000427463	epochs	1.0
545.3680000572205	0.09997999999995955	epochs	1.0
546.8980002403259	0.15297999999995682	epochs	0.0
546.8980002403259	0.049999999999954525	epochs	1.0
546.9480002403259	0.0030000000000427463	epochs	1.0
546.9510002403259	0.09997999999995955	epochs	1.0
548.4980001449585	0.15297999999995682	epochs	0.0
548.4980001449585	0.049999999999954525	epochs	1.0
548.5480001449585	0.0030000000000427463	epochs	1.0
548.5510001449585	0.09997999999995955	epochs	1.0
550.1319999694824	0.15297999999995682	epochs	0.0
550.1319999694824	0.049999999999954525	epochs	1.0
550.1819999694824	0.0030000000000427463	epochs	1.0
550.1849999694824	0.09997999999995955	epochs	1.0
551.7980003356934	0.08680000000003929	epochs	0.0
551.7980003356934	0.03840000000002419	epochs	1.0
551.8364003356934	0.01001999999994041	epochs	1.0
551.8464203356933	0.03838000000007469	epochs	1.0
551.8848003356934	1.5130599999999959	epochs	0.0
551.8848003356934	0.5	epochs	1.0
551.8848059356934	0.5	epochs	-1.0
552.3848003356934	0.0029999999999290594	epochs	1.0
552.3878003356933	1.0100600000000668	epochs	1.0
552.8878059356933	0.5	epochs	-1.0
553.3978603356934	0.08992000000000644	epochs	0.0
554.8980002403259	0.08680000000003929	epochs	0.0
554.8980002403259	0.03840000000002419	epochs	1.0
554.936400240326	0.01001999999994041	epochs	1.0
554.9464202403259	0.03838000000007469	epochs	1.0
554.984800240326	1.5130599999999959	epochs	0.0
554.984800240326	0.5	epochs	1.0
554.984805840326	0.5	epochs	-1.0
555.484800240326	0.0029999999999290594	epochs	1.0
555.4878002403259	1.0100600000000668	epochs	1.0
555.9878058403259	0.5	epochs	-1.0
556.497860240326	0.08992000000000644	epochs	0.0
557.9880003929138	0.6499800000000278	epochs	0.0
557.9880003929138	0.049999999999954525	epochs	1.0
558.0380003929138	0.5	epochs	1.0
558.5380003929138	0.09998000000007323	epochs	1.0
560.1720004081726	0.6499800000000278	epochs	0.0
560.1720004081726	0.049999999999954525	epochs	1.0
560.2220004081726	0.5	epochs	1.0
560.7220004081726	0.09998000000007323	epochs	1.0
562.3550000190735	0.6499800000000278	epochs	0.0
562.3550000190735	0.049999999999954525	epochs	1.0
562.4050000190734	0.5	epochs	1.0
562.9050000190734	0.09998000000007323	epochs	1.0
564.5220003128052	0.6499800000000278	epochs	0.0
564.5220003128052	0.049999999999954525	epochs	1.0
564.5720003128051	0.5	epochs	1.0
565.0720003128051	0.09998000000007323	epochs	1.0
566.7710003852844	0.6499800000000278	epochs	0.0
566.7710003852844	0.049999999999954525	epochs	1.0
566.8210003852844	0.5	epochs	1.0
567.3210003852844	0.09998000000007323	epochs	1.0
568.9710001945496	0.6499800000000278	epochs	0.0
568.9710001945496	0.049999999999954525	epochs	1.0
569.0210001945495	0.5	epochs	1.0
569.5210001945495	0.09998000000007323	epochs	1.0
571.2369999885559	0.6499800000000278	epochs	0.0
571.2369999885559	0.049999999999954525	epochs	1.0
571.2869999885559	0.5	epochs	1.0
571.7869999885559	0.09998000000007323	epochs	1.0
573.5040001869202	0.6499800000000278	epochs	0.0
573.5040001869202	0.049999999999954525	epochs	1.0
573.5540001869201	0.5	epochs	1.0
574.0540001869201	0.09998000000007323	epochs	1.0
575.7520003318787	0.08680000000003929	epochs	0.0
575.7520003318787	0.03840000000002419	epochs	1.0
575.7904003318787	0.01001999999994041	epochs	1.0
575.8004203318786	0.03838000000007469	epochs	1.0
575.8388003318787	2.5130799999999454	epochs	0.0
575.8388003318787	0.5	epochs	1.0
575.8388059318787	0.5	epochs	-1.0
576.3388003318787	1.0	epochs	1.0
577.3388003318787	1.0130799999999454	epochs	1.0
577.8388059318787	0.5	epochs	-1.0
578.3518803318786	2.9868999999999915	epochs	0.0
580.9190001487732	0.08680000000003929	epochs	0.0
580.9190001487732	0.03840000000002419	epochs	1.0
580.9574001487732	0.01001999999994041	epochs	1.0
580.9674201487732	0.03838000000007469	epochs	1.0
581.0058001487732	2.5131000000000085	epochs	0.0
581.0058001487732	0.5	epochs	1.0
581.0058057487732	0.5	epochs	-1.0
581.5058001487732	1.0	epochs	1.0
582.5058001487732	1.0131000000000085	epochs	1.0
583.0058057487732	0.5	epochs	-1.0
583.5189001487732	2.9868799999999283	epochs	0.0
586.1900000572205	0.08680000000003929	epochs	0.0
586.1900000572205	0.03840000000002419	epochs	1.0
586.2284000572205	0.01001999999994041	epochs	1.0
586.2384200572204	0.03838000000007469	epochs	1.0
586.2768000572205	2.5131000000000085	epochs	0.0
586.2768000572205	0.5	epochs	1.0
586.2768056572205	0.5	epochs	-1.0
586.7768000572205	1.0	epochs	1.0
587.7768000572205	1.0131000000000085	epochs	1.0
588.2768056572205	0.5	epochs	-1.0
588.7899000572205	3.9868799999999283	epochs	0.0
590.5060000419617	0.08680000000003929	epochs	0.0
590.5060000419617	0.03840000000002419	epochs	1.0
590.5444000419617	0.01001999999994041	epochs	1.0
590.5544200419616	0.03838000000007469	epochs	1.0
590.5928000419617	2.5131000000000085	epochs	0.0
590.5928000419617	0.5	epochs	1.0
590.5928056419617	0.5	epochs	-1.0
591.0928000419617	1.0	epochs	1.0
592.0928000419617	1.0131000000000085	epochs	1.0
592.5928056419617	0.5	epochs	-1.0
593.1059000419617	3.9868799999999283	epochs	0.0
594.8060002326965	0.08680000000003929	epochs	0.0
594.8060002326965	0.03840000000002419	epochs	1.0
594.8444002326966	0.01001999999994041	epochs	1.0
594.8544202326965	0.03838000000007469	epochs	1.0
594.8928002326966	2.5131000000000085	epochs	0.0
594.8928002326966	0.5	epochs	1.0
594.8928058326966	0.5	epochs	-1.0
595.3928002326966	1.0	epochs	1.0
596.3928002326966	1.0131000000000085	epochs	1.0
596.8928058326966	0.5	epochs	-1.0
597.4059002326966	3.9868799999999283	epochs	0.0
599.1319999694824	0.08680000000003929	epochs	0.0
599.1319999694824	0.03840000000002419	epochs	1.0
599.1703999694824	0.01001999999994041	epochs	1.0
599.1804199694824	0.03838000000007469	epochs	1.0
599.2187999694825	2.513059999999996	epochs	0.0
599.2187999694825	0.5	epochs	1.0
599.2188055694825	0.5	epochs	-1.0
599.7187999694825	1.0	epochs	1.0
600.7187999694825	1.0130599999999959	epochs	1.0
601.2188055694825	0.5	epochs	-1.0
601.7318599694825	3.986919999999941	epochs	0.0
604.0150003433228	0.08680000000003929	epochs	0.0
604.0150003433228	0.03840000000002419	epochs	1.0
604.0534003433228	0.01001999999994041	epochs	1.0
604.0634203433227	0.03838000000007469	epochs	1.0
604.1018003433228	2.534080000000017	epochs	0.0
604.1018003433228	0.5	epochs	1.0
604.1018059433228	0.5	epochs	-1.0
604.6018003433228	1.0	epochs	1.0
605.6018003433228	1.0340800000000172	epochs	1.0
606.1018059433228	0.5	epochs	-1.0
606.6358803433228	7.96589999999992	epochs	0.0
619.1720004081726	0.08680000000003929	epochs	0.0
619.1720004081726	0.03840000000002419	epochs	1.0
619.2104004081726	0.01001999999994041	epochs	1.0
619.2204204081726	0.03838000000007469	epochs	1.0
619.2588004081726	2.513059999999996	epochs	0.0
619.2588004081726	0.5	epochs	1.0
619.2588060081727	0.5	epochs	-1.0
619.7588004081726	1.0	epochs	1.0
620.7588004081726	1.0130599999999959	epochs	1.0
621.2588060081727	0.5	epochs	-1.0
621.7718604081726	7.986919999999941	epochs	0.0
634.3000001907349	0.08680000000003929	epochs	0.0
634.3000001907349	0.03840000000002419	epochs	1.0
634.3384001907349	0.01001999999994041	epochs	1.0
634.3484201907348	0.03838000000007469	epochs	1.0
634.3868001907349	2.513119999999958	epochs	0.0
634.3868001907349	0.5	epochs	1.0
634.3868057907349	0.5	epochs	-1.0
634.8868001907349	1.0	epochs	1.0
635.8868001907349	1.013119999999958	epochs	1.0
636.3868057907349	0.5	epochs	-1.0
636.8999201907349	7.986859999999979	epochs	0.0
649.4750003814697	0.08680000000003929	epochs	0.0
649.4750003814697	0.03840000000002419	epochs	1.0
649.5134003814698	0.01001999999994041	epochs	1.0
649.5234203814697	0.03838000000007469	epochs	1.0
649.5618003814698	2.513059999999996	epochs	0.0
649.5618003814698	0.5	epochs	1.0
649.5618059814698	0.5	epochs	-1.0
650.0618003814698	1.0	epochs	1.0
651.0618003814698	1.0130599999999959	epochs	1.0
651.5618059814698	0.5	epochs	-1.0
652.0748603814698	7.986919999999941	epochs	0.0
664.6480002403259	0.08680000000003929	epochs	0.0
664.6480002403259	0.03840000000002419	epochs	1.0
664.686400240326	0.01001999999994041	epochs	1.0
664.6964202403259	0.03838000000007469	epochs	1.0
664.734800240326	2.5130799999999454	epochs	0.0
664.734800240326	0.5	epochs	1.0
664.734805840326	0.5	epochs	-1.0
665.234800240326	1.0	epochs	1.0
666.234800240326	1.0130799999999454	epochs	1.0
666.734805840326	0.5	epochs	-1.0
667.2478802403259	7.9868999999999915	epochs	0.0
679.826000213623	0.08680000000003929	epochs	0.0
679.826000213623	0.03840000000002419	epochs	1.0
679.8644002136231	0.01001999999994041	epochs	1.0
679.874420213623	0.03838000000007469	epochs	1.0
679.9128002136231	2.514059999999972	epochs	0.0
679.9128002136231	0.5	epochs	1.0
679.9128058136231	0.5	epochs	-1.0
680.4128002136231	1.0	epochs	1.0
681.4128002136231	1.0140599999999722	epochs	1.0
681.9128058136231	0.5	epochs	-1.0
682.4268602136231	7.985919999999965	epochs	0.0
695.0130000114441	0.08680000000003929	epochs	0.0
695.0130000114441	0.03840000000002419	epochs	1.0
695.0514000114441	0.01001999999994041	epochs	1.0
695.061420011444	0.03838000000007469	epochs	1.0
695.0998000114441	2.5140799999999217	epochs	0.0
695.0998000114441	0.5	epochs	1.0
695.0998056114441	0.5	epochs	-1.0
695.5998000114441	1.0	epochs	1.0
696.5998000114441	1.0140799999999217	epochs	1.0
697.0998056114441	0.5	epochs	-1.0
697.613880011444	7.985900000000015	epochs	0.0
710.2410001754761	0.08680000000003929	epochs	0.0
710.2410001754761	0.03840000000002419	epochs	1.0
710.2794001754761	0.01001999999994041	epochs	1.0
710.289420175476	0.03838000000007469	epochs	1.0
710.3278001754761	12.77292	epochs	0.0
710.3278001754761	0.5	epochs	1.0
710.3278057754761	0.5	epochs	-1.0
710.8278001754761	12.27292	epochs	1.0
722.1008201754761	0.9999000000000251	epochs	-1.0
722.1008201754761	0.040899999999965075	epochs	-1.0
722.598325775476	0.5	epochs	-1.0
723.1007201754761	6.727059999999938	epochs	0.0
725.5080003738403	0.08680000000003929	epochs	0.0
725.5080003738403	0.03840000000002419	epochs	1.0
725.5464003738404	0.01001999999994041	epochs	1.0
725.5564203738403	0.03838000000007469	epochs	1.0
725.5948003738404	12.573120000000017	epochs	0.0
725.5948003738404	0.5	epochs	1.0
725.5948059738404	0.5	epochs	-1.0
726.0948003738404	12.073120000000017	epochs	1.0
737.1679803738404	0.9999400000000378	epochs	-1.0
737.1679803738404	0.03991999999993823	epochs	-1.0
737.6654859738403	0.5	epochs	-1.0
738.1679203738404	6.92685999999992	epochs	0.0
740.460000038147	0.08680000000003929	epochs	0.0
740.460000038147	0.03840000000002419	epochs	1.0
740.498400038147	0.01001999999994041	epochs	1.0
740.5084200381469	0.03838000000007469	epochs	1.0
740.546800038147	12.613899999999944	epochs	0.0
740.546800038147	0.5	epochs	1.0
740.546805638147	0.5	epochs	-1.0
741.046800038147	12.113899999999944	epochs	1.0
752.160820038147	0.9998799999999619	epochs	-1.0
752.160820038147	0.039959999999950924	epochs	-1.0
752.658325638147	0.5	epochs	-1.0
753.160700038147	6.886079999999993	epochs	0.0
755.5590000152588	0.08680000000003929	epochs	0.0
755.5590000152588	0.03840000000002419	epochs	1.0
755.5974000152588	0.01001999999994041	epochs	1.0
755.6074200152588	0.03838000000007469	epochs	1.0
755.6458000152588	15.994939999999929	epochs	0.0
755.6458000152588	0.5	epochs	1.0
755.6458056152588	0.5	epochs	-1.0
756.1458000152588	15.494939999999929	epochs	1.0
770.6398400152588	1.0009000000000015	epochs	-1.0
770.6398400152588	0.03989999999998872	epochs	-1.0
771.1365056152588	0.5	epochs	-1.0
771.6407400152588	3.505040000000008	epochs	0.0
774.1110000610352	0.08680000000003929	epochs	0.0
774.1110000610352	0.03840000000002419	epochs	1.0
774.1494000610352	0.01001999999994041	epochs	1.0
774.1594200610351	0.03838000000007469	epochs	1.0
774.1978000610352	17.51400000000001	epochs	0.0
774.1978000610352	0.5	epochs	1.0
774.1978056610352	0.5	epochs	-1.0
774.6978000610352	16.0	epochs	1.0
790.6978000610352	1.01400000000001	epochs	1.0
791.1928056610352	0.5	epochs	-1.0
791.7118000610352	1.9859799999999268	epochs	0.0
794.1950001716614	0.08680000000003929	epochs	0.0
794.1950001716614	0.03840000000002419	epochs	1.0
794.2334001716614	0.01001999999994041	epochs	1.0
794.2434201716613	0.03838000000007469	epochs	1.0
794.2818001716614	17.51400000000001	epochs	0.0
794.2818001716614	0.5	epochs	1.0
794.2818057716614	0.5	epochs	-1.0
794.7818001716614	16.0	epochs	1.0
810.7818001716614	1.01400000000001	epochs	1.0
811.2718057716613	0.5	epochs	-1.0
811.7958001716614	1.9859799999999268	epochs	0.0
1096.6440000534058	0.07688000000007378	epochs	0.0
1096.6440000534058	0.03343999999992775	epochs	1.0
1096.6774400534057	0.010080000000016298	epochs	1.0
1096.6875200534057	0.03336000000012973	epochs	1.0
1096.7208800534058	2.0	epochs	0.0
1098.7208800534058	5.362799999999879	epochs	0.0
1098.7208800534058	1.0	epochs	1.0
1098.7209231534057	0.5	epochs	-1.0
1099.2209231534057	4.862756900000022	epochs	-1.0
1099.7208800534058	4.362799999999879	epochs	1.0
1099.7208800534058	8.000000002539309e-05	epochs	2.0
1099.7209600534059	4.356719999999996	epochs	-1.0
1099.7209600534059	1.974559999999883	epochs	2.0
1099.7209600534059	1.0985599999999067	epochs	3.0
1100.8195200534058	0.8759999999999764	epochs	3.0
1101.6955200534057	1.3523999999999887	epochs	2.0
1101.6955200534057	0.7286400000000413	epochs	3.0
1102.4241600534058	0.6237599999999475	epochs	3.0
1103.0479200534057	1.029760000000124	epochs	2.0
1103.0479200534057	0.5453600000000733	epochs	3.0
1103.5932800534058	0.48440000000005057	epochs	3.0
1104.0776800534059	0.005999999999858119	epochs	2.0
1104.0776800534059	0.005999999999858119	epochs	3.0
1104.0836800534057	16.637120000000095	epochs	0.0
1106.9390001296997	0.07688000000007378	epochs	0.0
1106.9390001296997	0.03343999999992775	epochs	1.0
1106.9724401296996	0.010080000000016298	epochs	1.0
1106.9825201296997	0.03336000000012973	epochs	1.0
1107.0158801296998	2.0	epochs	0.0
1109.0158801296998	21.523680000000013	epochs	0.0
1109.0158801296998	1.0	epochs	1.0
1109.0159232296996	0.5	epochs	-1.0
1109.5159232296996	19.99976000000015	epochs	-1.0
1110.0158801296998	20.0	epochs	1.0
1110.0158801296998	8.000000002539309e-05	epochs	2.0
1110.0159601296998	4.356719999999996	epochs	-1.0
1110.0159601296998	1.974559999999883	epochs	2.0
1110.0159601296998	1.0985599999999067	epochs	3.0
1111.1145201296997	0.8759999999999764	epochs	3.0
1111.9905201296997	1.3523999999999887	epochs	2.0
1111.9905201296997	0.7286400000000413	epochs	3.0
1112.7191601296997	0.6237599999999475	epochs	3.0
1113.3429201296997	1.029760000000124	epochs	2.0
1113.3429201296997	0.5453600000000733	epochs	3.0
1113.8882801296998	0.48440000000005057	epochs	3.0
1114.3726801296998	0.8317599999998038	epochs	2.0
1114.3726801296998	0.4357599999998456	epochs	3.0
1114.8084401296996	0.39599999999995816	epochs	3.0
1115.2044401296996	0.697840000000042	epochs	2.0
1115.2044401296996	0.362880000000132	epochs	3.0
1115.5673201296997	0.33495999999991	epochs	3.0
1115.9022801296996	0.6010400000000118	epochs	2.0
1115.9022801296996	0.3108799999999974	epochs	3.0
1116.2131601296996	0.2901600000000144	epochs	3.0
1116.5033201296997	0.5278399999999692	epochs	2.0
1116.5033201296997	0.2719200000001365	epochs	3.0
1116.7752401296998	0.2559199999998327	epochs	3.0
1117.0311601296996	0.47064000000000306	epochs	2.0
1117.0311601296996	0.2416800000000876	epochs	3.0
1117.2728401296997	0.22895999999991545	epochs	3.0
1117.5018001296996	0.4245600000001559	epochs	2.0
1117.5018001296996	0.2174400000001242	epochs	3.0
1117.7192401296998	0.20712000000003172	epochs	3.0
1117.9263601296998	0.3867199999999684	epochs	2.0
1117.9263601296998	0.1976799999999912	epochs	3.0
1118.1240401296998	0.18903999999997723	epochs	3.0
1118.3130801296998	0.3551199999999426	epochs	2.0
1118.3130801296998	0.1811999999999898	epochs	3.0
1118.4942801296997	0.17391999999995278	epochs	3.0
1118.6682001296997	0.3282400000000507	epochs	2.0
1118.6682001296997	0.1672000000000935	epochs	3.0
1118.8354001296998	0.16103999999995722	epochs	3.0
1118.9964401296997	0.30520000000001346	epochs	2.0
1118.9964401296997	0.1552799999999479	epochs	3.0
1119.1517201296997	0.14992000000006556	epochs	3.0
1119.3016401296998	0.28512000000000626	epochs	2.0
1119.3016401296998	0.1448800000000574	epochs	3.0
1119.4465201296998	0.14023999999994885	epochs	3.0
1119.5867601296998	0.26751999999987675	epochs	2.0
1119.5867601296998	0.13583999999991647	epochs	3.0
1119.7226001296997	0.13167999999996027	epochs	3.0
1119.8542801296996	0.2520799999999781	epochs	2.0
1119.8542801296996	0.12784000000010565	epochs	3.0
1119.9821201296998	0.12423999999987245	epochs	3.0
1120.1063601296996	0.23816000000010717	epochs	2.0
1120.1063601296996	0.1207200000001194	epochs	3.0
1120.2270801296997	0.11743999999998778	epochs	3.0
1120.3445201296997	0.225840000000062	epochs	2.0
1120.3445201296997	0.11439999999993233	epochs	3.0
1120.4589201296997	0.11144000000012966	epochs	3.0
1120.5703601296998	0.21463999999991756	epochs	2.0
1120.5703601296998	0.10863999999992302	epochs	3.0
1120.6790001296997	0.10599999999999454	epochs	3.0
1120.7850001296997	0.20448000000010325	epochs	2.0
1120.7850001296997	0.10344000000009146	epochs	3.0
1120.8884401296998	0.10104000000001179	epochs	3.0
1120.9894801296998	0.19535999999993692	epochs	2.0
1120.9894801296998	0.0987999999999829	epochs	3.0
1121.0882801296998	0.09655999999995402	epochs	3.0
1121.1848401296998	0.18695999999999913	epochs	2.0
1121.1848401296998	0.09447999999997592	epochs	3.0
1121.2793201296997	0.09248000000002321	epochs	3.0
1121.3718001296997	0.1792000000000371	epochs	2.0
1121.3718001296997	0.09047999999984313	epochs	3.0
1121.4622801296996	0.08872000000019398	epochs	3.0
1121.5510001296998	0.17207999999982349	epochs	2.0
1121.5510001296998	0.08687999999983731	epochs	3.0
1121.6378801296996	0.08519999999998618	epochs	3.0
1121.7230801296996	0.165520000000015	epochs	2.0
1121.7230801296996	0.08360000000016043	epochs	3.0
1121.8066801296998	0.08191999999985455	epochs	3.0
1121.8886001296996	0.15952000000015687	epochs	2.0
1121.8886001296996	0.0804800000000796	epochs	3.0
1121.9690801296997	0.07904000000007727	epochs	3.0
1122.0481201296998	0.15375999999992018	epochs	2.0
1122.0481201296998	0.07759999999984757	epochs	3.0
1122.1257201296996	0.07616000000007261	epochs	3.0
1122.2018801296997	0.14856000000008862	epochs	2.0
1122.2018801296997	0.07495999999991909	epochs	3.0
1122.2768401296996	0.07360000000016953	epochs	3.0
1122.3504401296998	0.14367999999990388	epochs	2.0
1122.3504401296998	0.07247999999981403	epochs	3.0
1122.4229201296996	0.07120000000008986	epochs	3.0
1122.4941201296997	0.1390400000000227	epochs	2.0
1122.4941201296997	0.07007999999996173	epochs	3.0
1122.5642001296997	0.06896000000006097	epochs	3.0
1122.6331601296997	0.13472000000001572	epochs	2.0
1122.6331601296997	0.06791999999995824	epochs	3.0
1122.7010801296997	0.06680000000005748	epochs	3.0
1122.7678801296997	0.13071999999988293	epochs	2.0
1122.7678801296997	0.06583999999998014	epochs	3.0
1122.8337201296997	0.0648799999999028	epochs	3.0
1122.8986001296996	0.1268000000000029	epochs	2.0
1122.8986001296996	0.06384000000002743	epochs	3.0
1122.9624401296996	0.06295999999997548	epochs	3.0
1123.0254001296996	0.12328000000002248	epochs	2.0
1123.0254001296996	0.0620800000001509	epochs	3.0
1123.0874801296998	0.06119999999987158	epochs	3.0
1123.1486801296996	0.11984000000006745	epochs	2.0
1123.1486801296996	0.060320000000047	epochs	3.0
1123.2090001296997	0.059520000000020445	epochs	3.0
1123.2685201296997	0.11663999999996122	epochs	2.0
1123.2685201296997	0.05871999999999389	epochs	3.0
1123.3272401296997	0.05791999999996733	epochs	3.0
1123.3851601296997	0.11360000000013315	epochs	2.0
1123.3851601296997	0.05719999999996617	epochs	3.0
1123.4423601296996	0.05640000000016698	epochs	3.0
1123.4987601296998	0.11071999999990112	epochs	2.0
1123.4987601296998	0.055679999999938445	epochs	3.0
1123.5544401296997	0.055039999999962674	epochs	3.0
1123.6094801296997	0.10791999999992186	epochs	2.0
1123.6094801296997	0.05423999999993612	epochs	3.0
1123.6637201296996	0.05367999999998574	epochs	3.0
1123.7174001296996	0.10527999999999338	epochs	2.0
1123.7174001296996	0.052959999999984575	epochs	3.0
1123.7703601296996	0.052320000000008804	epochs	3.0
1123.8226801296996	0.10288000000014108	epochs	2.0
1123.8226801296996	0.051760000000058426	epochs	3.0
1123.8744401296997	0.051120000000082655	epochs	3.0
1123.9255601296998	0.10040000000003602	epochs	2.0
1123.9255601296998	0.05047999999987951	epochs	3.0
1123.9760401296996	0.049920000000156506	epochs	3.0
1124.0259601296998	0.09823999999980515	epochs	2.0
1124.0259601296998	0.049359999999978754	epochs	3.0
1124.0753201296998	0.048879999999826396	epochs	3.0
1124.1242001296996	0.09600000000000364	epochs	2.0
1124.1242001296996	0.048240000000078	epochs	3.0
1124.1724401296997	0.04775999999992564	epochs	3.0
1124.2202001296996	0.09392000000002554	epochs	2.0
1124.2202001296996	0.047200000000202635	epochs	3.0
1124.2674001296998	0.0467199999998229	epochs	3.0
1124.3141201296996	0.09192000000007283	epochs	2.0
1124.3141201296996	0.0461600000000999	epochs	3.0
1124.3602801296997	0.04575999999997293	epochs	3.0
1124.4060401296997	0.09007999999994354	epochs	2.0
1124.4060401296997	0.04528000000004795	epochs	3.0
1124.4513201296998	0.04479999999989559	epochs	3.0
1124.4961201296996	0.08816000000001623	epochs	2.0
1124.4961201296996	0.044319999999970605	epochs	3.0
1124.5404401296996	0.04384000000004562	epochs	3.0
1124.5842801296997	0.08647999999993772	epochs	2.0
1124.5842801296997	0.04344000000014603	epochs	3.0
1124.6277201296998	0.04303999999979169	epochs	3.0
1124.6707601296996	0.08472000000006119	epochs	2.0
1124.6707601296996	0.04256000000009408	epochs	3.0
1124.7133201296997	0.04215999999996711	epochs	3.0
1124.7554801296997	0.08320000000003347	epochs	2.0
1124.7554801296997	0.04176000000006752	epochs	3.0
1124.7972401296997	0.04143999999996595	epochs	3.0
1124.8386801296997	0.08151999999995496	epochs	2.0
1124.8386801296997	0.040960000000040964	epochs	3.0
1124.8796401296997	0.040559999999914	epochs	3.0
1124.9202001296997	0.08007999999995263	epochs	2.0
1124.9202001296997	0.0402400000000398	epochs	3.0
1124.9604401296997	0.039839999999912834	epochs	3.0
1125.0002801296996	0.07864000000017768	epochs	2.0
1125.0002801296996	0.039520000000038635	epochs	3.0
1125.0398001296996	0.039120000000139044	epochs	3.0
1125.0789201296998	0.07719999999994798	epochs	2.0
1125.0789201296998	0.0387999999998101	epochs	3.0
1125.1177201296996	0.03840000000013788	epochs	3.0
1125.1561201296997	0.07591999999999643	epochs	2.0
1125.1561201296997	0.0381600000000617	epochs	3.0
1125.1942801296998	0.037759999999934735	epochs	3.0
1125.2320401296997	0.0745600000000195	epochs	2.0
1125.2320401296997	0.037440000000060536	epochs	3.0
1125.2694801296998	0.037119999999958964	epochs	3.0
1125.3066001296997	0.07335999999986598	epochs	2.0
1125.3066001296997	0.03679999999985739	epochs	3.0
1125.3434001296996	0.036560000000008586	epochs	3.0
1125.3799601296996	0.07208000000014181	epochs	2.0
1125.3799601296996	0.036160000000108994	epochs	3.0
1125.4161201296997	0.035920000000032815	epochs	3.0
1125.4520401296998	0.07087999999998829	epochs	2.0
1125.4520401296998	0.03559999999993124	epochs	3.0
1125.4876401296997	0.035280000000057044	epochs	3.0
1125.5229201296997	0.06983999999988555	epochs	2.0
1125.5229201296997	0.035039999999980864	epochs	3.0
1125.5579601296997	0.034799999999904685	epochs	3.0
1125.5927601296996	0.06864000000018677	epochs	2.0
1125.5927601296996	0.034480000000030486	epochs	3.0
1125.6272401296997	0.03416000000015629	epochs	3.0
1125.6614001296998	0.06759999999985666	epochs	2.0
1125.6614001296998	0.033919999999852735	epochs	3.0
1125.6953201296997	0.03368000000000393	epochs	3.0
1125.7290001296997	0.0665599999999813	epochs	2.0
1125.7290001296997	0.03343999999992775	epochs	3.0
1125.7624401296996	0.03312000000005355	epochs	3.0
1125.7955601296997	0.06560000000013133	epochs	2.0
1125.7955601296997	0.032960000000002765	epochs	3.0
1125.8285201296997	0.032640000000128566	epochs	3.0
1125.8611601296998	0.0645600000000286	epochs	2.0
1125.8611601296998	0.03239999999982501	epochs	3.0
1125.8935601296996	0.03216000000020358	epochs	3.0
1125.9257201296998	0.06367999999997664	epochs	2.0
1125.9257201296998	0.03199999999992542	epochs	3.0
1125.9577201296997	0.03168000000005122	epochs	3.0
1125.9894001296998	0.0627199999998993	epochs	2.0
1125.9894001296998	0.03143999999997504	epochs	3.0
1126.0208401296998	0.03127999999992426	epochs	3.0
1126.0521201296997	0.061840000000074724	epochs	2.0
1126.0521201296997	0.03104000000007545	epochs	3.0
1126.0831601296998	0.030799999999999272	epochs	3.0
1126.1139601296998	0.060960000000022774	epochs	2.0
1126.1139601296998	0.030559999999923093	epochs	3.0
1126.1445201296997	0.03040000000009968	epochs	3.0
1126.1749201296998	0.060159999999996217	epochs	2.0
1126.1749201296998	0.0301600000000235	epochs	3.0
1126.2050801296998	0.029999999999972715	epochs	3.0
1126.2350801296998	0.059279999999944266	epochs	2.0
1126.2350801296998	0.029679999999871143	epochs	3.0
1126.2647601296997	0.029600000000073123	epochs	3.0
1126.2943601296997	0.05847999999991771	epochs	2.0
1126.2943601296997	0.029359999999996944	epochs	3.0
1126.3237201296997	0.029119999999920765	epochs	3.0
1126.3528401296996	0.05776000000014392	epochs	2.0
1126.3528401296996	0.028960000000097352	epochs	3.0
1126.3818001296997	0.028800000000046566	epochs	3.0
1126.4106001296998	0.05695999999988999	epochs	2.0
1126.4106001296998	0.028559999999970387	epochs	3.0
1126.4391601296998	0.0283999999999196	epochs	3.0
1126.4675601296997	0.0562400000001162	epochs	2.0
1126.4675601296997	0.028160000000070795	epochs	3.0
1126.4957201296997	0.028080000000045402	epochs	3.0
1126.5238001296998	0.055439999999862266	epochs	2.0
1126.5238001296998	0.027839999999969223	epochs	3.0
1126.5516401296998	0.027599999999893043	epochs	3.0
1126.5792401296997	0.05488000000013926	epochs	2.0
1126.5792401296997	0.027520000000095024	epochs	3.0
1126.6067601296998	0.027360000000044238	epochs	3.0
1126.6341201296998	0.05407999999988533	epochs	2.0
1126.6341201296998	0.02711999999996806	epochs	3.0
1126.6612401296998	0.026959999999917272	epochs	3.0
1126.6882001296997	0.053440000000136934	epochs	2.0
1126.6882001296997	0.02680000000009386	epochs	3.0
1126.7150001296998	0.026640000000043074	epochs	3.0
1126.7416401296998	0.05287999999995918	epochs	2.0
1126.7416401296998	0.026479999999992287	epochs	3.0
1126.7681201296998	0.026399999999966894	epochs	3.0
1126.7945201296998	0.05215999999995802	epochs	2.0
1126.7945201296998	0.026159999999890715	epochs	3.0
1126.8206801296997	0.026000000000067303	epochs	3.0
1126.8466801296997	0.05151999999998225	epochs	2.0
1126.8466801296997	0.025840000000016516	epochs	3.0
1126.8725201296998	0.02567999999996573	epochs	3.0
1126.8982001296997	0.05096000000003187	epochs	2.0
1126.8982001296997	0.025599999999940337	epochs	3.0
1126.9238001296997	0.02536000000009153	epochs	3.0
1126.9491601296997	0.05039999999985412	epochs	2.0
1126.9491601296997	0.02528000000006614	epochs	3.0
1126.9744401296998	0.02511999999978798	epochs	3.0
1126.9995601296996	0.04976000000010572	epochs	2.0
1126.9995601296996	0.02496000000019194	epochs	3.0
1127.0245201296998	0.02479999999991378	epochs	3.0
1127.0493201296997	0.04919999999992797	epochs	2.0
1127.0493201296997	0.024640000000090367	epochs	3.0
1127.0739601296998	0.0245599999998376	epochs	3.0
1127.0985201296996	0.04872000000000298	epochs	2.0
1127.0985201296996	0.024400000000014188	epochs	3.0
1127.1229201296997	0.024319999999988795	epochs	3.0
1127.1472401296996	0.04808000000002721	epochs	2.0
1127.1472401296996	0.02408000000013999	epochs	3.0
1127.1713201296998	0.023999999999887223	epochs	3.0
1127.1953201296997	0.04760000000010223	epochs	2.0
1127.1953201296997	0.02384000000006381	epochs	3.0
1127.2191601296997	0.023760000000038417	epochs	3.0
1127.2429201296998	0.04711999999994987	epochs	2.0
1127.2429201296998	0.02359999999998763	epochs	3.0
1127.2665201296998	0.023519999999962238	epochs	3.0
1127.2900401296997	0.04655999999999949	epochs	2.0
1127.2900401296997	0.02335999999991145	epochs	3.0
1127.3134001296996	0.02320000000008804	epochs	3.0
1127.3366001296997	0.046080000000074506	epochs	2.0
1127.3366001296997	0.023120000000062646	epochs	3.0
1127.3597201296998	0.02296000000001186	epochs	3.0
1127.3826801296998	0.04559999999992215	epochs	2.0
1127.3826801296998	0.022879999999986467	epochs	3.0
1127.4055601296998	0.02271999999993568	epochs	3.0
1127.4282801296997	0.04511999999999716	epochs	2.0
1127.4282801296997	0.022639999999910287	epochs	3.0
1127.4509201296996	0.022480000000086875	epochs	3.0
1127.4734001296997	0.04464000000007218	epochs	2.0
1127.4734001296997	0.022400000000061482	epochs	3.0
1127.4958001296998	0.022240000000010696	epochs	3.0
1127.5180401296998	0.04423999999994521	epochs	2.0
1127.5180401296998	0.022159999999985303	epochs	3.0
1127.5402001296998	0.02207999999995991	epochs	3.0
1127.5622801296997	0.04376000000002023	epochs	2.0
1127.5622801296997	0.021919999999909123	epochs	3.0
1127.5842001296996	0.021840000000111104	epochs	3.0
1127.6060401296997	0.04335999999989326	epochs	2.0
1127.6060401296997	0.021759999999858337	epochs	3.0
1127.6278001296996	0.021600000000034925	epochs	3.0
1127.6494001296996	0.04287999999996828	epochs	2.0
1127.6494001296996	0.02143999999998414	epochs	3.0
1127.6708401296996	0.02143999999998414	epochs	3.0
1127.6922801296996	0.042480000000068685	epochs	2.0
1127.6922801296996	0.021280000000160726	epochs	3.0
1127.7135601296998	0.02119999999990796	epochs	3.0
1127.7347601296997	0.04207999999994172	epochs	2.0
1127.7347601296997	0.021040000000084547	epochs	3.0
1127.7558001296998	0.021039999999857173	epochs	3.0
1127.7768401296996	0.04168000000004213	epochs	2.0
1127.7768401296996	0.02088000000003376	epochs	3.0
1127.7977201296997	0.020800000000008367	epochs	3.0
1127.8185201296997	0.04120000000011714	epochs	2.0
1127.8185201296997	0.02063999999995758	epochs	3.0
1127.8391601296996	0.020560000000159562	epochs	3.0
1127.8597201296998	0.04088000000001557	epochs	2.0
1127.8597201296998	0.020559999999932188	epochs	3.0
1127.8802801296997	0.020320000000083382	epochs	3.0
1127.9006001296998	0.040559999999914	epochs	2.0
1127.9006001296998	0.02031999999985601	epochs	3.0
1127.9209201296997	0.02024000000005799	epochs	3.0
1127.9411601296997	0.04007999999998901	epochs	2.0
1127.9411601296997	0.020080000000007203	epochs	3.0
1127.9612401296997	0.01999999999998181	epochs	3.0
1127.9812401296997	0.039760000000114815	epochs	2.0
1127.9812401296997	0.019919999999956417	epochs	3.0
1128.0011601296997	0.019840000000158398	epochs	3.0
1128.0210001296998	0.03943999999978587	epochs	2.0
1128.0210001296998	0.01975999999990563	epochs	3.0
1128.0407601296997	0.019679999999880238	epochs	3.0
1128.0604401296996	0.03904000000011365	epochs	2.0
1128.0604401296996	0.019520000000056825	epochs	3.0
1128.0799601296997	0.019520000000056825	epochs	3.0
1128.0994801296997	0.038639999999986685	epochs	2.0
1128.0994801296997	0.01936000000000604	epochs	3.0
1128.1188401296997	0.019279999999980646	epochs	3.0
1128.1381201296997	0.038399999999910506	epochs	2.0
1128.1381201296997	0.019279999999980646	epochs	3.0
1128.1574001296997	0.01911999999992986	epochs	3.0
1128.1765201296996	0.038000000000010914	epochs	2.0
1128.1765201296996	0.01904000000013184	epochs	3.0
1128.1955601296997	0.018959999999879074	epochs	3.0
1128.2145201296996	0.037680000000136715	epochs	2.0
1128.2145201296996	0.018880000000081054	epochs	3.0
1128.2334001296997	0.01880000000005566	epochs	3.0
1128.2522001296998	0.03736000000003514	epochs	2.0
1128.2522001296998	0.018720000000030268	epochs	3.0
1128.2709201296998	0.018640000000004875	epochs	3.0
1128.2895601296998	0.03703999999993357	epochs	2.0
1128.2895601296998	0.018559999999979482	epochs	3.0
1128.3081201296998	0.01847999999995409	epochs	3.0
1128.3266001296997	0.03672000000005937	epochs	2.0
1128.3266001296997	0.018399999999928696	epochs	3.0
1128.3450001296997	0.018320000000130676	epochs	3.0
1128.3633201296998	0.03647999999998319	epochs	2.0
1128.3633201296998	0.01823999999987791	epochs	3.0
1128.3815601296997	0.018240000000105283	epochs	3.0
1128.3998001296998	0.03607999999985623	epochs	2.0
1128.3998001296998	0.018079999999827123	epochs	3.0
1128.4178801296996	0.018000000000029104	epochs	3.0
1128.4358801296996	0.03584000000000742	epochs	2.0
1128.4358801296996	0.01792000000000371	epochs	3.0
1128.4538001296996	0.01792000000000371	epochs	3.0
1128.4717201296996	0.03552000000013322	epochs	2.0
1128.4717201296996	0.017760000000180298	epochs	3.0
1128.4894801296998	0.017759999999952925	epochs	3.0
1128.5072401296998	0.03520000000003165	epochs	2.0
1128.5072401296998	0.01767999999992753	epochs	3.0
1128.5249201296997	0.01752000000010412	epochs	3.0
1128.5424401296998	0.03495999999995547	epochs	2.0
1128.5424401296998	0.017519999999876745	epochs	3.0
1128.5599601296997	0.017440000000078726	epochs	3.0
1128.5774001296998	0.03471999999987929	epochs	2.0
1128.5774001296998	0.017439999999851352	epochs	3.0
1128.5948401296996	0.01728000000002794	epochs	3.0
1128.6121201296996	0.03440000000000509	epochs	2.0
1128.6121201296996	0.017200000000002547	epochs	3.0
1128.6293201296996	0.017200000000002547	epochs	3.0
1128.6465201296996	0.03416000000015629	epochs	2.0
1128.6465201296996	0.017119999999977153	epochs	3.0
1128.6636401296996	0.017040000000179134	epochs	3.0
1128.6806801296998	0.03383999999982734	epochs	2.0
1128.6806801296998	0.016959999999926367	epochs	3.0
1128.6976401296997	0.016879999999900974	epochs	3.0
1128.7145201296996	0.033599999999978536	epochs	2.0
1128.7145201296996	0.016800000000102955	epochs	3.0
1128.7313201296997	0.01679999999987558	epochs	3.0
1128.7481201296996	0.03336000000012973	epochs	2.0
1128.7481201296996	0.01672000000007756	epochs	3.0
1128.7648401296997	0.01664000000005217	epochs	3.0
1128.7814801296997	0.03312000000005355	epochs	2.0
1128.7814801296997	0.016560000000026776	epochs	3.0
1128.7980401296998	0.016560000000026776	epochs	3.0
1128.8146001296998	0.03279999999995198	epochs	2.0
1128.8146001296998	0.01639999999997599	epochs	3.0
1128.8310001296998	0.01639999999997599	epochs	3.0
1128.8474001296997	0.0325599999998758	epochs	2.0
1128.8474001296997	0.016319999999950596	epochs	3.0
1128.8637201296997	0.016239999999925203	epochs	3.0
1128.8799601296996	0.03240000000005239	epochs	2.0
1128.8799601296996	0.016240000000152577	epochs	3.0
1128.8962001296998	0.01615999999989981	epochs	3.0
1128.9123601296997	0.032079999999950815	epochs	2.0
1128.9123601296997	0.01608000000010179	epochs	3.0
1128.9284401296998	0.015999999999849024	epochs	3.0
1128.9444401296996	0.0319200000001274	epochs	2.0
1128.9444401296996	0.016000000000076398	epochs	3.0
1128.9604401296997	0.015920000000051004	epochs	3.0
1128.9763601296997	0.03160000000002583	epochs	2.0
1128.9763601296997	0.01584000000002561	epochs	3.0
1128.9922001296998	0.01576000000000022	epochs	3.0
1129.0079601296998	0.03143999999997504	epochs	2.0
1129.0079601296998	0.01576000000000022	epochs	3.0
1129.0237201296998	0.015679999999974825	epochs	3.0
1129.0394001296997	0.031199999999898864	epochs	2.0
1129.0394001296997	0.015599999999949432	epochs	3.0
1129.0550001296997	0.015599999999949432	epochs	3.0
1129.0706001296996	0.03096000000005006	epochs	2.0
1129.0706001296996	0.015520000000151413	epochs	3.0
1129.0861201296998	0.015439999999898646	epochs	3.0
1129.1015601296997	0.03071999999997388	epochs	2.0
1129.1015601296997	0.01544000000012602	epochs	3.0
1129.1170001296998	0.01527999999984786	epochs	3.0
1129.1322801296997	0.030560000000150467	epochs	2.0
1129.1322801296997	0.015360000000100626	epochs	3.0
1129.1476401296998	0.01520000000004984	epochs	3.0
1129.1628401296998	0.030319999999846914	epochs	2.0
1129.1628401296998	0.015199999999822467	epochs	3.0
1129.1780401296996	0.015120000000024447	epochs	3.0
1129.1931601296997	0.030079999999998108	epochs	2.0
1129.1931601296997	0.015120000000024447	epochs	3.0
1129.2082801296997	0.014959999999973661	epochs	3.0
1129.2232401296997	0.029919999999947322	epochs	2.0
1129.2232401296997	0.015039999999999054	epochs	3.0
1129.2382801296997	0.014879999999948268	epochs	3.0
1129.2531601296996	0.029680000000098516	epochs	2.0
1129.2531601296996	0.014880000000175642	epochs	3.0
1129.2680401296998	0.014799999999922875	epochs	3.0
1129.2828401296997	0.02952000000004773	epochs	2.0
1129.2828401296997	0.014799999999922875	epochs	3.0
1129.2976401296996	0.014720000000124855	epochs	3.0
1129.3123601296998	0.02927999999997155	epochs	2.0
1129.3123601296998	0.014719999999897482	epochs	3.0
1129.3270801296997	0.01456000000007407	epochs	3.0
1129.3416401296997	0.029119999999920765	epochs	2.0
1129.3416401296997	0.014639999999872089	epochs	3.0
1129.3562801296996	0.014480000000048676	epochs	3.0
1129.3707601296996	0.028960000000097352	epochs	2.0
1129.3707601296996	0.014480000000048676	epochs	3.0
1129.3852401296997	0.014480000000048676	epochs	3.0
1129.3997201296997	0.02863999999999578	epochs	2.0
1129.3997201296997	0.01431999999999789	epochs	3.0
1129.4140401296997	0.01431999999999789	epochs	3.0
1129.4283601296997	0.028559999999970387	epochs	2.0
1129.4283601296997	0.01431999999999789	epochs	3.0
1129.4426801296997	0.014239999999972497	epochs	3.0
1129.4569201296997	0.028319999999894208	epochs	2.0
1129.4569201296997	0.014159999999947104	epochs	3.0
1129.4710801296997	0.014159999999947104	epochs	3.0
1129.4852401296996	0.028160000000070795	epochs	2.0
1129.4852401296996	0.014160000000174477	epochs	3.0
1129.4994001296998	0.013999999999896318	epochs	3.0
1129.5134001296997	0.02800000000002001	epochs	2.0
1129.5134001296997	0.014000000000123691	epochs	3.0
1129.5274001296998	0.013999999999896318	epochs	3.0
1129.5414001296997	0.02775999999994383	epochs	2.0
1129.5414001296997	0.013920000000098298	epochs	3.0
1129.5553201296998	0.013839999999845531	epochs	3.0
1129.5691601296996	0.02768000000014581	epochs	2.0
1129.5691601296996	0.013840000000072905	epochs	3.0
1129.5830001296997	0.013840000000072905	epochs	3.0
1129.5968401296998	0.027439999999842257	epochs	2.0
1129.5968401296998	0.013759999999820138	epochs	3.0
1129.6106001296996	0.013680000000022119	epochs	3.0
1129.6242801296996	0.027280000000018845	epochs	2.0
1129.6242801296996	0.013680000000022119	epochs	3.0
1129.6379601296996	0.013599999999996726	epochs	3.0
1129.6515601296996	0.02711999999996806	epochs	2.0
1129.6515601296996	0.013519999999971333	epochs	3.0
1129.6650801296996	0.013599999999996726	epochs	3.0
1129.6786801296996	0.026880000000119253	epochs	2.0
1129.6786801296996	0.013440000000173313	epochs	3.0
1129.6921201296998	0.01343999999994594	epochs	3.0
1129.7055601296997	0.026799999999866486	epochs	2.0
1129.7055601296997	0.01343999999994594	epochs	3.0
1129.7190001296997	0.013359999999920547	epochs	3.0
1129.7323601296996	0.02656000000001768	epochs	2.0
1129.7323601296996	0.013280000000122527	epochs	3.0
1129.7456401296997	0.013279999999895153	epochs	3.0
1129.7589201296996	0.026479999999992287	epochs	2.0
1129.7589201296996	0.013280000000122527	epochs	3.0
1129.7722001296997	0.01319999999986976	epochs	3.0
1129.7854001296996	0.026240000000143482	epochs	2.0
1129.7854001296996	0.013120000000071741	epochs	3.0
1129.7985201296997	0.013120000000071741	epochs	3.0
1129.8116401296998	0.026159999999890715	epochs	2.0
1129.8116401296998	0.013119999999844367	epochs	3.0
1129.8247601296996	0.013040000000046348	epochs	3.0
1129.8378001296996	0.026000000000067303	epochs	2.0
1129.8378001296996	0.013040000000046348	epochs	3.0
1129.8508401296997	0.012960000000020955	epochs	3.0
1129.8638001296997	0.025759999999991123	epochs	2.0
1129.8638001296997	0.012879999999995562	epochs	3.0
1129.8766801296997	0.012879999999995562	epochs	3.0
1129.8895601296997	0.02567999999996573	epochs	2.0
1129.8895601296997	0.012879999999995562	epochs	3.0
1129.9024401296997	0.012799999999970169	epochs	3.0
1129.9152401296997	0.025520000000142318	epochs	2.0
1129.9152401296997	0.012799999999970169	epochs	3.0
1129.9280401296996	0.01272000000017215	epochs	3.0
1129.9407601296998	0.025359999999864158	epochs	2.0
1129.9407601296998	0.012719999999944775	epochs	3.0
1129.9534801296998	0.012639999999919382	epochs	3.0
1129.9661201296997	0.025200000000040745	epochs	2.0
1129.9661201296997	0.012640000000146756	epochs	3.0
1129.9787601296998	0.01255999999989399	epochs	3.0
1129.9913201296997	0.024560000000064974	epochs	2.0
1130.0156832296998	0.5	epochs	-1.0
1130.0158801296998	0.523680000000013	epochs	1.0
1130.5395601296998	0.4762399999999616	epochs	0.0
1133.4230003356934	0.07688000000007378	epochs	0.0
1133.4230003356934	0.03343999999992775	epochs	1.0
1133.4564403356933	0.010080000000016298	epochs	1.0
1133.4665203356933	0.03336000000012973	epochs	1.0
1133.4998803356934	2.0	epochs	0.0
1135.4998803356934	21.522719999999936	epochs	0.0
1135.4998803356934	1.0	epochs	1.0
1135.4999234356933	0.5	epochs	-1.0
1135.9999234356933	19.99976000000015	epochs	-1.0
1136.4998803356934	20.0	epochs	1.0
1136.4998803356934	8.000000002539309e-05	epochs	2.0
1136.4999603356935	4.356719999999996	epochs	-1.0
1136.4999603356935	1.974559999999883	epochs	2.0
1136.4999603356935	1.0985599999999067	epochs	3.0
1137.5985203356934	0.8759999999999764	epochs	3.0
1138.4745203356933	1.3523999999999887	epochs	2.0
1138.4745203356933	0.7286400000000413	epochs	3.0
1139.2031603356934	0.6237599999999475	epochs	3.0
1139.8269203356933	1.029760000000124	epochs	2.0
1139.8269203356933	0.5453600000000733	epochs	3.0
1140.3722803356934	0.48440000000005057	epochs	3.0
1140.8566803356935	0.8317599999998038	epochs	2.0
1140.8566803356935	0.4357599999998456	epochs	3.0
1141.2924403356933	0.39599999999995816	epochs	3.0
1141.6884403356933	0.697840000000042	epochs	2.0
1141.6884403356933	0.362880000000132	epochs	3.0
1142.0513203356934	0.33495999999991	epochs	3.0
1142.3862803356933	0.6010400000000118	epochs	2.0
1142.3862803356933	0.3108799999999974	epochs	3.0
1142.6971603356933	0.2901600000000144	epochs	3.0
1142.9873203356933	0.5278399999999692	epochs	2.0
1142.9873203356933	0.2719200000001365	epochs	3.0
1143.2592403356934	0.2559199999998327	epochs	3.0
1143.5151603356933	0.47064000000000306	epochs	2.0
1143.5151603356933	0.2416800000000876	epochs	3.0
1143.7568403356934	0.22895999999991545	epochs	3.0
1143.9858003356933	0.4245600000001559	epochs	2.0
1143.9858003356933	0.2174400000001242	epochs	3.0
1144.2032403356934	0.20712000000003172	epochs	3.0
1144.4103603356934	0.3867199999999684	epochs	2.0
1144.4103603356934	0.1976799999999912	epochs	3.0
1144.6080403356934	0.18903999999997723	epochs	3.0
1144.7970803356934	0.3551199999999426	epochs	2.0
1144.7970803356934	0.1811999999999898	epochs	3.0
1144.9782803356934	0.17391999999995278	epochs	3.0
1145.1522003356934	0.3282400000000507	epochs	2.0
1145.1522003356934	0.1672000000000935	epochs	3.0
1145.3194003356934	0.16103999999995722	epochs	3.0
1145.4804403356934	0.30520000000001346	epochs	2.0
1145.4804403356934	0.1552799999999479	epochs	3.0
1145.6357203356933	0.14992000000006556	epochs	3.0
1145.7856403356934	0.28512000000000626	epochs	2.0
1145.7856403356934	0.1448800000000574	epochs	3.0
1145.9305203356935	0.14023999999994885	epochs	3.0
1146.0707603356934	0.26751999999987675	epochs	2.0
1146.0707603356934	0.13583999999991647	epochs	3.0
1146.2066003356933	0.13167999999996027	epochs	3.0
1146.3382803356933	0.2520799999999781	epochs	2.0
1146.3382803356933	0.12784000000010565	epochs	3.0
1146.4661203356934	0.12423999999987245	epochs	3.0
1146.5903603356933	0.23816000000010717	epochs	2.0
1146.5903603356933	0.1207200000001194	epochs	3.0
1146.7110803356934	0.11743999999998778	epochs	3.0
1146.8285203356934	0.225840000000062	epochs	2.0
1146.8285203356934	0.11439999999993233	epochs	3.0
1146.9429203356933	0.11144000000012966	epochs	3.0
1147.0543603356934	0.21463999999991756	epochs	2.0
1147.0543603356934	0.10863999999992302	epochs	3.0
1147.1630003356934	0.10599999999999454	epochs	3.0
1147.2690003356934	0.20448000000010325	epochs	2.0
1147.2690003356934	0.10344000000009146	epochs	3.0
1147.3724403356935	0.10104000000001179	epochs	3.0
1147.4734803356935	0.19535999999993692	epochs	2.0
1147.4734803356935	0.0987999999999829	epochs	3.0
1147.5722803356934	0.09655999999995402	epochs	3.0
1147.6688403356934	0.18695999999999913	epochs	2.0
1147.6688403356934	0.09447999999997592	epochs	3.0
1147.7633203356934	0.09248000000002321	epochs	3.0
1147.8558003356934	0.1792000000000371	epochs	2.0
1147.8558003356934	0.09047999999984313	epochs	3.0
1147.9462803356932	0.08872000000019398	epochs	3.0
1148.0350003356934	0.17207999999982349	epochs	2.0
1148.0350003356934	0.08687999999983731	epochs	3.0
1148.1218803356933	0.08519999999998618	epochs	3.0
1148.2070803356933	0.165520000000015	epochs	2.0
1148.2070803356933	0.08360000000016043	epochs	3.0
1148.2906803356934	0.08191999999985455	epochs	3.0
1148.3726003356933	0.15952000000015687	epochs	2.0
1148.3726003356933	0.0804800000000796	epochs	3.0
1148.4530803356934	0.07904000000007727	epochs	3.0
1148.5321203356934	0.15375999999992018	epochs	2.0
1148.5321203356934	0.07759999999984757	epochs	3.0
1148.6097203356933	0.07616000000007261	epochs	3.0
1148.6858803356934	0.14856000000008862	epochs	2.0
1148.6858803356934	0.07495999999991909	epochs	3.0
1148.7608403356933	0.07360000000016953	epochs	3.0
1148.8344403356934	0.14367999999990388	epochs	2.0
1148.8344403356934	0.07247999999981403	epochs	3.0
1148.9069203356933	0.07120000000008986	epochs	3.0
1148.9781203356933	0.1390400000000227	epochs	2.0
1148.9781203356933	0.07007999999996173	epochs	3.0
1149.0482003356933	0.06896000000006097	epochs	3.0
1149.1171603356934	0.13472000000001572	epochs	2.0
1149.1171603356934	0.06791999999995824	epochs	3.0
1149.1850803356933	0.06680000000005748	epochs	3.0
1149.2518803356934	0.13071999999988293	epochs	2.0
1149.2518803356934	0.06583999999998014	epochs	3.0
1149.3177203356934	0.0648799999999028	epochs	3.0
1149.3826003356933	0.1268000000000029	epochs	2.0
1149.3826003356933	0.06384000000002743	epochs	3.0
1149.4464403356933	0.06295999999997548	epochs	3.0
1149.5094003356933	0.12328000000002248	epochs	2.0
1149.5094003356933	0.0620800000001509	epochs	3.0
1149.5714803356934	0.06119999999987158	epochs	3.0
1149.6326803356933	0.11984000000006745	epochs	2.0
1149.6326803356933	0.060320000000047	epochs	3.0
1149.6930003356933	0.059520000000020445	epochs	3.0
1149.7525203356934	0.11663999999996122	epochs	2.0
1149.7525203356934	0.05871999999999389	epochs	3.0
1149.8112403356934	0.05791999999996733	epochs	3.0
1149.8691603356933	0.11360000000013315	epochs	2.0
1149.8691603356933	0.05719999999996617	epochs	3.0
1149.9263603356933	0.05640000000016698	epochs	3.0
1149.9827603356935	0.11071999999990112	epochs	2.0
1149.9827603356935	0.055679999999938445	epochs	3.0
1150.0384403356934	0.055039999999962674	epochs	3.0
1150.0934803356934	0.10791999999992186	epochs	2.0
1150.0934803356934	0.05423999999993612	epochs	3.0
1150.1477203356933	0.05367999999998574	epochs	3.0
1150.2014003356933	0.10527999999999338	epochs	2.0
1150.2014003356933	0.052959999999984575	epochs	3.0
1150.2543603356933	0.052320000000008804	epochs	3.0
1150.3066803356933	0.10288000000014108	epochs	2.0
1150.3066803356933	0.051760000000058426	epochs	3.0
1150.3584403356933	0.051120000000082655	epochs	3.0
1150.4095603356934	0.10040000000003602	epochs	2.0
1150.4095603356934	0.05047999999987951	epochs	3.0
1150.4600403356933	0.049920000000156506	epochs	3.0
1150.5099603356934	0.09823999999980515	epochs	2.0
1150.5099603356934	0.049359999999978754	epochs	3.0
1150.5593203356934	0.048879999999826396	epochs	3.0
1150.6082003356933	0.09600000000000364	epochs	2.0
1150.6082003356933	0.048240000000078	epochs	3.0
1150.6564403356933	0.04775999999992564	epochs	3.0
1150.7042003356933	0.09392000000002554	epochs	2.0
1150.7042003356933	0.047200000000202635	epochs	3.0
1150.7514003356935	0.0467199999998229	epochs	3.0
1150.7981203356933	0.09192000000007283	epochs	2.0
1150.7981203356933	0.0461600000000999	epochs	3.0
1150.8442803356934	0.04575999999997293	epochs	3.0
1150.8900403356934	0.09007999999994354	epochs	2.0
1150.8900403356934	0.04528000000004795	epochs	3.0
1150.9353203356934	0.04479999999989559	epochs	3.0
1150.9801203356933	0.08816000000001623	epochs	2.0
1150.9801203356933	0.044319999999970605	epochs	3.0
1151.0244403356933	0.04384000000004562	epochs	3.0
1151.0682803356933	0.08647999999993772	epochs	2.0
1151.0682803356933	0.04344000000014603	epochs	3.0
1151.1117203356935	0.04303999999979169	epochs	3.0
1151.1547603356933	0.08472000000006119	epochs	2.0
1151.1547603356933	0.04256000000009408	epochs	3.0
1151.1973203356933	0.04215999999996711	epochs	3.0
1151.2394803356933	0.08320000000003347	epochs	2.0
1151.2394803356933	0.04176000000006752	epochs	3.0
1151.2812403356934	0.04143999999996595	epochs	3.0
1151.3226803356933	0.08151999999995496	epochs	2.0
1151.3226803356933	0.040960000000040964	epochs	3.0
1151.3636403356934	0.040559999999914	epochs	3.0
1151.4042003356933	0.08007999999995263	epochs	2.0
1151.4042003356933	0.0402400000000398	epochs	3.0
1151.4444403356933	0.039839999999912834	epochs	3.0
1151.4842803356933	0.07864000000017768	epochs	2.0
1151.4842803356933	0.039520000000038635	epochs	3.0
1151.5238003356933	0.039120000000139044	epochs	3.0
1151.5629203356934	0.07719999999994798	epochs	2.0
1151.5629203356934	0.0387999999998101	epochs	3.0
1151.6017203356932	0.03840000000013788	epochs	3.0
1151.6401203356934	0.07591999999999643	epochs	2.0
1151.6401203356934	0.0381600000000617	epochs	3.0
1151.6782803356934	0.037759999999934735	epochs	3.0
1151.7160403356934	0.0745600000000195	epochs	2.0
1151.7160403356934	0.037440000000060536	epochs	3.0
1151.7534803356934	0.037119999999958964	epochs	3.0
1151.7906003356934	0.07335999999986598	epochs	2.0
1151.7906003356934	0.03679999999985739	epochs	3.0
1151.8274003356933	0.036560000000008586	epochs	3.0
1151.8639603356933	0.07208000000014181	epochs	2.0
1151.8639603356933	0.036160000000108994	epochs	3.0
1151.9001203356934	0.035920000000032815	epochs	3.0
1151.9360403356934	0.07087999999998829	epochs	2.0
1151.9360403356934	0.03559999999993124	epochs	3.0
1151.9716403356933	0.035280000000057044	epochs	3.0
1152.0069203356934	0.06983999999988555	epochs	2.0
1152.0069203356934	0.035039999999980864	epochs	3.0
1152.0419603356934	0.034799999999904685	epochs	3.0
1152.0767603356933	0.06864000000018677	epochs	2.0
1152.0767603356933	0.034480000000030486	epochs	3.0
1152.1112403356933	0.03416000000015629	epochs	3.0
1152.1454003356935	0.06759999999985666	epochs	2.0
1152.1454003356935	0.033919999999852735	epochs	3.0
1152.1793203356933	0.03368000000000393	epochs	3.0
1152.2130003356933	0.0665599999999813	epochs	2.0
1152.2130003356933	0.03343999999992775	epochs	3.0
1152.2464403356933	0.03312000000005355	epochs	3.0
1152.2795603356933	0.06560000000013133	epochs	2.0
1152.2795603356933	0.032960000000002765	epochs	3.0
1152.3125203356933	0.032640000000128566	epochs	3.0
1152.3451603356934	0.0645600000000286	epochs	2.0
1152.3451603356934	0.03239999999982501	epochs	3.0
1152.3775603356933	0.03216000000020358	epochs	3.0
1152.4097203356935	0.06367999999997664	epochs	2.0
1152.4097203356935	0.03199999999992542	epochs	3.0
1152.4417203356934	0.03168000000005122	epochs	3.0
1152.4734003356934	0.0627199999998993	epochs	2.0
1152.4734003356934	0.03143999999997504	epochs	3.0
1152.5048403356934	0.03127999999992426	epochs	3.0
1152.5361203356933	0.061840000000074724	epochs	2.0
1152.5361203356933	0.03104000000007545	epochs	3.0
1152.5671603356934	0.030799999999999272	epochs	3.0
1152.5979603356934	0.060960000000022774	epochs	2.0
1152.5979603356934	0.030559999999923093	epochs	3.0
1152.6285203356933	0.03040000000009968	epochs	3.0
1152.6589203356934	0.060159999999996217	epochs	2.0
1152.6589203356934	0.0301600000000235	epochs	3.0
1152.6890803356935	0.029999999999972715	epochs	3.0
1152.7190803356934	0.059279999999944266	epochs	2.0
1152.7190803356934	0.029679999999871143	epochs	3.0
1152.7487603356933	0.029600000000073123	epochs	3.0
1152.7783603356934	0.05847999999991771	epochs	2.0
1152.7783603356934	0.029359999999996944	epochs	3.0
1152.8077203356934	0.029119999999920765	epochs	3.0
1152.8368403356933	0.05776000000014392	epochs	2.0
1152.8368403356933	0.028960000000097352	epochs	3.0
1152.8658003356934	0.028800000000046566	epochs	3.0
1152.8946003356934	0.05695999999988999	epochs	2.0
1152.8946003356934	0.028559999999970387	epochs	3.0
1152.9231603356934	0.0283999999999196	epochs	3.0
1152.9515603356933	0.0562400000001162	epochs	2.0
1152.9515603356933	0.028160000000070795	epochs	3.0
1152.9797203356934	0.028080000000045402	epochs	3.0
1153.0078003356934	0.055439999999862266	epochs	2.0
1153.0078003356934	0.027839999999969223	epochs	3.0
1153.0356403356934	0.027599999999893043	epochs	3.0
1153.0632403356933	0.05488000000013926	epochs	2.0
1153.0632403356933	0.027520000000095024	epochs	3.0
1153.0907603356934	0.027360000000044238	epochs	3.0
1153.1181203356934	0.05407999999988533	epochs	2.0
1153.1181203356934	0.02711999999996806	epochs	3.0
1153.1452403356934	0.026959999999917272	epochs	3.0
1153.1722003356933	0.053440000000136934	epochs	2.0
1153.1722003356933	0.02680000000009386	epochs	3.0
1153.1990003356934	0.026640000000043074	epochs	3.0
1153.2256403356935	0.05287999999995918	epochs	2.0
1153.2256403356935	0.026479999999992287	epochs	3.0
1153.2521203356935	0.026399999999966894	epochs	3.0
1153.2785203356934	0.05215999999995802	epochs	2.0
1153.2785203356934	0.026159999999890715	epochs	3.0
1153.3046803356933	0.026000000000067303	epochs	3.0
1153.3306803356934	0.05151999999998225	epochs	2.0
1153.3306803356934	0.025840000000016516	epochs	3.0
1153.3565203356934	0.02567999999996573	epochs	3.0
1153.3822003356934	0.05096000000003187	epochs	2.0
1153.3822003356934	0.025599999999940337	epochs	3.0
1153.4078003356933	0.02536000000009153	epochs	3.0
1153.4331603356934	0.05039999999985412	epochs	2.0
1153.4331603356934	0.02528000000006614	epochs	3.0
1153.4584403356935	0.02511999999978798	epochs	3.0
1153.4835603356933	0.04976000000010572	epochs	2.0
1153.4835603356933	0.02496000000019194	epochs	3.0
1153.5085203356934	0.02479999999991378	epochs	3.0
1153.5333203356934	0.04919999999992797	epochs	2.0
1153.5333203356934	0.024640000000090367	epochs	3.0
1153.5579603356935	0.0245599999998376	epochs	3.0
1153.5825203356933	0.04872000000000298	epochs	2.0
1153.5825203356933	0.024400000000014188	epochs	3.0
1153.6069203356933	0.024319999999988795	epochs	3.0
1153.6312403356933	0.04808000000002721	epochs	2.0
1153.6312403356933	0.02408000000013999	epochs	3.0
1153.6553203356934	0.023999999999887223	epochs	3.0
1153.6793203356933	0.04760000000010223	epochs	2.0
1153.6793203356933	0.02384000000006381	epochs	3.0
1153.7031603356934	0.023760000000038417	epochs	3.0
1153.7269203356934	0.04711999999994987	epochs	2.0
1153.7269203356934	0.02359999999998763	epochs	3.0
1153.7505203356934	0.023519999999962238	epochs	3.0
1153.7740403356934	0.04655999999999949	epochs	2.0
1153.7740403356934	0.02335999999991145	epochs	3.0
1153.7974003356933	0.02320000000008804	epochs	3.0
1153.8206003356934	0.046080000000074506	epochs	2.0
1153.8206003356934	0.023120000000062646	epochs	3.0
1153.8437203356934	0.02296000000001186	epochs	3.0
1153.8666803356934	0.04559999999992215	epochs	2.0
1153.8666803356934	0.022879999999986467	epochs	3.0
1153.8895603356934	0.02271999999993568	epochs	3.0
1153.9122803356934	0.04511999999999716	epochs	2.0
1153.9122803356934	0.022639999999910287	epochs	3.0
1153.9349203356933	0.022480000000086875	epochs	3.0
1153.9574003356934	0.04464000000007218	epochs	2.0
1153.9574003356934	0.022400000000061482	epochs	3.0
1153.9798003356934	0.022240000000010696	epochs	3.0
1154.0020403356934	0.04423999999994521	epochs	2.0
1154.0020403356934	0.022159999999985303	epochs	3.0
1154.0242003356934	0.02207999999995991	epochs	3.0
1154.0462803356934	0.04376000000002023	epochs	2.0
1154.0462803356934	0.021919999999909123	epochs	3.0
1154.0682003356933	0.021840000000111104	epochs	3.0
1154.0900403356934	0.04335999999989326	epochs	2.0
1154.0900403356934	0.021759999999858337	epochs	3.0
1154.1118003356933	0.021600000000034925	epochs	3.0
1154.1334003356933	0.04287999999996828	epochs	2.0
1154.1334003356933	0.02143999999998414	epochs	3.0
1154.1548403356933	0.02143999999998414	epochs	3.0
1154.1762803356933	0.042480000000068685	epochs	2.0
1154.1762803356933	0.021280000000160726	epochs	3.0
1154.1975603356934	0.02119999999990796	epochs	3.0
1154.2187603356933	0.04207999999994172	epochs	2.0
1154.2187603356933	0.021040000000084547	epochs	3.0
1154.2398003356934	0.021039999999857173	epochs	3.0
1154.2608403356933	0.04168000000004213	epochs	2.0
1154.2608403356933	0.02088000000003376	epochs	3.0
1154.2817203356933	0.020800000000008367	epochs	3.0
1154.3025203356933	0.04120000000011714	epochs	2.0
1154.3025203356933	0.02063999999995758	epochs	3.0
1154.3231603356933	0.020560000000159562	epochs	3.0
1154.3437203356934	0.04088000000001557	epochs	2.0
1154.3437203356934	0.020559999999932188	epochs	3.0
1154.3642803356934	0.020320000000083382	epochs	3.0
1154.3846003356934	0.040559999999914	epochs	2.0
1154.3846003356934	0.02031999999985601	epochs	3.0
1154.4049203356933	0.02024000000005799	epochs	3.0
1154.4251603356934	0.04007999999998901	epochs	2.0
1154.4251603356934	0.020080000000007203	epochs	3.0
1154.4452403356934	0.01999999999998181	epochs	3.0
1154.4652403356934	0.039760000000114815	epochs	2.0
1154.4652403356934	0.019919999999956417	epochs	3.0
1154.4851603356933	0.019840000000158398	epochs	3.0
1154.5050003356935	0.03943999999978587	epochs	2.0
1154.5050003356935	0.01975999999990563	epochs	3.0
1154.5247603356934	0.019679999999880238	epochs	3.0
1154.5444403356933	0.03904000000011365	epochs	2.0
1154.5444403356933	0.019520000000056825	epochs	3.0
1154.5639603356933	0.019520000000056825	epochs	3.0
1154.5834803356934	0.038639999999986685	epochs	2.0
1154.5834803356934	0.01936000000000604	epochs	3.0
1154.6028403356934	0.019279999999980646	epochs	3.0
1154.6221203356934	0.038399999999910506	epochs	2.0
1154.6221203356934	0.019279999999980646	epochs	3.0
1154.6414003356933	0.01911999999992986	epochs	3.0
1154.6605203356933	0.038000000000010914	epochs	2.0
1154.6605203356933	0.01904000000013184	epochs	3.0
1154.6795603356934	0.018959999999879074	epochs	3.0
1154.6985203356933	0.037680000000136715	epochs	2.0
1154.6985203356933	0.018880000000081054	epochs	3.0
1154.7174003356934	0.01880000000005566	epochs	3.0
1154.7362003356934	0.03736000000003514	epochs	2.0
1154.7362003356934	0.018720000000030268	epochs	3.0
1154.7549203356934	0.018640000000004875	epochs	3.0
1154.7735603356934	0.03703999999993357	epochs	2.0
1154.7735603356934	0.018559999999979482	epochs	3.0
1154.7921203356934	0.01847999999995409	epochs	3.0
1154.8106003356934	0.03672000000005937	epochs	2.0
1154.8106003356934	0.018399999999928696	epochs	3.0
1154.8290003356933	0.018320000000130676	epochs	3.0
1154.8473203356934	0.03647999999998319	epochs	2.0
1154.8473203356934	0.01823999999987791	epochs	3.0
1154.8655603356933	0.018240000000105283	epochs	3.0
1154.8838003356934	0.03607999999985623	epochs	2.0
1154.8838003356934	0.018079999999827123	epochs	3.0
1154.9018803356932	0.018000000000029104	epochs	3.0
1154.9198803356933	0.03584000000000742	epochs	2.0
1154.9198803356933	0.01792000000000371	epochs	3.0
1154.9378003356933	0.01792000000000371	epochs	3.0
1154.9557203356933	0.03552000000013322	epochs	2.0
1154.9557203356933	0.017760000000180298	epochs	3.0
1154.9734803356935	0.017759999999952925	epochs	3.0
1154.9912403356934	0.03520000000003165	epochs	2.0
1154.9912403356934	0.01767999999992753	epochs	3.0
1155.0089203356933	0.01752000000010412	epochs	3.0
1155.0264403356935	0.03495999999995547	epochs	2.0
1155.0264403356935	0.017519999999876745	epochs	3.0
1155.0439603356933	0.017440000000078726	epochs	3.0
1155.0614003356934	0.03471999999987929	epochs	2.0
1155.0614003356934	0.017439999999851352	epochs	3.0
1155.0788403356933	0.01728000000002794	epochs	3.0
1155.0961203356933	0.03440000000000509	epochs	2.0
1155.0961203356933	0.017200000000002547	epochs	3.0
1155.1133203356933	0.017200000000002547	epochs	3.0
1155.1305203356933	0.03416000000015629	epochs	2.0
1155.1305203356933	0.017119999999977153	epochs	3.0
1155.1476403356933	0.017040000000179134	epochs	3.0
1155.1646803356934	0.03383999999982734	epochs	2.0
1155.1646803356934	0.016959999999926367	epochs	3.0
1155.1816403356934	0.016879999999900974	epochs	3.0
1155.1985203356933	0.033599999999978536	epochs	2.0
1155.1985203356933	0.016800000000102955	epochs	3.0
1155.2153203356934	0.01679999999987558	epochs	3.0
1155.2321203356933	0.03336000000012973	epochs	2.0
1155.2321203356933	0.01672000000007756	epochs	3.0
1155.2488403356933	0.01664000000005217	epochs	3.0
1155.2654803356934	0.03312000000005355	epochs	2.0
1155.2654803356934	0.016560000000026776	epochs	3.0
1155.2820403356934	0.016560000000026776	epochs	3.0
1155.2986003356934	0.03279999999995198	epochs	2.0
1155.2986003356934	0.01639999999997599	epochs	3.0
1155.3150003356934	0.01639999999997599	epochs	3.0
1155.3314003356934	0.0325599999998758	epochs	2.0
1155.3314003356934	0.016319999999950596	epochs	3.0
1155.3477203356933	0.016239999999925203	epochs	3.0
1155.3639603356933	0.03240000000005239	epochs	2.0
1155.3639603356933	0.016240000000152577	epochs	3.0
1155.3802003356934	0.01615999999989981	epochs	3.0
1155.3963603356933	0.032079999999950815	epochs	2.0
1155.3963603356933	0.01608000000010179	epochs	3.0
1155.4124403356934	0.015999999999849024	epochs	3.0
1155.4284403356933	0.0319200000001274	epochs	2.0
1155.4284403356933	0.016000000000076398	epochs	3.0
1155.4444403356933	0.015920000000051004	epochs	3.0
1155.4603603356934	0.03160000000002583	epochs	2.0
1155.4603603356934	0.01584000000002561	epochs	3.0
1155.4762003356934	0.01576000000000022	epochs	3.0
1155.4919603356934	0.03143999999997504	epochs	2.0
1155.4919603356934	0.01576000000000022	epochs	3.0
1155.5077203356934	0.015679999999974825	epochs	3.0
1155.5234003356934	0.031199999999898864	epochs	2.0
1155.5234003356934	0.015599999999949432	epochs	3.0
1155.5390003356933	0.015599999999949432	epochs	3.0
1155.5546003356933	0.03096000000005006	epochs	2.0
1155.5546003356933	0.015520000000151413	epochs	3.0
1155.5701203356934	0.015439999999898646	epochs	3.0
1155.5855603356933	0.03071999999997388	epochs	2.0
1155.5855603356933	0.01544000000012602	epochs	3.0
1155.6010003356935	0.01527999999984786	epochs	3.0
1155.6162803356933	0.030560000000150467	epochs	2.0
1155.6162803356933	0.015360000000100626	epochs	3.0
1155.6316403356934	0.01520000000004984	epochs	3.0
1155.6468403356935	0.030319999999846914	epochs	2.0
1155.6468403356935	0.015199999999822467	epochs	3.0
1155.6620403356933	0.015120000000024447	epochs	3.0
1155.6771603356933	0.030079999999998108	epochs	2.0
1155.6771603356933	0.015120000000024447	epochs	3.0
1155.6922803356933	0.014959999999973661	epochs	3.0
1155.7072403356933	0.029919999999947322	epochs	2.0
1155.7072403356933	0.015039999999999054	epochs	3.0
1155.7222803356933	0.014879999999948268	epochs	3.0
1155.7371603356933	0.029680000000098516	epochs	2.0
1155.7371603356933	0.014880000000175642	epochs	3.0
1155.7520403356934	0.014799999999922875	epochs	3.0
1155.7668403356934	0.02952000000004773	epochs	2.0
1155.7668403356934	0.014799999999922875	epochs	3.0
1155.7816403356933	0.014720000000124855	epochs	3.0
1155.7963603356934	0.02927999999997155	epochs	2.0
1155.7963603356934	0.014719999999897482	epochs	3.0
1155.8110803356933	0.01456000000007407	epochs	3.0
1155.8256403356934	0.029119999999920765	epochs	2.0
1155.8256403356934	0.014639999999872089	epochs	3.0
1155.8402803356933	0.014480000000048676	epochs	3.0
1155.8547603356933	0.028960000000097352	epochs	2.0
1155.8547603356933	0.014480000000048676	epochs	3.0
1155.8692403356933	0.014480000000048676	epochs	3.0
1155.8837203356934	0.02863999999999578	epochs	2.0
1155.8837203356934	0.01431999999999789	epochs	3.0
1155.8980403356934	0.01431999999999789	epochs	3.0
1155.9123603356934	0.028559999999970387	epochs	2.0
1155.9123603356934	0.01431999999999789	epochs	3.0
1155.9266803356934	0.014239999999972497	epochs	3.0
1155.9409203356934	0.028319999999894208	epochs	2.0
1155.9409203356934	0.014159999999947104	epochs	3.0
1155.9550803356933	0.014159999999947104	epochs	3.0
1155.9692403356933	0.028160000000070795	epochs	2.0
1155.9692403356933	0.014160000000174477	epochs	3.0
1155.9834003356934	0.013999999999896318	epochs	3.0
1155.9974003356933	0.02800000000002001	epochs	2.0
1155.9974003356933	0.014000000000123691	epochs	3.0
1156.0114003356935	0.013999999999896318	epochs	3.0
1156.0254003356933	0.02775999999994383	epochs	2.0
1156.0254003356933	0.013920000000098298	epochs	3.0
1156.0393203356934	0.013839999999845531	epochs	3.0
1156.0531603356933	0.02768000000014581	epochs	2.0
1156.0531603356933	0.013840000000072905	epochs	3.0
1156.0670003356934	0.013840000000072905	epochs	3.0
1156.0808403356934	0.027439999999842257	epochs	2.0
1156.0808403356934	0.013759999999820138	epochs	3.0
1156.0946003356933	0.013680000000022119	epochs	3.0
1156.1082803356933	0.027280000000018845	epochs	2.0
1156.1082803356933	0.013680000000022119	epochs	3.0
1156.1219603356933	0.013599999999996726	epochs	3.0
1156.1355603356933	0.02711999999996806	epochs	2.0
1156.1355603356933	0.013519999999971333	epochs	3.0
1156.1490803356933	0.013599999999996726	epochs	3.0
1156.1626803356933	0.026880000000119253	epochs	2.0
1156.1626803356933	0.013440000000173313	epochs	3.0
1156.1761203356934	0.01343999999994594	epochs	3.0
1156.1895603356934	0.026799999999866486	epochs	2.0
1156.1895603356934	0.01343999999994594	epochs	3.0
1156.2030003356933	0.013359999999920547	epochs	3.0
1156.2163603356933	0.02656000000001768	epochs	2.0
1156.2163603356933	0.013280000000122527	epochs	3.0
1156.2296403356934	0.013279999999895153	epochs	3.0
1156.2429203356933	0.026479999999992287	epochs	2.0
1156.2429203356933	0.013280000000122527	epochs	3.0
1156.2562003356934	0.01319999999986976	epochs	3.0
1156.2694003356933	0.026240000000143482	epochs	2.0
1156.2694003356933	0.013120000000071741	epochs	3.0
1156.2825203356933	0.013120000000071741	epochs	3.0
1156.2956403356934	0.026159999999890715	epochs	2.0
1156.2956403356934	0.013119999999844367	epochs	3.0
1156.3087603356933	0.013040000000046348	epochs	3.0
1156.3218003356933	0.026000000000067303	epochs	2.0
1156.3218003356933	0.013040000000046348	epochs	3.0
1156.3348403356933	0.012960000000020955	epochs	3.0
1156.3478003356934	0.025759999999991123	epochs	2.0
1156.3478003356934	0.012879999999995562	epochs	3.0
1156.3606803356934	0.012879999999995562	epochs	3.0
1156.3735603356934	0.02567999999996573	epochs	2.0
1156.3735603356934	0.012879999999995562	epochs	3.0
1156.3864403356934	0.012799999999970169	epochs	3.0
1156.3992403356933	0.025520000000142318	epochs	2.0
1156.3992403356933	0.012799999999970169	epochs	3.0
1156.4120403356933	0.01272000000017215	epochs	3.0
1156.4247603356935	0.025359999999864158	epochs	2.0
1156.4247603356935	0.012719999999944775	epochs	3.0
1156.4374803356934	0.012639999999919382	epochs	3.0
1156.4501203356933	0.025200000000040745	epochs	2.0
1156.4501203356933	0.012640000000146756	epochs	3.0
1156.4627603356935	0.01255999999989399	epochs	3.0
1156.4753203356934	0.024560000000064974	epochs	2.0
1156.4996834356934	0.5	epochs	-1.0
1156.4998803356934	0.5227199999999357	epochs	1.0
1157.0226003356934	0.4772000000000389	epochs	0.0
1159.7829999923706	0.07688000000007378	epochs	0.0
1159.7829999923706	0.03343999999992775	epochs	1.0
1159.8164399923705	0.010080000000016298	epochs	1.0
1159.8265199923705	0.03336000000012973	epochs	1.0
1159.8598799923707	2.0	epochs	0.0
1161.8598799923707	21.523680000000013	epochs	0.0
1161.8598799923707	1.0	epochs	1.0
1161.8599230923705	0.5	epochs	-1.0
1162.3599230923705	19.99976000000015	epochs	-1.0
1162.8598799923707	20.0	epochs	1.0
1162.8598799923707	8.000000002539309e-05	epochs	2.0
1162.8599599923707	4.356719999999996	epochs	-1.0
1162.8599599923707	1.974559999999883	epochs	2.0
1162.8599599923707	1.0985599999999067	epochs	3.0
1163.9585199923706	0.8759999999999764	epochs	3.0
1164.8345199923706	1.3523999999999887	epochs	2.0
1164.8345199923706	0.7286400000000413	epochs	3.0
1165.5631599923706	0.6237599999999475	epochs	3.0
1166.1869199923706	1.029760000000124	epochs	2.0
1166.1869199923706	0.5453600000000733	epochs	3.0
1166.7322799923706	0.48440000000005057	epochs	3.0
1167.2166799923707	0.8317599999998038	epochs	2.0
1167.2166799923707	0.4357599999998456	epochs	3.0
1167.6524399923705	0.39599999999995816	epochs	3.0
1168.0484399923705	0.697840000000042	epochs	2.0
1168.0484399923705	0.362880000000132	epochs	3.0
1168.4113199923706	0.33495999999991	epochs	3.0
1168.7462799923705	0.6010400000000118	epochs	2.0
1168.7462799923705	0.3108799999999974	epochs	3.0
1169.0571599923705	0.2901600000000144	epochs	3.0
1169.3473199923706	0.5278399999999692	epochs	2.0
1169.3473199923706	0.2719200000001365	epochs	3.0
1169.6192399923707	0.2559199999998327	epochs	3.0
1169.8751599923705	0.47064000000000306	epochs	2.0
1169.8751599923705	0.2416800000000876	epochs	3.0
1170.1168399923706	0.22895999999991545	epochs	3.0
1170.3457999923705	0.4245600000001559	epochs	2.0
1170.3457999923705	0.2174400000001242	epochs	3.0
1170.5632399923707	0.20712000000003172	epochs	3.0
1170.7703599923707	0.3867199999999684	epochs	2.0
1170.7703599923707	0.1976799999999912	epochs	3.0
1170.9680399923707	0.18903999999997723	epochs	3.0
1171.1570799923707	0.3551199999999426	epochs	2.0
1171.1570799923707	0.1811999999999898	epochs	3.0
1171.3382799923706	0.17391999999995278	epochs	3.0
1171.5121999923706	0.3282400000000507	epochs	2.0
1171.5121999923706	0.1672000000000935	epochs	3.0
1171.6793999923707	0.16103999999995722	epochs	3.0
1171.8404399923706	0.30520000000001346	epochs	2.0
1171.8404399923706	0.1552799999999479	epochs	3.0
1171.9957199923706	0.14992000000006556	epochs	3.0
1172.1456399923707	0.28512000000000626	epochs	2.0
1172.1456399923707	0.1448800000000574	epochs	3.0
1172.2905199923707	0.14023999999994885	epochs	3.0
1172.4307599923707	0.26751999999987675	epochs	2.0
1172.4307599923707	0.13583999999991647	epochs	3.0
1172.5665999923706	0.13167999999996027	epochs	3.0
1172.6982799923705	0.2520799999999781	epochs	2.0
1172.6982799923705	0.12784000000010565	epochs	3.0
1172.8261199923706	0.12423999999987245	epochs	3.0
1172.9503599923705	0.23816000000010717	epochs	2.0
1172.9503599923705	0.1207200000001194	epochs	3.0
1173.0710799923706	0.11743999999998778	epochs	3.0
1173.1885199923706	0.225840000000062	epochs	2.0
1173.1885199923706	0.11439999999993233	epochs	3.0
1173.3029199923706	0.11144000000012966	epochs	3.0
1173.4143599923707	0.21463999999991756	epochs	2.0
1173.4143599923707	0.10863999999992302	epochs	3.0
1173.5229999923706	0.10599999999999454	epochs	3.0
1173.6289999923706	0.20448000000010325	epochs	2.0
1173.6289999923706	0.10344000000009146	epochs	3.0
1173.7324399923707	0.10104000000001179	epochs	3.0
1173.8334799923707	0.19535999999993692	epochs	2.0
1173.8334799923707	0.0987999999999829	epochs	3.0
1173.9322799923707	0.09655999999995402	epochs	3.0
1174.0288399923706	0.18695999999999913	epochs	2.0
1174.0288399923706	0.09447999999997592	epochs	3.0
1174.1233199923706	0.09248000000002321	epochs	3.0
1174.2157999923706	0.1792000000000371	epochs	2.0
1174.2157999923706	0.09047999999984313	epochs	3.0
1174.3062799923705	0.08872000000019398	epochs	3.0
1174.3949999923707	0.17207999999982349	epochs	2.0
1174.3949999923707	0.08687999999983731	epochs	3.0
1174.4818799923705	0.08519999999998618	epochs	3.0
1174.5670799923705	0.165520000000015	epochs	2.0
1174.5670799923705	0.08360000000016043	epochs	3.0
1174.6506799923707	0.08191999999985455	epochs	3.0
1174.7325999923705	0.15952000000015687	epochs	2.0
1174.7325999923705	0.0804800000000796	epochs	3.0
1174.8130799923706	0.07904000000007727	epochs	3.0
1174.8921199923707	0.15375999999992018	epochs	2.0
1174.8921199923707	0.07759999999984757	epochs	3.0
1174.9697199923705	0.07616000000007261	epochs	3.0
1175.0458799923706	0.14856000000008862	epochs	2.0
1175.0458799923706	0.07495999999991909	epochs	3.0
1175.1208399923705	0.07360000000016953	epochs	3.0
1175.1944399923707	0.14367999999990388	epochs	2.0
1175.1944399923707	0.07247999999981403	epochs	3.0
1175.2669199923705	0.07120000000008986	epochs	3.0
1175.3381199923706	0.1390400000000227	epochs	2.0
1175.3381199923706	0.07007999999996173	epochs	3.0
1175.4081999923706	0.06896000000006097	epochs	3.0
1175.4771599923706	0.13472000000001572	epochs	2.0
1175.4771599923706	0.06791999999995824	epochs	3.0
1175.5450799923706	0.06680000000005748	epochs	3.0
1175.6118799923706	0.13071999999988293	epochs	2.0
1175.6118799923706	0.06583999999998014	epochs	3.0
1175.6777199923706	0.0648799999999028	epochs	3.0
1175.7425999923705	0.1268000000000029	epochs	2.0
1175.7425999923705	0.06384000000002743	epochs	3.0
1175.8064399923705	0.06295999999997548	epochs	3.0
1175.8693999923705	0.12328000000002248	epochs	2.0
1175.8693999923705	0.0620800000001509	epochs	3.0
1175.9314799923707	0.06119999999987158	epochs	3.0
1175.9926799923705	0.11984000000006745	epochs	2.0
1175.9926799923705	0.060320000000047	epochs	3.0
1176.0529999923706	0.059520000000020445	epochs	3.0
1176.1125199923706	0.11663999999996122	epochs	2.0
1176.1125199923706	0.05871999999999389	epochs	3.0
1176.1712399923706	0.05791999999996733	epochs	3.0
1176.2291599923706	0.11360000000013315	epochs	2.0
1176.2291599923706	0.05719999999996617	epochs	3.0
1176.2863599923705	0.05640000000016698	epochs	3.0
1176.3427599923707	0.11071999999990112	epochs	2.0
1176.3427599923707	0.055679999999938445	epochs	3.0
1176.3984399923706	0.055039999999962674	epochs	3.0
1176.4534799923706	0.10791999999992186	epochs	2.0
1176.4534799923706	0.05423999999993612	epochs	3.0
1176.5077199923705	0.05367999999998574	epochs	3.0
1176.5613999923705	0.10527999999999338	epochs	2.0
1176.5613999923705	0.052959999999984575	epochs	3.0
1176.6143599923705	0.052320000000008804	epochs	3.0
1176.6666799923705	0.10288000000014108	epochs	2.0
1176.6666799923705	0.051760000000058426	epochs	3.0
1176.7184399923706	0.051120000000082655	epochs	3.0
1176.7695599923707	0.10040000000003602	epochs	2.0
1176.7695599923707	0.05047999999987951	epochs	3.0
1176.8200399923705	0.049920000000156506	epochs	3.0
1176.8699599923707	0.09823999999980515	epochs	2.0
1176.8699599923707	0.049359999999978754	epochs	3.0
1176.9193199923707	0.048879999999826396	epochs	3.0
1176.9681999923705	0.09600000000000364	epochs	2.0
1176.9681999923705	0.048240000000078	epochs	3.0
1177.0164399923706	0.04775999999992564	epochs	3.0
1177.0641999923705	0.09392000000002554	epochs	2.0
1177.0641999923705	0.047200000000202635	epochs	3.0
1177.1113999923707	0.0467199999998229	epochs	3.0
1177.1581199923705	0.09192000000007283	epochs	2.0
1177.1581199923705	0.0461600000000999	epochs	3.0
1177.2042799923706	0.04575999999997293	epochs	3.0
1177.2500399923706	0.09007999999994354	epochs	2.0
1177.2500399923706	0.04528000000004795	epochs	3.0
1177.2953199923707	0.04479999999989559	epochs	3.0
1177.3401199923705	0.08816000000001623	epochs	2.0
1177.3401199923705	0.044319999999970605	epochs	3.0
1177.3844399923705	0.04384000000004562	epochs	3.0
1177.4282799923706	0.08647999999993772	epochs	2.0
1177.4282799923706	0.04344000000014603	epochs	3.0
1177.4717199923707	0.04303999999979169	epochs	3.0
1177.5147599923705	0.08472000000006119	epochs	2.0
1177.5147599923705	0.04256000000009408	epochs	3.0
1177.5573199923706	0.04215999999996711	epochs	3.0
1177.5994799923706	0.08320000000003347	epochs	2.0
1177.5994799923706	0.04176000000006752	epochs	3.0
1177.6412399923706	0.04143999999996595	epochs	3.0
1177.6826799923706	0.08151999999995496	epochs	2.0
1177.6826799923706	0.040960000000040964	epochs	3.0
1177.7236399923706	0.040559999999914	epochs	3.0
1177.7641999923705	0.08007999999995263	epochs	2.0
1177.7641999923705	0.0402400000000398	epochs	3.0
1177.8044399923706	0.039839999999912834	epochs	3.0
1177.8442799923705	0.07864000000017768	epochs	2.0
1177.8442799923705	0.039520000000038635	epochs	3.0
1177.8837999923705	0.039120000000139044	epochs	3.0
1177.9229199923707	0.07719999999994798	epochs	2.0
1177.9229199923707	0.0387999999998101	epochs	3.0
1177.9617199923705	0.03840000000013788	epochs	3.0
1178.0001199923706	0.07591999999999643	epochs	2.0
1178.0001199923706	0.0381600000000617	epochs	3.0
1178.0382799923707	0.037759999999934735	epochs	3.0
1178.0760399923706	0.0745600000000195	epochs	2.0
1178.0760399923706	0.037440000000060536	epochs	3.0
1178.1134799923707	0.037119999999958964	epochs	3.0
1178.1505999923706	0.07335999999986598	epochs	2.0
1178.1505999923706	0.03679999999985739	epochs	3.0
1178.1873999923705	0.036560000000008586	epochs	3.0
1178.2239599923705	0.07208000000014181	epochs	2.0
1178.2239599923705	0.036160000000108994	epochs	3.0
1178.2601199923706	0.035920000000032815	epochs	3.0
1178.2960399923707	0.07087999999998829	epochs	2.0
1178.2960399923707	0.03559999999993124	epochs	3.0
1178.3316399923706	0.035280000000057044	epochs	3.0
1178.3669199923706	0.06983999999988555	epochs	2.0
1178.3669199923706	0.035039999999980864	epochs	3.0
1178.4019599923706	0.034799999999904685	epochs	3.0
1178.4367599923705	0.06864000000018677	epochs	2.0
1178.4367599923705	0.034480000000030486	epochs	3.0
1178.4712399923706	0.03416000000015629	epochs	3.0
1178.5053999923707	0.06759999999985666	epochs	2.0
1178.5053999923707	0.033919999999852735	epochs	3.0
1178.5393199923706	0.03368000000000393	epochs	3.0
1178.5729999923706	0.0665599999999813	epochs	2.0
1178.5729999923706	0.03343999999992775	epochs	3.0
1178.6064399923705	0.03312000000005355	epochs	3.0
1178.6395599923706	0.06560000000013133	epochs	2.0
1178.6395599923706	0.032960000000002765	epochs	3.0
1178.6725199923706	0.032640000000128566	epochs	3.0
1178.7051599923707	0.0645600000000286	epochs	2.0
1178.7051599923707	0.03239999999982501	epochs	3.0
1178.7375599923705	0.03216000000020358	epochs	3.0
1178.7697199923707	0.06367999999997664	epochs	2.0
1178.7697199923707	0.03199999999992542	epochs	3.0
1178.8017199923706	0.03168000000005122	epochs	3.0
1178.8333999923707	0.0627199999998993	epochs	2.0
1178.8333999923707	0.03143999999997504	epochs	3.0
1178.8648399923707	0.03127999999992426	epochs	3.0
1178.8961199923706	0.061840000000074724	epochs	2.0
1178.8961199923706	0.03104000000007545	epochs	3.0
1178.9271599923707	0.030799999999999272	epochs	3.0
1178.9579599923707	0.060960000000022774	epochs	2.0
1178.9579599923707	0.030559999999923093	epochs	3.0
1178.9885199923706	0.03040000000009968	epochs	3.0
1179.0189199923707	0.060159999999996217	epochs	2.0
1179.0189199923707	0.0301600000000235	epochs	3.0
1179.0490799923707	0.029999999999972715	epochs	3.0
1179.0790799923707	0.059279999999944266	epochs	2.0
1179.0790799923707	0.029679999999871143	epochs	3.0
1179.1087599923706	0.029600000000073123	epochs	3.0
1179.1383599923706	0.05847999999991771	epochs	2.0
1179.1383599923706	0.029359999999996944	epochs	3.0
1179.1677199923706	0.029119999999920765	epochs	3.0
1179.1968399923705	0.05776000000014392	epochs	2.0
1179.1968399923705	0.028960000000097352	epochs	3.0
1179.2257999923706	0.028800000000046566	epochs	3.0
1179.2545999923707	0.05695999999988999	epochs	2.0
1179.2545999923707	0.028559999999970387	epochs	3.0
1179.2831599923707	0.0283999999999196	epochs	3.0
1179.3115599923706	0.0562400000001162	epochs	2.0
1179.3115599923706	0.028160000000070795	epochs	3.0
1179.3397199923706	0.028080000000045402	epochs	3.0
1179.3677999923707	0.055439999999862266	epochs	2.0
1179.3677999923707	0.027839999999969223	epochs	3.0
1179.3956399923707	0.027599999999893043	epochs	3.0
1179.4232399923706	0.05488000000013926	epochs	2.0
1179.4232399923706	0.027520000000095024	epochs	3.0
1179.4507599923706	0.027360000000044238	epochs	3.0
1179.4781199923707	0.05407999999988533	epochs	2.0
1179.4781199923707	0.02711999999996806	epochs	3.0
1179.5052399923707	0.026959999999917272	epochs	3.0
1179.5321999923706	0.053440000000136934	epochs	2.0
1179.5321999923706	0.02680000000009386	epochs	3.0
1179.5589999923707	0.026640000000043074	epochs	3.0
1179.5856399923707	0.05287999999995918	epochs	2.0
1179.5856399923707	0.026479999999992287	epochs	3.0
1179.6121199923707	0.026399999999966894	epochs	3.0
1179.6385199923707	0.05215999999995802	epochs	2.0
1179.6385199923707	0.026159999999890715	epochs	3.0
1179.6646799923706	0.026000000000067303	epochs	3.0
1179.6906799923706	0.05151999999998225	epochs	2.0
1179.6906799923706	0.025840000000016516	epochs	3.0
1179.7165199923706	0.02567999999996573	epochs	3.0
1179.7421999923706	0.05096000000003187	epochs	2.0
1179.7421999923706	0.025599999999940337	epochs	3.0
1179.7677999923706	0.02536000000009153	epochs	3.0
1179.7931599923706	0.05039999999985412	epochs	2.0
1179.7931599923706	0.02528000000006614	epochs	3.0
1179.8184399923707	0.02511999999978798	epochs	3.0
1179.8435599923705	0.04976000000010572	epochs	2.0
1179.8435599923705	0.02496000000019194	epochs	3.0
1179.8685199923707	0.02479999999991378	epochs	3.0
1179.8933199923706	0.04919999999992797	epochs	2.0
1179.8933199923706	0.024640000000090367	epochs	3.0
1179.9179599923707	0.0245599999998376	epochs	3.0
1179.9425199923705	0.04872000000000298	epochs	2.0
1179.9425199923705	0.024400000000014188	epochs	3.0
1179.9669199923705	0.024319999999988795	epochs	3.0
1179.9912399923705	0.04808000000002721	epochs	2.0
1179.9912399923705	0.02408000000013999	epochs	3.0
1180.0153199923707	0.023999999999887223	epochs	3.0
1180.0393199923706	0.04760000000010223	epochs	2.0
1180.0393199923706	0.02384000000006381	epochs	3.0
1180.0631599923706	0.023760000000038417	epochs	3.0
1180.0869199923707	0.04711999999994987	epochs	2.0
1180.0869199923707	0.02359999999998763	epochs	3.0
1180.1105199923707	0.023519999999962238	epochs	3.0
1180.1340399923706	0.04655999999999949	epochs	2.0
1180.1340399923706	0.02335999999991145	epochs	3.0
1180.1573999923705	0.02320000000008804	epochs	3.0
1180.1805999923706	0.046080000000074506	epochs	2.0
1180.1805999923706	0.023120000000062646	epochs	3.0
1180.2037199923707	0.02296000000001186	epochs	3.0
1180.2266799923707	0.04559999999992215	epochs	2.0
1180.2266799923707	0.022879999999986467	epochs	3.0
1180.2495599923707	0.02271999999993568	epochs	3.0
1180.2722799923706	0.04511999999999716	epochs	2.0
1180.2722799923706	0.022639999999910287	epochs	3.0
1180.2949199923705	0.022480000000086875	epochs	3.0
1180.3173999923706	0.04464000000007218	epochs	2.0
1180.3173999923706	0.022400000000061482	epochs	3.0
1180.3397999923707	0.022240000000010696	epochs	3.0
1180.3620399923707	0.04423999999994521	epochs	2.0
1180.3620399923707	0.022159999999985303	epochs	3.0
1180.3841999923707	0.02207999999995991	epochs	3.0
1180.4062799923706	0.04376000000002023	epochs	2.0
1180.4062799923706	0.021919999999909123	epochs	3.0
1180.4281999923705	0.021840000000111104	epochs	3.0
1180.4500399923706	0.04335999999989326	epochs	2.0
1180.4500399923706	0.021759999999858337	epochs	3.0
1180.4717999923705	0.021600000000034925	epochs	3.0
1180.4933999923705	0.04287999999996828	epochs	2.0
1180.4933999923705	0.02143999999998414	epochs	3.0
1180.5148399923705	0.02143999999998414	epochs	3.0
1180.5362799923705	0.042480000000068685	epochs	2.0
1180.5362799923705	0.021280000000160726	epochs	3.0
1180.5575599923707	0.02119999999990796	epochs	3.0
1180.5787599923706	0.04207999999994172	epochs	2.0
1180.5787599923706	0.021040000000084547	epochs	3.0
1180.5997999923707	0.021039999999857173	epochs	3.0
1180.6208399923705	0.04168000000004213	epochs	2.0
1180.6208399923705	0.02088000000003376	epochs	3.0
1180.6417199923706	0.020800000000008367	epochs	3.0
1180.6625199923706	0.04120000000011714	epochs	2.0
1180.6625199923706	0.02063999999995758	epochs	3.0
1180.6831599923705	0.020560000000159562	epochs	3.0
1180.7037199923707	0.04088000000001557	epochs	2.0
1180.7037199923707	0.020559999999932188	epochs	3.0
1180.7242799923706	0.020320000000083382	epochs	3.0
1180.7445999923707	0.040559999999914	epochs	2.0
1180.7445999923707	0.02031999999985601	epochs	3.0
1180.7649199923706	0.02024000000005799	epochs	3.0
1180.7851599923706	0.04007999999998901	epochs	2.0
1180.7851599923706	0.020080000000007203	epochs	3.0
1180.8052399923706	0.01999999999998181	epochs	3.0
1180.8252399923706	0.039760000000114815	epochs	2.0
1180.8252399923706	0.019919999999956417	epochs	3.0
1180.8451599923706	0.019840000000158398	epochs	3.0
1180.8649999923707	0.03943999999978587	epochs	2.0
1180.8649999923707	0.01975999999990563	epochs	3.0
1180.8847599923706	0.019679999999880238	epochs	3.0
1180.9044399923705	0.03904000000011365	epochs	2.0
1180.9044399923705	0.019520000000056825	epochs	3.0
1180.9239599923706	0.019520000000056825	epochs	3.0
1180.9434799923706	0.038639999999986685	epochs	2.0
1180.9434799923706	0.01936000000000604	epochs	3.0
1180.9628399923706	0.019279999999980646	epochs	3.0
1180.9821199923706	0.038399999999910506	epochs	2.0
1180.9821199923706	0.019279999999980646	epochs	3.0
1181.0013999923706	0.01911999999992986	epochs	3.0
1181.0205199923705	0.038000000000010914	epochs	2.0
1181.0205199923705	0.01904000000013184	epochs	3.0
1181.0395599923706	0.018959999999879074	epochs	3.0
1181.0585199923705	0.037680000000136715	epochs	2.0
1181.0585199923705	0.018880000000081054	epochs	3.0
1181.0773999923706	0.01880000000005566	epochs	3.0
1181.0961999923707	0.03736000000003514	epochs	2.0
1181.0961999923707	0.018720000000030268	epochs	3.0
1181.1149199923707	0.018640000000004875	epochs	3.0
1181.1335599923707	0.03703999999993357	epochs	2.0
1181.1335599923707	0.018559999999979482	epochs	3.0
1181.1521199923707	0.01847999999995409	epochs	3.0
1181.1705999923706	0.03672000000005937	epochs	2.0
1181.1705999923706	0.018399999999928696	epochs	3.0
1181.1889999923706	0.018320000000130676	epochs	3.0
1181.2073199923707	0.03647999999998319	epochs	2.0
1181.2073199923707	0.01823999999987791	epochs	3.0
1181.2255599923706	0.018240000000105283	epochs	3.0
1181.2437999923707	0.03607999999985623	epochs	2.0
1181.2437999923707	0.018079999999827123	epochs	3.0
1181.2618799923705	0.018000000000029104	epochs	3.0
1181.2798799923705	0.03584000000000742	epochs	2.0
1181.2798799923705	0.01792000000000371	epochs	3.0
1181.2977999923705	0.01792000000000371	epochs	3.0
1181.3157199923705	0.03552000000013322	epochs	2.0
1181.3157199923705	0.017760000000180298	epochs	3.0
1181.3334799923707	0.017759999999952925	epochs	3.0
1181.3512399923707	0.03520000000003165	epochs	2.0
1181.3512399923707	0.01767999999992753	epochs	3.0
1181.3689199923706	0.01752000000010412	epochs	3.0
1181.3864399923707	0.03495999999995547	epochs	2.0
1181.3864399923707	0.017519999999876745	epochs	3.0
1181.4039599923706	0.017440000000078726	epochs	3.0
1181.4213999923707	0.03471999999987929	epochs	2.0
1181.4213999923707	0.017439999999851352	epochs	3.0
1181.4388399923705	0.01728000000002794	epochs	3.0
1181.4561199923705	0.03440000000000509	epochs	2.0
1181.4561199923705	0.017200000000002547	epochs	3.0
1181.4733199923705	0.017200000000002547	epochs	3.0
1181.4905199923705	0.03416000000015629	epochs	2.0
1181.4905199923705	0.017119999999977153	epochs	3.0
1181.5076399923705	0.017040000000179134	epochs	3.0
1181.5246799923707	0.03383999999982734	epochs	2.0
1181.5246799923707	0.016959999999926367	epochs	3.0
1181.5416399923706	0.016879999999900974	epochs	3.0
1181.5585199923705	0.033599999999978536	epochs	2.0
1181.5585199923705	0.016800000000102955	epochs	3.0
1181.5753199923706	0.01679999999987558	epochs	3.0
1181.5921199923705	0.03336000000012973	epochs	2.0
1181.5921199923705	0.01672000000007756	epochs	3.0
1181.6088399923706	0.01664000000005217	epochs	3.0
1181.6254799923706	0.03312000000005355	epochs	2.0
1181.6254799923706	0.016560000000026776	epochs	3.0
1181.6420399923707	0.016560000000026776	epochs	3.0
1181.6585999923707	0.03279999999995198	epochs	2.0
1181.6585999923707	0.01639999999997599	epochs	3.0
1181.6749999923707	0.01639999999997599	epochs	3.0
1181.6913999923706	0.0325599999998758	epochs	2.0
1181.6913999923706	0.016319999999950596	epochs	3.0
1181.7077199923706	0.016239999999925203	epochs	3.0
1181.7239599923705	0.03240000000005239	epochs	2.0
1181.7239599923705	0.016240000000152577	epochs	3.0
1181.7401999923707	0.01615999999989981	epochs	3.0
1181.7563599923706	0.032079999999950815	epochs	2.0
1181.7563599923706	0.01608000000010179	epochs	3.0
1181.7724399923707	0.015999999999849024	epochs	3.0
1181.7884399923705	0.0319200000001274	epochs	2.0
1181.7884399923705	0.016000000000076398	epochs	3.0
1181.8044399923706	0.015920000000051004	epochs	3.0
1181.8203599923706	0.03160000000002583	epochs	2.0
1181.8203599923706	0.01584000000002561	epochs	3.0
1181.8361999923707	0.01576000000000022	epochs	3.0
1181.8519599923707	0.03143999999997504	epochs	2.0
1181.8519599923707	0.01576000000000022	epochs	3.0
1181.8677199923707	0.015679999999974825	epochs	3.0
1181.8833999923706	0.031199999999898864	epochs	2.0
1181.8833999923706	0.015599999999949432	epochs	3.0
1181.8989999923706	0.015599999999949432	epochs	3.0
1181.9145999923705	0.03096000000005006	epochs	2.0
1181.9145999923705	0.015520000000151413	epochs	3.0
1181.9301199923707	0.015439999999898646	epochs	3.0
1181.9455599923706	0.03071999999997388	epochs	2.0
1181.9455599923706	0.01544000000012602	epochs	3.0
1181.9609999923707	0.01527999999984786	epochs	3.0
1181.9762799923706	0.030560000000150467	epochs	2.0
1181.9762799923706	0.015360000000100626	epochs	3.0
1181.9916399923707	0.01520000000004984	epochs	3.0
1182.0068399923707	0.030319999999846914	epochs	2.0
1182.0068399923707	0.015199999999822467	epochs	3.0
1182.0220399923705	0.015120000000024447	epochs	3.0
1182.0371599923706	0.030079999999998108	epochs	2.0
1182.0371599923706	0.015120000000024447	epochs	3.0
1182.0522799923706	0.014959999999973661	epochs	3.0
1182.0672399923706	0.029919999999947322	epochs	2.0
1182.0672399923706	0.015039999999999054	epochs	3.0
1182.0822799923706	0.014879999999948268	epochs	3.0
1182.0971599923705	0.029680000000098516	epochs	2.0
1182.0971599923705	0.014880000000175642	epochs	3.0
1182.1120399923707	0.014799999999922875	epochs	3.0
1182.1268399923706	0.02952000000004773	epochs	2.0
1182.1268399923706	0.014799999999922875	epochs	3.0
1182.1416399923705	0.014720000000124855	epochs	3.0
1182.1563599923707	0.02927999999997155	epochs	2.0
1182.1563599923707	0.014719999999897482	epochs	3.0
1182.1710799923706	0.01456000000007407	epochs	3.0
1182.1856399923706	0.029119999999920765	epochs	2.0
1182.1856399923706	0.014639999999872089	epochs	3.0
1182.2002799923705	0.014480000000048676	epochs	3.0
1182.2147599923705	0.028960000000097352	epochs	2.0
1182.2147599923705	0.014480000000048676	epochs	3.0
1182.2292399923706	0.014480000000048676	epochs	3.0
1182.2437199923706	0.02863999999999578	epochs	2.0
1182.2437199923706	0.01431999999999789	epochs	3.0
1182.2580399923706	0.01431999999999789	epochs	3.0
1182.2723599923706	0.028559999999970387	epochs	2.0
1182.2723599923706	0.01431999999999789	epochs	3.0
1182.2866799923706	0.014239999999972497	epochs	3.0
1182.3009199923706	0.028319999999894208	epochs	2.0
1182.3009199923706	0.014159999999947104	epochs	3.0
1182.3150799923706	0.014159999999947104	epochs	3.0
1182.3292399923705	0.028160000000070795	epochs	2.0
1182.3292399923705	0.014160000000174477	epochs	3.0
1182.3433999923707	0.013999999999896318	epochs	3.0
1182.3573999923706	0.02800000000002001	epochs	2.0
1182.3573999923706	0.014000000000123691	epochs	3.0
1182.3713999923707	0.013999999999896318	epochs	3.0
1182.3853999923706	0.02775999999994383	epochs	2.0
1182.3853999923706	0.013920000000098298	epochs	3.0
1182.3993199923707	0.013839999999845531	epochs	3.0
1182.4131599923705	0.02768000000014581	epochs	2.0
1182.4131599923705	0.013840000000072905	epochs	3.0
1182.4269999923706	0.013840000000072905	epochs	3.0
1182.4408399923707	0.027439999999842257	epochs	2.0
1182.4408399923707	0.013759999999820138	epochs	3.0
1182.4545999923705	0.013680000000022119	epochs	3.0
1182.4682799923705	0.027280000000018845	epochs	2.0
1182.4682799923705	0.013680000000022119	epochs	3.0
1182.4819599923705	0.013599999999996726	epochs	3.0
1182.4955599923705	0.02711999999996806	epochs	2.0
1182.4955599923705	0.013519999999971333	epochs	3.0
1182.5090799923705	0.013599999999996726	epochs	3.0
1182.5226799923705	0.026880000000119253	epochs	2.0
1182.5226799923705	0.013440000000173313	epochs	3.0
1182.5361199923707	0.01343999999994594	epochs	3.0
1182.5495599923706	0.026799999999866486	epochs	2.0
1182.5495599923706	0.01343999999994594	epochs	3.0
1182.5629999923706	0.013359999999920547	epochs	3.0
1182.5763599923705	0.02656000000001768	epochs	2.0
1182.5763599923705	0.013280000000122527	epochs	3.0
1182.5896399923706	0.013279999999895153	epochs	3.0
1182.6029199923705	0.026479999999992287	epochs	2.0
1182.6029199923705	0.013280000000122527	epochs	3.0
1182.6161999923706	0.01319999999986976	epochs	3.0
1182.6293999923705	0.026240000000143482	epochs	2.0
1182.6293999923705	0.013120000000071741	epochs	3.0
1182.6425199923706	0.013120000000071741	epochs	3.0
1182.6556399923707	0.026159999999890715	epochs	2.0
1182.6556399923707	0.013119999999844367	epochs	3.0
1182.6687599923705	0.013040000000046348	epochs	3.0
1182.6817999923705	0.026000000000067303	epochs	2.0
1182.6817999923705	0.013040000000046348	epochs	3.0
1182.6948399923706	0.012960000000020955	epochs	3.0
1182.7077999923706	0.025759999999991123	epochs	2.0
1182.7077999923706	0.012879999999995562	epochs	3.0
1182.7206799923706	0.012879999999995562	epochs	3.0
1182.7335599923706	0.02567999999996573	epochs	2.0
1182.7335599923706	0.012879999999995562	epochs	3.0
1182.7464399923706	0.012799999999970169	epochs	3.0
1182.7592399923706	0.025520000000142318	epochs	2.0
1182.7592399923706	0.012799999999970169	epochs	3.0
1182.7720399923705	0.01272000000017215	epochs	3.0
1182.7847599923707	0.025359999999864158	epochs	2.0
1182.7847599923707	0.012719999999944775	epochs	3.0
1182.7974799923707	0.012639999999919382	epochs	3.0
1182.8101199923706	0.025200000000040745	epochs	2.0
1182.8101199923706	0.012640000000146756	epochs	3.0
1182.8227599923707	0.01255999999989399	epochs	3.0
1182.8353199923706	0.024560000000064974	epochs	2.0
1182.8596830923707	0.5	epochs	-1.0
1182.8598799923707	0.523680000000013	epochs	1.0
1183.3835599923707	0.4762399999999616	epochs	0.0
1590.741000175476	0.07688000000007378	epochs	0.0
1590.741000175476	0.03343999999992775	epochs	1.0
1590.774440175476	0.010080000000016298	epochs	1.0
1590.784520175476	0.03336000000012973	epochs	1.0
1590.8178801754761	0.2299199999999928	epochs	0.0
1590.8178801754761	0.049999999999954525	epochs	1.0
1590.867880175476	0.009999999999990905	epochs	1.0
1590.877880175476	0.049999999999954525	epochs	1.0
1590.927880175476	0.009999999999990905	epochs	1.0
1590.937880175476	0.049999999999954525	epochs	1.0
1590.987880175476	0.009999999999990905	epochs	1.0
1590.997880175476	0.049920000000156506	epochs	1.0
