onset	duration	nwb_table	treelevel
8.746000289916992	0.09999999999999964	epochs	0.0
8.746000289916992	0.04499999999999993	epochs	1.0
8.791000289916992	0.010004999999999598	epochs	1.0
8.801005289916992	0.04499500000000012	epochs	1.0
8.846000289916992	0.54054	epochs	0.0
8.846000289916992	0.5	epochs	-1.0
8.846000289916992	0.5	epochs	-1.0
8.846000289916992	0.5	epochs	1.0
9.346000289916992	0.04054000000000002	epochs	-1.0
9.346000289916992	0.025000000000000355	epochs	-1.0
9.346000289916992	0.025000000000000355	epochs	1.0
9.371000289916992	0.009999999999999787	epochs	-1.0
9.371000289916992	0.009999999999999787	epochs	1.0
9.381000289916992	0.005539999999999878	epochs	-1.0
9.381000289916992	0.005539999999999878	epochs	1.0
9.386540289916992	0.16445500000000024	epochs	0.0
9.61299991607666	0.09999999999999964	epochs	0.0
9.61299991607666	0.04499999999999993	epochs	1.0
9.65799991607666	0.010004999999999598	epochs	1.0
9.66800491607666	0.04499500000000012	epochs	1.0
9.71299991607666	0.5405300000000004	epochs	0.0
9.71299991607666	0.5	epochs	-1.0
9.71299991607666	0.5	epochs	-1.0
9.71299991607666	0.5	epochs	1.0
10.21299991607666	0.0405300000000004	epochs	-1.0
10.21299991607666	0.025000000000000355	epochs	-1.0
10.21299991607666	0.025000000000000355	epochs	1.0
10.23799991607666	0.009999999999999787	epochs	-1.0
10.23799991607666	0.009999999999999787	epochs	1.0
10.24799991607666	0.005530000000000257	epochs	-1.0
10.24799991607666	0.005530000000000257	epochs	1.0
10.25352991607666	0.16446499999999986	epochs	0.0
10.446000099182129	0.09999999999999964	epochs	0.0
10.446000099182129	0.04499999999999993	epochs	1.0
10.491000099182129	0.010004999999999598	epochs	1.0
10.501005099182128	0.04499500000000012	epochs	1.0
10.546000099182129	0.5400600000000004	epochs	0.0
10.546000099182129	0.5	epochs	-1.0
10.546000099182129	0.5	epochs	-1.0
10.546000099182129	0.5	epochs	1.0
11.046000099182129	0.04006000000000043	epochs	-1.0
11.046000099182129	0.025000000000000355	epochs	-1.0
11.046000099182129	0.025000000000000355	epochs	1.0
11.071000099182129	0.009999999999999787	epochs	-1.0
11.071000099182129	0.009999999999999787	epochs	1.0
11.081000099182129	0.0050600000000002865	epochs	-1.0
11.081000099182129	0.0050600000000002865	epochs	1.0
11.086060099182129	0.16493499999999983	epochs	0.0
4484.807000160217	0.1000000000003638	epochs	0.0
4484.807000160217	0.04500000000007276	epochs	1.0
4484.852000160217	0.010005000000091968	epochs	1.0
4484.862005160217	0.04499500000019907	epochs	1.0
4484.907000160218	0.7049950000000536	epochs	0.0
4484.907000160218	0.5	epochs	-1.0
4484.907000160218	0.5	epochs	-1.0
4484.907000160218	0.5	epochs	1.0
4485.407000160218	0.05999999999949068	epochs	-1.0
4485.407000160218	0.024999999999636202	epochs	-1.0
4485.407000160218	0.024999999999636202	epochs	1.0
4485.432000160217	0.010000000000218279	epochs	-1.0
4485.432000160217	0.010000000000218279	epochs	1.0
4485.4420001602175	0.024999999999636202	epochs	-1.0
4485.4420001602175	0.024999999999636202	epochs	1.0
4485.467000160217	0.06000000000040018	epochs	-1.0
4485.467000160217	0.025000000000545697	epochs	-1.0
4485.467000160217	0.025000000000545697	epochs	1.0
4485.492000160218	0.009999999999308784	epochs	-1.0
4485.492000160218	0.009999999999308784	epochs	1.0
4485.502000160217	0.025000000000545697	epochs	-1.0
4485.502000160217	0.025000000000545697	epochs	1.0
4485.5270001602175	0.05999999999949068	epochs	-1.0
4485.5270001602175	0.024999999999636202	epochs	-1.0
4485.5270001602175	0.024999999999636202	epochs	1.0
4485.552000160217	0.010000000000218279	epochs	-1.0
4485.552000160217	0.010000000000218279	epochs	1.0
4485.562000160217	0.024999999999636202	epochs	-1.0
4485.562000160217	0.024999999999636202	epochs	1.0
4485.587000160217	0.024995000000672007	epochs	1.0
4582.775000095367	0.1000000000003638	epochs	0.0
4582.775000095367	0.04500000000007276	epochs	1.0
4582.8200000953675	0.010005000000091968	epochs	1.0
4582.830005095368	0.04499500000019907	epochs	1.0
4582.875000095368	0.7049950000000536	epochs	0.0
4582.875000095368	0.5	epochs	-1.0
4582.875000095368	0.5	epochs	1.0
4583.375000095368	0.05999999999949068	epochs	-1.0
4583.375000095368	0.024999999999636202	epochs	-1.0
4583.375000095368	0.024999999999636202	epochs	1.0
4583.400000095367	0.010000000000218279	epochs	-1.0
4583.400000095367	0.010000000000218279	epochs	1.0
4583.410000095368	0.024999999999636202	epochs	-1.0
4583.410000095368	0.024999999999636202	epochs	1.0
4583.435000095367	0.06000000000040018	epochs	-1.0
4583.435000095367	0.025000000000545697	epochs	-1.0
4583.435000095367	0.025000000000545697	epochs	1.0
4583.460000095368	0.009999999999308784	epochs	-1.0
4583.460000095368	0.009999999999308784	epochs	1.0
4583.470000095367	0.025000000000545697	epochs	-1.0
4583.470000095367	0.025000000000545697	epochs	1.0
4583.495000095368	0.05999999999949068	epochs	-1.0
4583.495000095368	0.024999999999636202	epochs	-1.0
4583.495000095368	0.024999999999636202	epochs	1.0
4583.520000095367	0.010000000000218279	epochs	-1.0
4583.520000095367	0.010000000000218279	epochs	1.0
4583.5300000953675	0.024999999999636202	epochs	-1.0
4583.5300000953675	0.024999999999636202	epochs	1.0
4583.555000095367	0.024995000000672007	epochs	1.0
4636.986999988556	0.1000000000003638	epochs	0.0
4636.986999988556	0.04500000000007276	epochs	1.0
4637.031999988556	0.010005000000091968	epochs	1.0
4637.042004988556	0.04499500000019907	epochs	1.0
4637.086999988556	61.384994999999435	epochs	0.0
4637.086999988556	0.5	epochs	-1.0
4637.086999988556	0.5	epochs	-1.0
4637.086999988556	0.5	epochs	1.0
4637.586999988556	0.05999999999949068	epochs	-1.0
4637.586999988556	0.024999999999636202	epochs	-1.0
4637.586999988556	0.024999999999636202	epochs	1.0
4637.611999988556	0.010000000000218279	epochs	-1.0
4637.611999988556	0.010000000000218279	epochs	1.0
4637.621999988556	0.024999999999636202	epochs	-1.0
4637.621999988556	0.024999999999636202	epochs	1.0
4637.646999988556	0.06000000000040018	epochs	-1.0
4637.646999988556	0.025000000000545697	epochs	-1.0
4637.646999988556	0.025000000000545697	epochs	1.0
4637.671999988556	0.009999999999308784	epochs	-1.0
4637.671999988556	0.009999999999308784	epochs	1.0
4637.681999988556	0.025000000000545697	epochs	-1.0
4637.681999988556	0.025000000000545697	epochs	1.0
4637.706999988556	0.05999999999949068	epochs	-1.0
4637.706999988556	0.024999999999636202	epochs	-1.0
4637.706999988556	0.024999999999636202	epochs	1.0
4637.731999988556	0.010000000000218279	epochs	-1.0
4637.731999988556	0.010000000000218279	epochs	1.0
4637.741999988556	0.024999999999636202	epochs	-1.0
4637.741999988556	0.024999999999636202	epochs	1.0
4637.766999988556	60.0	epochs	1.0
4697.766999988556	0.5	epochs	-1.0
4697.766999988556	0.5	epochs	-1.0
4697.766999988556	0.5	epochs	1.0
4698.266999988556	0.06000000000040018	epochs	-1.0
4698.266999988556	0.025000000000545697	epochs	-1.0
4698.266999988556	0.025000000000545697	epochs	1.0
4698.291999988556	0.009999999999308784	epochs	-1.0
4698.291999988556	0.009999999999308784	epochs	1.0
4698.3019999885555	0.025000000000545697	epochs	-1.0
4698.3019999885555	0.025000000000545697	epochs	1.0
4698.326999988556	0.05999999999949068	epochs	-1.0
4698.326999988556	0.024999999999636202	epochs	-1.0
4698.326999988556	0.024999999999636202	epochs	1.0
4698.351999988556	0.010000000000218279	epochs	-1.0
4698.351999988556	0.010000000000218279	epochs	1.0
4698.361999988556	0.024999999999636202	epochs	-1.0
4698.361999988556	0.024999999999636202	epochs	1.0
4698.3869999885555	0.06000000000040018	epochs	-1.0
4698.3869999885555	0.025000000000545697	epochs	-1.0
4698.3869999885555	0.025000000000545697	epochs	1.0
4698.411999988556	0.010000000000218279	epochs	-1.0
4698.411999988556	0.010000000000218279	epochs	1.0
4698.421999988556	0.024999999999636202	epochs	-1.0
4698.421999988556	0.024999999999636202	epochs	1.0
4698.446999988556	0.024994999999762513	epochs	1.0
4742.861999988556	0.1000000000003638	epochs	0.0
4742.861999988556	0.04500000000007276	epochs	1.0
4742.906999988556	0.010005000000091968	epochs	1.0
4742.917004988556	0.04499500000019907	epochs	1.0
4742.961999988556	0.5404249999992317	epochs	0.0
4742.961999988556	0.5	epochs	-1.0
4742.961999988556	0.5	epochs	-1.0
4742.961999988556	0.5	epochs	1.0
4743.461999988556	0.04042499999923166	epochs	-1.0
4743.461999988556	0.024999999999636202	epochs	-1.0
4743.461999988556	0.024999999999636202	epochs	1.0
4743.486999988556	0.010000000000218279	epochs	-1.0
4743.486999988556	0.010000000000218279	epochs	1.0
4743.496999988556	0.005424999999377178	epochs	-1.0
4743.496999988556	0.005424999999377178	epochs	1.0
4743.5024249885555	0.1645700000008219	epochs	0.0
4744.591000080109	0.1000000000003638	epochs	0.0
4744.591000080109	0.04500000000007276	epochs	1.0
4744.636000080109	0.010005000000091968	epochs	1.0
4744.646005080109	0.04499500000019907	epochs	1.0
4744.691000080109	0.5405549999995856	epochs	0.0
4744.691000080109	0.5	epochs	-1.0
4744.691000080109	0.5	epochs	-1.0
4744.691000080109	0.5	epochs	1.0
4745.191000080109	0.04055499999958556	epochs	-1.0
4745.191000080109	0.024999999999636202	epochs	-1.0
4745.191000080109	0.024999999999636202	epochs	1.0
4745.216000080109	0.010000000000218279	epochs	-1.0
4745.216000080109	0.010000000000218279	epochs	1.0
4745.226000080109	0.005554999999731081	epochs	-1.0
4745.226000080109	0.005554999999731081	epochs	1.0
4745.231555080109	0.164440000000468	epochs	0.0
4746.357000350952	0.1000000000003638	epochs	0.0
4746.357000350952	0.04500000000007276	epochs	1.0
4746.402000350952	0.010005000000091968	epochs	1.0
4746.412005350952	0.04499500000019907	epochs	1.0
4746.4570003509525	0.5396749999999884	epochs	0.0
4746.4570003509525	0.5	epochs	-1.0
4746.4570003509525	0.5	epochs	-1.0
4746.4570003509525	0.5	epochs	1.0
4746.9570003509525	0.03967499999998836	epochs	-1.0
4746.9570003509525	0.024999999999636202	epochs	-1.0
4746.9570003509525	0.024999999999636202	epochs	1.0
4746.982000350952	0.010000000000218279	epochs	-1.0
4746.982000350952	0.010000000000218279	epochs	1.0
4746.992000350952	0.004675000000133878	epochs	-1.0
4746.992000350952	0.004675000000133878	epochs	1.0
4746.9966753509525	0.1653200000000652	epochs	0.0
4758.465000152588	0.1000000000003638	epochs	0.0
4758.465000152588	0.04500000000007276	epochs	1.0
4758.510000152588	0.010005000000091968	epochs	1.0
4758.520005152588	0.04499500000019907	epochs	1.0
4758.565000152588	0.5401799999999639	epochs	0.0
4758.565000152588	0.5	epochs	-1.0
4758.565000152588	0.5	epochs	-1.0
4758.565000152588	0.5	epochs	1.0
4759.065000152588	0.04017999999996391	epochs	-1.0
4759.065000152588	0.024999999999636202	epochs	-1.0
4759.065000152588	0.024999999999636202	epochs	1.0
4759.090000152588	0.010000000000218279	epochs	-1.0
4759.090000152588	0.010000000000218279	epochs	1.0
4759.100000152588	0.00518000000010943	epochs	-1.0
4759.100000152588	0.00518000000010943	epochs	1.0
4759.105180152588	0.16481500000008964	epochs	0.0
4760.28200006485	0.1000000000003638	epochs	0.0
4760.28200006485	0.04500000000007276	epochs	1.0
4760.32700006485	0.010005000000091968	epochs	1.0
4760.33700506485	0.04499500000019907	epochs	1.0
4760.38200006485	0.5005649999993693	epochs	0.0
4760.38200006485	0.5	epochs	-1.0
4760.38200006485	0.5	epochs	-1.0
4760.38200006485	0.5	epochs	1.0
4760.88200006485	0.00056499999936932	epochs	-1.0
4760.88200006485	0.00056499999936932	epochs	-1.0
4760.88200006485	0.00056499999936932	epochs	1.0
4760.88256506485	0.20443000000068423	epochs	0.0
4762.03200006485	0.1000000000003638	epochs	0.0
4762.03200006485	0.04500000000007276	epochs	1.0
4762.07700006485	0.010005000000091968	epochs	1.0
4762.08700506485	0.04499500000019907	epochs	1.0
4762.13200006485	0.5000549999995201	epochs	0.0
4762.13200006485	0.5	epochs	-1.0
4762.13200006485	0.5	epochs	-1.0
4762.13200006485	0.5	epochs	1.0
4762.63200006485	5.4999999520077836e-05	epochs	-1.0
4762.63200006485	5.4999999520077836e-05	epochs	-1.0
4762.63200006485	5.4999999520077836e-05	epochs	1.0
4762.63205506485	0.20494000000053347	epochs	0.0
4795.671000003815	0.1748200000001816	epochs	0.0
4795.671000003815	0.08240000000023429	epochs	1.0
4795.753400003815	0.010019999999713036	epochs	1.0
4795.763420003815	0.08240000000023429	epochs	1.0
4795.845820003815	5.999979999999596	epochs	0.0
4795.845820003815	0.5	epochs	1.0
4795.8458252038145	0.5	epochs	-1.0
4795.8458252038145	0.5	epochs	-1.0
4796.345820003815	5.0	epochs	1.0
4801.345820003815	0.49997999999959575	epochs	1.0
4801.3458252038145	0.49997480000001815	epochs	-1.0
4860.671000003815	0.1748200000001816	epochs	0.0
4860.671000003815	0.08240000000023429	epochs	1.0
4860.753400003815	0.010019999999713036	epochs	1.0
4860.763420003815	0.08240000000023429	epochs	1.0
4860.845820003815	2.5255999999999403	epochs	0.0
4860.845820003815	0.5	epochs	1.0
4860.8458252038145	0.5	epochs	-1.0
4861.345820003815	1.0	epochs	1.0
4862.345820003815	1.0255999999999403	epochs	1.0
4862.8458252038145	0.5	epochs	-1.0
4863.371420003815	0.9743799999996554	epochs	0.0
4864.674000263214	0.1748200000001816	epochs	0.0
4864.674000263214	0.08240000000023429	epochs	1.0
4864.756400263214	0.010019999999713036	epochs	1.0
4864.766420263214	0.08240000000023429	epochs	1.0
4864.848820263214	2.524999999999636	epochs	0.0
4864.848820263214	0.5	epochs	1.0
4864.848825463214	0.5	epochs	-1.0
4865.348820263214	1.0	epochs	1.0
4866.348820263214	1.0249999999996362	epochs	1.0
4866.848825463214	0.5	epochs	-1.0
4867.373820263214	0.9749799999999595	epochs	0.0
4868.674000263214	0.1748200000001816	epochs	0.0
4868.674000263214	0.08240000000023429	epochs	1.0
4868.756400263214	0.010019999999713036	epochs	1.0
4868.766420263214	0.08240000000023429	epochs	1.0
4868.848820263214	3.4999799999995957	epochs	0.0
4868.848820263214	0.5	epochs	1.0
4868.848825463214	0.5	epochs	-1.0
4869.348820263214	1.0	epochs	1.0
4870.348820263214	1.9999799999995957	epochs	1.0
4870.848825463214	0.5	epochs	-1.0
4871.348825463214	0.5	epochs	-1.0
4873.723999977112	0.1748200000001816	epochs	0.0
4873.723999977112	0.08240000000023429	epochs	1.0
4873.806399977112	0.010019999999713036	epochs	1.0
4873.816419977112	0.08240000000023429	epochs	1.0
4873.898819977112	0.5249199999998382	epochs	0.0
4873.898819977112	0.5	epochs	1.0
4873.898825177112	0.5	epochs	-1.0
4874.398819977112	0.024919999999838183	epochs	1.0
4874.423739977112	2.9750599999997576	epochs	0.0
4882.312000274658	0.1748200000001816	epochs	0.0
4882.312000274658	0.08240000000023429	epochs	1.0
4882.394400274658	0.010019999999713036	epochs	1.0
4882.404420274658	0.08240000000023429	epochs	1.0
4882.486820274658	2.545199999999568	epochs	0.0
4882.486820274658	0.5	epochs	1.0
4882.486825474658	0.5	epochs	-1.0
4882.986820274658	1.0	epochs	1.0
4883.986820274658	1.0451999999995678	epochs	1.0
4884.486825474658	0.5	epochs	-1.0
4885.032020274658	0.9547800000000279	epochs	0.0
4886.385000228882	0.1748200000001816	epochs	0.0
4886.385000228882	0.08240000000023429	epochs	1.0
4886.467400228882	0.010019999999713036	epochs	1.0
4886.477420228882	0.08240000000023429	epochs	1.0
4886.559820228882	2.525499999999738	epochs	0.0
4886.559820228882	0.5	epochs	1.0
4886.559825428882	0.5	epochs	-1.0
4887.059820228882	1.0	epochs	1.0
4888.059820228882	1.025499999999738	epochs	1.0
4888.559825428882	0.5	epochs	-1.0
4889.085320228882	0.9744799999998577	epochs	0.0
4890.46799993515	0.1748200000001816	epochs	0.0
4890.46799993515	0.08240000000023429	epochs	1.0
4890.55039993515	0.010019999999713036	epochs	1.0
4890.56041993515	0.08240000000023429	epochs	1.0
4890.64281993515	3.0448200000000725	epochs	0.0
4890.64281993515	0.5	epochs	1.0
4890.64282513515	0.5	epochs	-1.0
4891.14281993515	1.0	epochs	1.0
4892.14281993515	1.5448200000000725	epochs	1.0
4892.64282513515	0.5	epochs	-1.0
4893.14282513515	0.5	epochs	-1.0
4893.68763993515	0.4551599999995233	epochs	0.0
4895.171999931335	0.15297999999984313	epochs	0.0
4895.171999931335	0.0500000000001819	epochs	1.0
4895.221999931336	0.0029999999997016857	epochs	1.0
4895.224999931335	0.09997999999995955	epochs	1.0
4896.872000217438	0.15297999999984313	epochs	0.0
4896.872000217438	0.0500000000001819	epochs	1.0
4896.922000217438	0.0029999999997016857	epochs	1.0
4896.925000217438	0.09997999999995955	epochs	1.0
4898.454999923706	0.15297999999984313	epochs	0.0
4898.454999923706	0.0500000000001819	epochs	1.0
4898.504999923706	0.0029999999997016857	epochs	1.0
4898.507999923706	0.09997999999995955	epochs	1.0
4900.072000026703	0.15297999999984313	epochs	0.0
4900.072000026703	0.0500000000001819	epochs	1.0
4900.122000026703	0.0029999999997016857	epochs	1.0
4900.125000026703	0.09997999999995955	epochs	1.0
4901.704999923706	0.15297999999984313	epochs	0.0
4901.704999923706	0.0500000000001819	epochs	1.0
4901.754999923706	0.0029999999997016857	epochs	1.0
4901.757999923706	0.09997999999995955	epochs	1.0
4903.372000217438	0.15297999999984313	epochs	0.0
4903.372000217438	0.0500000000001819	epochs	1.0
4903.422000217438	0.0029999999997016857	epochs	1.0
4903.425000217438	0.09997999999995955	epochs	1.0
4905.022000312805	0.15297999999984313	epochs	0.0
4905.022000312805	0.0500000000001819	epochs	1.0
4905.072000312805	0.0029999999997016857	epochs	1.0
4905.075000312805	0.09997999999995955	epochs	1.0
4906.72200012207	0.15297999999984313	epochs	0.0
4906.72200012207	0.0500000000001819	epochs	1.0
4906.7720001220705	0.0029999999997016857	epochs	1.0
4906.77500012207	0.09997999999995955	epochs	1.0
4908.421999931335	0.15297999999984313	epochs	0.0
4908.421999931335	0.0500000000001819	epochs	1.0
4908.471999931336	0.0029999999997016857	epochs	1.0
4908.474999931335	0.09997999999995955	epochs	1.0
4910.138000011444	0.15297999999984313	epochs	0.0
4910.138000011444	0.0500000000001819	epochs	1.0
4910.188000011444	0.0029999999997016857	epochs	1.0
4910.191000011444	0.09997999999995955	epochs	1.0
4911.822000026703	0.15297999999984313	epochs	0.0
4911.822000026703	0.0500000000001819	epochs	1.0
4911.872000026703	0.0029999999997016857	epochs	1.0
4911.875000026703	0.09997999999995955	epochs	1.0
4913.555000305176	0.15297999999984313	epochs	0.0
4913.555000305176	0.0500000000001819	epochs	1.0
4913.605000305176	0.0029999999997016857	epochs	1.0
4913.608000305176	0.09997999999995955	epochs	1.0
4915.268000125885	0.15297999999984313	epochs	0.0
4915.268000125885	0.0500000000001819	epochs	1.0
4915.318000125885	0.0029999999997016857	epochs	1.0
4915.321000125885	0.09997999999995955	epochs	1.0
4917.084000110626	0.15297999999984313	epochs	0.0
4917.084000110626	0.0500000000001819	epochs	1.0
4917.134000110626	0.0029999999997016857	epochs	1.0
4917.137000110626	0.09997999999995955	epochs	1.0
4918.951000213623	0.15297999999984313	epochs	0.0
4918.951000213623	0.0500000000001819	epochs	1.0
4919.001000213623	0.0029999999997016857	epochs	1.0
4919.004000213623	0.09997999999995955	epochs	1.0
4920.868000030518	0.1748200000001816	epochs	0.0
4920.868000030518	0.08240000000023429	epochs	1.0
4920.950400030518	0.010019999999713036	epochs	1.0
4920.9604200305175	0.08240000000023429	epochs	1.0
4921.042820030518	0.5256799999997384	epochs	0.0
4921.042820030518	0.5	epochs	1.0
4921.042825230517	0.5	epochs	-1.0
4921.542820030518	0.0029999999997016857	epochs	1.0
4921.5458200305175	0.02268000000003667	epochs	1.0
4921.5685000305175	1.0772999999999229	epochs	0.0
4934.00400018692	0.1748200000001816	epochs	0.0
4934.00400018692	0.08240000000023429	epochs	1.0
4934.08640018692	0.010019999999713036	epochs	1.0
4934.09642018692	0.08240000000023429	epochs	1.0
4934.17882018692	1.5250799999994342	epochs	0.0
4934.17882018692	0.5	epochs	1.0
4934.17882538692	0.5	epochs	-1.0
4934.67882018692	0.0029999999997016857	epochs	1.0
4934.68182018692	1.0220799999997325	epochs	1.0
4935.1818253869205	0.5	epochs	-1.0
4935.70390018692	0.07790000000022701	epochs	0.0
4937.430000305176	0.1748200000001816	epochs	0.0
4937.430000305176	0.08240000000023429	epochs	1.0
4937.512400305176	0.010019999999713036	epochs	1.0
4937.522420305176	0.08240000000023429	epochs	1.0
4937.604820305176	1.525579999999536	epochs	0.0
4937.604820305176	0.5	epochs	1.0
4937.6048255051755	0.5	epochs	-1.0
4938.104820305176	0.0029999999997016857	epochs	1.0
4938.107820305176	1.0225799999998344	epochs	1.0
4938.607825505176	0.5	epochs	-1.0
4939.1304003051755	0.07740000000012515	epochs	0.0
4940.747000217438	0.1748200000001816	epochs	0.0
4940.747000217438	0.08240000000023429	epochs	1.0
4940.829400217438	0.010019999999713036	epochs	1.0
4940.839420217438	0.08240000000023429	epochs	1.0
4940.921820217438	1.5248400000000402	epochs	0.0
4940.921820217438	0.5	epochs	1.0
4940.9218254174375	0.5	epochs	-1.0
4941.421820217438	0.0029999999997016857	epochs	1.0
4941.424820217438	1.0218400000003385	epochs	1.0
4941.924825417438	0.5	epochs	-1.0
4942.446660217438	0.07813999999962107	epochs	0.0
4944.147000312805	0.1748200000001816	epochs	0.0
4944.147000312805	0.08240000000023429	epochs	1.0
4944.229400312805	0.010019999999713036	epochs	1.0
4944.239420312805	0.08240000000023429	epochs	1.0
4944.321820312805	1.5048399999996036	epochs	0.0
4944.321820312805	0.5	epochs	1.0
4944.321825512805	0.5	epochs	-1.0
4944.821820312805	0.0029999999997016857	epochs	1.0
4944.824820312805	1.001839999999902	epochs	1.0
4945.324825512806	0.5	epochs	-1.0
4945.826660312805	0.09814000000005763	epochs	0.0
4947.578999996185	0.6499800000001414	epochs	0.0
4947.578999996185	0.0500000000001819	epochs	1.0
4947.6289999961855	0.5	epochs	1.0
4948.1289999961855	0.09997999999995955	epochs	1.0
4950.012000083923	0.6499800000001414	epochs	0.0
4950.012000083923	0.0500000000001819	epochs	1.0
4950.0620000839235	0.5	epochs	1.0
4950.5620000839235	0.09997999999995955	epochs	1.0
4952.512000083923	0.6499800000001414	epochs	0.0
4952.512000083923	0.0500000000001819	epochs	1.0
4952.5620000839235	0.5	epochs	1.0
4953.0620000839235	0.09997999999995955	epochs	1.0
4954.946000099182	0.6499800000001414	epochs	0.0
4954.946000099182	0.0500000000001819	epochs	1.0
4954.996000099182	0.5	epochs	1.0
4955.496000099182	0.09997999999995955	epochs	1.0
4957.357000350952	0.6499800000001414	epochs	0.0
4957.357000350952	0.0500000000001819	epochs	1.0
4957.407000350952	0.5	epochs	1.0
4957.907000350952	0.09997999999995955	epochs	1.0
4959.841000080109	0.6499800000001414	epochs	0.0
4959.841000080109	0.0500000000001819	epochs	1.0
4959.891000080109	0.5	epochs	1.0
4960.391000080109	0.09997999999995955	epochs	1.0
4962.341000080109	0.6499800000001414	epochs	0.0
4962.341000080109	0.0500000000001819	epochs	1.0
4962.391000080109	0.5	epochs	1.0
4962.891000080109	0.09997999999995955	epochs	1.0
4964.90700006485	0.1748200000001816	epochs	0.0
4964.90700006485	0.08240000000023429	epochs	1.0
4964.98940006485	0.010019999999713036	epochs	1.0
4964.99942006485	0.08240000000023429	epochs	1.0
4965.08182006485	0.52541999999994	epochs	0.0
4965.08182006485	0.5	epochs	1.0
4965.08182526485	0.5	epochs	-1.0
4965.58182006485	0.025419999999940046	epochs	1.0
4965.60724006485	4.974559999999656	epochs	0.0
4984.885000228882	0.1748200000001816	epochs	0.0
4984.885000228882	0.08240000000023429	epochs	1.0
4984.967400228882	0.010019999999713036	epochs	1.0
4984.977420228882	0.08240000000023429	epochs	1.0
4985.059820228882	2.524739999999838	epochs	0.0
4985.059820228882	0.5	epochs	1.0
4985.059825428882	0.5	epochs	-1.0
4985.559820228882	1.0	epochs	1.0
4986.559820228882	1.024739999999838	epochs	1.0
4987.059825428882	0.5	epochs	-1.0
4987.584560228882	2.975239999999758	epochs	0.0
4989.94300031662	0.1748200000001816	epochs	0.0
4989.94300031662	0.08240000000023429	epochs	1.0
4990.02540031662	0.010019999999713036	epochs	1.0
4990.03542031662	0.08240000000023429	epochs	1.0
4990.11782031662	2.525619999999435	epochs	0.0
4990.11782031662	0.5	epochs	1.0
4990.11782551662	0.5	epochs	-1.0
4990.61782031662	1.0	epochs	1.0
4991.61782031662	1.025619999999435	epochs	1.0
4992.11782551662	0.5	epochs	-1.0
4992.6434403166195	2.9743600000001607	epochs	0.0
4994.860000133514	0.1748200000001816	epochs	0.0
4994.860000133514	0.08240000000023429	epochs	1.0
4994.942400133515	0.010019999999713036	epochs	1.0
4994.952420133514	0.08240000000023429	epochs	1.0
4995.034820133515	2.5257599999995364	epochs	0.0
4995.034820133515	0.5	epochs	1.0
4995.034825333514	0.5	epochs	-1.0
4995.534820133515	1.0	epochs	1.0
4996.534820133515	1.0257599999995364	epochs	1.0
4997.034825333514	0.5	epochs	-1.0
4997.560580133514	2.9742200000000594	epochs	0.0
4999.861000061035	0.1748200000001816	epochs	0.0
4999.861000061035	0.08240000000023429	epochs	1.0
4999.943400061035	0.010019999999713036	epochs	1.0
4999.953420061035	0.08240000000023429	epochs	1.0
5000.035820061035	2.525619999999435	epochs	0.0
5000.035820061035	0.5	epochs	1.0
5000.035825261035	0.5	epochs	-1.0
5000.535820061035	1.0	epochs	1.0
5001.535820061035	1.025619999999435	epochs	1.0
5002.035825261035	0.5	epochs	-1.0
5002.561440061035	2.9743600000001607	epochs	0.0
5004.761000156403	0.1748200000001816	epochs	0.0
5004.761000156403	0.08240000000023429	epochs	1.0
5004.843400156403	0.010019999999713036	epochs	1.0
5004.8534201564025	0.08240000000023429	epochs	1.0
5004.935820156403	2.5257000000001426	epochs	0.0
5004.935820156403	0.5	epochs	1.0
5004.935825356402	0.5	epochs	-1.0
5005.435820156403	1.0	epochs	1.0
5006.435820156403	1.0257000000001426	epochs	1.0
5006.935825356402	0.5	epochs	-1.0
5007.461520156403	2.974279999999453	epochs	0.0
5009.809000015259	0.1748200000001816	epochs	0.0
5009.809000015259	0.08240000000023429	epochs	1.0
5009.891400015259	0.010019999999713036	epochs	1.0
5009.901420015259	0.08240000000023429	epochs	1.0
5009.983820015259	2.525499999999738	epochs	0.0
5009.983820015259	0.5	epochs	1.0
5009.983825215259	0.5	epochs	-1.0
5010.483820015259	1.0	epochs	1.0
5011.483820015259	1.025499999999738	epochs	1.0
5011.983825215259	0.5	epochs	-1.0
5012.509320015259	3.9744799999998577	epochs	0.0
5014.691999912262	0.1748200000001816	epochs	0.0
5014.691999912262	0.08240000000023429	epochs	1.0
5014.774399912262	0.010019999999713036	epochs	1.0
5014.784419912262	0.08240000000023429	epochs	1.0
5014.866819912262	2.5448399999995672	epochs	0.0
5014.866819912262	0.5	epochs	1.0
5014.866825112262	0.5	epochs	-1.0
5015.366819912262	1.0	epochs	1.0
5016.366819912262	1.0448399999995672	epochs	1.0
5016.866825112262	0.5	epochs	-1.0
5017.411659912262	3.9551400000000285	epochs	0.0
5019.582000255585	0.1748200000001816	epochs	0.0
5019.582000255585	0.08240000000023429	epochs	1.0
5019.664400255585	0.010019999999713036	epochs	1.0
5019.674420255585	0.08240000000023429	epochs	1.0
5019.756820255585	0.52541999999994	epochs	0.0
5019.756820255585	0.5	epochs	1.0
5019.7568254555845	0.5	epochs	-1.0
5020.256820255585	0.025419999999940046	epochs	1.0
5020.282240255585	5.974559999999656	epochs	0.0
5030.669000148773	0.1748200000001816	epochs	0.0
5030.669000148773	0.08240000000023429	epochs	1.0
5030.751400148773	0.010019999999713036	epochs	1.0
5030.761420148773	0.08240000000023429	epochs	1.0
5030.843820148773	2.524739999999838	epochs	0.0
5030.843820148773	0.5	epochs	1.0
5030.843825348773	0.5	epochs	-1.0
5031.343820148773	1.0	epochs	1.0
5032.343820148773	1.024739999999838	epochs	1.0
5032.843825348773	0.5	epochs	-1.0
5033.368560148773	3.975239999999758	epochs	0.0
5035.618999958038	0.1748200000001816	epochs	0.0
5035.618999958038	0.08240000000023429	epochs	1.0
5035.701399958039	0.010019999999713036	epochs	1.0
5035.711419958038	0.08240000000023429	epochs	1.0
5035.7938199580385	2.525459999999839	epochs	0.0
5035.7938199580385	0.5	epochs	1.0
5035.793825158038	0.5	epochs	-1.0
5036.2938199580385	1.0	epochs	1.0
5037.2938199580385	1.025459999999839	epochs	1.0
5037.793825158038	0.5	epochs	-1.0
5038.319279958038	3.9745199999997567	epochs	0.0
5041.252000331879	0.1748200000001816	epochs	0.0
5041.252000331879	0.08240000000023429	epochs	1.0
5041.334400331879	0.010019999999713036	epochs	1.0
5041.344420331879	0.08240000000023429	epochs	1.0
5041.426820331879	2.525079999999434	epochs	0.0
5041.426820331879	0.5	epochs	1.0
5041.426825531878	0.5	epochs	-1.0
5041.926820331879	1.0	epochs	1.0
5042.926820331879	1.0250799999994342	epochs	1.0
5043.426825531878	0.5	epochs	-1.0
5043.951900331878	7.9749000000001615	epochs	0.0
5056.188000202179	0.1748200000001816	epochs	0.0
5056.188000202179	0.08240000000023429	epochs	1.0
5056.270400202179	0.010019999999713036	epochs	1.0
5056.280420202179	0.08240000000023429	epochs	1.0
5056.362820202179	2.524739999999838	epochs	0.0
5056.362820202179	0.5	epochs	1.0
5056.362825402179	0.5	epochs	-1.0
5056.862820202179	1.0	epochs	1.0
5057.862820202179	1.024739999999838	epochs	1.0
5058.362825402179	0.5	epochs	-1.0
5058.887560202179	7.975239999999758	epochs	0.0
5071.269000053406	0.1748200000001816	epochs	0.0
5071.269000053406	0.08240000000023429	epochs	1.0
5071.351400053406	0.010019999999713036	epochs	1.0
5071.361420053406	0.08240000000023429	epochs	1.0
5071.443820053406	3.025539999999637	epochs	0.0
5071.443820053406	0.5	epochs	1.0
5071.4438252534055	0.5	epochs	-1.0
5071.943820053406	1.0	epochs	1.0
5072.943820053406	1.525539999999637	epochs	1.0
5073.4438252534055	0.5	epochs	-1.0
5073.9438252534055	0.5	epochs	-1.0
5074.469360053406	7.474439999999959	epochs	0.0
5086.743000030518	0.1748200000001816	epochs	0.0
5086.743000030518	0.08240000000023429	epochs	1.0
5086.825400030518	0.010019999999713036	epochs	1.0
5086.8354200305175	0.08240000000023429	epochs	1.0
5086.917820030518	3.025079999999434	epochs	0.0
5086.917820030518	0.5	epochs	1.0
5086.917825230517	0.5	epochs	-1.0
5087.417820030518	1.0	epochs	1.0
5088.417820030518	1.5250799999994342	epochs	1.0
5088.917825230517	0.5	epochs	-1.0
5089.417825230517	0.5	epochs	-1.0
5089.942900030517	7.4749000000001615	epochs	0.0
5101.6990003585815	0.1748200000001816	epochs	0.0
5101.6990003585815	0.08240000000023429	epochs	1.0
5101.781400358582	0.010019999999713036	epochs	1.0
5101.7914203585815	0.08240000000023429	epochs	1.0
5101.873820358582	4.545799999999872	epochs	0.0
5101.873820358582	0.5	epochs	1.0
5101.873825558581	0.5	epochs	-1.0
5102.373820358582	1.0	epochs	1.0
5103.373820358582	3.045799999999872	epochs	1.0
5103.873825558581	0.5	epochs	-1.0
5104.373825558581	0.5	epochs	-1.0
5104.873825558581	0.5	epochs	-1.0
5105.373825558581	0.5	epochs	-1.0
5105.873825558581	0.5	epochs	-1.0
5106.419620358582	5.954179999999724	epochs	0.0
5117.041000366211	0.1748200000001816	epochs	0.0
5117.041000366211	0.08240000000023429	epochs	1.0
5117.123400366211	0.010019999999713036	epochs	1.0
5117.133420366211	0.08240000000023429	epochs	1.0
5117.215820366211	5.044759999999769	epochs	0.0
5117.215820366211	0.5	epochs	1.0
5117.215825566211	0.5	epochs	-1.0
5117.715820366211	1.0	epochs	1.0
5118.715820366211	3.544759999999769	epochs	1.0
5119.215825566211	0.5	epochs	-1.0
5119.715825566211	0.5	epochs	-1.0
5120.215825566211	0.5	epochs	-1.0
5120.715825566211	0.5	epochs	-1.0
5121.215825566211	0.5	epochs	-1.0
5121.715825566211	0.5	epochs	-1.0
5122.260580366211	5.4552199999998265	epochs	0.0
5132.302999973297	0.1748200000001816	epochs	0.0
5132.302999973297	0.08240000000023429	epochs	1.0
5132.385399973297	0.010019999999713036	epochs	1.0
5132.395419973297	0.08240000000023429	epochs	1.0
5132.477819973297	4.525039999999535	epochs	0.0
5132.477819973297	0.5	epochs	1.0
5132.477825173297	0.5	epochs	-1.0
5132.977819973297	1.0	epochs	1.0
5133.977819973297	3.025039999999535	epochs	1.0
5134.477825173297	0.5	epochs	-1.0
5134.977825173297	0.5	epochs	-1.0
5135.477825173297	0.5	epochs	-1.0
5135.977825173297	0.5	epochs	-1.0
5136.477825173297	0.5	epochs	-1.0
5137.002859973297	5.9749400000000605	epochs	0.0
5147.079999923706	0.1748200000001816	epochs	0.0
5147.079999923706	0.08240000000023429	epochs	1.0
5147.162399923706	0.010019999999713036	epochs	1.0
5147.172419923706	0.08240000000023429	epochs	1.0
5147.254819923706	10.499979999999596	epochs	0.0
5147.254819923706	0.5	epochs	1.0
5147.254825123706	0.5	epochs	-1.0
5147.754819923706	1.0	epochs	1.0
5148.754819923706	8.999979999999596	epochs	1.0
5149.254825123706	0.5	epochs	-1.0
5149.754825123706	0.5	epochs	-1.0
5150.254825123706	0.5	epochs	-1.0
5150.754825123706	0.5	epochs	-1.0
5151.254825123706	0.5	epochs	-1.0
5151.754825123706	0.5	epochs	-1.0
5152.254825123706	0.5	epochs	-1.0
5152.754825123706	0.5	epochs	-1.0
5153.254825123706	0.5	epochs	-1.0
5153.754825123706	0.5	epochs	-1.0
5154.254825123706	0.5	epochs	-1.0
5154.754825123706	0.5	epochs	-1.0
5155.254825123706	0.5	epochs	-1.0
5155.754825123706	0.5	epochs	-1.0
5156.254825123706	0.5	epochs	-1.0
5156.754825123706	0.5	epochs	-1.0
5162.13300037384	0.1748200000001816	epochs	0.0
5162.13300037384	0.08240000000023429	epochs	1.0
5162.215400373841	0.010019999999713036	epochs	1.0
5162.22542037384	0.08240000000023429	epochs	1.0
5162.3078203738405	10.499979999999596	epochs	0.0
5162.3078203738405	0.5	epochs	1.0
5162.30782557384	0.5	epochs	-1.0
5162.8078203738405	1.0	epochs	1.0
5163.8078203738405	8.999979999999596	epochs	1.0
5164.30782557384	0.5	epochs	-1.0
5164.80782557384	0.5	epochs	-1.0
5165.30782557384	0.5	epochs	-1.0
5165.80782557384	0.5	epochs	-1.0
5166.30782557384	0.5	epochs	-1.0
5166.80782557384	0.5	epochs	-1.0
5167.30782557384	0.5	epochs	-1.0
5167.80782557384	0.5	epochs	-1.0
5168.30782557384	0.5	epochs	-1.0
5168.80782557384	0.5	epochs	-1.0
5169.30782557384	0.5	epochs	-1.0
5169.80782557384	0.5	epochs	-1.0
5170.30782557384	0.5	epochs	-1.0
5170.80782557384	0.5	epochs	-1.0
5171.30782557384	0.5	epochs	-1.0
5171.80782557384	0.5	epochs	-1.0
5177.0380001068115	0.1748200000001816	epochs	0.0
5177.0380001068115	0.08240000000023429	epochs	1.0
5177.120400106812	0.010019999999713036	epochs	1.0
5177.1304201068115	0.08240000000023429	epochs	1.0
5177.212820106812	10.499979999999596	epochs	0.0
5177.212820106812	0.5	epochs	1.0
5177.212825306811	0.5	epochs	-1.0
5177.712820106812	1.0	epochs	1.0
5178.712820106812	8.999979999999596	epochs	1.0
5179.212825306811	0.5	epochs	-1.0
5179.712825306811	0.5	epochs	-1.0
5180.212825306811	0.5	epochs	-1.0
5180.712825306811	0.5	epochs	-1.0
5181.212825306811	0.5	epochs	-1.0
5181.712825306811	0.5	epochs	-1.0
5182.212825306811	0.5	epochs	-1.0
5182.712825306811	0.5	epochs	-1.0
5183.212825306811	0.5	epochs	-1.0
5183.712825306811	0.5	epochs	-1.0
5184.212825306811	0.5	epochs	-1.0
5184.712825306811	0.5	epochs	-1.0
5185.212825306811	0.5	epochs	-1.0
5185.712825306811	0.5	epochs	-1.0
5186.212825306811	0.5	epochs	-1.0
5186.712825306811	0.5	epochs	-1.0
5191.914999961853	0.1748200000001816	epochs	0.0
5191.914999961853	0.08240000000023429	epochs	1.0
5191.997399961853	0.010019999999713036	epochs	1.0
5192.007419961853	0.08240000000023429	epochs	1.0
5192.089819961853	0.5252599999994345	epochs	0.0
5192.089819961853	0.5	epochs	1.0
5192.089825161853	0.5	epochs	-1.0
5192.589819961853	0.025259999999434513	epochs	1.0
5192.615079961853	9.974720000000161	epochs	0.0
5221.996000289917	0.1748200000001816	epochs	0.0
5221.996000289917	0.08240000000023429	epochs	1.0
5222.078400289917	0.010019999999713036	epochs	1.0
5222.088420289917	0.08240000000023429	epochs	1.0
5222.170820289917	6.004060000000209	epochs	0.0
5222.170820289917	0.5	epochs	1.0
5222.170825489917	0.5	epochs	-1.0
5222.670820289917	1.0	epochs	1.0
5223.670820289917	4.504060000000209	epochs	1.0
5224.170825489917	0.5	epochs	-1.0
5224.670825489917	0.5	epochs	-1.0
5225.170825489917	0.5	epochs	-1.0
5225.670825489917	0.5	epochs	-1.0
5226.170825489917	0.5	epochs	-1.0
5226.670825489917	0.5	epochs	-1.0
5227.170825489917	0.5	epochs	-1.0
5227.670825489917	0.5	epochs	-1.0
5228.174880289917	4.495919999999387	epochs	0.0
5237.2880001068115	0.1748200000001816	epochs	0.0
5237.2880001068115	0.08240000000023429	epochs	1.0
5237.370400106812	0.010019999999713036	epochs	1.0
5237.3804201068115	0.08240000000023429	epochs	1.0
5237.462820106812	10.499979999999596	epochs	0.0
5237.462820106812	0.5	epochs	1.0
5237.462825306811	0.5	epochs	-1.0
5237.962820106812	1.0	epochs	1.0
5238.962820106812	8.999979999999596	epochs	1.0
5239.462825306811	0.5	epochs	-1.0
5239.962825306811	0.5	epochs	-1.0
5240.462825306811	0.5	epochs	-1.0
5240.962825306811	0.5	epochs	-1.0
5241.462825306811	0.5	epochs	-1.0
5241.962825306811	0.5	epochs	-1.0
5242.462825306811	0.5	epochs	-1.0
5242.962825306811	0.5	epochs	-1.0
5243.462825306811	0.5	epochs	-1.0
5243.962825306811	0.5	epochs	-1.0
5244.462825306811	0.5	epochs	-1.0
5244.962825306811	0.5	epochs	-1.0
5245.462825306811	0.5	epochs	-1.0
5245.962825306811	0.5	epochs	-1.0
5246.462825306811	0.5	epochs	-1.0
5246.962825306811	0.5	epochs	-1.0
5252.857000350952	0.1748200000001816	epochs	0.0
5252.857000350952	0.08240000000023429	epochs	1.0
5252.939400350952	0.010019999999713036	epochs	1.0
5252.949420350952	0.08240000000023429	epochs	1.0
5253.031820350952	0.5256799999997384	epochs	0.0
5253.031820350952	0.5	epochs	1.0
5253.031825550952	0.5	epochs	-1.0
5253.531820350952	0.025679999999738357	epochs	1.0
5253.557500350952	9.974299999999857	epochs	0.0
5282.848999977112	0.1748200000001816	epochs	0.0
5282.848999977112	0.08240000000023429	epochs	1.0
5282.931399977112	0.010019999999713036	epochs	1.0
5282.941419977112	0.08240000000023429	epochs	1.0
5283.023819977112	3.544759999999769	epochs	0.0
5283.023819977112	0.5	epochs	1.0
5283.023825177112	0.5	epochs	-1.0
5283.523819977112	1.0	epochs	1.0
5284.523819977112	2.044759999999769	epochs	1.0
5285.023825177112	0.5	epochs	-1.0
5285.523825177112	0.5	epochs	-1.0
5286.023825177112	0.5	epochs	-1.0
5286.568579977112	6.9552199999998265	epochs	0.0
5297.591000080109	0.1748200000001816	epochs	0.0
5297.591000080109	0.08240000000023429	epochs	1.0
5297.673400080109	0.010019999999713036	epochs	1.0
5297.683420080109	0.08240000000023429	epochs	1.0
5297.765820080109	4.005079999999907	epochs	0.0
5297.765820080109	0.5	epochs	1.0
5297.765825280108	0.5	epochs	-1.0
5298.265820080109	1.0	epochs	1.0
5299.265820080109	2.505079999999907	epochs	1.0
5299.765825280108	0.5	epochs	-1.0
5300.265825280108	0.5	epochs	-1.0
5300.765825280108	0.5	epochs	-1.0
5301.265825280108	0.5	epochs	-1.0
5301.770900080109	6.494899999999689	epochs	0.0
5327.537000179291	0.1748200000001816	epochs	0.0
5327.537000179291	0.08240000000023429	epochs	1.0
5327.619400179291	0.010019999999713036	epochs	1.0
5327.629420179291	0.08240000000023429	epochs	1.0
5327.711820179291	9.744200000000092	epochs	0.0
5327.711820179291	0.5	epochs	1.0
5327.7118253792905	0.5	epochs	-1.0
5328.211820179291	9.244200000000092	epochs	1.0
5332.796920179291	4.659099999999853	epochs	-1.0
5332.796920179291	0.039139999999861175	epochs	-1.0
5333.294425379291	0.5	epochs	-1.0
5333.794425379291	0.5	epochs	-1.0
5334.294425379291	0.5	epochs	-1.0
5334.794425379291	0.5	epochs	-1.0
5335.294425379291	0.5	epochs	-1.0
5335.794425379291	0.5	epochs	-1.0
5336.294425379291	0.5	epochs	-1.0
5336.794425379291	0.5	epochs	-1.0
5337.456020179291	9.755779999999504	epochs	0.0
5341.816999912262	0.1748200000001816	epochs	0.0
5341.816999912262	0.08240000000023429	epochs	1.0
5341.899399912262	0.010019999999713036	epochs	1.0
5341.909419912262	0.08240000000023429	epochs	1.0
5341.991819912262	0.5251399999997375	epochs	0.0
5341.991819912262	0.5	epochs	1.0
5341.991825112262	0.5	epochs	-1.0
5342.491819912262	0.025139999999737483	epochs	1.0
5342.516959912262	18.97483999999986	epochs	0.0
5371.035000324249	0.1748200000001816	epochs	0.0
5371.035000324249	0.08240000000023429	epochs	1.0
5371.1174003242495	0.010019999999713036	epochs	1.0
5371.127420324249	0.08240000000023429	epochs	1.0
5371.209820324249	5.7256399999996574	epochs	0.0
5371.209820324249	0.5	epochs	1.0
5371.209825524249	0.5	epochs	-1.0
5371.709820324249	5.2256399999996574	epochs	1.0
5375.935360324249	1.0001000000002023	epochs	-1.0
5375.935360324249	0.04017999999996391	epochs	-1.0
5376.432865524249	0.5	epochs	-1.0
5376.935460324249	13.774339999999938	epochs	0.0
5380.539000034332	0.1748200000001816	epochs	0.0
5380.539000034332	0.08240000000023429	epochs	1.0
5380.6214000343325	0.010019999999713036	epochs	1.0
5380.631420034332	0.08240000000023429	epochs	1.0
5380.7138200343325	5.64447999999993	epochs	0.0
5380.7138200343325	0.5	epochs	1.0
5380.713825234332	0.5	epochs	-1.0
5381.2138200343325	5.14447999999993	epochs	1.0
5385.359240034332	0.9990600000000995	epochs	-1.0
5385.359240034332	0.03889999999955762	epochs	-1.0
5385.856745234332	0.5	epochs	-1.0
5386.358300034332	13.855499999999665	epochs	0.0
5390.210999965668	0.1748200000001816	epochs	0.0
5390.210999965668	0.08240000000023429	epochs	1.0
5390.293399965668	0.010019999999713036	epochs	1.0
5390.303419965668	0.08240000000023429	epochs	1.0
5390.385819965668	0.5250399999995352	epochs	0.0
5390.385819965668	0.5	epochs	1.0
5390.3858251656675	0.5	epochs	-1.0
5390.885819965668	0.025039999999535212	epochs	1.0
5390.910859965667	18.97494000000006	epochs	0.0
5418.835999965668	0.1748200000001816	epochs	0.0
5418.835999965668	0.08240000000023429	epochs	1.0
5418.918399965668	0.010019999999713036	epochs	1.0
5418.928419965668	0.08240000000023429	epochs	1.0
5419.010819965668	6.945119999999406	epochs	0.0
5419.010819965668	0.5	epochs	1.0
5419.0108251656675	0.5	epochs	-1.0
5419.510819965668	6.445119999999406	epochs	1.0
5424.956259965667	0.9996799999998984	epochs	-1.0
5424.956259965667	0.03952000000026601	epochs	-1.0
5425.452925165668	0.5	epochs	-1.0
5425.955939965667	12.55486000000019	epochs	0.0
5429.826000213623	0.1748200000001816	epochs	0.0
5429.826000213623	0.08240000000023429	epochs	1.0
5429.908400213623	0.010019999999713036	epochs	1.0
5429.918420213623	0.08240000000023429	epochs	1.0
5430.000820213623	11.784939999999551	epochs	0.0
5430.000820213623	0.5	epochs	1.0
5430.000825413623	0.5	epochs	-1.0
5430.500820213623	11.284939999999551	epochs	1.0
5437.765680213623	4.020079999999325	epochs	-1.0
5437.765680213623	0.039579999999659776	epochs	-1.0
5438.260685413623	0.5	epochs	-1.0
5438.760685413623	0.5	epochs	-1.0
5439.260685413623	0.5	epochs	-1.0
5439.760685413623	0.5	epochs	-1.0
5440.260685413623	0.5	epochs	-1.0
5440.760685413623	0.5	epochs	-1.0
5441.260685413623	0.5	epochs	-1.0
5441.785760213623	7.7150400000000445	epochs	0.0
5445.723999977112	0.1748200000001816	epochs	0.0
5445.723999977112	0.08240000000023429	epochs	1.0
5445.806399977112	0.010019999999713036	epochs	1.0
5445.816419977112	0.08240000000023429	epochs	1.0
5445.898819977112	19.499979999999596	epochs	0.0
5445.898819977112	0.5	epochs	1.0
5445.898825177112	0.5	epochs	-1.0
5446.398819977112	16.0	epochs	1.0
5459.2039599771115	6.194840000000113	epochs	-1.0
5459.2039599771115	0.04032000000006519	epochs	-1.0
5459.693965177112	0.5	epochs	-1.0
5460.193965177112	0.5	epochs	-1.0
5460.693965177112	0.5	epochs	-1.0
5461.193965177112	0.5	epochs	-1.0
5461.693965177112	0.5	epochs	-1.0
5462.193965177112	0.5	epochs	-1.0
5462.398819977112	2.9999799999995957	epochs	1.0
5462.693965177112	0.5	epochs	-1.0
5463.193965177112	0.5	epochs	-1.0
5463.693965177112	0.5	epochs	-1.0
5464.193965177112	0.5	epochs	-1.0
5464.693965177112	0.5	epochs	-1.0
5469.831000328064	0.1748200000001816	epochs	0.0
5469.831000328064	0.08240000000023429	epochs	1.0
5469.913400328064	0.010019999999713036	epochs	1.0
5469.923420328064	0.08240000000023429	epochs	1.0
5470.005820328064	0.5248000000001412	epochs	0.0
5470.005820328064	0.5	epochs	1.0
5470.005825528064	0.5	epochs	-1.0
5470.505820328064	0.024800000000141154	epochs	1.0
5470.530620328064	18.975179999999455	epochs	0.0
5498.812000274658	0.1748200000001816	epochs	0.0
5498.812000274658	0.08240000000023429	epochs	1.0
5498.894400274658	0.010019999999713036	epochs	1.0
5498.904420274658	0.08240000000023429	epochs	1.0
5498.986820274658	15.724720000000161	epochs	0.0
5498.986820274658	0.5	epochs	1.0
5498.986825474658	0.5	epochs	-1.0
5499.486820274658	15.224720000000161	epochs	1.0
5513.712340274658	0.9992000000002008	epochs	-1.0
5513.712340274658	0.039279999999962456	epochs	-1.0
5514.202345474659	0.5	epochs	-1.0
5514.711540274659	3.7752599999994345	epochs	0.0
5543.66100025177	0.17479999999977736	epochs	0.0
5543.66100025177	0.08240000000023429	epochs	1.0
5543.74340025177	0.010080000000016298	epochs	1.0
5543.75348025177	0.08231999999952677	epochs	1.0
5543.83580025177	2.0	epochs	0.0
5545.83580025177	5.364959999999883	epochs	0.0
5545.83580025177	1.0	epochs	1.0
5545.83582545177	0.5	epochs	-1.0
5546.33582545177	4.864934799999901	epochs	-1.0
5546.83580025177	4.364959999999883	epochs	1.0
5546.83580025177	7.999999979801942e-05	epochs	2.0
5546.83588025177	4.356720000000678	epochs	-1.0
5546.83588025177	1.9745600000005652	epochs	2.0
5546.83588025177	1.0985600000003615	epochs	3.0
5547.93444025177	0.8760000000002037	epochs	3.0
5548.81044025177	1.3523999999997613	epochs	2.0
5548.81044025177	0.7286400000002686	epochs	3.0
5549.53908025177	0.6237599999994927	epochs	3.0
5550.16284025177	1.0297600000003513	epochs	2.0
5550.16284025177	0.5453600000000733	epochs	3.0
5550.70820025177	0.48440000000027794	epochs	3.0
5551.19260025177	0.008159999999406864	epochs	2.0
5551.19260025177	0.008159999999406864	epochs	3.0
5551.20076025177	16.63496000000032	epochs	0.0
5555.669000148773	0.17479999999977736	epochs	0.0
5555.669000148773	0.08240000000023429	epochs	1.0
5555.751400148773	0.010080000000016298	epochs	1.0
5555.761480148773	0.08231999999952677	epochs	1.0
5555.843800148773	2.0	epochs	0.0
5557.843800148773	21.525120000000243	epochs	0.0
5557.843800148773	1.0	epochs	1.0
5557.843825348773	0.5	epochs	-1.0
5558.343825348773	19.999359999999797	epochs	-1.0
5558.843800148773	20.0	epochs	1.0
5558.843800148773	7.999999979801942e-05	epochs	2.0
5558.843880148773	4.356720000000678	epochs	-1.0
5558.843880148773	1.9745600000005652	epochs	2.0
5558.843880148773	1.0985600000003615	epochs	3.0
5559.942440148773	0.8760000000002037	epochs	3.0
5560.818440148773	1.3523999999997613	epochs	2.0
5560.818440148773	0.7286400000002686	epochs	3.0
5561.547080148774	0.6237599999994927	epochs	3.0
5562.170840148773	1.0297600000003513	epochs	2.0
5562.170840148773	0.5453600000000733	epochs	3.0
5562.716200148773	0.48440000000027794	epochs	3.0
5563.200600148773	0.8317600000000311	epochs	2.0
5563.200600148773	0.43575999999939086	epochs	3.0
5563.636360148773	0.3960000000006403	epochs	3.0
5564.0323601487735	0.6978399999998146	epochs	2.0
5564.0323601487735	0.36287999999967724	epochs	3.0
5564.395240148773	0.33496000000013737	epochs	3.0
5564.730200148773	0.601039999999557	epochs	2.0
5564.730200148773	0.3108799999999974	epochs	3.0
5565.041080148773	0.29015999999955966	epochs	3.0
5565.331240148773	0.5278400000006513	epochs	2.0
5565.331240148773	0.2719200000001365	epochs	3.0
5565.603160148773	0.25592000000051485	epochs	3.0
5565.8590801487735	0.4706399999995483	epochs	2.0
5565.8590801487735	0.2416800000000876	epochs	3.0
5566.100760148774	0.2289599999994607	epochs	3.0
5566.329720148773	0.4245600000003833	epochs	2.0
5566.329720148773	0.21744000000035157	epochs	3.0
5566.547160148773	0.20712000000003172	epochs	3.0
5566.754280148773	0.3867199999995137	epochs	2.0
5566.754280148773	0.19767999999930908	epochs	3.0
5566.951960148773	0.1890400000002046	epochs	3.0
5567.141000148773	0.35512000000016997	epochs	2.0
5567.141000148773	0.1811999999999898	epochs	3.0
5567.322200148773	0.17392000000018015	epochs	3.0
5567.496120148773	0.32823999999982334	epochs	2.0
5567.496120148773	0.16719999999986612	epochs	3.0
5567.663320148773	0.16103999999995722	epochs	3.0
5567.824360148773	0.3052000000006956	epochs	2.0
5567.824360148773	0.1552799999999479	epochs	3.0
5567.979640148773	0.14992000000074768	epochs	3.0
5568.129560148774	0.2851199999995515	epochs	2.0
5568.129560148774	0.14487999999983003	epochs	3.0
5568.2744401487735	0.14023999999972148	epochs	3.0
5568.414680148773	0.2675200000003315	epochs	2.0
5568.414680148773	0.13583999999991647	epochs	3.0
5568.550520148773	0.13168000000041502	epochs	3.0
5568.6822001487735	0.252079999999296	epochs	2.0
5568.6822001487735	0.12784000000010565	epochs	3.0
5568.810040148774	0.12423999999919033	epochs	3.0
5568.934280148773	0.2381600000007893	epochs	2.0
5568.934280148773	0.12072000000080152	epochs	3.0
5569.055000148774	0.11743999999998778	epochs	3.0
5569.172440148774	0.2258399999991525	epochs	2.0
5569.172440148774	0.11439999999947759	epochs	3.0
5569.286840148773	0.11143999999967491	epochs	3.0
5569.398280148773	0.21464000000014494	epochs	2.0
5569.398280148773	0.10864000000037777	epochs	3.0
5569.506920148773	0.10599999999976717	epochs	3.0
5569.612920148773	0.20448000000033062	epochs	2.0
5569.612920148773	0.10343999999986409	epochs	3.0
5569.716360148773	0.10104000000046653	epochs	3.0
5569.817400148773	0.19535999999970954	epochs	2.0
5569.817400148773	0.09879999999975553	epochs	3.0
5569.916200148773	0.09655999999995402	epochs	3.0
5570.012760148773	0.18695999999999913	epochs	2.0
5570.012760148773	0.09448000000065804	epochs	3.0
5570.107240148774	0.09247999999934109	epochs	3.0
5570.199720148773	0.17920000000049185	epochs	2.0
5570.199720148773	0.09047999999984313	epochs	3.0
5570.290200148773	0.08872000000064872	epochs	3.0
5570.378920148773	0.17207999999936874	epochs	2.0
5570.378920148773	0.08687999999983731	epochs	3.0
5570.465800148773	0.08519999999953143	epochs	3.0
5570.551000148773	0.16552000000046974	epochs	2.0
5570.551000148773	0.08360000000084256	epochs	3.0
5570.634600148774	0.08191999999962718	epochs	3.0
5570.716520148773	0.15952000000015687	epochs	2.0
5570.716520148773	0.08047999999962485	epochs	3.0
5570.797000148773	0.07904000000053202	epochs	3.0
5570.876040148773	0.15376000000014756	epochs	2.0
5570.876040148773	0.0775999999996202	epochs	3.0
5570.953640148773	0.07616000000052736	epochs	3.0
5571.029800148774	0.14855999999963387	epochs	2.0
5571.029800148774	0.07495999999991909	epochs	3.0
5571.1047601487735	0.07359999999971478	epochs	3.0
5571.178360148773	0.14368000000013126	epochs	2.0
5571.178360148773	0.07247999999981403	epochs	3.0
5571.250840148773	0.07120000000031723	epochs	3.0
5571.322040148773	0.1390400000000227	epochs	2.0
5571.322040148773	0.07007999999950698	epochs	3.0
5571.392120148773	0.06896000000051572	epochs	3.0
5571.461080148773	0.13472000000001572	epochs	2.0
5571.461080148773	0.06791999999950349	epochs	3.0
5571.529000148773	0.06680000000051223	epochs	3.0
5571.595800148773	0.1307200000001103	epochs	2.0
5571.595800148773	0.06584000000020751	epochs	3.0
5571.661640148774	0.0648799999999028	epochs	3.0
5571.7265201487735	0.1268000000000029	epochs	2.0
5571.7265201487735	0.06383999999980006	epochs	3.0
5571.790360148773	0.06296000000020285	epochs	3.0
5571.8533201487735	0.12327999999979511	epochs	2.0
5571.8533201487735	0.062079999999696156	epochs	3.0
5571.915400148773	0.06120000000009895	epochs	3.0
5571.976600148773	0.11984000000029482	epochs	2.0
5571.976600148773	0.060319999999592255	epochs	3.0
5572.036920148773	0.059520000000702566	epochs	3.0
5572.096440148774	0.1166399999992791	epochs	2.0
5572.096440148774	0.05871999999999389	epochs	3.0
5572.155160148774	0.05791999999928521	epochs	3.0
5572.213080148773	0.1136000000005879	epochs	2.0
5572.213080148773	0.05720000000019354	epochs	3.0
5572.270280148773	0.05640000000039436	epochs	3.0
5572.326680148773	0.11071999999967375	epochs	2.0
5572.326680148773	0.0556799999994837	epochs	3.0
5572.382360148773	0.05504000000019005	epochs	3.0
5572.437400148773	0.1079200000003766	epochs	2.0
5572.437400148773	0.054240000000390864	epochs	3.0
5572.4916401487735	0.05367999999998574	epochs	3.0
5572.5453201487735	0.105279999999766	epochs	2.0
5572.5453201487735	0.052959999999984575	epochs	3.0
5572.5982801487735	0.05231999999978143	epochs	3.0
5572.650600148773	0.10288000000036845	epochs	2.0
5572.650600148773	0.0517600000002858	epochs	3.0
5572.702360148774	0.051120000000082655	epochs	3.0
5572.753480148774	0.1003999999993539	epochs	2.0
5572.753480148774	0.05047999999987951	epochs	3.0
5572.8039601487735	0.049919999999474385	epochs	3.0
5572.853880148773	0.0982400000002599	epochs	2.0
5572.853880148773	0.049359999999978754	epochs	3.0
5572.903240148773	0.04888000000028114	epochs	3.0
5572.952120148773	0.09599999999954889	epochs	2.0
5572.952120148773	0.048240000000078	epochs	3.0
5573.000360148773	0.04775999999947089	epochs	3.0
5573.048120148773	0.09392000000025291	epochs	2.0
5573.048120148773	0.04719999999997526	epochs	3.0
5573.095320148773	0.04672000000027765	epochs	3.0
5573.142040148773	0.09191999999984546	epochs	2.0
5573.142040148773	0.046159999999872525	epochs	3.0
5573.188200148773	0.04575999999997293	epochs	3.0
5573.233960148773	0.09007999999994354	epochs	2.0
5573.233960148773	0.04528000000027532	epochs	3.0
5573.279240148773	0.044799999999668216	epochs	3.0
5573.324040148773	0.0881600000002436	epochs	2.0
5573.324040148773	0.044319999999970605	epochs	3.0
5573.368360148773	0.043840000000272994	epochs	3.0
5573.412200148773	0.08647999999993772	epochs	2.0
5573.412200148773	0.0434400000003734	epochs	3.0
5573.455640148773	0.043039999999564316	epochs	3.0
5573.498680148773	0.08471999999983382	epochs	2.0
5573.498680148773	0.042559999999866704	epochs	3.0
5573.541240148773	0.04215999999996711	epochs	3.0
5573.583400148773	0.08320000000003347	epochs	2.0
5573.583400148773	0.04176000000006752	epochs	3.0
5573.625160148773	0.04143999999996595	epochs	3.0
5573.666600148773	0.08152000000063708	epochs	2.0
5573.666600148773	0.04096000000026834	epochs	3.0
5573.707560148773	0.040560000000368746	epochs	3.0
5573.7481201487735	0.08007999999972526	epochs	2.0
5573.7481201487735	0.04023999999935768	epochs	3.0
5573.788360148773	0.03984000000036758	epochs	3.0
5573.828200148773	0.07863999999972293	epochs	2.0
5573.828200148773	0.03952000000026601	epochs	3.0
5573.8677201487735	0.03911999999945692	epochs	3.0
5573.906840148773	0.0772000000006301	epochs	2.0
5573.906840148773	0.038800000000264845	epochs	3.0
5573.945640148773	0.03840000000036525	epochs	3.0
5573.984040148774	0.07591999999931431	epochs	2.0
5573.984040148774	0.038159999999152205	epochs	3.0
5574.022200148773	0.03776000000016211	epochs	3.0
5574.059960148773	0.0745600000000195	epochs	2.0
5574.059960148773	0.037440000000060536	epochs	3.0
5574.097400148773	0.037119999999958964	epochs	3.0
5574.134520148773	0.07336000000032072	epochs	2.0
5574.134520148773	0.03679999999985739	epochs	3.0
5574.171320148773	0.03656000000046333	epochs	3.0
5574.207880148773	0.07207999999991443	epochs	2.0
5574.207880148773	0.036159999999654246	epochs	3.0
5574.244040148773	0.03592000000026019	epochs	3.0
5574.279960148773	0.07088000000021566	epochs	2.0
5574.279960148773	0.035600000000158616	epochs	3.0
5574.315560148773	0.035280000000057044	epochs	3.0
5574.350840148773	0.06984000000011292	epochs	2.0
5574.350840148773	0.03503999999975349	epochs	3.0
5574.385880148773	0.03480000000035943	epochs	3.0
5574.4206801487735	0.06863999999950465	epochs	2.0
5574.4206801487735	0.034479999999348365	epochs	3.0
5574.455160148773	0.03416000000015629	epochs	3.0
5574.489320148773	0.06760000000031141	epochs	2.0
5574.489320148773	0.033919999999852735	epochs	3.0
5574.523240148773	0.033680000000458676	epochs	3.0
5574.556920148773	0.06656000000020867	epochs	2.0
5574.556920148773	0.03344000000015512	epochs	3.0
5574.5903601487735	0.03312000000005355	epochs	3.0
5574.6234801487735	0.06559999999990396	epochs	2.0
5574.6234801487735	0.03295999999954802	epochs	3.0
5574.656440148773	0.03264000000035594	epochs	3.0
5574.689080148773	0.06455999999980122	epochs	2.0
5574.689080148773	0.03240000000005239	epochs	3.0
5574.7214801487735	0.032159999999748834	epochs	3.0
5574.753640148773	0.06368000000020402	epochs	2.0
5574.753640148773	0.032000000000152795	epochs	3.0
5574.785640148773	0.03168000000005122	epochs	3.0
5574.817320148773	0.0627199999998993	epochs	2.0
5574.817320148773	0.03143999999974767	epochs	3.0
5574.848760148773	0.03128000000015163	epochs	3.0
5574.880040148773	0.0618400000003021	epochs	2.0
5574.880040148773	0.031039999999848078	epochs	3.0
5574.911080148773	0.03080000000045402	epochs	3.0
5574.941880148774	0.0609599999997954	epochs	2.0
5574.941880148774	0.030559999999240972	epochs	3.0
5574.972440148773	0.030400000000554428	epochs	3.0
5575.002840148773	0.060159999999996217	epochs	2.0
5575.002840148773	0.03015999999934138	epochs	3.0
5575.033000148773	0.030000000000654836	epochs	3.0
5575.063000148773	0.05927999999948952	epochs	2.0
5575.063000148773	0.02967999999964377	epochs	3.0
5575.092680148773	0.02959999999984575	epochs	3.0
5575.122280148773	0.05848000000059983	epochs	2.0
5575.122280148773	0.02936000000045169	epochs	3.0
5575.151640148773	0.02912000000014814	epochs	3.0
5575.1807601487735	0.05775999999968917	epochs	2.0
5575.1807601487735	0.028959999999642605	epochs	3.0
5575.209720148773	0.028800000000046566	epochs	3.0
5575.238520148773	0.05695999999988999	epochs	2.0
5575.238520148773	0.028559999999743013	epochs	3.0
5575.267080148773	0.028400000000146974	epochs	3.0
5575.295480148773	0.05623999999988882	epochs	2.0
5575.295480148773	0.02815999999984342	epochs	3.0
5575.323640148773	0.028080000000045402	epochs	3.0
5575.351720148773	0.05544000000008964	epochs	2.0
5575.351720148773	0.027840000000651344	epochs	3.0
5575.379560148774	0.027599999999438296	epochs	3.0
5575.407160148773	0.054879999999684514	epochs	2.0
5575.407160148773	0.02752000000054977	epochs	3.0
5575.434680148774	0.027359999999134743	epochs	3.0
5575.462040148773	0.054080000000794826	epochs	2.0
5575.462040148773	0.02712000000065018	epochs	3.0
5575.489160148773	0.026960000000144646	epochs	3.0
5575.516120148774	0.053439999999682186	epochs	2.0
5575.516120148774	0.026799999999639113	epochs	3.0
5575.542920148773	0.026640000000043074	epochs	3.0
5575.569560148773	0.052880000000186556	epochs	2.0
5575.569560148773	0.02647999999953754	epochs	3.0
5575.596040148773	0.026400000000649015	epochs	3.0
5575.622440148773	0.05216000000018539	epochs	2.0
5575.622440148773	0.026159999999435968	epochs	3.0
5575.648600148773	0.026000000000749424	epochs	3.0
5575.674600148774	0.05151999999998225	epochs	2.0
5575.674600148774	0.025839999999334395	epochs	3.0
5575.700440148773	0.02568000000064785	epochs	3.0
5575.726120148774	0.05095999999957712	epochs	2.0
5575.726120148774	0.025599999999940337	epochs	3.0
5575.7517201487735	0.025359999999636784	epochs	3.0
5575.777080148773	0.05040000000008149	epochs	2.0
5575.777080148773	0.025279999999838765	epochs	3.0
5575.802360148773	0.025120000000242726	epochs	3.0
5575.827480148773	0.049759999999878346	epochs	2.0
5575.827480148773	0.024959999999737192	epochs	3.0
5575.852440148773	0.024800000000141154	epochs	3.0
5575.877240148773	0.049200000000382715	epochs	2.0
5575.877240148773	0.02463999999963562	epochs	3.0
5575.901880148773	0.024560000000747095	epochs	3.0
5575.9264401487735	0.04871999999977561	epochs	2.0
5575.9264401487735	0.024399999999332067	epochs	3.0
5575.950840148773	0.024320000000443542	epochs	3.0
5575.975160148773	0.048079999999572465	epochs	2.0
5575.975160148773	0.02408000000013999	epochs	3.0
5575.999240148773	0.023999999999432475	epochs	3.0
5576.023240148773	0.04760000000078435	epochs	2.0
5576.023240148773	0.02384000000074593	epochs	3.0
5576.047080148774	0.023760000000038417	epochs	3.0
5576.070840148774	0.04711999999926775	epochs	2.0
5576.070840148774	0.023599999999532884	epochs	3.0
5576.094440148773	0.023519999999734864	epochs	3.0
5576.117960148773	0.04656000000068161	epochs	2.0
5576.117960148773	0.023360000000138825	epochs	3.0
5576.141320148773	0.023200000000542786	epochs	3.0
5576.164520148774	0.04607999999916501	epochs	2.0
5576.164520148774	0.023119999999835272	epochs	3.0
5576.187640148773	0.02295999999932974	epochs	3.0
5576.210600148773	0.045600000000376895	epochs	2.0
5576.210600148773	0.022880000000441214	epochs	3.0
5576.233480148773	0.02271999999993568	epochs	3.0
5576.256200148773	0.04511999999976979	epochs	2.0
5576.256200148773	0.02264000000013766	epochs	3.0
5576.278840148773	0.022479999999632128	epochs	3.0
5576.301320148773	0.04464000000007218	epochs	2.0
5576.301320148773	0.022400000000743603	epochs	3.0
5576.323720148774	0.022239999999328575	epochs	3.0
5576.345960148773	0.044240000000172586	epochs	2.0
5576.345960148773	0.02216000000044005	epochs	3.0
5576.368120148773	0.022079999999732536	epochs	3.0
5576.390200148773	0.043760000000474975	epochs	2.0
5576.390200148773	0.021920000000136497	epochs	3.0
5576.412120148773	0.021840000000338478	epochs	3.0
5576.433960148774	0.04335999999966589	epochs	2.0
5576.433960148774	0.021759999999630963	epochs	3.0
5576.455720148773	0.021600000000034925	epochs	3.0
5576.477320148773	0.04287999999996828	epochs	2.0
5576.477320148773	0.02143999999952939	epochs	3.0
5576.498760148773	0.021440000000438886	epochs	3.0
5576.520200148773	0.042480000000068685	epochs	2.0
5576.520200148773	0.021279999999933352	epochs	3.0
5576.541480148773	0.021200000000135333	epochs	3.0
5576.562680148773	0.04208000000016909	epochs	2.0
5576.562680148773	0.0210399999996298	epochs	3.0
5576.583720148773	0.021040000000539294	epochs	3.0
5576.6047601487735	0.04167999999936001	epochs	2.0
5576.6047601487735	0.02088000000003376	epochs	3.0
5576.6256401487735	0.020799999999326246	epochs	3.0
5576.646440148773	0.04120000000057189	epochs	2.0
5576.646440148773	0.020640000000639702	epochs	3.0
5576.6670801487735	0.020559999999932188	epochs	3.0
5576.687640148773	0.04087999999956082	epochs	2.0
5576.687640148773	0.020559999999932188	epochs	3.0
5576.708200148773	0.020319999999628635	epochs	3.0
5576.728520148773	0.040560000000368746	epochs	2.0
5576.728520148773	0.02032000000053813	epochs	3.0
5576.7488401487735	0.020239999999830616	epochs	3.0
5576.769080148773	0.04007999999976164	epochs	2.0
5576.769080148773	0.020080000000234577	epochs	3.0
5576.789160148774	0.019999999999527063	epochs	3.0
5576.809160148773	0.03975999999966007	epochs	2.0
5576.809160148773	0.019919999999729043	epochs	3.0
5576.829080148773	0.019839999999931024	epochs	3.0
5576.848920148773	0.03944000000046799	epochs	2.0
5576.848920148773	0.019760000000133005	epochs	3.0
5576.868680148773	0.019680000000334985	epochs	3.0
5576.888360148773	0.0390399999996589	epochs	2.0
5576.888360148773	0.01951999999982945	epochs	3.0
5576.907880148773	0.01951999999982945	epochs	3.0
5576.927400148773	0.038640000000668806	epochs	2.0
5576.927400148773	0.019360000000233413	epochs	3.0
5576.946760148773	0.019280000000435393	epochs	3.0
5576.966040148774	0.03839999999945576	epochs	2.0
5576.966040148774	0.0192799999995259	epochs	3.0
5576.985320148773	0.01911999999992986	epochs	3.0
5577.004440148773	0.03800000000046566	epochs	2.0
5577.004440148773	0.01904000000013184	epochs	3.0
5577.023480148773	0.01896000000033382	epochs	3.0
5577.0424401487735	0.037679999999454594	epochs	2.0
5577.0424401487735	0.018879999999626307	epochs	3.0
5577.061320148773	0.018799999999828287	epochs	3.0
5577.080120148773	0.03736000000026252	epochs	2.0
5577.080120148773	0.018720000000030268	epochs	3.0
5577.098840148773	0.01864000000023225	epochs	3.0
5577.117480148773	0.037040000000160944	epochs	2.0
5577.117480148773	0.01856000000043423	epochs	3.0
5577.136040148774	0.018479999999726715	epochs	3.0
5577.154520148773	0.03672000000005937	epochs	2.0
5577.154520148773	0.018399999999928696	epochs	3.0
5577.172920148773	0.018320000000130676	epochs	3.0
5577.191240148773	0.03647999999975582	epochs	2.0
5577.191240148773	0.018239999999423162	epochs	3.0
5577.209480148773	0.018240000000332657	epochs	3.0
5577.227720148773	0.03607999999985623	epochs	2.0
5577.227720148773	0.018079999999827123	epochs	3.0
5577.245800148773	0.018000000000029104	epochs	3.0
5577.263800148773	0.03584000000046217	epochs	2.0
5577.263800148773	0.017920000000231084	epochs	3.0
5577.281720148773	0.017920000000231084	epochs	3.0
5577.2996401487735	0.0355199999994511	epochs	2.0
5577.2996401487735	0.01775999999972555	epochs	3.0
5577.317400148773	0.01775999999972555	epochs	3.0
5577.335160148773	0.035200000000259024	epochs	2.0
5577.335160148773	0.01767999999992753	epochs	3.0
5577.352840148773	0.017520000000331493	epochs	3.0
5577.370360148773	0.03495999999995547	epochs	2.0
5577.370360148773	0.017520000000331493	epochs	3.0
5577.387880148774	0.01743999999962398	epochs	3.0
5577.405320148773	0.03471999999965192	epochs	2.0
5577.405320148773	0.01743999999962398	epochs	3.0
5577.422760148773	0.01728000000002794	epochs	3.0
5577.440040148773	0.03440000000045984	epochs	2.0
5577.440040148773	0.01720000000022992	epochs	3.0
5577.457240148773	0.01720000000022992	epochs	3.0
5577.474440148773	0.03416000000015629	epochs	2.0
5577.474440148773	0.017119999999522406	epochs	3.0
5577.491560148773	0.01704000000063388	epochs	3.0
5577.508600148773	0.033840000000054715	epochs	2.0
5577.508600148773	0.016959999999926367	epochs	3.0
5577.525560148773	0.016880000000128348	epochs	3.0
5577.5424401487735	0.03359999999975116	epochs	2.0
5577.5424401487735	0.016799999999420834	epochs	3.0
5577.559240148773	0.01680000000033033	epochs	3.0
5577.576040148773	0.033360000000357104	epochs	2.0
5577.576040148773	0.016719999999622814	epochs	3.0
5577.592760148773	0.01664000000073429	epochs	3.0
5577.609400148774	0.033119999999144056	epochs	2.0
5577.609400148774	0.016560000000026776	epochs	3.0
5577.625960148774	0.01655999999911728	epochs	3.0
5577.642520148773	0.03280000000086147	epochs	2.0
5577.642520148773	0.016400000000430737	epochs	3.0
5577.658920148773	0.016400000000430737	epochs	3.0
5577.675320148774	0.032559999999648426	epochs	2.0
5577.675320148774	0.016319999999723223	epochs	3.0
5577.691640148773	0.016239999999925203	epochs	3.0
5577.707880148773	0.03240000000005239	epochs	2.0
5577.707880148773	0.016239999999925203	epochs	3.0
5577.724120148773	0.016160000000127184	epochs	3.0
5577.740280148773	0.032079999999950815	epochs	2.0
5577.740280148773	0.016080000000329164	epochs	3.0
5577.756360148774	0.01599999999962165	epochs	3.0
5577.772360148773	0.031920000000354776	epochs	2.0
5577.772360148773	0.01599999999962165	epochs	3.0
5577.788360148773	0.015920000000733125	epochs	3.0
5577.804280148774	0.03159999999934371	epochs	2.0
5577.804280148774	0.01584000000002561	epochs	3.0
5577.820120148774	0.015759999999318097	epochs	3.0
5577.835880148773	0.031440000000657164	epochs	2.0
5577.835880148773	0.015760000000227592	epochs	3.0
5577.851640148773	0.015680000000429573	epochs	3.0
5577.867320148774	0.031199999999444117	epochs	2.0
5577.867320148774	0.015599999999722058	epochs	3.0
5577.882920148773	0.015599999999722058	epochs	3.0
5577.898520148773	0.03096000000005006	epochs	2.0
5577.898520148773	0.015519999999924039	epochs	3.0
5577.914040148773	0.01544000000012602	epochs	3.0
5577.929480148773	0.030719999999746506	epochs	2.0
5577.929480148773	0.01544000000012602	epochs	3.0
5577.944920148773	0.015279999999620486	epochs	3.0
5577.960200148773	0.030560000000150467	epochs	2.0
5577.960200148773	0.015360000000328	epochs	3.0
5577.975560148773	0.015199999999822467	epochs	3.0
5577.990760148773	0.030319999999846914	epochs	2.0
5577.990760148773	0.015199999999822467	epochs	3.0
5578.005960148773	0.015120000000024447	epochs	3.0
5578.021080148773	0.030080000000452856	epochs	2.0
5578.021080148773	0.015120000000024447	epochs	3.0
5578.036200148773	0.014960000000428408	epochs	3.0
5578.051160148773	0.029919999999947322	epochs	2.0
5578.051160148773	0.015040000000226428	epochs	3.0
5578.0662001487735	0.014879999999720894	epochs	3.0
5578.081080148773	0.02967999999964377	epochs	2.0
5578.081080148773	0.014879999999720894	epochs	3.0
5578.095960148773	0.014799999999922875	epochs	3.0
5578.110760148773	0.02952000000004773	epochs	2.0
5578.110760148773	0.014799999999922875	epochs	3.0
5578.125560148773	0.014720000000124855	epochs	3.0
5578.140280148773	0.029280000000653672	epochs	2.0
5578.140280148773	0.014720000000124855	epochs	3.0
5578.155000148773	0.014560000000528817	epochs	3.0
5578.169560148774	0.029119999999238644	epochs	2.0
5578.169560148774	0.014639999999417341	epochs	3.0
5578.184200148773	0.014479999999821302	epochs	3.0
5578.198680148773	0.0289600000005521	epochs	2.0
5578.198680148773	0.014480000000730797	epochs	3.0
5578.213160148774	0.014479999999821302	epochs	3.0
5578.227640148773	0.028639999999541033	epochs	2.0
5578.227640148773	0.014320000000225264	epochs	3.0
5578.241960148774	0.014319999999315769	epochs	3.0
5578.256280148773	0.028560000000652508	epochs	2.0
5578.256280148773	0.014320000000225264	epochs	3.0
5578.270600148773	0.014240000000427244	epochs	3.0
5578.284840148774	0.02831999999943946	epochs	2.0
5578.284840148774	0.01415999999971973	epochs	3.0
5578.299000148773	0.01415999999971973	epochs	3.0
5578.313160148773	0.02815999999984342	epochs	2.0
5578.313160148773	0.01415999999971973	epochs	3.0
5578.327320148773	0.014000000000123691	epochs	3.0
5578.341320148773	0.028000000000247383	epochs	2.0
5578.341320148773	0.014000000000123691	epochs	3.0
5578.355320148773	0.014000000000123691	epochs	3.0
5578.369320148773	0.02775999999994383	epochs	2.0
5578.369320148773	0.013920000000325672	epochs	3.0
5578.383240148773	0.013839999999618158	epochs	3.0
5578.397080148773	0.02768000000014581	epochs	2.0
5578.397080148773	0.013840000000527652	epochs	3.0
5578.410920148774	0.013839999999618158	epochs	3.0
5578.424760148773	0.027439999999842257	epochs	2.0
5578.424760148773	0.013759999999820138	epochs	3.0
5578.438520148773	0.013680000000022119	epochs	3.0
5578.452200148773	0.02728000000024622	epochs	2.0
5578.452200148773	0.013680000000022119	epochs	3.0
5578.465880148773	0.0136000000002241	epochs	3.0
5578.479480148773	0.027119999999740685	epochs	2.0
5578.479480148773	0.013519999999516585	epochs	3.0
5578.493000148773	0.0136000000002241	epochs	3.0
5578.506600148773	0.026880000000346627	epochs	2.0
5578.506600148773	0.013439999999718566	epochs	3.0
5578.520040148773	0.01344000000062806	epochs	3.0
5578.533480148773	0.026799999999639113	epochs	2.0
5578.533480148773	0.013439999999718566	epochs	3.0
5578.546920148773	0.013359999999920547	epochs	3.0
5578.560280148773	0.026560000000245054	epochs	2.0
5578.560280148773	0.013280000000122527	epochs	3.0
5578.573560148773	0.013280000000122527	epochs	3.0
5578.586840148773	0.02647999999953754	epochs	2.0
5578.586840148773	0.013280000000122527	epochs	3.0
5578.600120148773	0.013199999999415013	epochs	3.0
5578.613320148773	0.026240000000143482	epochs	2.0
5578.613320148773	0.013120000000526488	epochs	3.0
5578.626440148773	0.013119999999616994	epochs	3.0
5578.639560148773	0.026160000000345462	epochs	2.0
5578.639560148773	0.013120000000526488	epochs	3.0
5578.6526801487735	0.013039999999818974	epochs	3.0
5578.665720148773	0.02599999999983993	epochs	2.0
5578.665720148773	0.013039999999818974	epochs	3.0
5578.678760148773	0.012960000000020955	epochs	3.0
5578.691720148773	0.02576000000044587	epochs	2.0
5578.691720148773	0.012880000000222935	epochs	3.0
5578.704600148773	0.012880000000222935	epochs	3.0
5578.717480148774	0.025679999999738357	epochs	2.0
5578.717480148774	0.01287999999931344	epochs	3.0
5578.730360148773	0.012800000000424916	epochs	3.0
5578.743160148773	0.025520000000142318	epochs	2.0
5578.743160148773	0.012799999999515421	epochs	3.0
5578.755960148773	0.012720000000626897	epochs	3.0
5578.7686801487735	0.025359999999636784	epochs	2.0
5578.7686801487735	0.012719999999717402	epochs	3.0
5578.781400148773	0.012639999999919382	epochs	3.0
5578.794040148773	0.025200000000040745	epochs	2.0
5578.794040148773	0.012639999999919382	epochs	3.0
5578.806680148773	0.012560000000121363	epochs	3.0
5578.819240148773	0.0245599999998376	epochs	2.0
5578.843185348773	0.5	epochs	-1.0
5578.843800148773	0.5251200000002427	epochs	1.0
5579.368920148773	0.47479999999995925	epochs	0.0
5584.049000263214	0.17479999999977736	epochs	0.0
5584.049000263214	0.08240000000023429	epochs	1.0
5584.131400263214	0.010080000000016298	epochs	1.0
5584.141480263214	0.08231999999952677	epochs	1.0
5584.223800263214	2.0	epochs	0.0
5586.223800263214	21.50456000000031	epochs	0.0
5586.223800263214	1.0	epochs	1.0
5586.223825463214	0.5	epochs	-1.0
5586.723825463214	19.999359999999797	epochs	-1.0
5587.223800263214	20.0	epochs	1.0
5587.223800263214	7.999999979801942e-05	epochs	2.0
5587.223880263214	4.356720000000678	epochs	-1.0
5587.223880263214	1.9745600000005652	epochs	2.0
5587.223880263214	1.0985600000003615	epochs	3.0
5588.322440263214	0.8760000000002037	epochs	3.0
5589.198440263214	1.3523999999997613	epochs	2.0
5589.198440263214	0.7286400000002686	epochs	3.0
5589.9270802632145	0.6237599999994927	epochs	3.0
5590.550840263214	1.0297600000003513	epochs	2.0
5590.550840263214	0.5453600000000733	epochs	3.0
5591.096200263214	0.48440000000027794	epochs	3.0
5591.580600263214	0.8317600000000311	epochs	2.0
5591.580600263214	0.43575999999939086	epochs	3.0
5592.016360263214	0.3960000000006403	epochs	3.0
5592.412360263214	0.6978399999998146	epochs	2.0
5592.412360263214	0.36287999999967724	epochs	3.0
5592.775240263214	0.33496000000013737	epochs	3.0
5593.110200263214	0.601039999999557	epochs	2.0
5593.110200263214	0.3108799999999974	epochs	3.0
5593.421080263214	0.29015999999955966	epochs	3.0
5593.711240263214	0.5278400000006513	epochs	2.0
5593.711240263214	0.2719200000001365	epochs	3.0
5593.983160263214	0.25592000000051485	epochs	3.0
5594.239080263214	0.4706399999995483	epochs	2.0
5594.239080263214	0.2416800000000876	epochs	3.0
5594.4807602632145	0.2289599999994607	epochs	3.0
5594.709720263214	0.4245600000003833	epochs	2.0
5594.709720263214	0.21744000000035157	epochs	3.0
5594.927160263214	0.20712000000003172	epochs	3.0
5595.134280263214	0.3867199999995137	epochs	2.0
5595.134280263214	0.19767999999930908	epochs	3.0
5595.331960263214	0.1890400000002046	epochs	3.0
5595.521000263214	0.35512000000016997	epochs	2.0
5595.521000263214	0.1811999999999898	epochs	3.0
5595.702200263214	0.17392000000018015	epochs	3.0
5595.876120263214	0.32823999999982334	epochs	2.0
5595.876120263214	0.16719999999986612	epochs	3.0
5596.043320263214	0.16103999999995722	epochs	3.0
5596.204360263214	0.3052000000006956	epochs	2.0
5596.204360263214	0.1552799999999479	epochs	3.0
5596.359640263214	0.14992000000074768	epochs	3.0
5596.509560263215	0.2851199999995515	epochs	2.0
5596.509560263215	0.14487999999983003	epochs	3.0
5596.654440263214	0.14023999999972148	epochs	3.0
5596.794680263214	0.2675200000003315	epochs	2.0
5596.794680263214	0.13583999999991647	epochs	3.0
5596.930520263214	0.13168000000041502	epochs	3.0
5597.062200263214	0.252079999999296	epochs	2.0
5597.062200263214	0.12784000000010565	epochs	3.0
5597.1900402632145	0.12423999999919033	epochs	3.0
5597.314280263214	0.2381600000007893	epochs	2.0
5597.314280263214	0.12072000000080152	epochs	3.0
5597.4350002632145	0.11743999999998778	epochs	3.0
5597.5524402632145	0.2258399999991525	epochs	2.0
5597.5524402632145	0.11439999999947759	epochs	3.0
5597.666840263214	0.11143999999967491	epochs	3.0
5597.778280263214	0.21464000000014494	epochs	2.0
5597.778280263214	0.10864000000037777	epochs	3.0
5597.886920263214	0.10599999999976717	epochs	3.0
5597.992920263214	0.20448000000033062	epochs	2.0
5597.992920263214	0.10343999999986409	epochs	3.0
5598.096360263214	0.10104000000046653	epochs	3.0
5598.197400263214	0.19535999999970954	epochs	2.0
5598.197400263214	0.09879999999975553	epochs	3.0
5598.296200263214	0.09655999999995402	epochs	3.0
5598.392760263214	0.18695999999999913	epochs	2.0
5598.392760263214	0.09448000000065804	epochs	3.0
5598.4872402632145	0.09247999999934109	epochs	3.0
5598.579720263214	0.17920000000049185	epochs	2.0
5598.579720263214	0.09047999999984313	epochs	3.0
5598.670200263214	0.08872000000064872	epochs	3.0
5598.758920263214	0.17207999999936874	epochs	2.0
5598.758920263214	0.08687999999983731	epochs	3.0
5598.845800263214	0.08519999999953143	epochs	3.0
5598.931000263214	0.16552000000046974	epochs	2.0
5598.931000263214	0.08360000000084256	epochs	3.0
5599.014600263215	0.08191999999962718	epochs	3.0
5599.096520263214	0.15952000000015687	epochs	2.0
5599.096520263214	0.08047999999962485	epochs	3.0
5599.177000263214	0.07904000000053202	epochs	3.0
5599.256040263214	0.15376000000014756	epochs	2.0
5599.256040263214	0.0775999999996202	epochs	3.0
5599.333640263214	0.07616000000052736	epochs	3.0
5599.4098002632145	0.14855999999963387	epochs	2.0
5599.4098002632145	0.07495999999991909	epochs	3.0
5599.484760263214	0.07359999999971478	epochs	3.0
5599.558360263214	0.14368000000013126	epochs	2.0
5599.558360263214	0.07247999999981403	epochs	3.0
5599.630840263214	0.07120000000031723	epochs	3.0
5599.702040263214	0.1390400000000227	epochs	2.0
5599.702040263214	0.07007999999950698	epochs	3.0
5599.772120263214	0.06896000000051572	epochs	3.0
5599.841080263214	0.13472000000001572	epochs	2.0
5599.841080263214	0.06791999999950349	epochs	3.0
5599.909000263214	0.06680000000051223	epochs	3.0
5599.975800263214	0.1307200000001103	epochs	2.0
5599.975800263214	0.06584000000020751	epochs	3.0
5600.0416402632145	0.0648799999999028	epochs	3.0
5600.106520263214	0.1268000000000029	epochs	2.0
5600.106520263214	0.06383999999980006	epochs	3.0
5600.170360263214	0.06296000000020285	epochs	3.0
5600.233320263214	0.12327999999979511	epochs	2.0
5600.233320263214	0.062079999999696156	epochs	3.0
5600.295400263214	0.06120000000009895	epochs	3.0
5600.356600263214	0.11984000000029482	epochs	2.0
5600.356600263214	0.060319999999592255	epochs	3.0
5600.416920263214	0.059520000000702566	epochs	3.0
5600.4764402632145	0.1166399999992791	epochs	2.0
5600.4764402632145	0.05871999999999389	epochs	3.0
5600.5351602632145	0.05791999999928521	epochs	3.0
5600.593080263214	0.1136000000005879	epochs	2.0
5600.593080263214	0.05720000000019354	epochs	3.0
5600.650280263214	0.05640000000039436	epochs	3.0
5600.706680263214	0.11071999999967375	epochs	2.0
5600.706680263214	0.0556799999994837	epochs	3.0
5600.762360263214	0.05504000000019005	epochs	3.0
5600.817400263214	0.1079200000003766	epochs	2.0
5600.817400263214	0.054240000000390864	epochs	3.0
5600.871640263214	0.05367999999998574	epochs	3.0
5600.925320263214	0.105279999999766	epochs	2.0
5600.925320263214	0.052959999999984575	epochs	3.0
5600.978280263214	0.05231999999978143	epochs	3.0
5601.030600263214	0.10288000000036845	epochs	2.0
5601.030600263214	0.0517600000002858	epochs	3.0
5601.0823602632145	0.051120000000082655	epochs	3.0
5601.133480263215	0.1003999999993539	epochs	2.0
5601.133480263215	0.05047999999987951	epochs	3.0
5601.183960263214	0.049919999999474385	epochs	3.0
5601.233880263214	0.0982400000002599	epochs	2.0
5601.233880263214	0.049359999999978754	epochs	3.0
5601.283240263214	0.04888000000028114	epochs	3.0
5601.332120263214	0.09599999999954889	epochs	2.0
5601.332120263214	0.048240000000078	epochs	3.0
5601.380360263214	0.04775999999947089	epochs	3.0
5601.428120263214	0.09392000000025291	epochs	2.0
5601.428120263214	0.04719999999997526	epochs	3.0
5601.475320263214	0.04672000000027765	epochs	3.0
5601.522040263214	0.09191999999984546	epochs	2.0
5601.522040263214	0.046159999999872525	epochs	3.0
5601.568200263214	0.04575999999997293	epochs	3.0
5601.613960263214	0.09007999999994354	epochs	2.0
5601.613960263214	0.04528000000027532	epochs	3.0
5601.659240263214	0.044799999999668216	epochs	3.0
5601.704040263214	0.0881600000002436	epochs	2.0
5601.704040263214	0.044319999999970605	epochs	3.0
5601.748360263214	0.043840000000272994	epochs	3.0
5601.792200263214	0.08647999999993772	epochs	2.0
5601.792200263214	0.0434400000003734	epochs	3.0
5601.835640263214	0.043039999999564316	epochs	3.0
5601.878680263214	0.08471999999983382	epochs	2.0
5601.878680263214	0.042559999999866704	epochs	3.0
5601.921240263214	0.04215999999996711	epochs	3.0
5601.963400263214	0.08320000000003347	epochs	2.0
5601.963400263214	0.04176000000006752	epochs	3.0
5602.005160263214	0.04143999999996595	epochs	3.0
5602.046600263214	0.08152000000063708	epochs	2.0
5602.046600263214	0.04096000000026834	epochs	3.0
5602.087560263214	0.040560000000368746	epochs	3.0
5602.128120263214	0.08007999999972526	epochs	2.0
5602.128120263214	0.04023999999935768	epochs	3.0
5602.168360263214	0.03984000000036758	epochs	3.0
5602.208200263214	0.07863999999972293	epochs	2.0
5602.208200263214	0.03952000000026601	epochs	3.0
5602.247720263214	0.03911999999945692	epochs	3.0
5602.286840263214	0.0772000000006301	epochs	2.0
5602.286840263214	0.038800000000264845	epochs	3.0
5602.325640263214	0.03840000000036525	epochs	3.0
5602.3640402632145	0.07591999999931431	epochs	2.0
5602.3640402632145	0.038159999999152205	epochs	3.0
5602.402200263214	0.03776000000016211	epochs	3.0
5602.439960263214	0.0745600000000195	epochs	2.0
5602.439960263214	0.037440000000060536	epochs	3.0
5602.477400263214	0.037119999999958964	epochs	3.0
5602.514520263214	0.07336000000032072	epochs	2.0
5602.514520263214	0.03679999999985739	epochs	3.0
5602.551320263214	0.03656000000046333	epochs	3.0
5602.587880263214	0.07207999999991443	epochs	2.0
5602.587880263214	0.036159999999654246	epochs	3.0
5602.624040263214	0.03592000000026019	epochs	3.0
5602.659960263214	0.07088000000021566	epochs	2.0
5602.659960263214	0.035600000000158616	epochs	3.0
5602.695560263214	0.035280000000057044	epochs	3.0
5602.730840263214	0.06984000000011292	epochs	2.0
5602.730840263214	0.03503999999975349	epochs	3.0
5602.765880263214	0.03480000000035943	epochs	3.0
5602.800680263214	0.06863999999950465	epochs	2.0
5602.800680263214	0.034479999999348365	epochs	3.0
5602.835160263214	0.03416000000015629	epochs	3.0
5602.869320263214	0.06760000000031141	epochs	2.0
5602.869320263214	0.033919999999852735	epochs	3.0
5602.903240263214	0.033680000000458676	epochs	3.0
5602.936920263214	0.06656000000020867	epochs	2.0
5602.936920263214	0.03344000000015512	epochs	3.0
5602.970360263214	0.03312000000005355	epochs	3.0
5603.003480263214	0.06559999999990396	epochs	2.0
5603.003480263214	0.03295999999954802	epochs	3.0
5603.036440263214	0.03264000000035594	epochs	3.0
5603.069080263214	0.06455999999980122	epochs	2.0
5603.069080263214	0.03240000000005239	epochs	3.0
5603.101480263214	0.032159999999748834	epochs	3.0
5603.133640263214	0.06368000000020402	epochs	2.0
5603.133640263214	0.032000000000152795	epochs	3.0
5603.165640263214	0.03168000000005122	epochs	3.0
5603.197320263214	0.0627199999998993	epochs	2.0
5603.197320263214	0.03143999999974767	epochs	3.0
5603.228760263214	0.03128000000015163	epochs	3.0
5603.260040263214	0.0618400000003021	epochs	2.0
5603.260040263214	0.031039999999848078	epochs	3.0
5603.291080263214	0.03080000000045402	epochs	3.0
5603.321880263215	0.0609599999997954	epochs	2.0
5603.321880263215	0.030559999999240972	epochs	3.0
5603.352440263214	0.030400000000554428	epochs	3.0
5603.382840263214	0.060159999999996217	epochs	2.0
5603.382840263214	0.03015999999934138	epochs	3.0
5603.413000263214	0.030000000000654836	epochs	3.0
5603.443000263214	0.05927999999948952	epochs	2.0
5603.443000263214	0.02967999999964377	epochs	3.0
5603.472680263214	0.02959999999984575	epochs	3.0
5603.502280263214	0.05848000000059983	epochs	2.0
5603.502280263214	0.02936000000045169	epochs	3.0
5603.531640263214	0.02912000000014814	epochs	3.0
5603.560760263214	0.05775999999968917	epochs	2.0
5603.560760263214	0.028959999999642605	epochs	3.0
5603.589720263214	0.028800000000046566	epochs	3.0
5603.618520263214	0.05695999999988999	epochs	2.0
5603.618520263214	0.028559999999743013	epochs	3.0
5603.647080263214	0.028400000000146974	epochs	3.0
5603.675480263214	0.05623999999988882	epochs	2.0
5603.675480263214	0.02815999999984342	epochs	3.0
5603.703640263214	0.028080000000045402	epochs	3.0
5603.731720263214	0.05544000000008964	epochs	2.0
5603.731720263214	0.027840000000651344	epochs	3.0
5603.759560263215	0.027599999999438296	epochs	3.0
5603.787160263214	0.054879999999684514	epochs	2.0
5603.787160263214	0.02752000000054977	epochs	3.0
5603.8146802632145	0.027359999999134743	epochs	3.0
5603.842040263214	0.054080000000794826	epochs	2.0
5603.842040263214	0.02712000000065018	epochs	3.0
5603.869160263214	0.026960000000144646	epochs	3.0
5603.8961202632145	0.053439999999682186	epochs	2.0
5603.8961202632145	0.026799999999639113	epochs	3.0
5603.922920263214	0.026640000000043074	epochs	3.0
5603.949560263214	0.052880000000186556	epochs	2.0
5603.949560263214	0.02647999999953754	epochs	3.0
5603.976040263214	0.026400000000649015	epochs	3.0
5604.002440263214	0.05216000000018539	epochs	2.0
5604.002440263214	0.026159999999435968	epochs	3.0
5604.028600263214	0.026000000000749424	epochs	3.0
5604.0546002632145	0.05151999999998225	epochs	2.0
5604.0546002632145	0.025839999999334395	epochs	3.0
5604.080440263214	0.02568000000064785	epochs	3.0
5604.1061202632145	0.05095999999957712	epochs	2.0
5604.1061202632145	0.025599999999940337	epochs	3.0
5604.131720263214	0.025359999999636784	epochs	3.0
5604.157080263214	0.05040000000008149	epochs	2.0
5604.157080263214	0.025279999999838765	epochs	3.0
5604.182360263214	0.025120000000242726	epochs	3.0
5604.207480263214	0.049759999999878346	epochs	2.0
5604.207480263214	0.024959999999737192	epochs	3.0
5604.232440263214	0.024800000000141154	epochs	3.0
5604.257240263214	0.049200000000382715	epochs	2.0
5604.257240263214	0.02463999999963562	epochs	3.0
5604.281880263214	0.024560000000747095	epochs	3.0
5604.306440263214	0.04871999999977561	epochs	2.0
5604.306440263214	0.024399999999332067	epochs	3.0
5604.330840263214	0.024320000000443542	epochs	3.0
5604.355160263214	0.048079999999572465	epochs	2.0
5604.355160263214	0.02408000000013999	epochs	3.0
5604.379240263214	0.023999999999432475	epochs	3.0
5604.403240263214	0.04760000000078435	epochs	2.0
5604.403240263214	0.02384000000074593	epochs	3.0
5604.4270802632145	0.023760000000038417	epochs	3.0
5604.450840263215	0.04711999999926775	epochs	2.0
5604.450840263215	0.023599999999532884	epochs	3.0
5604.474440263214	0.023519999999734864	epochs	3.0
5604.497960263214	0.04656000000068161	epochs	2.0
5604.497960263214	0.023360000000138825	epochs	3.0
5604.521320263214	0.023200000000542786	epochs	3.0
5604.5445202632145	0.04607999999916501	epochs	2.0
5604.5445202632145	0.023119999999835272	epochs	3.0
5604.567640263214	0.02295999999932974	epochs	3.0
5604.590600263214	0.045600000000376895	epochs	2.0
5604.590600263214	0.022880000000441214	epochs	3.0
5604.613480263214	0.02271999999993568	epochs	3.0
5604.636200263214	0.04511999999976979	epochs	2.0
5604.636200263214	0.02264000000013766	epochs	3.0
5604.658840263214	0.022479999999632128	epochs	3.0
5604.681320263214	0.04464000000007218	epochs	2.0
5604.681320263214	0.022400000000743603	epochs	3.0
5604.703720263215	0.022239999999328575	epochs	3.0
5604.725960263214	0.044240000000172586	epochs	2.0
5604.725960263214	0.02216000000044005	epochs	3.0
5604.748120263214	0.022079999999732536	epochs	3.0
5604.770200263214	0.043760000000474975	epochs	2.0
5604.770200263214	0.021920000000136497	epochs	3.0
5604.792120263214	0.021840000000338478	epochs	3.0
5604.8139602632145	0.04335999999966589	epochs	2.0
5604.8139602632145	0.021759999999630963	epochs	3.0
5604.835720263214	0.021600000000034925	epochs	3.0
5604.857320263214	0.04287999999996828	epochs	2.0
5604.857320263214	0.02143999999952939	epochs	3.0
5604.878760263214	0.021440000000438886	epochs	3.0
5604.900200263214	0.042480000000068685	epochs	2.0
5604.900200263214	0.021279999999933352	epochs	3.0
5604.921480263214	0.021200000000135333	epochs	3.0
5604.942680263214	0.04208000000016909	epochs	2.0
5604.942680263214	0.0210399999996298	epochs	3.0
5604.963720263214	0.021040000000539294	epochs	3.0
5604.984760263214	0.04167999999936001	epochs	2.0
5604.984760263214	0.02088000000003376	epochs	3.0
5605.005640263214	0.020799999999326246	epochs	3.0
5605.026440263214	0.04120000000057189	epochs	2.0
5605.026440263214	0.020640000000639702	epochs	3.0
5605.047080263214	0.020559999999932188	epochs	3.0
5605.067640263214	0.04087999999956082	epochs	2.0
5605.067640263214	0.020559999999932188	epochs	3.0
5605.088200263214	0.020319999999628635	epochs	3.0
5605.108520263214	0.040560000000368746	epochs	2.0
5605.108520263214	0.02032000000053813	epochs	3.0
5605.128840263214	0.020239999999830616	epochs	3.0
5605.149080263214	0.04007999999976164	epochs	2.0
5605.149080263214	0.020080000000234577	epochs	3.0
5605.1691602632145	0.019999999999527063	epochs	3.0
5605.189160263214	0.03975999999966007	epochs	2.0
5605.189160263214	0.019919999999729043	epochs	3.0
5605.209080263214	0.019839999999931024	epochs	3.0
5605.228920263214	0.03944000000046799	epochs	2.0
5605.228920263214	0.019760000000133005	epochs	3.0
5605.248680263214	0.019680000000334985	epochs	3.0
5605.268360263214	0.0390399999996589	epochs	2.0
5605.268360263214	0.01951999999982945	epochs	3.0
5605.287880263214	0.01951999999982945	epochs	3.0
5605.307400263214	0.038640000000668806	epochs	2.0
5605.307400263214	0.019360000000233413	epochs	3.0
5605.326760263214	0.019280000000435393	epochs	3.0
5605.3460402632145	0.03839999999945576	epochs	2.0
5605.3460402632145	0.0192799999995259	epochs	3.0
5605.365320263214	0.01911999999992986	epochs	3.0
5605.384440263214	0.03800000000046566	epochs	2.0
5605.384440263214	0.01904000000013184	epochs	3.0
5605.403480263214	0.01896000000033382	epochs	3.0
5605.422440263214	0.037679999999454594	epochs	2.0
5605.422440263214	0.018879999999626307	epochs	3.0
5605.441320263214	0.018799999999828287	epochs	3.0
5605.460120263214	0.03736000000026252	epochs	2.0
5605.460120263214	0.018720000000030268	epochs	3.0
5605.478840263214	0.01864000000023225	epochs	3.0
5605.497480263214	0.037040000000160944	epochs	2.0
5605.497480263214	0.01856000000043423	epochs	3.0
5605.516040263215	0.018479999999726715	epochs	3.0
5605.534520263214	0.03672000000005937	epochs	2.0
5605.534520263214	0.018399999999928696	epochs	3.0
5605.552920263214	0.018320000000130676	epochs	3.0
5605.571240263214	0.03647999999975582	epochs	2.0
5605.571240263214	0.018239999999423162	epochs	3.0
5605.589480263214	0.018240000000332657	epochs	3.0
5605.607720263214	0.03607999999985623	epochs	2.0
5605.607720263214	0.018079999999827123	epochs	3.0
5605.625800263214	0.018000000000029104	epochs	3.0
5605.643800263214	0.03584000000046217	epochs	2.0
5605.643800263214	0.017920000000231084	epochs	3.0
5605.661720263214	0.017920000000231084	epochs	3.0
5605.679640263214	0.0355199999994511	epochs	2.0
5605.679640263214	0.01775999999972555	epochs	3.0
5605.697400263214	0.01775999999972555	epochs	3.0
5605.715160263214	0.035200000000259024	epochs	2.0
5605.715160263214	0.01767999999992753	epochs	3.0
5605.732840263214	0.017520000000331493	epochs	3.0
5605.750360263214	0.03495999999995547	epochs	2.0
5605.750360263214	0.017520000000331493	epochs	3.0
5605.7678802632145	0.01743999999962398	epochs	3.0
5605.785320263214	0.03471999999965192	epochs	2.0
5605.785320263214	0.01743999999962398	epochs	3.0
5605.802760263214	0.01728000000002794	epochs	3.0
5605.820040263214	0.03440000000045984	epochs	2.0
5605.820040263214	0.01720000000022992	epochs	3.0
5605.837240263214	0.01720000000022992	epochs	3.0
5605.854440263214	0.03416000000015629	epochs	2.0
5605.854440263214	0.017119999999522406	epochs	3.0
5605.871560263214	0.01704000000063388	epochs	3.0
5605.888600263214	0.033840000000054715	epochs	2.0
5605.888600263214	0.016959999999926367	epochs	3.0
5605.905560263214	0.016880000000128348	epochs	3.0
5605.922440263214	0.03359999999975116	epochs	2.0
5605.922440263214	0.016799999999420834	epochs	3.0
5605.939240263214	0.01680000000033033	epochs	3.0
5605.956040263214	0.033360000000357104	epochs	2.0
5605.956040263214	0.016719999999622814	epochs	3.0
5605.972760263214	0.01664000000073429	epochs	3.0
5605.9894002632145	0.033119999999144056	epochs	2.0
5605.9894002632145	0.016560000000026776	epochs	3.0
5606.005960263215	0.01655999999911728	epochs	3.0
5606.022520263214	0.03280000000086147	epochs	2.0
5606.022520263214	0.016400000000430737	epochs	3.0
5606.038920263214	0.016400000000430737	epochs	3.0
5606.0553202632145	0.032559999999648426	epochs	2.0
5606.0553202632145	0.016319999999723223	epochs	3.0
5606.071640263214	0.016239999999925203	epochs	3.0
5606.087880263214	0.03240000000005239	epochs	2.0
5606.087880263214	0.016239999999925203	epochs	3.0
5606.104120263214	0.016160000000127184	epochs	3.0
5606.120280263214	0.032079999999950815	epochs	2.0
5606.120280263214	0.016080000000329164	epochs	3.0
5606.136360263215	0.01599999999962165	epochs	3.0
5606.152360263214	0.031920000000354776	epochs	2.0
5606.152360263214	0.01599999999962165	epochs	3.0
5606.168360263214	0.015920000000733125	epochs	3.0
5606.1842802632145	0.03159999999934371	epochs	2.0
5606.1842802632145	0.01584000000002561	epochs	3.0
5606.200120263215	0.015759999999318097	epochs	3.0
5606.215880263214	0.031440000000657164	epochs	2.0
5606.215880263214	0.015760000000227592	epochs	3.0
5606.231640263214	0.015680000000429573	epochs	3.0
5606.2473202632145	0.031199999999444117	epochs	2.0
5606.2473202632145	0.015599999999722058	epochs	3.0
5606.262920263214	0.015599999999722058	epochs	3.0
5606.278520263214	0.03096000000005006	epochs	2.0
5606.278520263214	0.015519999999924039	epochs	3.0
5606.294040263214	0.01544000000012602	epochs	3.0
5606.309480263214	0.030719999999746506	epochs	2.0
5606.309480263214	0.01544000000012602	epochs	3.0
5606.324920263214	0.015279999999620486	epochs	3.0
5606.340200263214	0.030560000000150467	epochs	2.0
5606.340200263214	0.015360000000328	epochs	3.0
5606.355560263214	0.015199999999822467	epochs	3.0
5606.370760263214	0.030319999999846914	epochs	2.0
5606.370760263214	0.015199999999822467	epochs	3.0
5606.385960263214	0.015120000000024447	epochs	3.0
5606.401080263214	0.030080000000452856	epochs	2.0
5606.401080263214	0.015120000000024447	epochs	3.0
5606.416200263214	0.014960000000428408	epochs	3.0
5606.431160263214	0.029919999999947322	epochs	2.0
5606.431160263214	0.015040000000226428	epochs	3.0
5606.446200263214	0.014879999999720894	epochs	3.0
5606.461080263214	0.02967999999964377	epochs	2.0
5606.461080263214	0.014879999999720894	epochs	3.0
5606.475960263214	0.014799999999922875	epochs	3.0
5606.490760263214	0.02952000000004773	epochs	2.0
5606.490760263214	0.014799999999922875	epochs	3.0
5606.505560263214	0.014720000000124855	epochs	3.0
5606.520280263214	0.029280000000653672	epochs	2.0
5606.520280263214	0.014720000000124855	epochs	3.0
5606.535000263214	0.014560000000528817	epochs	3.0
5606.5495602632145	0.029119999999238644	epochs	2.0
5606.5495602632145	0.014639999999417341	epochs	3.0
5606.564200263214	0.014479999999821302	epochs	3.0
5606.578680263214	0.0289600000005521	epochs	2.0
5606.578680263214	0.014480000000730797	epochs	3.0
5606.5931602632145	0.014479999999821302	epochs	3.0
5606.607640263214	0.028639999999541033	epochs	2.0
5606.607640263214	0.014320000000225264	epochs	3.0
5606.6219602632145	0.014319999999315769	epochs	3.0
5606.636280263214	0.028560000000652508	epochs	2.0
5606.636280263214	0.014320000000225264	epochs	3.0
5606.650600263214	0.014240000000427244	epochs	3.0
5606.6648402632145	0.02831999999943946	epochs	2.0
5606.6648402632145	0.01415999999971973	epochs	3.0
5606.679000263214	0.01415999999971973	epochs	3.0
5606.693160263214	0.02815999999984342	epochs	2.0
5606.693160263214	0.01415999999971973	epochs	3.0
5606.707320263214	0.014000000000123691	epochs	3.0
5606.721320263214	0.028000000000247383	epochs	2.0
5606.721320263214	0.014000000000123691	epochs	3.0
5606.735320263214	0.014000000000123691	epochs	3.0
5606.749320263214	0.02775999999994383	epochs	2.0
5606.749320263214	0.013920000000325672	epochs	3.0
5606.763240263214	0.013839999999618158	epochs	3.0
5606.777080263214	0.02768000000014581	epochs	2.0
5606.777080263214	0.013840000000527652	epochs	3.0
5606.7909202632145	0.013839999999618158	epochs	3.0
5606.804760263214	0.027439999999842257	epochs	2.0
5606.804760263214	0.013759999999820138	epochs	3.0
5606.818520263214	0.013680000000022119	epochs	3.0
5606.832200263214	0.02728000000024622	epochs	2.0
5606.832200263214	0.013680000000022119	epochs	3.0
5606.845880263214	0.0136000000002241	epochs	3.0
5606.859480263214	0.027119999999740685	epochs	2.0
5606.859480263214	0.013519999999516585	epochs	3.0
5606.873000263214	0.0136000000002241	epochs	3.0
5606.886600263214	0.026880000000346627	epochs	2.0
5606.886600263214	0.013439999999718566	epochs	3.0
5606.900040263214	0.01344000000062806	epochs	3.0
5606.913480263214	0.026799999999639113	epochs	2.0
5606.913480263214	0.013439999999718566	epochs	3.0
5606.926920263214	0.013359999999920547	epochs	3.0
5606.940280263214	0.026560000000245054	epochs	2.0
5606.940280263214	0.013280000000122527	epochs	3.0
5606.953560263214	0.013280000000122527	epochs	3.0
5606.966840263214	0.02647999999953754	epochs	2.0
5606.966840263214	0.013280000000122527	epochs	3.0
5606.980120263214	0.013199999999415013	epochs	3.0
5606.993320263214	0.026240000000143482	epochs	2.0
5606.993320263214	0.013120000000526488	epochs	3.0
5607.006440263214	0.013119999999616994	epochs	3.0
5607.019560263214	0.026160000000345462	epochs	2.0
5607.019560263214	0.013120000000526488	epochs	3.0
5607.032680263214	0.013039999999818974	epochs	3.0
5607.045720263214	0.02599999999983993	epochs	2.0
5607.045720263214	0.013039999999818974	epochs	3.0
5607.058760263214	0.012960000000020955	epochs	3.0
5607.071720263214	0.02576000000044587	epochs	2.0
5607.071720263214	0.012880000000222935	epochs	3.0
5607.084600263214	0.012880000000222935	epochs	3.0
5607.0974802632145	0.025679999999738357	epochs	2.0
5607.0974802632145	0.01287999999931344	epochs	3.0
5607.110360263214	0.012800000000424916	epochs	3.0
5607.123160263214	0.025520000000142318	epochs	2.0
5607.123160263214	0.012799999999515421	epochs	3.0
5607.135960263214	0.012720000000626897	epochs	3.0
5607.148680263214	0.025359999999636784	epochs	2.0
5607.148680263214	0.012719999999717402	epochs	3.0
5607.161400263214	0.012639999999919382	epochs	3.0
5607.174040263214	0.025200000000040745	epochs	2.0
5607.174040263214	0.012639999999919382	epochs	3.0
5607.186680263214	0.012560000000121363	epochs	3.0
5607.199240263214	0.0245599999998376	epochs	2.0
5607.223185463214	0.5	epochs	-1.0
5607.223800263214	0.5045600000003105	epochs	1.0
5607.728360263214	0.49535999999989144	epochs	0.0
5611.773000240326	0.17479999999977736	epochs	0.0
5611.773000240326	0.08240000000023429	epochs	1.0
5611.855400240326	0.010080000000016298	epochs	1.0
5611.865480240326	0.08231999999952677	epochs	1.0
5611.947800240326	2.0	epochs	0.0
5613.947800240326	21.54511999999977	epochs	0.0
5613.947800240326	1.0	epochs	1.0
5613.947825440326	0.5	epochs	-1.0
5614.447825440326	19.999359999999797	epochs	-1.0
5614.947800240326	20.0	epochs	1.0
5614.947800240326	7.999999979801942e-05	epochs	2.0
5614.9478802403255	4.356720000000678	epochs	-1.0
5614.9478802403255	1.9745600000005652	epochs	2.0
5614.9478802403255	1.0985600000003615	epochs	3.0
5616.046440240326	0.8760000000002037	epochs	3.0
5616.922440240326	1.3523999999997613	epochs	2.0
5616.922440240326	0.7286400000002686	epochs	3.0
5617.651080240326	0.6237599999994927	epochs	3.0
5618.274840240326	1.0297600000003513	epochs	2.0
5618.274840240326	0.5453600000000733	epochs	3.0
5618.820200240326	0.48440000000027794	epochs	3.0
5619.304600240326	0.8317600000000311	epochs	2.0
5619.304600240326	0.43575999999939086	epochs	3.0
5619.740360240326	0.3960000000006403	epochs	3.0
5620.136360240326	0.6978399999998146	epochs	2.0
5620.136360240326	0.36287999999967724	epochs	3.0
5620.499240240326	0.33496000000013737	epochs	3.0
5620.834200240326	0.601039999999557	epochs	2.0
5620.834200240326	0.3108799999999974	epochs	3.0
5621.145080240326	0.29015999999955966	epochs	3.0
5621.435240240326	0.5278400000006513	epochs	2.0
5621.435240240326	0.2719200000001365	epochs	3.0
5621.707160240326	0.25592000000051485	epochs	3.0
5621.963080240326	0.4706399999995483	epochs	2.0
5621.963080240326	0.2416800000000876	epochs	3.0
5622.204760240326	0.2289599999994607	epochs	3.0
5622.433720240326	0.4245600000003833	epochs	2.0
5622.433720240326	0.21744000000035157	epochs	3.0
5622.651160240326	0.20712000000003172	epochs	3.0
5622.858280240326	0.3867199999995137	epochs	2.0
5622.858280240326	0.19767999999930908	epochs	3.0
5623.0559602403255	0.1890400000002046	epochs	3.0
5623.245000240326	0.35512000000016997	epochs	2.0
5623.245000240326	0.1811999999999898	epochs	3.0
5623.426200240326	0.17392000000018015	epochs	3.0
5623.600120240326	0.32823999999982334	epochs	2.0
5623.600120240326	0.16719999999986612	epochs	3.0
5623.767320240326	0.16103999999995722	epochs	3.0
5623.928360240326	0.3052000000006956	epochs	2.0
5623.928360240326	0.1552799999999479	epochs	3.0
5624.083640240326	0.14992000000074768	epochs	3.0
5624.233560240326	0.2851199999995515	epochs	2.0
5624.233560240326	0.14487999999983003	epochs	3.0
5624.378440240326	0.14023999999972148	epochs	3.0
5624.518680240326	0.2675200000003315	epochs	2.0
5624.518680240326	0.13583999999991647	epochs	3.0
5624.654520240326	0.13168000000041502	epochs	3.0
5624.786200240326	0.252079999999296	epochs	2.0
5624.786200240326	0.12784000000010565	epochs	3.0
5624.914040240326	0.12423999999919033	epochs	3.0
5625.038280240326	0.2381600000007893	epochs	2.0
5625.038280240326	0.12072000000080152	epochs	3.0
5625.159000240326	0.11743999999998778	epochs	3.0
5625.276440240326	0.2258399999991525	epochs	2.0
5625.276440240326	0.11439999999947759	epochs	3.0
5625.390840240326	0.11143999999967491	epochs	3.0
5625.5022802403255	0.21464000000014494	epochs	2.0
5625.5022802403255	0.10864000000037777	epochs	3.0
5625.610920240326	0.10599999999976717	epochs	3.0
5625.716920240326	0.20448000000033062	epochs	2.0
5625.716920240326	0.10343999999986409	epochs	3.0
5625.8203602403255	0.10104000000046653	epochs	3.0
5625.921400240326	0.19535999999970954	epochs	2.0
5625.921400240326	0.09879999999975553	epochs	3.0
5626.020200240326	0.09655999999995402	epochs	3.0
5626.116760240326	0.18695999999999913	epochs	2.0
5626.116760240326	0.09448000000065804	epochs	3.0
5626.211240240326	0.09247999999934109	epochs	3.0
5626.303720240326	0.17920000000049185	epochs	2.0
5626.303720240326	0.09047999999984313	epochs	3.0
5626.3942002403255	0.08872000000064872	epochs	3.0
5626.482920240326	0.17207999999936874	epochs	2.0
5626.482920240326	0.08687999999983731	epochs	3.0
5626.569800240326	0.08519999999953143	epochs	3.0
5626.6550002403255	0.16552000000046974	epochs	2.0
5626.6550002403255	0.08360000000084256	epochs	3.0
5626.738600240326	0.08191999999962718	epochs	3.0
5626.820520240326	0.15952000000015687	epochs	2.0
5626.820520240326	0.08047999999962485	epochs	3.0
5626.901000240326	0.07904000000053202	epochs	3.0
5626.980040240326	0.15376000000014756	epochs	2.0
5626.980040240326	0.0775999999996202	epochs	3.0
5627.057640240326	0.07616000000052736	epochs	3.0
5627.133800240326	0.14855999999963387	epochs	2.0
5627.133800240326	0.07495999999991909	epochs	3.0
5627.208760240326	0.07359999999971478	epochs	3.0
5627.282360240326	0.14368000000013126	epochs	2.0
5627.282360240326	0.07247999999981403	epochs	3.0
5627.354840240326	0.07120000000031723	epochs	3.0
5627.426040240326	0.1390400000000227	epochs	2.0
5627.426040240326	0.07007999999950698	epochs	3.0
5627.496120240326	0.06896000000051572	epochs	3.0
5627.565080240326	0.13472000000001572	epochs	2.0
5627.565080240326	0.06791999999950349	epochs	3.0
5627.633000240326	0.06680000000051223	epochs	3.0
5627.699800240326	0.1307200000001103	epochs	2.0
5627.699800240326	0.06584000000020751	epochs	3.0
5627.765640240326	0.0648799999999028	epochs	3.0
5627.830520240326	0.1268000000000029	epochs	2.0
5627.830520240326	0.06383999999980006	epochs	3.0
5627.894360240326	0.06296000000020285	epochs	3.0
5627.957320240326	0.12327999999979511	epochs	2.0
5627.957320240326	0.062079999999696156	epochs	3.0
5628.019400240326	0.06120000000009895	epochs	3.0
5628.080600240326	0.11984000000029482	epochs	2.0
5628.080600240326	0.060319999999592255	epochs	3.0
5628.140920240326	0.059520000000702566	epochs	3.0
5628.200440240326	0.1166399999992791	epochs	2.0
5628.200440240326	0.05871999999999389	epochs	3.0
5628.259160240326	0.05791999999928521	epochs	3.0
5628.317080240326	0.1136000000005879	epochs	2.0
5628.317080240326	0.05720000000019354	epochs	3.0
5628.374280240326	0.05640000000039436	epochs	3.0
5628.430680240326	0.11071999999967375	epochs	2.0
5628.430680240326	0.0556799999994837	epochs	3.0
5628.486360240326	0.05504000000019005	epochs	3.0
5628.541400240326	0.1079200000003766	epochs	2.0
5628.541400240326	0.054240000000390864	epochs	3.0
5628.595640240326	0.05367999999998574	epochs	3.0
5628.649320240326	0.105279999999766	epochs	2.0
5628.649320240326	0.052959999999984575	epochs	3.0
5628.702280240326	0.05231999999978143	epochs	3.0
5628.754600240326	0.10288000000036845	epochs	2.0
5628.754600240326	0.0517600000002858	epochs	3.0
5628.806360240326	0.051120000000082655	epochs	3.0
5628.857480240326	0.1003999999993539	epochs	2.0
5628.857480240326	0.05047999999987951	epochs	3.0
5628.907960240326	0.049919999999474385	epochs	3.0
5628.957880240326	0.0982400000002599	epochs	2.0
5628.957880240326	0.049359999999978754	epochs	3.0
5629.007240240326	0.04888000000028114	epochs	3.0
5629.056120240326	0.09599999999954889	epochs	2.0
5629.056120240326	0.048240000000078	epochs	3.0
5629.104360240326	0.04775999999947089	epochs	3.0
5629.1521202403255	0.09392000000025291	epochs	2.0
5629.1521202403255	0.04719999999997526	epochs	3.0
5629.1993202403255	0.04672000000027765	epochs	3.0
5629.246040240326	0.09191999999984546	epochs	2.0
5629.246040240326	0.046159999999872525	epochs	3.0
5629.292200240326	0.04575999999997293	epochs	3.0
5629.337960240326	0.09007999999994354	epochs	2.0
5629.337960240326	0.04528000000027532	epochs	3.0
5629.383240240326	0.044799999999668216	epochs	3.0
5629.428040240326	0.0881600000002436	epochs	2.0
5629.428040240326	0.044319999999970605	epochs	3.0
5629.4723602403255	0.043840000000272994	epochs	3.0
5629.516200240326	0.08647999999993772	epochs	2.0
5629.516200240326	0.0434400000003734	epochs	3.0
5629.559640240326	0.043039999999564316	epochs	3.0
5629.602680240326	0.08471999999983382	epochs	2.0
5629.602680240326	0.042559999999866704	epochs	3.0
5629.645240240326	0.04215999999996711	epochs	3.0
5629.687400240326	0.08320000000003347	epochs	2.0
5629.687400240326	0.04176000000006752	epochs	3.0
5629.729160240326	0.04143999999996595	epochs	3.0
5629.770600240326	0.08152000000063708	epochs	2.0
5629.770600240326	0.04096000000026834	epochs	3.0
5629.811560240326	0.040560000000368746	epochs	3.0
5629.852120240326	0.08007999999972526	epochs	2.0
5629.852120240326	0.04023999999935768	epochs	3.0
5629.892360240326	0.03984000000036758	epochs	3.0
5629.932200240326	0.07863999999972293	epochs	2.0
5629.932200240326	0.03952000000026601	epochs	3.0
5629.971720240326	0.03911999999945692	epochs	3.0
5630.010840240326	0.0772000000006301	epochs	2.0
5630.010840240326	0.038800000000264845	epochs	3.0
5630.049640240326	0.03840000000036525	epochs	3.0
5630.088040240326	0.07591999999931431	epochs	2.0
5630.088040240326	0.038159999999152205	epochs	3.0
5630.1262002403255	0.03776000000016211	epochs	3.0
5630.163960240326	0.0745600000000195	epochs	2.0
5630.163960240326	0.037440000000060536	epochs	3.0
5630.201400240326	0.037119999999958964	epochs	3.0
5630.238520240326	0.07336000000032072	epochs	2.0
5630.238520240326	0.03679999999985739	epochs	3.0
5630.2753202403255	0.03656000000046333	epochs	3.0
5630.311880240326	0.07207999999991443	epochs	2.0
5630.311880240326	0.036159999999654246	epochs	3.0
5630.348040240326	0.03592000000026019	epochs	3.0
5630.383960240326	0.07088000000021566	epochs	2.0
5630.383960240326	0.035600000000158616	epochs	3.0
5630.419560240326	0.035280000000057044	epochs	3.0
5630.454840240326	0.06984000000011292	epochs	2.0
5630.454840240326	0.03503999999975349	epochs	3.0
5630.489880240326	0.03480000000035943	epochs	3.0
5630.524680240326	0.06863999999950465	epochs	2.0
5630.524680240326	0.034479999999348365	epochs	3.0
5630.559160240326	0.03416000000015629	epochs	3.0
5630.593320240326	0.06760000000031141	epochs	2.0
5630.593320240326	0.033919999999852735	epochs	3.0
5630.627240240326	0.033680000000458676	epochs	3.0
5630.660920240326	0.06656000000020867	epochs	2.0
5630.660920240326	0.03344000000015512	epochs	3.0
5630.694360240326	0.03312000000005355	epochs	3.0
5630.727480240326	0.06559999999990396	epochs	2.0
5630.727480240326	0.03295999999954802	epochs	3.0
5630.760440240326	0.03264000000035594	epochs	3.0
5630.793080240326	0.06455999999980122	epochs	2.0
5630.793080240326	0.03240000000005239	epochs	3.0
5630.825480240326	0.032159999999748834	epochs	3.0
5630.857640240326	0.06368000000020402	epochs	2.0
5630.857640240326	0.032000000000152795	epochs	3.0
5630.889640240326	0.03168000000005122	epochs	3.0
5630.921320240326	0.0627199999998993	epochs	2.0
5630.921320240326	0.03143999999974767	epochs	3.0
5630.952760240326	0.03128000000015163	epochs	3.0
5630.984040240326	0.0618400000003021	epochs	2.0
5630.984040240326	0.031039999999848078	epochs	3.0
5631.015080240326	0.03080000000045402	epochs	3.0
5631.045880240326	0.0609599999997954	epochs	2.0
5631.045880240326	0.030559999999240972	epochs	3.0
5631.076440240326	0.030400000000554428	epochs	3.0
5631.106840240326	0.060159999999996217	epochs	2.0
5631.106840240326	0.03015999999934138	epochs	3.0
5631.1370002403255	0.030000000000654836	epochs	3.0
5631.167000240326	0.05927999999948952	epochs	2.0
5631.167000240326	0.02967999999964377	epochs	3.0
5631.196680240326	0.02959999999984575	epochs	3.0
5631.226280240326	0.05848000000059983	epochs	2.0
5631.226280240326	0.02936000000045169	epochs	3.0
5631.255640240326	0.02912000000014814	epochs	3.0
5631.284760240326	0.05775999999968917	epochs	2.0
5631.284760240326	0.028959999999642605	epochs	3.0
5631.313720240326	0.028800000000046566	epochs	3.0
5631.342520240326	0.05695999999988999	epochs	2.0
5631.342520240326	0.028559999999743013	epochs	3.0
5631.371080240326	0.028400000000146974	epochs	3.0
5631.399480240326	0.05623999999988882	epochs	2.0
5631.399480240326	0.02815999999984342	epochs	3.0
5631.427640240326	0.028080000000045402	epochs	3.0
5631.455720240326	0.05544000000008964	epochs	2.0
5631.455720240326	0.027840000000651344	epochs	3.0
5631.483560240326	0.027599999999438296	epochs	3.0
5631.511160240326	0.054879999999684514	epochs	2.0
5631.511160240326	0.02752000000054977	epochs	3.0
5631.538680240326	0.027359999999134743	epochs	3.0
5631.5660402403255	0.054080000000794826	epochs	2.0
5631.5660402403255	0.02712000000065018	epochs	3.0
5631.593160240326	0.026960000000144646	epochs	3.0
5631.620120240326	0.053439999999682186	epochs	2.0
5631.620120240326	0.026799999999639113	epochs	3.0
5631.646920240326	0.026640000000043074	epochs	3.0
5631.673560240326	0.052880000000186556	epochs	2.0
5631.673560240326	0.02647999999953754	epochs	3.0
5631.7000402403255	0.026400000000649015	epochs	3.0
5631.726440240326	0.05216000000018539	epochs	2.0
5631.726440240326	0.026159999999435968	epochs	3.0
5631.752600240326	0.026000000000749424	epochs	3.0
5631.778600240326	0.05151999999998225	epochs	2.0
5631.778600240326	0.025839999999334395	epochs	3.0
5631.804440240326	0.02568000000064785	epochs	3.0
5631.830120240326	0.05095999999957712	epochs	2.0
5631.830120240326	0.025599999999940337	epochs	3.0
5631.855720240326	0.025359999999636784	epochs	3.0
5631.881080240326	0.05040000000008149	epochs	2.0
5631.881080240326	0.025279999999838765	epochs	3.0
5631.906360240326	0.025120000000242726	epochs	3.0
5631.931480240326	0.049759999999878346	epochs	2.0
5631.931480240326	0.024959999999737192	epochs	3.0
5631.956440240326	0.024800000000141154	epochs	3.0
5631.981240240326	0.049200000000382715	epochs	2.0
5631.981240240326	0.02463999999963562	epochs	3.0
5632.0058802403255	0.024560000000747095	epochs	3.0
5632.030440240326	0.04871999999977561	epochs	2.0
5632.030440240326	0.024399999999332067	epochs	3.0
5632.054840240326	0.024320000000443542	epochs	3.0
5632.079160240326	0.048079999999572465	epochs	2.0
5632.079160240326	0.02408000000013999	epochs	3.0
5632.103240240326	0.023999999999432475	epochs	3.0
5632.127240240326	0.04760000000078435	epochs	2.0
5632.127240240326	0.02384000000074593	epochs	3.0
5632.151080240326	0.023760000000038417	epochs	3.0
5632.174840240326	0.04711999999926775	epochs	2.0
5632.174840240326	0.023599999999532884	epochs	3.0
5632.198440240326	0.023519999999734864	epochs	3.0
5632.221960240326	0.04656000000068161	epochs	2.0
5632.221960240326	0.023360000000138825	epochs	3.0
5632.245320240326	0.023200000000542786	epochs	3.0
5632.268520240326	0.04607999999916501	epochs	2.0
5632.268520240326	0.023119999999835272	epochs	3.0
5632.291640240326	0.02295999999932974	epochs	3.0
5632.3146002403255	0.045600000000376895	epochs	2.0
5632.3146002403255	0.022880000000441214	epochs	3.0
5632.337480240326	0.02271999999993568	epochs	3.0
5632.360200240326	0.04511999999976979	epochs	2.0
5632.360200240326	0.02264000000013766	epochs	3.0
5632.382840240326	0.022479999999632128	epochs	3.0
5632.405320240326	0.04464000000007218	epochs	2.0
5632.405320240326	0.022400000000743603	epochs	3.0
5632.427720240326	0.022239999999328575	epochs	3.0
5632.449960240326	0.044240000000172586	epochs	2.0
5632.449960240326	0.02216000000044005	epochs	3.0
5632.472120240326	0.022079999999732536	epochs	3.0
5632.494200240326	0.043760000000474975	epochs	2.0
5632.494200240326	0.021920000000136497	epochs	3.0
5632.516120240326	0.021840000000338478	epochs	3.0
5632.537960240326	0.04335999999966589	epochs	2.0
5632.537960240326	0.021759999999630963	epochs	3.0
5632.559720240326	0.021600000000034925	epochs	3.0
5632.581320240326	0.04287999999996828	epochs	2.0
5632.581320240326	0.02143999999952939	epochs	3.0
5632.602760240326	0.021440000000438886	epochs	3.0
5632.624200240326	0.042480000000068685	epochs	2.0
5632.624200240326	0.021279999999933352	epochs	3.0
5632.645480240326	0.021200000000135333	epochs	3.0
5632.666680240326	0.04208000000016909	epochs	2.0
5632.666680240326	0.0210399999996298	epochs	3.0
5632.687720240326	0.021040000000539294	epochs	3.0
5632.708760240326	0.04167999999936001	epochs	2.0
5632.708760240326	0.02088000000003376	epochs	3.0
5632.729640240326	0.020799999999326246	epochs	3.0
5632.750440240326	0.04120000000057189	epochs	2.0
5632.750440240326	0.020640000000639702	epochs	3.0
5632.771080240326	0.020559999999932188	epochs	3.0
5632.791640240326	0.04087999999956082	epochs	2.0
5632.791640240326	0.020559999999932188	epochs	3.0
5632.812200240326	0.020319999999628635	epochs	3.0
5632.832520240326	0.040560000000368746	epochs	2.0
5632.832520240326	0.02032000000053813	epochs	3.0
5632.852840240326	0.020239999999830616	epochs	3.0
5632.873080240326	0.04007999999976164	epochs	2.0
5632.873080240326	0.020080000000234577	epochs	3.0
5632.893160240326	0.019999999999527063	epochs	3.0
5632.913160240326	0.03975999999966007	epochs	2.0
5632.913160240326	0.019919999999729043	epochs	3.0
5632.933080240326	0.019839999999931024	epochs	3.0
5632.9529202403255	0.03944000000046799	epochs	2.0
5632.9529202403255	0.019760000000133005	epochs	3.0
5632.972680240326	0.019680000000334985	epochs	3.0
5632.992360240326	0.0390399999996589	epochs	2.0
5632.992360240326	0.01951999999982945	epochs	3.0
5633.011880240326	0.01951999999982945	epochs	3.0
5633.031400240326	0.038640000000668806	epochs	2.0
5633.031400240326	0.019360000000233413	epochs	3.0
5633.050760240326	0.019280000000435393	epochs	3.0
5633.070040240326	0.03839999999945576	epochs	2.0
5633.070040240326	0.0192799999995259	epochs	3.0
5633.089320240326	0.01911999999992986	epochs	3.0
5633.108440240326	0.03800000000046566	epochs	2.0
5633.108440240326	0.01904000000013184	epochs	3.0
5633.127480240326	0.01896000000033382	epochs	3.0
5633.146440240326	0.037679999999454594	epochs	2.0
5633.146440240326	0.018879999999626307	epochs	3.0
5633.165320240326	0.018799999999828287	epochs	3.0
5633.184120240326	0.03736000000026252	epochs	2.0
5633.184120240326	0.018720000000030268	epochs	3.0
5633.202840240326	0.01864000000023225	epochs	3.0
5633.221480240326	0.037040000000160944	epochs	2.0
5633.221480240326	0.01856000000043423	epochs	3.0
5633.240040240326	0.018479999999726715	epochs	3.0
5633.258520240326	0.03672000000005937	epochs	2.0
5633.258520240326	0.018399999999928696	epochs	3.0
5633.276920240326	0.018320000000130676	epochs	3.0
5633.295240240326	0.03647999999975582	epochs	2.0
5633.295240240326	0.018239999999423162	epochs	3.0
5633.313480240326	0.018240000000332657	epochs	3.0
5633.331720240326	0.03607999999985623	epochs	2.0
5633.331720240326	0.018079999999827123	epochs	3.0
5633.349800240326	0.018000000000029104	epochs	3.0
5633.367800240326	0.03584000000046217	epochs	2.0
5633.367800240326	0.017920000000231084	epochs	3.0
5633.385720240326	0.017920000000231084	epochs	3.0
5633.403640240326	0.0355199999994511	epochs	2.0
5633.403640240326	0.01775999999972555	epochs	3.0
5633.421400240326	0.01775999999972555	epochs	3.0
5633.439160240326	0.035200000000259024	epochs	2.0
5633.439160240326	0.01767999999992753	epochs	3.0
5633.456840240326	0.017520000000331493	epochs	3.0
5633.474360240326	0.03495999999995547	epochs	2.0
5633.474360240326	0.017520000000331493	epochs	3.0
5633.491880240326	0.01743999999962398	epochs	3.0
5633.509320240326	0.03471999999965192	epochs	2.0
5633.509320240326	0.01743999999962398	epochs	3.0
5633.5267602403255	0.01728000000002794	epochs	3.0
5633.544040240326	0.03440000000045984	epochs	2.0
5633.544040240326	0.01720000000022992	epochs	3.0
5633.561240240326	0.01720000000022992	epochs	3.0
5633.578440240326	0.03416000000015629	epochs	2.0
5633.578440240326	0.017119999999522406	epochs	3.0
5633.5955602403255	0.01704000000063388	epochs	3.0
5633.612600240326	0.033840000000054715	epochs	2.0
5633.612600240326	0.016959999999926367	epochs	3.0
5633.629560240326	0.016880000000128348	epochs	3.0
5633.646440240326	0.03359999999975116	epochs	2.0
5633.646440240326	0.016799999999420834	epochs	3.0
5633.663240240326	0.01680000000033033	epochs	3.0
5633.680040240326	0.033360000000357104	epochs	2.0
5633.680040240326	0.016719999999622814	epochs	3.0
5633.696760240326	0.01664000000073429	epochs	3.0
5633.713400240326	0.033119999999144056	epochs	2.0
5633.713400240326	0.016560000000026776	epochs	3.0
5633.729960240326	0.01655999999911728	epochs	3.0
5633.7465202403255	0.03280000000086147	epochs	2.0
5633.7465202403255	0.016400000000430737	epochs	3.0
5633.762920240326	0.016400000000430737	epochs	3.0
5633.779320240326	0.032559999999648426	epochs	2.0
5633.779320240326	0.016319999999723223	epochs	3.0
5633.795640240326	0.016239999999925203	epochs	3.0
5633.811880240326	0.03240000000005239	epochs	2.0
5633.811880240326	0.016239999999925203	epochs	3.0
5633.828120240326	0.016160000000127184	epochs	3.0
5633.844280240326	0.032079999999950815	epochs	2.0
5633.844280240326	0.016080000000329164	epochs	3.0
5633.860360240326	0.01599999999962165	epochs	3.0
5633.876360240326	0.031920000000354776	epochs	2.0
5633.876360240326	0.01599999999962165	epochs	3.0
5633.892360240326	0.015920000000733125	epochs	3.0
5633.908280240326	0.03159999999934371	epochs	2.0
5633.908280240326	0.01584000000002561	epochs	3.0
5633.924120240326	0.015759999999318097	epochs	3.0
5633.939880240326	0.031440000000657164	epochs	2.0
5633.939880240326	0.015760000000227592	epochs	3.0
5633.955640240326	0.015680000000429573	epochs	3.0
5633.971320240326	0.031199999999444117	epochs	2.0
5633.971320240326	0.015599999999722058	epochs	3.0
5633.986920240326	0.015599999999722058	epochs	3.0
5634.002520240326	0.03096000000005006	epochs	2.0
5634.002520240326	0.015519999999924039	epochs	3.0
5634.018040240326	0.01544000000012602	epochs	3.0
5634.033480240326	0.030719999999746506	epochs	2.0
5634.033480240326	0.01544000000012602	epochs	3.0
5634.048920240326	0.015279999999620486	epochs	3.0
5634.064200240326	0.030560000000150467	epochs	2.0
5634.064200240326	0.015360000000328	epochs	3.0
5634.079560240326	0.015199999999822467	epochs	3.0
5634.094760240326	0.030319999999846914	epochs	2.0
5634.094760240326	0.015199999999822467	epochs	3.0
5634.109960240326	0.015120000000024447	epochs	3.0
5634.125080240326	0.030080000000452856	epochs	2.0
5634.125080240326	0.015120000000024447	epochs	3.0
5634.140200240326	0.014960000000428408	epochs	3.0
5634.155160240326	0.029919999999947322	epochs	2.0
5634.155160240326	0.015040000000226428	epochs	3.0
5634.170200240326	0.014879999999720894	epochs	3.0
5634.185080240326	0.02967999999964377	epochs	2.0
5634.185080240326	0.014879999999720894	epochs	3.0
5634.199960240326	0.014799999999922875	epochs	3.0
5634.214760240326	0.02952000000004773	epochs	2.0
5634.214760240326	0.014799999999922875	epochs	3.0
5634.229560240326	0.014720000000124855	epochs	3.0
5634.244280240326	0.029280000000653672	epochs	2.0
5634.244280240326	0.014720000000124855	epochs	3.0
5634.259000240326	0.014560000000528817	epochs	3.0
5634.273560240326	0.029119999999238644	epochs	2.0
5634.273560240326	0.014639999999417341	epochs	3.0
5634.288200240326	0.014479999999821302	epochs	3.0
5634.302680240326	0.0289600000005521	epochs	2.0
5634.302680240326	0.014480000000730797	epochs	3.0
5634.317160240326	0.014479999999821302	epochs	3.0
5634.331640240326	0.028639999999541033	epochs	2.0
5634.331640240326	0.014320000000225264	epochs	3.0
5634.345960240326	0.014319999999315769	epochs	3.0
5634.360280240326	0.028560000000652508	epochs	2.0
5634.360280240326	0.014320000000225264	epochs	3.0
5634.374600240326	0.014240000000427244	epochs	3.0
5634.388840240326	0.02831999999943946	epochs	2.0
5634.388840240326	0.01415999999971973	epochs	3.0
5634.403000240326	0.01415999999971973	epochs	3.0
5634.417160240326	0.02815999999984342	epochs	2.0
5634.417160240326	0.01415999999971973	epochs	3.0
5634.4313202403255	0.014000000000123691	epochs	3.0
5634.445320240326	0.028000000000247383	epochs	2.0
5634.445320240326	0.014000000000123691	epochs	3.0
5634.459320240326	0.014000000000123691	epochs	3.0
5634.473320240326	0.02775999999994383	epochs	2.0
5634.473320240326	0.013920000000325672	epochs	3.0
5634.487240240326	0.013839999999618158	epochs	3.0
5634.501080240326	0.02768000000014581	epochs	2.0
5634.501080240326	0.013840000000527652	epochs	3.0
5634.514920240326	0.013839999999618158	epochs	3.0
5634.528760240326	0.027439999999842257	epochs	2.0
5634.528760240326	0.013759999999820138	epochs	3.0
5634.542520240326	0.013680000000022119	epochs	3.0
5634.556200240326	0.02728000000024622	epochs	2.0
5634.556200240326	0.013680000000022119	epochs	3.0
5634.569880240326	0.0136000000002241	epochs	3.0
5634.583480240326	0.027119999999740685	epochs	2.0
5634.583480240326	0.013519999999516585	epochs	3.0
5634.5970002403255	0.0136000000002241	epochs	3.0
5634.610600240326	0.026880000000346627	epochs	2.0
5634.610600240326	0.013439999999718566	epochs	3.0
5634.6240402403255	0.01344000000062806	epochs	3.0
5634.637480240326	0.026799999999639113	epochs	2.0
5634.637480240326	0.013439999999718566	epochs	3.0
5634.650920240326	0.013359999999920547	epochs	3.0
5634.664280240326	0.026560000000245054	epochs	2.0
5634.664280240326	0.013280000000122527	epochs	3.0
5634.677560240326	0.013280000000122527	epochs	3.0
5634.690840240326	0.02647999999953754	epochs	2.0
5634.690840240326	0.013280000000122527	epochs	3.0
5634.704120240326	0.013199999999415013	epochs	3.0
5634.7173202403255	0.026240000000143482	epochs	2.0
5634.7173202403255	0.013120000000526488	epochs	3.0
5634.730440240326	0.013119999999616994	epochs	3.0
5634.743560240326	0.026160000000345462	epochs	2.0
5634.743560240326	0.013120000000526488	epochs	3.0
5634.756680240326	0.013039999999818974	epochs	3.0
5634.769720240326	0.02599999999983993	epochs	2.0
5634.769720240326	0.013039999999818974	epochs	3.0
5634.782760240326	0.012960000000020955	epochs	3.0
5634.795720240326	0.02576000000044587	epochs	2.0
5634.795720240326	0.012880000000222935	epochs	3.0
5634.808600240326	0.012880000000222935	epochs	3.0
5634.821480240326	0.025679999999738357	epochs	2.0
5634.821480240326	0.01287999999931344	epochs	3.0
5634.834360240326	0.012800000000424916	epochs	3.0
5634.847160240326	0.025520000000142318	epochs	2.0
5634.847160240326	0.012799999999515421	epochs	3.0
5634.859960240326	0.012720000000626897	epochs	3.0
5634.872680240326	0.025359999999636784	epochs	2.0
5634.872680240326	0.012719999999717402	epochs	3.0
5634.885400240326	0.012639999999919382	epochs	3.0
5634.898040240326	0.025200000000040745	epochs	2.0
5634.898040240326	0.012639999999919382	epochs	3.0
5634.910680240326	0.012560000000121363	epochs	3.0
5634.923240240326	0.0245599999998376	epochs	2.0
5634.9471854403255	0.5	epochs	-1.0
5634.947800240326	0.5451199999997698	epochs	1.0
5635.4929202403255	0.4548000000004322	epochs	0.0
5651.085000038147	0.17479999999977736	epochs	0.0
5651.085000038147	0.08240000000023429	epochs	1.0
5651.167400038147	0.010080000000016298	epochs	1.0
5651.177480038147	0.08231999999952677	epochs	1.0
5651.259800038147	2.0	epochs	0.0
5653.259800038147	0.5445600000002742	epochs	0.0
5653.259800038147	0.5445600000002742	epochs	1.0
5653.259825238147	0.5	epochs	-1.0
5653.759825238147	0.04453480000029231	epochs	-1.0
5653.804360038147	21.455359999999928	epochs	0.0
5658.082000255585	0.17479999999977736	epochs	0.0
5658.082000255585	0.08240000000023429	epochs	1.0
5658.164400255585	0.010080000000016298	epochs	1.0
5658.174480255585	0.08231999999952677	epochs	1.0
5658.2568002555845	2.0	epochs	0.0
5660.2568002555845	0.5245599999998376	epochs	0.0
5660.2568002555845	0.5245599999998376	epochs	1.0
5660.2568254555845	0.5	epochs	-1.0
5660.7568254555845	0.02453479999985575	epochs	-1.0
5660.781360255584	21.475360000000364	epochs	0.0
5665.070000171661	0.17479999999977736	epochs	0.0
5665.070000171661	0.08240000000023429	epochs	1.0
5665.152400171662	0.010080000000016298	epochs	1.0
5665.162480171662	0.08231999999952677	epochs	1.0
5665.244800171661	2.0	epochs	0.0
5667.244800171661	0.5246400000005451	epochs	0.0
5667.244800171661	0.5246400000005451	epochs	1.0
5667.244825371661	0.5	epochs	-1.0
5667.744825371661	0.024614800000563264	epochs	-1.0
5667.769440171662	21.475279999999657	epochs	0.0
5672.135000228882	0.17479999999977736	epochs	0.0
5672.135000228882	0.08240000000023429	epochs	1.0
5672.217400228882	0.010080000000016298	epochs	1.0
5672.227480228882	0.08231999999952677	epochs	1.0
5672.309800228882	2.0	epochs	0.0
5674.309800228882	0.5244800000000396	epochs	0.0
5674.309800228882	0.5244800000000396	epochs	1.0
5674.309825428882	0.5	epochs	-1.0
5674.809825428882	0.02445480000005773	epochs	-1.0
5674.834280228882	21.475440000000162	epochs	0.0
5679.235000133514	0.17479999999977736	epochs	0.0
5679.235000133514	0.08240000000023429	epochs	1.0
5679.317400133515	0.010080000000016298	epochs	1.0
5679.327480133515	0.08231999999952677	epochs	1.0
5679.409800133514	2.0	epochs	0.0
5681.409800133514	0.5446400000000722	epochs	0.0
5681.409800133514	0.5446400000000722	epochs	1.0
5681.409825333514	0.5	epochs	-1.0
5681.909825333514	0.04461480000009033	epochs	-1.0
5681.954440133514	21.45528000000013	epochs	0.0
5686.459000110626	0.17479999999977736	epochs	0.0
5686.459000110626	0.08240000000023429	epochs	1.0
5686.5414001106265	0.010080000000016298	epochs	1.0
5686.5514801106265	0.08231999999952677	epochs	1.0
5686.633800110626	2.0	epochs	0.0
5688.633800110626	0.5445600000002742	epochs	0.0
5688.633800110626	0.5445600000002742	epochs	1.0
5688.633825310626	0.5	epochs	-1.0
5689.133825310626	0.04453480000029231	epochs	-1.0
5689.178360110626	21.455359999999928	epochs	0.0
5693.642000198364	0.17479999999977736	epochs	0.0
5693.642000198364	0.08240000000023429	epochs	1.0
5693.7244001983645	0.010080000000016298	epochs	1.0
5693.7344801983645	0.08231999999952677	epochs	1.0
5693.816800198364	2.0	epochs	0.0
5695.816800198364	0.5255999999999403	epochs	0.0
5695.816800198364	0.5255999999999403	epochs	1.0
5695.816825398364	0.5	epochs	-1.0
5696.316825398364	0.025574799999958486	epochs	-1.0
5696.342400198364	21.47432000000026	epochs	0.0
5700.908999919891	0.17479999999977736	epochs	0.0
5700.908999919891	0.08240000000023429	epochs	1.0
5700.991399919892	0.010080000000016298	epochs	1.0
5701.001479919892	0.08231999999952677	epochs	1.0
5701.083799919891	2.0	epochs	0.0
5703.083799919891	0.5251200000002427	epochs	0.0
5703.083799919891	0.5251200000002427	epochs	1.0
5703.083825119891	0.5	epochs	-1.0
5703.583825119891	0.025094800000260875	epochs	-1.0
5703.608919919891	21.47479999999996	epochs	0.0
5708.273000240326	0.17479999999977736	epochs	0.0
5708.273000240326	0.08240000000023429	epochs	1.0
5708.355400240326	0.010080000000016298	epochs	1.0
5708.365480240326	0.08231999999952677	epochs	1.0
5708.447800240326	2.0	epochs	0.0
5710.447800240326	0.5248000000001412	epochs	0.0
5710.447800240326	0.5248000000001412	epochs	1.0
5710.447825440326	0.5	epochs	-1.0
5710.947825440326	0.024774800000159303	epochs	-1.0
5710.972600240326	21.47512000000006	epochs	0.0
5798.046999931335	0.17479999999977736	epochs	0.0
5798.046999931335	0.08240000000023429	epochs	1.0
5798.129399931336	0.010080000000016298	epochs	1.0
5798.139479931336	0.08231999999952677	epochs	1.0
5798.221799931335	0.22992000000067492	epochs	0.0
5798.221799931335	0.0500000000001819	epochs	1.0
5798.271799931335	0.010000000000218279	epochs	1.0
5798.281799931336	0.0500000000001819	epochs	1.0
5798.331799931336	0.009999999999308784	epochs	1.0
5798.341799931335	0.0500000000001819	epochs	1.0
5798.391799931335	0.010000000000218279	epochs	1.0
5798.4017999313355	0.04992000000038388	epochs	1.0
6181.901999950409	0.17479999999977736	epochs	0.0
6181.901999950409	0.08240000000023429	epochs	1.0
6181.984399950409	0.010080000000016298	epochs	1.0
6181.994479950409	0.08231999999952677	epochs	1.0
6182.076799950409	2.999920000000202	epochs	0.0
6182.076799950409	1.0	epochs	1.0
6183.076799950409	1.0	epochs	1.0
6184.076799950409	0.999920000000202	epochs	1.0
6189.8330001831055	0.17479999999977736	epochs	0.0
6189.8330001831055	0.08240000000023429	epochs	1.0
6189.915400183106	0.010080000000016298	epochs	1.0
6189.925480183106	0.08231999999952677	epochs	1.0
6190.007800183105	2.999920000000202	epochs	0.0
6190.007800183105	1.0	epochs	1.0
6191.007800183105	1.0	epochs	1.0
6192.007800183105	0.999920000000202	epochs	1.0
6197.716000080109	0.17479999999977736	epochs	0.0
6197.716000080109	0.08240000000023429	epochs	1.0
6197.798400080109	0.010080000000016298	epochs	1.0
6197.808480080109	0.08231999999952677	epochs	1.0
6197.890800080108	2.999920000000202	epochs	0.0
6197.890800080108	1.0	epochs	1.0
6198.890800080108	1.0	epochs	1.0
6199.890800080108	0.999920000000202	epochs	1.0
6205.666000366211	0.17479999999977736	epochs	0.0
6205.666000366211	0.08240000000023429	epochs	1.0
6205.748400366211	0.010080000000016298	epochs	1.0
6205.758480366211	0.08231999999952677	epochs	1.0
6205.840800366211	2.999920000000202	epochs	0.0
6205.840800366211	1.0	epochs	1.0
6206.840800366211	1.0	epochs	1.0
6207.840800366211	0.999920000000202	epochs	1.0
6213.551000118256	0.17479999999977736	epochs	0.0
6213.551000118256	0.08240000000023429	epochs	1.0
6213.633400118256	0.010080000000016298	epochs	1.0
6213.643480118256	0.08231999999952677	epochs	1.0
6213.725800118255	2.999920000000202	epochs	0.0
6213.725800118255	1.0	epochs	1.0
6214.725800118255	1.0	epochs	1.0
6215.725800118255	0.999920000000202	epochs	1.0
6221.496000289917	0.17479999999977736	epochs	0.0
6221.496000289917	0.08240000000023429	epochs	1.0
6221.578400289917	0.010080000000016298	epochs	1.0
6221.588480289917	0.08231999999952677	epochs	1.0
6221.670800289917	2.999920000000202	epochs	0.0
6221.670800289917	1.0	epochs	1.0
6222.670800289917	1.0	epochs	1.0
6223.670800289917	0.999920000000202	epochs	1.0
6229.46799993515	0.17479999999977736	epochs	0.0
6229.46799993515	0.08240000000023429	epochs	1.0
6229.55039993515	0.010080000000016298	epochs	1.0
6229.56047993515	0.08231999999952677	epochs	1.0
6229.64279993515	2.999920000000202	epochs	0.0
6229.64279993515	1.0	epochs	1.0
6230.64279993515	1.0	epochs	1.0
6231.64279993515	0.999920000000202	epochs	1.0
6237.46799993515	0.17479999999977736	epochs	0.0
6237.46799993515	0.08240000000023429	epochs	1.0
6237.55039993515	0.010080000000016298	epochs	1.0
6237.56047993515	0.08231999999952677	epochs	1.0
6237.64279993515	2.999920000000202	epochs	0.0
6237.64279993515	1.0	epochs	1.0
6238.64279993515	1.0	epochs	1.0
6239.64279993515	0.999920000000202	epochs	1.0
6245.433000087738	0.17479999999977736	epochs	0.0
6245.433000087738	0.08240000000023429	epochs	1.0
6245.515400087738	0.010080000000016298	epochs	1.0
6245.525480087738	0.08231999999952677	epochs	1.0
6245.607800087738	2.999920000000202	epochs	0.0
6245.607800087738	1.0	epochs	1.0
6246.607800087738	1.0	epochs	1.0
6247.607800087738	0.999920000000202	epochs	1.0
6253.541000366211	0.17479999999977736	epochs	0.0
6253.541000366211	0.08240000000023429	epochs	1.0
6253.623400366211	0.010080000000016298	epochs	1.0
6253.633480366211	0.08231999999952677	epochs	1.0
6253.715800366211	2.999920000000202	epochs	0.0
6253.715800366211	1.0	epochs	1.0
6254.715800366211	1.0	epochs	1.0
6255.715800366211	0.999920000000202	epochs	1.0
6261.562000274658	0.17479999999977736	epochs	0.0
6261.562000274658	0.08240000000023429	epochs	1.0
6261.644400274658	0.010080000000016298	epochs	1.0
6261.654480274658	0.08231999999952677	epochs	1.0
6261.736800274658	2.999920000000202	epochs	0.0
6261.736800274658	1.0	epochs	1.0
6262.736800274658	1.0	epochs	1.0
6263.736800274658	0.999920000000202	epochs	1.0
6269.696000099182	0.17479999999977736	epochs	0.0
6269.696000099182	0.08240000000023429	epochs	1.0
6269.778400099182	0.010080000000016298	epochs	1.0
6269.788480099182	0.08231999999952677	epochs	1.0
6269.870800099182	2.999920000000202	epochs	0.0
6269.870800099182	1.0	epochs	1.0
6270.870800099182	1.0	epochs	1.0
6271.870800099182	0.999920000000202	epochs	1.0
6277.875999927521	0.17479999999977736	epochs	0.0
6277.875999927521	0.08240000000023429	epochs	1.0
6277.958399927521	0.010080000000016298	epochs	1.0
6277.968479927521	0.08231999999952677	epochs	1.0
6278.0507999275205	2.999920000000202	epochs	0.0
6278.0507999275205	1.0	epochs	1.0
6279.0507999275205	1.0	epochs	1.0
6280.0507999275205	0.999920000000202	epochs	1.0
6286.032999992371	0.17479999999977736	epochs	0.0
6286.032999992371	0.08240000000023429	epochs	1.0
6286.115399992371	0.010080000000016298	epochs	1.0
6286.125479992371	0.08231999999952677	epochs	1.0
6286.20779999237	2.999920000000202	epochs	0.0
6286.20779999237	1.0	epochs	1.0
6287.20779999237	1.0	epochs	1.0
6288.20779999237	0.999920000000202	epochs	1.0
6294.177999973297	0.17479999999977736	epochs	0.0
6294.177999973297	0.08240000000023429	epochs	1.0
6294.260399973297	0.010080000000016298	epochs	1.0
6294.270479973297	0.08231999999952677	epochs	1.0
6294.352799973297	2.999920000000202	epochs	0.0
6294.352799973297	1.0	epochs	1.0
6295.352799973297	1.0	epochs	1.0
6296.352799973297	0.999920000000202	epochs	1.0
6302.460999965668	0.17479999999977736	epochs	0.0
6302.460999965668	0.08240000000023429	epochs	1.0
6302.543399965668	0.010080000000016298	epochs	1.0
6302.553479965668	0.08231999999952677	epochs	1.0
6302.6357999656675	2.999920000000202	epochs	0.0
6302.6357999656675	1.0	epochs	1.0
6303.6357999656675	1.0	epochs	1.0
6304.6357999656675	0.999920000000202	epochs	1.0
6310.745000362396	0.17479999999977736	epochs	0.0
6310.745000362396	0.08240000000023429	epochs	1.0
6310.8274003623965	0.010080000000016298	epochs	1.0
6310.8374803623965	0.08231999999952677	epochs	1.0
6310.919800362396	2.999920000000202	epochs	0.0
6310.919800362396	1.0	epochs	1.0
6311.919800362396	1.0	epochs	1.0
6312.919800362396	0.999920000000202	epochs	1.0
6318.973999977112	7.999999979801942e-05	epochs	0.0
6318.973999977112	7.999999979801942e-05	epochs	1.0
6318.974079977112	3.1746400000001813	epochs	0.0
