onset	duration	nwb_table	treelevel
7.815000057220459	0.09999999999999964	epochs	0.0
7.815000057220459	0.04499999999999993	epochs	1.0
7.860000057220459	0.010005000000000486	epochs	1.0
7.870005057220459	0.04499499999999923	epochs	1.0
7.915000057220459	0.7049950000000003	epochs	0.0
7.915000057220459	0.5	epochs	-1.0
7.915000057220459	0.5	epochs	-1.0
7.915000057220459	0.5	epochs	1.0
8.415000057220459	0.0600000000000005	epochs	-1.0
8.415000057220459	0.025000000000000355	epochs	-1.0
8.415000057220459	0.025000000000000355	epochs	1.0
8.440000057220459	0.009999999999999787	epochs	-1.0
8.440000057220459	0.009999999999999787	epochs	1.0
8.450000057220459	0.025000000000000355	epochs	-1.0
8.450000057220459	0.025000000000000355	epochs	1.0
8.47500005722046	0.0600000000000005	epochs	-1.0
8.47500005722046	0.025000000000000355	epochs	-1.0
8.47500005722046	0.025000000000000355	epochs	1.0
8.50000005722046	0.009999999999999787	epochs	-1.0
8.50000005722046	0.009999999999999787	epochs	1.0
8.51000005722046	0.025000000000000355	epochs	-1.0
8.51000005722046	0.025000000000000355	epochs	1.0
8.53500005722046	0.05999999999999872	epochs	-1.0
8.53500005722046	0.02499999999999858	epochs	-1.0
8.53500005722046	0.02499999999999858	epochs	1.0
8.560000057220458	0.010000000000001563	epochs	-1.0
8.560000057220458	0.010000000000001563	epochs	1.0
8.57000005722046	0.02499999999999858	epochs	-1.0
8.57000005722046	0.02499999999999858	epochs	1.0
8.595000057220458	0.024995000000000545	epochs	1.0
8.999000072479248	0.09999999999999964	epochs	0.0
8.999000072479248	0.04499999999999993	epochs	1.0
9.044000072479248	0.010004999999999598	epochs	1.0
9.054005072479248	0.04499500000000012	epochs	1.0
9.099000072479248	0.7049950000000003	epochs	0.0
9.099000072479248	0.5	epochs	-1.0
9.099000072479248	0.5	epochs	-1.0
9.099000072479248	0.5	epochs	1.0
9.599000072479248	0.0600000000000005	epochs	-1.0
9.599000072479248	0.025000000000000355	epochs	-1.0
9.599000072479248	0.025000000000000355	epochs	1.0
9.624000072479248	0.009999999999999787	epochs	-1.0
9.624000072479248	0.009999999999999787	epochs	1.0
9.634000072479248	0.025000000000000355	epochs	-1.0
9.634000072479248	0.025000000000000355	epochs	1.0
9.659000072479248	0.0600000000000005	epochs	-1.0
9.659000072479248	0.025000000000000355	epochs	-1.0
9.659000072479248	0.025000000000000355	epochs	1.0
9.684000072479249	0.009999999999999787	epochs	-1.0
9.684000072479249	0.009999999999999787	epochs	1.0
9.694000072479248	0.025000000000000355	epochs	-1.0
9.694000072479248	0.025000000000000355	epochs	1.0
9.719000072479249	0.05999999999999872	epochs	-1.0
9.719000072479249	0.02499999999999858	epochs	-1.0
9.719000072479249	0.02499999999999858	epochs	1.0
9.744000072479247	0.010000000000001563	epochs	-1.0
9.744000072479247	0.010000000000001563	epochs	1.0
9.754000072479249	0.02499999999999858	epochs	-1.0
9.754000072479249	0.02499999999999858	epochs	1.0
9.779000072479247	0.024995000000000545	epochs	1.0
188.36100006103516	0.09999999999999432	epochs	0.0
188.36100006103516	0.044999999999987494	epochs	1.0
188.40600006103514	0.010005000000006703	epochs	1.0
188.41600506103515	0.04499500000000012	epochs	1.0
188.46100006103515	0.7049949999999967	epochs	0.0
188.46100006103515	0.5	epochs	-1.0
188.46100006103515	0.5	epochs	1.0
188.96100006103515	0.060000000000002274	epochs	-1.0
188.96100006103515	0.025000000000005684	epochs	-1.0
188.96100006103515	0.025000000000005684	epochs	1.0
188.98600006103516	0.009999999999990905	epochs	-1.0
188.98600006103516	0.009999999999990905	epochs	1.0
188.99600006103515	0.025000000000005684	epochs	-1.0
188.99600006103515	0.025000000000005684	epochs	1.0
189.02100006103515	0.060000000000002274	epochs	-1.0
189.02100006103515	0.025000000000005684	epochs	-1.0
189.02100006103515	0.025000000000005684	epochs	1.0
189.04600006103516	0.009999999999990905	epochs	-1.0
189.04600006103516	0.009999999999990905	epochs	1.0
189.05600006103515	0.025000000000005684	epochs	-1.0
189.05600006103515	0.025000000000005684	epochs	1.0
189.08100006103516	0.060000000000002274	epochs	-1.0
189.08100006103516	0.025000000000005684	epochs	-1.0
189.08100006103516	0.025000000000005684	epochs	1.0
189.10600006103516	0.009999999999990905	epochs	-1.0
189.10600006103516	0.009999999999990905	epochs	1.0
189.11600006103515	0.025000000000005684	epochs	-1.0
189.11600006103515	0.025000000000005684	epochs	1.0
189.14100006103516	0.024994999999989886	epochs	1.0
274.84600019454956	0.10000000000002274	epochs	0.0
274.84600019454956	0.045000000000015916	epochs	1.0
274.8910001945496	0.010004999999978281	epochs	1.0
274.90100519454955	0.04499500000002854	epochs	1.0
274.9460001945496	61.384995	epochs	0.0
274.9460001945496	0.5	epochs	-1.0
274.9460001945496	0.5	epochs	-1.0
274.9460001945496	0.5	epochs	1.0
275.4460001945496	0.060000000000002274	epochs	-1.0
275.4460001945496	0.024999999999977263	epochs	-1.0
275.4460001945496	0.024999999999977263	epochs	1.0
275.47100019454956	0.009999999999990905	epochs	-1.0
275.47100019454956	0.009999999999990905	epochs	1.0
275.48100019454955	0.025000000000034106	epochs	-1.0
275.48100019454955	0.025000000000034106	epochs	1.0
275.5060001945496	0.060000000000002274	epochs	-1.0
275.5060001945496	0.024999999999977263	epochs	-1.0
275.5060001945496	0.024999999999977263	epochs	1.0
275.53100019454956	0.009999999999990905	epochs	-1.0
275.53100019454956	0.009999999999990905	epochs	1.0
275.54100019454955	0.025000000000034106	epochs	-1.0
275.54100019454955	0.025000000000034106	epochs	1.0
275.5660001945496	0.05999999999994543	epochs	-1.0
275.5660001945496	0.024999999999977263	epochs	-1.0
275.5660001945496	0.024999999999977263	epochs	1.0
275.59100019454957	0.009999999999990905	epochs	-1.0
275.59100019454957	0.009999999999990905	epochs	1.0
275.60100019454956	0.024999999999977263	epochs	-1.0
275.60100019454956	0.024999999999977263	epochs	1.0
275.62600019454953	60.0	epochs	1.0
335.62600019454953	0.5	epochs	-1.0
335.62600019454953	0.5	epochs	-1.0
335.62600019454953	0.5	epochs	1.0
336.12600019454953	0.06000000000005912	epochs	-1.0
336.12600019454953	0.025000000000034106	epochs	-1.0
336.12600019454953	0.025000000000034106	epochs	1.0
336.15100019454957	0.009999999999990905	epochs	-1.0
336.15100019454957	0.009999999999990905	epochs	1.0
336.16100019454956	0.025000000000034106	epochs	-1.0
336.16100019454956	0.025000000000034106	epochs	1.0
336.1860001945496	0.05999999999994543	epochs	-1.0
336.1860001945496	0.024999999999977263	epochs	-1.0
336.1860001945496	0.024999999999977263	epochs	1.0
336.21100019454957	0.009999999999990905	epochs	-1.0
336.21100019454957	0.009999999999990905	epochs	1.0
336.22100019454956	0.024999999999977263	epochs	-1.0
336.22100019454956	0.024999999999977263	epochs	1.0
336.24600019454954	0.060000000000002274	epochs	-1.0
336.24600019454954	0.025000000000034106	epochs	-1.0
336.24600019454954	0.025000000000034106	epochs	1.0
336.2710001945496	0.009999999999990905	epochs	-1.0
336.2710001945496	0.009999999999990905	epochs	1.0
336.28100019454956	0.024999999999977263	epochs	-1.0
336.28100019454956	0.024999999999977263	epochs	1.0
336.30600019454954	0.02499500000004673	epochs	1.0
365.9689998626709	0.10000000000002274	epochs	0.0
365.9689998626709	0.045000000000015916	epochs	1.0
366.0139998626709	0.010004999999978281	epochs	1.0
366.0240048626709	0.04499500000002854	epochs	1.0
366.0689998626709	0.7049949999999967	epochs	0.0
366.0689998626709	0.5	epochs	-1.0
366.0689998626709	0.5	epochs	-1.0
366.0689998626709	0.5	epochs	1.0
366.5689998626709	0.060000000000002274	epochs	-1.0
366.5689998626709	0.024999999999977263	epochs	-1.0
366.5689998626709	0.024999999999977263	epochs	1.0
366.5939998626709	0.009999999999990905	epochs	-1.0
366.5939998626709	0.009999999999990905	epochs	1.0
366.6039998626709	0.025000000000034106	epochs	-1.0
366.6039998626709	0.025000000000034106	epochs	1.0
366.6289998626709	0.060000000000002274	epochs	-1.0
366.6289998626709	0.024999999999977263	epochs	-1.0
366.6289998626709	0.024999999999977263	epochs	1.0
366.6539998626709	0.009999999999990905	epochs	-1.0
366.6539998626709	0.009999999999990905	epochs	1.0
366.6639998626709	0.025000000000034106	epochs	-1.0
366.6639998626709	0.025000000000034106	epochs	1.0
366.6889998626709	0.05999999999994543	epochs	-1.0
366.6889998626709	0.024999999999977263	epochs	-1.0
366.6889998626709	0.024999999999977263	epochs	1.0
366.7139998626709	0.009999999999990905	epochs	-1.0
366.7139998626709	0.009999999999990905	epochs	1.0
366.7239998626709	0.024999999999977263	epochs	-1.0
366.7239998626709	0.024999999999977263	epochs	1.0
366.74899986267087	0.02499500000004673	epochs	1.0
419.5130000114441	0.1089200000000119	epochs	0.0
419.5130000114441	0.049460000000010496	epochs	1.0
419.5624600114441	0.010019999999997253	epochs	1.0
419.5724800114441	0.04944000000000415	epochs	1.0
419.6219200114441	5.999979999999994	epochs	0.0
419.6219200114441	0.5	epochs	1.0
419.6219325114441	0.5	epochs	-1.0
419.6219325114441	0.5	epochs	-1.0
420.1219200114441	5.0	epochs	1.0
425.1219200114441	0.49997999999999365	epochs	1.0
425.1219325114441	0.4999675000000252	epochs	-1.0
434.55999994277954	0.1089200000000119	epochs	0.0
434.55999994277954	0.049460000000010496	epochs	1.0
434.60945994277955	0.010019999999997253	epochs	1.0
434.61947994277955	0.04944000000000415	epochs	1.0
434.66891994277955	2.550959999999975	epochs	0.0
434.66891994277955	0.5	epochs	1.0
434.6689324427795	0.5	epochs	-1.0
435.16891994277955	1.0	epochs	1.0
436.16891994277955	1.050959999999975	epochs	1.0
436.6689324427795	0.5	epochs	-1.0
437.2198799427795	0.9490200000000186	epochs	0.0
438.3860001564026	0.1089200000000119	epochs	0.0
438.3860001564026	0.049460000000010496	epochs	1.0
438.4354601564026	0.010019999999997253	epochs	1.0
438.4454801564026	0.04944000000000415	epochs	1.0
438.4949201564026	2.550959999999975	epochs	0.0
438.4949201564026	0.5	epochs	1.0
438.49493265640257	0.5	epochs	-1.0
438.9949201564026	1.0	epochs	1.0
439.9949201564026	1.050959999999975	epochs	1.0
440.49493265640257	0.5	epochs	-1.0
441.0458801564026	0.9490200000000186	epochs	0.0
442.1859998703003	0.1089200000000119	epochs	0.0
442.1859998703003	0.049460000000010496	epochs	1.0
442.2354598703003	0.010019999999997253	epochs	1.0
442.2454798703003	0.04944000000000415	epochs	1.0
442.2949198703003	2.5509399999999687	epochs	0.0
442.2949198703003	0.5	epochs	1.0
442.2949323703003	0.5	epochs	-1.0
442.7949198703003	1.0	epochs	1.0
443.7949198703003	1.0509399999999687	epochs	1.0
444.2949323703003	0.5	epochs	-1.0
444.8458598703003	0.949040000000025	epochs	0.0
445.99700021743774	0.1089200000000119	epochs	0.0
445.99700021743774	0.049460000000010496	epochs	1.0
446.04646021743775	0.010019999999997253	epochs	1.0
446.05648021743775	0.04944000000000415	epochs	1.0
446.10592021743776	2.550959999999975	epochs	0.0
446.10592021743776	0.5	epochs	1.0
446.1059327174377	0.5	epochs	-1.0
446.60592021743776	1.0	epochs	1.0
447.60592021743776	1.050959999999975	epochs	1.0
448.1059327174377	0.5	epochs	-1.0
448.65688021743773	0.9490200000000186	epochs	0.0
449.8800001144409	0.1089200000000119	epochs	0.0
449.8800001144409	0.049460000000010496	epochs	1.0
449.92946011444093	0.010019999999997253	epochs	1.0
449.9394801144409	0.04944000000000415	epochs	1.0
449.98892011444093	2.530959999999993	epochs	0.0
449.98892011444093	0.5	epochs	1.0
449.9889326144409	0.5	epochs	-1.0
450.48892011444093	1.0	epochs	1.0
451.48892011444093	1.0309599999999932	epochs	1.0
451.9889326144409	0.5	epochs	-1.0
452.5198801144409	0.9690200000000004	epochs	0.0
453.81300020217896	0.15298000000001366	epochs	0.0
453.81300020217896	0.05000000000001137	epochs	1.0
453.86300020217897	0.002999999999985903	epochs	1.0
453.86600020217895	0.09998000000001639	epochs	1.0
455.2630000114441	0.15298000000001366	epochs	0.0
455.2630000114441	0.05000000000001137	epochs	1.0
455.3130000114441	0.002999999999985903	epochs	1.0
455.3160000114441	0.09998000000001639	epochs	1.0
456.7119998931885	0.15298000000001366	epochs	0.0
456.7119998931885	0.05000000000001137	epochs	1.0
456.7619998931885	0.002999999999985903	epochs	1.0
456.7649998931885	0.09998000000001639	epochs	1.0
458.1950001716614	0.15298000000001366	epochs	0.0
458.1950001716614	0.05000000000001137	epochs	1.0
458.2450001716614	0.002999999999985903	epochs	1.0
458.2480001716614	0.09998000000001639	epochs	1.0
459.6779999732971	0.15298000000001366	epochs	0.0
459.6779999732971	0.05000000000001137	epochs	1.0
459.72799997329713	0.002999999999985903	epochs	1.0
459.7309999732971	0.09998000000001639	epochs	1.0
461.16200017929077	0.15298000000001366	epochs	0.0
461.16200017929077	0.05000000000001137	epochs	1.0
461.2120001792908	0.002999999999985903	epochs	1.0
461.21500017929077	0.09998000000001639	epochs	1.0
462.6779999732971	0.15298000000001366	epochs	0.0
462.6779999732971	0.05000000000001137	epochs	1.0
462.72799997329713	0.002999999999985903	epochs	1.0
462.7309999732971	0.09998000000001639	epochs	1.0
464.16200017929077	0.15298000000001366	epochs	0.0
464.16200017929077	0.05000000000001137	epochs	1.0
464.2120001792908	0.002999999999985903	epochs	1.0
464.21500017929077	0.09998000000001639	epochs	1.0
465.6779999732971	0.15298000000001366	epochs	0.0
465.6779999732971	0.05000000000001137	epochs	1.0
465.72799997329713	0.002999999999985903	epochs	1.0
465.7309999732971	0.09998000000001639	epochs	1.0
467.22700023651123	0.15298000000001366	epochs	0.0
467.22700023651123	0.05000000000001137	epochs	1.0
467.27700023651124	0.002999999999985903	epochs	1.0
467.2800002365112	0.09998000000001639	epochs	1.0
468.74399995803833	0.15298000000001366	epochs	0.0
468.74399995803833	0.05000000000001137	epochs	1.0
468.79399995803834	0.002999999999985903	epochs	1.0
468.7969999580383	0.09998000000001639	epochs	1.0
470.3270001411438	0.15298000000001366	epochs	0.0
470.3270001411438	0.05000000000001137	epochs	1.0
470.3770001411438	0.002999999999985903	epochs	1.0
470.3800001411438	0.09998000000001639	epochs	1.0
471.8769998550415	0.15298000000001366	epochs	0.0
471.8769998550415	0.05000000000001137	epochs	1.0
471.9269998550415	0.002999999999985903	epochs	1.0
471.9299998550415	0.09998000000001639	epochs	1.0
473.460000038147	0.15298000000001366	epochs	0.0
473.460000038147	0.05000000000001137	epochs	1.0
473.510000038147	0.002999999999985903	epochs	1.0
473.51300003814697	0.09998000000001639	epochs	1.0
475.05999994277954	0.15298000000001366	epochs	0.0
475.05999994277954	0.05000000000001137	epochs	1.0
475.10999994277955	0.002999999999985903	epochs	1.0
475.11299994277954	0.09998000000001639	epochs	1.0
476.6940002441406	0.15298000000001366	epochs	0.0
476.6940002441406	0.05000000000001137	epochs	1.0
476.74400024414064	0.002999999999985903	epochs	1.0
476.7470002441406	0.09998000000001639	epochs	1.0
478.2990002632141	0.15298000000001366	epochs	0.0
478.2990002632141	0.05000000000001137	epochs	1.0
478.3490002632141	0.002999999999985903	epochs	1.0
478.3520002632141	0.09998000000001639	epochs	1.0
479.9489998817444	0.15298000000001366	epochs	0.0
479.9489998817444	0.05000000000001137	epochs	1.0
479.9989998817444	0.002999999999985903	epochs	1.0
480.0019998817444	0.09998000000001639	epochs	1.0
481.6319999694824	0.15298000000001366	epochs	0.0
481.6319999694824	0.05000000000001137	epochs	1.0
481.68199996948243	0.002999999999985903	epochs	1.0
481.6849999694824	0.09998000000001639	epochs	1.0
483.3320002555847	0.15298000000001366	epochs	0.0
483.3320002555847	0.05000000000001137	epochs	1.0
483.3820002555847	0.002999999999985903	epochs	1.0
483.3850002555847	0.09998000000001639	epochs	1.0
485.03200006484985	0.15298000000001366	epochs	0.0
485.03200006484985	0.05000000000001137	epochs	1.0
485.08200006484986	0.002999999999985903	epochs	1.0
485.08500006484985	0.09998000000001639	epochs	1.0
486.81500005722046	0.1089200000000119	epochs	0.0
486.81500005722046	0.049460000000010496	epochs	1.0
486.86446005722047	0.010019999999997253	epochs	1.0
486.87448005722047	0.04944000000000415	epochs	1.0
486.92392005722047	1.5309599999999932	epochs	0.0
486.92392005722047	0.5	epochs	1.0
486.92393255722044	0.5	epochs	-1.0
487.42392005722047	0.002999999999985903	epochs	1.0
487.42692005722046	1.0279600000000073	epochs	1.0
487.9269325572205	0.5	epochs	-1.0
488.45488005722046	0.07202000000000908	epochs	0.0
490.0440001487732	0.1089200000000119	epochs	0.0
490.0440001487732	0.049460000000010496	epochs	1.0
490.0934601487732	0.010019999999997253	epochs	1.0
490.1034801487732	0.04944000000000415	epochs	1.0
490.1529201487732	1.550959999999975	epochs	0.0
490.1529201487732	0.5	epochs	1.0
490.1529326487732	0.5	epochs	-1.0
490.6529201487732	0.002999999999985903	epochs	1.0
490.6559201487732	1.0479599999999891	epochs	1.0
491.1559326487732	0.5	epochs	-1.0
491.7038801487732	0.05202000000002727	epochs	0.0
493.1940002441406	0.1089200000000119	epochs	0.0
493.1940002441406	0.049460000000010496	epochs	1.0
493.24346024414064	0.010019999999997253	epochs	1.0
493.25348024414063	0.04944000000000415	epochs	1.0
493.30292024414064	1.5310399999999618	epochs	0.0
493.30292024414064	0.5	epochs	1.0
493.3029327441406	0.5	epochs	-1.0
493.80292024414064	0.002999999999985903	epochs	1.0
493.8059202441406	1.0280399999999759	epochs	1.0
494.30593274414065	0.5	epochs	-1.0
494.8339602441406	0.07194000000004053	epochs	0.0
496.42700004577637	0.6499800000000278	epochs	0.0
496.42700004577637	0.05000000000001137	epochs	1.0
496.4770000457764	0.5	epochs	1.0
496.9770000457764	0.09998000000001639	epochs	1.0
498.6820001602173	0.6499800000000278	epochs	0.0
498.6820001602173	0.05000000000001137	epochs	1.0
498.7320001602173	0.5	epochs	1.0
499.2320001602173	0.09998000000001639	epochs	1.0
500.9489998817444	0.6499800000000278	epochs	0.0
500.9489998817444	0.05000000000001137	epochs	1.0
500.9989998817444	0.5	epochs	1.0
501.4989998817444	0.09998000000001639	epochs	1.0
503.1820001602173	0.6499800000000278	epochs	0.0
503.1820001602173	0.05000000000001137	epochs	1.0
503.2320001602173	0.5	epochs	1.0
503.7320001602173	0.09998000000001639	epochs	1.0
505.481999874115	0.6499800000000278	epochs	0.0
505.481999874115	0.05000000000001137	epochs	1.0
505.531999874115	0.5	epochs	1.0
506.031999874115	0.09998000000001639	epochs	1.0
507.78200006484985	0.1089200000000119	epochs	0.0
507.78200006484985	0.049460000000010496	epochs	1.0
507.83146006484986	0.010019999999997253	epochs	1.0
507.84148006484986	0.04944000000000415	epochs	1.0
507.89092006484987	2.551960000000008	epochs	0.0
507.89092006484987	0.5	epochs	1.0
507.89093256484983	0.5	epochs	-1.0
508.39092006484987	1.0	epochs	1.0
509.39092006484987	1.0519600000000082	epochs	1.0
509.89093256484983	0.5	epochs	-1.0
510.4428800648499	2.9480199999999286	epochs	0.0
512.9489998817444	0.1089200000000119	epochs	0.0
512.9489998817444	0.04945999999995365	epochs	1.0
512.9984598817443	0.010020000000054097	epochs	1.0
513.0084798817444	0.04944000000000415	epochs	1.0
513.0579198817444	2.550960000000032	epochs	0.0
513.0579198817444	0.5	epochs	1.0
513.0579323817444	0.5	epochs	-1.0
513.5579198817444	1.0	epochs	1.0
514.5579198817444	1.0509600000000319	epochs	1.0
515.0579323817444	0.5	epochs	-1.0
515.6088798817444	2.949019999999905	epochs	0.0
518.2059998512268	0.1089200000000119	epochs	0.0
518.2059998512268	0.04945999999995365	epochs	1.0
518.2554598512268	0.010020000000054097	epochs	1.0
518.2654798512268	0.04944000000000415	epochs	1.0
518.3149198512268	2.551960000000008	epochs	0.0
518.3149198512268	0.5	epochs	1.0
518.3149323512268	0.5	epochs	-1.0
518.8149198512268	1.0	epochs	1.0
519.8149198512268	1.0519600000000082	epochs	1.0
520.3149323512268	0.5	epochs	-1.0
520.8668798512268	3.9480199999999286	epochs	0.0
522.6230001449585	0.1089200000000119	epochs	0.0
522.6230001449585	0.04945999999995365	epochs	1.0
522.6724601449584	0.010020000000054097	epochs	1.0
522.6824801449585	0.04944000000000415	epochs	1.0
522.7319201449585	2.5509399999999687	epochs	0.0
522.7319201449585	0.5	epochs	1.0
522.7319326449585	0.5	epochs	-1.0
523.2319201449585	1.0	epochs	1.0
524.2319201449585	1.0509399999999687	epochs	1.0
524.7319326449585	0.5	epochs	-1.0
525.2828601449585	3.949039999999968	epochs	0.0
526.9889998435974	0.1089200000000119	epochs	0.0
526.9889998435974	0.04945999999995365	epochs	1.0
527.0384598435974	0.010020000000054097	epochs	1.0
527.0484798435974	0.04944000000000415	epochs	1.0
527.0979198435974	2.551939999999945	epochs	0.0
527.0979198435974	0.5	epochs	1.0
527.0979323435974	0.5	epochs	-1.0
527.5979198435974	1.0	epochs	1.0
528.5979198435974	1.051939999999945	epochs	1.0
529.0979323435974	0.5	epochs	-1.0
529.6498598435974	3.948039999999992	epochs	0.0
531.4400000572205	0.1089200000000119	epochs	0.0
531.4400000572205	0.04945999999995365	epochs	1.0
531.4894600572204	0.010020000000054097	epochs	1.0
531.4994800572205	0.04944000000000415	epochs	1.0
531.5489200572205	2.550920000000019	epochs	0.0
531.5489200572205	0.5	epochs	1.0
531.5489325572205	0.5	epochs	-1.0
532.0489200572205	1.0	epochs	1.0
533.0489200572205	1.0509200000000192	epochs	1.0
533.5489325572205	0.5	epochs	-1.0
534.0998400572205	3.9490599999999176	epochs	0.0
536.3400001525879	0.1089200000000119	epochs	0.0
536.3400001525879	0.04945999999995365	epochs	1.0
536.3894601525878	0.010020000000054097	epochs	1.0
536.3994801525879	0.04944000000000415	epochs	1.0
536.4489201525879	2.550960000000032	epochs	0.0
536.4489201525879	0.5	epochs	1.0
536.4489326525879	0.5	epochs	-1.0
536.9489201525879	1.0	epochs	1.0
537.9489201525879	1.0509600000000319	epochs	1.0
538.4489326525879	0.5	epochs	-1.0
538.9998801525879	7.949019999999905	epochs	0.0
551.5160002708435	0.1089200000000119	epochs	0.0
551.5160002708435	0.04945999999995365	epochs	1.0
551.5654602708435	0.010020000000054097	epochs	1.0
551.5754802708435	0.04944000000000415	epochs	1.0
551.6249202708435	18.551900000000046	epochs	0.0
551.6249202708435	0.5	epochs	1.0
551.6249327708435	0.5	epochs	-1.0
552.1249202708435	16.0	epochs	1.0
568.1249202708435	2.051900000000046	epochs	1.0
568.6224327708435	0.5	epochs	-1.0
569.1224327708435	0.5	epochs	-1.0
569.6224327708435	0.5	epochs	-1.0
570.1768202708436	0.9480799999998908	epochs	0.0
572.2579998970032	0.1089200000000119	epochs	0.0
572.2579998970032	0.04945999999995365	epochs	1.0
572.3074598970031	0.010020000000054097	epochs	1.0
572.3174798970032	0.04944000000000415	epochs	1.0
572.3669198970032	17.33281999999997	epochs	0.0
572.3669198970032	0.5	epochs	1.0
572.3669323970032	0.5	epochs	-1.0
572.8669198970032	16.0	epochs	1.0
588.6988398970032	1.0009000000000015	epochs	-1.0
588.6988398970032	0.03989999999998872	epochs	-1.0
588.8669198970032	0.8328199999999697	epochs	1.0
589.1963523970031	0.5	epochs	-1.0
589.6997398970032	2.167159999999967	epochs	0.0
591.7459998130798	0.1089200000000119	epochs	0.0
591.7459998130798	0.04945999999995365	epochs	1.0
591.7954598130798	0.010020000000054097	epochs	1.0
591.8054798130798	0.04944000000000415	epochs	1.0
591.8549198130798	17.550899999999956	epochs	0.0
591.8549198130798	0.5	epochs	1.0
591.8549323130799	0.5	epochs	-1.0
592.3549198130798	16.0	epochs	1.0
608.3549198130798	1.050899999999956	epochs	1.0
608.8524323130798	0.5	epochs	-1.0
609.4058198130798	1.9490799999999808	epochs	0.0
610.9140000343323	0.1089200000000119	epochs	0.0
610.9140000343323	0.04945999999995365	epochs	1.0
610.9634600343322	0.010020000000054097	epochs	1.0
610.9734800343323	0.04944000000000415	epochs	1.0
611.0229200343323	17.550899999999956	epochs	0.0
611.0229200343323	0.5	epochs	1.0
611.0229325343323	0.5	epochs	-1.0
611.5229200343323	16.0	epochs	1.0
627.5229200343323	1.050899999999956	epochs	1.0
628.0195925343323	0.5	epochs	-1.0
628.5738200343322	1.9490799999999808	epochs	0.0
630.0980000495911	0.1089200000000119	epochs	0.0
630.0980000495911	0.04945999999995365	epochs	1.0
630.147460049591	0.010020000000054097	epochs	1.0
630.1574800495911	0.04944000000000415	epochs	1.0
630.2069200495911	17.550899999999956	epochs	0.0
630.2069200495911	0.5	epochs	1.0
630.2069325495911	0.5	epochs	-1.0
630.7069200495911	16.0	epochs	1.0
646.7069200495911	1.050899999999956	epochs	1.0
647.2019325495911	0.5	epochs	-1.0
647.757820049591	1.9490799999999808	epochs	0.0
649.4349999427795	0.1089200000000119	epochs	0.0
649.4349999427795	0.04945999999995365	epochs	1.0
649.4844599427795	0.010020000000054097	epochs	1.0
649.4944799427795	0.04944000000000415	epochs	1.0
649.5439199427796	2.5909399999999323	epochs	0.0
649.5439199427796	0.5	epochs	1.0
649.5439324427796	0.5	epochs	-1.0
650.0439199427796	2.0909399999999323	epochs	1.0
652.1348599427795	16.909040000000005	epochs	0.0
768.4340000152588	0.1089200000000119	epochs	0.0
768.4340000152588	0.04945999999995365	epochs	1.0
768.4834600152587	0.010020000000054097	epochs	1.0
768.4934800152588	0.04944000000000415	epochs	1.0
768.5429200152588	2.551960000000008	epochs	0.0
768.5429200152588	0.5	epochs	1.0
768.5429325152588	0.5	epochs	-1.0
769.0429200152588	1.0	epochs	1.0
770.0429200152588	1.0519600000000082	epochs	1.0
770.5429325152588	0.5	epochs	-1.0
771.0948800152588	7.948019999999929	epochs	0.0
837.9270000457764	0.1089200000000119	epochs	0.0
837.9270000457764	0.04945999999995365	epochs	1.0
837.9764600457763	0.010020000000054097	epochs	1.0
837.9864800457764	0.04944000000000415	epochs	1.0
838.0359200457764	4.170939999999973	epochs	0.0
838.0359200457764	0.5	epochs	1.0
838.5359200457764	1.0	epochs	1.0
839.5359200457764	2.6709399999999732	epochs	1.0
842.2068600457764	6.329039999999964	epochs	0.0
859.5079998970032	0.1089200000000119	epochs	0.0
859.5079998970032	0.04945999999995365	epochs	1.0
859.5574598970031	0.010020000000054097	epochs	1.0
859.5674798970032	0.04944000000000415	epochs	1.0
859.6169198970032	5.471940000000018	epochs	0.0
859.6169198970032	0.5	epochs	1.0
860.1169198970032	1.0	epochs	1.0
861.1169198970032	3.971940000000018	epochs	1.0
865.0888598970032	5.028039999999919	epochs	0.0
942.9930000305176	0.1089200000000119	epochs	0.0
942.9930000305176	0.04945999999995365	epochs	1.0
943.0424600305175	0.010020000000054097	epochs	1.0
943.0524800305176	0.04944000000000415	epochs	1.0
943.1019200305176	0.5309799999999996	epochs	0.0
943.1019200305176	0.5	epochs	1.0
943.1019325305176	0.5	epochs	-1.0
943.6019200305176	0.030979999999999563	epochs	1.0
943.6329000305176	9.968999999999937	epochs	0.0
1118.5	0.6499799999999141	epochs	0.0
1118.5	0.049999999999954525	epochs	1.0
1118.55	0.5	epochs	1.0
1119.05	0.09997999999995955	epochs	1.0
1121.0999999046326	0.6499799999999141	epochs	0.0
1121.0999999046326	0.049999999999954525	epochs	1.0
1121.1499999046325	0.5	epochs	1.0
1121.6499999046325	0.09997999999995955	epochs	1.0
1123.6040000915527	0.6499799999999141	epochs	0.0
1123.6040000915527	0.049999999999954525	epochs	1.0
1123.6540000915527	0.5	epochs	1.0
1124.1540000915527	0.09997999999995955	epochs	1.0
1126.1710000038147	0.6499799999999141	epochs	0.0
1126.1710000038147	0.049999999999954525	epochs	1.0
1126.2210000038147	0.5	epochs	1.0
1126.7210000038147	0.09997999999995955	epochs	1.0
1128.7039999961853	0.6499799999999141	epochs	0.0
1128.7039999961853	0.049999999999954525	epochs	1.0
1128.7539999961853	0.5	epochs	1.0
1129.2539999961853	0.09997999999995955	epochs	1.0
1131.2709999084473	0.6499799999999141	epochs	0.0
1131.2709999084473	0.049999999999954525	epochs	1.0
1131.3209999084472	0.5	epochs	1.0
1131.8209999084472	0.09997999999995955	epochs	1.0
1133.861999988556	0.6499799999999141	epochs	0.0
1133.861999988556	0.049999999999954525	epochs	1.0
1133.9119999885559	0.5	epochs	1.0
1134.4119999885559	0.09997999999995955	epochs	1.0
1136.4619998931885	0.6499799999999141	epochs	0.0
1136.4619998931885	0.049999999999954525	epochs	1.0
1136.5119998931884	0.5	epochs	1.0
1137.0119998931884	0.09997999999995955	epochs	1.0
1139.0960001945496	0.6499799999999141	epochs	0.0
1139.0960001945496	0.049999999999954525	epochs	1.0
1139.1460001945495	0.5	epochs	1.0
1139.6460001945495	0.09997999999995955	epochs	1.0
1141.7309999465942	0.6499799999999141	epochs	0.0
1141.7309999465942	0.049999999999954525	epochs	1.0
1141.7809999465942	0.5	epochs	1.0
1142.2809999465942	0.09997999999995955	epochs	1.0
1144.465000152588	0.6499799999999141	epochs	0.0
1144.465000152588	0.049999999999954525	epochs	1.0
1144.5150001525878	0.5	epochs	1.0
1145.0150001525878	0.09997999999995955	epochs	1.0
1147.1150002479553	0.6499799999999141	epochs	0.0
1147.1150002479553	0.049999999999954525	epochs	1.0
1147.1650002479553	0.5	epochs	1.0
1147.6650002479553	0.09997999999995955	epochs	1.0
1149.848000049591	0.6499799999999141	epochs	0.0
1149.848000049591	0.049999999999954525	epochs	1.0
1149.898000049591	0.5	epochs	1.0
1150.398000049591	0.09997999999995955	epochs	1.0
1152.606999874115	0.6499799999999141	epochs	0.0
1152.606999874115	0.049999999999954525	epochs	1.0
1152.656999874115	0.5	epochs	1.0
1153.156999874115	0.09997999999995955	epochs	1.0
1155.356999874115	0.6499799999999141	epochs	0.0
1155.356999874115	0.049999999999954525	epochs	1.0
1155.406999874115	0.5	epochs	1.0
1155.906999874115	0.09997999999995955	epochs	1.0
1158.1729998588562	0.6499799999999141	epochs	0.0
1158.1729998588562	0.049999999999954525	epochs	1.0
1158.2229998588562	0.5	epochs	1.0
1158.7229998588562	0.09997999999995955	epochs	1.0
1160.973000049591	1.9999999949504854e-05	epochs	0.0
1160.973000049591	1.9999999949504854e-05	epochs	1.0
1160.973020049591	0.6499599999999646	epochs	0.0
1164.3499999046326	0.6499799999999141	epochs	0.0
1164.3499999046326	0.049999999999954525	epochs	1.0
1164.3999999046325	0.5	epochs	1.0
1164.8999999046325	0.09997999999995955	epochs	1.0
1166.7670001983643	0.6499799999999141	epochs	0.0
1166.7670001983643	0.049999999999954525	epochs	1.0
1166.8170001983642	0.5	epochs	1.0
1167.3170001983642	0.09997999999995955	epochs	1.0
1169.2170000076294	0.6499799999999141	epochs	0.0
1169.2170000076294	0.049999999999954525	epochs	1.0
1169.2670000076293	0.5	epochs	1.0
1169.7670000076293	0.09997999999995955	epochs	1.0
1171.633999824524	0.6499799999999141	epochs	0.0
1171.633999824524	0.049999999999954525	epochs	1.0
1171.6839998245239	0.5	epochs	1.0
1172.1839998245239	0.09997999999995955	epochs	1.0
1174.0469999313354	0.6499799999999141	epochs	0.0
1174.0469999313354	0.049999999999954525	epochs	1.0
1174.0969999313354	0.5	epochs	1.0
1174.5969999313354	0.09997999999995955	epochs	1.0
1176.4970002174377	0.6499799999999141	epochs	0.0
1176.4970002174377	0.049999999999954525	epochs	1.0
1176.5470002174377	0.5	epochs	1.0
1177.0470002174377	0.09997999999995955	epochs	1.0
1179.0469999313354	0.10891999999989821	epochs	0.0
1179.0469999313354	0.04945999999995365	epochs	1.0
1179.0964599313354	0.01001999999994041	epochs	1.0
1179.1064799313353	0.04944000000000415	epochs	1.0
1179.1559199313353	2.551960000000008	epochs	0.0
1179.1559199313353	0.5	epochs	1.0
1179.1559324313355	0.5	epochs	-1.0
1179.6559199313353	1.0	epochs	1.0
1180.6559199313353	1.0519600000000082	epochs	1.0
1181.1559324313355	0.5	epochs	-1.0
1181.7078799313354	2.9480200000000423	epochs	0.0
1184.2750000953674	0.10891999999989821	epochs	0.0
1184.2750000953674	0.04945999999995365	epochs	1.0
1184.3244600953674	0.01001999999994041	epochs	1.0
1184.3344800953673	0.04944000000000415	epochs	1.0
1184.3839200953673	2.550960000000032	epochs	0.0
1184.3839200953673	0.5	epochs	1.0
1184.3839325953675	0.5	epochs	-1.0
1184.8839200953673	1.0	epochs	1.0
1185.8839200953673	1.0509600000000319	epochs	1.0
1186.3839325953675	0.5	epochs	-1.0
1186.9348800953674	2.9490200000000186	epochs	0.0
1189.5419998168945	0.10891999999989821	epochs	0.0
1189.5419998168945	0.04945999999995365	epochs	1.0
1189.5914598168945	0.01001999999994041	epochs	1.0
1189.6014798168944	0.04944000000000415	epochs	1.0
1189.6509198168944	2.550960000000032	epochs	0.0
1189.6509198168944	0.5	epochs	1.0
1189.6509323168946	0.5	epochs	-1.0
1190.1509198168944	1.0	epochs	1.0
1191.1509198168944	1.0509600000000319	epochs	1.0
1191.6509323168946	0.5	epochs	-1.0
1192.2018798168945	3.9490200000000186	epochs	0.0
1194.0609998703003	0.10891999999989821	epochs	0.0
1194.0609998703003	0.04945999999995365	epochs	1.0
1194.1104598703002	0.01001999999994041	epochs	1.0
1194.1204798703002	0.04944000000000415	epochs	1.0
1194.1699198703002	3.0509400000000824	epochs	0.0
1194.1699198703002	0.5	epochs	1.0
1194.1699323703003	0.5	epochs	-1.0
1194.6699198703002	1.0	epochs	1.0
1195.6699198703002	1.5509400000000824	epochs	1.0
1196.1699323703003	0.5	epochs	-1.0
1196.6699323703003	0.5	epochs	-1.0
1197.2208598703003	3.449039999999968	epochs	0.0
1199.2439999580383	0.10891999999989821	epochs	0.0
1199.2439999580383	0.04945999999995365	epochs	1.0
1199.2934599580383	0.01001999999994041	epochs	1.0
1199.3034799580382	0.04944000000000415	epochs	1.0
1199.3529199580382	3.0519400000000587	epochs	0.0
1199.3529199580382	0.5	epochs	1.0
1199.3529324580384	0.5	epochs	-1.0
1199.8529199580382	1.0	epochs	1.0
1200.8529199580382	1.5519400000000587	epochs	1.0
1201.3529324580384	0.5	epochs	-1.0
1201.8529324580384	0.5	epochs	-1.0
1202.4048599580383	3.448039999999992	epochs	0.0
1204.361999988556	0.10891999999989821	epochs	0.0
1204.361999988556	0.04945999999995365	epochs	1.0
1204.4114599885559	0.01001999999994041	epochs	1.0
1204.4214799885558	0.04944000000000415	epochs	1.0
1204.4709199885558	2.550960000000032	epochs	0.0
1204.4709199885558	0.5	epochs	1.0
1204.470932488556	0.5	epochs	-1.0
1204.9709199885558	1.0	epochs	1.0
1205.9709199885558	1.0509600000000319	epochs	1.0
1206.470932488556	0.5	epochs	-1.0
1207.0218799885558	3.9490200000000186	epochs	0.0
1209.5789999961853	0.10891999999989821	epochs	0.0
1209.5789999961853	0.04945999999995365	epochs	1.0
1209.6284599961853	0.01001999999994041	epochs	1.0
1209.6384799961852	0.04944000000000415	epochs	1.0
1209.6879199961852	3.050960000000032	epochs	0.0
1209.6879199961852	0.5	epochs	1.0
1209.6879324961853	0.5	epochs	-1.0
1210.1879199961852	1.0	epochs	1.0
1211.1879199961852	1.5509600000000319	epochs	1.0
1211.6879324961853	0.5	epochs	-1.0
1212.1879324961853	0.5	epochs	-1.0
1212.7388799961852	7.449020000000019	epochs	0.0
1224.784999847412	0.10891999999989821	epochs	0.0
1224.784999847412	0.04945999999995365	epochs	1.0
1224.834459847412	0.01001999999994041	epochs	1.0
1224.844479847412	0.04944000000000415	epochs	1.0
1224.893919847412	3.5109600000000682	epochs	0.0
1224.893919847412	0.5	epochs	1.0
1224.8939323474121	0.5	epochs	-1.0
1225.393919847412	1.0	epochs	1.0
1226.393919847412	2.0109600000000682	epochs	1.0
1226.8939323474121	0.5	epochs	-1.0
1227.3939323474121	0.5	epochs	-1.0
1227.8939323474121	0.5	epochs	-1.0
1228.404879847412	6.989019999999982	epochs	0.0
1239.973000049591	0.10891999999989821	epochs	0.0
1239.973000049591	0.04945999999995365	epochs	1.0
1240.022460049591	0.01001999999994041	epochs	1.0
1240.032480049591	0.04944000000000415	epochs	1.0
1240.081920049591	3.050960000000032	epochs	0.0
1240.081920049591	0.5	epochs	1.0
1240.081932549591	0.5	epochs	-1.0
1240.581920049591	1.0	epochs	1.0
1241.581920049591	1.5509600000000319	epochs	1.0
1242.081932549591	0.5	epochs	-1.0
1242.581932549591	0.5	epochs	-1.0
1243.132880049591	7.449020000000019	epochs	0.0
1255.133999824524	0.10891999999989821	epochs	0.0
1255.133999824524	0.04945999999995365	epochs	1.0
1255.1834598245239	0.01001999999994041	epochs	1.0
1255.1934798245238	0.04944000000000415	epochs	1.0
1255.2429198245238	4.011940000000095	epochs	0.0
1255.2429198245238	0.5	epochs	1.0
1255.242932324524	0.5	epochs	-1.0
1255.7429198245238	1.0	epochs	1.0
1256.7429198245238	2.511940000000095	epochs	1.0
1257.242932324524	0.5	epochs	-1.0
1257.742932324524	0.5	epochs	-1.0
1258.242932324524	0.5	epochs	-1.0
1258.742932324524	0.5	epochs	-1.0
1259.254859824524	6.488039999999955	epochs	0.0
1270.3450002670288	0.10891999999989821	epochs	0.0
1270.3450002670288	0.04945999999995365	epochs	1.0
1270.3944602670288	0.01001999999994041	epochs	1.0
1270.4044802670287	0.04944000000000415	epochs	1.0
1270.4539202670287	3.0119600000000446	epochs	0.0
1270.4539202670287	0.5	epochs	1.0
1270.4539327670288	0.5	epochs	-1.0
1270.9539202670287	1.0	epochs	1.0
1271.9539202670287	1.5119600000000446	epochs	1.0
1272.4539327670288	0.5	epochs	-1.0
1272.9539327670288	0.5	epochs	-1.0
1273.4658802670288	7.488020000000006	epochs	0.0
1313.3910002708435	0.10891999999989821	epochs	0.0
1313.3910002708435	0.04945999999995365	epochs	1.0
1313.4404602708435	0.01001999999994041	epochs	1.0
1313.4504802708434	0.04944000000000415	epochs	1.0
1313.4999202708434	4.010960000000068	epochs	0.0
1313.4999202708434	0.5	epochs	1.0
1313.4999327708435	0.5	epochs	-1.0
1313.9999202708434	1.0	epochs	1.0
1314.9999202708434	2.5109600000000682	epochs	1.0
1315.4999327708435	0.5	epochs	-1.0
1315.9999327708435	0.5	epochs	-1.0
1316.4999327708435	0.5	epochs	-1.0
1316.9999327708435	0.5	epochs	-1.0
1317.5108802708435	6.489019999999982	epochs	0.0
1328.5390000343323	0.10891999999989821	epochs	0.0
1328.5390000343323	0.04945999999995365	epochs	1.0
1328.5884600343322	0.01001999999994041	epochs	1.0
1328.5984800343322	0.04944000000000415	epochs	1.0
1328.6479200343322	3.5109800000000178	epochs	0.0
1328.6479200343322	0.5	epochs	1.0
1328.6479325343323	0.5	epochs	-1.0
1329.1479200343322	1.0	epochs	1.0
1330.1479200343322	2.0109800000000178	epochs	1.0
1330.6479325343323	0.5	epochs	-1.0
1331.1479325343323	0.5	epochs	-1.0
1331.6479325343323	0.5	epochs	-1.0
1332.1589000343322	6.989000000000033	epochs	0.0
1343.7340002059937	0.10891999999989821	epochs	0.0
1343.7340002059937	0.04945999999995365	epochs	1.0
1343.7834602059936	0.01001999999994041	epochs	1.0
1343.7934802059935	0.04944000000000415	epochs	1.0
1343.8429202059936	3.5109600000000682	epochs	0.0
1343.8429202059936	0.5	epochs	1.0
1343.8429327059937	0.5	epochs	-1.0
1344.3429202059936	1.0	epochs	1.0
1345.3429202059936	2.0109600000000682	epochs	1.0
1345.8429327059937	0.5	epochs	-1.0
1346.3429327059937	0.5	epochs	-1.0
1346.8429327059937	0.5	epochs	-1.0
1347.3538802059936	6.989019999999982	epochs	0.0
1358.9739999771118	0.10891999999989821	epochs	0.0
1358.9739999771118	0.04945999999995365	epochs	1.0
1359.0234599771118	0.01001999999994041	epochs	1.0
1359.0334799771117	0.04944000000000415	epochs	1.0
1359.0829199771117	3.5109600000000682	epochs	0.0
1359.0829199771117	0.5	epochs	1.0
1359.0829324771119	0.5	epochs	-1.0
1359.5829199771117	1.0	epochs	1.0
1360.5829199771117	2.0109600000000682	epochs	1.0
1361.0829324771119	0.5	epochs	-1.0
1361.5829324771119	0.5	epochs	-1.0
1362.0829324771119	0.5	epochs	-1.0
1362.5938799771118	6.989019999999982	epochs	0.0
1374.156000137329	0.10891999999989821	epochs	0.0
1374.156000137329	0.04945999999995365	epochs	1.0
1374.205460137329	0.01001999999994041	epochs	1.0
1374.215480137329	0.04944000000000415	epochs	1.0
1374.264920137329	4.010960000000068	epochs	0.0
1374.264920137329	0.5	epochs	1.0
1374.2649326373291	0.5	epochs	-1.0
1374.764920137329	1.0	epochs	1.0
1375.764920137329	2.5109600000000682	epochs	1.0
1376.2649326373291	0.5	epochs	-1.0
1376.7649326373291	0.5	epochs	-1.0
1377.2649326373291	0.5	epochs	-1.0
1377.7649326373291	0.5	epochs	-1.0
1378.275880137329	6.489019999999982	epochs	0.0
1389.3940000534058	0.10891999999989821	epochs	0.0
1389.3940000534058	0.04945999999995365	epochs	1.0
1389.4434600534057	0.01001999999994041	epochs	1.0
1389.4534800534057	0.04944000000000415	epochs	1.0
1389.5029200534057	3.5109600000000682	epochs	0.0
1389.5029200534057	0.5	epochs	1.0
1389.5029325534058	0.5	epochs	-1.0
1390.0029200534057	1.0	epochs	1.0
1391.0029200534057	2.0109600000000682	epochs	1.0
1391.5029325534058	0.5	epochs	-1.0
1392.0029325534058	0.5	epochs	-1.0
1392.5029325534058	0.5	epochs	-1.0
1393.0138800534057	6.989019999999982	epochs	0.0
1404.585000038147	0.10891999999989821	epochs	0.0
1404.585000038147	0.04945999999995365	epochs	1.0
1404.634460038147	0.01001999999994041	epochs	1.0
1404.6444800381469	0.04944000000000415	epochs	1.0
1404.6939200381469	5.010920000000169	epochs	0.0
1404.6939200381469	0.5	epochs	1.0
1404.693932538147	0.5	epochs	-1.0
1405.1939200381469	1.0	epochs	1.0
1406.1939200381469	3.5109200000001692	epochs	1.0
1406.693932538147	0.5	epochs	-1.0
1407.193932538147	0.5	epochs	-1.0
1407.693932538147	0.5	epochs	-1.0
1408.193932538147	0.5	epochs	-1.0
1408.693932538147	0.5	epochs	-1.0
1409.193932538147	0.5	epochs	-1.0
1409.704840038147	5.489059999999881	epochs	0.0
1419.8270001411438	0.10891999999989821	epochs	0.0
1419.8270001411438	0.04945999999995365	epochs	1.0
1419.8764601411438	0.01001999999994041	epochs	1.0
1419.8864801411437	0.04944000000000415	epochs	1.0
1419.9359201411437	4.510960000000068	epochs	0.0
1419.9359201411437	0.5	epochs	1.0
1419.9359326411438	0.5	epochs	-1.0
1420.4359201411437	1.0	epochs	1.0
1421.4359201411437	3.0109600000000682	epochs	1.0
1421.9359326411438	0.5	epochs	-1.0
1422.4359326411438	0.5	epochs	-1.0
1422.9359326411438	0.5	epochs	-1.0
1423.4359326411438	0.5	epochs	-1.0
1423.9359326411438	0.5	epochs	-1.0
1424.4468801411438	5.989019999999982	epochs	0.0
1435.026999950409	0.10891999999989821	epochs	0.0
1435.026999950409	0.04945999999995365	epochs	1.0
1435.076459950409	0.01001999999994041	epochs	1.0
1435.0864799504088	0.04944000000000415	epochs	1.0
1435.1359199504088	3.5109400000001187	epochs	0.0
1435.1359199504088	0.5	epochs	1.0
1435.135932450409	0.5	epochs	-1.0
1435.6359199504088	1.0	epochs	1.0
1436.6359199504088	2.0109400000001187	epochs	1.0
1437.135932450409	0.5	epochs	-1.0
1437.635932450409	0.5	epochs	-1.0
1438.135932450409	0.5	epochs	-1.0
1438.646859950409	6.989039999999932	epochs	0.0
1466.0289998054504	0.1088799999999992	epochs	0.0
1466.0289998054504	0.04944000000000415	epochs	1.0
1466.0784398054504	0.010080000000016298	epochs	1.0
1466.0885198054505	0.049359999999978754	epochs	1.0
1466.1378798054504	2.0	epochs	0.0
1468.1378798054504	17.83071999999993	epochs	0.0
1468.1378798054504	1.0	epochs	1.0
1468.1379323054505	0.5	epochs	-1.0
1468.6379323054505	17.33066749999989	epochs	-1.0
1469.1378798054504	16.83071999999993	epochs	1.0
1469.1378798054504	8.000000002539309e-05	epochs	2.0
1469.1379598054505	4.356719999999996	epochs	-1.0
1469.1379598054505	1.974559999999883	epochs	2.0
1469.1379598054505	1.0985599999999067	epochs	3.0
1470.2365198054504	0.8759999999999764	epochs	3.0
1471.1125198054503	1.3523999999999887	epochs	2.0
1471.1125198054503	0.7286400000000413	epochs	3.0
1471.8411598054504	0.6237599999999475	epochs	3.0
1472.4649198054503	1.029760000000124	epochs	2.0
1472.4649198054503	0.5453600000000733	epochs	3.0
1473.0102798054504	0.48440000000005057	epochs	3.0
1473.4946798054505	0.8317600000000311	epochs	2.0
1473.4946798054505	0.435760000000073	epochs	3.0
1473.9304398054505	0.39599999999995816	epochs	3.0
1474.3264398054505	0.697840000000042	epochs	2.0
1474.3264398054505	0.3628799999999046	epochs	3.0
1474.6893198054504	0.33496000000013737	epochs	3.0
1475.0242798054505	0.6010400000000118	epochs	2.0
1475.0242798054505	0.3108799999999974	epochs	3.0
1475.3351598054505	0.2901600000000144	epochs	3.0
1475.6253198054505	0.5278399999999692	epochs	2.0
1475.6253198054505	0.2719199999999091	epochs	3.0
1475.8972398054505	0.2559200000000601	epochs	3.0
1476.1531598054505	0.47064000000000306	epochs	2.0
1476.1531598054505	0.24167999999986023	epochs	3.0
1476.3948398054504	0.22896000000014283	epochs	3.0
1476.6237998054505	0.42455999999992855	epochs	2.0
1476.6237998054505	0.21743999999989683	epochs	3.0
1476.8412398054504	0.20712000000003172	epochs	3.0
1477.0483598054504	0.3867199999999684	epochs	2.0
1477.0483598054504	0.1976799999999912	epochs	3.0
1477.2460398054504	0.18903999999997723	epochs	3.0
1477.4350798054504	0.3551199999999426	epochs	2.0
1477.4350798054504	0.1811999999999898	epochs	3.0
1477.6162798054504	0.17391999999995278	epochs	3.0
1477.7901998054504	0.3282400000000507	epochs	2.0
1477.7901998054504	0.1672000000000935	epochs	3.0
1477.9573998054505	0.16103999999995722	epochs	3.0
1478.1184398054504	0.30520000000001346	epochs	2.0
1478.1184398054504	0.1552799999999479	epochs	3.0
1478.2737198054504	0.14992000000006556	epochs	3.0
1478.4236398054504	0.28512000000000626	epochs	2.0
1478.4236398054504	0.1448800000000574	epochs	3.0
1478.5685198054505	0.14023999999994885	epochs	3.0
1478.7087598054504	0.2675200000001041	epochs	2.0
1478.7087598054504	0.13583999999991647	epochs	3.0
1478.8445998054503	0.13168000000018765	epochs	3.0
1478.9762798054505	0.2520799999999781	epochs	2.0
1478.9762798054505	0.12783999999987827	epochs	3.0
1479.1041198054504	0.12424000000009983	epochs	3.0
1479.2283598054505	0.2381599999998798	epochs	2.0
1479.2283598054505	0.12071999999989202	epochs	3.0
1479.3490798054504	0.11743999999998778	epochs	3.0
1479.4665198054504	0.225840000000062	epochs	2.0
1479.4665198054504	0.11440000000015971	epochs	3.0
1479.5809198054505	0.11143999999990228	epochs	3.0
1479.6923598054505	0.21463999999991756	epochs	2.0
1479.6923598054505	0.10863999999992302	epochs	3.0
1479.8009998054504	0.10599999999999454	epochs	3.0
1479.9069998054504	0.20448000000010325	epochs	2.0
1479.9069998054504	0.10344000000009146	epochs	3.0
1480.0104398054505	0.10104000000001179	epochs	3.0
1480.1114798054505	0.19535999999993692	epochs	2.0
1480.1114798054505	0.0987999999999829	epochs	3.0
1480.2102798054505	0.09655999999995402	epochs	3.0
1480.3068398054504	0.18695999999999913	epochs	2.0
1480.3068398054504	0.09447999999997592	epochs	3.0
1480.4013198054504	0.09248000000002321	epochs	3.0
1480.4937998054504	0.1792000000000371	epochs	2.0
1480.4937998054504	0.0904800000000705	epochs	3.0
1480.5842798054505	0.0887199999999666	epochs	3.0
1480.6729998054504	0.17208000000005086	epochs	2.0
1480.6729998054504	0.08688000000006468	epochs	3.0
1480.7598798054505	0.08519999999998618	epochs	3.0
1480.8450798054505	0.165520000000015	epochs	2.0
1480.8450798054505	0.08359999999993306	epochs	3.0
1480.9286798054504	0.08192000000008193	epochs	3.0
1481.0105998054505	0.1595199999999295	epochs	2.0
1481.0105998054505	0.08047999999985223	epochs	3.0
1481.0910798054504	0.07904000000007727	epochs	3.0
1481.1701198054504	0.15375999999992018	epochs	2.0
1481.1701198054504	0.07760000000007494	epochs	3.0
1481.2477198054505	0.07615999999984524	epochs	3.0
1481.3238798054504	0.14856000000008862	epochs	2.0
1481.3238798054504	0.07496000000014647	epochs	3.0
1481.3988398054505	0.07359999999994216	epochs	3.0
1481.4724398054504	0.14367999999990388	epochs	2.0
1481.4724398054504	0.0724800000000414	epochs	3.0
1481.5449198054505	0.07119999999986248	epochs	3.0
1481.6161198054504	0.1390400000000227	epochs	2.0
1481.6161198054504	0.0700800000001891	epochs	3.0
1481.6861998054505	0.0689599999998336	epochs	3.0
1481.7551598054504	0.13472000000001572	epochs	2.0
1481.7551598054504	0.06791999999995824	epochs	3.0
1481.8230798054503	0.06680000000005748	epochs	3.0
1481.8898798054504	0.1307200000001103	epochs	2.0
1481.8898798054504	0.06583999999998014	epochs	3.0
1481.9557198054504	0.06488000000013017	epochs	3.0
1482.0205998054505	0.1268000000000029	epochs	2.0
1482.0205998054505	0.06384000000002743	epochs	3.0
1482.0844398054505	0.06295999999997548	epochs	3.0
1482.1473998054505	0.12328000000002248	epochs	2.0
1482.1473998054505	0.06207999999992353	epochs	3.0
1482.2094798054504	0.06120000000009895	epochs	3.0
1482.2706798054505	0.11983999999984007	epochs	2.0
1482.2706798054505	0.06031999999981963	epochs	3.0
1482.3309998054503	0.059520000000020445	epochs	3.0
1482.3905198054504	0.11663999999996122	epochs	2.0
1482.3905198054504	0.05871999999999389	epochs	3.0
1482.4492398054504	0.05791999999996733	epochs	3.0
1482.5071598054503	0.11360000000013315	epochs	2.0
1482.5071598054503	0.05720000000019354	epochs	3.0
1482.5643598054505	0.05639999999993961	epochs	3.0
1482.6207598054505	0.11071999999990112	epochs	2.0
1482.6207598054505	0.055679999999938445	epochs	3.0
1482.6764398054504	0.055039999999962674	epochs	3.0
1482.7314798054504	0.10792000000014923	epochs	2.0
1482.7314798054504	0.05424000000016349	epochs	3.0
1482.7857198054505	0.05367999999998574	epochs	3.0
1482.8393998054505	0.10527999999999338	epochs	2.0
1482.8393998054505	0.052959999999984575	epochs	3.0
1482.8923598054505	0.052320000000008804	epochs	3.0
1482.9446798054505	0.10287999999991371	epochs	2.0
1482.9446798054505	0.05175999999983105	epochs	3.0
1482.9964398054503	0.051120000000082655	epochs	3.0
1483.0475598054504	0.10040000000003602	epochs	2.0
1483.0475598054504	0.050480000000106884	epochs	3.0
1483.0980398054505	0.04991999999992913	epochs	3.0
1483.1479598054505	0.09824000000003252	epochs	2.0
1483.1479598054505	0.049359999999978754	epochs	3.0
1483.1973198054504	0.04888000000005377	epochs	3.0
1483.2461998054505	0.09600000000000364	epochs	2.0
1483.2461998054505	0.048239999999850625	epochs	3.0
1483.2944398054503	0.04776000000015301	epochs	3.0
1483.3421998054505	0.09392000000002554	epochs	2.0
1483.3421998054505	0.04719999999997526	epochs	3.0
1483.3893998054505	0.04672000000005028	epochs	3.0
1483.4361198054505	0.09191999999984546	epochs	2.0
1483.4361198054505	0.046159999999872525	epochs	3.0
1483.4822798054504	0.04575999999997293	epochs	3.0
1483.5280398054504	0.09008000000017091	epochs	2.0
1483.5280398054504	0.04528000000004795	epochs	3.0
1483.5733198054504	0.044800000000122964	epochs	3.0
1483.6181198054505	0.08816000000001623	epochs	2.0
1483.6181198054505	0.044319999999970605	epochs	3.0
1483.6624398054505	0.04384000000004562	epochs	3.0
1483.7062798054505	0.08647999999993772	epochs	2.0
1483.7062798054505	0.043439999999918655	epochs	3.0
1483.7497198054505	0.04304000000001906	epochs	3.0
1483.7927598054505	0.08472000000006119	epochs	2.0
1483.7927598054505	0.042559999999866704	epochs	3.0
1483.8353198054504	0.042160000000194486	epochs	3.0
1483.8774798054505	0.0831999999998061	epochs	2.0
1483.8774798054505	0.04175999999984015	epochs	3.0
1483.9192398054504	0.04143999999996595	epochs	3.0
1483.9606798054504	0.08152000000018234	epochs	2.0
1483.9606798054504	0.040960000000040964	epochs	3.0
1484.0016398054504	0.04056000000014137	epochs	3.0
1484.0421998054505	0.08007999999995263	epochs	2.0
1484.0421998054505	0.040239999999812426	epochs	3.0
1484.0824398054503	0.03984000000014021	epochs	3.0
1484.1222798054505	0.0786399999999503	epochs	2.0
1484.1222798054505	0.039520000000038635	epochs	3.0
1484.1617998054505	0.03911999999991167	epochs	3.0
1484.2009198054504	0.07719999999994798	epochs	2.0
1484.2009198054504	0.03880000000003747	epochs	3.0
1484.2397198054505	0.038399999999910506	epochs	3.0
1484.2781198054504	0.07591999999999643	epochs	2.0
1484.2781198054504	0.0381600000000617	epochs	3.0
1484.3162798054504	0.037759999999934735	epochs	3.0
1484.3540398054504	0.0745600000000195	epochs	2.0
1484.3540398054504	0.037440000000060536	epochs	3.0
1484.3914798054504	0.037119999999958964	epochs	3.0
1484.4285998054504	0.07336000000009335	epochs	2.0
1484.4285998054504	0.036800000000084765	epochs	3.0
1484.4653998054505	0.036560000000008586	epochs	3.0
1484.5019598054505	0.07207999999991443	epochs	2.0
1484.5019598054505	0.03615999999988162	epochs	3.0
1484.5381198054504	0.035920000000032815	epochs	3.0
1484.5740398054504	0.07087999999998829	epochs	2.0
1484.5740398054504	0.03559999999993124	epochs	3.0
1484.6096398054503	0.035280000000057044	epochs	3.0
1484.6449198054504	0.06984000000011292	epochs	2.0
1484.6449198054504	0.035039999999980864	epochs	3.0
1484.6799598054504	0.03480000000013206	epochs	3.0
1484.7147598054505	0.0686399999999594	epochs	2.0
1484.7147598054505	0.034480000000030486	epochs	3.0
1484.7492398054505	0.034159999999928914	epochs	3.0
1484.7833998054505	0.06759999999985666	epochs	2.0
1484.7833998054505	0.03392000000008011	epochs	3.0
1484.8173198054506	0.033679999999776555	epochs	3.0
1484.8509998054503	0.06656000000020867	epochs	2.0
1484.8509998054503	0.03344000000015512	epochs	3.0
1484.8844398054505	0.03312000000005355	epochs	3.0
1484.9175598054505	0.06559999999990396	epochs	2.0
1484.9175598054505	0.032960000000002765	epochs	3.0
1484.9505198054505	0.03263999999990119	epochs	3.0
1484.9831598054504	0.0645600000000286	epochs	2.0
1484.9831598054504	0.03240000000005239	epochs	3.0
1485.0155598054505	0.03215999999997621	epochs	3.0
1485.0477198054505	0.06367999999997664	epochs	2.0
1485.0477198054505	0.03199999999992542	epochs	3.0
1485.0797198054504	0.03168000000005122	epochs	3.0
1485.1113998054504	0.0627199999998993	epochs	2.0
1485.1113998054504	0.03143999999997504	epochs	3.0
1485.1428398054504	0.03127999999992426	epochs	3.0
1485.1741198054503	0.061840000000074724	epochs	2.0
1485.1741198054503	0.03104000000007545	epochs	3.0
1485.2051598054504	0.030799999999999272	epochs	3.0
1485.2359598054504	0.060960000000022774	epochs	2.0
1485.2359598054504	0.030559999999923093	epochs	3.0
1485.2665198054503	0.03040000000009968	epochs	3.0
1485.2969198054504	0.060159999999996217	epochs	2.0
1485.2969198054504	0.0301600000000235	epochs	3.0
1485.3270798054505	0.029999999999972715	epochs	3.0
1485.3570798054504	0.059279999999944266	epochs	2.0
1485.3570798054504	0.029680000000098516	epochs	3.0
1485.3867598054505	0.02959999999984575	epochs	3.0
1485.4163598054504	0.05848000000014508	epochs	2.0
1485.4163598054504	0.029359999999996944	epochs	3.0
1485.4457198054504	0.02912000000014814	epochs	3.0
1485.4748398054505	0.057759999999916545	epochs	2.0
1485.4748398054505	0.02895999999986998	epochs	3.0
1485.5037998054504	0.028800000000046566	epochs	3.0
1485.5325998054504	0.05695999999988999	epochs	2.0
1485.5325998054504	0.028559999999970387	epochs	3.0
1485.5611598054504	0.0283999999999196	epochs	3.0
1485.5895598054503	0.0562400000001162	epochs	2.0
1485.5895598054503	0.028160000000070795	epochs	3.0
1485.6177198054504	0.028080000000045402	epochs	3.0
1485.6457998054505	0.05544000000008964	epochs	2.0
1485.6457998054505	0.027839999999969223	epochs	3.0
1485.6736398054504	0.027600000000120417	epochs	3.0
1485.7012398054505	0.05487999999991189	epochs	2.0
1485.7012398054505	0.02751999999986765	epochs	3.0
1485.7287598054504	0.027360000000044238	epochs	3.0
1485.7561198054505	0.05407999999988533	epochs	2.0
1485.7561198054505	0.02711999999996806	epochs	3.0
1485.7832398054504	0.026959999999917272	epochs	3.0
1485.8101998054503	0.053440000000136934	epochs	2.0
1485.8101998054503	0.02680000000009386	epochs	3.0
1485.8369998054504	0.026640000000043074	epochs	3.0
1485.8636398054505	0.05287999999995918	epochs	2.0
1485.8636398054505	0.026479999999992287	epochs	3.0
1485.8901198054505	0.026399999999966894	epochs	3.0
1485.9165198054504	0.052079999999932625	epochs	2.0
1485.9165198054504	0.02616000000011809	epochs	3.0
1485.9426798054506	0.025919999999814536	epochs	3.0
1485.9685998054504	4.169200000000046	epochs	0.0
1520.3790001869202	0.1088799999999992	epochs	0.0
1520.3790001869202	0.04944000000000415	epochs	1.0
1520.4284401869202	0.010080000000016298	epochs	1.0
1520.4385201869202	0.049359999999978754	epochs	1.0
1520.4878801869202	2.0	epochs	0.0
1522.4878801869202	5.370799999999917	epochs	0.0
1522.4878801869202	1.0	epochs	1.0
1522.4879326869202	0.5	epochs	-1.0
1522.9879326869202	4.870747499999879	epochs	-1.0
1523.4878801869202	4.370799999999917	epochs	1.0
1523.4878801869202	8.000000002539309e-05	epochs	2.0
1523.4879601869202	4.356719999999996	epochs	-1.0
1523.4879601869202	1.974559999999883	epochs	2.0
1523.4879601869202	1.0985599999999067	epochs	3.0
1524.58652018692	0.8759999999999764	epochs	3.0
1525.46252018692	1.3523999999999887	epochs	2.0
1525.46252018692	0.7286400000000413	epochs	3.0
1526.1911601869201	0.6237599999999475	epochs	3.0
1526.81492018692	1.029760000000124	epochs	2.0
1526.81492018692	0.5453600000000733	epochs	3.0
1527.3602801869201	0.48440000000005057	epochs	3.0
1527.8446801869202	0.013999999999896318	epochs	2.0
1527.8446801869202	0.013999999999896318	epochs	3.0
1527.85868018692	16.629120000000057	epochs	0.0
1530.924000263214	0.1088799999999992	epochs	0.0
1530.924000263214	0.04944000000000415	epochs	1.0
1530.9734402632141	0.010080000000016298	epochs	1.0
1530.9835202632141	0.049359999999978754	epochs	1.0
1531.032880263214	2.0	epochs	0.0
1533.032880263214	21.510800000000017	epochs	0.0
1533.032880263214	1.0	epochs	1.0
1533.0329327632141	0.5	epochs	-1.0
1533.5329327632141	19.999360000000024	epochs	-1.0
1534.032880263214	20.0	epochs	1.0
1534.032880263214	8.000000002539309e-05	epochs	2.0
1534.0329602632141	4.356719999999996	epochs	-1.0
1534.0329602632141	1.974559999999883	epochs	2.0
1534.0329602632141	1.0985599999999067	epochs	3.0
1535.131520263214	0.8759999999999764	epochs	3.0
1536.007520263214	1.3523999999999887	epochs	2.0
1536.007520263214	0.7286400000000413	epochs	3.0
1536.736160263214	0.6237599999999475	epochs	3.0
1537.359920263214	1.029760000000124	epochs	2.0
1537.359920263214	0.5453600000000733	epochs	3.0
1537.905280263214	0.48440000000005057	epochs	3.0
1538.3896802632141	0.8317600000000311	epochs	2.0
1538.3896802632141	0.435760000000073	epochs	3.0
1538.8254402632142	0.39599999999995816	epochs	3.0
1539.2214402632142	0.697840000000042	epochs	2.0
1539.2214402632142	0.3628799999999046	epochs	3.0
1539.584320263214	0.33496000000013737	epochs	3.0
1539.9192802632142	0.6010400000000118	epochs	2.0
1539.9192802632142	0.3108799999999974	epochs	3.0
1540.2301602632142	0.2901600000000144	epochs	3.0
1540.5203202632142	0.5278399999999692	epochs	2.0
1540.5203202632142	0.2719199999999091	epochs	3.0
1540.7922402632141	0.2559200000000601	epochs	3.0
1541.0481602632142	0.47064000000000306	epochs	2.0
1541.0481602632142	0.24167999999986023	epochs	3.0
1541.289840263214	0.22896000000014283	epochs	3.0
1541.5188002632142	0.42455999999992855	epochs	2.0
1541.5188002632142	0.21743999999989683	epochs	3.0
1541.736240263214	0.20712000000003172	epochs	3.0
1541.9433602632141	0.3867199999999684	epochs	2.0
1541.9433602632141	0.1976799999999912	epochs	3.0
1542.141040263214	0.18903999999997723	epochs	3.0
1542.330080263214	0.3551199999999426	epochs	2.0
1542.330080263214	0.1811999999999898	epochs	3.0
1542.511280263214	0.17391999999995278	epochs	3.0
1542.685200263214	0.3282400000000507	epochs	2.0
1542.685200263214	0.1672000000000935	epochs	3.0
1542.8524002632141	0.16103999999995722	epochs	3.0
1543.013440263214	0.30520000000001346	epochs	2.0
1543.013440263214	0.1552799999999479	epochs	3.0
1543.168720263214	0.14992000000006556	epochs	3.0
1543.318640263214	0.28512000000000626	epochs	2.0
1543.318640263214	0.1448800000000574	epochs	3.0
1543.4635202632141	0.14023999999994885	epochs	3.0
1543.603760263214	0.2675200000001041	epochs	2.0
1543.603760263214	0.13583999999991647	epochs	3.0
1543.739600263214	0.13168000000018765	epochs	3.0
1543.8712802632142	0.2520799999999781	epochs	2.0
1543.8712802632142	0.12783999999987827	epochs	3.0
1543.999120263214	0.12424000000009983	epochs	3.0
1544.1233602632142	0.2381599999998798	epochs	2.0
1544.1233602632142	0.12071999999989202	epochs	3.0
1544.244080263214	0.11743999999998778	epochs	3.0
1544.361520263214	0.225840000000062	epochs	2.0
1544.361520263214	0.11440000000015971	epochs	3.0
1544.4759202632142	0.11143999999990228	epochs	3.0
1544.5873602632141	0.21463999999991756	epochs	2.0
1544.5873602632141	0.10863999999992302	epochs	3.0
1544.696000263214	0.10599999999999454	epochs	3.0
1544.802000263214	0.20448000000010325	epochs	2.0
1544.802000263214	0.10344000000009146	epochs	3.0
1544.9054402632141	0.10104000000001179	epochs	3.0
1545.0064802632141	0.19535999999993692	epochs	2.0
1545.0064802632141	0.0987999999999829	epochs	3.0
1545.1052802632141	0.09655999999995402	epochs	3.0
1545.201840263214	0.18695999999999913	epochs	2.0
1545.201840263214	0.09447999999997592	epochs	3.0
1545.296320263214	0.09248000000002321	epochs	3.0
1545.388800263214	0.1792000000000371	epochs	2.0
1545.388800263214	0.0904800000000705	epochs	3.0
1545.4792802632142	0.0887199999999666	epochs	3.0
1545.5680002632141	0.17208000000005086	epochs	2.0
1545.5680002632141	0.08688000000006468	epochs	3.0
1545.6548802632142	0.08519999999998618	epochs	3.0
1545.7400802632142	0.165520000000015	epochs	2.0
1545.7400802632142	0.08359999999993306	epochs	3.0
1545.823680263214	0.08192000000008193	epochs	3.0
1545.9056002632142	0.1595199999999295	epochs	2.0
1545.9056002632142	0.08047999999985223	epochs	3.0
1545.986080263214	0.07904000000007727	epochs	3.0
1546.065120263214	0.15375999999992018	epochs	2.0
1546.065120263214	0.07760000000007494	epochs	3.0
1546.1427202632142	0.07615999999984524	epochs	3.0
1546.218880263214	0.14856000000008862	epochs	2.0
1546.218880263214	0.07496000000014647	epochs	3.0
1546.2938402632142	0.07359999999994216	epochs	3.0
1546.3674402632141	0.14367999999990388	epochs	2.0
1546.3674402632141	0.0724800000000414	epochs	3.0
1546.4399202632142	0.07119999999986248	epochs	3.0
1546.511120263214	0.1390400000000227	epochs	2.0
1546.511120263214	0.0700800000001891	epochs	3.0
1546.5812002632142	0.0689599999998336	epochs	3.0
1546.650160263214	0.13472000000001572	epochs	2.0
1546.650160263214	0.06791999999995824	epochs	3.0
1546.718080263214	0.06680000000005748	epochs	3.0
1546.784880263214	0.1307200000001103	epochs	2.0
1546.784880263214	0.06583999999998014	epochs	3.0
1546.850720263214	0.06488000000013017	epochs	3.0
1546.9156002632142	0.1268000000000029	epochs	2.0
1546.9156002632142	0.06384000000002743	epochs	3.0
1546.9794402632142	0.06295999999997548	epochs	3.0
1547.0424002632142	0.12328000000002248	epochs	2.0
1547.0424002632142	0.06207999999992353	epochs	3.0
1547.104480263214	0.06120000000009895	epochs	3.0
1547.1656802632142	0.11983999999984007	epochs	2.0
1547.1656802632142	0.06031999999981963	epochs	3.0
1547.226000263214	0.059520000000020445	epochs	3.0
1547.285520263214	0.11663999999996122	epochs	2.0
1547.285520263214	0.05871999999999389	epochs	3.0
1547.344240263214	0.05791999999996733	epochs	3.0
1547.402160263214	0.11360000000013315	epochs	2.0
1547.402160263214	0.05720000000019354	epochs	3.0
1547.4593602632142	0.05639999999993961	epochs	3.0
1547.5157602632141	0.11071999999990112	epochs	2.0
1547.5157602632141	0.055679999999938445	epochs	3.0
1547.571440263214	0.055039999999962674	epochs	3.0
1547.626480263214	0.10792000000014923	epochs	2.0
1547.626480263214	0.05424000000016349	epochs	3.0
1547.6807202632142	0.05367999999998574	epochs	3.0
1547.7344002632142	0.10527999999999338	epochs	2.0
1547.7344002632142	0.052959999999984575	epochs	3.0
1547.7873602632142	0.052320000000008804	epochs	3.0
1547.8396802632142	0.10287999999991371	epochs	2.0
1547.8396802632142	0.05175999999983105	epochs	3.0
1547.891440263214	0.051120000000082655	epochs	3.0
1547.942560263214	0.10040000000003602	epochs	2.0
1547.942560263214	0.050480000000106884	epochs	3.0
1547.9930402632142	0.04991999999992913	epochs	3.0
1548.0429602632141	0.09824000000003252	epochs	2.0
1548.0429602632141	0.049359999999978754	epochs	3.0
1548.092320263214	0.04888000000005377	epochs	3.0
1548.1412002632142	0.09600000000000364	epochs	2.0
1548.1412002632142	0.048239999999850625	epochs	3.0
1548.189440263214	0.04776000000015301	epochs	3.0
1548.2372002632142	0.09392000000002554	epochs	2.0
1548.2372002632142	0.04719999999997526	epochs	3.0
1548.2844002632141	0.04672000000005028	epochs	3.0
1548.3311202632142	0.09191999999984546	epochs	2.0
1548.3311202632142	0.046159999999872525	epochs	3.0
1548.377280263214	0.04575999999997293	epochs	3.0
1548.423040263214	0.09008000000017091	epochs	2.0
1548.423040263214	0.04528000000004795	epochs	3.0
1548.468320263214	0.044800000000122964	epochs	3.0
1548.5131202632142	0.08816000000001623	epochs	2.0
1548.5131202632142	0.044319999999970605	epochs	3.0
1548.5574402632142	0.04384000000004562	epochs	3.0
1548.6012802632142	0.08647999999993772	epochs	2.0
1548.6012802632142	0.043439999999918655	epochs	3.0
1548.6447202632141	0.04304000000001906	epochs	3.0
1548.6877602632142	0.08472000000006119	epochs	2.0
1548.6877602632142	0.042559999999866704	epochs	3.0
1548.730320263214	0.042160000000194486	epochs	3.0
1548.7724802632142	0.0831999999998061	epochs	2.0
1548.7724802632142	0.04175999999984015	epochs	3.0
1548.814240263214	0.04143999999996595	epochs	3.0
1548.855680263214	0.08152000000018234	epochs	2.0
1548.855680263214	0.040960000000040964	epochs	3.0
1548.896640263214	0.04056000000014137	epochs	3.0
1548.9372002632142	0.08007999999995263	epochs	2.0
1548.9372002632142	0.040239999999812426	epochs	3.0
1548.977440263214	0.03984000000014021	epochs	3.0
1549.0172802632142	0.0786399999999503	epochs	2.0
1549.0172802632142	0.039520000000038635	epochs	3.0
1549.0568002632142	0.03911999999991167	epochs	3.0
1549.095920263214	0.07719999999994798	epochs	2.0
1549.095920263214	0.03880000000003747	epochs	3.0
1549.1347202632141	0.038399999999910506	epochs	3.0
1549.173120263214	0.07591999999999643	epochs	2.0
1549.173120263214	0.0381600000000617	epochs	3.0
1549.2112802632141	0.037759999999934735	epochs	3.0
1549.249040263214	0.0745600000000195	epochs	2.0
1549.249040263214	0.037440000000060536	epochs	3.0
1549.2864802632141	0.037119999999958964	epochs	3.0
1549.323600263214	0.07336000000009335	epochs	2.0
1549.323600263214	0.036800000000084765	epochs	3.0
1549.3604002632142	0.036560000000008586	epochs	3.0
1549.3969602632142	0.07207999999991443	epochs	2.0
1549.3969602632142	0.03615999999988162	epochs	3.0
1549.433120263214	0.035920000000032815	epochs	3.0
1549.469040263214	0.07087999999998829	epochs	2.0
1549.469040263214	0.03559999999993124	epochs	3.0
1549.504640263214	0.035280000000057044	epochs	3.0
1549.539920263214	0.06984000000011292	epochs	2.0
1549.539920263214	0.035039999999980864	epochs	3.0
1549.574960263214	0.03480000000013206	epochs	3.0
1549.6097602632142	0.0686399999999594	epochs	2.0
1549.6097602632142	0.034480000000030486	epochs	3.0
1549.6442402632142	0.034159999999928914	epochs	3.0
1549.6784002632141	0.06759999999985666	epochs	2.0
1549.6784002632141	0.03392000000008011	epochs	3.0
1549.7123202632142	0.033679999999776555	epochs	3.0
1549.746000263214	0.06656000000020867	epochs	2.0
1549.746000263214	0.03344000000015512	epochs	3.0
1549.7794402632142	0.03312000000005355	epochs	3.0
1549.8125602632142	0.06559999999990396	epochs	2.0
1549.8125602632142	0.032960000000002765	epochs	3.0
1549.8455202632142	0.03263999999990119	epochs	3.0
1549.878160263214	0.0645600000000286	epochs	2.0
1549.878160263214	0.03240000000005239	epochs	3.0
1549.9105602632142	0.03215999999997621	epochs	3.0
1549.9427202632141	0.06367999999997664	epochs	2.0
1549.9427202632141	0.03199999999992542	epochs	3.0
1549.974720263214	0.03168000000005122	epochs	3.0
1550.0064002632141	0.0627199999998993	epochs	2.0
1550.0064002632141	0.03143999999997504	epochs	3.0
1550.037840263214	0.03127999999992426	epochs	3.0
1550.069120263214	0.061840000000074724	epochs	2.0
1550.069120263214	0.03104000000007545	epochs	3.0
1550.100160263214	0.030799999999999272	epochs	3.0
1550.130960263214	0.060960000000022774	epochs	2.0
1550.130960263214	0.030559999999923093	epochs	3.0
1550.161520263214	0.03040000000009968	epochs	3.0
1550.1919202632141	0.060159999999996217	epochs	2.0
1550.1919202632141	0.0301600000000235	epochs	3.0
1550.2220802632141	0.029999999999972715	epochs	3.0
1550.252080263214	0.059279999999944266	epochs	2.0
1550.252080263214	0.029680000000098516	epochs	3.0
1550.2817602632142	0.02959999999984575	epochs	3.0
1550.311360263214	0.05848000000014508	epochs	2.0
1550.311360263214	0.029359999999996944	epochs	3.0
1550.340720263214	0.02912000000014814	epochs	3.0
1550.3698402632142	0.057759999999916545	epochs	2.0
1550.3698402632142	0.02895999999986998	epochs	3.0
1550.398800263214	0.028800000000046566	epochs	3.0
1550.4276002632141	0.05695999999988999	epochs	2.0
1550.4276002632141	0.028559999999970387	epochs	3.0
1550.456160263214	0.0283999999999196	epochs	3.0
1550.484560263214	0.0562400000001162	epochs	2.0
1550.484560263214	0.028160000000070795	epochs	3.0
1550.512720263214	0.028080000000045402	epochs	3.0
1550.5408002632141	0.05544000000008964	epochs	2.0
1550.5408002632141	0.027839999999969223	epochs	3.0
1550.568640263214	0.027600000000120417	epochs	3.0
1550.5962402632142	0.05487999999991189	epochs	2.0
1550.5962402632142	0.02751999999986765	epochs	3.0
1550.623760263214	0.027360000000044238	epochs	3.0
1550.6511202632141	0.05407999999988533	epochs	2.0
1550.6511202632141	0.02711999999996806	epochs	3.0
1550.678240263214	0.026959999999917272	epochs	3.0
1550.705200263214	0.053440000000136934	epochs	2.0
1550.705200263214	0.02680000000009386	epochs	3.0
1550.732000263214	0.026640000000043074	epochs	3.0
1550.7586402632141	0.05287999999995918	epochs	2.0
1550.7586402632141	0.026479999999992287	epochs	3.0
1550.7851202632141	0.026399999999966894	epochs	3.0
1550.811520263214	0.05215999999995802	epochs	2.0
1550.811520263214	0.02616000000011809	epochs	3.0
1550.8376802632142	0.02599999999983993	epochs	3.0
1550.863680263214	0.05151999999998225	epochs	2.0
1550.863680263214	0.025840000000016516	epochs	3.0
1550.889520263214	0.02567999999996573	epochs	3.0
1550.915200263214	0.05096000000003187	epochs	2.0
1550.915200263214	0.02560000000016771	epochs	3.0
1550.9408002632142	0.025359999999864158	epochs	3.0
1550.966160263214	0.05040000000008149	epochs	2.0
1550.966160263214	0.02528000000006614	epochs	3.0
1550.9914402632141	0.025120000000015352	epochs	3.0
1551.0165602632142	0.049759999999878346	epochs	2.0
1551.0165602632142	0.024959999999964566	epochs	3.0
1551.0415202632141	0.02479999999991378	epochs	3.0
1551.066320263214	0.04920000000015534	epochs	2.0
1551.066320263214	0.024640000000090367	epochs	3.0
1551.0909602632141	0.024560000000064974	epochs	3.0
1551.1155202632142	0.04872000000000298	epochs	2.0
1551.1155202632142	0.024400000000014188	epochs	3.0
1551.1399202632142	0.024319999999988795	epochs	3.0
1551.1642402632142	0.04808000000002721	epochs	2.0
1551.1642402632142	0.024079999999912616	epochs	3.0
1551.188320263214	0.024000000000114596	epochs	3.0
1551.2123202632142	0.047599999999874854	epochs	2.0
1551.2123202632142	0.023839999999836436	epochs	3.0
1551.236160263214	0.023760000000038417	epochs	3.0
1551.259920263214	0.04711999999994987	epochs	2.0
1551.259920263214	0.02359999999998763	epochs	3.0
1551.283520263214	0.023519999999962238	epochs	3.0
1551.307040263214	0.04655999999999949	epochs	2.0
1551.307040263214	0.023360000000138825	epochs	3.0
1551.3304002632142	0.023199999999860665	epochs	3.0
1551.353600263214	0.046080000000074506	epochs	2.0
1551.353600263214	0.023120000000062646	epochs	3.0
1551.376720263214	0.02296000000001186	epochs	3.0
1551.3996802632141	0.04559999999992215	epochs	2.0
1551.3996802632141	0.022879999999986467	epochs	3.0
1551.422560263214	0.02271999999993568	epochs	3.0
1551.445280263214	0.04511999999999716	epochs	2.0
1551.445280263214	0.02264000000013766	epochs	3.0
1551.4679202632142	0.0224799999998595	epochs	3.0
1551.490400263214	0.04464000000007218	epochs	2.0
1551.490400263214	0.022400000000061482	epochs	3.0
1551.512800263214	0.022240000000010696	epochs	3.0
1551.5350402632141	0.04423999999994521	epochs	2.0
1551.5350402632141	0.022159999999985303	epochs	3.0
1551.557200263214	0.02207999999995991	epochs	3.0
1551.579280263214	0.04376000000002023	epochs	2.0
1551.579280263214	0.021920000000136497	epochs	3.0
1551.6012002632142	0.02183999999988373	epochs	3.0
1551.623040263214	0.043360000000120635	epochs	2.0
1551.623040263214	0.02176000000008571	epochs	3.0
1551.6448002632142	0.021600000000034925	epochs	3.0
1551.6664002632142	0.04287999999996828	epochs	2.0
1551.6664002632142	0.02143999999998414	epochs	3.0
1551.6878402632142	0.02143999999998414	epochs	3.0
1551.7092802632142	0.04247999999984131	epochs	2.0
1551.7092802632142	0.021279999999933352	epochs	3.0
1551.730560263214	0.02119999999990796	epochs	3.0
1551.751760263214	0.04208000000016909	epochs	2.0
1551.751760263214	0.021040000000084547	epochs	3.0
1551.772800263214	0.021040000000084547	epochs	3.0
1551.7938402632142	0.04168000000004213	epochs	2.0
1551.7938402632142	0.02088000000003376	epochs	3.0
1551.8147202632142	0.020800000000008367	epochs	3.0
1551.8355202632142	0.04119999999988977	epochs	2.0
1551.8355202632142	0.02063999999995758	epochs	3.0
1551.8561602632142	0.020559999999932188	epochs	3.0
1551.876720263214	0.04088000000001557	epochs	2.0
1551.876720263214	0.020559999999932188	epochs	3.0
1551.897280263214	0.020320000000083382	epochs	3.0
1551.9176002632141	0.040559999999914	epochs	2.0
1551.9176002632141	0.020320000000083382	epochs	3.0
1551.9379202632142	0.020239999999830616	epochs	3.0
1551.958160263214	0.04007999999998901	epochs	2.0
1551.958160263214	0.020080000000007203	epochs	3.0
1551.978240263214	0.01999999999998181	epochs	3.0
1551.998240263214	0.039760000000114815	epochs	2.0
1551.998240263214	0.01992000000018379	epochs	3.0
1552.0181602632142	0.019839999999931024	epochs	3.0
1552.0380002632141	0.03944000000001324	epochs	2.0
1552.0380002632141	0.01975999999990563	epochs	3.0
1552.057760263214	0.01968000000010761	epochs	3.0
1552.0774402632142	0.03903999999988628	epochs	2.0
1552.0774402632142	0.019520000000056825	epochs	3.0
1552.0969602632142	0.01951999999982945	epochs	3.0
1552.116480263214	0.038639999999986685	epochs	2.0
1552.116480263214	0.01936000000000604	epochs	3.0
1552.135840263214	0.019279999999980646	epochs	3.0
1552.155120263214	0.03840000000013788	epochs	2.0
1552.155120263214	0.019279999999980646	epochs	3.0
1552.174400263214	0.019120000000157233	epochs	3.0
1552.1935202632142	0.038000000000010914	epochs	2.0
1552.1935202632142	0.019039999999904467	epochs	3.0
1552.212560263214	0.018960000000106447	epochs	3.0
1552.2315202632142	0.03767999999990934	epochs	2.0
1552.2315202632142	0.01887999999985368	epochs	3.0
1552.250400263214	0.01880000000005566	epochs	3.0
1552.269200263214	0.03736000000003514	epochs	2.0
1552.269200263214	0.018720000000030268	epochs	3.0
1552.2879202632141	0.018640000000004875	epochs	3.0
1552.3065602632141	0.03703999999993357	epochs	2.0
1552.3065602632141	0.018559999999979482	epochs	3.0
1552.325120263214	0.01847999999995409	epochs	3.0
1552.343600263214	0.03672000000005937	epochs	2.0
1552.343600263214	0.01840000000015607	epochs	3.0
1552.3620002632142	0.018319999999903303	epochs	3.0
1552.3803202632141	0.03647999999998319	epochs	2.0
1552.3803202632141	0.018240000000105283	epochs	3.0
1552.3985602632142	0.01823999999987791	epochs	3.0
1552.416800263214	0.0360800000000836	epochs	2.0
1552.416800263214	0.018080000000054497	epochs	3.0
1552.4348802632142	0.018000000000029104	epochs	3.0
1552.4528802632142	0.03584000000000742	epochs	2.0
1552.4528802632142	0.01792000000000371	epochs	3.0
1552.4708002632142	0.01792000000000371	epochs	3.0
1552.4887202632142	0.03551999999990585	epochs	2.0
1552.4887202632142	0.017759999999952925	epochs	3.0
1552.5064802632141	0.017759999999952925	epochs	3.0
1552.524240263214	0.03520000000003165	epochs	2.0
1552.524240263214	0.01767999999992753	epochs	3.0
1552.541920263214	0.01752000000010412	epochs	3.0
1552.5594402632141	0.03495999999995547	epochs	2.0
1552.5594402632141	0.017519999999876745	epochs	3.0
1552.576960263214	0.017440000000078726	epochs	3.0
1552.594400263214	0.034720000000106666	epochs	2.0
1552.594400263214	0.017440000000078726	epochs	3.0
1552.6118402632142	0.01728000000002794	epochs	3.0
1552.6291202632142	0.03440000000000509	epochs	2.0
1552.6291202632142	0.017200000000002547	epochs	3.0
1552.6463202632142	0.017200000000002547	epochs	3.0
1552.6635202632142	0.034159999999928914	epochs	2.0
1552.6635202632142	0.017119999999977153	epochs	3.0
1552.6806402632142	0.01703999999995176	epochs	3.0
1552.6976802632141	0.033840000000054715	epochs	2.0
1552.6976802632141	0.016959999999926367	epochs	3.0
1552.714640263214	0.016880000000128348	epochs	3.0
1552.7315202632142	0.033599999999978536	epochs	2.0
1552.7315202632142	0.01679999999987558	epochs	3.0
1552.748320263214	0.016800000000102955	epochs	3.0
1552.7651202632142	0.03335999999990236	epochs	2.0
1552.7651202632142	0.016719999999850188	epochs	3.0
1552.781840263214	0.01664000000005217	epochs	3.0
1552.798480263214	0.03312000000005355	epochs	2.0
1552.798480263214	0.016560000000026776	epochs	3.0
1552.815040263214	0.016560000000026776	epochs	3.0
1552.831600263214	0.03279999999995198	epochs	2.0
1552.831600263214	0.01639999999997599	epochs	3.0
1552.848000263214	0.01639999999997599	epochs	3.0
1552.864400263214	0.03256000000010317	epochs	2.0
1552.864400263214	0.016319999999950596	epochs	3.0
1552.880720263214	0.016240000000152577	epochs	3.0
1552.8969602632142	0.03240000000005239	epochs	2.0
1552.8969602632142	0.016239999999925203	epochs	3.0
1552.913200263214	0.016160000000127184	epochs	3.0
1552.9293602632142	0.032079999999950815	epochs	2.0
1552.9293602632142	0.016079999999874417	epochs	3.0
1552.945440263214	0.016000000000076398	epochs	3.0
1552.9614402632142	0.03191999999990003	epochs	2.0
1552.9614402632142	0.015999999999849024	epochs	3.0
1552.977440263214	0.015920000000051004	epochs	3.0
1552.993360263214	0.03160000000002583	epochs	2.0
1552.993360263214	0.01584000000002561	epochs	3.0
1553.009200263214	0.01576000000000022	epochs	3.0
1553.024960263214	0.03143999999997504	epochs	2.0
1553.024960263214	0.01576000000000022	epochs	3.0
1553.040720263214	0.015679999999974825	epochs	3.0
1553.056400263214	0.031200000000126238	epochs	2.0
1553.056400263214	0.015599999999949432	epochs	3.0
1553.072000263214	0.015600000000176806	epochs	3.0
1553.0876002632142	0.030959999999822685	epochs	2.0
1553.0876002632142	0.015519999999924039	epochs	3.0
1553.1031202632141	0.015439999999898646	epochs	3.0
1553.118560263214	0.030720000000201253	epochs	2.0
1553.118560263214	0.01544000000012602	epochs	3.0
1553.1340002632141	0.015280000000075233	epochs	3.0
1553.1492802632142	0.030559999999923093	epochs	2.0
1553.1492802632142	0.015359999999873253	epochs	3.0
1553.164640263214	0.01520000000004984	epochs	3.0
1553.1798402632141	0.030320000000074288	epochs	2.0
1553.1798402632141	0.01520000000004984	epochs	3.0
1553.1950402632142	0.015120000000024447	epochs	3.0
1553.2101602632142	0.030079999999998108	epochs	2.0
1553.2101602632142	0.015119999999797074	epochs	3.0
1553.225280263214	0.014960000000201035	epochs	3.0
1553.2402402632142	0.029919999999947322	epochs	2.0
1553.2402402632142	0.015039999999999054	epochs	3.0
1553.2552802632142	0.014879999999948268	epochs	3.0
1553.2701602632142	0.029679999999871143	epochs	2.0
1553.2701602632142	0.014879999999948268	epochs	3.0
1553.2850402632141	0.014799999999922875	epochs	3.0
1553.299840263214	0.02952000000004773	epochs	2.0
1553.299840263214	0.014800000000150249	epochs	3.0
1553.3146402632142	0.014719999999897482	epochs	3.0
1553.329360263214	0.02927999999997155	epochs	2.0
1553.329360263214	0.014720000000124855	epochs	3.0
1553.3440802632142	0.014559999999846696	epochs	3.0
1553.358640263214	0.02912000000014814	epochs	2.0
1553.358640263214	0.014640000000099462	epochs	3.0
1553.3732802632142	0.014480000000048676	epochs	3.0
1553.3877602632142	0.02895999999986998	epochs	2.0
1553.3877602632142	0.014479999999821302	epochs	3.0
1553.402240263214	0.014480000000048676	epochs	3.0
1553.416720263214	0.02863999999999578	epochs	2.0
1553.416720263214	0.01431999999999789	epochs	3.0
1553.431040263214	0.01431999999999789	epochs	3.0
1553.445360263214	0.028559999999970387	epochs	2.0
1553.445360263214	0.01431999999999789	epochs	3.0
1553.459680263214	0.014239999999972497	epochs	3.0
1553.473920263214	0.02832000000012158	epochs	2.0
1553.473920263214	0.014160000000174477	epochs	3.0
1553.4880802632142	0.014159999999947104	epochs	3.0
1553.5022402632142	0.02815999999984342	epochs	2.0
1553.5022402632142	0.014159999999947104	epochs	3.0
1553.516400263214	0.013999999999896318	epochs	3.0
1553.530400263214	0.02800000000002001	epochs	2.0
1553.530400263214	0.014000000000123691	epochs	3.0
1553.5444002632141	0.013999999999896318	epochs	3.0
1553.558400263214	0.027760000000171203	epochs	2.0
1553.558400263214	0.013920000000098298	epochs	3.0
1553.5723202632141	0.013840000000072905	epochs	3.0
1553.5861602632142	0.027679999999918437	epochs	2.0
1553.5861602632142	0.013839999999845531	epochs	3.0
1553.600000263214	0.013840000000072905	epochs	3.0
1553.6138402632141	0.02744000000006963	epochs	2.0
1553.6138402632141	0.013760000000047512	epochs	3.0
1553.6276002632142	0.013680000000022119	epochs	3.0
1553.6412802632142	0.027280000000018845	epochs	2.0
1553.6412802632142	0.013680000000022119	epochs	3.0
1553.6549602632142	0.013599999999996726	epochs	3.0
1553.6685602632142	0.02711999999996806	epochs	2.0
1553.6685602632142	0.013519999999971333	epochs	3.0
1553.6820802632142	0.013599999999996726	epochs	3.0
1553.6956802632142	0.02687999999989188	epochs	2.0
1553.6956802632142	0.01343999999994594	epochs	3.0
1553.7091202632141	0.01343999999994594	epochs	3.0
1553.722560263214	0.02680000000009386	epochs	2.0
1553.722560263214	0.01343999999994594	epochs	3.0
1553.736000263214	0.01336000000014792	epochs	3.0
1553.7493602632142	0.02656000000001768	epochs	2.0
1553.7493602632142	0.013279999999895153	epochs	3.0
1553.762640263214	0.013280000000122527	epochs	3.0
1553.7759202632142	0.026479999999992287	epochs	2.0
1553.7759202632142	0.013279999999895153	epochs	3.0
1553.789200263214	0.013200000000097134	epochs	3.0
1553.8024002632142	0.026239999999916108	epochs	2.0
1553.8024002632142	0.013119999999844367	epochs	3.0
1553.815520263214	0.013120000000071741	epochs	3.0
1553.828640263214	0.02616000000011809	epochs	2.0
1553.828640263214	0.013120000000071741	epochs	3.0
1553.8417602632142	0.013040000000046348	epochs	3.0
1553.8548002632142	0.02599999999983993	epochs	2.0
1553.8548002632142	0.013039999999818974	epochs	3.0
1553.867840263214	0.012960000000020955	epochs	3.0
1553.880800263214	0.025759999999991123	epochs	2.0
1553.880800263214	0.012879999999995562	epochs	3.0
1553.893680263214	0.012879999999995562	epochs	3.0
1553.906560263214	0.025680000000193104	epochs	2.0
1553.906560263214	0.012879999999995562	epochs	3.0
1553.919440263214	0.012800000000197542	epochs	3.0
1553.9322402632142	0.025519999999914944	epochs	2.0
1553.9322402632142	0.012799999999970169	epochs	3.0
1553.9450402632142	0.012719999999944775	epochs	3.0
1553.9577602632141	0.025359999999864158	epochs	2.0
1553.9577602632141	0.012719999999944775	epochs	3.0
1553.970480263214	0.012639999999919382	epochs	3.0
1553.983120263214	0.025200000000040745	epochs	2.0
1553.983120263214	0.012640000000146756	epochs	3.0
1553.9957602632142	0.01255999999989399	epochs	3.0
1554.008320263214	0.024560000000064974	epochs	2.0
1554.0322927632142	0.5	epochs	-1.0
1554.032880263214	0.5108000000000175	epochs	1.0
1554.5436802632141	0.48911999999995714	epochs	0.0
1557.8420000076294	0.1088799999999992	epochs	0.0
1557.8420000076294	0.04944000000000415	epochs	1.0
1557.8914400076294	0.010080000000016298	epochs	1.0
1557.9015200076294	0.049359999999978754	epochs	1.0
1557.9508800076294	2.0	epochs	0.0
1559.9508800076294	21.510719999999992	epochs	0.0
1559.9508800076294	1.0	epochs	1.0
1559.9509325076294	0.5	epochs	-1.0
1560.4509325076294	19.999360000000024	epochs	-1.0
1560.9508800076294	20.0	epochs	1.0
1560.9508800076294	8.000000002539309e-05	epochs	2.0
1560.9509600076294	4.356719999999996	epochs	-1.0
1560.9509600076294	1.974559999999883	epochs	2.0
1560.9509600076294	1.0985599999999067	epochs	3.0
1562.0495200076293	0.8759999999999764	epochs	3.0
1562.9255200076293	1.3523999999999887	epochs	2.0
1562.9255200076293	0.7286400000000413	epochs	3.0
1563.6541600076293	0.6237599999999475	epochs	3.0
1564.2779200076293	1.029760000000124	epochs	2.0
1564.2779200076293	0.5453600000000733	epochs	3.0
1564.8232800076294	0.48440000000005057	epochs	3.0
1565.3076800076294	0.8317600000000311	epochs	2.0
1565.3076800076294	0.435760000000073	epochs	3.0
1565.7434400076295	0.39599999999995816	epochs	3.0
1566.1394400076294	0.697840000000042	epochs	2.0
1566.1394400076294	0.3628799999999046	epochs	3.0
1566.5023200076294	0.33496000000013737	epochs	3.0
1566.8372800076295	0.6010400000000118	epochs	2.0
1566.8372800076295	0.3108799999999974	epochs	3.0
1567.1481600076295	0.2901600000000144	epochs	3.0
1567.4383200076295	0.5278399999999692	epochs	2.0
1567.4383200076295	0.2719199999999091	epochs	3.0
1567.7102400076294	0.2559200000000601	epochs	3.0
1567.9661600076295	0.47064000000000306	epochs	2.0
1567.9661600076295	0.24167999999986023	epochs	3.0
1568.2078400076293	0.22896000000014283	epochs	3.0
1568.4368000076295	0.42455999999992855	epochs	2.0
1568.4368000076295	0.21743999999989683	epochs	3.0
1568.6542400076294	0.20712000000003172	epochs	3.0
1568.8613600076294	0.3867199999999684	epochs	2.0
1568.8613600076294	0.1976799999999912	epochs	3.0
1569.0590400076294	0.18903999999997723	epochs	3.0
1569.2480800076294	0.3551199999999426	epochs	2.0
1569.2480800076294	0.1811999999999898	epochs	3.0
1569.4292800076294	0.17391999999995278	epochs	3.0
1569.6032000076293	0.3282400000000507	epochs	2.0
1569.6032000076293	0.1672000000000935	epochs	3.0
1569.7704000076294	0.16103999999995722	epochs	3.0
1569.9314400076294	0.30520000000001346	epochs	2.0
1569.9314400076294	0.1552799999999479	epochs	3.0
1570.0867200076293	0.14992000000006556	epochs	3.0
1570.2366400076294	0.28512000000000626	epochs	2.0
1570.2366400076294	0.1448800000000574	epochs	3.0
1570.3815200076294	0.14023999999994885	epochs	3.0
1570.5217600076294	0.2675200000001041	epochs	2.0
1570.5217600076294	0.13583999999991647	epochs	3.0
1570.6576000076293	0.13168000000018765	epochs	3.0
1570.7892800076295	0.2520799999999781	epochs	2.0
1570.7892800076295	0.12783999999987827	epochs	3.0
1570.9171200076294	0.12424000000009983	epochs	3.0
1571.0413600076295	0.2381599999998798	epochs	2.0
1571.0413600076295	0.12071999999989202	epochs	3.0
1571.1620800076294	0.11743999999998778	epochs	3.0
1571.2795200076293	0.225840000000062	epochs	2.0
1571.2795200076293	0.11440000000015971	epochs	3.0
1571.3939200076295	0.11143999999990228	epochs	3.0
1571.5053600076294	0.21463999999991756	epochs	2.0
1571.5053600076294	0.10863999999992302	epochs	3.0
1571.6140000076293	0.10599999999999454	epochs	3.0
1571.7200000076293	0.20448000000010325	epochs	2.0
1571.7200000076293	0.10344000000009146	epochs	3.0
1571.8234400076294	0.10104000000001179	epochs	3.0
1571.9244800076294	0.19535999999993692	epochs	2.0
1571.9244800076294	0.0987999999999829	epochs	3.0
1572.0232800076294	0.09655999999995402	epochs	3.0
1572.1198400076294	0.18695999999999913	epochs	2.0
1572.1198400076294	0.09447999999997592	epochs	3.0
1572.2143200076293	0.09248000000002321	epochs	3.0
1572.3068000076294	0.1792000000000371	epochs	2.0
1572.3068000076294	0.0904800000000705	epochs	3.0
1572.3972800076294	0.0887199999999666	epochs	3.0
1572.4860000076294	0.17208000000005086	epochs	2.0
1572.4860000076294	0.08688000000006468	epochs	3.0
1572.5728800076295	0.08519999999998618	epochs	3.0
1572.6580800076295	0.165520000000015	epochs	2.0
1572.6580800076295	0.08359999999993306	epochs	3.0
1572.7416800076294	0.08192000000008193	epochs	3.0
1572.8236000076295	0.1595199999999295	epochs	2.0
1572.8236000076295	0.08047999999985223	epochs	3.0
1572.9040800076293	0.07904000000007727	epochs	3.0
1572.9831200076294	0.15375999999992018	epochs	2.0
1572.9831200076294	0.07760000000007494	epochs	3.0
1573.0607200076295	0.07615999999984524	epochs	3.0
1573.1368800076293	0.14856000000008862	epochs	2.0
1573.1368800076293	0.07496000000014647	epochs	3.0
1573.2118400076295	0.07359999999994216	epochs	3.0
1573.2854400076294	0.14367999999990388	epochs	2.0
1573.2854400076294	0.0724800000000414	epochs	3.0
1573.3579200076294	0.07119999999986248	epochs	3.0
1573.4291200076293	0.1390400000000227	epochs	2.0
1573.4291200076293	0.0700800000001891	epochs	3.0
1573.4992000076295	0.0689599999998336	epochs	3.0
1573.5681600076293	0.13472000000001572	epochs	2.0
1573.5681600076293	0.06791999999995824	epochs	3.0
1573.6360800076293	0.06680000000005748	epochs	3.0
1573.7028800076293	0.1307200000001103	epochs	2.0
1573.7028800076293	0.06583999999998014	epochs	3.0
1573.7687200076293	0.06488000000013017	epochs	3.0
1573.8336000076295	0.1268000000000029	epochs	2.0
1573.8336000076295	0.06384000000002743	epochs	3.0
1573.8974400076295	0.06295999999997548	epochs	3.0
1573.9604000076295	0.12328000000002248	epochs	2.0
1573.9604000076295	0.06207999999992353	epochs	3.0
1574.0224800076294	0.06120000000009895	epochs	3.0
1574.0836800076295	0.11983999999984007	epochs	2.0
1574.0836800076295	0.06031999999981963	epochs	3.0
1574.1440000076293	0.059520000000020445	epochs	3.0
1574.2035200076293	0.11663999999996122	epochs	2.0
1574.2035200076293	0.05871999999999389	epochs	3.0
1574.2622400076293	0.05791999999996733	epochs	3.0
1574.3201600076293	0.11360000000013315	epochs	2.0
1574.3201600076293	0.05720000000019354	epochs	3.0
1574.3773600076295	0.05639999999993961	epochs	3.0
1574.4337600076294	0.11071999999990112	epochs	2.0
1574.4337600076294	0.055679999999938445	epochs	3.0
1574.4894400076294	0.055039999999962674	epochs	3.0
1574.5444800076293	0.10792000000014923	epochs	2.0
1574.5444800076293	0.05424000000016349	epochs	3.0
1574.5987200076295	0.05367999999998574	epochs	3.0
1574.6524000076295	0.10527999999999338	epochs	2.0
1574.6524000076295	0.052959999999984575	epochs	3.0
1574.7053600076295	0.052320000000008804	epochs	3.0
1574.7576800076295	0.10287999999991371	epochs	2.0
1574.7576800076295	0.05175999999983105	epochs	3.0
1574.8094400076293	0.051120000000082655	epochs	3.0
1574.8605600076294	0.10040000000003602	epochs	2.0
1574.8605600076294	0.050480000000106884	epochs	3.0
1574.9110400076295	0.04991999999992913	epochs	3.0
1574.9609600076294	0.09824000000003252	epochs	2.0
1574.9609600076294	0.049359999999978754	epochs	3.0
1575.0103200076294	0.04888000000005377	epochs	3.0
1575.0592000076294	0.09600000000000364	epochs	2.0
1575.0592000076294	0.048239999999850625	epochs	3.0
1575.1074400076293	0.04776000000015301	epochs	3.0
1575.1552000076294	0.09392000000002554	epochs	2.0
1575.1552000076294	0.04719999999997526	epochs	3.0
1575.2024000076294	0.04672000000005028	epochs	3.0
1575.2491200076295	0.09191999999984546	epochs	2.0
1575.2491200076295	0.046159999999872525	epochs	3.0
1575.2952800076293	0.04575999999997293	epochs	3.0
1575.3410400076293	0.09008000000017091	epochs	2.0
1575.3410400076293	0.04528000000004795	epochs	3.0
1575.3863200076294	0.044800000000122964	epochs	3.0
1575.4311200076295	0.08816000000001623	epochs	2.0
1575.4311200076295	0.044319999999970605	epochs	3.0
1575.4754400076295	0.04384000000004562	epochs	3.0
1575.5192800076295	0.08647999999993772	epochs	2.0
1575.5192800076295	0.043439999999918655	epochs	3.0
1575.5627200076294	0.04304000000001906	epochs	3.0
1575.6057600076294	0.08472000000006119	epochs	2.0
1575.6057600076294	0.042559999999866704	epochs	3.0
1575.6483200076293	0.042160000000194486	epochs	3.0
1575.6904800076295	0.0831999999998061	epochs	2.0
1575.6904800076295	0.04175999999984015	epochs	3.0
1575.7322400076293	0.04143999999996595	epochs	3.0
1575.7736800076293	0.08152000000018234	epochs	2.0
1575.7736800076293	0.040960000000040964	epochs	3.0
1575.8146400076294	0.04056000000014137	epochs	3.0
1575.8552000076295	0.08007999999995263	epochs	2.0
1575.8552000076295	0.040239999999812426	epochs	3.0
1575.8954400076293	0.03984000000014021	epochs	3.0
1575.9352800076294	0.0786399999999503	epochs	2.0
1575.9352800076294	0.039520000000038635	epochs	3.0
1575.9748000076295	0.03911999999991167	epochs	3.0
1576.0139200076294	0.07719999999994798	epochs	2.0
1576.0139200076294	0.03880000000003747	epochs	3.0
1576.0527200076294	0.038399999999910506	epochs	3.0
1576.0911200076293	0.07591999999999643	epochs	2.0
1576.0911200076293	0.0381600000000617	epochs	3.0
1576.1292800076294	0.037759999999934735	epochs	3.0
1576.1670400076293	0.0745600000000195	epochs	2.0
1576.1670400076293	0.037440000000060536	epochs	3.0
1576.2044800076294	0.037119999999958964	epochs	3.0
1576.2416000076294	0.07336000000009335	epochs	2.0
1576.2416000076294	0.036800000000084765	epochs	3.0
1576.2784000076294	0.036560000000008586	epochs	3.0
1576.3149600076295	0.07207999999991443	epochs	2.0
1576.3149600076295	0.03615999999988162	epochs	3.0
1576.3511200076293	0.035920000000032815	epochs	3.0
1576.3870400076294	0.07087999999998829	epochs	2.0
1576.3870400076294	0.03559999999993124	epochs	3.0
1576.4226400076293	0.035280000000057044	epochs	3.0
1576.4579200076294	0.06984000000011292	epochs	2.0
1576.4579200076294	0.035039999999980864	epochs	3.0
1576.4929600076293	0.03480000000013206	epochs	3.0
1576.5277600076295	0.0686399999999594	epochs	2.0
1576.5277600076295	0.034480000000030486	epochs	3.0
1576.5622400076295	0.034159999999928914	epochs	3.0
1576.5964000076294	0.06759999999985666	epochs	2.0
1576.5964000076294	0.03392000000008011	epochs	3.0
1576.6303200076295	0.033679999999776555	epochs	3.0
1576.6640000076293	0.06656000000020867	epochs	2.0
1576.6640000076293	0.03344000000015512	epochs	3.0
1576.6974400076294	0.03312000000005355	epochs	3.0
1576.7305600076295	0.06559999999990396	epochs	2.0
1576.7305600076295	0.032960000000002765	epochs	3.0
1576.7635200076295	0.03263999999990119	epochs	3.0
1576.7961600076294	0.0645600000000286	epochs	2.0
1576.7961600076294	0.03240000000005239	epochs	3.0
1576.8285600076294	0.03215999999997621	epochs	3.0
1576.8607200076294	0.06367999999997664	epochs	2.0
1576.8607200076294	0.03199999999992542	epochs	3.0
1576.8927200076294	0.03168000000005122	epochs	3.0
1576.9244000076294	0.0627199999998993	epochs	2.0
1576.9244000076294	0.03143999999997504	epochs	3.0
1576.9558400076294	0.03127999999992426	epochs	3.0
1576.9871200076293	0.061840000000074724	epochs	2.0
1576.9871200076293	0.03104000000007545	epochs	3.0
1577.0181600076294	0.030799999999999272	epochs	3.0
1577.0489600076294	0.060960000000022774	epochs	2.0
1577.0489600076294	0.030559999999923093	epochs	3.0
1577.0795200076293	0.03040000000009968	epochs	3.0
1577.1099200076294	0.060159999999996217	epochs	2.0
1577.1099200076294	0.0301600000000235	epochs	3.0
1577.1400800076294	0.029999999999972715	epochs	3.0
1577.1700800076294	0.059279999999944266	epochs	2.0
1577.1700800076294	0.029680000000098516	epochs	3.0
1577.1997600076295	0.02959999999984575	epochs	3.0
1577.2293600076293	0.05848000000014508	epochs	2.0
1577.2293600076293	0.029359999999996944	epochs	3.0
1577.2587200076293	0.02912000000014814	epochs	3.0
1577.2878400076295	0.057759999999916545	epochs	2.0
1577.2878400076295	0.02895999999986998	epochs	3.0
1577.3168000076294	0.028800000000046566	epochs	3.0
1577.3456000076294	0.05695999999988999	epochs	2.0
1577.3456000076294	0.028559999999970387	epochs	3.0
1577.3741600076294	0.0283999999999196	epochs	3.0
1577.4025600076293	0.0562400000001162	epochs	2.0
1577.4025600076293	0.028160000000070795	epochs	3.0
1577.4307200076294	0.028080000000045402	epochs	3.0
1577.4588000076294	0.05544000000008964	epochs	2.0
1577.4588000076294	0.027839999999969223	epochs	3.0
1577.4866400076294	0.027600000000120417	epochs	3.0
1577.5142400076295	0.05487999999991189	epochs	2.0
1577.5142400076295	0.02751999999986765	epochs	3.0
1577.5417600076294	0.027360000000044238	epochs	3.0
1577.5691200076294	0.05407999999988533	epochs	2.0
1577.5691200076294	0.02711999999996806	epochs	3.0
1577.5962400076294	0.026959999999917272	epochs	3.0
1577.6232000076293	0.053440000000136934	epochs	2.0
1577.6232000076293	0.02680000000009386	epochs	3.0
1577.6500000076294	0.026640000000043074	epochs	3.0
1577.6766400076294	0.05287999999995918	epochs	2.0
1577.6766400076294	0.026479999999992287	epochs	3.0
1577.7031200076294	0.026399999999966894	epochs	3.0
1577.7295200076294	0.05215999999995802	epochs	2.0
1577.7295200076294	0.02616000000011809	epochs	3.0
1577.7556800076295	0.02599999999983993	epochs	3.0
1577.7816800076293	0.05151999999998225	epochs	2.0
1577.7816800076293	0.025840000000016516	epochs	3.0
1577.8075200076294	0.02567999999996573	epochs	3.0
1577.8332000076293	0.05096000000003187	epochs	2.0
1577.8332000076293	0.02560000000016771	epochs	3.0
1577.8588000076295	0.025359999999864158	epochs	3.0
1577.8841600076294	0.05040000000008149	epochs	2.0
1577.8841600076294	0.02528000000006614	epochs	3.0
1577.9094400076294	0.025120000000015352	epochs	3.0
1577.9345600076294	0.049759999999878346	epochs	2.0
1577.9345600076294	0.024959999999964566	epochs	3.0
1577.9595200076294	0.02479999999991378	epochs	3.0
1577.9843200076293	0.04920000000015534	epochs	2.0
1577.9843200076293	0.024640000000090367	epochs	3.0
1578.0089600076294	0.024560000000064974	epochs	3.0
1578.0335200076295	0.04872000000000298	epochs	2.0
1578.0335200076295	0.024400000000014188	epochs	3.0
1578.0579200076295	0.024319999999988795	epochs	3.0
1578.0822400076295	0.04808000000002721	epochs	2.0
1578.0822400076295	0.024079999999912616	epochs	3.0
1578.1063200076294	0.024000000000114596	epochs	3.0
1578.1303200076295	0.047599999999874854	epochs	2.0
1578.1303200076295	0.023839999999836436	epochs	3.0
1578.1541600076293	0.023760000000038417	epochs	3.0
1578.1779200076294	0.04711999999994987	epochs	2.0
1578.1779200076294	0.02359999999998763	epochs	3.0
1578.2015200076294	0.023519999999962238	epochs	3.0
1578.2250400076293	0.04655999999999949	epochs	2.0
1578.2250400076293	0.023360000000138825	epochs	3.0
1578.2484000076295	0.023199999999860665	epochs	3.0
1578.2716000076293	0.046080000000074506	epochs	2.0
1578.2716000076293	0.023120000000062646	epochs	3.0
1578.2947200076294	0.02296000000001186	epochs	3.0
1578.3176800076294	0.04559999999992215	epochs	2.0
1578.3176800076294	0.022879999999986467	epochs	3.0
1578.3405600076294	0.02271999999993568	epochs	3.0
1578.3632800076293	0.04511999999999716	epochs	2.0
1578.3632800076293	0.02264000000013766	epochs	3.0
1578.3859200076295	0.0224799999998595	epochs	3.0
1578.4084000076293	0.04464000000007218	epochs	2.0
1578.4084000076293	0.022400000000061482	epochs	3.0
1578.4308000076294	0.022240000000010696	epochs	3.0
1578.4530400076294	0.04423999999994521	epochs	2.0
1578.4530400076294	0.022159999999985303	epochs	3.0
1578.4752000076294	0.02207999999995991	epochs	3.0
1578.4972800076293	0.04376000000002023	epochs	2.0
1578.4972800076293	0.021920000000136497	epochs	3.0
1578.5192000076295	0.02183999999988373	epochs	3.0
1578.5410400076294	0.043360000000120635	epochs	2.0
1578.5410400076294	0.02176000000008571	epochs	3.0
1578.5628000076294	0.021600000000034925	epochs	3.0
1578.5844000076295	0.04287999999996828	epochs	2.0
1578.5844000076295	0.02143999999998414	epochs	3.0
1578.6058400076295	0.02143999999998414	epochs	3.0
1578.6272800076295	0.04247999999984131	epochs	2.0
1578.6272800076295	0.021279999999933352	epochs	3.0
1578.6485600076294	0.02119999999990796	epochs	3.0
1578.6697600076293	0.04208000000016909	epochs	2.0
1578.6697600076293	0.021040000000084547	epochs	3.0
1578.6908000076294	0.021040000000084547	epochs	3.0
1578.7118400076295	0.04168000000004213	epochs	2.0
1578.7118400076295	0.02088000000003376	epochs	3.0
1578.7327200076295	0.020800000000008367	epochs	3.0
1578.7535200076295	0.04119999999988977	epochs	2.0
1578.7535200076295	0.02063999999995758	epochs	3.0
1578.7741600076295	0.020559999999932188	epochs	3.0
1578.7947200076294	0.04088000000001557	epochs	2.0
1578.7947200076294	0.020559999999932188	epochs	3.0
1578.8152800076293	0.020320000000083382	epochs	3.0
1578.8356000076294	0.040559999999914	epochs	2.0
1578.8356000076294	0.020320000000083382	epochs	3.0
1578.8559200076295	0.020239999999830616	epochs	3.0
1578.8761600076293	0.04007999999998901	epochs	2.0
1578.8761600076293	0.020080000000007203	epochs	3.0
1578.8962400076293	0.01999999999998181	epochs	3.0
1578.9162400076293	0.039760000000114815	epochs	2.0
1578.9162400076293	0.01992000000018379	epochs	3.0
1578.9361600076295	0.019839999999931024	epochs	3.0
1578.9560000076294	0.03944000000001324	epochs	2.0
1578.9560000076294	0.01975999999990563	epochs	3.0
1578.9757600076293	0.01968000000010761	epochs	3.0
1578.9954400076294	0.03903999999988628	epochs	2.0
1578.9954400076294	0.019520000000056825	epochs	3.0
1579.0149600076295	0.01951999999982945	epochs	3.0
1579.0344800076293	0.038639999999986685	epochs	2.0
1579.0344800076293	0.01936000000000604	epochs	3.0
1579.0538400076293	0.019279999999980646	epochs	3.0
1579.0731200076293	0.03840000000013788	epochs	2.0
1579.0731200076293	0.019279999999980646	epochs	3.0
1579.0924000076293	0.019120000000157233	epochs	3.0
1579.1115200076295	0.038000000000010914	epochs	2.0
1579.1115200076295	0.019039999999904467	epochs	3.0
1579.1305600076294	0.018960000000106447	epochs	3.0
1579.1495200076295	0.03767999999990934	epochs	2.0
1579.1495200076295	0.01887999999985368	epochs	3.0
1579.1684000076293	0.01880000000005566	epochs	3.0
1579.1872000076294	0.03736000000003514	epochs	2.0
1579.1872000076294	0.018720000000030268	epochs	3.0
1579.2059200076294	0.018640000000004875	epochs	3.0
1579.2245600076294	0.03703999999993357	epochs	2.0
1579.2245600076294	0.018559999999979482	epochs	3.0
1579.2431200076294	0.01847999999995409	epochs	3.0
1579.2616000076293	0.03672000000005937	epochs	2.0
1579.2616000076293	0.01840000000015607	epochs	3.0
1579.2800000076295	0.018319999999903303	epochs	3.0
1579.2983200076294	0.03647999999998319	epochs	2.0
1579.2983200076294	0.018240000000105283	epochs	3.0
1579.3165600076295	0.01823999999987791	epochs	3.0
1579.3348000076294	0.0360800000000836	epochs	2.0
1579.3348000076294	0.018080000000054497	epochs	3.0
1579.3528800076294	0.018000000000029104	epochs	3.0
1579.3708800076295	0.03584000000000742	epochs	2.0
1579.3708800076295	0.01792000000000371	epochs	3.0
1579.3888000076295	0.01792000000000371	epochs	3.0
1579.4067200076295	0.03551999999990585	epochs	2.0
1579.4067200076295	0.017759999999952925	epochs	3.0
1579.4244800076294	0.017759999999952925	epochs	3.0
1579.4422400076294	0.03520000000003165	epochs	2.0
1579.4422400076294	0.01767999999992753	epochs	3.0
1579.4599200076293	0.01752000000010412	epochs	3.0
1579.4774400076294	0.03495999999995547	epochs	2.0
1579.4774400076294	0.017519999999876745	epochs	3.0
1579.4949600076293	0.017440000000078726	epochs	3.0
1579.5124000076294	0.034720000000106666	epochs	2.0
1579.5124000076294	0.017440000000078726	epochs	3.0
1579.5298400076294	0.01728000000002794	epochs	3.0
1579.5471200076295	0.03440000000000509	epochs	2.0
1579.5471200076295	0.017200000000002547	epochs	3.0
1579.5643200076295	0.017200000000002547	epochs	3.0
1579.5815200076295	0.034159999999928914	epochs	2.0
1579.5815200076295	0.017119999999977153	epochs	3.0
1579.5986400076295	0.01703999999995176	epochs	3.0
1579.6156800076294	0.033840000000054715	epochs	2.0
1579.6156800076294	0.016959999999926367	epochs	3.0
1579.6326400076293	0.016880000000128348	epochs	3.0
1579.6495200076295	0.033599999999978536	epochs	2.0
1579.6495200076295	0.01679999999987558	epochs	3.0
1579.6663200076293	0.016800000000102955	epochs	3.0
1579.6831200076294	0.03335999999990236	epochs	2.0
1579.6831200076294	0.016719999999850188	epochs	3.0
1579.6998400076293	0.01664000000005217	epochs	3.0
1579.7164800076293	0.03312000000005355	epochs	2.0
1579.7164800076293	0.016560000000026776	epochs	3.0
1579.7330400076294	0.016560000000026776	epochs	3.0
1579.7496000076294	0.03279999999995198	epochs	2.0
1579.7496000076294	0.01639999999997599	epochs	3.0
1579.7660000076294	0.01639999999997599	epochs	3.0
1579.7824000076293	0.03256000000010317	epochs	2.0
1579.7824000076293	0.016319999999950596	epochs	3.0
1579.7987200076293	0.016240000000152577	epochs	3.0
1579.8149600076295	0.03240000000005239	epochs	2.0
1579.8149600076295	0.016239999999925203	epochs	3.0
1579.8312000076294	0.016160000000127184	epochs	3.0
1579.8473600076295	0.032079999999950815	epochs	2.0
1579.8473600076295	0.016079999999874417	epochs	3.0
1579.8634400076294	0.016000000000076398	epochs	3.0
1579.8794400076295	0.03191999999990003	epochs	2.0
1579.8794400076295	0.015999999999849024	epochs	3.0
1579.8954400076293	0.015920000000051004	epochs	3.0
1579.9113600076294	0.03160000000002583	epochs	2.0
1579.9113600076294	0.01584000000002561	epochs	3.0
1579.9272000076294	0.01576000000000022	epochs	3.0
1579.9429600076294	0.03143999999997504	epochs	2.0
1579.9429600076294	0.01576000000000022	epochs	3.0
1579.9587200076294	0.015679999999974825	epochs	3.0
1579.9744000076294	0.031200000000126238	epochs	2.0
1579.9744000076294	0.015599999999949432	epochs	3.0
1579.9900000076293	0.015600000000176806	epochs	3.0
1580.0056000076295	0.030959999999822685	epochs	2.0
1580.0056000076295	0.015519999999924039	epochs	3.0
1580.0211200076294	0.015439999999898646	epochs	3.0
1580.0365600076293	0.030720000000201253	epochs	2.0
1580.0365600076293	0.01544000000012602	epochs	3.0
1580.0520000076294	0.015280000000075233	epochs	3.0
1580.0672800076295	0.030559999999923093	epochs	2.0
1580.0672800076295	0.015359999999873253	epochs	3.0
1580.0826400076294	0.01520000000004984	epochs	3.0
1580.0978400076294	0.030320000000074288	epochs	2.0
1580.0978400076294	0.01520000000004984	epochs	3.0
1580.1130400076295	0.015120000000024447	epochs	3.0
1580.1281600076295	0.030079999999998108	epochs	2.0
1580.1281600076295	0.015119999999797074	epochs	3.0
1580.1432800076293	0.014960000000201035	epochs	3.0
1580.1582400076295	0.029919999999947322	epochs	2.0
1580.1582400076295	0.015039999999999054	epochs	3.0
1580.1732800076295	0.014879999999948268	epochs	3.0
1580.1881600076294	0.029679999999871143	epochs	2.0
1580.1881600076294	0.014879999999948268	epochs	3.0
1580.2030400076294	0.014799999999922875	epochs	3.0
1580.2178400076293	0.02952000000004773	epochs	2.0
1580.2178400076293	0.014800000000150249	epochs	3.0
1580.2326400076295	0.014719999999897482	epochs	3.0
1580.2473600076294	0.02927999999997155	epochs	2.0
1580.2473600076294	0.014720000000124855	epochs	3.0
1580.2620800076295	0.014559999999846696	epochs	3.0
1580.2766400076293	0.02912000000014814	epochs	2.0
1580.2766400076293	0.014640000000099462	epochs	3.0
1580.2912800076294	0.014480000000048676	epochs	3.0
1580.3057600076295	0.02895999999986998	epochs	2.0
1580.3057600076295	0.014479999999821302	epochs	3.0
1580.3202400076293	0.014480000000048676	epochs	3.0
1580.3347200076294	0.02863999999999578	epochs	2.0
1580.3347200076294	0.01431999999999789	epochs	3.0
1580.3490400076294	0.01431999999999789	epochs	3.0
1580.3633600076294	0.028559999999970387	epochs	2.0
1580.3633600076294	0.01431999999999789	epochs	3.0
1580.3776800076294	0.014239999999972497	epochs	3.0
1580.3919200076293	0.02832000000012158	epochs	2.0
1580.3919200076293	0.014160000000174477	epochs	3.0
1580.4060800076295	0.014159999999947104	epochs	3.0
1580.4202400076294	0.02815999999984342	epochs	2.0
1580.4202400076294	0.014159999999947104	epochs	3.0
1580.4344000076294	0.013999999999896318	epochs	3.0
1580.4484000076293	0.02800000000002001	epochs	2.0
1580.4484000076293	0.014000000000123691	epochs	3.0
1580.4624000076294	0.013999999999896318	epochs	3.0
1580.4764000076293	0.027760000000171203	epochs	2.0
1580.4764000076293	0.013920000000098298	epochs	3.0
1580.4903200076294	0.013840000000072905	epochs	3.0
1580.5041600076295	0.027679999999918437	epochs	2.0
1580.5041600076295	0.013839999999845531	epochs	3.0
1580.5180000076293	0.013840000000072905	epochs	3.0
1580.5318400076294	0.02744000000006963	epochs	2.0
1580.5318400076294	0.013760000000047512	epochs	3.0
1580.5456000076294	0.013680000000022119	epochs	3.0
1580.5592800076295	0.027280000000018845	epochs	2.0
1580.5592800076295	0.013680000000022119	epochs	3.0
1580.5729600076295	0.013599999999996726	epochs	3.0
1580.5865600076295	0.02711999999996806	epochs	2.0
1580.5865600076295	0.013519999999971333	epochs	3.0
1580.6000800076295	0.013599999999996726	epochs	3.0
1580.6136800076295	0.02687999999989188	epochs	2.0
1580.6136800076295	0.01343999999994594	epochs	3.0
1580.6271200076294	0.01343999999994594	epochs	3.0
1580.6405600076293	0.02680000000009386	epochs	2.0
1580.6405600076293	0.01343999999994594	epochs	3.0
1580.6540000076293	0.01336000000014792	epochs	3.0
1580.6673600076294	0.02656000000001768	epochs	2.0
1580.6673600076294	0.013279999999895153	epochs	3.0
1580.6806400076293	0.013280000000122527	epochs	3.0
1580.6939200076295	0.026479999999992287	epochs	2.0
1580.6939200076295	0.013279999999895153	epochs	3.0
1580.7072000076294	0.013200000000097134	epochs	3.0
1580.7204000076295	0.026239999999916108	epochs	2.0
1580.7204000076295	0.013119999999844367	epochs	3.0
1580.7335200076293	0.013120000000071741	epochs	3.0
1580.7466400076294	0.02616000000011809	epochs	2.0
1580.7466400076294	0.013120000000071741	epochs	3.0
1580.7597600076294	0.013040000000046348	epochs	3.0
1580.7728000076295	0.02599999999983993	epochs	2.0
1580.7728000076295	0.013039999999818974	epochs	3.0
1580.7858400076293	0.012960000000020955	epochs	3.0
1580.7988000076293	0.025759999999991123	epochs	2.0
1580.7988000076293	0.012879999999995562	epochs	3.0
1580.8116800076293	0.012879999999995562	epochs	3.0
1580.8245600076293	0.025680000000193104	epochs	2.0
1580.8245600076293	0.012879999999995562	epochs	3.0
1580.8374400076293	0.012800000000197542	epochs	3.0
1580.8502400076295	0.025519999999914944	epochs	2.0
1580.8502400076295	0.012799999999970169	epochs	3.0
1580.8630400076295	0.012719999999944775	epochs	3.0
1580.8757600076294	0.025359999999864158	epochs	2.0
1580.8757600076294	0.012719999999944775	epochs	3.0
1580.8884800076294	0.012639999999919382	epochs	3.0
1580.9011200076293	0.025200000000040745	epochs	2.0
1580.9011200076293	0.012640000000146756	epochs	3.0
1580.9137600076294	0.01255999999989399	epochs	3.0
1580.9263200076293	0.024560000000064974	epochs	2.0
1580.9502925076295	0.5	epochs	-1.0
1580.9508800076294	0.5107199999999921	epochs	1.0
1581.4616000076294	0.48919999999998254	epochs	0.0
1584.4310002326965	0.1088799999999992	epochs	0.0
1584.4310002326965	0.04944000000000415	epochs	1.0
1584.4804402326965	0.010080000000016298	epochs	1.0
1584.4905202326966	0.049359999999978754	epochs	1.0
1584.5398802326965	2.0	epochs	0.0
1586.5398802326965	21.53168000000005	epochs	0.0
1586.5398802326965	1.0	epochs	1.0
1586.5399327326966	0.5	epochs	-1.0
1587.0399327326966	19.999360000000024	epochs	-1.0
1587.5398802326965	20.0	epochs	1.0
1587.5398802326965	8.000000002539309e-05	epochs	2.0
1587.5399602326966	4.356719999999996	epochs	-1.0
1587.5399602326966	1.974559999999883	epochs	2.0
1587.5399602326966	1.0985599999999067	epochs	3.0
1588.6385202326965	0.8759999999999764	epochs	3.0
1589.5145202326964	1.3523999999999887	epochs	2.0
1589.5145202326964	0.7286400000000413	epochs	3.0
1590.2431602326965	0.6237599999999475	epochs	3.0
1590.8669202326964	1.029760000000124	epochs	2.0
1590.8669202326964	0.5453600000000733	epochs	3.0
1591.4122802326965	0.48440000000005057	epochs	3.0
1591.8966802326966	0.8317600000000311	epochs	2.0
1591.8966802326966	0.435760000000073	epochs	3.0
1592.3324402326966	0.39599999999995816	epochs	3.0
1592.7284402326966	0.697840000000042	epochs	2.0
1592.7284402326966	0.3628799999999046	epochs	3.0
1593.0913202326965	0.33496000000013737	epochs	3.0
1593.4262802326966	0.6010400000000118	epochs	2.0
1593.4262802326966	0.3108799999999974	epochs	3.0
1593.7371602326966	0.2901600000000144	epochs	3.0
1594.0273202326966	0.5278399999999692	epochs	2.0
1594.0273202326966	0.2719199999999091	epochs	3.0
1594.2992402326965	0.2559200000000601	epochs	3.0
1594.5551602326966	0.47064000000000306	epochs	2.0
1594.5551602326966	0.24167999999986023	epochs	3.0
1594.7968402326965	0.22896000000014283	epochs	3.0
1595.0258002326966	0.42455999999992855	epochs	2.0
1595.0258002326966	0.21743999999989683	epochs	3.0
1595.2432402326965	0.20712000000003172	epochs	3.0
1595.4503602326965	0.3867199999999684	epochs	2.0
1595.4503602326965	0.1976799999999912	epochs	3.0
1595.6480402326965	0.18903999999997723	epochs	3.0
1595.8370802326965	0.3551199999999426	epochs	2.0
1595.8370802326965	0.1811999999999898	epochs	3.0
1596.0182802326965	0.17391999999995278	epochs	3.0
1596.1922002326965	0.3282400000000507	epochs	2.0
1596.1922002326965	0.1672000000000935	epochs	3.0
1596.3594002326965	0.16103999999995722	epochs	3.0
1596.5204402326965	0.30520000000001346	epochs	2.0
1596.5204402326965	0.1552799999999479	epochs	3.0
1596.6757202326964	0.14992000000006556	epochs	3.0
1596.8256402326965	0.28512000000000626	epochs	2.0
1596.8256402326965	0.1448800000000574	epochs	3.0
1596.9705202326966	0.14023999999994885	epochs	3.0
1597.1107602326965	0.2675200000001041	epochs	2.0
1597.1107602326965	0.13583999999991647	epochs	3.0
1597.2466002326964	0.13168000000018765	epochs	3.0
1597.3782802326966	0.2520799999999781	epochs	2.0
1597.3782802326966	0.12783999999987827	epochs	3.0
1597.5061202326965	0.12424000000009983	epochs	3.0
1597.6303602326966	0.2381599999998798	epochs	2.0
1597.6303602326966	0.12071999999989202	epochs	3.0
1597.7510802326965	0.11743999999998778	epochs	3.0
1597.8685202326965	0.225840000000062	epochs	2.0
1597.8685202326965	0.11440000000015971	epochs	3.0
1597.9829202326966	0.11143999999990228	epochs	3.0
1598.0943602326965	0.21463999999991756	epochs	2.0
1598.0943602326965	0.10863999999992302	epochs	3.0
1598.2030002326965	0.10599999999999454	epochs	3.0
1598.3090002326965	0.20448000000010325	epochs	2.0
1598.3090002326965	0.10344000000009146	epochs	3.0
1598.4124402326966	0.10104000000001179	epochs	3.0
1598.5134802326966	0.19535999999993692	epochs	2.0
1598.5134802326966	0.0987999999999829	epochs	3.0
1598.6122802326965	0.09655999999995402	epochs	3.0
1598.7088402326965	0.18695999999999913	epochs	2.0
1598.7088402326965	0.09447999999997592	epochs	3.0
1598.8033202326965	0.09248000000002321	epochs	3.0
1598.8958002326965	0.1792000000000371	epochs	2.0
1598.8958002326965	0.0904800000000705	epochs	3.0
1598.9862802326966	0.0887199999999666	epochs	3.0
1599.0750002326965	0.17208000000005086	epochs	2.0
1599.0750002326965	0.08688000000006468	epochs	3.0
1599.1618802326966	0.08519999999998618	epochs	3.0
1599.2470802326966	0.165520000000015	epochs	2.0
1599.2470802326966	0.08359999999993306	epochs	3.0
1599.3306802326965	0.08192000000008193	epochs	3.0
1599.4126002326966	0.1595199999999295	epochs	2.0
1599.4126002326966	0.08047999999985223	epochs	3.0
1599.4930802326965	0.07904000000007727	epochs	3.0
1599.5721202326965	0.15375999999992018	epochs	2.0
1599.5721202326965	0.07760000000007494	epochs	3.0
1599.6497202326966	0.07615999999984524	epochs	3.0
1599.7258802326965	0.14856000000008862	epochs	2.0
1599.7258802326965	0.07496000000014647	epochs	3.0
1599.8008402326966	0.07359999999994216	epochs	3.0
1599.8744402326965	0.14367999999990388	epochs	2.0
1599.8744402326965	0.0724800000000414	epochs	3.0
1599.9469202326966	0.07119999999986248	epochs	3.0
1600.0181202326964	0.1390400000000227	epochs	2.0
1600.0181202326964	0.0700800000001891	epochs	3.0
1600.0882002326966	0.0689599999998336	epochs	3.0
1600.1571602326965	0.13472000000001572	epochs	2.0
1600.1571602326965	0.06791999999995824	epochs	3.0
1600.2250802326964	0.06680000000005748	epochs	3.0
1600.2918802326965	0.1307200000001103	epochs	2.0
1600.2918802326965	0.06583999999998014	epochs	3.0
1600.3577202326965	0.06488000000013017	epochs	3.0
1600.4226002326966	0.1268000000000029	epochs	2.0
1600.4226002326966	0.06384000000002743	epochs	3.0
1600.4864402326966	0.06295999999997548	epochs	3.0
1600.5494002326966	0.12328000000002248	epochs	2.0
1600.5494002326966	0.06207999999992353	epochs	3.0
1600.6114802326965	0.06120000000009895	epochs	3.0
1600.6726802326966	0.11983999999984007	epochs	2.0
1600.6726802326966	0.06031999999981963	epochs	3.0
1600.7330002326964	0.059520000000020445	epochs	3.0
1600.7925202326965	0.11663999999996122	epochs	2.0
1600.7925202326965	0.05871999999999389	epochs	3.0
1600.8512402326965	0.05791999999996733	epochs	3.0
1600.9091602326964	0.11360000000013315	epochs	2.0
1600.9091602326964	0.05720000000019354	epochs	3.0
1600.9663602326966	0.05639999999993961	epochs	3.0
1601.0227602326966	0.11071999999990112	epochs	2.0
1601.0227602326966	0.055679999999938445	epochs	3.0
1601.0784402326965	0.055039999999962674	epochs	3.0
1601.1334802326965	0.10792000000014923	epochs	2.0
1601.1334802326965	0.05424000000016349	epochs	3.0
1601.1877202326966	0.05367999999998574	epochs	3.0
1601.2414002326966	0.10527999999999338	epochs	2.0
1601.2414002326966	0.052959999999984575	epochs	3.0
1601.2943602326966	0.052320000000008804	epochs	3.0
1601.3466802326966	0.10287999999991371	epochs	2.0
1601.3466802326966	0.05175999999983105	epochs	3.0
1601.3984402326964	0.051120000000082655	epochs	3.0
1601.4495602326965	0.10040000000003602	epochs	2.0
1601.4495602326965	0.050480000000106884	epochs	3.0
1601.5000402326966	0.04991999999992913	epochs	3.0
1601.5499602326965	0.09824000000003252	epochs	2.0
1601.5499602326965	0.049359999999978754	epochs	3.0
1601.5993202326965	0.04888000000005377	epochs	3.0
1601.6482002326966	0.09600000000000364	epochs	2.0
1601.6482002326966	0.048239999999850625	epochs	3.0
1601.6964402326964	0.04776000000015301	epochs	3.0
1601.7442002326966	0.09392000000002554	epochs	2.0
1601.7442002326966	0.04719999999997526	epochs	3.0
1601.7914002326966	0.04672000000005028	epochs	3.0
1601.8381202326966	0.09191999999984546	epochs	2.0
1601.8381202326966	0.046159999999872525	epochs	3.0
1601.8842802326965	0.04575999999997293	epochs	3.0
1601.9300402326965	0.09008000000017091	epochs	2.0
1601.9300402326965	0.04528000000004795	epochs	3.0
1601.9753202326965	0.044800000000122964	epochs	3.0
1602.0201202326966	0.08816000000001623	epochs	2.0
1602.0201202326966	0.044319999999970605	epochs	3.0
1602.0644402326966	0.04384000000004562	epochs	3.0
1602.1082802326966	0.08647999999993772	epochs	2.0
1602.1082802326966	0.043439999999918655	epochs	3.0
1602.1517202326966	0.04304000000001906	epochs	3.0
1602.1947602326966	0.08472000000006119	epochs	2.0
1602.1947602326966	0.042559999999866704	epochs	3.0
1602.2373202326964	0.042160000000194486	epochs	3.0
1602.2794802326966	0.0831999999998061	epochs	2.0
1602.2794802326966	0.04175999999984015	epochs	3.0
1602.3212402326965	0.04143999999996595	epochs	3.0
1602.3626802326964	0.08152000000018234	epochs	2.0
1602.3626802326964	0.040960000000040964	epochs	3.0
1602.4036402326965	0.04056000000014137	epochs	3.0
1602.4442002326966	0.08007999999995263	epochs	2.0
1602.4442002326966	0.040239999999812426	epochs	3.0
1602.4844402326964	0.03984000000014021	epochs	3.0
1602.5242802326966	0.0786399999999503	epochs	2.0
1602.5242802326966	0.039520000000038635	epochs	3.0
1602.5638002326966	0.03911999999991167	epochs	3.0
1602.6029202326965	0.07719999999994798	epochs	2.0
1602.6029202326965	0.03880000000003747	epochs	3.0
1602.6417202326966	0.038399999999910506	epochs	3.0
1602.6801202326965	0.07591999999999643	epochs	2.0
1602.6801202326965	0.0381600000000617	epochs	3.0
1602.7182802326965	0.037759999999934735	epochs	3.0
1602.7560402326965	0.0745600000000195	epochs	2.0
1602.7560402326965	0.037440000000060536	epochs	3.0
1602.7934802326965	0.037119999999958964	epochs	3.0
1602.8306002326965	0.07336000000009335	epochs	2.0
1602.8306002326965	0.036800000000084765	epochs	3.0
1602.8674002326966	0.036560000000008586	epochs	3.0
1602.9039602326966	0.07207999999991443	epochs	2.0
1602.9039602326966	0.03615999999988162	epochs	3.0
1602.9401202326965	0.035920000000032815	epochs	3.0
1602.9760402326965	0.07087999999998829	epochs	2.0
1602.9760402326965	0.03559999999993124	epochs	3.0
1603.0116402326964	0.035280000000057044	epochs	3.0
1603.0469202326965	0.06984000000011292	epochs	2.0
1603.0469202326965	0.035039999999980864	epochs	3.0
1603.0819602326965	0.03480000000013206	epochs	3.0
1603.1167602326966	0.0686399999999594	epochs	2.0
1603.1167602326966	0.034480000000030486	epochs	3.0
1603.1512402326966	0.034159999999928914	epochs	3.0
1603.1854002326966	0.06759999999985666	epochs	2.0
1603.1854002326966	0.03392000000008011	epochs	3.0
1603.2193202326966	0.033679999999776555	epochs	3.0
1603.2530002326964	0.06656000000020867	epochs	2.0
1603.2530002326964	0.03344000000015512	epochs	3.0
1603.2864402326966	0.03312000000005355	epochs	3.0
1603.3195602326966	0.06559999999990396	epochs	2.0
1603.3195602326966	0.032960000000002765	epochs	3.0
1603.3525202326966	0.03263999999990119	epochs	3.0
1603.3851602326965	0.0645600000000286	epochs	2.0
1603.3851602326965	0.03240000000005239	epochs	3.0
1603.4175602326966	0.03215999999997621	epochs	3.0
1603.4497202326966	0.06367999999997664	epochs	2.0
1603.4497202326966	0.03199999999992542	epochs	3.0
1603.4817202326965	0.03168000000005122	epochs	3.0
1603.5134002326965	0.0627199999998993	epochs	2.0
1603.5134002326965	0.03143999999997504	epochs	3.0
1603.5448402326965	0.03127999999992426	epochs	3.0
1603.5761202326964	0.061840000000074724	epochs	2.0
1603.5761202326964	0.03104000000007545	epochs	3.0
1603.6071602326965	0.030799999999999272	epochs	3.0
1603.6379602326965	0.060960000000022774	epochs	2.0
1603.6379602326965	0.030559999999923093	epochs	3.0
1603.6685202326964	0.03040000000009968	epochs	3.0
1603.6989202326965	0.060159999999996217	epochs	2.0
1603.6989202326965	0.0301600000000235	epochs	3.0
1603.7290802326966	0.029999999999972715	epochs	3.0
1603.7590802326965	0.059279999999944266	epochs	2.0
1603.7590802326965	0.029680000000098516	epochs	3.0
1603.7887602326966	0.02959999999984575	epochs	3.0
1603.8183602326965	0.05848000000014508	epochs	2.0
1603.8183602326965	0.029359999999996944	epochs	3.0
1603.8477202326965	0.02912000000014814	epochs	3.0
1603.8768402326966	0.057759999999916545	epochs	2.0
1603.8768402326966	0.02895999999986998	epochs	3.0
1603.9058002326965	0.028800000000046566	epochs	3.0
1603.9346002326965	0.05695999999988999	epochs	2.0
1603.9346002326965	0.028559999999970387	epochs	3.0
1603.9631602326965	0.0283999999999196	epochs	3.0
1603.9915602326964	0.0562400000001162	epochs	2.0
1603.9915602326964	0.028160000000070795	epochs	3.0
1604.0197202326965	0.028080000000045402	epochs	3.0
1604.0478002326965	0.05544000000008964	epochs	2.0
1604.0478002326965	0.027839999999969223	epochs	3.0
1604.0756402326965	0.027600000000120417	epochs	3.0
1604.1032402326966	0.05487999999991189	epochs	2.0
1604.1032402326966	0.02751999999986765	epochs	3.0
1604.1307602326965	0.027360000000044238	epochs	3.0
1604.1581202326965	0.05407999999988533	epochs	2.0
1604.1581202326965	0.02711999999996806	epochs	3.0
1604.1852402326965	0.026959999999917272	epochs	3.0
1604.2122002326964	0.053440000000136934	epochs	2.0
1604.2122002326964	0.02680000000009386	epochs	3.0
1604.2390002326965	0.026640000000043074	epochs	3.0
1604.2656402326966	0.05287999999995918	epochs	2.0
1604.2656402326966	0.026479999999992287	epochs	3.0
1604.2921202326966	0.026399999999966894	epochs	3.0
1604.3185202326965	0.05215999999995802	epochs	2.0
1604.3185202326965	0.02616000000011809	epochs	3.0
1604.3446802326966	0.02599999999983993	epochs	3.0
1604.3706802326965	0.05151999999998225	epochs	2.0
1604.3706802326965	0.025840000000016516	epochs	3.0
1604.3965202326965	0.02567999999996573	epochs	3.0
1604.4222002326965	0.05096000000003187	epochs	2.0
1604.4222002326965	0.02560000000016771	epochs	3.0
1604.4478002326966	0.025359999999864158	epochs	3.0
1604.4731602326965	0.05040000000008149	epochs	2.0
1604.4731602326965	0.02528000000006614	epochs	3.0
1604.4984402326966	0.025120000000015352	epochs	3.0
1604.5235602326966	0.049759999999878346	epochs	2.0
1604.5235602326966	0.024959999999964566	epochs	3.0
1604.5485202326965	0.02479999999991378	epochs	3.0
1604.5733202326965	0.04920000000015534	epochs	2.0
1604.5733202326965	0.024640000000090367	epochs	3.0
1604.5979602326966	0.024560000000064974	epochs	3.0
1604.6225202326966	0.04872000000000298	epochs	2.0
1604.6225202326966	0.024400000000014188	epochs	3.0
1604.6469202326966	0.024319999999988795	epochs	3.0
1604.6712402326966	0.04808000000002721	epochs	2.0
1604.6712402326966	0.024079999999912616	epochs	3.0
1604.6953202326965	0.024000000000114596	epochs	3.0
1604.7193202326966	0.047599999999874854	epochs	2.0
1604.7193202326966	0.023839999999836436	epochs	3.0
1604.7431602326965	0.023760000000038417	epochs	3.0
1604.7669202326965	0.04711999999994987	epochs	2.0
1604.7669202326965	0.02359999999998763	epochs	3.0
1604.7905202326965	0.023519999999962238	epochs	3.0
1604.8140402326965	0.04655999999999949	epochs	2.0
1604.8140402326965	0.023360000000138825	epochs	3.0
1604.8374002326966	0.023199999999860665	epochs	3.0
1604.8606002326965	0.046080000000074506	epochs	2.0
1604.8606002326965	0.023120000000062646	epochs	3.0
1604.8837202326965	0.02296000000001186	epochs	3.0
1604.9066802326965	0.04559999999992215	epochs	2.0
1604.9066802326965	0.022879999999986467	epochs	3.0
1604.9295602326965	0.02271999999993568	epochs	3.0
1604.9522802326965	0.04511999999999716	epochs	2.0
1604.9522802326965	0.02264000000013766	epochs	3.0
1604.9749202326966	0.0224799999998595	epochs	3.0
1604.9974002326965	0.04464000000007218	epochs	2.0
1604.9974002326965	0.022400000000061482	epochs	3.0
1605.0198002326965	0.022240000000010696	epochs	3.0
1605.0420402326965	0.04423999999994521	epochs	2.0
1605.0420402326965	0.022159999999985303	epochs	3.0
1605.0642002326965	0.02207999999995991	epochs	3.0
1605.0862802326965	0.04376000000002023	epochs	2.0
1605.0862802326965	0.021920000000136497	epochs	3.0
1605.1082002326966	0.02183999999988373	epochs	3.0
1605.1300402326965	0.043360000000120635	epochs	2.0
1605.1300402326965	0.02176000000008571	epochs	3.0
1605.1518002326966	0.021600000000034925	epochs	3.0
1605.1734002326966	0.04287999999996828	epochs	2.0
1605.1734002326966	0.02143999999998414	epochs	3.0
1605.1948402326966	0.02143999999998414	epochs	3.0
1605.2162802326966	0.04247999999984131	epochs	2.0
1605.2162802326966	0.021279999999933352	epochs	3.0
1605.2375602326965	0.02119999999990796	epochs	3.0
1605.2587602326964	0.04208000000016909	epochs	2.0
1605.2587602326964	0.021040000000084547	epochs	3.0
1605.2798002326965	0.021040000000084547	epochs	3.0
1605.3008402326966	0.04168000000004213	epochs	2.0
1605.3008402326966	0.02088000000003376	epochs	3.0
1605.3217202326966	0.020800000000008367	epochs	3.0
1605.3425202326966	0.04119999999988977	epochs	2.0
1605.3425202326966	0.02063999999995758	epochs	3.0
1605.3631602326966	0.020559999999932188	epochs	3.0
1605.3837202326965	0.04088000000001557	epochs	2.0
1605.3837202326965	0.020559999999932188	epochs	3.0
1605.4042802326965	0.020320000000083382	epochs	3.0
1605.4246002326965	0.040559999999914	epochs	2.0
1605.4246002326965	0.020320000000083382	epochs	3.0
1605.4449202326966	0.020239999999830616	epochs	3.0
1605.4651602326965	0.04007999999998901	epochs	2.0
1605.4651602326965	0.020080000000007203	epochs	3.0
1605.4852402326965	0.01999999999998181	epochs	3.0
1605.5052402326965	0.039760000000114815	epochs	2.0
1605.5052402326965	0.01992000000018379	epochs	3.0
1605.5251602326966	0.019839999999931024	epochs	3.0
1605.5450002326966	0.03944000000001324	epochs	2.0
1605.5450002326966	0.01975999999990563	epochs	3.0
1605.5647602326965	0.01968000000010761	epochs	3.0
1605.5844402326966	0.03903999999988628	epochs	2.0
1605.5844402326966	0.019520000000056825	epochs	3.0
1605.6039602326966	0.01951999999982945	epochs	3.0
1605.6234802326965	0.038639999999986685	epochs	2.0
1605.6234802326965	0.01936000000000604	epochs	3.0
1605.6428402326965	0.019279999999980646	epochs	3.0
1605.6621202326965	0.03840000000013788	epochs	2.0
1605.6621202326965	0.019279999999980646	epochs	3.0
1605.6814002326964	0.019120000000157233	epochs	3.0
1605.7005202326966	0.038000000000010914	epochs	2.0
1605.7005202326966	0.019039999999904467	epochs	3.0
1605.7195602326965	0.018960000000106447	epochs	3.0
1605.7385202326966	0.03767999999990934	epochs	2.0
1605.7385202326966	0.01887999999985368	epochs	3.0
1605.7574002326965	0.01880000000005566	epochs	3.0
1605.7762002326965	0.03736000000003514	epochs	2.0
1605.7762002326965	0.018720000000030268	epochs	3.0
1605.7949202326965	0.018640000000004875	epochs	3.0
1605.8135602326965	0.03703999999993357	epochs	2.0
1605.8135602326965	0.018559999999979482	epochs	3.0
1605.8321202326965	0.01847999999995409	epochs	3.0
1605.8506002326965	0.03672000000005937	epochs	2.0
1605.8506002326965	0.01840000000015607	epochs	3.0
1605.8690002326966	0.018319999999903303	epochs	3.0
1605.8873202326965	0.03647999999998319	epochs	2.0
1605.8873202326965	0.018240000000105283	epochs	3.0
1605.9055602326966	0.01823999999987791	epochs	3.0
1605.9238002326965	0.0360800000000836	epochs	2.0
1605.9238002326965	0.018080000000054497	epochs	3.0
1605.9418802326966	0.018000000000029104	epochs	3.0
1605.9598802326966	0.03584000000000742	epochs	2.0
1605.9598802326966	0.01792000000000371	epochs	3.0
1605.9778002326966	0.01792000000000371	epochs	3.0
1605.9957202326966	0.03551999999990585	epochs	2.0
1605.9957202326966	0.017759999999952925	epochs	3.0
1606.0134802326966	0.017759999999952925	epochs	3.0
1606.0312402326965	0.03520000000003165	epochs	2.0
1606.0312402326965	0.01767999999992753	epochs	3.0
1606.0489202326964	0.01752000000010412	epochs	3.0
1606.0664402326966	0.03495999999995547	epochs	2.0
1606.0664402326966	0.017519999999876745	epochs	3.0
1606.0839602326964	0.017440000000078726	epochs	3.0
1606.1014002326965	0.034720000000106666	epochs	2.0
1606.1014002326965	0.017440000000078726	epochs	3.0
1606.1188402326966	0.01728000000002794	epochs	3.0
1606.1361202326966	0.03440000000000509	epochs	2.0
1606.1361202326966	0.017200000000002547	epochs	3.0
1606.1533202326966	0.017200000000002547	epochs	3.0
1606.1705202326966	0.034159999999928914	epochs	2.0
1606.1705202326966	0.017119999999977153	epochs	3.0
1606.1876402326966	0.01703999999995176	epochs	3.0
1606.2046802326965	0.033840000000054715	epochs	2.0
1606.2046802326965	0.016959999999926367	epochs	3.0
1606.2216402326965	0.016880000000128348	epochs	3.0
1606.2385202326966	0.033599999999978536	epochs	2.0
1606.2385202326966	0.01679999999987558	epochs	3.0
1606.2553202326965	0.016800000000102955	epochs	3.0
1606.2721202326966	0.03335999999990236	epochs	2.0
1606.2721202326966	0.016719999999850188	epochs	3.0
1606.2888402326964	0.01664000000005217	epochs	3.0
1606.3054802326965	0.03312000000005355	epochs	2.0
1606.3054802326965	0.016560000000026776	epochs	3.0
1606.3220402326965	0.016560000000026776	epochs	3.0
1606.3386002326965	0.03279999999995198	epochs	2.0
1606.3386002326965	0.01639999999997599	epochs	3.0
1606.3550002326965	0.01639999999997599	epochs	3.0
1606.3714002326965	0.03256000000010317	epochs	2.0
1606.3714002326965	0.016319999999950596	epochs	3.0
1606.3877202326964	0.016240000000152577	epochs	3.0
1606.4039602326966	0.03240000000005239	epochs	2.0
1606.4039602326966	0.016239999999925203	epochs	3.0
1606.4202002326965	0.016160000000127184	epochs	3.0
1606.4363602326966	0.032079999999950815	epochs	2.0
1606.4363602326966	0.016079999999874417	epochs	3.0
1606.4524402326965	0.016000000000076398	epochs	3.0
1606.4684402326966	0.03191999999990003	epochs	2.0
1606.4684402326966	0.015999999999849024	epochs	3.0
1606.4844402326964	0.015920000000051004	epochs	3.0
1606.5003602326965	0.03160000000002583	epochs	2.0
1606.5003602326965	0.01584000000002561	epochs	3.0
1606.5162002326965	0.01576000000000022	epochs	3.0
1606.5319602326965	0.03143999999997504	epochs	2.0
1606.5319602326965	0.01576000000000022	epochs	3.0
1606.5477202326965	0.015679999999974825	epochs	3.0
1606.5634002326965	0.031200000000126238	epochs	2.0
1606.5634002326965	0.015599999999949432	epochs	3.0
1606.5790002326964	0.015600000000176806	epochs	3.0
1606.5946002326966	0.030959999999822685	epochs	2.0
1606.5946002326966	0.015519999999924039	epochs	3.0
1606.6101202326965	0.015439999999898646	epochs	3.0
1606.6255602326964	0.030720000000201253	epochs	2.0
1606.6255602326964	0.01544000000012602	epochs	3.0
1606.6410002326966	0.015280000000075233	epochs	3.0
1606.6562802326966	0.030559999999923093	epochs	2.0
1606.6562802326966	0.015359999999873253	epochs	3.0
1606.6716402326965	0.01520000000004984	epochs	3.0
1606.6868402326966	0.030320000000074288	epochs	2.0
1606.6868402326966	0.01520000000004984	epochs	3.0
1606.7020402326966	0.015120000000024447	epochs	3.0
1606.7171602326966	0.030079999999998108	epochs	2.0
1606.7171602326966	0.015119999999797074	epochs	3.0
1606.7322802326964	0.014960000000201035	epochs	3.0
1606.7472402326966	0.029919999999947322	epochs	2.0
1606.7472402326966	0.015039999999999054	epochs	3.0
1606.7622802326966	0.014879999999948268	epochs	3.0
1606.7771602326966	0.029679999999871143	epochs	2.0
1606.7771602326966	0.014879999999948268	epochs	3.0
1606.7920402326965	0.014799999999922875	epochs	3.0
1606.8068402326965	0.02952000000004773	epochs	2.0
1606.8068402326965	0.014800000000150249	epochs	3.0
1606.8216402326966	0.014719999999897482	epochs	3.0
1606.8363602326965	0.02927999999997155	epochs	2.0
1606.8363602326965	0.014720000000124855	epochs	3.0
1606.8510802326966	0.014559999999846696	epochs	3.0
1606.8656402326965	0.02912000000014814	epochs	2.0
1606.8656402326965	0.014640000000099462	epochs	3.0
1606.8802802326966	0.014480000000048676	epochs	3.0
1606.8947602326966	0.02895999999986998	epochs	2.0
1606.8947602326966	0.014479999999821302	epochs	3.0
1606.9092402326964	0.014480000000048676	epochs	3.0
1606.9237202326965	0.02863999999999578	epochs	2.0
1606.9237202326965	0.01431999999999789	epochs	3.0
1606.9380402326965	0.01431999999999789	epochs	3.0
1606.9523602326965	0.028559999999970387	epochs	2.0
1606.9523602326965	0.01431999999999789	epochs	3.0
1606.9666802326965	0.014239999999972497	epochs	3.0
1606.9809202326965	0.02832000000012158	epochs	2.0
1606.9809202326965	0.014160000000174477	epochs	3.0
1606.9950802326966	0.014159999999947104	epochs	3.0
1607.0092402326966	0.02815999999984342	epochs	2.0
1607.0092402326966	0.014159999999947104	epochs	3.0
1607.0234002326965	0.013999999999896318	epochs	3.0
1607.0374002326964	0.02800000000002001	epochs	2.0
1607.0374002326964	0.014000000000123691	epochs	3.0
1607.0514002326966	0.013999999999896318	epochs	3.0
1607.0654002326964	0.027760000000171203	epochs	2.0
1607.0654002326964	0.013920000000098298	epochs	3.0
1607.0793202326965	0.013840000000072905	epochs	3.0
1607.0931602326966	0.027679999999918437	epochs	2.0
1607.0931602326966	0.013839999999845531	epochs	3.0
1607.1070002326965	0.013840000000072905	epochs	3.0
1607.1208402326965	0.02744000000006963	epochs	2.0
1607.1208402326965	0.013760000000047512	epochs	3.0
1607.1346002326966	0.013680000000022119	epochs	3.0
1607.1482802326966	0.027280000000018845	epochs	2.0
1607.1482802326966	0.013680000000022119	epochs	3.0
1607.1619602326966	0.013599999999996726	epochs	3.0
1607.1755602326966	0.02711999999996806	epochs	2.0
1607.1755602326966	0.013519999999971333	epochs	3.0
1607.1890802326966	0.013599999999996726	epochs	3.0
1607.2026802326966	0.02687999999989188	epochs	2.0
1607.2026802326966	0.01343999999994594	epochs	3.0
1607.2161202326965	0.01343999999994594	epochs	3.0
1607.2295602326965	0.02680000000009386	epochs	2.0
1607.2295602326965	0.01343999999994594	epochs	3.0
1607.2430002326964	0.01336000000014792	epochs	3.0
1607.2563602326966	0.02656000000001768	epochs	2.0
1607.2563602326966	0.013279999999895153	epochs	3.0
1607.2696402326965	0.013280000000122527	epochs	3.0
1607.2829202326966	0.026479999999992287	epochs	2.0
1607.2829202326966	0.013279999999895153	epochs	3.0
1607.2962002326965	0.013200000000097134	epochs	3.0
1607.3094002326966	0.026239999999916108	epochs	2.0
1607.3094002326966	0.013119999999844367	epochs	3.0
1607.3225202326964	0.013120000000071741	epochs	3.0
1607.3356402326965	0.02616000000011809	epochs	2.0
1607.3356402326965	0.013120000000071741	epochs	3.0
1607.3487602326966	0.013040000000046348	epochs	3.0
1607.3618002326966	0.02599999999983993	epochs	2.0
1607.3618002326966	0.013039999999818974	epochs	3.0
1607.3748402326964	0.012960000000020955	epochs	3.0
1607.3878002326965	0.025759999999991123	epochs	2.0
1607.3878002326965	0.012879999999995562	epochs	3.0
1607.4006802326965	0.012879999999995562	epochs	3.0
1607.4135602326965	0.025680000000193104	epochs	2.0
1607.4135602326965	0.012879999999995562	epochs	3.0
1607.4264402326965	0.012800000000197542	epochs	3.0
1607.4392402326966	0.025519999999914944	epochs	2.0
1607.4392402326966	0.012799999999970169	epochs	3.0
1607.4520402326966	0.012719999999944775	epochs	3.0
1607.4647602326966	0.025359999999864158	epochs	2.0
1607.4647602326966	0.012719999999944775	epochs	3.0
1607.4774802326965	0.012639999999919382	epochs	3.0
1607.4901202326964	0.025200000000040745	epochs	2.0
1607.4901202326964	0.012640000000146756	epochs	3.0
1607.5027602326966	0.01255999999989399	epochs	3.0
1607.5153202326965	0.024560000000064974	epochs	2.0
1607.5392927326966	0.5	epochs	-1.0
1607.5398802326965	0.5316800000000512	epochs	1.0
1608.0715602326966	0.4682399999999234	epochs	0.0
1618.8489999771118	0.1088799999999992	epochs	0.0
1618.8489999771118	0.04944000000000415	epochs	1.0
1618.8984399771118	0.010080000000016298	epochs	1.0
1618.9085199771118	0.049359999999978754	epochs	1.0
1618.9578799771118	2.0	epochs	0.0
1620.9578799771118	21.550719999999956	epochs	0.0
1620.9578799771118	1.0	epochs	1.0
1620.9579324771119	0.5	epochs	-1.0
1621.4579324771119	19.999520000000075	epochs	-1.0
1621.9578799771118	20.0	epochs	1.0
1621.9578799771118	8.000000002539309e-05	epochs	2.0
1621.9579599771118	4.356719999999996	epochs	-1.0
1621.9579599771118	1.974559999999883	epochs	2.0
1621.9579599771118	1.0985599999999067	epochs	3.0
1623.0565199771117	0.8759999999999764	epochs	3.0
1623.9325199771117	1.3523999999999887	epochs	2.0
1623.9325199771117	0.7286400000000413	epochs	3.0
1624.6611599771118	0.6237599999999475	epochs	3.0
1625.2849199771117	1.029760000000124	epochs	2.0
1625.2849199771117	0.5453600000000733	epochs	3.0
1625.8302799771118	0.48440000000005057	epochs	3.0
1626.3146799771118	0.8317600000000311	epochs	2.0
1626.3146799771118	0.435760000000073	epochs	3.0
1626.750439977112	0.39599999999995816	epochs	3.0
1627.1464399771119	0.697840000000042	epochs	2.0
1627.1464399771119	0.3628799999999046	epochs	3.0
1627.5093199771118	0.33496000000013737	epochs	3.0
1627.844279977112	0.6010400000000118	epochs	2.0
1627.844279977112	0.3108799999999974	epochs	3.0
1628.155159977112	0.2901600000000144	epochs	3.0
1628.445319977112	0.5278399999999692	epochs	2.0
1628.445319977112	0.2719199999999091	epochs	3.0
1628.7172399771118	0.2559200000000601	epochs	3.0
1628.973159977112	0.47064000000000306	epochs	2.0
1628.973159977112	0.24167999999986023	epochs	3.0
1629.2148399771118	0.22896000000014283	epochs	3.0
1629.443799977112	0.42455999999992855	epochs	2.0
1629.443799977112	0.21743999999989683	epochs	3.0
1629.6612399771118	0.20712000000003172	epochs	3.0
1629.8683599771118	0.3867199999999684	epochs	2.0
1629.8683599771118	0.1976799999999912	epochs	3.0
1630.0660399771118	0.18903999999997723	epochs	3.0
1630.2550799771118	0.3551199999999426	epochs	2.0
1630.2550799771118	0.1811999999999898	epochs	3.0
1630.4362799771118	0.17391999999995278	epochs	3.0
1630.6101999771117	0.3282400000000507	epochs	2.0
1630.6101999771117	0.1672000000000935	epochs	3.0
1630.7773999771118	0.16103999999995722	epochs	3.0
1630.9384399771118	0.30520000000001346	epochs	2.0
1630.9384399771118	0.1552799999999479	epochs	3.0
1631.0937199771117	0.14992000000006556	epochs	3.0
1631.2436399771118	0.28512000000000626	epochs	2.0
1631.2436399771118	0.1448800000000574	epochs	3.0
1631.3885199771119	0.14023999999994885	epochs	3.0
1631.5287599771118	0.2675200000001041	epochs	2.0
1631.5287599771118	0.13583999999991647	epochs	3.0
1631.6645999771117	0.13168000000018765	epochs	3.0
1631.796279977112	0.2520799999999781	epochs	2.0
1631.796279977112	0.12783999999987827	epochs	3.0
1631.9241199771118	0.12424000000009983	epochs	3.0
1632.0483599771119	0.2381599999998798	epochs	2.0
1632.0483599771119	0.12071999999989202	epochs	3.0
1632.1690799771118	0.11743999999998778	epochs	3.0
1632.2865199771118	0.225840000000062	epochs	2.0
1632.2865199771118	0.11440000000015971	epochs	3.0
1632.400919977112	0.11143999999990228	epochs	3.0
1632.5123599771118	0.21463999999991756	epochs	2.0
1632.5123599771118	0.10863999999992302	epochs	3.0
1632.6209999771118	0.10599999999999454	epochs	3.0
1632.7269999771117	0.20448000000010325	epochs	2.0
1632.7269999771117	0.10344000000009146	epochs	3.0
1632.8304399771118	0.10104000000001179	epochs	3.0
1632.9314799771118	0.19535999999993692	epochs	2.0
1632.9314799771118	0.0987999999999829	epochs	3.0
1633.0302799771118	0.09655999999995402	epochs	3.0
1633.1268399771118	0.18695999999999913	epochs	2.0
1633.1268399771118	0.09447999999997592	epochs	3.0
1633.2213199771118	0.09248000000002321	epochs	3.0
1633.3137999771118	0.1792000000000371	epochs	2.0
1633.3137999771118	0.0904800000000705	epochs	3.0
1633.4042799771119	0.0887199999999666	epochs	3.0
1633.4929999771118	0.17208000000005086	epochs	2.0
1633.4929999771118	0.08688000000006468	epochs	3.0
1633.579879977112	0.08519999999998618	epochs	3.0
1633.6650799771119	0.165520000000015	epochs	2.0
1633.6650799771119	0.08359999999993306	epochs	3.0
1633.7486799771118	0.08192000000008193	epochs	3.0
1633.830599977112	0.1595199999999295	epochs	2.0
1633.830599977112	0.08047999999985223	epochs	3.0
1633.9110799771117	0.07904000000007727	epochs	3.0
1633.9901199771118	0.15375999999992018	epochs	2.0
1633.9901199771118	0.07760000000007494	epochs	3.0
1634.067719977112	0.07615999999984524	epochs	3.0
1634.1438799771117	0.14856000000008862	epochs	2.0
1634.1438799771117	0.07496000000014647	epochs	3.0
1634.2188399771119	0.07359999999994216	epochs	3.0
1634.2924399771118	0.14367999999990388	epochs	2.0
1634.2924399771118	0.0724800000000414	epochs	3.0
1634.3649199771119	0.07119999999986248	epochs	3.0
1634.4361199771117	0.1390400000000227	epochs	2.0
1634.4361199771117	0.0700800000001891	epochs	3.0
1634.506199977112	0.0689599999998336	epochs	3.0
1634.5751599771118	0.13472000000001572	epochs	2.0
1634.5751599771118	0.06791999999995824	epochs	3.0
1634.6430799771117	0.06680000000005748	epochs	3.0
1634.7098799771118	0.1307200000001103	epochs	2.0
1634.7098799771118	0.06583999999998014	epochs	3.0
1634.7757199771117	0.06488000000013017	epochs	3.0
1634.8405999771119	0.1268000000000029	epochs	2.0
1634.8405999771119	0.06384000000002743	epochs	3.0
1634.904439977112	0.06295999999997548	epochs	3.0
1634.9673999771119	0.12328000000002248	epochs	2.0
1634.9673999771119	0.06207999999992353	epochs	3.0
1635.0294799771118	0.06120000000009895	epochs	3.0
1635.090679977112	0.11983999999984007	epochs	2.0
1635.090679977112	0.06031999999981963	epochs	3.0
1635.1509999771117	0.059520000000020445	epochs	3.0
1635.2105199771117	0.11663999999996122	epochs	2.0
1635.2105199771117	0.05871999999999389	epochs	3.0
1635.2692399771117	0.05791999999996733	epochs	3.0
1635.3271599771117	0.11360000000013315	epochs	2.0
1635.3271599771117	0.05720000000019354	epochs	3.0
1635.384359977112	0.05639999999993961	epochs	3.0
1635.4407599771118	0.11071999999990112	epochs	2.0
1635.4407599771118	0.055679999999938445	epochs	3.0
1635.4964399771118	0.055039999999962674	epochs	3.0
1635.5514799771117	0.10792000000014923	epochs	2.0
1635.5514799771117	0.05424000000016349	epochs	3.0
1635.605719977112	0.05367999999998574	epochs	3.0
1635.659399977112	0.10527999999999338	epochs	2.0
1635.659399977112	0.052959999999984575	epochs	3.0
1635.7123599771119	0.052320000000008804	epochs	3.0
1635.7646799771119	0.10287999999991371	epochs	2.0
1635.7646799771119	0.05175999999983105	epochs	3.0
1635.8164399771117	0.051120000000082655	epochs	3.0
1635.8675599771118	0.10040000000003602	epochs	2.0
1635.8675599771118	0.050480000000106884	epochs	3.0
1635.918039977112	0.04991999999992913	epochs	3.0
1635.9679599771118	0.09824000000003252	epochs	2.0
1635.9679599771118	0.049359999999978754	epochs	3.0
1636.0173199771118	0.04888000000005377	epochs	3.0
1636.0661999771119	0.09600000000000364	epochs	2.0
1636.0661999771119	0.048239999999850625	epochs	3.0
1636.1144399771117	0.04776000000015301	epochs	3.0
1636.1621999771119	0.09392000000002554	epochs	2.0
1636.1621999771119	0.04719999999997526	epochs	3.0
1636.2093999771118	0.04672000000005028	epochs	3.0
1636.256119977112	0.09191999999984546	epochs	2.0
1636.256119977112	0.046159999999872525	epochs	3.0
1636.3022799771118	0.04575999999997293	epochs	3.0
1636.3480399771117	0.09008000000017091	epochs	2.0
1636.3480399771117	0.04528000000004795	epochs	3.0
1636.3933199771118	0.044800000000122964	epochs	3.0
1636.438119977112	0.08816000000001623	epochs	2.0
1636.438119977112	0.044319999999970605	epochs	3.0
1636.4824399771119	0.04384000000004562	epochs	3.0
1636.526279977112	0.08647999999993772	epochs	2.0
1636.526279977112	0.043439999999918655	epochs	3.0
1636.5697199771118	0.04304000000001906	epochs	3.0
1636.6127599771119	0.08472000000006119	epochs	2.0
1636.6127599771119	0.042559999999866704	epochs	3.0
1636.6553199771117	0.042160000000194486	epochs	3.0
1636.697479977112	0.0831999999998061	epochs	2.0
1636.697479977112	0.04175999999984015	epochs	3.0
1636.7392399771118	0.04143999999996595	epochs	3.0
1636.7806799771117	0.08152000000018234	epochs	2.0
1636.7806799771117	0.040960000000040964	epochs	3.0
1636.8216399771118	0.04056000000014137	epochs	3.0
1636.862199977112	0.08007999999995263	epochs	2.0
1636.862199977112	0.040239999999812426	epochs	3.0
1636.9024399771117	0.03984000000014021	epochs	3.0
1636.9422799771119	0.0786399999999503	epochs	2.0
1636.9422799771119	0.039520000000038635	epochs	3.0
1636.981799977112	0.03911999999991167	epochs	3.0
1637.0209199771118	0.07719999999994798	epochs	2.0
1637.0209199771118	0.03880000000003747	epochs	3.0
1637.0597199771119	0.038399999999910506	epochs	3.0
1637.0981199771118	0.07591999999999643	epochs	2.0
1637.0981199771118	0.0381600000000617	epochs	3.0
1637.1362799771118	0.037759999999934735	epochs	3.0
1637.1740399771118	0.0745600000000195	epochs	2.0
1637.1740399771118	0.037440000000060536	epochs	3.0
1637.2114799771118	0.037119999999958964	epochs	3.0
1637.2485999771118	0.07336000000009335	epochs	2.0
1637.2485999771118	0.036800000000084765	epochs	3.0
1637.2853999771119	0.036560000000008586	epochs	3.0
1637.3219599771119	0.07207999999991443	epochs	2.0
1637.3219599771119	0.03615999999988162	epochs	3.0
1637.3581199771118	0.035920000000032815	epochs	3.0
1637.3940399771118	0.07087999999998829	epochs	2.0
1637.3940399771118	0.03559999999993124	epochs	3.0
1637.4296399771117	0.035280000000057044	epochs	3.0
1637.4649199771118	0.06984000000011292	epochs	2.0
1637.4649199771118	0.035039999999980864	epochs	3.0
1637.4999599771118	0.03480000000013206	epochs	3.0
1637.534759977112	0.0686399999999594	epochs	2.0
1637.534759977112	0.034480000000030486	epochs	3.0
1637.569239977112	0.034159999999928914	epochs	3.0
1637.6033999771118	0.06759999999985666	epochs	2.0
1637.6033999771118	0.03392000000008011	epochs	3.0
1637.637319977112	0.033679999999776555	epochs	3.0
1637.6709999771117	0.06656000000020867	epochs	2.0
1637.6709999771117	0.03344000000015512	epochs	3.0
1637.7044399771119	0.03312000000005355	epochs	3.0
1637.737559977112	0.06559999999990396	epochs	2.0
1637.737559977112	0.032960000000002765	epochs	3.0
1637.770519977112	0.03263999999990119	epochs	3.0
1637.8031599771118	0.0645600000000286	epochs	2.0
1637.8031599771118	0.03240000000005239	epochs	3.0
1637.8355599771119	0.03215999999997621	epochs	3.0
1637.8677199771118	0.06367999999997664	epochs	2.0
1637.8677199771118	0.03199999999992542	epochs	3.0
1637.8997199771118	0.03168000000005122	epochs	3.0
1637.9313999771118	0.0627199999998993	epochs	2.0
1637.9313999771118	0.03143999999997504	epochs	3.0
1637.9628399771118	0.03127999999992426	epochs	3.0
1637.9941199771117	0.061840000000074724	epochs	2.0
1637.9941199771117	0.03104000000007545	epochs	3.0
1638.0251599771118	0.030799999999999272	epochs	3.0
1638.0559599771118	0.060960000000022774	epochs	2.0
1638.0559599771118	0.030559999999923093	epochs	3.0
1638.0865199771117	0.03040000000009968	epochs	3.0
1638.1169199771118	0.060159999999996217	epochs	2.0
1638.1169199771118	0.0301600000000235	epochs	3.0
1638.1470799771118	0.029999999999972715	epochs	3.0
1638.1770799771118	0.059279999999944266	epochs	2.0
1638.1770799771118	0.029680000000098516	epochs	3.0
1638.206759977112	0.02959999999984575	epochs	3.0
1638.2363599771118	0.05848000000014508	epochs	2.0
1638.2363599771118	0.029359999999996944	epochs	3.0
1638.2657199771118	0.02912000000014814	epochs	3.0
1638.294839977112	0.057759999999916545	epochs	2.0
1638.294839977112	0.02895999999986998	epochs	3.0
1638.3237999771118	0.028800000000046566	epochs	3.0
1638.3525999771118	0.05695999999988999	epochs	2.0
1638.3525999771118	0.028559999999970387	epochs	3.0
1638.3811599771118	0.0283999999999196	epochs	3.0
1638.4095599771117	0.0562400000001162	epochs	2.0
1638.4095599771117	0.028160000000070795	epochs	3.0
1638.4377199771118	0.028080000000045402	epochs	3.0
1638.4657999771118	0.05544000000008964	epochs	2.0
1638.4657999771118	0.027839999999969223	epochs	3.0
1638.4936399771118	0.027600000000120417	epochs	3.0
1638.521239977112	0.05487999999991189	epochs	2.0
1638.521239977112	0.02751999999986765	epochs	3.0
1638.5487599771118	0.027360000000044238	epochs	3.0
1638.5761199771118	0.05407999999988533	epochs	2.0
1638.5761199771118	0.02711999999996806	epochs	3.0
1638.6032399771118	0.026959999999917272	epochs	3.0
1638.6301999771117	0.053440000000136934	epochs	2.0
1638.6301999771117	0.02680000000009386	epochs	3.0
1638.6569999771118	0.026640000000043074	epochs	3.0
1638.6836399771119	0.05287999999995918	epochs	2.0
1638.6836399771119	0.026479999999992287	epochs	3.0
1638.7101199771118	0.026399999999966894	epochs	3.0
1638.7365199771118	0.05215999999995802	epochs	2.0
1638.7365199771118	0.02616000000011809	epochs	3.0
1638.762679977112	0.02599999999983993	epochs	3.0
1638.7886799771118	0.05151999999998225	epochs	2.0
1638.7886799771118	0.025840000000016516	epochs	3.0
1638.8145199771118	0.02567999999996573	epochs	3.0
1638.8401999771118	0.05096000000003187	epochs	2.0
1638.8401999771118	0.02560000000016771	epochs	3.0
1638.865799977112	0.025359999999864158	epochs	3.0
1638.8911599771118	0.05040000000008149	epochs	2.0
1638.8911599771118	0.02528000000006614	epochs	3.0
1638.9164399771118	0.025120000000015352	epochs	3.0
1638.9415599771119	0.049759999999878346	epochs	2.0
1638.9415599771119	0.024959999999964566	epochs	3.0
1638.9665199771118	0.02479999999991378	epochs	3.0
1638.9913199771117	0.04920000000015534	epochs	2.0
1638.9913199771117	0.024640000000090367	epochs	3.0
1639.0159599771118	0.024560000000064974	epochs	3.0
1639.040519977112	0.04872000000000298	epochs	2.0
1639.040519977112	0.024400000000014188	epochs	3.0
1639.064919977112	0.024319999999988795	epochs	3.0
1639.089239977112	0.04808000000002721	epochs	2.0
1639.089239977112	0.024079999999912616	epochs	3.0
1639.1133199771118	0.024000000000114596	epochs	3.0
1639.137319977112	0.047599999999874854	epochs	2.0
1639.137319977112	0.023839999999836436	epochs	3.0
1639.1611599771118	0.023760000000038417	epochs	3.0
1639.1849199771118	0.04711999999994987	epochs	2.0
1639.1849199771118	0.02359999999998763	epochs	3.0
1639.2085199771118	0.023519999999962238	epochs	3.0
1639.2320399771118	0.04655999999999949	epochs	2.0
1639.2320399771118	0.023360000000138825	epochs	3.0
1639.255399977112	0.023199999999860665	epochs	3.0
1639.2785999771118	0.046080000000074506	epochs	2.0
1639.2785999771118	0.023120000000062646	epochs	3.0
1639.3017199771118	0.02296000000001186	epochs	3.0
1639.3246799771118	0.04559999999992215	epochs	2.0
1639.3246799771118	0.022879999999986467	epochs	3.0
1639.3475599771118	0.02271999999993568	epochs	3.0
1639.3702799771117	0.04511999999999716	epochs	2.0
1639.3702799771117	0.02264000000013766	epochs	3.0
1639.392919977112	0.0224799999998595	epochs	3.0
1639.4153999771117	0.04464000000007218	epochs	2.0
1639.4153999771117	0.022400000000061482	epochs	3.0
1639.4377999771118	0.022240000000010696	epochs	3.0
1639.4600399771118	0.04423999999994521	epochs	2.0
1639.4600399771118	0.022159999999985303	epochs	3.0
1639.4821999771118	0.02207999999995991	epochs	3.0
1639.5042799771118	0.04376000000002023	epochs	2.0
1639.5042799771118	0.021920000000136497	epochs	3.0
1639.526199977112	0.02183999999988373	epochs	3.0
1639.5480399771118	0.043360000000120635	epochs	2.0
1639.5480399771118	0.02176000000008571	epochs	3.0
1639.5697999771119	0.021600000000034925	epochs	3.0
1639.591399977112	0.04287999999996828	epochs	2.0
1639.591399977112	0.02143999999998414	epochs	3.0
1639.612839977112	0.02143999999998414	epochs	3.0
1639.6342799771119	0.04247999999984131	epochs	2.0
1639.6342799771119	0.021279999999933352	epochs	3.0
1639.6555599771118	0.02119999999990796	epochs	3.0
1639.6767599771117	0.04208000000016909	epochs	2.0
1639.6767599771117	0.021040000000084547	epochs	3.0
1639.6977999771118	0.021040000000084547	epochs	3.0
1639.7188399771119	0.04168000000004213	epochs	2.0
1639.7188399771119	0.02088000000003376	epochs	3.0
1639.739719977112	0.020800000000008367	epochs	3.0
1639.760519977112	0.04119999999988977	epochs	2.0
1639.760519977112	0.02063999999995758	epochs	3.0
1639.7811599771119	0.020559999999932188	epochs	3.0
1639.8017199771118	0.04088000000001557	epochs	2.0
1639.8017199771118	0.020559999999932188	epochs	3.0
1639.8222799771117	0.020320000000083382	epochs	3.0
1639.8425999771118	0.040559999999914	epochs	2.0
1639.8425999771118	0.020320000000083382	epochs	3.0
1639.862919977112	0.020239999999830616	epochs	3.0
1639.8831599771117	0.04007999999998901	epochs	2.0
1639.8831599771117	0.020080000000007203	epochs	3.0
1639.9032399771118	0.01999999999998181	epochs	3.0
1639.9232399771117	0.039760000000114815	epochs	2.0
1639.9232399771117	0.01992000000018379	epochs	3.0
1639.943159977112	0.019839999999931024	epochs	3.0
1639.9629999771118	0.03944000000001324	epochs	2.0
1639.9629999771118	0.01975999999990563	epochs	3.0
1639.9827599771118	0.01968000000010761	epochs	3.0
1640.0024399771119	0.03903999999988628	epochs	2.0
1640.0024399771119	0.019520000000056825	epochs	3.0
1640.021959977112	0.01951999999982945	epochs	3.0
1640.0414799771117	0.038639999999986685	epochs	2.0
1640.0414799771117	0.01936000000000604	epochs	3.0
1640.0608399771118	0.019279999999980646	epochs	3.0
1640.0801199771117	0.03840000000013788	epochs	2.0
1640.0801199771117	0.019279999999980646	epochs	3.0
1640.0993999771117	0.019120000000157233	epochs	3.0
1640.1185199771119	0.038000000000010914	epochs	2.0
1640.1185199771119	0.019039999999904467	epochs	3.0
1640.1375599771118	0.018960000000106447	epochs	3.0
1640.1565199771119	0.03767999999990934	epochs	2.0
1640.1565199771119	0.01887999999985368	epochs	3.0
1640.1753999771117	0.01880000000005566	epochs	3.0
1640.1941999771118	0.03736000000003514	epochs	2.0
1640.1941999771118	0.018720000000030268	epochs	3.0
1640.2129199771118	0.018640000000004875	epochs	3.0
1640.2315599771118	0.03703999999993357	epochs	2.0
1640.2315599771118	0.018559999999979482	epochs	3.0
1640.2501199771118	0.01847999999995409	epochs	3.0
1640.2685999771118	0.03672000000005937	epochs	2.0
1640.2685999771118	0.01840000000015607	epochs	3.0
1640.286999977112	0.018319999999903303	epochs	3.0
1640.3053199771118	0.03647999999998319	epochs	2.0
1640.3053199771118	0.018240000000105283	epochs	3.0
1640.323559977112	0.01823999999987791	epochs	3.0
1640.3417999771118	0.0360800000000836	epochs	2.0
1640.3417999771118	0.018080000000054497	epochs	3.0
1640.3598799771119	0.018000000000029104	epochs	3.0
1640.377879977112	0.03584000000000742	epochs	2.0
1640.377879977112	0.01792000000000371	epochs	3.0
1640.395799977112	0.01792000000000371	epochs	3.0
1640.413719977112	0.03551999999990585	epochs	2.0
1640.413719977112	0.017759999999952925	epochs	3.0
1640.4314799771118	0.017759999999952925	epochs	3.0
1640.4492399771118	0.03520000000003165	epochs	2.0
1640.4492399771118	0.01767999999992753	epochs	3.0
1640.4669199771117	0.01752000000010412	epochs	3.0
1640.4844399771118	0.03495999999995547	epochs	2.0
1640.4844399771118	0.017519999999876745	epochs	3.0
1640.5019599771117	0.017440000000078726	epochs	3.0
1640.5193999771118	0.034720000000106666	epochs	2.0
1640.5193999771118	0.017440000000078726	epochs	3.0
1640.5368399771119	0.01728000000002794	epochs	3.0
1640.554119977112	0.03440000000000509	epochs	2.0
1640.554119977112	0.017200000000002547	epochs	3.0
1640.571319977112	0.017200000000002547	epochs	3.0
1640.588519977112	0.034159999999928914	epochs	2.0
1640.588519977112	0.017119999999977153	epochs	3.0
1640.6056399771119	0.01703999999995176	epochs	3.0
1640.6226799771118	0.033840000000054715	epochs	2.0
1640.6226799771118	0.016959999999926367	epochs	3.0
1640.6396399771118	0.016880000000128348	epochs	3.0
1640.6565199771119	0.033599999999978536	epochs	2.0
1640.6565199771119	0.01679999999987558	epochs	3.0
1640.6733199771118	0.016800000000102955	epochs	3.0
1640.6901199771119	0.03335999999990236	epochs	2.0
1640.6901199771119	0.016719999999850188	epochs	3.0
1640.7068399771117	0.01664000000005217	epochs	3.0
1640.7234799771118	0.03312000000005355	epochs	2.0
1640.7234799771118	0.016560000000026776	epochs	3.0
1640.7400399771118	0.016560000000026776	epochs	3.0
1640.7565999771118	0.03279999999995198	epochs	2.0
1640.7565999771118	0.01639999999997599	epochs	3.0
1640.7729999771118	0.01639999999997599	epochs	3.0
1640.7893999771118	0.03256000000010317	epochs	2.0
1640.7893999771118	0.016319999999950596	epochs	3.0
1640.8057199771117	0.016240000000152577	epochs	3.0
1640.8219599771119	0.03240000000005239	epochs	2.0
1640.8219599771119	0.016239999999925203	epochs	3.0
1640.8381999771118	0.016160000000127184	epochs	3.0
1640.854359977112	0.032079999999950815	epochs	2.0
1640.854359977112	0.016079999999874417	epochs	3.0
1640.8704399771118	0.016000000000076398	epochs	3.0
1640.8864399771119	0.03191999999990003	epochs	2.0
1640.8864399771119	0.015999999999849024	epochs	3.0
1640.9024399771117	0.015920000000051004	epochs	3.0
1640.9183599771118	0.03160000000002583	epochs	2.0
1640.9183599771118	0.01584000000002561	epochs	3.0
1640.9341999771118	0.01576000000000022	epochs	3.0
1640.9499599771118	0.03143999999997504	epochs	2.0
1640.9499599771118	0.01576000000000022	epochs	3.0
1640.9657199771118	0.015679999999974825	epochs	3.0
1640.9813999771118	0.031200000000126238	epochs	2.0
1640.9813999771118	0.015599999999949432	epochs	3.0
1640.9969999771117	0.015600000000176806	epochs	3.0
1641.012599977112	0.030959999999822685	epochs	2.0
1641.012599977112	0.015519999999924039	epochs	3.0
1641.0281199771118	0.015439999999898646	epochs	3.0
1641.0435599771117	0.030720000000201253	epochs	2.0
1641.0435599771117	0.01544000000012602	epochs	3.0
1641.0589999771119	0.015280000000075233	epochs	3.0
1641.074279977112	0.030559999999923093	epochs	2.0
1641.074279977112	0.015359999999873253	epochs	3.0
1641.0896399771118	0.01520000000004984	epochs	3.0
1641.1048399771119	0.030320000000074288	epochs	2.0
1641.1048399771119	0.01520000000004984	epochs	3.0
1641.120039977112	0.015120000000024447	epochs	3.0
1641.135159977112	0.030079999999998108	epochs	2.0
1641.135159977112	0.015119999999797074	epochs	3.0
1641.1502799771117	0.014960000000201035	epochs	3.0
1641.165239977112	0.029919999999947322	epochs	2.0
1641.165239977112	0.015039999999999054	epochs	3.0
1641.180279977112	0.014879999999948268	epochs	3.0
1641.1951599771119	0.029679999999871143	epochs	2.0
1641.1951599771119	0.014879999999948268	epochs	3.0
1641.2100399771118	0.014799999999922875	epochs	3.0
1641.2248399771117	0.02952000000004773	epochs	2.0
1641.2248399771117	0.014800000000150249	epochs	3.0
1641.239639977112	0.014719999999897482	epochs	3.0
1641.2543599771118	0.02927999999997155	epochs	2.0
1641.2543599771118	0.014720000000124855	epochs	3.0
1641.269079977112	0.014559999999846696	epochs	3.0
1641.2836399771118	0.02912000000014814	epochs	2.0
1641.2836399771118	0.014640000000099462	epochs	3.0
1641.2982799771119	0.014480000000048676	epochs	3.0
1641.312759977112	0.02895999999986998	epochs	2.0
1641.312759977112	0.014479999999821302	epochs	3.0
1641.3272399771117	0.014480000000048676	epochs	3.0
1641.3417199771118	0.02863999999999578	epochs	2.0
1641.3417199771118	0.01431999999999789	epochs	3.0
1641.3560399771118	0.01431999999999789	epochs	3.0
1641.3703599771118	0.028559999999970387	epochs	2.0
1641.3703599771118	0.01431999999999789	epochs	3.0
1641.3846799771118	0.014239999999972497	epochs	3.0
1641.3989199771117	0.02832000000012158	epochs	2.0
1641.3989199771117	0.014160000000174477	epochs	3.0
1641.413079977112	0.014159999999947104	epochs	3.0
1641.4272399771119	0.02815999999984342	epochs	2.0
1641.4272399771119	0.014159999999947104	epochs	3.0
1641.4413999771118	0.013999999999896318	epochs	3.0
1641.4553999771117	0.02800000000002001	epochs	2.0
1641.4553999771117	0.014000000000123691	epochs	3.0
1641.4693999771118	0.013999999999896318	epochs	3.0
1641.4833999771117	0.027760000000171203	epochs	2.0
1641.4833999771117	0.013920000000098298	epochs	3.0
1641.4973199771118	0.013840000000072905	epochs	3.0
1641.511159977112	0.027679999999918437	epochs	2.0
1641.511159977112	0.013839999999845531	epochs	3.0
1641.5249999771117	0.013840000000072905	epochs	3.0
1641.5388399771118	0.02744000000006963	epochs	2.0
1641.5388399771118	0.013760000000047512	epochs	3.0
1641.5525999771119	0.013680000000022119	epochs	3.0
1641.566279977112	0.027280000000018845	epochs	2.0
1641.566279977112	0.013680000000022119	epochs	3.0
1641.579959977112	0.013599999999996726	epochs	3.0
1641.593559977112	0.02711999999996806	epochs	2.0
1641.593559977112	0.013519999999971333	epochs	3.0
1641.6070799771119	0.013599999999996726	epochs	3.0
1641.6206799771119	0.02687999999989188	epochs	2.0
1641.6206799771119	0.01343999999994594	epochs	3.0
1641.6341199771118	0.01343999999994594	epochs	3.0
1641.6475599771118	0.02680000000009386	epochs	2.0
1641.6475599771118	0.01343999999994594	epochs	3.0
1641.6609999771117	0.01336000000014792	epochs	3.0
1641.6743599771119	0.02656000000001768	epochs	2.0
1641.6743599771119	0.013279999999895153	epochs	3.0
1641.6876399771118	0.013280000000122527	epochs	3.0
1641.7009199771119	0.026479999999992287	epochs	2.0
1641.7009199771119	0.013279999999895153	epochs	3.0
1641.7141999771118	0.013200000000097134	epochs	3.0
1641.7273999771119	0.026239999999916108	epochs	2.0
1641.7273999771119	0.013119999999844367	epochs	3.0
1641.7405199771117	0.013120000000071741	epochs	3.0
1641.7536399771118	0.02616000000011809	epochs	2.0
1641.7536399771118	0.013120000000071741	epochs	3.0
1641.7667599771119	0.013040000000046348	epochs	3.0
1641.779799977112	0.02599999999983993	epochs	2.0
1641.779799977112	0.013039999999818974	epochs	3.0
1641.7928399771117	0.012960000000020955	epochs	3.0
1641.8057999771117	0.025759999999991123	epochs	2.0
1641.8057999771117	0.012879999999995562	epochs	3.0
1641.8186799771117	0.012879999999995562	epochs	3.0
1641.8315599771117	0.025680000000193104	epochs	2.0
1641.8315599771117	0.012879999999995562	epochs	3.0
1641.8444399771117	0.012800000000197542	epochs	3.0
1641.857239977112	0.025519999999914944	epochs	2.0
1641.857239977112	0.012799999999970169	epochs	3.0
1641.870039977112	0.012719999999944775	epochs	3.0
1641.8827599771118	0.025359999999864158	epochs	2.0
1641.8827599771118	0.012719999999944775	epochs	3.0
1641.8954799771118	0.012639999999919382	epochs	3.0
1641.9081199771117	0.025200000000040745	epochs	2.0
1641.9081199771117	0.012640000000146756	epochs	3.0
1641.9207599771119	0.01255999999989399	epochs	3.0
1641.9333199771118	0.024560000000064974	epochs	2.0
1641.957452477112	0.5	epochs	-1.0
1641.9578799771118	0.5507199999999557	epochs	1.0
1642.5085999771118	0.4492000000000189	epochs	0.0
1645.534999847412	0.1088799999999992	epochs	0.0
1645.534999847412	0.04944000000000415	epochs	1.0
1645.584439847412	0.010080000000016298	epochs	1.0
1645.5945198474121	0.049359999999978754	epochs	1.0
1645.643879847412	2.0	epochs	0.0
1647.643879847412	5.391759999999977	epochs	0.0
1647.643879847412	1.0	epochs	1.0
1647.6439323474121	0.5	epochs	-1.0
1648.1439323474121	4.891707499999939	epochs	-1.0
1648.643879847412	4.391759999999977	epochs	1.0
1648.643879847412	8.000000002539309e-05	epochs	2.0
1648.6439598474121	4.356719999999996	epochs	-1.0
1648.6439598474121	1.974559999999883	epochs	2.0
1648.6439598474121	1.0985599999999067	epochs	3.0
1649.742519847412	0.8759999999999764	epochs	3.0
1650.618519847412	1.3523999999999887	epochs	2.0
1650.618519847412	0.7286400000000413	epochs	3.0
1651.347159847412	0.6237599999999475	epochs	3.0
1651.970919847412	1.029760000000124	epochs	2.0
1651.970919847412	0.5453600000000733	epochs	3.0
1652.516279847412	0.48440000000005057	epochs	3.0
1653.0006798474121	0.03495999999995547	epochs	2.0
1653.0006798474121	0.03495999999995547	epochs	3.0
1653.035639847412	16.608159999999998	epochs	0.0
1656.1459999084473	0.1088799999999992	epochs	0.0
1656.1459999084473	0.04944000000000415	epochs	1.0
1656.1954399084473	0.010080000000016298	epochs	1.0
1656.2055199084473	0.049359999999978754	epochs	1.0
1656.2548799084473	2.0	epochs	0.0
1658.2548799084473	0.5507999999999811	epochs	0.0
1658.2548799084473	0.5507999999999811	epochs	1.0
1658.2549324084473	0.5	epochs	-1.0
1658.7549324084473	0.0507474999999431	epochs	-1.0
1658.8056799084472	21.449119999999994	epochs	0.0
1661.8959999084473	0.1088799999999992	epochs	0.0
1661.8959999084473	0.04944000000000415	epochs	1.0
1661.9454399084473	0.010080000000016298	epochs	1.0
1661.9555199084473	0.049359999999978754	epochs	1.0
1662.0048799084473	2.0	epochs	0.0
1664.0048799084473	21.551680000000033	epochs	0.0
1664.0048799084473	1.0	epochs	1.0
1664.0049324084473	0.5	epochs	-1.0
1664.5049324084473	19.999360000000024	epochs	-1.0
1665.0048799084473	20.0	epochs	1.0
1665.0048799084473	8.000000002539309e-05	epochs	2.0
1665.0049599084473	4.356719999999996	epochs	-1.0
1665.0049599084473	1.974559999999883	epochs	2.0
1665.0049599084473	1.0985599999999067	epochs	3.0
1666.1035199084472	0.8759999999999764	epochs	3.0
1666.9795199084472	1.3523999999999887	epochs	2.0
1666.9795199084472	0.7286400000000413	epochs	3.0
1667.7081599084472	0.6237599999999475	epochs	3.0
1668.3319199084472	1.029760000000124	epochs	2.0
1668.3319199084472	0.5453600000000733	epochs	3.0
1668.8772799084472	0.48440000000005057	epochs	3.0
1669.3616799084473	0.8317600000000311	epochs	2.0
1669.3616799084473	0.435760000000073	epochs	3.0
1669.7974399084474	0.39599999999995816	epochs	3.0
1670.1934399084473	0.697840000000042	epochs	2.0
1670.1934399084473	0.3628799999999046	epochs	3.0
1670.5563199084472	0.33496000000013737	epochs	3.0
1670.8912799084474	0.6010400000000118	epochs	2.0
1670.8912799084474	0.3108799999999974	epochs	3.0
1671.2021599084474	0.2901600000000144	epochs	3.0
1671.4923199084474	0.5278399999999692	epochs	2.0
1671.4923199084474	0.2719199999999091	epochs	3.0
1671.7642399084473	0.2559200000000601	epochs	3.0
1672.0201599084473	0.47064000000000306	epochs	2.0
1672.0201599084473	0.24167999999986023	epochs	3.0
1672.2618399084472	0.22896000000014283	epochs	3.0
1672.4907999084473	0.42455999999992855	epochs	2.0
1672.4907999084473	0.21743999999989683	epochs	3.0
1672.7082399084472	0.20712000000003172	epochs	3.0
1672.9153599084473	0.3867199999999684	epochs	2.0
1672.9153599084473	0.1976799999999912	epochs	3.0
1673.1130399084473	0.18903999999997723	epochs	3.0
1673.3020799084472	0.3551199999999426	epochs	2.0
1673.3020799084472	0.1811999999999898	epochs	3.0
1673.4832799084472	0.17391999999995278	epochs	3.0
1673.6571999084472	0.3282400000000507	epochs	2.0
1673.6571999084472	0.1672000000000935	epochs	3.0
1673.8243999084473	0.16103999999995722	epochs	3.0
1673.9854399084472	0.30520000000001346	epochs	2.0
1673.9854399084472	0.1552799999999479	epochs	3.0
1674.1407199084472	0.14992000000006556	epochs	3.0
1674.2906399084472	0.28512000000000626	epochs	2.0
1674.2906399084472	0.1448800000000574	epochs	3.0
1674.4355199084473	0.14023999999994885	epochs	3.0
1674.5757599084473	0.2675200000001041	epochs	2.0
1674.5757599084473	0.13583999999991647	epochs	3.0
1674.7115999084472	0.13168000000018765	epochs	3.0
1674.8432799084474	0.2520799999999781	epochs	2.0
1674.8432799084474	0.12783999999987827	epochs	3.0
1674.9711199084472	0.12424000000009983	epochs	3.0
1675.0953599084473	0.2381599999998798	epochs	2.0
1675.0953599084473	0.12071999999989202	epochs	3.0
1675.2160799084472	0.11743999999998778	epochs	3.0
1675.3335199084472	0.225840000000062	epochs	2.0
1675.3335199084472	0.11440000000015971	epochs	3.0
1675.4479199084474	0.11143999999990228	epochs	3.0
1675.5593599084473	0.21463999999991756	epochs	2.0
1675.5593599084473	0.10863999999992302	epochs	3.0
1675.6679999084472	0.10599999999999454	epochs	3.0
1675.7739999084472	0.20448000000010325	epochs	2.0
1675.7739999084472	0.10344000000009146	epochs	3.0
1675.8774399084473	0.10104000000001179	epochs	3.0
1675.9784799084473	0.19535999999993692	epochs	2.0
1675.9784799084473	0.0987999999999829	epochs	3.0
1676.0772799084473	0.09655999999995402	epochs	3.0
1676.1738399084472	0.18695999999999913	epochs	2.0
1676.1738399084472	0.09447999999997592	epochs	3.0
1676.2683199084472	0.09248000000002321	epochs	3.0
1676.3607999084472	0.1792000000000371	epochs	2.0
1676.3607999084472	0.0904800000000705	epochs	3.0
1676.4512799084473	0.0887199999999666	epochs	3.0
1676.5399999084473	0.17208000000005086	epochs	2.0
1676.5399999084473	0.08688000000006468	epochs	3.0
1676.6268799084473	0.08519999999998618	epochs	3.0
1676.7120799084473	0.165520000000015	epochs	2.0
1676.7120799084473	0.08359999999993306	epochs	3.0
1676.7956799084473	0.08192000000008193	epochs	3.0
1676.8775999084473	0.1595199999999295	epochs	2.0
1676.8775999084473	0.08047999999985223	epochs	3.0
1676.9580799084472	0.07904000000007727	epochs	3.0
1677.0371199084473	0.15375999999992018	epochs	2.0
1677.0371199084473	0.07760000000007494	epochs	3.0
1677.1147199084473	0.07615999999984524	epochs	3.0
1677.1908799084472	0.14856000000008862	epochs	2.0
1677.1908799084472	0.07496000000014647	epochs	3.0
1677.2658399084473	0.07359999999994216	epochs	3.0
1677.3394399084473	0.14367999999990388	epochs	2.0
1677.3394399084473	0.0724800000000414	epochs	3.0
1677.4119199084473	0.07119999999986248	epochs	3.0
1677.4831199084472	0.1390400000000227	epochs	2.0
1677.4831199084472	0.0700800000001891	epochs	3.0
1677.5531999084474	0.0689599999998336	epochs	3.0
1677.6221599084472	0.13472000000001572	epochs	2.0
1677.6221599084472	0.06791999999995824	epochs	3.0
1677.6900799084472	0.06680000000005748	epochs	3.0
1677.7568799084472	0.1307200000001103	epochs	2.0
1677.7568799084472	0.06583999999998014	epochs	3.0
1677.8227199084472	0.06488000000013017	epochs	3.0
1677.8875999084473	0.1268000000000029	epochs	2.0
1677.8875999084473	0.06384000000002743	epochs	3.0
1677.9514399084474	0.06295999999997548	epochs	3.0
1678.0143999084473	0.12328000000002248	epochs	2.0
1678.0143999084473	0.06207999999992353	epochs	3.0
1678.0764799084473	0.06120000000009895	epochs	3.0
1678.1376799084474	0.11983999999984007	epochs	2.0
1678.1376799084474	0.06031999999981963	epochs	3.0
1678.1979999084472	0.059520000000020445	epochs	3.0
1678.2575199084472	0.11663999999996122	epochs	2.0
1678.2575199084472	0.05871999999999389	epochs	3.0
1678.3162399084472	0.05791999999996733	epochs	3.0
1678.3741599084472	0.11360000000013315	epochs	2.0
1678.3741599084472	0.05720000000019354	epochs	3.0
1678.4313599084473	0.05639999999993961	epochs	3.0
1678.4877599084473	0.11071999999990112	epochs	2.0
1678.4877599084473	0.055679999999938445	epochs	3.0
1678.5434399084472	0.055039999999962674	epochs	3.0
1678.5984799084472	0.10792000000014923	epochs	2.0
1678.5984799084472	0.05424000000016349	epochs	3.0
1678.6527199084474	0.05367999999998574	epochs	3.0
1678.7063999084473	0.10527999999999338	epochs	2.0
1678.7063999084473	0.052959999999984575	epochs	3.0
1678.7593599084473	0.052320000000008804	epochs	3.0
1678.8116799084473	0.10287999999991371	epochs	2.0
1678.8116799084473	0.05175999999983105	epochs	3.0
1678.8634399084472	0.051120000000082655	epochs	3.0
1678.9145599084472	0.10040000000003602	epochs	2.0
1678.9145599084472	0.050480000000106884	epochs	3.0
1678.9650399084474	0.04991999999992913	epochs	3.0
1679.0149599084473	0.09824000000003252	epochs	2.0
1679.0149599084473	0.049359999999978754	epochs	3.0
1679.0643199084473	0.04888000000005377	epochs	3.0
1679.1131999084473	0.09600000000000364	epochs	2.0
1679.1131999084473	0.048239999999850625	epochs	3.0
1679.1614399084472	0.04776000000015301	epochs	3.0
1679.2091999084473	0.09392000000002554	epochs	2.0
1679.2091999084473	0.04719999999997526	epochs	3.0
1679.2563999084473	0.04672000000005028	epochs	3.0
1679.3031199084473	0.09191999999984546	epochs	2.0
1679.3031199084473	0.046159999999872525	epochs	3.0
1679.3492799084472	0.04575999999997293	epochs	3.0
1679.3950399084472	0.09008000000017091	epochs	2.0
1679.3950399084472	0.04528000000004795	epochs	3.0
1679.4403199084472	0.044800000000122964	epochs	3.0
1679.4851199084474	0.08816000000001623	epochs	2.0
1679.4851199084474	0.044319999999970605	epochs	3.0
1679.5294399084473	0.04384000000004562	epochs	3.0
1679.5732799084474	0.08647999999993772	epochs	2.0
1679.5732799084474	0.043439999999918655	epochs	3.0
1679.6167199084473	0.04304000000001906	epochs	3.0
1679.6597599084473	0.08472000000006119	epochs	2.0
1679.6597599084473	0.042559999999866704	epochs	3.0
1679.7023199084472	0.042160000000194486	epochs	3.0
1679.7444799084474	0.0831999999998061	epochs	2.0
1679.7444799084474	0.04175999999984015	epochs	3.0
1679.7862399084472	0.04143999999996595	epochs	3.0
1679.8276799084472	0.08152000000018234	epochs	2.0
1679.8276799084472	0.040960000000040964	epochs	3.0
1679.8686399084472	0.04056000000014137	epochs	3.0
1679.9091999084474	0.08007999999995263	epochs	2.0
1679.9091999084474	0.040239999999812426	epochs	3.0
1679.9494399084472	0.03984000000014021	epochs	3.0
1679.9892799084473	0.0786399999999503	epochs	2.0
1679.9892799084473	0.039520000000038635	epochs	3.0
1680.0287999084474	0.03911999999991167	epochs	3.0
1680.0679199084473	0.07719999999994798	epochs	2.0
1680.0679199084473	0.03880000000003747	epochs	3.0
1680.1067199084473	0.038399999999910506	epochs	3.0
1680.1451199084472	0.07591999999999643	epochs	2.0
1680.1451199084472	0.0381600000000617	epochs	3.0
1680.1832799084473	0.037759999999934735	epochs	3.0
1680.2210399084472	0.0745600000000195	epochs	2.0
1680.2210399084472	0.037440000000060536	epochs	3.0
1680.2584799084473	0.037119999999958964	epochs	3.0
1680.2955999084472	0.07336000000009335	epochs	2.0
1680.2955999084472	0.036800000000084765	epochs	3.0
1680.3323999084473	0.036560000000008586	epochs	3.0
1680.3689599084473	0.07207999999991443	epochs	2.0
1680.3689599084473	0.03615999999988162	epochs	3.0
1680.4051199084472	0.035920000000032815	epochs	3.0
1680.4410399084472	0.07087999999998829	epochs	2.0
1680.4410399084472	0.03559999999993124	epochs	3.0
1680.4766399084472	0.035280000000057044	epochs	3.0
1680.5119199084472	0.06984000000011292	epochs	2.0
1680.5119199084472	0.035039999999980864	epochs	3.0
1680.5469599084472	0.03480000000013206	epochs	3.0
1680.5817599084473	0.0686399999999594	epochs	2.0
1680.5817599084473	0.034480000000030486	epochs	3.0
1680.6162399084474	0.034159999999928914	epochs	3.0
1680.6503999084473	0.06759999999985666	epochs	2.0
1680.6503999084473	0.03392000000008011	epochs	3.0
1680.6843199084474	0.033679999999776555	epochs	3.0
1680.7179999084472	0.06656000000020867	epochs	2.0
1680.7179999084472	0.03344000000015512	epochs	3.0
1680.7514399084473	0.03312000000005355	epochs	3.0
1680.7845599084474	0.06559999999990396	epochs	2.0
1680.7845599084474	0.032960000000002765	epochs	3.0
1680.8175199084474	0.03263999999990119	epochs	3.0
1680.8501599084473	0.0645600000000286	epochs	2.0
1680.8501599084473	0.03240000000005239	epochs	3.0
1680.8825599084473	0.03215999999997621	epochs	3.0
1680.9147199084473	0.06367999999997664	epochs	2.0
1680.9147199084473	0.03199999999992542	epochs	3.0
1680.9467199084472	0.03168000000005122	epochs	3.0
1680.9783999084473	0.0627199999998993	epochs	2.0
1680.9783999084473	0.03143999999997504	epochs	3.0
1681.0098399084472	0.03127999999992426	epochs	3.0
1681.0411199084472	0.061840000000074724	epochs	2.0
1681.0411199084472	0.03104000000007545	epochs	3.0
1681.0721599084472	0.030799999999999272	epochs	3.0
1681.1029599084472	0.060960000000022774	epochs	2.0
1681.1029599084472	0.030559999999923093	epochs	3.0
1681.1335199084472	0.03040000000009968	epochs	3.0
1681.1639199084473	0.060159999999996217	epochs	2.0
1681.1639199084473	0.0301600000000235	epochs	3.0
1681.1940799084473	0.029999999999972715	epochs	3.0
1681.2240799084473	0.059279999999944266	epochs	2.0
1681.2240799084473	0.029680000000098516	epochs	3.0
1681.2537599084474	0.02959999999984575	epochs	3.0
1681.2833599084472	0.05848000000014508	epochs	2.0
1681.2833599084472	0.029359999999996944	epochs	3.0
1681.3127199084472	0.02912000000014814	epochs	3.0
1681.3418399084474	0.057759999999916545	epochs	2.0
1681.3418399084474	0.02895999999986998	epochs	3.0
1681.3707999084472	0.028800000000046566	epochs	3.0
1681.3995999084473	0.05695999999988999	epochs	2.0
1681.3995999084473	0.028559999999970387	epochs	3.0
1681.4281599084472	0.0283999999999196	epochs	3.0
1681.4565599084472	0.0562400000001162	epochs	2.0
1681.4565599084472	0.028160000000070795	epochs	3.0
1681.4847199084472	0.028080000000045402	epochs	3.0
1681.5127999084473	0.05544000000008964	epochs	2.0
1681.5127999084473	0.027839999999969223	epochs	3.0
1681.5406399084472	0.027600000000120417	epochs	3.0
1681.5682399084474	0.05487999999991189	epochs	2.0
1681.5682399084474	0.02751999999986765	epochs	3.0
1681.5957599084472	0.027360000000044238	epochs	3.0
1681.6231199084473	0.05407999999988533	epochs	2.0
1681.6231199084473	0.02711999999996806	epochs	3.0
1681.6502399084472	0.026959999999917272	epochs	3.0
1681.6771999084472	0.053440000000136934	epochs	2.0
1681.6771999084472	0.02680000000009386	epochs	3.0
1681.7039999084473	0.026640000000043074	epochs	3.0
1681.7306399084473	0.05287999999995918	epochs	2.0
1681.7306399084473	0.026479999999992287	epochs	3.0
1681.7571199084473	0.026399999999966894	epochs	3.0
1681.7835199084473	0.05215999999995802	epochs	2.0
1681.7835199084473	0.02616000000011809	epochs	3.0
1681.8096799084474	0.02599999999983993	epochs	3.0
1681.8356799084472	0.05151999999998225	epochs	2.0
1681.8356799084472	0.025840000000016516	epochs	3.0
1681.8615199084472	0.02567999999996573	epochs	3.0
1681.8871999084472	0.05096000000003187	epochs	2.0
1681.8871999084472	0.02560000000016771	epochs	3.0
1681.9127999084474	0.025359999999864158	epochs	3.0
1681.9381599084472	0.05040000000008149	epochs	2.0
1681.9381599084472	0.02528000000006614	epochs	3.0
1681.9634399084473	0.025120000000015352	epochs	3.0
1681.9885599084473	0.049759999999878346	epochs	2.0
1681.9885599084473	0.024959999999964566	epochs	3.0
1682.0135199084473	0.02479999999991378	epochs	3.0
1682.0383199084472	0.04920000000015534	epochs	2.0
1682.0383199084472	0.024640000000090367	epochs	3.0
1682.0629599084473	0.024560000000064974	epochs	3.0
1682.0875199084473	0.04872000000000298	epochs	2.0
1682.0875199084473	0.024400000000014188	epochs	3.0
1682.1119199084474	0.024319999999988795	epochs	3.0
1682.1362399084474	0.04808000000002721	epochs	2.0
1682.1362399084474	0.024079999999912616	epochs	3.0
1682.1603199084473	0.024000000000114596	epochs	3.0
1682.1843199084474	0.047599999999874854	epochs	2.0
1682.1843199084474	0.023839999999836436	epochs	3.0
1682.2081599084472	0.023760000000038417	epochs	3.0
1682.2319199084473	0.04711999999994987	epochs	2.0
1682.2319199084473	0.02359999999998763	epochs	3.0
1682.2555199084472	0.023519999999962238	epochs	3.0
1682.2790399084472	0.04655999999999949	epochs	2.0
1682.2790399084472	0.023360000000138825	epochs	3.0
1682.3023999084473	0.023199999999860665	epochs	3.0
1682.3255999084472	0.046080000000074506	epochs	2.0
1682.3255999084472	0.023120000000062646	epochs	3.0
1682.3487199084473	0.02296000000001186	epochs	3.0
1682.3716799084473	0.04559999999992215	epochs	2.0
1682.3716799084473	0.022879999999986467	epochs	3.0
1682.3945599084473	0.02271999999993568	epochs	3.0
1682.4172799084472	0.04511999999999716	epochs	2.0
1682.4172799084472	0.02264000000013766	epochs	3.0
1682.4399199084473	0.0224799999998595	epochs	3.0
1682.4623999084472	0.04464000000007218	epochs	2.0
1682.4623999084472	0.022400000000061482	epochs	3.0
1682.4847999084473	0.022240000000010696	epochs	3.0
1682.5070399084473	0.04423999999994521	epochs	2.0
1682.5070399084473	0.022159999999985303	epochs	3.0
1682.5291999084473	0.02207999999995991	epochs	3.0
1682.5512799084472	0.04376000000002023	epochs	2.0
1682.5512799084472	0.021920000000136497	epochs	3.0
1682.5731999084474	0.02183999999988373	epochs	3.0
1682.5950399084472	0.043360000000120635	epochs	2.0
1682.5950399084472	0.02176000000008571	epochs	3.0
1682.6167999084473	0.021600000000034925	epochs	3.0
1682.6383999084474	0.04287999999996828	epochs	2.0
1682.6383999084474	0.02143999999998414	epochs	3.0
1682.6598399084473	0.02143999999998414	epochs	3.0
1682.6812799084473	0.04247999999984131	epochs	2.0
1682.6812799084473	0.021279999999933352	epochs	3.0
1682.7025599084473	0.02119999999990796	epochs	3.0
1682.7237599084472	0.04208000000016909	epochs	2.0
1682.7237599084472	0.021040000000084547	epochs	3.0
1682.7447999084472	0.021040000000084547	epochs	3.0
1682.7658399084473	0.04168000000004213	epochs	2.0
1682.7658399084473	0.02088000000003376	epochs	3.0
1682.7867199084474	0.020800000000008367	epochs	3.0
1682.8075199084474	0.04119999999988977	epochs	2.0
1682.8075199084474	0.02063999999995758	epochs	3.0
1682.8281599084473	0.020559999999932188	epochs	3.0
1682.8487199084473	0.04088000000001557	epochs	2.0
1682.8487199084473	0.020559999999932188	epochs	3.0
1682.8692799084472	0.020320000000083382	epochs	3.0
1682.8895999084473	0.040559999999914	epochs	2.0
1682.8895999084473	0.020320000000083382	epochs	3.0
1682.9099199084474	0.020239999999830616	epochs	3.0
1682.9301599084472	0.04007999999998901	epochs	2.0
1682.9301599084472	0.020080000000007203	epochs	3.0
1682.9502399084472	0.01999999999998181	epochs	3.0
1682.9702399084472	0.039760000000114815	epochs	2.0
1682.9702399084472	0.01992000000018379	epochs	3.0
1682.9901599084474	0.019839999999931024	epochs	3.0
1683.0099999084473	0.03944000000001324	epochs	2.0
1683.0099999084473	0.01975999999990563	epochs	3.0
1683.0297599084472	0.01968000000010761	epochs	3.0
1683.0494399084473	0.03903999999988628	epochs	2.0
1683.0494399084473	0.019520000000056825	epochs	3.0
1683.0689599084474	0.01951999999982945	epochs	3.0
1683.0884799084472	0.038639999999986685	epochs	2.0
1683.0884799084472	0.01936000000000604	epochs	3.0
1683.1078399084472	0.019279999999980646	epochs	3.0
1683.1271199084472	0.03840000000013788	epochs	2.0
1683.1271199084472	0.019279999999980646	epochs	3.0
1683.1463999084472	0.019120000000157233	epochs	3.0
1683.1655199084473	0.038000000000010914	epochs	2.0
1683.1655199084473	0.019039999999904467	epochs	3.0
1683.1845599084472	0.018960000000106447	epochs	3.0
1683.2035199084473	0.03767999999990934	epochs	2.0
1683.2035199084473	0.01887999999985368	epochs	3.0
1683.2223999084472	0.01880000000005566	epochs	3.0
1683.2411999084472	0.03736000000003514	epochs	2.0
1683.2411999084472	0.018720000000030268	epochs	3.0
1683.2599199084473	0.018640000000004875	epochs	3.0
1683.2785599084473	0.03703999999993357	epochs	2.0
1683.2785599084473	0.018559999999979482	epochs	3.0
1683.2971199084473	0.01847999999995409	epochs	3.0
1683.3155999084472	0.03672000000005937	epochs	2.0
1683.3155999084472	0.01840000000015607	epochs	3.0
1683.3339999084474	0.018319999999903303	epochs	3.0
1683.3523199084473	0.03647999999998319	epochs	2.0
1683.3523199084473	0.018240000000105283	epochs	3.0
1683.3705599084474	0.01823999999987791	epochs	3.0
1683.3887999084473	0.0360800000000836	epochs	2.0
1683.3887999084473	0.018080000000054497	epochs	3.0
1683.4068799084473	0.018000000000029104	epochs	3.0
1683.4248799084473	0.03584000000000742	epochs	2.0
1683.4248799084473	0.01792000000000371	epochs	3.0
1683.4427999084473	0.01792000000000371	epochs	3.0
1683.4607199084473	0.03551999999990585	epochs	2.0
1683.4607199084473	0.017759999999952925	epochs	3.0
1683.4784799084473	0.017759999999952925	epochs	3.0
1683.4962399084473	0.03520000000003165	epochs	2.0
1683.4962399084473	0.01767999999992753	epochs	3.0
1683.5139199084472	0.01752000000010412	epochs	3.0
1683.5314399084473	0.03495999999995547	epochs	2.0
1683.5314399084473	0.017519999999876745	epochs	3.0
1683.5489599084472	0.017440000000078726	epochs	3.0
1683.5663999084472	0.034720000000106666	epochs	2.0
1683.5663999084472	0.017440000000078726	epochs	3.0
1683.5838399084473	0.01728000000002794	epochs	3.0
1683.6011199084473	0.03440000000000509	epochs	2.0
1683.6011199084473	0.017200000000002547	epochs	3.0
1683.6183199084473	0.017200000000002547	epochs	3.0
1683.6355199084473	0.034159999999928914	epochs	2.0
1683.6355199084473	0.017119999999977153	epochs	3.0
1683.6526399084473	0.01703999999995176	epochs	3.0
1683.6696799084473	0.033840000000054715	epochs	2.0
1683.6696799084473	0.016959999999926367	epochs	3.0
1683.6866399084472	0.016880000000128348	epochs	3.0
1683.7035199084473	0.033599999999978536	epochs	2.0
1683.7035199084473	0.01679999999987558	epochs	3.0
1683.7203199084472	0.016800000000102955	epochs	3.0
1683.7371199084473	0.03335999999990236	epochs	2.0
1683.7371199084473	0.016719999999850188	epochs	3.0
1683.7538399084472	0.01664000000005217	epochs	3.0
1683.7704799084472	0.03312000000005355	epochs	2.0
1683.7704799084472	0.016560000000026776	epochs	3.0
1683.7870399084472	0.016560000000026776	epochs	3.0
1683.8035999084473	0.03279999999995198	epochs	2.0
1683.8035999084473	0.01639999999997599	epochs	3.0
1683.8199999084472	0.01639999999997599	epochs	3.0
1683.8363999084472	0.03256000000010317	epochs	2.0
1683.8363999084472	0.016319999999950596	epochs	3.0
1683.8527199084472	0.016240000000152577	epochs	3.0
1683.8689599084473	0.03240000000005239	epochs	2.0
1683.8689599084473	0.016239999999925203	epochs	3.0
1683.8851999084472	0.016160000000127184	epochs	3.0
1683.9013599084474	0.032079999999950815	epochs	2.0
1683.9013599084474	0.016079999999874417	epochs	3.0
1683.9174399084472	0.016000000000076398	epochs	3.0
1683.9334399084473	0.03191999999990003	epochs	2.0
1683.9334399084473	0.015999999999849024	epochs	3.0
1683.9494399084472	0.015920000000051004	epochs	3.0
1683.9653599084472	0.03160000000002583	epochs	2.0
1683.9653599084472	0.01584000000002561	epochs	3.0
1683.9811999084473	0.01576000000000022	epochs	3.0
1683.9969599084473	0.03143999999997504	epochs	2.0
1683.9969599084473	0.01576000000000022	epochs	3.0
1684.0127199084473	0.015679999999974825	epochs	3.0
1684.0283999084472	0.031200000000126238	epochs	2.0
1684.0283999084472	0.015599999999949432	epochs	3.0
1684.0439999084472	0.015600000000176806	epochs	3.0
1684.0595999084474	0.030959999999822685	epochs	2.0
1684.0595999084474	0.015519999999924039	epochs	3.0
1684.0751199084473	0.015439999999898646	epochs	3.0
1684.0905599084472	0.030720000000201253	epochs	2.0
1684.0905599084472	0.01544000000012602	epochs	3.0
1684.1059999084473	0.015280000000075233	epochs	3.0
1684.1212799084474	0.030559999999923093	epochs	2.0
1684.1212799084474	0.015359999999873253	epochs	3.0
1684.1366399084473	0.01520000000004984	epochs	3.0
1684.1518399084473	0.030320000000074288	epochs	2.0
1684.1518399084473	0.01520000000004984	epochs	3.0
1684.1670399084474	0.015120000000024447	epochs	3.0
1684.1821599084474	0.030079999999998108	epochs	2.0
1684.1821599084474	0.015119999999797074	epochs	3.0
1684.1972799084472	0.014960000000201035	epochs	3.0
1684.2122399084474	0.029919999999947322	epochs	2.0
1684.2122399084474	0.015039999999999054	epochs	3.0
1684.2272799084474	0.014879999999948268	epochs	3.0
1684.2421599084473	0.029679999999871143	epochs	2.0
1684.2421599084473	0.014879999999948268	epochs	3.0
1684.2570399084473	0.014799999999922875	epochs	3.0
1684.2718399084472	0.02952000000004773	epochs	2.0
1684.2718399084472	0.014800000000150249	epochs	3.0
1684.2866399084473	0.014719999999897482	epochs	3.0
1684.3013599084472	0.02927999999997155	epochs	2.0
1684.3013599084472	0.014720000000124855	epochs	3.0
1684.3160799084474	0.014559999999846696	epochs	3.0
1684.3306399084472	0.02912000000014814	epochs	2.0
1684.3306399084472	0.014640000000099462	epochs	3.0
1684.3452799084473	0.014480000000048676	epochs	3.0
1684.3597599084474	0.02895999999986998	epochs	2.0
1684.3597599084474	0.014479999999821302	epochs	3.0
1684.3742399084472	0.014480000000048676	epochs	3.0
1684.3887199084472	0.02863999999999578	epochs	2.0
1684.3887199084472	0.01431999999999789	epochs	3.0
1684.4030399084472	0.01431999999999789	epochs	3.0
1684.4173599084472	0.028559999999970387	epochs	2.0
1684.4173599084472	0.01431999999999789	epochs	3.0
1684.4316799084472	0.014239999999972497	epochs	3.0
1684.4459199084472	0.02832000000012158	epochs	2.0
1684.4459199084472	0.014160000000174477	epochs	3.0
1684.4600799084474	0.014159999999947104	epochs	3.0
1684.4742399084473	0.02815999999984342	epochs	2.0
1684.4742399084473	0.014159999999947104	epochs	3.0
1684.4883999084473	0.013999999999896318	epochs	3.0
1684.5023999084472	0.02800000000002001	epochs	2.0
1684.5023999084472	0.014000000000123691	epochs	3.0
1684.5163999084473	0.013999999999896318	epochs	3.0
1684.5303999084472	0.027760000000171203	epochs	2.0
1684.5303999084472	0.013920000000098298	epochs	3.0
1684.5443199084473	0.013840000000072905	epochs	3.0
1684.5581599084474	0.027679999999918437	epochs	2.0
1684.5581599084474	0.013839999999845531	epochs	3.0
1684.5719999084472	0.013840000000072905	epochs	3.0
1684.5858399084473	0.02744000000006963	epochs	2.0
1684.5858399084473	0.013760000000047512	epochs	3.0
1684.5995999084473	0.013680000000022119	epochs	3.0
1684.6132799084473	0.027280000000018845	epochs	2.0
1684.6132799084473	0.013680000000022119	epochs	3.0
1684.6269599084474	0.013599999999996726	epochs	3.0
1684.6405599084474	0.02711999999996806	epochs	2.0
1684.6405599084474	0.013519999999971333	epochs	3.0
1684.6540799084473	0.013599999999996726	epochs	3.0
1684.6676799084473	0.02687999999989188	epochs	2.0
1684.6676799084473	0.01343999999994594	epochs	3.0
1684.6811199084473	0.01343999999994594	epochs	3.0
1684.6945599084472	0.02680000000009386	epochs	2.0
1684.6945599084472	0.01343999999994594	epochs	3.0
1684.7079999084472	0.01336000000014792	epochs	3.0
1684.7213599084473	0.02656000000001768	epochs	2.0
1684.7213599084473	0.013279999999895153	epochs	3.0
1684.7346399084472	0.013280000000122527	epochs	3.0
1684.7479199084473	0.026479999999992287	epochs	2.0
1684.7479199084473	0.013279999999895153	epochs	3.0
1684.7611999084472	0.013200000000097134	epochs	3.0
1684.7743999084473	0.026239999999916108	epochs	2.0
1684.7743999084473	0.013119999999844367	epochs	3.0
1684.7875199084472	0.013120000000071741	epochs	3.0
1684.8006399084472	0.02616000000011809	epochs	2.0
1684.8006399084472	0.013120000000071741	epochs	3.0
1684.8137599084473	0.013040000000046348	epochs	3.0
1684.8267999084474	0.02599999999983993	epochs	2.0
1684.8267999084474	0.013039999999818974	epochs	3.0
1684.8398399084472	0.012960000000020955	epochs	3.0
1684.8527999084472	0.025759999999991123	epochs	2.0
1684.8527999084472	0.012879999999995562	epochs	3.0
1684.8656799084472	0.012879999999995562	epochs	3.0
1684.8785599084472	0.025680000000193104	epochs	2.0
1684.8785599084472	0.012879999999995562	epochs	3.0
1684.8914399084472	0.012800000000197542	epochs	3.0
1684.9042399084474	0.025519999999914944	epochs	2.0
1684.9042399084474	0.012799999999970169	epochs	3.0
1684.9170399084474	0.012719999999944775	epochs	3.0
1684.9297599084473	0.025359999999864158	epochs	2.0
1684.9297599084473	0.012719999999944775	epochs	3.0
1684.9424799084472	0.012639999999919382	epochs	3.0
1684.9551199084472	0.025200000000040745	epochs	2.0
1684.9551199084472	0.012640000000146756	epochs	3.0
1684.9677599084473	0.01255999999989399	epochs	3.0
1684.9803199084472	0.024560000000064974	epochs	2.0
1685.0042924084473	0.5	epochs	-1.0
1685.0048799084473	0.551680000000033	epochs	1.0
1685.5565599084473	0.4482399999999416	epochs	0.0
1688.723000049591	0.1088799999999992	epochs	0.0
1688.723000049591	0.04944000000000415	epochs	1.0
1688.772440049591	0.010080000000016298	epochs	1.0
1688.782520049591	0.049359999999978754	epochs	1.0
1688.831880049591	2.0	epochs	0.0
1690.831880049591	0.5507999999999811	epochs	0.0
1690.831880049591	0.5507999999999811	epochs	1.0
1690.831932549591	0.5	epochs	-1.0
1691.331932549591	0.0507474999999431	epochs	-1.0
1691.382680049591	21.449119999999994	epochs	0.0
1694.590000152588	0.1088799999999992	epochs	0.0
1694.590000152588	0.04944000000000415	epochs	1.0
1694.639440152588	0.010080000000016298	epochs	1.0
1694.649520152588	0.049359999999978754	epochs	1.0
1694.698880152588	2.0	epochs	0.0
1696.698880152588	0.5517600000000584	epochs	0.0
1696.698880152588	0.5517600000000584	epochs	1.0
1696.698932652588	0.5	epochs	-1.0
1697.198932652588	0.051707500000020445	epochs	-1.0
1697.250640152588	21.448159999999916	epochs	0.0
1700.4559998512268	0.1088799999999992	epochs	0.0
1700.4559998512268	0.04944000000000415	epochs	1.0
1700.5054398512268	0.010080000000016298	epochs	1.0
1700.5155198512268	0.049359999999978754	epochs	1.0
1700.5648798512268	2.0	epochs	0.0
1702.5648798512268	0.5507999999999811	epochs	0.0
1702.5648798512268	0.5507999999999811	epochs	1.0
1702.5649323512268	0.5	epochs	-1.0
1703.0649323512268	0.0507474999999431	epochs	-1.0
1703.1156798512268	21.449119999999994	epochs	0.0
1706.4140000343323	0.1088799999999992	epochs	0.0
1706.4140000343323	0.04944000000000415	epochs	1.0
1706.4634400343323	0.010080000000016298	epochs	1.0
1706.4735200343323	0.049359999999978754	epochs	1.0
1706.5228800343323	2.0	epochs	0.0
1708.5228800343323	0.5117600000000948	epochs	0.0
1708.5228800343323	0.5117600000000948	epochs	1.0
1708.5229325343323	0.5	epochs	-1.0
1709.0229325343323	0.011707500000056825	epochs	-1.0
1709.0346400343324	21.48815999999988	epochs	0.0
1712.329999923706	0.1088799999999992	epochs	0.0
1712.329999923706	0.04944000000000415	epochs	1.0
1712.379439923706	0.010080000000016298	epochs	1.0
1712.389519923706	0.049359999999978754	epochs	1.0
1712.438879923706	2.0	epochs	0.0
1714.438879923706	0.5517600000000584	epochs	0.0
1714.438879923706	0.5517600000000584	epochs	1.0
1714.438932423706	0.5	epochs	-1.0
1714.938932423706	0.051707500000020445	epochs	-1.0
1714.990639923706	21.448159999999916	epochs	0.0
1718.3289999961853	0.1088799999999992	epochs	0.0
1718.3289999961853	0.04944000000000415	epochs	1.0
1718.3784399961853	0.010080000000016298	epochs	1.0
1718.3885199961853	0.049359999999978754	epochs	1.0
1718.4378799961853	2.0	epochs	0.0
1720.4378799961853	0.5517600000000584	epochs	0.0
1720.4378799961853	0.5517600000000584	epochs	1.0
1720.4379324961853	0.5	epochs	-1.0
1720.9379324961853	0.051707500000020445	epochs	-1.0
1720.9896399961854	21.448159999999916	epochs	0.0
1982.9700002670288	0.1088799999999992	epochs	0.0
1982.9700002670288	0.04944000000000415	epochs	1.0
1983.0194402670288	0.010080000000016298	epochs	1.0
1983.0295202670288	0.049359999999978754	epochs	1.0
1983.0788802670288	2.0	epochs	0.0
1985.0788802670288	0.2299199999999928	epochs	0.0
1985.0788802670288	0.049999999999954525	epochs	1.0
1985.1288802670288	0.009999999999990905	epochs	1.0
1985.1388802670288	0.049999999999954525	epochs	1.0
1985.1888802670287	0.009999999999990905	epochs	1.0
1985.1988802670287	0.0500000000001819	epochs	1.0
1985.2488802670289	0.009999999999990905	epochs	1.0
1985.2588802670289	0.04991999999992913	epochs	1.0
