onset	duration	nwb_table	treelevel
8.389999866485596	0.09999999999999964	epochs	0.0
8.389999866485596	0.04499999999999993	epochs	1.0
8.434999866485596	0.010004999999999598	epochs	1.0
8.445004866485595	0.04499500000000012	epochs	1.0
8.489999866485595	0.7049950000000003	epochs	0.0
8.489999866485595	0.5	epochs	-1.0
8.489999866485595	0.5	epochs	-1.0
8.489999866485595	0.5	epochs	1.0
8.989999866485595	0.0600000000000005	epochs	-1.0
8.989999866485595	0.025000000000000355	epochs	-1.0
8.989999866485595	0.025000000000000355	epochs	1.0
9.014999866485596	0.009999999999999787	epochs	-1.0
9.014999866485596	0.009999999999999787	epochs	1.0
9.024999866485595	0.025000000000000355	epochs	-1.0
9.024999866485595	0.025000000000000355	epochs	1.0
9.049999866485596	0.0600000000000005	epochs	-1.0
9.049999866485596	0.025000000000000355	epochs	-1.0
9.049999866485596	0.025000000000000355	epochs	1.0
9.074999866485596	0.009999999999999787	epochs	-1.0
9.074999866485596	0.009999999999999787	epochs	1.0
9.084999866485596	0.025000000000000355	epochs	-1.0
9.084999866485596	0.025000000000000355	epochs	1.0
9.109999866485596	0.05999999999999872	epochs	-1.0
9.109999866485596	0.02499999999999858	epochs	-1.0
9.109999866485596	0.02499999999999858	epochs	1.0
9.134999866485595	0.010000000000001563	epochs	-1.0
9.134999866485595	0.010000000000001563	epochs	1.0
9.144999866485596	0.02499999999999858	epochs	-1.0
9.144999866485596	0.02499999999999858	epochs	1.0
9.169999866485595	0.024995000000000545	epochs	1.0
159.9359998703003	0.09999999999999432	epochs	0.0
159.9359998703003	0.044999999999987494	epochs	1.0
159.98099987030028	0.010005000000006703	epochs	1.0
159.9910048703003	0.04499500000000012	epochs	1.0
160.0359998703003	0.7049949999999967	epochs	0.0
160.0359998703003	0.5	epochs	-1.0
160.0359998703003	0.5	epochs	1.0
160.5359998703003	0.060000000000002274	epochs	-1.0
160.5359998703003	0.025000000000005684	epochs	-1.0
160.5359998703003	0.025000000000005684	epochs	1.0
160.5609998703003	0.009999999999990905	epochs	-1.0
160.5609998703003	0.009999999999990905	epochs	1.0
160.57099987030028	0.025000000000005684	epochs	-1.0
160.57099987030028	0.025000000000005684	epochs	1.0
160.5959998703003	0.060000000000002274	epochs	-1.0
160.5959998703003	0.025000000000005684	epochs	-1.0
160.5959998703003	0.025000000000005684	epochs	1.0
160.6209998703003	0.009999999999990905	epochs	-1.0
160.6209998703003	0.009999999999990905	epochs	1.0
160.6309998703003	0.025000000000005684	epochs	-1.0
160.6309998703003	0.025000000000005684	epochs	1.0
160.6559998703003	0.060000000000002274	epochs	-1.0
160.6559998703003	0.025000000000005684	epochs	-1.0
160.6559998703003	0.025000000000005684	epochs	1.0
160.6809998703003	0.009999999999990905	epochs	-1.0
160.6809998703003	0.009999999999990905	epochs	1.0
160.6909998703003	0.025000000000005684	epochs	-1.0
160.6909998703003	0.025000000000005684	epochs	1.0
160.7159998703003	0.024994999999989886	epochs	1.0
247.53399991989136	0.09999999999999432	epochs	0.0
247.53399991989136	0.044999999999987494	epochs	1.0
247.57899991989134	0.010005000000006703	epochs	1.0
247.58900491989135	0.04499500000000012	epochs	1.0
247.63399991989135	61.38499500000003	epochs	0.0
247.63399991989135	0.5	epochs	-1.0
247.63399991989135	0.5	epochs	-1.0
247.63399991989135	0.5	epochs	1.0
248.13399991989135	0.060000000000002274	epochs	-1.0
248.13399991989135	0.025000000000005684	epochs	-1.0
248.13399991989135	0.025000000000005684	epochs	1.0
248.15899991989136	0.009999999999990905	epochs	-1.0
248.15899991989136	0.009999999999990905	epochs	1.0
248.16899991989135	0.025000000000005684	epochs	-1.0
248.16899991989135	0.025000000000005684	epochs	1.0
248.19399991989135	0.060000000000002274	epochs	-1.0
248.19399991989135	0.025000000000005684	epochs	-1.0
248.19399991989135	0.025000000000005684	epochs	1.0
248.21899991989136	0.009999999999990905	epochs	-1.0
248.21899991989136	0.009999999999990905	epochs	1.0
248.22899991989135	0.025000000000005684	epochs	-1.0
248.22899991989135	0.025000000000005684	epochs	1.0
248.25399991989136	0.060000000000002274	epochs	-1.0
248.25399991989136	0.025000000000005684	epochs	-1.0
248.25399991989136	0.025000000000005684	epochs	1.0
248.27899991989136	0.009999999999990905	epochs	-1.0
248.27899991989136	0.009999999999990905	epochs	1.0
248.28899991989135	0.025000000000005684	epochs	-1.0
248.28899991989135	0.025000000000005684	epochs	1.0
248.31399991989136	59.99999999999997	epochs	1.0
308.31399991989133	0.5	epochs	-1.0
308.31399991989133	0.5	epochs	-1.0
308.31399991989133	0.5	epochs	1.0
308.81399991989133	0.06000000000005912	epochs	-1.0
308.81399991989133	0.025000000000034106	epochs	-1.0
308.81399991989133	0.025000000000034106	epochs	1.0
308.83899991989136	0.009999999999990905	epochs	-1.0
308.83899991989136	0.009999999999990905	epochs	1.0
308.84899991989136	0.025000000000034106	epochs	-1.0
308.84899991989136	0.025000000000034106	epochs	1.0
308.8739999198914	0.05999999999994543	epochs	-1.0
308.8739999198914	0.024999999999977263	epochs	-1.0
308.8739999198914	0.024999999999977263	epochs	1.0
308.89899991989137	0.009999999999990905	epochs	-1.0
308.89899991989137	0.009999999999990905	epochs	1.0
308.90899991989136	0.024999999999977263	epochs	-1.0
308.90899991989136	0.024999999999977263	epochs	1.0
308.93399991989133	0.060000000000002274	epochs	-1.0
308.93399991989133	0.025000000000034106	epochs	-1.0
308.93399991989133	0.025000000000034106	epochs	1.0
308.95899991989137	0.009999999999990905	epochs	-1.0
308.95899991989137	0.009999999999990905	epochs	1.0
308.96899991989136	0.024999999999977263	epochs	-1.0
308.96899991989136	0.024999999999977263	epochs	1.0
308.99399991989134	0.02499500000004673	epochs	1.0
383.44799995422363	0.10000000000002274	epochs	0.0
383.44799995422363	0.045000000000015916	epochs	1.0
383.49299995422365	0.010004999999978281	epochs	1.0
383.5030049542236	0.04499500000002854	epochs	1.0
383.54799995422366	0.7049949999999967	epochs	0.0
383.54799995422366	0.5	epochs	-1.0
383.54799995422366	0.5	epochs	-1.0
383.54799995422366	0.5	epochs	1.0
384.04799995422366	0.060000000000002274	epochs	-1.0
384.04799995422366	0.024999999999977263	epochs	-1.0
384.04799995422366	0.024999999999977263	epochs	1.0
384.07299995422363	0.009999999999990905	epochs	-1.0
384.07299995422363	0.009999999999990905	epochs	1.0
384.0829999542236	0.025000000000034106	epochs	-1.0
384.0829999542236	0.025000000000034106	epochs	1.0
384.10799995422366	0.060000000000002274	epochs	-1.0
384.10799995422366	0.024999999999977263	epochs	-1.0
384.10799995422366	0.024999999999977263	epochs	1.0
384.13299995422364	0.009999999999990905	epochs	-1.0
384.13299995422364	0.009999999999990905	epochs	1.0
384.1429999542236	0.025000000000034106	epochs	-1.0
384.1429999542236	0.025000000000034106	epochs	1.0
384.16799995422366	0.05999999999994543	epochs	-1.0
384.16799995422366	0.024999999999977263	epochs	-1.0
384.16799995422366	0.024999999999977263	epochs	1.0
384.19299995422364	0.009999999999990905	epochs	-1.0
384.19299995422364	0.009999999999990905	epochs	1.0
384.2029999542236	0.024999999999977263	epochs	-1.0
384.2029999542236	0.024999999999977263	epochs	1.0
384.2279999542236	0.02499500000004673	epochs	1.0
448.88799953460693	0.180499999999995	epochs	0.0
448.88799953460693	0.08523999999999887	epochs	1.0
448.97323953460693	0.010019999999997253	epochs	1.0
448.98325953460693	0.08523999999999887	epochs	1.0
449.06849953460693	5.999979999999994	epochs	0.0
449.06849953460693	0.5	epochs	1.0
449.06850493460695	0.5	epochs	-1.0
449.06850493460695	0.5	epochs	-1.0
449.56849953460693	5.0	epochs	1.0
454.56849953460693	0.49997999999999365	epochs	1.0
454.56850493460695	0.4999745999999732	epochs	-1.0
460.9869999885559	0.180499999999995	epochs	0.0
460.9869999885559	0.08523999999999887	epochs	1.0
461.0722399885559	0.010019999999997253	epochs	1.0
461.0822599885559	0.08523999999999887	epochs	1.0
461.1674999885559	2.5395599999999945	epochs	0.0
461.1674999885559	0.5	epochs	1.0
461.1675053885559	0.5	epochs	-1.0
461.6674999885559	1.0	epochs	1.0
462.6674999885559	1.0395599999999945	epochs	1.0
463.1675053885559	0.5	epochs	-1.0
463.7070599885559	0.9604199999999992	epochs	0.0
464.43699979782104	0.180499999999995	epochs	0.0
464.43699979782104	0.08523999999999887	epochs	1.0
464.52223979782104	0.010019999999997253	epochs	1.0
464.53225979782104	0.08523999999999887	epochs	1.0
464.61749979782104	2.5200399999999945	epochs	0.0
464.61749979782104	0.5	epochs	1.0
464.61750519782106	0.5	epochs	-1.0
465.11749979782104	1.0	epochs	1.0
466.11749979782104	1.0200399999999945	epochs	1.0
466.61750519782106	0.5	epochs	-1.0
467.13753979782103	0.9799399999999991	epochs	0.0
467.9199995994568	0.180499999999995	epochs	0.0
467.9199995994568	0.08523999999999887	epochs	1.0
468.0052395994568	0.010019999999997253	epochs	1.0
468.0152595994568	0.08523999999999887	epochs	1.0
468.1004995994568	2.5198199999999815	epochs	0.0
468.1004995994568	0.5	epochs	1.0
468.1005049994568	0.5	epochs	-1.0
468.6004995994568	1.0	epochs	1.0
469.6004995994568	1.0198199999999815	epochs	1.0
470.1005049994568	0.5	epochs	-1.0
470.62031959945676	0.9801600000000121	epochs	0.0
471.396999835968	0.180499999999995	epochs	0.0
471.396999835968	0.08523999999999887	epochs	1.0
471.482239835968	0.010019999999997253	epochs	1.0
471.492259835968	0.08523999999999887	epochs	1.0
471.577499835968	2.559759999999983	epochs	0.0
471.577499835968	0.5	epochs	1.0
471.57750523596803	0.5	epochs	-1.0
472.077499835968	1.0	epochs	1.0
473.077499835968	1.059759999999983	epochs	1.0
473.57750523596803	0.5	epochs	-1.0
474.137259835968	0.9402200000000107	epochs	0.0
474.9139995574951	0.180499999999995	epochs	0.0
474.9139995574951	0.08523999999999887	epochs	1.0
474.9992395574951	0.010019999999997253	epochs	1.0
475.0092595574951	0.08523999999999887	epochs	1.0
475.0944995574951	3.4999799999999937	epochs	0.0
475.0944995574951	0.5	epochs	1.0
475.09450495749513	0.5	epochs	-1.0
475.5944995574951	1.0	epochs	1.0
476.5944995574951	1.9999799999999937	epochs	1.0
477.09450495749513	0.5	epochs	-1.0
477.59450495749513	0.5	epochs	-1.0
479.44599962234497	0.180499999999995	epochs	0.0
479.44599962234497	0.08523999999999887	epochs	1.0
479.53123962234497	0.010019999999997253	epochs	1.0
479.54125962234497	0.08523999999999887	epochs	1.0
479.62649962234497	3.019260000000031	epochs	0.0
479.62649962234497	0.5	epochs	1.0
479.626505022345	0.5	epochs	-1.0
480.12649962234497	1.0	epochs	1.0
481.12649962234497	1.5192600000000311	epochs	1.0
481.626505022345	0.5	epochs	-1.0
482.126505022345	0.5	epochs	-1.0
482.645759622345	0.4807199999999625	epochs	0.0
483.5460000038147	0.15298000000001366	epochs	0.0
483.5460000038147	0.05000000000001137	epochs	1.0
483.5960000038147	0.002999999999985903	epochs	1.0
483.5990000038147	0.09998000000001639	epochs	1.0
484.5959997177124	0.15298000000001366	epochs	0.0
484.5959997177124	0.05000000000001137	epochs	1.0
484.6459997177124	0.002999999999985903	epochs	1.0
484.6489997177124	0.09998000000001639	epochs	1.0
485.5959997177124	0.15298000000001366	epochs	0.0
485.5959997177124	0.05000000000001137	epochs	1.0
485.6459997177124	0.002999999999985903	epochs	1.0
485.6489997177124	0.09998000000001639	epochs	1.0
486.6619997024536	0.15298000000001366	epochs	0.0
486.6619997024536	0.05000000000001137	epochs	1.0
486.7119997024536	0.002999999999985903	epochs	1.0
486.7149997024536	0.09998000000001639	epochs	1.0
487.74599981307983	0.15298000000001366	epochs	0.0
487.74599981307983	0.05000000000001137	epochs	1.0
487.79599981307985	0.002999999999985903	epochs	1.0
487.79899981307983	0.09998000000001639	epochs	1.0
488.80399990081787	0.15298000000001366	epochs	0.0
488.80399990081787	0.05000000000001137	epochs	1.0
488.8539999008179	0.002999999999985903	epochs	1.0
488.85699990081787	0.09998000000001639	epochs	1.0
489.93699979782104	0.15298000000001366	epochs	0.0
489.93699979782104	0.05000000000001137	epochs	1.0
489.98699979782106	0.002999999999985903	epochs	1.0
489.98999979782104	0.09998000000001639	epochs	1.0
491.05399990081787	0.15298000000001366	epochs	0.0
491.05399990081787	0.05000000000001137	epochs	1.0
491.1039999008179	0.002999999999985903	epochs	1.0
491.10699990081787	0.09998000000001639	epochs	1.0
492.2039999961853	0.15298000000001366	epochs	0.0
492.2039999961853	0.05000000000001137	epochs	1.0
492.2539999961853	0.002999999999985903	epochs	1.0
492.2569999961853	0.09998000000001639	epochs	1.0
493.3199996948242	0.15298000000001366	epochs	0.0
493.3199996948242	0.05000000000001137	epochs	1.0
493.36999969482423	0.002999999999985903	epochs	1.0
493.3729996948242	0.09998000000001639	epochs	1.0
494.43699979782104	0.15298000000001366	epochs	0.0
494.43699979782104	0.05000000000001137	epochs	1.0
494.48699979782106	0.002999999999985903	epochs	1.0
494.48999979782104	0.09998000000001639	epochs	1.0
495.5869998931885	0.15298000000001366	epochs	0.0
495.5869998931885	0.05000000000001137	epochs	1.0
495.6369998931885	0.002999999999985903	epochs	1.0
495.6399998931885	0.09998000000001639	epochs	1.0
496.8369998931885	0.15298000000001366	epochs	0.0
496.8369998931885	0.05000000000001137	epochs	1.0
496.8869998931885	0.002999999999985903	epochs	1.0
496.8899998931885	0.09998000000001639	epochs	1.0
498.0199999809265	0.15298000000001366	epochs	0.0
498.0199999809265	0.05000000000001137	epochs	1.0
498.0699999809265	0.002999999999985903	epochs	1.0
498.0729999809265	0.09998000000001639	epochs	1.0
499.24799966812134	0.15298000000001366	epochs	0.0
499.24799966812134	0.05000000000001137	epochs	1.0
499.29799966812135	0.002999999999985903	epochs	1.0
499.30099966812134	0.09998000000001639	epochs	1.0
500.414999961853	0.15298000000001366	epochs	0.0
500.414999961853	0.05000000000001137	epochs	1.0
500.46499996185304	0.002999999999985903	epochs	1.0
500.467999961853	0.09998000000001639	epochs	1.0
501.6319999694824	0.15298000000001366	epochs	0.0
501.6319999694824	0.05000000000001137	epochs	1.0
501.68199996948243	0.002999999999985903	epochs	1.0
501.6849999694824	0.09998000000001639	epochs	1.0
502.8479995727539	0.15298000000001366	epochs	0.0
502.8479995727539	0.05000000000001137	epochs	1.0
502.8979995727539	0.002999999999985903	epochs	1.0
502.9009995727539	0.09998000000001639	epochs	1.0
504.0649995803833	0.15298000000001366	epochs	0.0
504.0649995803833	0.05000000000001137	epochs	1.0
504.1149995803833	0.002999999999985903	epochs	1.0
504.1179995803833	0.09998000000001639	epochs	1.0
505.3149995803833	0.15298000000001366	epochs	0.0
505.3149995803833	0.05000000000001137	epochs	1.0
505.3649995803833	0.002999999999985903	epochs	1.0
505.3679995803833	0.09998000000001639	epochs	1.0
506.5319995880127	0.15298000000001366	epochs	0.0
506.5319995880127	0.05000000000001137	epochs	1.0
506.5819995880127	0.002999999999985903	epochs	1.0
506.5849995880127	0.09998000000001639	epochs	1.0
507.8479995727539	0.15298000000001366	epochs	0.0
507.8479995727539	0.05000000000001137	epochs	1.0
507.8979995727539	0.002999999999985903	epochs	1.0
507.9009995727539	0.09998000000001639	epochs	1.0
509.164999961853	0.15298000000001366	epochs	0.0
509.164999961853	0.05000000000001137	epochs	1.0
509.21499996185304	0.002999999999985903	epochs	1.0
509.217999961853	0.09998000000001639	epochs	1.0
510.503999710083	0.180499999999995	epochs	0.0
510.503999710083	0.08523999999999887	epochs	1.0
510.589239710083	0.010019999999997253	epochs	1.0
510.599259710083	0.08523999999999887	epochs	1.0
510.684499710083	1.51914000000005	epochs	0.0
510.684499710083	0.5	epochs	1.0
510.684505110083	0.5	epochs	-1.0
511.184499710083	0.002999999999985903	epochs	1.0
511.187499710083	1.016140000000064	epochs	1.0
511.687505110083	0.49999999999994316	epochs	-1.0
512.203639710083	0.08384000000000924	epochs	0.0
513.4210000038147	0.18050000000005184	epochs	0.0
513.4210000038147	0.08523999999999887	epochs	1.0
513.5062400038147	0.010020000000054097	epochs	1.0
513.5162600038148	0.08523999999999887	epochs	1.0
513.6015000038147	1.5192599999999175	epochs	0.0
513.6015000038147	0.5	epochs	1.0
513.6015054038147	0.5	epochs	-1.0
514.1015000038147	0.0029999999999290594	epochs	1.0
514.1045000038147	1.0162599999999884	epochs	1.0
514.6045054038146	0.5	epochs	-1.0
515.1207600038147	0.08372000000008484	epochs	0.0
516.2379999160767	0.6499800000000278	epochs	0.0
516.2379999160767	0.049999999999954525	epochs	1.0
516.2879999160766	0.5	epochs	1.0
516.7879999160766	0.09998000000007323	epochs	1.0
518.1039996147156	0.6499800000000278	epochs	0.0
518.1039996147156	0.049999999999954525	epochs	1.0
518.1539996147155	0.5	epochs	1.0
518.6539996147155	0.09998000000007323	epochs	1.0
519.8999996185303	0.6499800000000278	epochs	0.0
519.8999996185303	0.049999999999954525	epochs	1.0
519.9499996185302	0.5	epochs	1.0
520.4499996185302	0.09998000000007323	epochs	1.0
521.7669997215271	0.6499800000000278	epochs	0.0
521.7669997215271	0.049999999999954525	epochs	1.0
521.816999721527	0.5	epochs	1.0
522.316999721527	0.09998000000007323	epochs	1.0
523.6669998168945	0.6499800000000278	epochs	0.0
523.6669998168945	0.049999999999954525	epochs	1.0
523.7169998168945	0.5	epochs	1.0
524.2169998168945	0.09998000000007323	epochs	1.0
525.5329999923706	0.6499800000000278	epochs	0.0
525.5329999923706	0.049999999999954525	epochs	1.0
525.5829999923706	0.5	epochs	1.0
526.0829999923706	0.09998000000007323	epochs	1.0
527.4169998168945	0.18050000000005184	epochs	0.0
527.4169998168945	0.08523999999999887	epochs	1.0
527.5022398168945	0.010020000000054097	epochs	1.0
527.5122598168946	0.08523999999999887	epochs	1.0
527.5974998168946	3.039639999999963	epochs	0.0
527.5974998168946	0.5	epochs	1.0
527.5975052168945	0.5	epochs	-1.0
528.0974998168946	1.0	epochs	1.0
529.0974998168946	1.539639999999963	epochs	1.0
529.5975052168945	0.5	epochs	-1.0
530.0975052168945	0.5	epochs	-1.0
530.6371398168945	2.4603399999999738	epochs	0.0
533.1199998855591	0.18050000000005184	epochs	0.0
533.1199998855591	0.08523999999999887	epochs	1.0
533.2052398855591	0.010020000000054097	epochs	1.0
533.2152598855591	0.08523999999999887	epochs	1.0
533.3004998855591	2.519559999999956	epochs	0.0
533.3004998855591	0.5	epochs	1.0
533.3005052855591	0.5	epochs	-1.0
533.8004998855591	1.0	epochs	1.0
534.8004998855591	1.0195599999999558	epochs	1.0
535.3005052855591	0.5	epochs	-1.0
535.8200598855591	2.980419999999981	epochs	0.0
538.5529999732971	0.18050000000005184	epochs	0.0
538.5529999732971	0.08523999999999887	epochs	1.0
538.6382399732971	0.010020000000054097	epochs	1.0
538.6482599732972	0.08523999999999887	epochs	1.0
538.7334999732972	3.0398999999999887	epochs	0.0
538.7334999732972	0.5	epochs	1.0
538.7335053732971	0.5	epochs	-1.0
539.2334999732972	1.0	epochs	1.0
540.2334999732972	1.5398999999999887	epochs	1.0
540.7335053732971	0.5	epochs	-1.0
541.2335053732971	0.5	epochs	-1.0
541.7733999732972	3.460079999999948	epochs	0.0
543.0949997901917	0.18050000000005184	epochs	0.0
543.0949997901917	0.08523999999999887	epochs	1.0
543.1802397901916	0.010020000000054097	epochs	1.0
543.1902597901917	0.08523999999999887	epochs	1.0
543.2754997901917	3.539099999999962	epochs	0.0
543.2754997901917	0.5	epochs	1.0
543.2755051901917	0.5	epochs	-1.0
543.7754997901917	1.0	epochs	1.0
544.7754997901917	2.039099999999962	epochs	1.0
545.2755051901917	0.5	epochs	-1.0
545.7755051901917	0.5	epochs	-1.0
546.2755051901917	0.5	epochs	-1.0
546.8145997901917	2.9608799999999746	epochs	0.0
548.1949996948242	0.18050000000005184	epochs	0.0
548.1949996948242	0.08523999999999887	epochs	1.0
548.2802396948242	0.010020000000054097	epochs	1.0
548.2902596948243	0.08523999999999887	epochs	1.0
548.3754996948243	4.038999999999987	epochs	0.0
548.3754996948243	0.5	epochs	1.0
548.3755050948242	0.5	epochs	-1.0
548.8754996948243	1.0	epochs	1.0
549.8754996948243	2.5389999999999873	epochs	1.0
550.3755050948242	0.5	epochs	-1.0
550.8755050948242	0.5	epochs	-1.0
551.3755050948242	0.5	epochs	-1.0
551.8755050948242	0.5	epochs	-1.0
552.4144996948243	2.4609799999999495	epochs	0.0
553.8329997062683	0.18050000000005184	epochs	0.0
553.8329997062683	0.08523999999999887	epochs	1.0
553.9182397062683	0.010020000000054097	epochs	1.0
553.9282597062684	0.08523999999999887	epochs	1.0
554.0134997062684	6.059239999999932	epochs	0.0
554.0134997062684	0.5	epochs	1.0
554.0135051062683	0.5	epochs	-1.0
554.5134997062684	1.0	epochs	1.0
555.5134997062684	4.559239999999932	epochs	1.0
556.0135051062683	0.5	epochs	-1.0
556.5135051062683	0.5	epochs	-1.0
557.0135051062683	0.5	epochs	-1.0
557.5135051062683	0.5	epochs	-1.0
558.0135051062683	0.5	epochs	-1.0
558.5135051062683	0.5	epochs	-1.0
559.0135051062683	0.5	epochs	-1.0
559.5135051062683	0.5	epochs	-1.0
560.0727397062683	0.44074000000000524	epochs	0.0
562.275999546051	0.18050000000005184	epochs	0.0
562.275999546051	0.08523999999999887	epochs	1.0
562.361239546051	0.010020000000054097	epochs	1.0
562.3712595460511	0.08523999999999887	epochs	1.0
562.4564995460511	4.039559999999938	epochs	0.0
562.4564995460511	0.5	epochs	1.0
562.456504946051	0.5	epochs	-1.0
562.9564995460511	1.0	epochs	1.0
563.9564995460511	2.5395599999999376	epochs	1.0
564.456504946051	0.5	epochs	-1.0
564.956504946051	0.5	epochs	-1.0
565.456504946051	0.5	epochs	-1.0
565.956504946051	0.5	epochs	-1.0
566.496059546051	6.460419999999999	epochs	0.0
577.4269995689392	0.18050000000005184	epochs	0.0
577.4269995689392	0.08523999999999887	epochs	1.0
577.5122395689392	0.010020000000054097	epochs	1.0
577.5222595689393	0.08523999999999887	epochs	1.0
577.6074995689393	3.039139999999975	epochs	0.0
577.6074995689393	0.5	epochs	1.0
577.6075049689392	0.5	epochs	-1.0
578.1074995689393	1.0	epochs	1.0
579.1074995689393	1.5391399999999749	epochs	1.0
579.6075049689392	0.5	epochs	-1.0
580.1075049689392	0.5	epochs	-1.0
580.6466395689392	7.460839999999962	epochs	0.0
592.7519998550415	0.18050000000005184	epochs	0.0
592.7519998550415	0.08523999999999887	epochs	1.0
592.8372398550415	0.010020000000054097	epochs	1.0
592.8472598550416	0.08523999999999887	epochs	1.0
592.9324998550416	3.0197599999999056	epochs	0.0
592.9324998550416	0.5	epochs	1.0
592.9325052550415	0.5	epochs	-1.0
593.4324998550416	1.0	epochs	1.0
594.4324998550416	1.5197599999999056	epochs	1.0
594.9325052550415	0.5	epochs	-1.0
595.4325052550415	0.5	epochs	-1.0
595.9522598550415	7.480220000000031	epochs	0.0
607.7189998626709	0.18050000000005184	epochs	0.0
607.7189998626709	0.08523999999999887	epochs	1.0
607.8042398626709	0.010020000000054097	epochs	1.0
607.814259862671	0.08523999999999887	epochs	1.0
607.899499862671	9.01929999999993	epochs	0.0
607.899499862671	0.5	epochs	1.0
607.8995052626709	0.5	epochs	-1.0
608.399499862671	1.0	epochs	1.0
609.399499862671	7.51929999999993	epochs	1.0
609.8995052626709	0.5	epochs	-1.0
610.3995052626709	0.5	epochs	-1.0
610.8995052626709	0.5	epochs	-1.0
611.3995052626709	0.5	epochs	-1.0
611.8995052626709	0.5	epochs	-1.0
612.3995052626709	0.5	epochs	-1.0
612.8995052626709	0.5	epochs	-1.0
613.3995052626709	0.5	epochs	-1.0
613.8995052626709	0.5	epochs	-1.0
614.3995052626709	0.5	epochs	-1.0
614.8995052626709	0.5	epochs	-1.0
615.3995052626709	0.5	epochs	-1.0
615.8995052626709	0.5	epochs	-1.0
616.3995052626709	0.5	epochs	-1.0
616.9187998626709	1.4806800000000067	epochs	0.0
623.2469997406006	0.18050000000005184	epochs	0.0
623.2469997406006	0.08523999999999887	epochs	1.0
623.3322397406006	0.010020000000054097	epochs	1.0
623.3422597406006	0.08523999999999887	epochs	1.0
623.4274997406006	4.53922	epochs	0.0
623.4274997406006	0.5	epochs	1.0
623.4275051406006	0.5	epochs	-1.0
623.9274997406006	1.0	epochs	1.0
624.9274997406006	3.0392200000000003	epochs	1.0
625.4275051406006	0.5	epochs	-1.0
625.9275051406006	0.5	epochs	-1.0
626.4275051406006	0.5	epochs	-1.0
626.9275051406006	0.5	epochs	-1.0
627.4275051406006	0.5	epochs	-1.0
627.9667197406006	5.9607599999999366	epochs	0.0
638.9019999504089	0.18050000000005184	epochs	0.0
638.9019999504089	0.08523999999999887	epochs	1.0
638.9872399504089	0.010020000000054097	epochs	1.0
638.997259950409	0.08523999999999887	epochs	1.0
639.082499950409	0.5194999999999936	epochs	0.0
639.082499950409	0.5	epochs	1.0
639.082505350409	0.5	epochs	-1.0
639.582499950409	0.019499999999993634	epochs	1.0
639.601999950409	9.980479999999943	epochs	0.0
669.2659997940063	0.18050000000005184	epochs	0.0
669.2659997940063	0.08523999999999887	epochs	1.0
669.3512397940063	0.010020000000054097	epochs	1.0
669.3612597940064	0.08523999999999887	epochs	1.0
669.4464997940064	10.499979999999937	epochs	0.0
669.4464997940064	0.5	epochs	1.0
669.4465051940064	0.5	epochs	-1.0
669.9464997940064	1.0	epochs	1.0
670.9464997940064	8.999979999999937	epochs	1.0
671.4465051940064	0.5	epochs	-1.0
671.9465051940064	0.5	epochs	-1.0
672.4465051940064	0.5	epochs	-1.0
672.9465051940064	0.5	epochs	-1.0
673.4465051940064	0.5	epochs	-1.0
673.9465051940064	0.5	epochs	-1.0
674.4465051940064	0.5	epochs	-1.0
674.9465051940064	0.5	epochs	-1.0
675.4465051940064	0.5	epochs	-1.0
675.9465051940064	0.5	epochs	-1.0
676.4465051940064	0.5	epochs	-1.0
676.9465051940064	0.5	epochs	-1.0
677.4465051940064	0.5	epochs	-1.0
677.9465051940064	0.5	epochs	-1.0
678.4465051940064	0.5	epochs	-1.0
678.9465051940064	0.5	epochs	-1.0
684.1019997596741	0.18050000000005184	epochs	0.0
684.1019997596741	0.08523999999999887	epochs	1.0
684.1872397596741	0.010020000000054097	epochs	1.0
684.1972597596741	0.08523999999999887	epochs	1.0
684.2824997596741	10.499979999999937	epochs	0.0
684.2824997596741	0.5	epochs	1.0
684.2825051596741	0.5	epochs	-1.0
684.7824997596741	1.0	epochs	1.0
685.7824997596741	8.999979999999937	epochs	1.0
686.2825051596741	0.5	epochs	-1.0
686.7825051596741	0.5	epochs	-1.0
687.2825051596741	0.5	epochs	-1.0
687.7825051596741	0.5	epochs	-1.0
688.2825051596741	0.5	epochs	-1.0
688.7825051596741	0.5	epochs	-1.0
689.2825051596741	0.5	epochs	-1.0
689.7825051596741	0.5	epochs	-1.0
690.2825051596741	0.5	epochs	-1.0
690.7825051596741	0.5	epochs	-1.0
691.2825051596741	0.5	epochs	-1.0
691.7825051596741	0.5	epochs	-1.0
692.2825051596741	0.5	epochs	-1.0
692.7825051596741	0.5	epochs	-1.0
693.2825051596741	0.5	epochs	-1.0
693.7825051596741	0.5	epochs	-1.0
699.0379996299744	0.18050000000005184	epochs	0.0
699.0379996299744	0.08523999999999887	epochs	1.0
699.1232396299744	0.010020000000054097	epochs	1.0
699.1332596299744	0.08523999999999887	epochs	1.0
699.2184996299744	10.499979999999937	epochs	0.0
699.2184996299744	0.5	epochs	1.0
699.2185050299744	0.5	epochs	-1.0
699.7184996299744	1.0	epochs	1.0
700.7184996299744	8.999979999999937	epochs	1.0
701.2185050299744	0.5	epochs	-1.0
701.7185050299744	0.5	epochs	-1.0
702.2185050299744	0.5	epochs	-1.0
702.7185050299744	0.5	epochs	-1.0
703.2185050299744	0.5	epochs	-1.0
703.7185050299744	0.5	epochs	-1.0
704.2185050299744	0.5	epochs	-1.0
704.7185050299744	0.5	epochs	-1.0
705.2185050299744	0.5	epochs	-1.0
705.7185050299744	0.5	epochs	-1.0
706.2185050299744	0.5	epochs	-1.0
706.7185050299744	0.5	epochs	-1.0
707.2185050299744	0.5	epochs	-1.0
707.7185050299744	0.5	epochs	-1.0
708.2185050299744	0.5	epochs	-1.0
708.7185050299744	0.5	epochs	-1.0
713.9269995689392	0.18050000000005184	epochs	0.0
713.9269995689392	0.08523999999999887	epochs	1.0
714.0122395689392	0.010020000000054097	epochs	1.0
714.0222595689393	0.08523999999999887	epochs	1.0
714.1074995689393	3.520059999999944	epochs	0.0
714.1074995689393	0.5	epochs	1.0
714.1075049689392	0.5	epochs	-1.0
714.6074995689393	1.0	epochs	1.0
715.6074995689393	2.020059999999944	epochs	1.0
716.1075049689392	0.5	epochs	-1.0
716.6075049689392	0.5	epochs	-1.0
717.1075049689392	0.5	epochs	-1.0
717.6275595689392	6.979919999999993	epochs	0.0
728.7689995765686	0.18050000000005184	epochs	0.0
728.7689995765686	0.08523999999999887	epochs	1.0
728.8542395765686	0.010020000000054097	epochs	1.0
728.8642595765687	0.08523999999999887	epochs	1.0
728.9494995765687	0.5191199999999299	epochs	0.0
728.9494995765687	0.5	epochs	1.0
728.9495049765686	0.5	epochs	-1.0
729.4494995765687	0.01911999999992986	epochs	1.0
729.4686195765686	9.980860000000007	epochs	0.0
759.0369997024536	0.18050000000005184	epochs	0.0
759.0369997024536	0.08523999999999887	epochs	1.0
759.1222397024536	0.010020000000054097	epochs	1.0
759.1322597024537	0.08523999999999887	epochs	1.0
759.2174997024537	10.499979999999937	epochs	0.0
759.2174997024537	0.5	epochs	1.0
759.2175051024536	0.5	epochs	-1.0
759.7174997024537	1.0	epochs	1.0
760.7174997024537	8.999979999999937	epochs	1.0
761.2175051024536	0.5	epochs	-1.0
761.7175051024536	0.5	epochs	-1.0
762.2175051024536	0.5	epochs	-1.0
762.7175051024536	0.5	epochs	-1.0
763.2175051024536	0.5	epochs	-1.0
763.7175051024536	0.5	epochs	-1.0
764.2175051024536	0.5	epochs	-1.0
764.7175051024536	0.5	epochs	-1.0
765.2175051024536	0.5	epochs	-1.0
765.7175051024536	0.5	epochs	-1.0
766.2175051024536	0.5	epochs	-1.0
766.7175051024536	0.5	epochs	-1.0
767.2175051024536	0.5	epochs	-1.0
767.7175051024536	0.5	epochs	-1.0
768.2175051024536	0.5	epochs	-1.0
768.7175051024536	0.5	epochs	-1.0
773.9749999046326	0.18050000000005184	epochs	0.0
773.9749999046326	0.08523999999999887	epochs	1.0
774.0602399046326	0.010020000000054097	epochs	1.0
774.0702599046326	0.08523999999999887	epochs	1.0
774.1554999046326	14.119460000000004	epochs	0.0
774.1554999046326	0.5	epochs	1.0
774.1555053046326	0.5	epochs	-1.0
774.6554999046326	13.619460000000004	epochs	1.0
787.2346199046326	1.0403400000000147	epochs	-1.0
787.2346199046326	0.039559999999937645	epochs	-1.0
787.7321253046325	0.5	epochs	-1.0
788.2749599046326	5.380519999999933	epochs	0.0
791.25	0.18050000000005184	epochs	0.0
791.25	0.08523999999999887	epochs	1.0
791.33524	0.010020000000054097	epochs	1.0
791.34526	0.08523999999999887	epochs	1.0
791.4305	13.06027999999992	epochs	0.0
791.4305	0.5	epochs	1.0
791.4305054	0.5	epochs	-1.0
791.9305	12.56027999999992	epochs	1.0
803.49058	1.0001999999999498	epochs	-1.0
803.49058	0.04027999999993881	epochs	-1.0
803.9880854	0.5	epochs	-1.0
804.49078	6.439700000000016	epochs	0.0
806.7199997901917	0.18050000000005184	epochs	0.0
806.7199997901917	0.08523999999999887	epochs	1.0
806.8052397901916	0.010020000000054097	epochs	1.0
806.8152597901917	0.08523999999999887	epochs	1.0
806.9004997901917	13.140459999999962	epochs	0.0
806.9004997901917	0.5	epochs	1.0
806.9005051901917	0.5	epochs	-1.0
807.4004997901917	12.640459999999962	epochs	1.0
818.0404997901917	2.0004599999999755	epochs	-1.0
818.0404997901917	0.03963999999996304	epochs	-1.0
818.5380051901916	0.5	epochs	-1.0
819.0380051901916	0.5	epochs	-1.0
819.5380051901916	0.5	epochs	-1.0
820.0409597901917	6.359519999999975	epochs	0.0
822.820999622345	0.18050000000005184	epochs	0.0
822.820999622345	0.08523999999999887	epochs	1.0
822.906239622345	0.010020000000054097	epochs	1.0
822.916259622345	0.08523999999999887	epochs	1.0
823.001499622345	14.279199999999946	epochs	0.0
823.001499622345	0.5	epochs	1.0
823.001505022345	0.5	epochs	-1.0
823.501499622345	13.779199999999946	epochs	1.0
836.280839622345	0.9998600000000124	epochs	-1.0
836.280839622345	0.03956000000005133	epochs	-1.0
836.7775050223449	0.5	epochs	-1.0
837.280699622345	5.220779999999991	epochs	0.0
839.5149998664856	0.18050000000005184	epochs	0.0
839.5149998664856	0.08523999999999887	epochs	1.0
839.6002398664856	0.010020000000054097	epochs	1.0
839.6102598664856	0.08523999999999887	epochs	1.0
839.6954998664856	18.0394	epochs	0.0
839.6954998664856	0.5	epochs	1.0
839.6955052664856	0.5	epochs	-1.0
840.1954998664856	16.0	epochs	1.0
856.1954998664856	1.5394000000000005	epochs	1.0
856.6905052664856	0.5	epochs	-1.0
857.1905052664856	0.5	epochs	-1.0
857.7348998664856	1.4605799999999363	epochs	0.0
860.0269999504089	0.18050000000005184	epochs	0.0
860.0269999504089	0.08523999999999887	epochs	1.0
860.1122399504089	0.010020000000054097	epochs	1.0
860.122259950409	0.08523999999999887	epochs	1.0
860.207499950409	19.499979999999937	epochs	0.0
860.207499950409	0.5	epochs	1.0
860.207505350409	0.5	epochs	-1.0
860.707499950409	16.0	epochs	1.0
876.707499950409	2.999979999999937	epochs	1.0
877.197505350409	0.5	epochs	-1.0
877.697505350409	0.5	epochs	-1.0
878.197505350409	0.5	epochs	-1.0
878.697505350409	0.5	epochs	-1.0
879.197505350409	0.5	epochs	-1.0
882.6839995384216	0.18050000000005184	epochs	0.0
882.6839995384216	0.08523999999999887	epochs	1.0
882.7692395384216	0.010020000000054097	epochs	1.0
882.7792595384217	0.08523999999999887	epochs	1.0
882.8644995384217	0.5188399999999547	epochs	0.0
882.8644995384217	0.5	epochs	1.0
882.8645049384216	0.5	epochs	-1.0
883.3644995384217	0.01883999999995467	epochs	1.0
883.3833395384216	18.981139999999982	epochs	0.0
911.8769998550415	0.18050000000005184	epochs	0.0
911.8769998550415	0.08523999999999887	epochs	1.0
911.9622398550415	0.010020000000054097	epochs	1.0
911.9722598550416	0.08523999999999887	epochs	1.0
912.0574998550416	17.518659999999954	epochs	0.0
912.0574998550416	0.5	epochs	1.0
912.0575052550415	0.5	epochs	-1.0
912.5574998550416	16.0	epochs	1.0
928.5574998550416	1.0186599999999544	epochs	1.0
929.0475052550415	0.5	epochs	-1.0
929.5761598550415	1.9813199999999824	epochs	0.0
954.771999835968	0.18047999999998865	epochs	0.0
954.771999835968	0.08519999999998618	epochs	1.0
954.857199835968	0.010080000000016298	epochs	1.0
954.867279835968	0.08519999999998618	epochs	1.0
954.952479835968	2.0	epochs	0.0
956.952479835968	5.359760000000051	epochs	0.0
956.952479835968	1.0	epochs	1.0
956.952505235968	0.5	epochs	-1.0
957.452505235968	4.859734600000024	epochs	-1.0
957.952479835968	4.359760000000051	epochs	1.0
957.952479835968	8.000000002539309e-05	epochs	2.0
957.952559835968	4.356719999999996	epochs	-1.0
957.952559835968	1.9745599999999968	epochs	2.0
957.952559835968	1.0985600000000204	epochs	3.0
959.051119835968	0.8759999999999764	epochs	3.0
959.927119835968	1.3523999999999887	epochs	2.0
959.927119835968	0.7286400000000413	epochs	3.0
960.6557598359681	0.6237599999999475	epochs	3.0
961.279519835968	1.0297600000000102	epochs	2.0
961.279519835968	0.5453599999999597	epochs	3.0
961.824879835968	0.48440000000005057	epochs	3.0
962.309279835968	0.0029600000000300497	epochs	2.0
962.309279835968	0.0029600000000300497	epochs	3.0
962.3122398359681	16.640159999999923	epochs	0.0
965.1459999084473	0.18047999999998865	epochs	0.0
965.1459999084473	0.08519999999998618	epochs	1.0
965.2311999084473	0.010080000000016298	epochs	1.0
965.2412799084473	0.08519999999998618	epochs	1.0
965.3264799084473	2.0	epochs	0.0
967.3264799084473	21.51959999999997	epochs	0.0
967.3264799084473	1.0	epochs	1.0
967.3265053084473	0.5	epochs	-1.0
967.8265053084473	19.998719999999935	epochs	-1.0
968.3264799084473	20.0	epochs	1.0
968.3264799084473	8.000000002539309e-05	epochs	2.0
968.3265599084473	4.356719999999996	epochs	-1.0
968.3265599084473	1.9745599999999968	epochs	2.0
968.3265599084473	1.0985600000000204	epochs	3.0
969.4251199084473	0.8759999999999764	epochs	3.0
970.3011199084473	1.3523999999999887	epochs	2.0
970.3011199084473	0.7286400000000413	epochs	3.0
971.0297599084473	0.6237599999999475	epochs	3.0
971.6535199084473	1.0297600000000102	epochs	2.0
971.6535199084473	0.5453599999999597	epochs	3.0
972.1988799084472	0.48440000000005057	epochs	3.0
972.6832799084473	0.8317600000000311	epochs	2.0
972.6832799084473	0.4357599999999593	epochs	3.0
973.1190399084472	0.39600000000007185	epochs	3.0
973.5150399084473	0.6978399999999283	epochs	2.0
973.5150399084473	0.3628799999999046	epochs	3.0
973.8779199084472	0.3349600000000237	epochs	3.0
974.2128799084472	0.6010400000000118	epochs	2.0
974.2128799084472	0.3108799999999974	epochs	3.0
974.5237599084472	0.2901600000000144	epochs	3.0
974.8139199084472	0.5278399999999692	epochs	2.0
974.8139199084472	0.2719200000000228	epochs	3.0
975.0858399084473	0.2559199999999464	epochs	3.0
975.3417599084472	0.47064000000000306	epochs	2.0
975.3417599084472	0.2416800000000876	epochs	3.0
975.5834399084473	0.22895999999991545	epochs	3.0
975.8123999084472	0.42456000000004224	epochs	2.0
975.8123999084472	0.2174400000000105	epochs	3.0
976.0298399084472	0.20712000000003172	epochs	3.0
976.2369599084473	0.3867199999999684	epochs	2.0
976.2369599084473	0.1976799999999912	epochs	3.0
976.4346399084473	0.18903999999997723	epochs	3.0
976.6236799084472	0.3551200000000563	epochs	2.0
976.6236799084472	0.1811999999999898	epochs	3.0
976.8048799084472	0.17392000000006647	epochs	3.0
976.9787999084473	0.328239999999937	epochs	2.0
976.9787999084473	0.1671999999999798	epochs	3.0
977.1459999084473	0.16103999999995722	epochs	3.0
977.3070399084472	0.30520000000001346	epochs	2.0
977.3070399084472	0.1552800000000616	epochs	3.0
977.4623199084473	0.14991999999995187	epochs	3.0
977.6122399084472	0.28512000000000626	epochs	2.0
977.6122399084472	0.1448800000000574	epochs	3.0
977.7571199084473	0.14023999999994885	epochs	3.0
977.8973599084472	0.26751999999999043	epochs	2.0
977.8973599084472	0.13584000000003016	epochs	3.0
978.0331999084473	0.13167999999996027	epochs	3.0
978.1648799084472	0.2520799999999781	epochs	2.0
978.1648799084472	0.12783999999999196	epochs	3.0
978.2927199084472	0.12423999999998614	epochs	3.0
978.4169599084472	0.23816000000010717	epochs	2.0
978.4169599084472	0.12072000000000571	epochs	3.0
978.5376799084472	0.11744000000010146	epochs	3.0
978.6551199084473	0.2258399999999483	epochs	2.0
978.6551199084473	0.11439999999993233	epochs	3.0
978.7695199084473	0.11144000000001597	epochs	3.0
978.8809599084473	0.21464000000003125	epochs	2.0
978.8809599084473	0.10864000000003671	epochs	3.0
978.9895999084473	0.10599999999999454	epochs	3.0
979.0955999084473	0.20447999999998956	epochs	2.0
979.0955999084473	0.10343999999997777	epochs	3.0
979.1990399084473	0.10104000000001179	epochs	3.0
979.3000799084473	0.19535999999993692	epochs	2.0
979.3000799084473	0.0987999999999829	epochs	3.0
979.3988799084473	0.09655999999995402	epochs	3.0
979.4954399084472	0.18695999999999913	epochs	2.0
979.4954399084472	0.0944800000000896	epochs	3.0
979.5899199084473	0.09247999999990952	epochs	3.0
979.6823999084472	0.1792000000000371	epochs	2.0
979.6823999084472	0.0904800000000705	epochs	3.0
979.7728799084473	0.0887199999999666	epochs	3.0
979.8615999084473	0.17208000000005086	epochs	2.0
979.8615999084473	0.086879999999951	epochs	3.0
979.9484799084472	0.08520000000009986	epochs	3.0
980.0336799084473	0.1655199999999013	epochs	2.0
980.0336799084473	0.08359999999993306	epochs	3.0
980.1172799084472	0.08191999999996824	epochs	3.0
980.1991999084472	0.15952000000004318	epochs	2.0
980.1991999084472	0.0804800000000796	epochs	3.0
980.2796799084473	0.07903999999996358	epochs	3.0
980.3587199084473	0.15376000000003387	epochs	2.0
980.3587199084473	0.07759999999996126	epochs	3.0
980.4363199084472	0.07616000000007261	epochs	3.0
980.5124799084473	0.14855999999997493	epochs	2.0
980.5124799084473	0.07496000000003278	epochs	3.0
980.5874399084473	0.07359999999994216	epochs	3.0
980.6610399084473	0.14368000000001757	epochs	2.0
980.6610399084473	0.0724800000000414	epochs	3.0
980.7335199084473	0.07119999999997617	epochs	3.0
980.8047199084473	0.1390400000000227	epochs	2.0
980.8047199084473	0.07007999999996173	epochs	3.0
980.8747999084472	0.06896000000006097	epochs	3.0
980.9437599084473	0.13472000000001572	epochs	2.0
980.9437599084473	0.06791999999995824	epochs	3.0
981.0116799084473	0.06680000000005748	epochs	3.0
981.0784799084473	0.13071999999999662	epochs	2.0
981.0784799084473	0.06583999999998014	epochs	3.0
981.1443199084473	0.06488000000001648	epochs	3.0
981.2091999084473	0.1268000000000029	epochs	2.0
981.2091999084473	0.06383999999991374	epochs	3.0
981.2730399084472	0.06296000000008917	epochs	3.0
981.3359999084473	0.1232799999999088	epochs	2.0
981.3359999084473	0.06207999999992353	epochs	3.0
981.3980799084472	0.061199999999985266	epochs	3.0
981.4592799084472	0.11984000000006745	epochs	2.0
981.4592799084472	0.060320000000047	epochs	3.0
981.5195999084473	0.059520000000020445	epochs	3.0
981.5791199084473	0.11663999999996122	epochs	2.0
981.5791199084473	0.05871999999999389	epochs	3.0
981.6378399084473	0.05791999999996733	epochs	3.0
981.6957599084473	0.11360000000001946	epochs	2.0
981.6957599084473	0.05719999999996617	epochs	3.0
981.7529599084472	0.056400000000053296	epochs	3.0
981.8093599084473	0.1107200000000148	epochs	2.0
981.8093599084473	0.055679999999938445	epochs	3.0
981.8650399084472	0.05504000000007636	epochs	3.0
981.9200799084473	0.10791999999992186	epochs	2.0
981.9200799084473	0.05423999999993612	epochs	3.0
981.9743199084472	0.05367999999998574	epochs	3.0
982.0279999084472	0.10528000000010707	epochs	2.0
982.0279999084472	0.05296000000009826	epochs	3.0
982.0809599084473	0.052320000000008804	epochs	3.0
982.1332799084473	0.10287999999991371	epochs	2.0
982.1332799084473	0.05175999999994474	epochs	3.0
982.1850399084473	0.05111999999996897	epochs	3.0
982.2361599084472	0.10040000000003602	epochs	2.0
982.2361599084472	0.0504799999999932	epochs	3.0
982.2866399084472	0.04992000000004282	epochs	3.0
982.3365599084473	0.09824000000003252	epochs	2.0
982.3365599084473	0.049359999999978754	epochs	3.0
982.3859199084472	0.04888000000005377	epochs	3.0
982.4347999084473	0.09600000000000364	epochs	2.0
982.4347999084473	0.04823999999996431	epochs	3.0
982.4830399084473	0.04776000000003933	epochs	3.0
982.5307999084473	0.09391999999991185	epochs	2.0
982.5307999084473	0.04719999999997526	epochs	3.0
982.5779999084473	0.04671999999993659	epochs	3.0
982.6247199084472	0.09192000000007283	epochs	2.0
982.6247199084472	0.0461600000000999	epochs	3.0
982.6708799084473	0.04575999999997293	epochs	3.0
982.7166399084473	0.09007999999994354	epochs	2.0
982.7166399084473	0.04527999999993426	epochs	3.0
982.7619199084472	0.04480000000000928	epochs	3.0
982.8067199084472	0.08816000000001623	epochs	2.0
982.8067199084472	0.04432000000008429	epochs	3.0
982.8510399084473	0.04383999999993193	epochs	3.0
982.8948799084473	0.0864800000000514	epochs	2.0
982.8948799084473	0.04344000000003234	epochs	3.0
982.9383199084473	0.04304000000001906	epochs	3.0
982.9813599084473	0.0847199999999475	epochs	2.0
982.9813599084473	0.04255999999998039	epochs	3.0
983.0239199084473	0.04215999999996711	epochs	3.0
983.0660799084473	0.08320000000003347	epochs	2.0
983.0660799084473	0.04176000000006752	epochs	3.0
983.1078399084473	0.04143999999996595	epochs	3.0
983.1492799084473	0.08151999999995496	epochs	2.0
983.1492799084473	0.04095999999992728	epochs	3.0
983.1902399084472	0.040560000000027685	epochs	3.0
983.2307999084472	0.08008000000006632	epochs	2.0
983.2307999084472	0.0402400000000398	epochs	3.0
983.2710399084473	0.03984000000002652	epochs	3.0
983.3108799084473	0.0786399999999503	epochs	2.0
983.3108799084473	0.03951999999992495	epochs	3.0
983.3503999084472	0.03912000000002536	epochs	3.0
983.3895199084473	0.07720000000006166	epochs	2.0
983.3895199084473	0.03880000000003747	epochs	3.0
983.4283199084473	0.03840000000002419	epochs	3.0
983.4667199084473	0.07591999999999643	epochs	2.0
983.4667199084473	0.03815999999994801	epochs	3.0
983.5048799084473	0.03776000000004842	epochs	3.0
983.5426399084473	0.07455999999990581	epochs	2.0
983.5426399084473	0.03743999999994685	epochs	3.0
983.5800799084473	0.037119999999958964	epochs	3.0
983.6171999084472	0.07336000000009335	epochs	2.0
983.6171999084472	0.036800000000084765	epochs	3.0
983.6539999084473	0.036560000000008586	epochs	3.0
983.6905599084473	0.07207999999991443	epochs	2.0
983.6905599084473	0.03615999999999531	epochs	3.0
983.7267199084473	0.03591999999991913	epochs	3.0
983.7626399084472	0.07087999999998829	epochs	2.0
983.7626399084472	0.03560000000004493	epochs	3.0
983.7982399084473	0.03527999999994336	epochs	3.0
983.8335199084472	0.06983999999999924	epochs	2.0
983.8335199084472	0.03504000000009455	epochs	3.0
983.8685599084473	0.034799999999904685	epochs	3.0
983.9033599084472	0.06864000000007309	epochs	2.0
983.9033599084472	0.034480000000030486	epochs	3.0
983.9378399084472	0.0341600000000426	epochs	3.0
983.9719999084473	0.06759999999997035	epochs	2.0
983.9719999084473	0.03391999999996642	epochs	3.0
984.0059199084473	0.03368000000000393	epochs	3.0
984.0395999084473	0.0665599999999813	epochs	2.0
984.0395999084473	0.03344000000004144	epochs	3.0
984.0730399084473	0.033119999999939864	epochs	3.0
984.1061599084472	0.06560000000001764	epochs	2.0
984.1061599084472	0.032960000000002765	epochs	3.0
984.1391199084472	0.03264000000001488	epochs	3.0
984.1717599084473	0.0645600000000286	epochs	2.0
984.1717599084473	0.03240000000005239	epochs	3.0
984.2041599084473	0.03215999999997621	epochs	3.0
984.2363199084473	0.06367999999997664	epochs	2.0
984.2363199084473	0.03199999999992542	epochs	3.0
984.2683199084472	0.03168000000005122	epochs	3.0
984.2999999084473	0.06272000000001299	epochs	2.0
984.2999999084473	0.03143999999997504	epochs	3.0
984.3314399084472	0.031280000000037944	epochs	3.0
984.3627199084473	0.06183999999996104	epochs	2.0
984.3627199084473	0.031039999999961765	epochs	3.0
984.3937599084472	0.030799999999999272	epochs	3.0
984.4245599084472	0.060960000000022774	epochs	2.0
984.4245599084472	0.03056000000003678	epochs	3.0
984.4551199084473	0.030399999999985994	epochs	3.0
984.4855199084473	0.060159999999996217	epochs	2.0
984.4855199084473	0.0301600000000235	epochs	3.0
984.5156799084473	0.029999999999972715	epochs	3.0
984.5456799084473	0.05928000000005795	epochs	2.0
984.5456799084473	0.02967999999998483	epochs	3.0
984.5753599084472	0.029600000000073123	epochs	3.0
984.6049599084473	0.05847999999991771	epochs	2.0
984.6049599084473	0.029359999999996944	epochs	3.0
984.6343199084473	0.029119999999920765	epochs	3.0
984.6634399084472	0.05776000000003023	epochs	2.0
984.6634399084472	0.028959999999983665	epochs	3.0
984.6923999084472	0.028800000000046566	epochs	3.0
984.7211999084473	0.056960000000003674	epochs	2.0
984.7211999084473	0.028559999999970387	epochs	3.0
984.7497599084472	0.028400000000033288	epochs	3.0
984.7781599084473	0.05624000000000251	epochs	2.0
984.7781599084473	0.028159999999957108	epochs	3.0
984.8063199084472	0.028080000000045402	epochs	3.0
984.8343999084473	0.05543999999997595	epochs	2.0
984.8343999084473	0.027839999999969223	epochs	3.0
984.8622399084472	0.02760000000000673	epochs	3.0
984.8898399084472	0.054880000000025575	epochs	2.0
984.8898399084472	0.027519999999981337	epochs	3.0
984.9173599084472	0.027360000000044238	epochs	3.0
984.9447199084473	0.05407999999999902	epochs	2.0
984.9447199084473	0.02711999999996806	epochs	3.0
984.9718399084472	0.02696000000003096	epochs	3.0
984.9987999084473	0.05344000000002325	epochs	2.0
984.9987999084473	0.026799999999980173	epochs	3.0
985.0255999084472	0.026640000000043074	epochs	3.0
985.0522399084473	0.05287999999995918	epochs	2.0
985.0522399084473	0.026479999999992287	epochs	3.0
985.0787199084473	0.026399999999966894	epochs	3.0
985.1051199084473	0.05215999999995802	epochs	2.0
985.1051199084473	0.026160000000004402	epochs	3.0
985.1312799084473	0.025999999999953616	epochs	3.0
985.1572799084472	0.051520000000095934	epochs	2.0
985.1572799084472	0.025840000000016516	epochs	3.0
985.1831199084472	0.025680000000079417	epochs	3.0
985.2087999084473	0.05095999999991818	epochs	2.0
985.2087999084473	0.025599999999940337	epochs	3.0
985.2343999084472	0.025359999999977845	epochs	3.0
985.2597599084472	0.05040000000008149	epochs	2.0
985.2597599084472	0.02528000000006614	epochs	3.0
985.2850399084473	0.025120000000015352	epochs	3.0
985.3101599084473	0.04975999999999203	epochs	2.0
985.3101599084473	0.024959999999964566	epochs	3.0
985.3351199084473	0.024800000000027467	epochs	3.0
985.3599199084473	0.04919999999992797	epochs	2.0
985.3599199084473	0.02463999999997668	epochs	3.0
985.3845599084473	0.024559999999951287	epochs	3.0
985.4091199084472	0.04872000000000298	epochs	2.0
985.4091199084472	0.024400000000014188	epochs	3.0
985.4335199084472	0.024319999999988795	epochs	3.0
985.4578399084472	0.04808000000002721	epochs	2.0
985.4578399084472	0.024080000000026303	epochs	3.0
985.4819199084473	0.02400000000000091	epochs	3.0
985.5059199084473	0.04759999999998854	epochs	2.0
985.5059199084473	0.02384000000006381	epochs	3.0
985.5297599084473	0.02375999999992473	epochs	3.0
985.5535199084472	0.047120000000063555	epochs	2.0
985.5535199084472	0.02359999999998763	epochs	3.0
985.5771199084472	0.023520000000075925	epochs	3.0
985.6006399084473	0.04655999999999949	epochs	2.0
985.6006399084473	0.02335999999991145	epochs	3.0
985.6239999084472	0.02320000000008804	epochs	3.0
985.6471999084473	0.04607999999996082	epochs	2.0
985.6471999084473	0.02311999999994896	epochs	3.0
985.6703199084473	0.02296000000001186	epochs	3.0
985.6932799084473	0.045600000000035834	epochs	2.0
985.6932799084473	0.022879999999986467	epochs	3.0
985.7161599084473	0.022720000000049367	epochs	3.0
985.7388799084473	0.04511999999999716	epochs	2.0
985.7388799084473	0.022639999999910287	epochs	3.0
985.7615199084472	0.022480000000086875	epochs	3.0
985.7839999084473	0.04463999999995849	epochs	2.0
985.7839999084473	0.022399999999947795	epochs	3.0
985.8063999084472	0.022240000000010696	epochs	3.0
985.8286399084473	0.0442400000000589	epochs	2.0
985.8286399084473	0.022159999999985303	epochs	3.0
985.8507999084472	0.022080000000073596	epochs	3.0
985.8728799084473	0.04375999999990654	epochs	2.0
985.8728799084473	0.021919999999909123	epochs	3.0
985.8947999084472	0.021839999999997417	epochs	3.0
985.9166399084472	0.04336000000000695	epochs	2.0
985.9166399084472	0.02176000000008571	epochs	3.0
985.9383999084473	0.021599999999921238	epochs	3.0
985.9599999084472	0.042880000000081964	epochs	2.0
985.9599999084472	0.02143999999998414	epochs	3.0
985.9814399084472	0.021440000000097825	epochs	3.0
986.0028799084473	0.042479999999955	epochs	2.0
986.0028799084473	0.021279999999933352	epochs	3.0
986.0241599084472	0.021200000000021646	epochs	3.0
986.0453599084473	0.042080000000055406	epochs	2.0
986.0453599084473	0.02103999999997086	epochs	3.0
986.0663999084472	0.021040000000084547	epochs	3.0
986.0874399084473	0.04167999999992844	epochs	2.0
986.0874399084473	0.020879999999920074	epochs	3.0
986.1083199084472	0.020800000000008367	epochs	3.0
986.1291199084473	0.041200000000003456	epochs	2.0
986.1291199084473	0.020640000000071268	epochs	3.0
986.1497599084473	0.020559999999932188	epochs	3.0
986.1703199084473	0.04088000000001557	epochs	2.0
986.1703199084473	0.020560000000045875	epochs	3.0
986.1908799084473	0.020319999999969696	epochs	3.0
986.2111999084473	0.040560000000027685	epochs	2.0
986.2111999084473	0.020319999999969696	epochs	3.0
986.2315199084472	0.02024000000005799	epochs	3.0
986.2517599084473	0.04007999999998901	epochs	2.0
986.2517599084473	0.020080000000007203	epochs	3.0
986.2718399084473	0.01999999999998181	epochs	3.0
986.2918399084473	0.03976000000000113	epochs	2.0
986.2918399084473	0.019919999999956417	epochs	3.0
986.3117599084472	0.01984000000004471	epochs	3.0
986.3315999084473	0.03944000000001324	epochs	2.0
986.3315999084473	0.019760000000019318	epochs	3.0
986.3513599084473	0.019679999999993925	epochs	3.0
986.3710399084473	0.039039999999999964	epochs	2.0
986.3710399084473	0.01951999999994314	epochs	3.0
986.3905599084472	0.019520000000056825	epochs	3.0
986.4100799084473	0.038639999999986685	epochs	2.0
986.4100799084473	0.01936000000000604	epochs	3.0
986.4294399084473	0.019279999999980646	epochs	3.0
986.4487199084473	0.03840000000002419	epochs	2.0
986.4487199084473	0.019279999999980646	epochs	3.0
986.4679999084473	0.019120000000043547	epochs	3.0
986.4871199084473	0.038000000000010914	epochs	2.0
986.4871199084473	0.019039999999904467	epochs	3.0
986.5061599084472	0.018960000000106447	epochs	3.0
986.5251199084473	0.03767999999990934	epochs	2.0
986.5251199084473	0.018879999999967367	epochs	3.0
986.5439999084473	0.018799999999941974	epochs	3.0
986.5627999084472	0.03736000000003514	epochs	2.0
986.5627999084472	0.018720000000030268	epochs	3.0
986.5815199084473	0.018640000000004875	epochs	3.0
986.6001599084473	0.03704000000004726	epochs	2.0
986.6001599084473	0.018559999999979482	epochs	3.0
986.6187199084472	0.018480000000067776	epochs	3.0
986.6371999084473	0.036719999999945685	epochs	2.0
986.6371999084473	0.018399999999928696	epochs	3.0
986.6555999084472	0.01832000000001699	epochs	3.0
986.6739199084473	0.03647999999998319	epochs	2.0
986.6739199084473	0.018239999999991596	epochs	3.0
986.6921599084473	0.018239999999991596	epochs	3.0
986.7103999084472	0.036079999999969914	epochs	2.0
986.7103999084472	0.018080000000054497	epochs	3.0
986.7284799084473	0.017999999999915417	epochs	3.0
986.7464799084472	0.03584000000000742	epochs	2.0
986.7464799084472	0.01792000000000371	epochs	3.0
986.7643999084472	0.01792000000000371	epochs	3.0
986.7823199084472	0.035520000000019536	epochs	2.0
986.7823199084472	0.01776000000006661	epochs	3.0
986.8000799084473	0.017759999999952925	epochs	3.0
986.8178399084472	0.03520000000003165	epochs	2.0
986.8178399084472	0.01768000000004122	epochs	3.0
986.8355199084473	0.017519999999990432	epochs	3.0
986.8530399084473	0.03495999999995547	epochs	2.0
986.8530399084473	0.017519999999990432	epochs	3.0
986.8705599084473	0.01743999999996504	epochs	3.0
986.8879999084472	0.03471999999999298	epochs	2.0
986.8879999084472	0.017440000000078726	epochs	3.0
986.9054399084473	0.017279999999914253	epochs	3.0
986.9227199084472	0.03440000000000509	epochs	2.0
986.9227199084472	0.017200000000002547	epochs	3.0
986.9399199084472	0.017200000000002547	epochs	3.0
986.9571199084472	0.0341600000000426	epochs	2.0
986.9571199084472	0.01712000000009084	epochs	3.0
986.9742399084473	0.01703999999995176	epochs	3.0
986.9912799084473	0.033840000000054715	epochs	2.0
986.9912799084473	0.016960000000040054	epochs	3.0
987.0082399084473	0.01688000000001466	epochs	3.0
987.0251199084473	0.033599999999978536	epochs	2.0
987.0251199084473	0.016799999999989268	epochs	3.0
987.0419199084473	0.016799999999989268	epochs	3.0
987.0587199084473	0.033360000000016043	epochs	2.0
987.0587199084473	0.016719999999963875	epochs	3.0
987.0754399084473	0.01664000000005217	epochs	3.0
987.0920799084473	0.033119999999939864	epochs	2.0
987.0920799084473	0.01655999999991309	epochs	3.0
987.1086399084472	0.016560000000026776	epochs	3.0
987.1251999084473	0.03279999999995198	epochs	2.0
987.1251999084473	0.01639999999997599	epochs	3.0
987.1415999084472	0.01639999999997599	epochs	3.0
987.1579999084472	0.03256000000010317	epochs	2.0
987.1579999084472	0.016320000000064283	epochs	3.0
987.1743199084473	0.01624000000003889	epochs	3.0
987.1905599084473	0.0323999999999387	epochs	2.0
987.1905599084473	0.016239999999925203	epochs	3.0
987.2067999084472	0.016160000000013497	epochs	3.0
987.2229599084473	0.0320800000000645	epochs	2.0
987.2229599084473	0.016079999999988104	epochs	3.0
987.2390399084472	0.016000000000076398	epochs	3.0
987.2550399084473	0.03191999999990003	epochs	2.0
987.2550399084473	0.01599999999996271	epochs	3.0
987.2710399084473	0.015919999999937318	epochs	3.0
987.2869599084472	0.03160000000002583	epochs	2.0
987.2869599084472	0.01584000000002561	epochs	3.0
987.3027999084472	0.01576000000000022	epochs	3.0
987.3185599084472	0.03143999999997504	epochs	2.0
987.3185599084472	0.01576000000000022	epochs	3.0
987.3343199084472	0.015679999999974825	epochs	3.0
987.3499999084472	0.03120000000001255	epochs	2.0
987.3499999084472	0.015600000000063119	epochs	3.0
987.3655999084473	0.015599999999949432	epochs	3.0
987.3811999084472	0.03096000000005006	epochs	2.0
987.3811999084472	0.015520000000037726	epochs	3.0
987.3967199084473	0.015440000000012333	epochs	3.0
987.4121599084473	0.03071999999997388	epochs	2.0
987.4121599084473	0.015440000000012333	epochs	3.0
987.4275999084473	0.015279999999961547	epochs	3.0
987.4428799084473	0.03056000000003678	epochs	2.0
987.4428799084473	0.01535999999998694	epochs	3.0
987.4582399084472	0.01520000000004984	epochs	3.0
987.4734399084473	0.0303199999999606	epochs	2.0
987.4734399084473	0.015199999999936153	epochs	3.0
987.4886399084472	0.015120000000024447	epochs	3.0
987.5037599084473	0.030079999999998108	epochs	2.0
987.5037599084473	0.015120000000024447	epochs	3.0
987.5188799084473	0.014959999999973661	epochs	3.0
987.5338399084472	0.02992000000006101	epochs	2.0
987.5338399084472	0.015039999999999054	epochs	3.0
987.5488799084472	0.014880000000061955	epochs	3.0
987.5637599084473	0.02967999999998483	epochs	2.0
987.5637599084473	0.014879999999948268	epochs	3.0
987.5786399084473	0.014800000000036562	epochs	3.0
987.5934399084473	0.029519999999934043	epochs	2.0
987.5934399084473	0.014799999999922875	epochs	3.0
987.6082399084472	0.014720000000011169	epochs	3.0
987.6229599084472	0.029280000000085238	epochs	2.0
987.6229599084472	0.014720000000011169	epochs	3.0
987.6376799084472	0.01456000000007407	epochs	3.0
987.6522399084473	0.029119999999920765	epochs	2.0
987.6522399084473	0.014639999999985776	epochs	3.0
987.6668799084473	0.01447999999993499	epochs	3.0
987.6813599084472	0.028959999999983665	epochs	2.0
987.6813599084472	0.014480000000048676	epochs	3.0
987.6958399084473	0.01447999999993499	epochs	3.0
987.7103199084472	0.02863999999999578	epochs	2.0
987.7103199084472	0.01431999999999789	epochs	3.0
987.7246399084472	0.01431999999999789	epochs	3.0
987.7389599084472	0.028560000000084074	epochs	2.0
987.7389599084472	0.01431999999999789	epochs	3.0
987.7532799084472	0.014240000000086184	epochs	3.0
987.7675199084473	0.028320000000007894	epochs	2.0
987.7675199084473	0.014159999999947104	epochs	3.0
987.7816799084472	0.01416000000006079	epochs	3.0
987.7958399084473	0.028159999999957108	epochs	2.0
987.7958399084473	0.014159999999947104	epochs	3.0
987.8099999084473	0.014000000000010004	epochs	3.0
987.8239999084473	0.02800000000002001	epochs	2.0
987.8239999084473	0.014000000000010004	epochs	3.0
987.8379999084473	0.014000000000010004	epochs	3.0
987.8519999084473	0.02775999999994383	epochs	2.0
987.8519999084473	0.013919999999984611	epochs	3.0
987.8659199084473	0.013839999999959218	epochs	3.0
987.8797599084472	0.027680000000032123	epochs	2.0
987.8797599084472	0.013840000000072905	epochs	3.0
987.8935999084473	0.013839999999959218	epochs	3.0
987.9074399084473	0.027439999999955944	epochs	2.0
987.9074399084473	0.013760000000047512	epochs	3.0
987.9211999084473	0.013679999999908432	epochs	3.0
987.9348799084472	0.027280000000018845	epochs	2.0
987.9348799084472	0.013680000000022119	epochs	3.0
987.9485599084472	0.013599999999996726	epochs	3.0
987.9621599084472	0.027120000000081745	epochs	2.0
987.9621599084472	0.01352000000008502	epochs	3.0
987.9756799084473	0.013599999999996726	epochs	3.0
987.9892799084473	0.02687999999989188	epochs	2.0
987.9892799084473	0.01343999999994594	epochs	3.0
988.0027199084473	0.01343999999994594	epochs	3.0
988.0161599084472	0.02680000000009386	epochs	2.0
988.0161599084472	0.013440000000059626	epochs	3.0
988.0295999084473	0.013360000000034233	epochs	3.0
988.0429599084473	0.02656000000001768	epochs	2.0
988.0429599084473	0.01328000000000884	epochs	3.0
988.0562399084473	0.01328000000000884	epochs	3.0
988.0695199084473	0.026479999999992287	epochs	2.0
988.0695199084473	0.013279999999895153	epochs	3.0
988.0827999084472	0.013200000000097134	epochs	3.0
988.0959999084473	0.026239999999916108	epochs	2.0
988.0959999084473	0.013119999999958054	epochs	3.0
988.1091199084473	0.013119999999958054	epochs	3.0
988.1222399084472	0.026160000000004402	epochs	2.0
988.1222399084472	0.013120000000071741	epochs	3.0
988.1353599084473	0.013039999999932661	epochs	3.0
988.1483999084472	0.026000000000067303	epochs	2.0
988.1483999084472	0.013040000000046348	epochs	3.0
988.1614399084473	0.012960000000020955	epochs	3.0
988.1743999084473	0.025759999999991123	epochs	2.0
988.1743999084473	0.012879999999995562	epochs	3.0
988.1872799084473	0.012879999999995562	epochs	3.0
988.2001599084473	0.02567999999996573	epochs	2.0
988.2001599084473	0.012879999999995562	epochs	3.0
988.2130399084473	0.012799999999970169	epochs	3.0
988.2258399084473	0.02552000000002863	epochs	2.0
988.2258399084473	0.012799999999970169	epochs	3.0
988.2386399084472	0.012720000000058462	epochs	3.0
988.2513599084473	0.025359999999977845	epochs	2.0
988.2513599084473	0.012719999999944775	epochs	3.0
988.2640799084472	0.01264000000003307	epochs	3.0
988.2767199084473	0.025200000000040745	epochs	2.0
988.2767199084473	0.01264000000003307	epochs	3.0
988.2893599084473	0.012560000000007676	epochs	3.0
988.3019199084473	0.024559999999951287	epochs	2.0
988.3252253084472	0.5	epochs	-1.0
988.3264799084473	0.5195999999999685	epochs	1.0
988.8460799084472	0.4803200000000061	epochs	0.0
991.9789996147156	0.18047999999998865	epochs	0.0
991.9789996147156	0.08519999999998618	epochs	1.0
992.0641996147156	0.010080000000016298	epochs	1.0
992.0742796147156	0.08519999999998618	epochs	1.0
992.1594796147156	2.0	epochs	0.0
994.1594796147156	21.51944000000003	epochs	0.0
994.1594796147156	1.0	epochs	1.0
994.1595050147156	0.5	epochs	-1.0
994.6595050147156	19.998719999999935	epochs	-1.0
995.1594796147156	20.0	epochs	1.0
995.1594796147156	8.000000002539309e-05	epochs	2.0
995.1595596147156	4.356719999999996	epochs	-1.0
995.1595596147156	1.9745599999999968	epochs	2.0
995.1595596147156	1.0985600000000204	epochs	3.0
996.2581196147156	0.8759999999999764	epochs	3.0
997.1341196147156	1.3523999999999887	epochs	2.0
997.1341196147156	0.7286400000000413	epochs	3.0
997.8627596147156	0.6237599999999475	epochs	3.0
998.4865196147156	1.0297600000000102	epochs	2.0
998.4865196147156	0.5453599999999597	epochs	3.0
999.0318796147155	0.48440000000005057	epochs	3.0
999.5162796147156	0.8317600000000311	epochs	2.0
999.5162796147156	0.4357599999999593	epochs	3.0
999.9520396147155	0.39600000000007185	epochs	3.0
1000.3480396147156	0.6978399999999283	epochs	2.0
1000.3480396147156	0.3628799999999046	epochs	3.0
1000.7109196147155	0.3349600000000237	epochs	3.0
1001.0458796147155	0.6010400000000118	epochs	2.0
1001.0458796147155	0.3108799999999974	epochs	3.0
1001.3567596147155	0.2901600000000144	epochs	3.0
1001.6469196147156	0.5278399999999692	epochs	2.0
1001.6469196147156	0.2719200000000228	epochs	3.0
1001.9188396147156	0.2559199999999464	epochs	3.0
1002.1747596147155	0.47064000000000306	epochs	2.0
1002.1747596147155	0.2416800000000876	epochs	3.0
1002.4164396147156	0.22895999999991545	epochs	3.0
1002.6453996147155	0.42456000000004224	epochs	2.0
1002.6453996147155	0.2174400000000105	epochs	3.0
1002.8628396147155	0.20712000000003172	epochs	3.0
1003.0699596147156	0.3867199999999684	epochs	2.0
1003.0699596147156	0.1976799999999912	epochs	3.0
1003.2676396147156	0.18903999999997723	epochs	3.0
1003.4566796147155	0.3551200000000563	epochs	2.0
1003.4566796147155	0.1811999999999898	epochs	3.0
1003.6378796147155	0.17392000000006647	epochs	3.0
1003.8117996147156	0.328239999999937	epochs	2.0
1003.8117996147156	0.1671999999999798	epochs	3.0
1003.9789996147156	0.16103999999995722	epochs	3.0
1004.1400396147155	0.30520000000001346	epochs	2.0
1004.1400396147155	0.1552800000000616	epochs	3.0
1004.2953196147156	0.14991999999995187	epochs	3.0
1004.4452396147155	0.28512000000000626	epochs	2.0
1004.4452396147155	0.1448800000000574	epochs	3.0
1004.5901196147156	0.14023999999994885	epochs	3.0
1004.7303596147156	0.26751999999999043	epochs	2.0
1004.7303596147156	0.13584000000003016	epochs	3.0
1004.8661996147156	0.13167999999996027	epochs	3.0
1004.9978796147155	0.2520799999999781	epochs	2.0
1004.9978796147155	0.12783999999999196	epochs	3.0
1005.1257196147155	0.12423999999998614	epochs	3.0
1005.2499596147155	0.23816000000010717	epochs	2.0
1005.2499596147155	0.12072000000000571	epochs	3.0
1005.3706796147155	0.11744000000010146	epochs	3.0
1005.4881196147156	0.2258399999999483	epochs	2.0
1005.4881196147156	0.11439999999993233	epochs	3.0
1005.6025196147156	0.11144000000001597	epochs	3.0
1005.7139596147156	0.21464000000003125	epochs	2.0
1005.7139596147156	0.10864000000003671	epochs	3.0
1005.8225996147156	0.10599999999999454	epochs	3.0
1005.9285996147156	0.20447999999998956	epochs	2.0
1005.9285996147156	0.10343999999997777	epochs	3.0
1006.0320396147156	0.10104000000001179	epochs	3.0
1006.1330796147156	0.19535999999993692	epochs	2.0
1006.1330796147156	0.0987999999999829	epochs	3.0
1006.2318796147156	0.09655999999995402	epochs	3.0
1006.3284396147155	0.18695999999999913	epochs	2.0
1006.3284396147155	0.0944800000000896	epochs	3.0
1006.4229196147156	0.09247999999990952	epochs	3.0
1006.5153996147155	0.1792000000000371	epochs	2.0
1006.5153996147155	0.0904800000000705	epochs	3.0
1006.6058796147156	0.0887199999999666	epochs	3.0
1006.6945996147156	0.17208000000005086	epochs	2.0
1006.6945996147156	0.086879999999951	epochs	3.0
1006.7814796147155	0.08520000000009986	epochs	3.0
1006.8666796147156	0.1655199999999013	epochs	2.0
1006.8666796147156	0.08359999999993306	epochs	3.0
1006.9502796147156	0.08191999999996824	epochs	3.0
1007.0321996147155	0.15952000000004318	epochs	2.0
1007.0321996147155	0.0804800000000796	epochs	3.0
1007.1126796147156	0.07903999999996358	epochs	3.0
1007.1917196147156	0.15376000000003387	epochs	2.0
1007.1917196147156	0.07759999999996126	epochs	3.0
1007.2693196147155	0.07616000000007261	epochs	3.0
1007.3454796147156	0.14855999999997493	epochs	2.0
1007.3454796147156	0.07496000000003278	epochs	3.0
1007.4204396147156	0.07359999999994216	epochs	3.0
1007.4940396147156	0.14368000000001757	epochs	2.0
1007.4940396147156	0.0724800000000414	epochs	3.0
1007.5665196147156	0.07119999999997617	epochs	3.0
1007.6377196147156	0.1390400000000227	epochs	2.0
1007.6377196147156	0.07007999999996173	epochs	3.0
1007.7077996147156	0.06896000000006097	epochs	3.0
1007.7767596147156	0.13472000000001572	epochs	2.0
1007.7767596147156	0.06791999999995824	epochs	3.0
1007.8446796147156	0.06680000000005748	epochs	3.0
1007.9114796147156	0.13071999999999662	epochs	2.0
1007.9114796147156	0.06583999999998014	epochs	3.0
1007.9773196147156	0.06488000000001648	epochs	3.0
1008.0421996147156	0.1268000000000029	epochs	2.0
1008.0421996147156	0.06383999999991374	epochs	3.0
1008.1060396147155	0.06296000000008917	epochs	3.0
1008.1689996147156	0.1232799999999088	epochs	2.0
1008.1689996147156	0.06207999999992353	epochs	3.0
1008.2310796147156	0.061199999999985266	epochs	3.0
1008.2922796147155	0.11984000000006745	epochs	2.0
1008.2922796147155	0.060320000000047	epochs	3.0
1008.3525996147156	0.059520000000020445	epochs	3.0
1008.4121196147156	0.11663999999996122	epochs	2.0
1008.4121196147156	0.05871999999999389	epochs	3.0
1008.4708396147156	0.05791999999996733	epochs	3.0
1008.5287596147156	0.11360000000001946	epochs	2.0
1008.5287596147156	0.05719999999996617	epochs	3.0
1008.5859596147155	0.056400000000053296	epochs	3.0
1008.6423596147156	0.1107200000000148	epochs	2.0
1008.6423596147156	0.055679999999938445	epochs	3.0
1008.6980396147155	0.05504000000007636	epochs	3.0
1008.7530796147156	0.10791999999992186	epochs	2.0
1008.7530796147156	0.05423999999993612	epochs	3.0
1008.8073196147155	0.05367999999998574	epochs	3.0
1008.8609996147155	0.10528000000010707	epochs	2.0
1008.8609996147155	0.05296000000009826	epochs	3.0
1008.9139596147156	0.052320000000008804	epochs	3.0
1008.9662796147156	0.10287999999991371	epochs	2.0
1008.9662796147156	0.05175999999994474	epochs	3.0
1009.0180396147156	0.05111999999996897	epochs	3.0
1009.0691596147155	0.10040000000003602	epochs	2.0
1009.0691596147155	0.0504799999999932	epochs	3.0
1009.1196396147155	0.04992000000004282	epochs	3.0
1009.1695596147156	0.09824000000003252	epochs	2.0
1009.1695596147156	0.049359999999978754	epochs	3.0
1009.2189196147156	0.04888000000005377	epochs	3.0
1009.2677996147156	0.09600000000000364	epochs	2.0
1009.2677996147156	0.04823999999996431	epochs	3.0
1009.3160396147156	0.04776000000003933	epochs	3.0
1009.3637996147156	0.09391999999991185	epochs	2.0
1009.3637996147156	0.04719999999997526	epochs	3.0
1009.4109996147156	0.04671999999993659	epochs	3.0
1009.4577196147155	0.09192000000007283	epochs	2.0
1009.4577196147155	0.0461600000000999	epochs	3.0
1009.5038796147156	0.04575999999997293	epochs	3.0
1009.5496396147156	0.09007999999994354	epochs	2.0
1009.5496396147156	0.04527999999993426	epochs	3.0
1009.5949196147155	0.04480000000000928	epochs	3.0
1009.6397196147155	0.08816000000001623	epochs	2.0
1009.6397196147155	0.04432000000008429	epochs	3.0
1009.6840396147156	0.04383999999993193	epochs	3.0
1009.7278796147156	0.0864800000000514	epochs	2.0
1009.7278796147156	0.04344000000003234	epochs	3.0
1009.7713196147156	0.04304000000001906	epochs	3.0
1009.8143596147156	0.0847199999999475	epochs	2.0
1009.8143596147156	0.04255999999998039	epochs	3.0
1009.8569196147156	0.04215999999996711	epochs	3.0
1009.8990796147156	0.08320000000003347	epochs	2.0
1009.8990796147156	0.04176000000006752	epochs	3.0
1009.9408396147156	0.04143999999996595	epochs	3.0
1009.9822796147156	0.08151999999995496	epochs	2.0
1009.9822796147156	0.04095999999992728	epochs	3.0
1010.0232396147155	0.040560000000027685	epochs	3.0
1010.0637996147155	0.08008000000006632	epochs	2.0
1010.0637996147155	0.0402400000000398	epochs	3.0
1010.1040396147156	0.03984000000002652	epochs	3.0
1010.1438796147156	0.0786399999999503	epochs	2.0
1010.1438796147156	0.03951999999992495	epochs	3.0
1010.1833996147155	0.03912000000002536	epochs	3.0
1010.2225196147156	0.07720000000006166	epochs	2.0
1010.2225196147156	0.03880000000003747	epochs	3.0
1010.2613196147156	0.03840000000002419	epochs	3.0
1010.2997196147156	0.07591999999999643	epochs	2.0
1010.2997196147156	0.03815999999994801	epochs	3.0
1010.3378796147156	0.03776000000004842	epochs	3.0
1010.3756396147156	0.07455999999990581	epochs	2.0
1010.3756396147156	0.03743999999994685	epochs	3.0
1010.4130796147156	0.037119999999958964	epochs	3.0
1010.4501996147155	0.07336000000009335	epochs	2.0
1010.4501996147155	0.036800000000084765	epochs	3.0
1010.4869996147156	0.036560000000008586	epochs	3.0
1010.5235596147156	0.07207999999991443	epochs	2.0
1010.5235596147156	0.03615999999999531	epochs	3.0
1010.5597196147156	0.03591999999991913	epochs	3.0
1010.5956396147155	0.07087999999998829	epochs	2.0
1010.5956396147155	0.03560000000004493	epochs	3.0
1010.6312396147156	0.03527999999994336	epochs	3.0
1010.6665196147155	0.06983999999999924	epochs	2.0
1010.6665196147155	0.03504000000009455	epochs	3.0
1010.7015596147156	0.034799999999904685	epochs	3.0
1010.7363596147155	0.06864000000007309	epochs	2.0
1010.7363596147155	0.034480000000030486	epochs	3.0
1010.7708396147156	0.0341600000000426	epochs	3.0
1010.8049996147156	0.06759999999997035	epochs	2.0
1010.8049996147156	0.03391999999996642	epochs	3.0
1010.8389196147156	0.03368000000000393	epochs	3.0
1010.8725996147156	0.0665599999999813	epochs	2.0
1010.8725996147156	0.03344000000004144	epochs	3.0
1010.9060396147156	0.033119999999939864	epochs	3.0
1010.9391596147155	0.06560000000001764	epochs	2.0
1010.9391596147155	0.032960000000002765	epochs	3.0
1010.9721196147156	0.03264000000001488	epochs	3.0
1011.0047596147156	0.0645600000000286	epochs	2.0
1011.0047596147156	0.03240000000005239	epochs	3.0
1011.0371596147156	0.03215999999997621	epochs	3.0
1011.0693196147156	0.06367999999997664	epochs	2.0
1011.0693196147156	0.03199999999992542	epochs	3.0
1011.1013196147155	0.03168000000005122	epochs	3.0
1011.1329996147156	0.06272000000001299	epochs	2.0
1011.1329996147156	0.03143999999997504	epochs	3.0
1011.1644396147155	0.031280000000037944	epochs	3.0
1011.1957196147156	0.06183999999996104	epochs	2.0
1011.1957196147156	0.031039999999961765	epochs	3.0
1011.2267596147155	0.030799999999999272	epochs	3.0
1011.2575596147155	0.060960000000022774	epochs	2.0
1011.2575596147155	0.03056000000003678	epochs	3.0
1011.2881196147156	0.030399999999985994	epochs	3.0
1011.3185196147156	0.060159999999996217	epochs	2.0
1011.3185196147156	0.0301600000000235	epochs	3.0
1011.3486796147156	0.029999999999972715	epochs	3.0
1011.3786796147156	0.05928000000005795	epochs	2.0
1011.3786796147156	0.02967999999998483	epochs	3.0
1011.4083596147156	0.029600000000073123	epochs	3.0
1011.4379596147156	0.05847999999991771	epochs	2.0
1011.4379596147156	0.029359999999996944	epochs	3.0
1011.4673196147156	0.029119999999920765	epochs	3.0
1011.4964396147155	0.05776000000003023	epochs	2.0
1011.4964396147155	0.028959999999983665	epochs	3.0
1011.5253996147155	0.028800000000046566	epochs	3.0
1011.5541996147156	0.056960000000003674	epochs	2.0
1011.5541996147156	0.028559999999970387	epochs	3.0
1011.5827596147155	0.028400000000033288	epochs	3.0
1011.6111596147156	0.05624000000000251	epochs	2.0
1011.6111596147156	0.028159999999957108	epochs	3.0
1011.6393196147155	0.028080000000045402	epochs	3.0
1011.6673996147156	0.05543999999997595	epochs	2.0
1011.6673996147156	0.027839999999969223	epochs	3.0
1011.6952396147155	0.02760000000000673	epochs	3.0
1011.7228396147156	0.054880000000025575	epochs	2.0
1011.7228396147156	0.027519999999981337	epochs	3.0
1011.7503596147155	0.027360000000044238	epochs	3.0
1011.7777196147156	0.05407999999999902	epochs	2.0
1011.7777196147156	0.02711999999996806	epochs	3.0
1011.8048396147155	0.02696000000003096	epochs	3.0
1011.8317996147156	0.05344000000002325	epochs	2.0
1011.8317996147156	0.026799999999980173	epochs	3.0
1011.8585996147156	0.026640000000043074	epochs	3.0
1011.8852396147156	0.05287999999995918	epochs	2.0
1011.8852396147156	0.026479999999992287	epochs	3.0
1011.9117196147156	0.026399999999966894	epochs	3.0
1011.9381196147156	0.05215999999995802	epochs	2.0
1011.9381196147156	0.026160000000004402	epochs	3.0
1011.9642796147156	0.025999999999953616	epochs	3.0
1011.9902796147155	0.051520000000095934	epochs	2.0
1011.9902796147155	0.025840000000016516	epochs	3.0
1012.0161196147155	0.025680000000079417	epochs	3.0
1012.0417996147156	0.05095999999991818	epochs	2.0
1012.0417996147156	0.025599999999940337	epochs	3.0
1012.0673996147156	0.025359999999977845	epochs	3.0
1012.0927596147155	0.05040000000008149	epochs	2.0
1012.0927596147155	0.02528000000006614	epochs	3.0
1012.1180396147156	0.025120000000015352	epochs	3.0
1012.1431596147156	0.04975999999999203	epochs	2.0
1012.1431596147156	0.024959999999964566	epochs	3.0
1012.1681196147156	0.024800000000027467	epochs	3.0
1012.1929196147156	0.04919999999992797	epochs	2.0
1012.1929196147156	0.02463999999997668	epochs	3.0
1012.2175596147156	0.024559999999951287	epochs	3.0
1012.2421196147155	0.04872000000000298	epochs	2.0
1012.2421196147155	0.024400000000014188	epochs	3.0
1012.2665196147155	0.024319999999988795	epochs	3.0
1012.2908396147155	0.04808000000002721	epochs	2.0
1012.2908396147155	0.024080000000026303	epochs	3.0
1012.3149196147156	0.02400000000000091	epochs	3.0
1012.3389196147156	0.04759999999998854	epochs	2.0
1012.3389196147156	0.02384000000006381	epochs	3.0
1012.3627596147156	0.02375999999992473	epochs	3.0
1012.3865196147156	0.047120000000063555	epochs	2.0
1012.3865196147156	0.02359999999998763	epochs	3.0
1012.4101196147155	0.023520000000075925	epochs	3.0
1012.4336396147156	0.04655999999999949	epochs	2.0
1012.4336396147156	0.02335999999991145	epochs	3.0
1012.4569996147155	0.02320000000008804	epochs	3.0
1012.4801996147156	0.04607999999996082	epochs	2.0
1012.4801996147156	0.02311999999994896	epochs	3.0
1012.5033196147156	0.02296000000001186	epochs	3.0
1012.5262796147156	0.045600000000035834	epochs	2.0
1012.5262796147156	0.022879999999986467	epochs	3.0
1012.5491596147156	0.022720000000049367	epochs	3.0
1012.5718796147156	0.04511999999999716	epochs	2.0
1012.5718796147156	0.022639999999910287	epochs	3.0
1012.5945196147155	0.022480000000086875	epochs	3.0
1012.6169996147156	0.04463999999995849	epochs	2.0
1012.6169996147156	0.022399999999947795	epochs	3.0
1012.6393996147156	0.022240000000010696	epochs	3.0
1012.6616396147156	0.0442400000000589	epochs	2.0
1012.6616396147156	0.022159999999985303	epochs	3.0
1012.6837996147156	0.022080000000073596	epochs	3.0
1012.7058796147156	0.04375999999990654	epochs	2.0
1012.7058796147156	0.021919999999909123	epochs	3.0
1012.7277996147155	0.021839999999997417	epochs	3.0
1012.7496396147155	0.04336000000000695	epochs	2.0
1012.7496396147155	0.02176000000008571	epochs	3.0
1012.7713996147156	0.021599999999921238	epochs	3.0
1012.7929996147155	0.042880000000081964	epochs	2.0
1012.7929996147155	0.02143999999998414	epochs	3.0
1012.8144396147155	0.021440000000097825	epochs	3.0
1012.8358796147156	0.042479999999955	epochs	2.0
1012.8358796147156	0.021279999999933352	epochs	3.0
1012.8571596147156	0.021200000000021646	epochs	3.0
1012.8783596147156	0.042080000000055406	epochs	2.0
1012.8783596147156	0.02103999999997086	epochs	3.0
1012.8993996147155	0.021040000000084547	epochs	3.0
1012.9204396147156	0.04167999999992844	epochs	2.0
1012.9204396147156	0.020879999999920074	epochs	3.0
1012.9413196147156	0.020800000000008367	epochs	3.0
1012.9621196147156	0.041200000000003456	epochs	2.0
1012.9621196147156	0.020640000000071268	epochs	3.0
1012.9827596147156	0.020559999999932188	epochs	3.0
1013.0033196147156	0.04088000000001557	epochs	2.0
1013.0033196147156	0.020560000000045875	epochs	3.0
1013.0238796147156	0.020319999999969696	epochs	3.0
1013.0441996147156	0.040560000000027685	epochs	2.0
1013.0441996147156	0.020319999999969696	epochs	3.0
1013.0645196147156	0.02024000000005799	epochs	3.0
1013.0847596147156	0.04007999999998901	epochs	2.0
1013.0847596147156	0.020080000000007203	epochs	3.0
1013.1048396147156	0.01999999999998181	epochs	3.0
1013.1248396147156	0.03976000000000113	epochs	2.0
1013.1248396147156	0.019919999999956417	epochs	3.0
1013.1447596147156	0.01984000000004471	epochs	3.0
1013.1645996147156	0.03944000000001324	epochs	2.0
1013.1645996147156	0.019760000000019318	epochs	3.0
1013.1843596147156	0.019679999999993925	epochs	3.0
1013.2040396147156	0.039039999999999964	epochs	2.0
1013.2040396147156	0.01951999999994314	epochs	3.0
1013.2235596147156	0.019520000000056825	epochs	3.0
1013.2430796147156	0.038639999999986685	epochs	2.0
1013.2430796147156	0.01936000000000604	epochs	3.0
1013.2624396147156	0.019279999999980646	epochs	3.0
1013.2817196147156	0.03840000000002419	epochs	2.0
1013.2817196147156	0.019279999999980646	epochs	3.0
1013.3009996147156	0.019120000000043547	epochs	3.0
1013.3201196147156	0.038000000000010914	epochs	2.0
1013.3201196147156	0.019039999999904467	epochs	3.0
1013.3391596147155	0.018960000000106447	epochs	3.0
1013.3581196147156	0.03767999999990934	epochs	2.0
1013.3581196147156	0.018879999999967367	epochs	3.0
1013.3769996147156	0.018799999999941974	epochs	3.0
1013.3957996147155	0.03736000000003514	epochs	2.0
1013.3957996147155	0.018720000000030268	epochs	3.0
1013.4145196147156	0.018640000000004875	epochs	3.0
1013.4331596147156	0.03704000000004726	epochs	2.0
1013.4331596147156	0.018559999999979482	epochs	3.0
1013.4517196147156	0.018480000000067776	epochs	3.0
1013.4701996147156	0.036719999999945685	epochs	2.0
1013.4701996147156	0.018399999999928696	epochs	3.0
1013.4885996147156	0.01832000000001699	epochs	3.0
1013.5069196147156	0.03647999999998319	epochs	2.0
1013.5069196147156	0.018239999999991596	epochs	3.0
1013.5251596147156	0.018239999999991596	epochs	3.0
1013.5433996147156	0.036079999999969914	epochs	2.0
1013.5433996147156	0.018080000000054497	epochs	3.0
1013.5614796147156	0.017999999999915417	epochs	3.0
1013.5794796147155	0.03584000000000742	epochs	2.0
1013.5794796147155	0.01792000000000371	epochs	3.0
1013.5973996147155	0.01792000000000371	epochs	3.0
1013.6153196147155	0.035520000000019536	epochs	2.0
1013.6153196147155	0.01776000000006661	epochs	3.0
1013.6330796147156	0.017759999999952925	epochs	3.0
1013.6508396147156	0.03520000000003165	epochs	2.0
1013.6508396147156	0.01768000000004122	epochs	3.0
1013.6685196147156	0.017519999999990432	epochs	3.0
1013.6860396147156	0.03495999999995547	epochs	2.0
1013.6860396147156	0.017519999999990432	epochs	3.0
1013.7035596147156	0.01743999999996504	epochs	3.0
1013.7209996147155	0.03471999999999298	epochs	2.0
1013.7209996147155	0.017440000000078726	epochs	3.0
1013.7384396147156	0.017279999999914253	epochs	3.0
1013.7557196147155	0.03440000000000509	epochs	2.0
1013.7557196147155	0.017200000000002547	epochs	3.0
1013.7729196147155	0.017200000000002547	epochs	3.0
1013.7901196147155	0.0341600000000426	epochs	2.0
1013.7901196147155	0.01712000000009084	epochs	3.0
1013.8072396147156	0.01703999999995176	epochs	3.0
1013.8242796147156	0.033840000000054715	epochs	2.0
1013.8242796147156	0.016960000000040054	epochs	3.0
1013.8412396147156	0.01688000000001466	epochs	3.0
1013.8581196147156	0.033599999999978536	epochs	2.0
1013.8581196147156	0.016799999999989268	epochs	3.0
1013.8749196147156	0.016799999999989268	epochs	3.0
1013.8917196147156	0.033360000000016043	epochs	2.0
1013.8917196147156	0.016719999999963875	epochs	3.0
1013.9084396147156	0.01664000000005217	epochs	3.0
1013.9250796147156	0.033119999999939864	epochs	2.0
1013.9250796147156	0.01655999999991309	epochs	3.0
1013.9416396147155	0.016560000000026776	epochs	3.0
1013.9581996147156	0.03279999999995198	epochs	2.0
1013.9581996147156	0.01639999999997599	epochs	3.0
1013.9745996147155	0.01639999999997599	epochs	3.0
1013.9909996147155	0.03256000000010317	epochs	2.0
1013.9909996147155	0.016320000000064283	epochs	3.0
1014.0073196147156	0.01624000000003889	epochs	3.0
1014.0235596147156	0.0323999999999387	epochs	2.0
1014.0235596147156	0.016239999999925203	epochs	3.0
1014.0397996147155	0.016160000000013497	epochs	3.0
1014.0559596147156	0.0320800000000645	epochs	2.0
1014.0559596147156	0.016079999999988104	epochs	3.0
1014.0720396147155	0.016000000000076398	epochs	3.0
1014.0880396147156	0.03191999999990003	epochs	2.0
1014.0880396147156	0.01599999999996271	epochs	3.0
1014.1040396147156	0.015919999999937318	epochs	3.0
1014.1199596147155	0.03160000000002583	epochs	2.0
1014.1199596147155	0.01584000000002561	epochs	3.0
1014.1357996147156	0.01576000000000022	epochs	3.0
1014.1515596147156	0.03143999999997504	epochs	2.0
1014.1515596147156	0.01576000000000022	epochs	3.0
1014.1673196147156	0.015679999999974825	epochs	3.0
1014.1829996147155	0.03120000000001255	epochs	2.0
1014.1829996147155	0.015600000000063119	epochs	3.0
1014.1985996147156	0.015599999999949432	epochs	3.0
1014.2141996147155	0.03096000000005006	epochs	2.0
1014.2141996147155	0.015520000000037726	epochs	3.0
1014.2297196147156	0.015440000000012333	epochs	3.0
1014.2451596147156	0.03071999999997388	epochs	2.0
1014.2451596147156	0.015440000000012333	epochs	3.0
1014.2605996147156	0.015279999999961547	epochs	3.0
1014.2758796147156	0.03056000000003678	epochs	2.0
1014.2758796147156	0.01535999999998694	epochs	3.0
1014.2912396147156	0.01520000000004984	epochs	3.0
1014.3064396147156	0.0303199999999606	epochs	2.0
1014.3064396147156	0.015199999999936153	epochs	3.0
1014.3216396147155	0.015120000000024447	epochs	3.0
1014.3367596147156	0.030079999999998108	epochs	2.0
1014.3367596147156	0.015120000000024447	epochs	3.0
1014.3518796147156	0.014959999999973661	epochs	3.0
1014.3668396147156	0.02992000000006101	epochs	2.0
1014.3668396147156	0.015039999999999054	epochs	3.0
1014.3818796147156	0.014880000000061955	epochs	3.0
1014.3967596147156	0.02967999999998483	epochs	2.0
1014.3967596147156	0.014879999999948268	epochs	3.0
1014.4116396147156	0.014800000000036562	epochs	3.0
1014.4264396147156	0.029519999999934043	epochs	2.0
1014.4264396147156	0.014799999999922875	epochs	3.0
1014.4412396147155	0.014720000000011169	epochs	3.0
1014.4559596147155	0.029280000000085238	epochs	2.0
1014.4559596147155	0.014720000000011169	epochs	3.0
1014.4706796147156	0.01456000000007407	epochs	3.0
1014.4852396147156	0.029119999999920765	epochs	2.0
1014.4852396147156	0.014639999999985776	epochs	3.0
1014.4998796147156	0.01447999999993499	epochs	3.0
1014.5143596147155	0.028959999999983665	epochs	2.0
1014.5143596147155	0.014480000000048676	epochs	3.0
1014.5288396147156	0.01447999999993499	epochs	3.0
1014.5433196147155	0.02863999999999578	epochs	2.0
1014.5433196147155	0.01431999999999789	epochs	3.0
1014.5576396147155	0.01431999999999789	epochs	3.0
1014.5719596147155	0.028560000000084074	epochs	2.0
1014.5719596147155	0.01431999999999789	epochs	3.0
1014.5862796147155	0.014240000000086184	epochs	3.0
1014.6005196147156	0.028320000000007894	epochs	2.0
1014.6005196147156	0.014159999999947104	epochs	3.0
1014.6146796147156	0.01416000000006079	epochs	3.0
1014.6288396147156	0.028159999999957108	epochs	2.0
1014.6288396147156	0.014159999999947104	epochs	3.0
1014.6429996147156	0.014000000000010004	epochs	3.0
1014.6569996147156	0.02800000000002001	epochs	2.0
1014.6569996147156	0.014000000000010004	epochs	3.0
1014.6709996147156	0.014000000000010004	epochs	3.0
1014.6849996147156	0.02775999999994383	epochs	2.0
1014.6849996147156	0.013919999999984611	epochs	3.0
1014.6989196147156	0.013839999999959218	epochs	3.0
1014.7127596147155	0.027680000000032123	epochs	2.0
1014.7127596147155	0.013840000000072905	epochs	3.0
1014.7265996147156	0.013839999999959218	epochs	3.0
1014.7404396147156	0.027439999999955944	epochs	2.0
1014.7404396147156	0.013760000000047512	epochs	3.0
1014.7541996147156	0.013679999999908432	epochs	3.0
1014.7678796147155	0.027280000000018845	epochs	2.0
1014.7678796147155	0.013680000000022119	epochs	3.0
1014.7815596147155	0.013599999999996726	epochs	3.0
1014.7951596147155	0.027120000000081745	epochs	2.0
1014.7951596147155	0.01352000000008502	epochs	3.0
1014.8086796147156	0.013599999999996726	epochs	3.0
1014.8222796147156	0.02687999999989188	epochs	2.0
1014.8222796147156	0.01343999999994594	epochs	3.0
1014.8357196147156	0.01343999999994594	epochs	3.0
1014.8491596147155	0.02680000000009386	epochs	2.0
1014.8491596147155	0.013440000000059626	epochs	3.0
1014.8625996147156	0.013360000000034233	epochs	3.0
1014.8759596147156	0.02656000000001768	epochs	2.0
1014.8759596147156	0.01328000000000884	epochs	3.0
1014.8892396147156	0.01328000000000884	epochs	3.0
1014.9025196147156	0.026479999999992287	epochs	2.0
1014.9025196147156	0.013279999999895153	epochs	3.0
1014.9157996147155	0.013200000000097134	epochs	3.0
1014.9289996147156	0.026239999999916108	epochs	2.0
1014.9289996147156	0.013119999999958054	epochs	3.0
1014.9421196147156	0.013119999999958054	epochs	3.0
1014.9552396147155	0.026160000000004402	epochs	2.0
1014.9552396147155	0.013120000000071741	epochs	3.0
1014.9683596147156	0.013039999999932661	epochs	3.0
1014.9813996147155	0.026000000000067303	epochs	2.0
1014.9813996147155	0.013040000000046348	epochs	3.0
1014.9944396147156	0.012960000000020955	epochs	3.0
1015.0073996147156	0.025759999999991123	epochs	2.0
1015.0073996147156	0.012879999999995562	epochs	3.0
1015.0202796147156	0.012879999999995562	epochs	3.0
1015.0331596147156	0.02567999999996573	epochs	2.0
1015.0331596147156	0.012879999999995562	epochs	3.0
1015.0460396147156	0.012799999999970169	epochs	3.0
1015.0588396147156	0.02552000000002863	epochs	2.0
1015.0588396147156	0.012799999999970169	epochs	3.0
1015.0716396147155	0.012720000000058462	epochs	3.0
1015.0843596147156	0.025359999999977845	epochs	2.0
1015.0843596147156	0.012719999999944775	epochs	3.0
1015.0970796147155	0.01264000000003307	epochs	3.0
1015.1097196147156	0.025200000000040745	epochs	2.0
1015.1097196147156	0.01264000000003307	epochs	3.0
1015.1223596147156	0.012560000000007676	epochs	3.0
1015.1349196147156	0.024559999999951287	epochs	2.0
1015.1582250147155	0.5	epochs	-1.0
1015.1594796147156	0.5194400000000314	epochs	1.0
1015.6789196147156	0.4804799999999432	epochs	0.0
1018.2419996261597	0.18047999999998865	epochs	0.0
1018.2419996261597	0.08519999999998618	epochs	1.0
1018.3271996261597	0.010080000000016298	epochs	1.0
1018.3372796261597	0.08519999999998618	epochs	1.0
1018.4224796261597	2.0	epochs	0.0
1020.4224796261597	21.4996000000001	epochs	0.0
1020.4224796261597	1.0	epochs	1.0
1020.4225050261597	0.5	epochs	-1.0
1020.9225050261597	19.998719999999935	epochs	-1.0
1021.4224796261597	20.0	epochs	1.0
1021.4224796261597	8.000000002539309e-05	epochs	2.0
1021.4225596261597	4.356719999999996	epochs	-1.0
1021.4225596261597	1.9745599999999968	epochs	2.0
1021.4225596261597	1.0985600000000204	epochs	3.0
1022.5211196261597	0.8759999999999764	epochs	3.0
1023.3971196261597	1.3524000000001024	epochs	2.0
1023.3971196261597	0.7286399999999276	epochs	3.0
1024.1257596261596	0.6237600000001748	epochs	3.0
1024.7495196261598	1.0297599999998965	epochs	2.0
1024.7495196261598	0.545359999999846	epochs	3.0
1025.2948796261596	0.48440000000005057	epochs	3.0
1025.7792796261597	0.8317600000000311	epochs	2.0
1025.7792796261597	0.435760000000073	epochs	3.0
1026.2150396261598	0.39599999999995816	epochs	3.0
1026.6110396261597	0.697840000000042	epochs	2.0
1026.6110396261597	0.3628799999999046	epochs	3.0
1026.9739196261596	0.33496000000013737	epochs	3.0
1027.3088796261598	0.6010400000000118	epochs	2.0
1027.3088796261598	0.3108799999999974	epochs	3.0
1027.6197596261597	0.2901600000000144	epochs	3.0
1027.9099196261598	0.5278399999999692	epochs	2.0
1027.9099196261598	0.2719199999999091	epochs	3.0
1028.1818396261597	0.2559200000000601	epochs	3.0
1028.4377596261597	0.47064000000000306	epochs	2.0
1028.4377596261597	0.24167999999986023	epochs	3.0
1028.6794396261596	0.22896000000014283	epochs	3.0
1028.9083996261597	0.42455999999992855	epochs	2.0
1028.9083996261597	0.21743999999989683	epochs	3.0
1029.1258396261596	0.20712000000003172	epochs	3.0
1029.3329596261597	0.3867199999999684	epochs	2.0
1029.3329596261597	0.1976799999999912	epochs	3.0
1029.5306396261597	0.18903999999997723	epochs	3.0
1029.7196796261596	0.3551199999999426	epochs	2.0
1029.7196796261596	0.1811999999999898	epochs	3.0
1029.9008796261596	0.17391999999995278	epochs	3.0
1030.0747996261596	0.3282400000000507	epochs	2.0
1030.0747996261596	0.1672000000000935	epochs	3.0
1030.2419996261597	0.16103999999995722	epochs	3.0
1030.4030396261596	0.30520000000001346	epochs	2.0
1030.4030396261596	0.1552799999999479	epochs	3.0
1030.5583196261596	0.14992000000006556	epochs	3.0
1030.7082396261596	0.28512000000000626	epochs	2.0
1030.7082396261596	0.1448800000000574	epochs	3.0
1030.8531196261597	0.14023999999994885	epochs	3.0
1030.9933596261596	0.2675200000001041	epochs	2.0
1030.9933596261596	0.13583999999991647	epochs	3.0
1031.1291996261596	0.13168000000018765	epochs	3.0
1031.2608796261597	0.2520799999999781	epochs	2.0
1031.2608796261597	0.12783999999987827	epochs	3.0
1031.3887196261596	0.12424000000009983	epochs	3.0
1031.5129596261597	0.2381599999998798	epochs	2.0
1031.5129596261597	0.12071999999989202	epochs	3.0
1031.6336796261596	0.11743999999998778	epochs	3.0
1031.7511196261596	0.225840000000062	epochs	2.0
1031.7511196261596	0.11440000000015971	epochs	3.0
1031.8655196261598	0.11143999999990228	epochs	3.0
1031.9769596261597	0.21463999999991756	epochs	2.0
1031.9769596261597	0.10863999999992302	epochs	3.0
1032.0855996261596	0.10599999999999454	epochs	3.0
1032.1915996261596	0.20448000000010325	epochs	2.0
1032.1915996261596	0.10344000000009146	epochs	3.0
1032.2950396261597	0.10104000000001179	epochs	3.0
1032.3960796261597	0.19535999999993692	epochs	2.0
1032.3960796261597	0.0987999999999829	epochs	3.0
1032.4948796261597	0.09655999999995402	epochs	3.0
1032.5914396261596	0.18695999999999913	epochs	2.0
1032.5914396261596	0.09447999999997592	epochs	3.0
1032.6859196261596	0.09248000000002321	epochs	3.0
1032.7783996261596	0.1792000000000371	epochs	2.0
1032.7783996261596	0.0904800000000705	epochs	3.0
1032.8688796261597	0.0887199999999666	epochs	3.0
1032.9575996261597	0.17208000000005086	epochs	2.0
1032.9575996261597	0.08688000000006468	epochs	3.0
1033.0444796261597	0.08519999999998618	epochs	3.0
1033.1296796261597	0.165520000000015	epochs	2.0
1033.1296796261597	0.08359999999993306	epochs	3.0
1033.2132796261596	0.08192000000008193	epochs	3.0
1033.2951996261597	0.1595199999999295	epochs	2.0
1033.2951996261597	0.08047999999985223	epochs	3.0
1033.3756796261596	0.07904000000007727	epochs	3.0
1033.4547196261597	0.15375999999992018	epochs	2.0
1033.4547196261597	0.07760000000007494	epochs	3.0
1033.5323196261597	0.07615999999984524	epochs	3.0
1033.6084796261596	0.14856000000008862	epochs	2.0
1033.6084796261596	0.07496000000014647	epochs	3.0
1033.6834396261597	0.07359999999994216	epochs	3.0
1033.7570396261597	0.14367999999990388	epochs	2.0
1033.7570396261597	0.0724800000000414	epochs	3.0
1033.8295196261597	0.07119999999986248	epochs	3.0
1033.9007196261596	0.1390400000000227	epochs	2.0
1033.9007196261596	0.0700800000001891	epochs	3.0
1033.9707996261598	0.0689599999998336	epochs	3.0
1034.0397596261596	0.13472000000001572	epochs	2.0
1034.0397596261596	0.06792000000018561	epochs	3.0
1034.1076796261598	0.0667999999998301	epochs	3.0
1034.1744796261596	0.1307200000001103	epochs	2.0
1034.1744796261596	0.06583999999998014	epochs	3.0
1034.2403196261596	0.06488000000013017	epochs	3.0
1034.3051996261597	0.1268000000000029	epochs	2.0
1034.3051996261597	0.06384000000002743	epochs	3.0
1034.3690396261597	0.06295999999997548	epochs	3.0
1034.4319996261597	0.12328000000002248	epochs	2.0
1034.4319996261597	0.06207999999992353	epochs	3.0
1034.4940796261596	0.06120000000009895	epochs	3.0
1034.5552796261597	0.11983999999984007	epochs	2.0
1034.5552796261597	0.06031999999981963	epochs	3.0
1034.6155996261596	0.059520000000020445	epochs	3.0
1034.6751196261596	0.11664000000018859	epochs	2.0
1034.6751196261596	0.05871999999999389	epochs	3.0
1034.7338396261596	0.057920000000194705	epochs	3.0
1034.7917596261598	0.11359999999990578	epochs	2.0
1034.7917596261598	0.05719999999996617	epochs	3.0
1034.8489596261597	0.05639999999993961	epochs	3.0
1034.9053596261597	0.11071999999990112	epochs	2.0
1034.9053596261597	0.055679999999938445	epochs	3.0
1034.9610396261596	0.055039999999962674	epochs	3.0
1035.0160796261596	0.10792000000014923	epochs	2.0
1035.0160796261596	0.05424000000016349	epochs	3.0
1035.0703196261597	0.05367999999998574	epochs	3.0
1035.1239996261597	0.10527999999999338	epochs	2.0
1035.1239996261597	0.052959999999984575	epochs	3.0
1035.1769596261597	0.052320000000008804	epochs	3.0
1035.2292796261597	0.10287999999991371	epochs	2.0
1035.2292796261597	0.051760000000058426	epochs	3.0
1035.2810396261598	0.05111999999985528	epochs	3.0
1035.3321596261596	0.10040000000003602	epochs	2.0
1035.3321596261596	0.050480000000106884	epochs	3.0
1035.3826396261597	0.04991999999992913	epochs	3.0
1035.4325596261597	0.09824000000003252	epochs	2.0
1035.4325596261597	0.049359999999978754	epochs	3.0
1035.4819196261597	0.04888000000005377	epochs	3.0
1035.5307996261597	0.09600000000000364	epochs	2.0
1035.5307996261597	0.048239999999850625	epochs	3.0
1035.5790396261596	0.04776000000015301	epochs	3.0
1035.6267996261597	0.09392000000002554	epochs	2.0
1035.6267996261597	0.04719999999997526	epochs	3.0
1035.6739996261597	0.04672000000005028	epochs	3.0
1035.7207196261597	0.09191999999984546	epochs	2.0
1035.7207196261597	0.046159999999872525	epochs	3.0
1035.7668796261596	0.04575999999997293	epochs	3.0
1035.8126396261596	0.09008000000017091	epochs	2.0
1035.8126396261596	0.04528000000004795	epochs	3.0
1035.8579196261596	0.044800000000122964	epochs	3.0
1035.9027196261598	0.08816000000001623	epochs	2.0
1035.9027196261598	0.044319999999970605	epochs	3.0
1035.9470396261597	0.04384000000004562	epochs	3.0
1035.9908796261598	0.08647999999993772	epochs	2.0
1035.9908796261598	0.043439999999918655	epochs	3.0
1036.0343196261597	0.04304000000001906	epochs	3.0
1036.0773596261597	0.08472000000006119	epochs	2.0
1036.0773596261597	0.042559999999866704	epochs	3.0
1036.1199196261596	0.042160000000194486	epochs	3.0
1036.1620796261598	0.0831999999998061	epochs	2.0
1036.1620796261598	0.04175999999984015	epochs	3.0
1036.2038396261596	0.04143999999996595	epochs	3.0
1036.2452796261596	0.08152000000018234	epochs	2.0
1036.2452796261596	0.040960000000040964	epochs	3.0
1036.2862396261596	0.04056000000014137	epochs	3.0
1036.3267996261598	0.08007999999995263	epochs	2.0
1036.3267996261598	0.040239999999812426	epochs	3.0
1036.3670396261596	0.03984000000014021	epochs	3.0
1036.4068796261597	0.0786399999999503	epochs	2.0
1036.4068796261597	0.039520000000038635	epochs	3.0
1036.4463996261597	0.03911999999991167	epochs	3.0
1036.4855196261597	0.07719999999994798	epochs	2.0
1036.4855196261597	0.03880000000003747	epochs	3.0
1036.5243196261597	0.038399999999910506	epochs	3.0
1036.5627196261596	0.07591999999999643	epochs	2.0
1036.5627196261596	0.0381600000000617	epochs	3.0
1036.6008796261597	0.037759999999934735	epochs	3.0
1036.6386396261596	0.0745600000000195	epochs	2.0
1036.6386396261596	0.037440000000060536	epochs	3.0
1036.6760796261597	0.037119999999958964	epochs	3.0
1036.7131996261596	0.07336000000009335	epochs	2.0
1036.7131996261596	0.036800000000084765	epochs	3.0
1036.7499996261597	0.036560000000008586	epochs	3.0
1036.7865596261597	0.07207999999991443	epochs	2.0
1036.7865596261597	0.03615999999988162	epochs	3.0
1036.8227196261596	0.035920000000032815	epochs	3.0
1036.8586396261596	0.07087999999998829	epochs	2.0
1036.8586396261596	0.03559999999993124	epochs	3.0
1036.8942396261596	0.035280000000057044	epochs	3.0
1036.9295196261596	0.06984000000011292	epochs	2.0
1036.9295196261596	0.035039999999980864	epochs	3.0
1036.9645596261596	0.03480000000013206	epochs	3.0
1036.9993596261597	0.0686399999999594	epochs	2.0
1036.9993596261597	0.034480000000030486	epochs	3.0
1037.0338396261598	0.034159999999928914	epochs	3.0
1037.0679996261597	0.06760000000008404	epochs	2.0
1037.0679996261597	0.03392000000008011	epochs	3.0
1037.1019196261598	0.03368000000000393	epochs	3.0
1037.1355996261598	0.0665599999999813	epochs	2.0
1037.1355996261598	0.03343999999992775	epochs	3.0
1037.1690396261597	0.03312000000005355	epochs	3.0
1037.2021596261598	0.06559999999990396	epochs	2.0
1037.2021596261598	0.032960000000002765	epochs	3.0
1037.2351196261598	0.03263999999990119	epochs	3.0
1037.2677596261597	0.0645600000000286	epochs	2.0
1037.2677596261597	0.03240000000005239	epochs	3.0
1037.3001596261597	0.03215999999997621	epochs	3.0
1037.3323196261597	0.06367999999997664	epochs	2.0
1037.3323196261597	0.03199999999992542	epochs	3.0
1037.3643196261596	0.03168000000005122	epochs	3.0
1037.3959996261597	0.0627199999998993	epochs	2.0
1037.3959996261597	0.03143999999997504	epochs	3.0
1037.4274396261596	0.03127999999992426	epochs	3.0
1037.4587196261596	0.061840000000074724	epochs	2.0
1037.4587196261596	0.03104000000007545	epochs	3.0
1037.4897596261596	0.030799999999999272	epochs	3.0
1037.5205596261596	0.060960000000022774	epochs	2.0
1037.5205596261596	0.030559999999923093	epochs	3.0
1037.5511196261596	0.03040000000009968	epochs	3.0
1037.5815196261597	0.060159999999996217	epochs	2.0
1037.5815196261597	0.0301600000000235	epochs	3.0
1037.6116796261597	0.029999999999972715	epochs	3.0
1037.6416796261597	0.059279999999944266	epochs	2.0
1037.6416796261597	0.029680000000098516	epochs	3.0
1037.6713596261598	0.02959999999984575	epochs	3.0
1037.7009596261596	0.05848000000014508	epochs	2.0
1037.7009596261596	0.029359999999996944	epochs	3.0
1037.7303196261596	0.02912000000014814	epochs	3.0
1037.7594396261597	0.057759999999916545	epochs	2.0
1037.7594396261597	0.02895999999986998	epochs	3.0
1037.7883996261596	0.028800000000046566	epochs	3.0
1037.8171996261597	0.05696000000011736	epochs	2.0
1037.8171996261597	0.028559999999970387	epochs	3.0
1037.8457596261596	0.028400000000146974	epochs	3.0
1037.8741596261598	0.05623999999988882	epochs	2.0
1037.8741596261598	0.02815999999984342	epochs	3.0
1037.9023196261596	0.028080000000045402	epochs	3.0
1037.9303996261597	0.05544000000008964	epochs	2.0
1037.9303996261597	0.027839999999969223	epochs	3.0
1037.9582396261596	0.027600000000120417	epochs	3.0
1037.9858396261598	0.05487999999991189	epochs	2.0
1037.9858396261598	0.02751999999986765	epochs	3.0
1038.0133596261596	0.027360000000044238	epochs	3.0
1038.0407196261597	0.05407999999988533	epochs	2.0
1038.0407196261597	0.02711999999996806	epochs	3.0
1038.0678396261596	0.026959999999917272	epochs	3.0
1038.0947996261596	0.053440000000136934	epochs	2.0
1038.0947996261596	0.02680000000009386	epochs	3.0
1038.1215996261597	0.026640000000043074	epochs	3.0
1038.1482396261597	0.05287999999995918	epochs	2.0
1038.1482396261597	0.026479999999992287	epochs	3.0
1038.1747196261597	0.026399999999966894	epochs	3.0
1038.2011196261597	0.05215999999995802	epochs	2.0
1038.2011196261597	0.02616000000011809	epochs	3.0
1038.2272796261598	0.02599999999983993	epochs	3.0
1038.2532796261596	0.05151999999998225	epochs	2.0
1038.2532796261596	0.025840000000016516	epochs	3.0
1038.2791196261596	0.02567999999996573	epochs	3.0
1038.3047996261596	0.05096000000003187	epochs	2.0
1038.3047996261596	0.02560000000016771	epochs	3.0
1038.3303996261598	0.025359999999864158	epochs	3.0
1038.3557596261596	0.05040000000008149	epochs	2.0
1038.3557596261596	0.02528000000006614	epochs	3.0
1038.3810396261597	0.025120000000015352	epochs	3.0
1038.4061596261597	0.049759999999878346	epochs	2.0
1038.4061596261597	0.024959999999964566	epochs	3.0
1038.4311196261597	0.02479999999991378	epochs	3.0
1038.4559196261596	0.04920000000015534	epochs	2.0
1038.4559196261596	0.024640000000090367	epochs	3.0
1038.4805596261597	0.024560000000064974	epochs	3.0
1038.5051196261597	0.04872000000000298	epochs	2.0
1038.5051196261597	0.024400000000014188	epochs	3.0
1038.5295196261598	0.024319999999988795	epochs	3.0
1038.5538396261597	0.04808000000002721	epochs	2.0
1038.5538396261597	0.024079999999912616	epochs	3.0
1038.5779196261597	0.024000000000114596	epochs	3.0
1038.6019196261598	0.047599999999874854	epochs	2.0
1038.6019196261598	0.023839999999836436	epochs	3.0
1038.6257596261596	0.023760000000038417	epochs	3.0
1038.6495196261596	0.04711999999994987	epochs	2.0
1038.6495196261596	0.02359999999998763	epochs	3.0
1038.6731196261596	0.023519999999962238	epochs	3.0
1038.6966396261596	0.04655999999999949	epochs	2.0
1038.6966396261596	0.023360000000138825	epochs	3.0
1038.7199996261597	0.023199999999860665	epochs	3.0
1038.7431996261596	0.046080000000074506	epochs	2.0
1038.7431996261596	0.023120000000062646	epochs	3.0
1038.7663196261597	0.02296000000001186	epochs	3.0
1038.7892796261597	0.04559999999992215	epochs	2.0
1038.7892796261597	0.022879999999986467	epochs	3.0
1038.8121596261597	0.02271999999993568	epochs	3.0
1038.8348796261596	0.04511999999999716	epochs	2.0
1038.8348796261596	0.02264000000013766	epochs	3.0
1038.8575196261597	0.0224799999998595	epochs	3.0
1038.8799996261596	0.04464000000007218	epochs	2.0
1038.8799996261596	0.022400000000061482	epochs	3.0
1038.9023996261596	0.022240000000010696	epochs	3.0
1038.9246396261597	0.04423999999994521	epochs	2.0
1038.9246396261597	0.022159999999985303	epochs	3.0
1038.9467996261596	0.02207999999995991	epochs	3.0
1038.9688796261596	0.04376000000002023	epochs	2.0
1038.9688796261596	0.021920000000136497	epochs	3.0
1038.9907996261597	0.02183999999988373	epochs	3.0
1039.0126396261596	0.043360000000120635	epochs	2.0
1039.0126396261596	0.02176000000008571	epochs	3.0
1039.0343996261597	0.021600000000034925	epochs	3.0
1039.0559996261597	0.04287999999996828	epochs	2.0
1039.0559996261597	0.02143999999998414	epochs	3.0
1039.0774396261597	0.02143999999998414	epochs	3.0
1039.0988796261597	0.04247999999984131	epochs	2.0
1039.0988796261597	0.021279999999933352	epochs	3.0
1039.1201596261596	0.02119999999990796	epochs	3.0
1039.1413596261596	0.04208000000016909	epochs	2.0
1039.1413596261596	0.021040000000084547	epochs	3.0
1039.1623996261596	0.021040000000084547	epochs	3.0
1039.1834396261597	0.04168000000004213	epochs	2.0
1039.1834396261597	0.02088000000003376	epochs	3.0
1039.2043196261598	0.020800000000008367	epochs	3.0
1039.2251196261598	0.04119999999988977	epochs	2.0
1039.2251196261598	0.02063999999995758	epochs	3.0
1039.2457596261597	0.020559999999932188	epochs	3.0
1039.2663196261597	0.04088000000001557	epochs	2.0
1039.2663196261597	0.020559999999932188	epochs	3.0
1039.2868796261596	0.020320000000083382	epochs	3.0
1039.3071996261597	0.040559999999914	epochs	2.0
1039.3071996261597	0.020320000000083382	epochs	3.0
1039.3275196261598	0.020239999999830616	epochs	3.0
1039.3477596261596	0.04007999999998901	epochs	2.0
1039.3477596261596	0.020080000000007203	epochs	3.0
1039.3678396261596	0.01999999999998181	epochs	3.0
1039.3878396261596	0.039760000000114815	epochs	2.0
1039.3878396261596	0.01992000000018379	epochs	3.0
1039.4077596261598	0.019839999999931024	epochs	3.0
1039.4275996261597	0.03944000000001324	epochs	2.0
1039.4275996261597	0.01975999999990563	epochs	3.0
1039.4473596261596	0.01968000000010761	epochs	3.0
1039.4670396261597	0.03903999999988628	epochs	2.0
1039.4670396261597	0.019520000000056825	epochs	3.0
1039.4865596261598	0.01951999999982945	epochs	3.0
1039.5060796261596	0.038639999999986685	epochs	2.0
1039.5060796261596	0.01936000000000604	epochs	3.0
1039.5254396261596	0.019279999999980646	epochs	3.0
1039.5447196261596	0.03840000000013788	epochs	2.0
1039.5447196261596	0.019279999999980646	epochs	3.0
1039.5639996261596	0.019120000000157233	epochs	3.0
1039.5831196261597	0.038000000000010914	epochs	2.0
1039.5831196261597	0.019039999999904467	epochs	3.0
1039.6021596261596	0.018960000000106447	epochs	3.0
1039.6211196261597	0.03767999999990934	epochs	2.0
1039.6211196261597	0.01887999999985368	epochs	3.0
1039.6399996261596	0.01880000000005566	epochs	3.0
1039.6587996261596	0.03736000000003514	epochs	2.0
1039.6587996261596	0.018720000000030268	epochs	3.0
1039.6775196261597	0.018640000000004875	epochs	3.0
1039.6961596261597	0.03703999999993357	epochs	2.0
1039.6961596261597	0.018559999999979482	epochs	3.0
1039.7147196261596	0.01847999999995409	epochs	3.0
1039.7331996261596	0.03672000000005937	epochs	2.0
1039.7331996261596	0.01840000000015607	epochs	3.0
1039.7515996261598	0.018319999999903303	epochs	3.0
1039.7699196261597	0.03647999999998319	epochs	2.0
1039.7699196261597	0.018240000000105283	epochs	3.0
1039.7881596261598	0.01823999999987791	epochs	3.0
1039.8063996261596	0.0360800000000836	epochs	2.0
1039.8063996261596	0.018080000000054497	epochs	3.0
1039.8244796261597	0.018000000000029104	epochs	3.0
1039.8424796261597	0.03584000000000742	epochs	2.0
1039.8424796261597	0.01792000000000371	epochs	3.0
1039.8603996261597	0.01792000000000371	epochs	3.0
1039.8783196261597	0.03551999999990585	epochs	2.0
1039.8783196261597	0.017759999999952925	epochs	3.0
1039.8960796261597	0.017759999999952925	epochs	3.0
1039.9138396261596	0.03520000000003165	epochs	2.0
1039.9138396261596	0.01767999999992753	epochs	3.0
1039.9315196261596	0.01752000000010412	epochs	3.0
1039.9490396261597	0.03495999999995547	epochs	2.0
1039.9490396261597	0.01752000000010412	epochs	3.0
1039.9665596261598	0.017439999999851352	epochs	3.0
1039.9839996261596	0.034720000000106666	epochs	2.0
1039.9839996261596	0.017440000000078726	epochs	3.0
1040.0014396261597	0.01728000000002794	epochs	3.0
1040.0187196261597	0.03440000000000509	epochs	2.0
1040.0187196261597	0.017200000000002547	epochs	3.0
1040.0359196261597	0.017200000000002547	epochs	3.0
1040.0531196261597	0.034159999999928914	epochs	2.0
1040.0531196261597	0.017119999999977153	epochs	3.0
1040.0702396261597	0.01703999999995176	epochs	3.0
1040.0872796261597	0.033840000000054715	epochs	2.0
1040.0872796261597	0.016959999999926367	epochs	3.0
1040.1042396261596	0.016880000000128348	epochs	3.0
1040.1211196261597	0.033599999999978536	epochs	2.0
1040.1211196261597	0.01679999999987558	epochs	3.0
1040.1379196261596	0.016800000000102955	epochs	3.0
1040.1547196261597	0.03335999999990236	epochs	2.0
1040.1547196261597	0.016719999999850188	epochs	3.0
1040.1714396261596	0.01664000000005217	epochs	3.0
1040.1880796261596	0.03312000000005355	epochs	2.0
1040.1880796261596	0.016560000000026776	epochs	3.0
1040.2046396261596	0.016560000000026776	epochs	3.0
1040.2211996261597	0.03279999999995198	epochs	2.0
1040.2211996261597	0.01639999999997599	epochs	3.0
1040.2375996261596	0.01639999999997599	epochs	3.0
1040.2539996261596	0.03256000000010317	epochs	2.0
1040.2539996261596	0.016319999999950596	epochs	3.0
1040.2703196261596	0.016240000000152577	epochs	3.0
1040.2865596261597	0.03240000000005239	epochs	2.0
1040.2865596261597	0.016239999999925203	epochs	3.0
1040.3027996261596	0.016160000000127184	epochs	3.0
1040.3189596261598	0.032079999999950815	epochs	2.0
1040.3189596261598	0.016079999999874417	epochs	3.0
1040.3350396261596	0.016000000000076398	epochs	3.0
1040.3510396261597	0.03191999999990003	epochs	2.0
1040.3510396261597	0.015999999999849024	epochs	3.0
1040.3670396261596	0.015920000000051004	epochs	3.0
1040.3829596261596	0.03160000000002583	epochs	2.0
1040.3829596261596	0.01584000000002561	epochs	3.0
1040.3987996261596	0.01576000000000022	epochs	3.0
1040.4145596261596	0.03143999999997504	epochs	2.0
1040.4145596261596	0.01576000000000022	epochs	3.0
1040.4303196261596	0.015679999999974825	epochs	3.0
1040.4459996261596	0.031200000000126238	epochs	2.0
1040.4459996261596	0.015599999999949432	epochs	3.0
1040.4615996261596	0.015600000000176806	epochs	3.0
1040.4771996261597	0.030959999999822685	epochs	2.0
1040.4771996261597	0.015519999999924039	epochs	3.0
1040.4927196261597	0.015439999999898646	epochs	3.0
1040.5081596261596	0.030720000000201253	epochs	2.0
1040.5081596261596	0.01544000000012602	epochs	3.0
1040.5235996261597	0.015280000000075233	epochs	3.0
1040.5388796261598	0.030559999999923093	epochs	2.0
1040.5388796261598	0.015359999999873253	epochs	3.0
1040.5542396261596	0.01520000000004984	epochs	3.0
1040.5694396261597	0.030320000000074288	epochs	2.0
1040.5694396261597	0.01520000000004984	epochs	3.0
1040.5846396261597	0.015120000000024447	epochs	3.0
1040.5997596261598	0.030079999999998108	epochs	2.0
1040.5997596261598	0.015119999999797074	epochs	3.0
1040.6148796261596	0.014960000000201035	epochs	3.0
1040.6298396261598	0.029919999999947322	epochs	2.0
1040.6298396261598	0.015039999999999054	epochs	3.0
1040.6448796261598	0.014879999999948268	epochs	3.0
1040.6597596261597	0.029679999999871143	epochs	2.0
1040.6597596261597	0.014879999999948268	epochs	3.0
1040.6746396261597	0.014799999999922875	epochs	3.0
1040.6894396261596	0.02952000000004773	epochs	2.0
1040.6894396261596	0.014800000000150249	epochs	3.0
1040.7042396261597	0.014719999999897482	epochs	3.0
1040.7189596261596	0.02927999999997155	epochs	2.0
1040.7189596261596	0.014720000000124855	epochs	3.0
1040.7336796261598	0.014559999999846696	epochs	3.0
1040.7482396261596	0.02912000000014814	epochs	2.0
1040.7482396261596	0.014640000000099462	epochs	3.0
1040.7628796261597	0.014480000000048676	epochs	3.0
1040.7773596261598	0.02895999999986998	epochs	2.0
1040.7773596261598	0.014479999999821302	epochs	3.0
1040.7918396261596	0.014480000000048676	epochs	3.0
1040.8063196261596	0.02863999999999578	epochs	2.0
1040.8063196261596	0.01431999999999789	epochs	3.0
1040.8206396261596	0.01431999999999789	epochs	3.0
1040.8349596261596	0.028559999999970387	epochs	2.0
1040.8349596261596	0.01431999999999789	epochs	3.0
1040.8492796261596	0.014239999999972497	epochs	3.0
1040.8635196261596	0.02832000000012158	epochs	2.0
1040.8635196261596	0.014160000000174477	epochs	3.0
1040.8776796261598	0.014159999999947104	epochs	3.0
1040.8918396261597	0.028160000000070795	epochs	2.0
1040.8918396261597	0.014159999999947104	epochs	3.0
1040.9059996261597	0.014000000000123691	epochs	3.0
1040.9199996261598	0.027999999999792635	epochs	2.0
1040.9199996261598	0.013999999999896318	epochs	3.0
1040.9339996261597	0.013999999999896318	epochs	3.0
1040.9479996261596	0.027760000000171203	epochs	2.0
1040.9479996261596	0.013920000000098298	epochs	3.0
1040.9619196261597	0.013840000000072905	epochs	3.0
1040.9757596261597	0.027679999999918437	epochs	2.0
1040.9757596261597	0.013839999999845531	epochs	3.0
1040.9895996261596	0.013840000000072905	epochs	3.0
1041.0034396261597	0.02744000000006963	epochs	2.0
1041.0034396261597	0.013760000000047512	epochs	3.0
1041.0171996261597	0.013680000000022119	epochs	3.0
1041.0308796261597	0.027280000000018845	epochs	2.0
1041.0308796261597	0.013680000000022119	epochs	3.0
1041.0445596261598	0.013599999999996726	epochs	3.0
1041.0581596261597	0.02711999999996806	epochs	2.0
1041.0581596261597	0.013519999999971333	epochs	3.0
1041.0716796261597	0.013599999999996726	epochs	3.0
1041.0852796261597	0.02687999999989188	epochs	2.0
1041.0852796261597	0.01343999999994594	epochs	3.0
1041.0987196261597	0.01343999999994594	epochs	3.0
1041.1121596261596	0.02680000000009386	epochs	2.0
1041.1121596261596	0.013440000000173313	epochs	3.0
1041.1255996261598	0.013359999999920547	epochs	3.0
1041.1389596261597	0.02656000000001768	epochs	2.0
1041.1389596261597	0.013279999999895153	epochs	3.0
1041.1522396261596	0.013280000000122527	epochs	3.0
1041.1655196261597	0.026479999999992287	epochs	2.0
1041.1655196261597	0.013279999999895153	epochs	3.0
1041.1787996261596	0.013200000000097134	epochs	3.0
1041.1919996261597	0.026239999999916108	epochs	2.0
1041.1919996261597	0.013119999999844367	epochs	3.0
1041.2051196261596	0.013120000000071741	epochs	3.0
1041.2182396261596	0.02616000000011809	epochs	2.0
1041.2182396261596	0.013120000000071741	epochs	3.0
1041.2313596261597	0.013040000000046348	epochs	3.0
1041.2443996261597	0.02599999999983993	epochs	2.0
1041.2443996261597	0.013039999999818974	epochs	3.0
1041.2574396261596	0.012960000000020955	epochs	3.0
1041.2703996261596	0.025759999999991123	epochs	2.0
1041.2703996261596	0.012879999999995562	epochs	3.0
1041.2832796261596	0.012879999999995562	epochs	3.0
1041.2961596261596	0.025680000000193104	epochs	2.0
1041.2961596261596	0.012879999999995562	epochs	3.0
1041.3090396261596	0.012800000000197542	epochs	3.0
1041.3218396261598	0.025519999999914944	epochs	2.0
1041.3218396261598	0.012799999999970169	epochs	3.0
1041.3346396261597	0.012719999999944775	epochs	3.0
1041.3473596261597	0.02536000000009153	epochs	2.0
1041.3473596261597	0.012719999999944775	epochs	3.0
1041.3600796261596	0.012640000000146756	epochs	3.0
1041.3727196261598	0.02519999999981337	epochs	2.0
1041.3727196261598	0.012639999999919382	epochs	3.0
1041.3853596261597	0.01255999999989399	epochs	3.0
1041.3979196261596	0.024560000000064974	epochs	2.0
1041.4212250261596	0.5	epochs	-1.0
1041.4224796261597	0.4996000000001004	epochs	1.0
1041.9220796261598	0.5003199999998742	epochs	0.0
1065.4579997062683	0.18047999999998865	epochs	0.0
1065.4579997062683	0.08519999999998618	epochs	1.0
1065.5431997062683	0.010080000000016298	epochs	1.0
1065.5532797062683	0.08519999999998618	epochs	1.0
1065.6384797062683	2.0	epochs	0.0
1067.6384797062683	21.519360000000006	epochs	0.0
1067.6384797062683	1.0	epochs	1.0
1067.6385051062682	0.5	epochs	-1.0
1068.1385051062682	19.99904000000015	epochs	-1.0
1068.6384797062683	20.0	epochs	1.0
1068.6384797062683	8.000000002539309e-05	epochs	2.0
1068.6385597062683	4.356719999999996	epochs	-1.0
1068.6385597062683	1.974559999999883	epochs	2.0
1068.6385597062683	1.0985599999999067	epochs	3.0
1069.7371197062682	0.8759999999999764	epochs	3.0
1070.6131197062682	1.352400000000216	epochs	2.0
1070.6131197062682	0.7286400000000413	epochs	3.0
1071.3417597062682	0.6237600000001748	epochs	3.0
1071.9655197062684	1.0297599999998965	epochs	2.0
1071.9655197062684	0.545359999999846	epochs	3.0
1072.5108797062683	0.48440000000005057	epochs	3.0
1072.9952797062683	0.8317600000000311	epochs	2.0
1072.9952797062683	0.435760000000073	epochs	3.0
1073.4310397062684	0.39599999999995816	epochs	3.0
1073.8270397062684	0.697840000000042	epochs	2.0
1073.8270397062684	0.3628799999999046	epochs	3.0
1074.1899197062683	0.33496000000013737	epochs	3.0
1074.5248797062684	0.6010400000000118	epochs	2.0
1074.5248797062684	0.3108799999999974	epochs	3.0
1074.8357597062684	0.2901600000000144	epochs	3.0
1075.1259197062684	0.5278399999999692	epochs	2.0
1075.1259197062684	0.2719199999999091	epochs	3.0
1075.3978397062683	0.2559200000000601	epochs	3.0
1075.6537597062684	0.47064000000000306	epochs	2.0
1075.6537597062684	0.24167999999986023	epochs	3.0
1075.8954397062682	0.22896000000014283	epochs	3.0
1076.1243997062684	0.42455999999992855	epochs	2.0
1076.1243997062684	0.21743999999989683	epochs	3.0
1076.3418397062683	0.20712000000003172	epochs	3.0
1076.5489597062683	0.3867199999999684	epochs	2.0
1076.5489597062683	0.1976799999999912	epochs	3.0
1076.7466397062683	0.18903999999997723	epochs	3.0
1076.9356797062683	0.3551199999999426	epochs	2.0
1076.9356797062683	0.1811999999999898	epochs	3.0
1077.1168797062683	0.17391999999995278	epochs	3.0
1077.2907997062682	0.3282400000000507	epochs	2.0
1077.2907997062682	0.1672000000000935	epochs	3.0
1077.4579997062683	0.16103999999995722	epochs	3.0
1077.6190397062683	0.30520000000001346	epochs	2.0
1077.6190397062683	0.1552799999999479	epochs	3.0
1077.7743197062682	0.14992000000006556	epochs	3.0
1077.9242397062683	0.28512000000000626	epochs	2.0
1077.9242397062683	0.1448800000000574	epochs	3.0
1078.0691197062683	0.14023999999994885	epochs	3.0
1078.2093597062683	0.2675200000001041	epochs	2.0
1078.2093597062683	0.13583999999991647	epochs	3.0
1078.3451997062682	0.13168000000018765	epochs	3.0
1078.4768797062684	0.2520799999999781	epochs	2.0
1078.4768797062684	0.12783999999987827	epochs	3.0
1078.6047197062683	0.12424000000009983	epochs	3.0
1078.7289597062684	0.2381599999998798	epochs	2.0
1078.7289597062684	0.12071999999989202	epochs	3.0
1078.8496797062683	0.11743999999998778	epochs	3.0
1078.9671197062682	0.225840000000062	epochs	2.0
1078.9671197062682	0.11440000000015971	epochs	3.0
1079.0815197062684	0.11143999999990228	epochs	3.0
1079.1929597062683	0.21463999999991756	epochs	2.0
1079.1929597062683	0.10863999999992302	epochs	3.0
1079.3015997062682	0.10599999999999454	epochs	3.0
1079.4075997062682	0.20448000000010325	epochs	2.0
1079.4075997062682	0.10344000000009146	epochs	3.0
1079.5110397062683	0.10104000000001179	epochs	3.0
1079.6120797062683	0.19535999999993692	epochs	2.0
1079.6120797062683	0.0987999999999829	epochs	3.0
1079.7108797062683	0.09655999999995402	epochs	3.0
1079.8074397062683	0.18695999999999913	epochs	2.0
1079.8074397062683	0.09447999999997592	epochs	3.0
1079.9019197062682	0.09248000000002321	epochs	3.0
1079.9943997062683	0.1792000000000371	epochs	2.0
1079.9943997062683	0.0904800000000705	epochs	3.0
1080.0848797062683	0.0887199999999666	epochs	3.0
1080.1735997062683	0.17208000000005086	epochs	2.0
1080.1735997062683	0.08688000000006468	epochs	3.0
1080.2604797062684	0.08519999999998618	epochs	3.0
1080.3456797062684	0.165520000000015	epochs	2.0
1080.3456797062684	0.08359999999993306	epochs	3.0
1080.4292797062683	0.08192000000008193	epochs	3.0
1080.5111997062684	0.1595199999999295	epochs	2.0
1080.5111997062684	0.08047999999985223	epochs	3.0
1080.5916797062682	0.07904000000007727	epochs	3.0
1080.6707197062683	0.15375999999992018	epochs	2.0
1080.6707197062683	0.07760000000007494	epochs	3.0
1080.7483197062684	0.07615999999984524	epochs	3.0
1080.8244797062682	0.14856000000008862	epochs	2.0
1080.8244797062682	0.07496000000014647	epochs	3.0
1080.8994397062684	0.07359999999994216	epochs	3.0
1080.9730397062683	0.14367999999990388	epochs	2.0
1080.9730397062683	0.0724800000000414	epochs	3.0
1081.0455197062684	0.07119999999986248	epochs	3.0
1081.1167197062682	0.1390400000000227	epochs	2.0
1081.1167197062682	0.0700800000001891	epochs	3.0
1081.1867997062684	0.0689599999998336	epochs	3.0
1081.2557597062682	0.13472000000001572	epochs	2.0
1081.2557597062682	0.06792000000018561	epochs	3.0
1081.3236797062684	0.0667999999998301	epochs	3.0
1081.3904797062683	0.1307200000001103	epochs	2.0
1081.3904797062683	0.06583999999998014	epochs	3.0
1081.4563197062682	0.06488000000013017	epochs	3.0
1081.5211997062684	0.1268000000000029	epochs	2.0
1081.5211997062684	0.06384000000002743	epochs	3.0
1081.5850397062684	0.06295999999997548	epochs	3.0
1081.6479997062684	0.12328000000002248	epochs	2.0
1081.6479997062684	0.06207999999992353	epochs	3.0
1081.7100797062683	0.06120000000009895	epochs	3.0
1081.7712797062684	0.11983999999984007	epochs	2.0
1081.7712797062684	0.06031999999981963	epochs	3.0
1081.8315997062682	0.059520000000020445	epochs	3.0
1081.8911197062682	0.11664000000018859	epochs	2.0
1081.8911197062682	0.05871999999999389	epochs	3.0
1081.9498397062682	0.057920000000194705	epochs	3.0
1082.0077597062684	0.11359999999990578	epochs	2.0
1082.0077597062684	0.05719999999996617	epochs	3.0
1082.0649597062684	0.05639999999993961	epochs	3.0
1082.1213597062683	0.11071999999990112	epochs	2.0
1082.1213597062683	0.055679999999938445	epochs	3.0
1082.1770397062683	0.055039999999962674	epochs	3.0
1082.2320797062682	0.10792000000014923	epochs	2.0
1082.2320797062682	0.05424000000016349	epochs	3.0
1082.2863197062684	0.05367999999998574	epochs	3.0
1082.3399997062684	0.10527999999999338	epochs	2.0
1082.3399997062684	0.052959999999984575	epochs	3.0
1082.3929597062684	0.052320000000008804	epochs	3.0
1082.4452797062684	0.10287999999991371	epochs	2.0
1082.4452797062684	0.051760000000058426	epochs	3.0
1082.4970397062684	0.05111999999985528	epochs	3.0
1082.5481597062683	0.10040000000003602	epochs	2.0
1082.5481597062683	0.050480000000106884	epochs	3.0
1082.5986397062684	0.04991999999992913	epochs	3.0
1082.6485597062683	0.09824000000003252	epochs	2.0
1082.6485597062683	0.049359999999978754	epochs	3.0
1082.6979197062683	0.04888000000005377	epochs	3.0
1082.7467997062683	0.09600000000000364	epochs	2.0
1082.7467997062683	0.048239999999850625	epochs	3.0
1082.7950397062682	0.04776000000015301	epochs	3.0
1082.8427997062684	0.09392000000002554	epochs	2.0
1082.8427997062684	0.04719999999997526	epochs	3.0
1082.8899997062683	0.04672000000005028	epochs	3.0
1082.9367197062684	0.09191999999984546	epochs	2.0
1082.9367197062684	0.046159999999872525	epochs	3.0
1082.9828797062682	0.04575999999997293	epochs	3.0
1083.0286397062682	0.09008000000017091	epochs	2.0
1083.0286397062682	0.04528000000004795	epochs	3.0
1083.0739197062683	0.044800000000122964	epochs	3.0
1083.1187197062684	0.08816000000001623	epochs	2.0
1083.1187197062684	0.044319999999970605	epochs	3.0
1083.1630397062684	0.04384000000004562	epochs	3.0
1083.2068797062684	0.08647999999993772	epochs	2.0
1083.2068797062684	0.043439999999918655	epochs	3.0
1083.2503197062683	0.04304000000001906	epochs	3.0
1083.2933597062683	0.08472000000006119	epochs	2.0
1083.2933597062683	0.042559999999866704	epochs	3.0
1083.3359197062682	0.042160000000194486	epochs	3.0
1083.3780797062684	0.0831999999998061	epochs	2.0
1083.3780797062684	0.04175999999984015	epochs	3.0
1083.4198397062682	0.04143999999996595	epochs	3.0
1083.4612797062682	0.08152000000018234	epochs	2.0
1083.4612797062682	0.040960000000040964	epochs	3.0
1083.5022397062683	0.04056000000014137	epochs	3.0
1083.5427997062684	0.08007999999995263	epochs	2.0
1083.5427997062684	0.040239999999812426	epochs	3.0
1083.5830397062682	0.03984000000014021	epochs	3.0
1083.6228797062683	0.0786399999999503	epochs	2.0
1083.6228797062683	0.039520000000038635	epochs	3.0
1083.6623997062684	0.03911999999991167	epochs	3.0
1083.7015197062683	0.07719999999994798	epochs	2.0
1083.7015197062683	0.03880000000003747	epochs	3.0
1083.7403197062683	0.038399999999910506	epochs	3.0
1083.7787197062682	0.07591999999999643	epochs	2.0
1083.7787197062682	0.0381600000000617	epochs	3.0
1083.8168797062683	0.037759999999934735	epochs	3.0
1083.8546397062682	0.0745600000000195	epochs	2.0
1083.8546397062682	0.037440000000060536	epochs	3.0
1083.8920797062683	0.037119999999958964	epochs	3.0
1083.9291997062683	0.07336000000009335	epochs	2.0
1083.9291997062683	0.036800000000084765	epochs	3.0
1083.9659997062683	0.036560000000008586	epochs	3.0
1084.0025597062684	0.07207999999991443	epochs	2.0
1084.0025597062684	0.03615999999988162	epochs	3.0
1084.0387197062682	0.035920000000032815	epochs	3.0
1084.0746397062683	0.07087999999998829	epochs	2.0
1084.0746397062683	0.03559999999993124	epochs	3.0
1084.1102397062682	0.035280000000057044	epochs	3.0
1084.1455197062683	0.06984000000011292	epochs	2.0
1084.1455197062683	0.035039999999980864	epochs	3.0
1084.1805597062682	0.03480000000013206	epochs	3.0
1084.2153597062684	0.0686399999999594	epochs	2.0
1084.2153597062684	0.034480000000030486	epochs	3.0
1084.2498397062684	0.034159999999928914	epochs	3.0
1084.2839997062683	0.06760000000008404	epochs	2.0
1084.2839997062683	0.03392000000008011	epochs	3.0
1084.3179197062684	0.03368000000000393	epochs	3.0
1084.3515997062684	0.0665599999999813	epochs	2.0
1084.3515997062684	0.03343999999992775	epochs	3.0
1084.3850397062683	0.03312000000005355	epochs	3.0
1084.4181597062684	0.06559999999990396	epochs	2.0
1084.4181597062684	0.032960000000002765	epochs	3.0
1084.4511197062684	0.03263999999990119	epochs	3.0
1084.4837597062683	0.0645600000000286	epochs	2.0
1084.4837597062683	0.03240000000005239	epochs	3.0
1084.5161597062684	0.03215999999997621	epochs	3.0
1084.5483197062683	0.06367999999997664	epochs	2.0
1084.5483197062683	0.03199999999992542	epochs	3.0
1084.5803197062683	0.03168000000005122	epochs	3.0
1084.6119997062683	0.0627199999998993	epochs	2.0
1084.6119997062683	0.03143999999997504	epochs	3.0
1084.6434397062683	0.03127999999992426	epochs	3.0
1084.6747197062682	0.061840000000074724	epochs	2.0
1084.6747197062682	0.03104000000007545	epochs	3.0
1084.7057597062683	0.030799999999999272	epochs	3.0
1084.7365597062683	0.060960000000022774	epochs	2.0
1084.7365597062683	0.030559999999923093	epochs	3.0
1084.7671197062682	0.03040000000009968	epochs	3.0
1084.7975197062683	0.060159999999996217	epochs	2.0
1084.7975197062683	0.0301600000000235	epochs	3.0
1084.8276797062683	0.029999999999972715	epochs	3.0
1084.8576797062683	0.059279999999944266	epochs	2.0
1084.8576797062683	0.029680000000098516	epochs	3.0
1084.8873597062684	0.02959999999984575	epochs	3.0
1084.9169597062682	0.05848000000014508	epochs	2.0
1084.9169597062682	0.029359999999996944	epochs	3.0
1084.9463197062682	0.02912000000014814	epochs	3.0
1084.9754397062684	0.057759999999916545	epochs	2.0
1084.9754397062684	0.02895999999986998	epochs	3.0
1085.0043997062683	0.028800000000046566	epochs	3.0
1085.0331997062683	0.05696000000011736	epochs	2.0
1085.0331997062683	0.028559999999970387	epochs	3.0
1085.0617597062683	0.028400000000146974	epochs	3.0
1085.0901597062684	0.05623999999988882	epochs	2.0
1085.0901597062684	0.02815999999984342	epochs	3.0
1085.1183197062683	0.028080000000045402	epochs	3.0
1085.1463997062683	0.05544000000008964	epochs	2.0
1085.1463997062683	0.027839999999969223	epochs	3.0
1085.1742397062683	0.027600000000120417	epochs	3.0
1085.2018397062684	0.05487999999991189	epochs	2.0
1085.2018397062684	0.02751999999986765	epochs	3.0
1085.2293597062683	0.027360000000044238	epochs	3.0
1085.2567197062683	0.05407999999988533	epochs	2.0
1085.2567197062683	0.02711999999996806	epochs	3.0
1085.2838397062683	0.026959999999917272	epochs	3.0
1085.3107997062682	0.053440000000136934	epochs	2.0
1085.3107997062682	0.02680000000009386	epochs	3.0
1085.3375997062683	0.026640000000043074	epochs	3.0
1085.3642397062683	0.05287999999995918	epochs	2.0
1085.3642397062683	0.026479999999992287	epochs	3.0
1085.3907197062683	0.026399999999966894	epochs	3.0
1085.4171197062683	0.05215999999995802	epochs	2.0
1085.4171197062683	0.02616000000011809	epochs	3.0
1085.4432797062684	0.02599999999983993	epochs	3.0
1085.4692797062683	0.05151999999998225	epochs	2.0
1085.4692797062683	0.025840000000016516	epochs	3.0
1085.4951197062683	0.02567999999996573	epochs	3.0
1085.5207997062682	0.05096000000003187	epochs	2.0
1085.5207997062682	0.02560000000016771	epochs	3.0
1085.5463997062684	0.025359999999864158	epochs	3.0
1085.5717597062683	0.05040000000008149	epochs	2.0
1085.5717597062683	0.02528000000006614	epochs	3.0
1085.5970397062683	0.025120000000015352	epochs	3.0
1085.6221597062683	0.049759999999878346	epochs	2.0
1085.6221597062683	0.024959999999964566	epochs	3.0
1085.6471197062683	0.02479999999991378	epochs	3.0
1085.6719197062682	0.04920000000015534	epochs	2.0
1085.6719197062682	0.024640000000090367	epochs	3.0
1085.6965597062683	0.024560000000064974	epochs	3.0
1085.7211197062684	0.04872000000000298	epochs	2.0
1085.7211197062684	0.024400000000014188	epochs	3.0
1085.7455197062684	0.024319999999988795	epochs	3.0
1085.7698397062684	0.04808000000002721	epochs	2.0
1085.7698397062684	0.024079999999912616	epochs	3.0
1085.7939197062683	0.024000000000114596	epochs	3.0
1085.8179197062684	0.047599999999874854	epochs	2.0
1085.8179197062684	0.023839999999836436	epochs	3.0
1085.8417597062682	0.023760000000038417	epochs	3.0
1085.8655197062683	0.04711999999994987	epochs	2.0
1085.8655197062683	0.02359999999998763	epochs	3.0
1085.8891197062683	0.023519999999962238	epochs	3.0
1085.9126397062682	0.04655999999999949	epochs	2.0
1085.9126397062682	0.023360000000138825	epochs	3.0
1085.9359997062684	0.023199999999860665	epochs	3.0
1085.9591997062682	0.046080000000074506	epochs	2.0
1085.9591997062682	0.023120000000062646	epochs	3.0
1085.9823197062683	0.02296000000001186	epochs	3.0
1086.0052797062683	0.04559999999992215	epochs	2.0
1086.0052797062683	0.022879999999986467	epochs	3.0
1086.0281597062683	0.02271999999993568	epochs	3.0
1086.0508797062682	0.04511999999999716	epochs	2.0
1086.0508797062682	0.02264000000013766	epochs	3.0
1086.0735197062684	0.0224799999998595	epochs	3.0
1086.0959997062682	0.04464000000007218	epochs	2.0
1086.0959997062682	0.022400000000061482	epochs	3.0
1086.1183997062683	0.022240000000010696	epochs	3.0
1086.1406397062683	0.04423999999994521	epochs	2.0
1086.1406397062683	0.022159999999985303	epochs	3.0
1086.1627997062683	0.02207999999995991	epochs	3.0
1086.1848797062682	0.04376000000002023	epochs	2.0
1086.1848797062682	0.021920000000136497	epochs	3.0
1086.2067997062684	0.02183999999988373	epochs	3.0
1086.2286397062683	0.043360000000120635	epochs	2.0
1086.2286397062683	0.02176000000008571	epochs	3.0
1086.2503997062684	0.021600000000034925	epochs	3.0
1086.2719997062684	0.04287999999996828	epochs	2.0
1086.2719997062684	0.02143999999998414	epochs	3.0
1086.2934397062684	0.02143999999998414	epochs	3.0
1086.3148797062684	0.04247999999984131	epochs	2.0
1086.3148797062684	0.021279999999933352	epochs	3.0
1086.3361597062683	0.02119999999990796	epochs	3.0
1086.3573597062682	0.04208000000016909	epochs	2.0
1086.3573597062682	0.021040000000084547	epochs	3.0
1086.3783997062683	0.021040000000084547	epochs	3.0
1086.3994397062684	0.04168000000004213	epochs	2.0
1086.3994397062684	0.02088000000003376	epochs	3.0
1086.4203197062684	0.020800000000008367	epochs	3.0
1086.4411197062684	0.04119999999988977	epochs	2.0
1086.4411197062684	0.02063999999995758	epochs	3.0
1086.4617597062684	0.020559999999932188	epochs	3.0
1086.4823197062683	0.04088000000001557	epochs	2.0
1086.4823197062683	0.020559999999932188	epochs	3.0
1086.5028797062682	0.020320000000083382	epochs	3.0
1086.5231997062683	0.040559999999914	epochs	2.0
1086.5231997062683	0.020320000000083382	epochs	3.0
1086.5435197062684	0.020239999999830616	epochs	3.0
1086.5637597062682	0.04007999999998901	epochs	2.0
1086.5637597062682	0.020080000000007203	epochs	3.0
1086.5838397062682	0.01999999999998181	epochs	3.0
1086.6038397062682	0.039760000000114815	epochs	2.0
1086.6038397062682	0.01992000000018379	epochs	3.0
1086.6237597062684	0.019839999999931024	epochs	3.0
1086.6435997062683	0.03944000000001324	epochs	2.0
1086.6435997062683	0.01975999999990563	epochs	3.0
1086.6633597062682	0.01968000000010761	epochs	3.0
1086.6830397062683	0.03903999999988628	epochs	2.0
1086.6830397062683	0.019520000000056825	epochs	3.0
1086.7025597062684	0.01951999999982945	epochs	3.0
1086.7220797062682	0.038639999999986685	epochs	2.0
1086.7220797062682	0.01936000000000604	epochs	3.0
1086.7414397062682	0.019279999999980646	epochs	3.0
1086.7607197062682	0.03840000000013788	epochs	2.0
1086.7607197062682	0.019279999999980646	epochs	3.0
1086.7799997062682	0.019120000000157233	epochs	3.0
1086.7991197062684	0.038000000000010914	epochs	2.0
1086.7991197062684	0.019039999999904467	epochs	3.0
1086.8181597062683	0.018960000000106447	epochs	3.0
1086.8371197062684	0.03767999999990934	epochs	2.0
1086.8371197062684	0.01887999999985368	epochs	3.0
1086.8559997062682	0.01880000000005566	epochs	3.0
1086.8747997062683	0.03736000000003514	epochs	2.0
1086.8747997062683	0.018720000000030268	epochs	3.0
1086.8935197062683	0.018640000000004875	epochs	3.0
1086.9121597062683	0.03703999999993357	epochs	2.0
1086.9121597062683	0.018559999999979482	epochs	3.0
1086.9307197062683	0.01847999999995409	epochs	3.0
1086.9491997062682	0.03672000000005937	epochs	2.0
1086.9491997062682	0.01840000000015607	epochs	3.0
1086.9675997062684	0.018319999999903303	epochs	3.0
1086.9859197062683	0.03647999999998319	epochs	2.0
1086.9859197062683	0.018240000000105283	epochs	3.0
1087.0041597062684	0.01823999999987791	epochs	3.0
1087.0223997062683	0.0360800000000836	epochs	2.0
1087.0223997062683	0.018080000000054497	epochs	3.0
1087.0404797062683	0.018000000000029104	epochs	3.0
1087.0584797062684	0.03584000000000742	epochs	2.0
1087.0584797062684	0.01792000000000371	epochs	3.0
1087.0763997062684	0.01792000000000371	epochs	3.0
1087.0943197062684	0.03551999999990585	epochs	2.0
1087.0943197062684	0.017759999999952925	epochs	3.0
1087.1120797062683	0.017759999999952925	epochs	3.0
1087.1298397062683	0.03520000000003165	epochs	2.0
1087.1298397062683	0.01767999999992753	epochs	3.0
1087.1475197062682	0.01752000000010412	epochs	3.0
1087.1650397062683	0.03495999999995547	epochs	2.0
1087.1650397062683	0.01752000000010412	epochs	3.0
1087.1825597062684	0.017439999999851352	epochs	3.0
1087.1999997062683	0.034720000000106666	epochs	2.0
1087.1999997062683	0.017440000000078726	epochs	3.0
1087.2174397062684	0.01728000000002794	epochs	3.0
1087.2347197062684	0.03440000000000509	epochs	2.0
1087.2347197062684	0.017200000000002547	epochs	3.0
1087.2519197062684	0.017200000000002547	epochs	3.0
1087.2691197062684	0.034159999999928914	epochs	2.0
1087.2691197062684	0.017119999999977153	epochs	3.0
1087.2862397062684	0.01703999999995176	epochs	3.0
1087.3032797062683	0.033840000000054715	epochs	2.0
1087.3032797062683	0.016959999999926367	epochs	3.0
1087.3202397062682	0.016880000000128348	epochs	3.0
1087.3371197062684	0.033599999999978536	epochs	2.0
1087.3371197062684	0.01679999999987558	epochs	3.0
1087.3539197062682	0.016800000000102955	epochs	3.0
1087.3707197062683	0.03335999999990236	epochs	2.0
1087.3707197062683	0.016719999999850188	epochs	3.0
1087.3874397062682	0.01664000000005217	epochs	3.0
1087.4040797062682	0.03312000000005355	epochs	2.0
1087.4040797062682	0.016560000000026776	epochs	3.0
1087.4206397062683	0.016560000000026776	epochs	3.0
1087.4371997062683	0.03279999999995198	epochs	2.0
1087.4371997062683	0.01639999999997599	epochs	3.0
1087.4535997062683	0.01639999999997599	epochs	3.0
1087.4699997062683	0.03256000000010317	epochs	2.0
1087.4699997062683	0.016319999999950596	epochs	3.0
1087.4863197062682	0.016240000000152577	epochs	3.0
1087.5025597062684	0.03240000000005239	epochs	2.0
1087.5025597062684	0.016239999999925203	epochs	3.0
1087.5187997062683	0.016160000000127184	epochs	3.0
1087.5349597062684	0.032079999999950815	epochs	2.0
1087.5349597062684	0.016079999999874417	epochs	3.0
1087.5510397062683	0.016000000000076398	epochs	3.0
1087.5670397062684	0.03191999999990003	epochs	2.0
1087.5670397062684	0.015999999999849024	epochs	3.0
1087.5830397062682	0.015920000000051004	epochs	3.0
1087.5989597062683	0.03160000000002583	epochs	2.0
1087.5989597062683	0.01584000000002561	epochs	3.0
1087.6147997062683	0.01576000000000022	epochs	3.0
1087.6305597062683	0.03143999999997504	epochs	2.0
1087.6305597062683	0.01576000000000022	epochs	3.0
1087.6463197062683	0.015679999999974825	epochs	3.0
1087.6619997062683	0.031200000000126238	epochs	2.0
1087.6619997062683	0.015599999999949432	epochs	3.0
1087.6775997062682	0.015600000000176806	epochs	3.0
1087.6931997062684	0.030959999999822685	epochs	2.0
1087.6931997062684	0.015519999999924039	epochs	3.0
1087.7087197062683	0.015439999999898646	epochs	3.0
1087.7241597062682	0.030720000000201253	epochs	2.0
1087.7241597062682	0.01544000000012602	epochs	3.0
1087.7395997062683	0.015280000000075233	epochs	3.0
1087.7548797062684	0.030559999999923093	epochs	2.0
1087.7548797062684	0.015359999999873253	epochs	3.0
1087.7702397062683	0.01520000000004984	epochs	3.0
1087.7854397062683	0.030320000000074288	epochs	2.0
1087.7854397062683	0.01520000000004984	epochs	3.0
1087.8006397062684	0.015120000000024447	epochs	3.0
1087.8157597062684	0.030079999999998108	epochs	2.0
1087.8157597062684	0.015119999999797074	epochs	3.0
1087.8308797062682	0.014960000000201035	epochs	3.0
1087.8458397062684	0.029919999999947322	epochs	2.0
1087.8458397062684	0.015039999999999054	epochs	3.0
1087.8608797062684	0.014879999999948268	epochs	3.0
1087.8757597062684	0.029679999999871143	epochs	2.0
1087.8757597062684	0.014879999999948268	epochs	3.0
1087.8906397062683	0.014799999999922875	epochs	3.0
1087.9054397062682	0.02952000000004773	epochs	2.0
1087.9054397062682	0.014800000000150249	epochs	3.0
1087.9202397062684	0.014719999999897482	epochs	3.0
1087.9349597062683	0.02927999999997155	epochs	2.0
1087.9349597062683	0.014720000000124855	epochs	3.0
1087.9496797062684	0.014559999999846696	epochs	3.0
1087.9642397062682	0.02912000000014814	epochs	2.0
1087.9642397062682	0.014640000000099462	epochs	3.0
1087.9788797062683	0.014480000000048676	epochs	3.0
1087.9933597062684	0.02895999999986998	epochs	2.0
1087.9933597062684	0.014479999999821302	epochs	3.0
1088.0078397062682	0.014480000000048676	epochs	3.0
1088.0223197062683	0.02863999999999578	epochs	2.0
1088.0223197062683	0.01431999999999789	epochs	3.0
1088.0366397062683	0.01431999999999789	epochs	3.0
1088.0509597062683	0.028559999999970387	epochs	2.0
1088.0509597062683	0.01431999999999789	epochs	3.0
1088.0652797062683	0.014239999999972497	epochs	3.0
1088.0795197062682	0.02832000000012158	epochs	2.0
1088.0795197062682	0.014160000000174477	epochs	3.0
1088.0936797062684	0.014159999999947104	epochs	3.0
1088.1078397062684	0.028160000000070795	epochs	2.0
1088.1078397062684	0.014159999999947104	epochs	3.0
1088.1219997062683	0.014000000000123691	epochs	3.0
1088.1359997062684	0.027999999999792635	epochs	2.0
1088.1359997062684	0.013999999999896318	epochs	3.0
1088.1499997062683	0.013999999999896318	epochs	3.0
1088.1639997062682	0.027760000000171203	epochs	2.0
1088.1639997062682	0.013920000000098298	epochs	3.0
1088.1779197062683	0.013840000000072905	epochs	3.0
1088.1917597062684	0.027679999999918437	epochs	2.0
1088.1917597062684	0.013839999999845531	epochs	3.0
1088.2055997062682	0.013840000000072905	epochs	3.0
1088.2194397062683	0.02744000000006963	epochs	2.0
1088.2194397062683	0.013760000000047512	epochs	3.0
1088.2331997062684	0.013680000000022119	epochs	3.0
1088.2468797062684	0.027280000000018845	epochs	2.0
1088.2468797062684	0.013680000000022119	epochs	3.0
1088.2605597062684	0.013599999999996726	epochs	3.0
1088.2741597062684	0.02711999999996806	epochs	2.0
1088.2741597062684	0.013519999999971333	epochs	3.0
1088.2876797062684	0.013599999999996726	epochs	3.0
1088.3012797062684	0.02687999999989188	epochs	2.0
1088.3012797062684	0.01343999999994594	epochs	3.0
1088.3147197062683	0.01343999999994594	epochs	3.0
1088.3281597062683	0.02680000000009386	epochs	2.0
1088.3281597062683	0.013440000000173313	epochs	3.0
1088.3415997062684	0.013359999999920547	epochs	3.0
1088.3549597062683	0.02656000000001768	epochs	2.0
1088.3549597062683	0.013279999999895153	epochs	3.0
1088.3682397062682	0.013280000000122527	epochs	3.0
1088.3815197062684	0.026479999999992287	epochs	2.0
1088.3815197062684	0.013279999999895153	epochs	3.0
1088.3947997062683	0.013200000000097134	epochs	3.0
1088.4079997062684	0.026239999999916108	epochs	2.0
1088.4079997062684	0.013119999999844367	epochs	3.0
1088.4211197062682	0.013120000000071741	epochs	3.0
1088.4342397062683	0.02616000000011809	epochs	2.0
1088.4342397062683	0.013120000000071741	epochs	3.0
1088.4473597062683	0.013040000000046348	epochs	3.0
1088.4603997062684	0.02599999999983993	epochs	2.0
1088.4603997062684	0.013039999999818974	epochs	3.0
1088.4734397062682	0.012960000000020955	epochs	3.0
1088.4863997062682	0.025759999999991123	epochs	2.0
1088.4863997062682	0.012879999999995562	epochs	3.0
1088.4992797062682	0.012879999999995562	epochs	3.0
1088.5121597062682	0.025680000000193104	epochs	2.0
1088.5121597062682	0.012879999999995562	epochs	3.0
1088.5250397062682	0.012800000000197542	epochs	3.0
1088.5378397062684	0.025519999999914944	epochs	2.0
1088.5378397062684	0.012799999999970169	epochs	3.0
1088.5506397062684	0.012719999999944775	epochs	3.0
1088.5633597062683	0.02536000000009153	epochs	2.0
1088.5633597062683	0.012719999999944775	epochs	3.0
1088.5760797062683	0.012640000000146756	epochs	3.0
1088.5887197062684	0.02519999999981337	epochs	2.0
1088.5887197062684	0.012639999999919382	epochs	3.0
1088.6013597062683	0.01255999999989399	epochs	3.0
1088.6139197062682	0.024560000000064974	epochs	2.0
1088.6375451062684	0.5	epochs	-1.0
1088.6384797062683	0.519360000000006	epochs	1.0
1089.1578397062683	0.48055999999996857	epochs	0.0
1091.8629999160767	0.18047999999998865	epochs	0.0
1091.8629999160767	0.08519999999998618	epochs	1.0
1091.9481999160766	0.010080000000016298	epochs	1.0
1091.9582799160767	0.08519999999998618	epochs	1.0
1092.0434799160766	2.0	epochs	0.0
1094.0434799160766	5.35904000000005	epochs	0.0
1094.0434799160766	1.0	epochs	1.0
1094.0435053160766	0.5	epochs	-1.0
1094.5435053160766	4.859014600000137	epochs	-1.0
1095.0434799160766	4.35904000000005	epochs	1.0
1095.0434799160766	8.000000002539309e-05	epochs	2.0
1095.0435599160767	4.356719999999996	epochs	-1.0
1095.0435599160767	1.974559999999883	epochs	2.0
1095.0435599160767	1.0985599999999067	epochs	3.0
1096.1421199160766	0.8759999999999764	epochs	3.0
1097.0181199160766	1.352400000000216	epochs	2.0
1097.0181199160766	0.7286400000000413	epochs	3.0
1097.7467599160766	0.6237600000001748	epochs	3.0
1098.3705199160768	1.0297599999998965	epochs	2.0
1098.3705199160768	0.545359999999846	epochs	3.0
1098.9158799160766	0.48440000000005057	epochs	3.0
1099.4002799160767	0.0022400000000288856	epochs	2.0
1099.4002799160767	0.0022400000000288856	epochs	3.0
1099.4025199160767	16.640879999999925	epochs	0.0
1102.0929999351501	0.18047999999998865	epochs	0.0
1102.0929999351501	0.08519999999998618	epochs	1.0
1102.1781999351501	0.010080000000016298	epochs	1.0
1102.1882799351501	0.08519999999998618	epochs	1.0
1102.2734799351501	2.0	epochs	0.0
1104.2734799351501	0.5195200000000568	epochs	0.0
1104.2734799351501	0.5195200000000568	epochs	1.0
1104.27350533515	0.5	epochs	-1.0
1104.77350533515	0.01949460000014369	epochs	-1.0
1104.7929999351502	21.480399999999918	epochs	0.0
1107.441999912262	0.18047999999998865	epochs	0.0
1107.441999912262	0.08519999999998618	epochs	1.0
1107.527199912262	0.010080000000016298	epochs	1.0
1107.537279912262	0.08519999999998618	epochs	1.0
1107.622479912262	2.0	epochs	0.0
1109.622479912262	0.5180800000000545	epochs	0.0
1109.622479912262	0.5180800000000545	epochs	1.0
1109.6225053122619	0.5	epochs	-1.0
1110.1225053122619	0.018054600000141363	epochs	-1.0
1110.140559912262	21.48183999999992	epochs	0.0
1112.758999824524	0.18047999999998865	epochs	0.0
1112.758999824524	0.08519999999998618	epochs	1.0
1112.844199824524	0.010080000000016298	epochs	1.0
1112.854279824524	0.08519999999998618	epochs	1.0
1112.939479824524	2.0	epochs	0.0
1114.939479824524	0.5192799999999806	epochs	0.0
1114.939479824524	0.5192799999999806	epochs	1.0
1114.9395052245238	0.5	epochs	-1.0
1115.4395052245238	0.019254600000067512	epochs	-1.0
1115.458759824524	21.480639999999994	epochs	0.0
1118.1710000038147	0.18047999999998865	epochs	0.0
1118.1710000038147	0.08519999999998618	epochs	1.0
1118.2562000038147	0.010080000000016298	epochs	1.0
1118.2662800038147	0.08519999999998618	epochs	1.0
1118.3514800038147	2.0	epochs	0.0
1120.3514800038147	0.5196000000000822	epochs	0.0
1120.3514800038147	0.5196000000000822	epochs	1.0
1120.3515054038146	0.5	epochs	-1.0
1120.8515054038146	0.019574600000169085	epochs	-1.0
1120.8710800038148	21.480319999999892	epochs	0.0
1123.6710000038147	0.18047999999998865	epochs	0.0
1123.6710000038147	0.08519999999998618	epochs	1.0
1123.7562000038147	0.010080000000016298	epochs	1.0
1123.7662800038147	0.08519999999998618	epochs	1.0
1123.8514800038147	2.0	epochs	0.0
1125.8514800038147	0.5393599999999878	epochs	0.0
1125.8514800038147	0.5393599999999878	epochs	1.0
1125.8515054038146	0.5	epochs	-1.0
1126.3515054038146	0.039334600000074715	epochs	-1.0
1126.3908400038147	21.460559999999987	epochs	0.0
1129.1569995880127	0.18047999999998865	epochs	0.0
1129.1569995880127	0.08519999999998618	epochs	1.0
1129.2421995880127	0.010080000000016298	epochs	1.0
1129.2522795880127	0.08519999999998618	epochs	1.0
1129.3374795880127	2.0	epochs	0.0
1131.3374795880127	0.5186400000000049	epochs	0.0
1131.3374795880127	0.5186400000000049	epochs	1.0
1131.3375049880126	0.5	epochs	-1.0
1131.8375049880126	0.01861460000009174	epochs	-1.0
1131.8561195880127	21.48127999999997	epochs	0.0
1134.6909999847412	0.18047999999998865	epochs	0.0
1134.6909999847412	0.08519999999998618	epochs	1.0
1134.7761999847412	0.010080000000016298	epochs	1.0
1134.7862799847412	0.08519999999998618	epochs	1.0
1134.8714799847412	2.0	epochs	0.0
1136.8714799847412	0.5196000000000822	epochs	0.0
1136.8714799847412	0.5196000000000822	epochs	1.0
1136.871505384741	0.5	epochs	-1.0
1137.371505384741	0.019574600000169085	epochs	-1.0
1137.3910799847413	21.480319999999892	epochs	0.0
1140.2739996910095	0.18047999999998865	epochs	0.0
1140.2739996910095	0.08519999999998618	epochs	1.0
1140.3591996910095	0.010080000000016298	epochs	1.0
1140.3692796910095	0.08519999999998618	epochs	1.0
1140.4544796910095	2.0	epochs	0.0
1142.4544796910095	0.5191199999999299	epochs	0.0
1142.4544796910095	0.5191199999999299	epochs	1.0
1142.4545050910094	0.5	epochs	-1.0
1142.9545050910094	0.019094600000016726	epochs	-1.0
1142.9735996910094	21.480800000000045	epochs	0.0
1167.6169996261597	0.18047999999998865	epochs	0.0
1167.6169996261597	0.08519999999998618	epochs	1.0
1167.7021996261597	0.010080000000016298	epochs	1.0
1167.7122796261597	0.08519999999998618	epochs	1.0
1167.7974796261597	0.2299199999999928	epochs	0.0
1167.7974796261597	0.049999999999954525	epochs	1.0
1167.8474796261596	0.009999999999990905	epochs	1.0
1167.8574796261596	0.049999999999954525	epochs	1.0
1167.9074796261596	0.010000000000218279	epochs	1.0
1167.9174796261598	0.049999999999954525	epochs	1.0
1167.9674796261597	0.009999999999990905	epochs	1.0
1167.9774796261597	0.04991999999992913	epochs	1.0
