onset	duration	nwb_table	treelevel
8.301000118255615	0.09999999999999964	epochs	0.0
8.301000118255615	0.04499999999999993	epochs	1.0
8.346000118255615	0.010004999999999598	epochs	1.0
8.356005118255615	0.04499500000000012	epochs	1.0
8.401000118255615	0.7049950000000003	epochs	0.0
8.401000118255615	0.5	epochs	-1.0
8.401000118255615	0.5	epochs	-1.0
8.401000118255615	0.5	epochs	1.0
8.901000118255615	0.0600000000000005	epochs	-1.0
8.901000118255615	0.025000000000000355	epochs	-1.0
8.901000118255615	0.025000000000000355	epochs	1.0
8.926000118255615	0.009999999999999787	epochs	-1.0
8.926000118255615	0.009999999999999787	epochs	1.0
8.936000118255615	0.025000000000000355	epochs	-1.0
8.936000118255615	0.025000000000000355	epochs	1.0
8.961000118255615	0.0600000000000005	epochs	-1.0
8.961000118255615	0.025000000000000355	epochs	-1.0
8.961000118255615	0.025000000000000355	epochs	1.0
8.986000118255616	0.009999999999999787	epochs	-1.0
8.986000118255616	0.009999999999999787	epochs	1.0
8.996000118255616	0.025000000000000355	epochs	-1.0
8.996000118255616	0.025000000000000355	epochs	1.0
9.021000118255616	0.05999999999999872	epochs	-1.0
9.021000118255616	0.02499999999999858	epochs	-1.0
9.021000118255616	0.02499999999999858	epochs	1.0
9.046000118255614	0.010000000000001563	epochs	-1.0
9.046000118255614	0.010000000000001563	epochs	1.0
9.056000118255616	0.02499999999999858	epochs	-1.0
9.056000118255616	0.02499999999999858	epochs	1.0
9.081000118255615	0.024995000000000545	epochs	1.0
669.0989999771118	0.10000000000002274	epochs	0.0
669.0989999771118	0.04499999999995907	epochs	1.0
669.1439999771118	0.010005000000091968	epochs	1.0
669.1540049771119	0.044994999999971697	epochs	1.0
669.1989999771118	0.7049949999999399	epochs	0.0
669.1989999771118	0.5	epochs	-1.0
669.1989999771118	0.5	epochs	1.0
669.6989999771118	0.05999999999994543	epochs	-1.0
669.6989999771118	0.024999999999977263	epochs	-1.0
669.6989999771118	0.024999999999977263	epochs	1.0
669.7239999771118	0.009999999999990905	epochs	-1.0
669.7239999771118	0.009999999999990905	epochs	1.0
669.7339999771118	0.024999999999977263	epochs	-1.0
669.7339999771118	0.024999999999977263	epochs	1.0
669.7589999771118	0.06000000000005912	epochs	-1.0
669.7589999771118	0.024999999999977263	epochs	-1.0
669.7589999771118	0.024999999999977263	epochs	1.0
669.7839999771118	0.010000000000104592	epochs	-1.0
669.7839999771118	0.010000000000104592	epochs	1.0
669.7939999771119	0.024999999999977263	epochs	-1.0
669.7939999771119	0.024999999999977263	epochs	1.0
669.8189999771118	0.05999999999994543	epochs	-1.0
669.8189999771118	0.024999999999977263	epochs	-1.0
669.8189999771118	0.024999999999977263	epochs	1.0
669.8439999771118	0.009999999999990905	epochs	-1.0
669.8439999771118	0.009999999999990905	epochs	1.0
669.8539999771118	0.024999999999977263	epochs	-1.0
669.8539999771118	0.024999999999977263	epochs	1.0
669.8789999771118	0.024994999999989886	epochs	1.0
733.6719999313354	0.10000000000002274	epochs	0.0
733.6719999313354	0.04499999999995907	epochs	1.0
733.7169999313354	0.010005000000091968	epochs	1.0
733.7270049313355	0.044994999999971697	epochs	1.0
733.7719999313355	61.384995	epochs	0.0
733.7719999313355	0.5	epochs	-1.0
733.7719999313355	0.5	epochs	-1.0
733.7719999313355	0.5	epochs	1.0
734.2719999313355	0.05999999999994543	epochs	-1.0
734.2719999313355	0.024999999999977263	epochs	-1.0
734.2719999313355	0.024999999999977263	epochs	1.0
734.2969999313354	0.009999999999990905	epochs	-1.0
734.2969999313354	0.009999999999990905	epochs	1.0
734.3069999313354	0.024999999999977263	epochs	-1.0
734.3069999313354	0.024999999999977263	epochs	1.0
734.3319999313354	0.06000000000005912	epochs	-1.0
734.3319999313354	0.024999999999977263	epochs	-1.0
734.3319999313354	0.024999999999977263	epochs	1.0
734.3569999313354	0.010000000000104592	epochs	-1.0
734.3569999313354	0.010000000000104592	epochs	1.0
734.3669999313355	0.024999999999977263	epochs	-1.0
734.3669999313355	0.024999999999977263	epochs	1.0
734.3919999313355	0.05999999999994543	epochs	-1.0
734.3919999313355	0.024999999999977263	epochs	-1.0
734.3919999313355	0.024999999999977263	epochs	1.0
734.4169999313355	0.009999999999990905	epochs	-1.0
734.4169999313355	0.009999999999990905	epochs	1.0
734.4269999313354	0.024999999999977263	epochs	-1.0
734.4269999313354	0.024999999999977263	epochs	1.0
734.4519999313354	60.0	epochs	1.0
794.4519999313354	0.5	epochs	-1.0
794.4519999313354	0.5	epochs	-1.0
794.4519999313354	0.5	epochs	1.0
794.9519999313354	0.06000000000005912	epochs	-1.0
794.9519999313354	0.024999999999977263	epochs	-1.0
794.9519999313354	0.024999999999977263	epochs	1.0
794.9769999313354	0.010000000000104592	epochs	-1.0
794.9769999313354	0.010000000000104592	epochs	1.0
794.9869999313355	0.024999999999977263	epochs	-1.0
794.9869999313355	0.024999999999977263	epochs	1.0
795.0119999313355	0.05999999999994543	epochs	-1.0
795.0119999313355	0.024999999999977263	epochs	-1.0
795.0119999313355	0.024999999999977263	epochs	1.0
795.0369999313355	0.009999999999990905	epochs	-1.0
795.0369999313355	0.009999999999990905	epochs	1.0
795.0469999313354	0.024999999999977263	epochs	-1.0
795.0469999313354	0.024999999999977263	epochs	1.0
795.0719999313354	0.06000000000005912	epochs	-1.0
795.0719999313354	0.024999999999977263	epochs	-1.0
795.0719999313354	0.024999999999977263	epochs	1.0
795.0969999313354	0.009999999999990905	epochs	-1.0
795.0969999313354	0.009999999999990905	epochs	1.0
795.1069999313354	0.02500000000009095	epochs	-1.0
795.1069999313354	0.02500000000009095	epochs	1.0
795.1319999313355	0.024994999999989886	epochs	1.0
835.3979997634888	0.10000000000002274	epochs	0.0
835.3979997634888	0.04499999999995907	epochs	1.0
835.4429997634887	0.010005000000091968	epochs	1.0
835.4530047634888	0.044994999999971697	epochs	1.0
835.4979997634888	0.7049949999999399	epochs	0.0
835.4979997634888	0.5	epochs	-1.0
835.4979997634888	0.5	epochs	-1.0
835.4979997634888	0.5	epochs	1.0
835.9979997634888	0.05999999999994543	epochs	-1.0
835.9979997634888	0.024999999999977263	epochs	-1.0
835.9979997634888	0.024999999999977263	epochs	1.0
836.0229997634888	0.009999999999990905	epochs	-1.0
836.0229997634888	0.009999999999990905	epochs	1.0
836.0329997634888	0.024999999999977263	epochs	-1.0
836.0329997634888	0.024999999999977263	epochs	1.0
836.0579997634887	0.06000000000005912	epochs	-1.0
836.0579997634887	0.024999999999977263	epochs	-1.0
836.0579997634887	0.024999999999977263	epochs	1.0
836.0829997634887	0.010000000000104592	epochs	-1.0
836.0829997634887	0.010000000000104592	epochs	1.0
836.0929997634888	0.024999999999977263	epochs	-1.0
836.0929997634888	0.024999999999977263	epochs	1.0
836.1179997634888	0.05999999999994543	epochs	-1.0
836.1179997634888	0.024999999999977263	epochs	-1.0
836.1179997634888	0.024999999999977263	epochs	1.0
836.1429997634888	0.009999999999990905	epochs	-1.0
836.1429997634888	0.009999999999990905	epochs	1.0
836.1529997634888	0.024999999999977263	epochs	-1.0
836.1529997634888	0.024999999999977263	epochs	1.0
836.1779997634887	0.024994999999989886	epochs	1.0
888.1100001335144	0.08331999999995787	epochs	0.0
888.1100001335144	0.036659999999983484	epochs	1.0
888.1466601335144	0.010020000000054097	epochs	1.0
888.1566801335144	0.03663999999992029	epochs	1.0
888.1933201335144	5.9999800000000505	epochs	0.0
888.1933201335144	0.5	epochs	1.0
888.1933334335145	0.5	epochs	-1.0
888.1933334335145	0.5	epochs	-1.0
888.6933201335144	5.0	epochs	1.0
893.6933201335144	0.4999800000000505	epochs	1.0
893.6933334335145	0.499966699999959	epochs	-1.0
903.7769999504089	0.08331999999995787	epochs	0.0
903.7769999504089	0.036659999999983484	epochs	1.0
903.8136599504089	0.010020000000054097	epochs	1.0
903.823679950409	0.03663999999992029	epochs	1.0
903.8603199504089	2.5165400000000773	epochs	0.0
903.8603199504089	0.5	epochs	1.0
903.860333250409	0.5	epochs	-1.0
904.3603199504089	1.0	epochs	1.0
905.3603199504089	1.0165400000000773	epochs	1.0
905.860333250409	0.5	epochs	-1.0
906.376859950409	0.9834399999999732	epochs	0.0
907.6110000610352	0.08331999999995787	epochs	0.0
907.6110000610352	0.036659999999983484	epochs	1.0
907.6476600610351	0.010020000000054097	epochs	1.0
907.6576800610352	0.03663999999992029	epochs	1.0
907.6943200610351	2.516520000000014	epochs	0.0
907.6943200610351	0.5	epochs	1.0
907.6943333610352	0.5	epochs	-1.0
908.1943200610351	1.0	epochs	1.0
909.1943200610351	1.016520000000014	epochs	1.0
909.6943333610352	0.5	epochs	-1.0
910.2108400610351	0.9834600000000364	epochs	0.0
911.4379997253418	0.08331999999995787	epochs	0.0
911.4379997253418	0.036659999999983484	epochs	1.0
911.4746597253418	0.010020000000054097	epochs	1.0
911.4846797253418	0.03663999999992029	epochs	1.0
911.5213197253418	2.51658000000009	epochs	0.0
911.5213197253418	0.5	epochs	1.0
911.5213330253418	0.5	epochs	-1.0
912.0213197253418	1.0	epochs	1.0
913.0213197253418	1.01658000000009	epochs	1.0
913.5213330253418	0.5	epochs	-1.0
914.0378997253418	0.9833999999999605	epochs	0.0
915.253999710083	0.08331999999995787	epochs	0.0
915.253999710083	0.036659999999983484	epochs	1.0
915.290659710083	0.010020000000054097	epochs	1.0
915.300679710083	0.03663999999992029	epochs	1.0
915.337319710083	2.516520000000014	epochs	0.0
915.337319710083	0.5	epochs	1.0
915.3373330100831	0.5	epochs	-1.0
915.837319710083	1.0	epochs	1.0
916.837319710083	1.016520000000014	epochs	1.0
917.3373330100831	0.5	epochs	-1.0
917.853839710083	0.9834600000000364	epochs	0.0
919.1510000228882	0.08331999999995787	epochs	0.0
919.1510000228882	0.036659999999983484	epochs	1.0
919.1876600228882	0.010020000000054097	epochs	1.0
919.1976800228882	0.03663999999992029	epochs	1.0
919.2343200228881	2.51658000000009	epochs	0.0
919.2343200228881	0.5	epochs	1.0
919.2343333228882	0.5	epochs	-1.0
919.7343200228881	1.0	epochs	1.0
920.7343200228881	1.01658000000009	epochs	1.0
921.2343333228882	0.5	epochs	-1.0
921.7509000228882	0.9833999999999605	epochs	0.0
923.0679998397827	0.15297999999995682	epochs	0.0
923.0679998397827	0.049999999999954525	epochs	1.0
923.1179998397827	0.0030000000000427463	epochs	1.0
923.1209998397827	0.09997999999995955	epochs	1.0
924.5840001106262	0.15297999999995682	epochs	0.0
924.5840001106262	0.049999999999954525	epochs	1.0
924.6340001106262	0.0030000000000427463	epochs	1.0
924.6370001106262	0.09997999999995955	epochs	1.0
926.0510001182556	0.15297999999995682	epochs	0.0
926.0510001182556	0.049999999999954525	epochs	1.0
926.1010001182556	0.0030000000000427463	epochs	1.0
926.1040001182556	0.09997999999995955	epochs	1.0
927.5679998397827	0.15297999999995682	epochs	0.0
927.5679998397827	0.049999999999954525	epochs	1.0
927.6179998397827	0.0030000000000427463	epochs	1.0
927.6209998397827	0.09997999999995955	epochs	1.0
929.1129999160767	0.15297999999995682	epochs	0.0
929.1129999160767	0.049999999999954525	epochs	1.0
929.1629999160766	0.0030000000000427463	epochs	1.0
929.1659999160767	0.09997999999995955	epochs	1.0
930.6630001068115	0.15297999999995682	epochs	0.0
930.6630001068115	0.049999999999954525	epochs	1.0
930.7130001068115	0.0030000000000427463	epochs	1.0
930.7160001068115	0.09997999999995955	epochs	1.0
932.2129998207092	0.15297999999995682	epochs	0.0
932.2129998207092	0.049999999999954525	epochs	1.0
932.2629998207092	0.0030000000000427463	epochs	1.0
932.2659998207092	0.09997999999995955	epochs	1.0
933.7469997406006	0.15297999999995682	epochs	0.0
933.7469997406006	0.049999999999954525	epochs	1.0
933.7969997406005	0.0030000000000427463	epochs	1.0
933.7999997406006	0.09997999999995955	epochs	1.0
935.2799997329712	0.15297999999995682	epochs	0.0
935.2799997329712	0.049999999999954525	epochs	1.0
935.3299997329711	0.0030000000000427463	epochs	1.0
935.3329997329712	0.09997999999995955	epochs	1.0
936.8629999160767	0.15297999999995682	epochs	0.0
936.8629999160767	0.049999999999954525	epochs	1.0
936.9129999160766	0.0030000000000427463	epochs	1.0
936.9159999160767	0.09997999999995955	epochs	1.0
938.4660000801086	0.15297999999995682	epochs	0.0
938.4660000801086	0.049999999999954525	epochs	1.0
938.5160000801086	0.0030000000000427463	epochs	1.0
938.5190000801086	0.09997999999995955	epochs	1.0
940.1329998970032	0.15297999999995682	epochs	0.0
940.1329998970032	0.049999999999954525	epochs	1.0
940.1829998970031	0.0030000000000427463	epochs	1.0
940.1859998970032	0.09997999999995955	epochs	1.0
941.8159999847412	0.15297999999995682	epochs	0.0
941.8159999847412	0.049999999999954525	epochs	1.0
941.8659999847412	0.0030000000000427463	epochs	1.0
941.8689999847412	0.09997999999995955	epochs	1.0
943.4159998893738	0.15297999999995682	epochs	0.0
943.4159998893738	0.049999999999954525	epochs	1.0
943.4659998893737	0.0030000000000427463	epochs	1.0
943.4689998893738	0.09997999999995955	epochs	1.0
945.0659999847412	0.15297999999995682	epochs	0.0
945.0659999847412	0.049999999999954525	epochs	1.0
945.1159999847412	0.0030000000000427463	epochs	1.0
945.1189999847412	0.09997999999995955	epochs	1.0
946.7329998016357	0.15297999999995682	epochs	0.0
946.7329998016357	0.049999999999954525	epochs	1.0
946.7829998016357	0.0030000000000427463	epochs	1.0
946.7859998016357	0.09997999999995955	epochs	1.0
948.4699997901917	0.15297999999995682	epochs	0.0
948.4699997901917	0.049999999999954525	epochs	1.0
948.5199997901916	0.0030000000000427463	epochs	1.0
948.5229997901916	0.09997999999995955	epochs	1.0
950.2199997901917	0.15297999999995682	epochs	0.0
950.2199997901917	0.049999999999954525	epochs	1.0
950.2699997901916	0.0030000000000427463	epochs	1.0
950.2729997901916	0.09997999999995955	epochs	1.0
951.936999797821	0.15297999999995682	epochs	0.0
951.936999797821	0.049999999999954525	epochs	1.0
951.986999797821	0.0030000000000427463	epochs	1.0
951.989999797821	0.09997999999995955	epochs	1.0
953.753999710083	0.15297999999995682	epochs	0.0
953.753999710083	0.049999999999954525	epochs	1.0
953.803999710083	0.0030000000000427463	epochs	1.0
953.806999710083	0.09997999999995955	epochs	1.0
955.4869999885559	0.15297999999995682	epochs	0.0
955.4869999885559	0.049999999999954525	epochs	1.0
955.5369999885559	0.0030000000000427463	epochs	1.0
955.5399999885559	0.09997999999995955	epochs	1.0
957.2699999809265	0.15297999999995682	epochs	0.0
957.2699999809265	0.049999999999954525	epochs	1.0
957.3199999809265	0.0030000000000427463	epochs	1.0
957.3229999809265	0.09997999999995955	epochs	1.0
959.1630001068115	0.15297999999995682	epochs	0.0
959.1630001068115	0.049999999999954525	epochs	1.0
959.2130001068115	0.0030000000000427463	epochs	1.0
959.2160001068115	0.09997999999995955	epochs	1.0
961.0460000038147	0.08331999999995787	epochs	0.0
961.0460000038147	0.036659999999983484	epochs	1.0
961.0826600038147	0.010020000000054097	epochs	1.0
961.0926800038147	0.03663999999992029	epochs	1.0
961.1293200038147	0.5175600000000031	epochs	0.0
961.1293200038147	0.5	epochs	1.0
961.1293333038147	0.5	epochs	-1.0
961.6293200038147	0.0030000000000427463	epochs	1.0
961.6323200038147	0.014559999999960382	epochs	1.0
961.6468800038147	1.0854199999999992	epochs	0.0
963.4629998207092	0.08331999999995787	epochs	0.0
963.4629998207092	0.036659999999983484	epochs	1.0
963.4996598207092	0.010020000000054097	epochs	1.0
963.5096798207093	0.03663999999992029	epochs	1.0
963.5463198207092	1.5165600000000268	epochs	0.0
963.5463198207092	0.5	epochs	1.0
963.5463331207093	0.5	epochs	-1.0
964.0463198207092	0.0030000000000427463	epochs	1.0
964.0493198207092	1.013559999999984	epochs	1.0
964.5493331207092	0.5	epochs	-1.0
965.0628798207092	0.08641999999997552	epochs	0.0
966.7459998130798	0.08331999999995787	epochs	0.0
966.7459998130798	0.036659999999983484	epochs	1.0
966.7826598130798	0.010020000000054097	epochs	1.0
966.7926798130799	0.03663999999992029	epochs	1.0
966.8293198130798	1.516619999999989	epochs	0.0
966.8293198130798	0.5	epochs	1.0
966.8293331130799	0.5	epochs	-1.0
967.3293198130798	0.0030000000000427463	epochs	1.0
967.3323198130798	1.0136199999999462	epochs	1.0
967.8323331130798	0.5	epochs	-1.0
968.3459398130798	0.08636000000001332	epochs	0.0
969.9000000953674	0.08331999999995787	epochs	0.0
969.9000000953674	0.036659999999983484	epochs	1.0
969.9366600953674	0.010020000000054097	epochs	1.0
969.9466800953675	0.03663999999992029	epochs	1.0
969.9833200953674	1.5165400000000773	epochs	0.0
969.9833200953674	0.5	epochs	1.0
969.9833333953675	0.5	epochs	-1.0
970.4833200953674	0.0030000000000427463	epochs	1.0
970.4863200953674	1.0135400000000345	epochs	1.0
970.9863333953674	0.5	epochs	-1.0
971.4998600953675	0.08643999999992502	epochs	0.0
973.1170001029968	0.08331999999995787	epochs	0.0
973.1170001029968	0.036659999999983484	epochs	1.0
973.1536601029968	0.010020000000054097	epochs	1.0
973.1636801029969	0.03663999999992029	epochs	1.0
973.2003201029968	1.5165400000000773	epochs	0.0
973.2003201029968	0.5	epochs	1.0
973.2003334029969	0.5	epochs	-1.0
973.7003201029968	0.0030000000000427463	epochs	1.0
973.7033201029968	1.0135400000000345	epochs	1.0
974.2033334029968	0.5	epochs	-1.0
974.7168601029969	0.08643999999992502	epochs	0.0
976.2999997138977	0.08331999999995787	epochs	0.0
976.2999997138977	0.036659999999983484	epochs	1.0
976.3366597138977	0.010020000000054097	epochs	1.0
976.3466797138977	0.03663999999992029	epochs	1.0
976.3833197138977	1.5155600000000504	epochs	0.0
976.3833197138977	0.5	epochs	1.0
976.3833330138978	0.5	epochs	-1.0
976.8833197138977	0.0030000000000427463	epochs	1.0
976.8863197138977	1.0125600000000077	epochs	1.0
977.3863330138977	0.5	epochs	-1.0
977.8988797138977	0.08741999999995187	epochs	0.0
979.6170001029968	0.6499800000000278	epochs	0.0
979.6170001029968	0.049999999999954525	epochs	1.0
979.6670001029968	0.5	epochs	1.0
980.1670001029968	0.09998000000007323	epochs	1.0
982.0199999809265	0.6499800000000278	epochs	0.0
982.0199999809265	0.049999999999954525	epochs	1.0
982.0699999809265	0.5	epochs	1.0
982.5699999809265	0.09998000000007323	epochs	1.0
984.3699998855591	0.6499800000000278	epochs	0.0
984.3699998855591	0.049999999999954525	epochs	1.0
984.419999885559	0.5	epochs	1.0
984.919999885559	0.09998000000007323	epochs	1.0
986.753999710083	0.6499800000000278	epochs	0.0
986.753999710083	0.049999999999954525	epochs	1.0
986.803999710083	0.5	epochs	1.0
987.303999710083	0.09998000000007323	epochs	1.0
989.170000076294	0.6499800000000278	epochs	0.0
989.170000076294	0.049999999999954525	epochs	1.0
989.2200000762939	0.5	epochs	1.0
989.7200000762939	0.09998000000007323	epochs	1.0
991.7020001411438	0.6499800000000278	epochs	0.0
991.7020001411438	0.049999999999954525	epochs	1.0
991.7520001411438	0.5	epochs	1.0
992.2520001411438	0.09998000000007323	epochs	1.0
994.1519999504089	0.6499800000000278	epochs	0.0
994.1519999504089	0.049999999999954525	epochs	1.0
994.2019999504089	0.5	epochs	1.0
994.7019999504089	0.09998000000007323	epochs	1.0
996.6849999427795	0.08331999999995787	epochs	0.0
996.6849999427795	0.036659999999983484	epochs	1.0
996.7216599427795	0.010020000000054097	epochs	1.0
996.7316799427796	0.03663999999992029	epochs	1.0
996.7683199427795	2.5165400000000773	epochs	0.0
996.7683199427795	0.5	epochs	1.0
996.7683332427796	0.5	epochs	-1.0
997.2683199427795	1.0	epochs	1.0
998.2683199427795	1.0165400000000773	epochs	1.0
998.7683332427796	0.5	epochs	-1.0
999.2848599427796	2.9834399999999732	epochs	0.0
1001.9159998893738	0.08331999999995787	epochs	0.0
1001.9159998893738	0.036659999999983484	epochs	1.0
1001.9526598893738	0.010020000000054097	epochs	1.0
1001.9626798893738	0.03663999999992029	epochs	1.0
1001.9993198893737	2.5165600000000268	epochs	0.0
1001.9993198893737	0.5	epochs	1.0
1001.9993331893738	0.5	epochs	-1.0
1002.4993198893737	1.0	epochs	1.0
1003.4993198893737	1.0165600000000268	epochs	1.0
1003.9993331893738	0.5	epochs	-1.0
1004.5158798893738	2.9834200000000237	epochs	0.0
1007.0989999771118	0.08331999999995787	epochs	0.0
1007.0989999771118	0.036659999999983484	epochs	1.0
1007.1356599771118	0.010020000000054097	epochs	1.0
1007.1456799771119	0.03663999999992029	epochs	1.0
1007.1823199771118	2.5165600000000268	epochs	0.0
1007.1823199771118	0.5	epochs	1.0
1007.1823332771119	0.5	epochs	-1.0
1007.6823199771118	1.0	epochs	1.0
1008.6823199771118	1.0165600000000268	epochs	1.0
1009.1823332771119	0.5	epochs	-1.0
1009.6988799771118	3.9834200000000237	epochs	0.0
1011.5980000495911	0.08331999999995787	epochs	0.0
1011.5980000495911	0.036659999999983484	epochs	1.0
1011.634660049591	0.010020000000054097	epochs	1.0
1011.6446800495911	0.03663999999992029	epochs	1.0
1011.681320049591	6.05655999999999	epochs	0.0
1011.681320049591	0.5	epochs	1.0
1011.6813333495911	0.5	epochs	-1.0
1012.181320049591	1.0	epochs	1.0
1013.181320049591	4.55655999999999	epochs	1.0
1013.6813333495911	0.5	epochs	-1.0
1014.1813333495911	0.5	epochs	-1.0
1014.6813333495911	0.5	epochs	-1.0
1015.1813333495911	0.5	epochs	-1.0
1015.6813333495911	0.5	epochs	-1.0
1016.1813333495911	0.5	epochs	-1.0
1016.6813333495911	0.5	epochs	-1.0
1017.1813333495911	0.5	epochs	-1.0
1017.737880049591	0.4434200000000601	epochs	0.0
1019.7649998664856	0.08331999999995787	epochs	0.0
1019.7649998664856	0.036659999999983484	epochs	1.0
1019.8016598664856	0.010020000000054097	epochs	1.0
1019.8116798664856	0.03663999999992029	epochs	1.0
1019.8483198664856	2.5165600000000268	epochs	0.0
1019.8483198664856	0.5	epochs	1.0
1019.8483331664856	0.5	epochs	-1.0
1020.3483198664856	1.0	epochs	1.0
1021.3483198664856	1.0165600000000268	epochs	1.0
1021.8483331664856	0.5	epochs	-1.0
1022.3648798664856	3.9834200000000237	epochs	0.0
1024.308000087738	0.08331999999995787	epochs	0.0
1024.308000087738	0.036659999999983484	epochs	1.0
1024.344660087738	0.01001999999994041	epochs	1.0
1024.354680087738	0.03664000000003398	epochs	1.0
1024.391320087738	2.517560000000003	epochs	0.0
1024.391320087738	0.5	epochs	1.0
1024.391333387738	0.5	epochs	-1.0
1024.891320087738	1.0	epochs	1.0
1025.891320087738	1.0175600000000031	epochs	1.0
1026.391333387738	0.5	epochs	-1.0
1026.908880087738	3.9824200000000474	epochs	0.0
1029.625	0.08331999999995787	epochs	0.0
1029.625	0.036659999999983484	epochs	1.0
1029.66166	0.01001999999994041	epochs	1.0
1029.67168	0.03664000000003398	epochs	1.0
1029.70832	0.5165400000000773	epochs	0.0
1029.70832	0.5	epochs	1.0
1029.7083333	0.5	epochs	-1.0
1030.20832	0.01654000000007727	epochs	1.0
1030.22486	9.983439999999973	epochs	0.0
1059.8379998207092	0.08331999999995787	epochs	0.0
1059.8379998207092	0.036659999999983484	epochs	1.0
1059.8746598207092	0.01001999999994041	epochs	1.0
1059.8846798207092	0.03664000000003398	epochs	1.0
1059.9213198207092	2.536540000000059	epochs	0.0
1059.9213198207092	0.5	epochs	1.0
1059.9213331207093	0.5	epochs	-1.0
1060.4213198207092	1.0	epochs	1.0
1061.4213198207092	1.036540000000059	epochs	1.0
1061.9213331207093	0.5	epochs	-1.0
1062.4578598207092	7.963439999999991	epochs	0.0
1075.103000164032	0.08331999999995787	epochs	0.0
1075.103000164032	0.036659999999983484	epochs	1.0
1075.139660164032	0.01001999999994041	epochs	1.0
1075.149680164032	0.03664000000003398	epochs	1.0
1075.186320164032	2.5166200000001027	epochs	0.0
1075.186320164032	0.5	epochs	1.0
1075.186333464032	0.5	epochs	-1.0
1075.686320164032	1.0	epochs	1.0
1076.686320164032	1.0166200000001027	epochs	1.0
1077.186333464032	0.5	epochs	-1.0
1077.702940164032	7.983359999999948	epochs	0.0
1090.3289999961853	0.08331999999995787	epochs	0.0
1090.3289999961853	0.036659999999983484	epochs	1.0
1090.3656599961853	0.01001999999994041	epochs	1.0
1090.3756799961852	0.03664000000003398	epochs	1.0
1090.4123199961853	0.5156799999999748	epochs	0.0
1090.4123199961853	0.5	epochs	1.0
1090.4123332961854	0.5	epochs	-1.0
1090.9123199961853	0.015679999999974825	epochs	1.0
1090.9279999961852	9.984300000000076	epochs	0.0
1105.4980001449585	0.08331999999995787	epochs	0.0
1105.4980001449585	0.036659999999983484	epochs	1.0
1105.5346601449585	0.01001999999994041	epochs	1.0
1105.5446801449584	0.03664000000003398	epochs	1.0
1105.5813201449585	2.5165200000001278	epochs	0.0
1105.5813201449585	0.5	epochs	1.0
1105.5813334449585	0.5	epochs	-1.0
1106.0813201449585	1.0	epochs	1.0
1107.0813201449585	1.0165200000001278	epochs	1.0
1107.5813334449585	0.5	epochs	-1.0
1108.0978401449586	7.983459999999923	epochs	0.0
1120.590000152588	0.08331999999995787	epochs	0.0
1120.590000152588	0.036659999999983484	epochs	1.0
1120.6266601525879	0.01001999999994041	epochs	1.0
1120.6366801525878	0.03664000000003398	epochs	1.0
1120.6733201525878	2.516640000000052	epochs	0.0
1120.6733201525878	0.5	epochs	1.0
1120.673333452588	0.5	epochs	-1.0
1121.1733201525878	1.0	epochs	1.0
1122.1733201525878	1.0166400000000522	epochs	1.0
1122.673333452588	0.5	epochs	-1.0
1123.189960152588	7.983339999999998	epochs	0.0
1135.7519998550415	0.08331999999995787	epochs	0.0
1135.7519998550415	0.036659999999983484	epochs	1.0
1135.7886598550415	0.01001999999994041	epochs	1.0
1135.7986798550414	0.03664000000003398	epochs	1.0
1135.8353198550415	3.017560000000003	epochs	0.0
1135.8353198550415	0.5	epochs	1.0
1135.8353331550416	0.5	epochs	-1.0
1136.3353198550415	1.0	epochs	1.0
1137.3353198550415	1.5175600000000031	epochs	1.0
1137.8353331550416	0.5	epochs	-1.0
1138.3353331550416	0.5	epochs	-1.0
1138.8528798550415	7.482420000000047	epochs	0.0
1150.893000125885	0.08331999999995787	epochs	0.0
1150.893000125885	0.036659999999983484	epochs	1.0
1150.929660125885	0.01001999999994041	epochs	1.0
1150.939680125885	0.03664000000003398	epochs	1.0
1150.976320125885	4.016660000000002	epochs	0.0
1150.976320125885	0.5	epochs	1.0
1150.976333425885	0.5	epochs	-1.0
1151.476320125885	1.0	epochs	1.0
1152.476320125885	2.5166600000000017	epochs	1.0
1152.976333425885	0.5	epochs	-1.0
1153.476333425885	0.5	epochs	-1.0
1153.976333425885	0.5	epochs	-1.0
1154.476333425885	0.5	epochs	-1.0
1154.992980125885	6.483320000000049	epochs	0.0
1166.1189999580383	0.08331999999995787	epochs	0.0
1166.1189999580383	0.036659999999983484	epochs	1.0
1166.1556599580383	0.01001999999994041	epochs	1.0
1166.1656799580383	0.03664000000003398	epochs	1.0
1166.2023199580383	3.536579999999958	epochs	0.0
1166.2023199580383	0.5	epochs	1.0
1166.2023332580384	0.5	epochs	-1.0
1166.7023199580383	1.0	epochs	1.0
1167.7023199580383	2.036579999999958	epochs	1.0
1168.2023332580384	0.5	epochs	-1.0
1168.7023332580384	0.5	epochs	-1.0
1169.2023332580384	0.5	epochs	-1.0
1169.7388999580382	6.963400000000092	epochs	0.0
1181.2490000724792	0.08331999999995787	epochs	0.0
1181.2490000724792	0.036659999999983484	epochs	1.0
1181.2856600724792	0.01001999999994041	epochs	1.0
1181.2956800724792	0.03664000000003398	epochs	1.0
1181.3323200724792	10.49998000000005	epochs	0.0
1181.3323200724792	0.5	epochs	1.0
1181.3323333724793	0.5	epochs	-1.0
1181.8323200724792	1.0	epochs	1.0
1182.8323200724792	8.99998000000005	epochs	1.0
1183.3323333724793	0.5	epochs	-1.0
1183.8323333724793	0.5	epochs	-1.0
1184.3323333724793	0.5	epochs	-1.0
1184.8323333724793	0.5	epochs	-1.0
1185.3323333724793	0.5	epochs	-1.0
1185.8323333724793	0.5	epochs	-1.0
1186.3323333724793	0.5	epochs	-1.0
1186.8323333724793	0.5	epochs	-1.0
1187.3323333724793	0.5	epochs	-1.0
1187.8323333724793	0.5	epochs	-1.0
1188.3323333724793	0.5	epochs	-1.0
1188.8323333724793	0.5	epochs	-1.0
1189.3323333724793	0.5	epochs	-1.0
1189.8323333724793	0.5	epochs	-1.0
1190.3323333724793	0.5	epochs	-1.0
1190.8323333724793	0.5	epochs	-1.0
1196.3410000801086	0.08331999999995787	epochs	0.0
1196.3410000801086	0.036659999999983484	epochs	1.0
1196.3776600801086	0.01001999999994041	epochs	1.0
1196.3876800801086	0.03664000000003398	epochs	1.0
1196.4243200801086	5.05655999999999	epochs	0.0
1196.4243200801086	0.5	epochs	1.0
1196.4243333801087	0.5	epochs	-1.0
1196.9243200801086	1.0	epochs	1.0
1197.9243200801086	3.5565599999999904	epochs	1.0
1198.4243333801087	0.5	epochs	-1.0
1198.9243333801087	0.5	epochs	-1.0
1199.4243333801087	0.5	epochs	-1.0
1199.9243333801087	0.5	epochs	-1.0
1200.4243333801087	0.5	epochs	-1.0
1200.9243333801087	0.5	epochs	-1.0
1201.4808800801086	5.44342000000006	epochs	0.0
1211.5910000801086	0.08331999999995787	epochs	0.0
1211.5910000801086	0.036659999999983484	epochs	1.0
1211.6276600801086	0.01001999999994041	epochs	1.0
1211.6376800801086	0.03664000000003398	epochs	1.0
1211.6743200801086	0.5175799999999526	epochs	0.0
1211.6743200801086	0.5	epochs	1.0
1211.6743333801087	0.5	epochs	-1.0
1212.1743200801086	0.017579999999952634	epochs	1.0
1212.1919000801086	9.982400000000098	epochs	0.0
1242.0060000419617	0.08331999999995787	epochs	0.0
1242.0060000419617	0.036659999999983484	epochs	1.0
1242.0426600419617	0.01001999999994041	epochs	1.0
1242.0526800419616	0.03664000000003398	epochs	1.0
1242.0893200419616	6.55655999999999	epochs	0.0
1242.0893200419616	0.5	epochs	1.0
1242.0893333419617	0.5	epochs	-1.0
1242.5893200419616	1.0	epochs	1.0
1243.5893200419616	5.05655999999999	epochs	1.0
1244.0893333419617	0.5	epochs	-1.0
1244.5893333419617	0.5	epochs	-1.0
1245.0893333419617	0.5	epochs	-1.0
1245.5893333419617	0.5	epochs	-1.0
1246.0893333419617	0.5	epochs	-1.0
1246.5893333419617	0.5	epochs	-1.0
1247.0893333419617	0.5	epochs	-1.0
1247.5893333419617	0.5	epochs	-1.0
1248.0893333419617	0.5	epochs	-1.0
1248.6458800419616	3.94342000000006	epochs	0.0
1257.1040000915527	0.08331999999995787	epochs	0.0
1257.1040000915527	0.036659999999983484	epochs	1.0
1257.1406600915527	0.01001999999994041	epochs	1.0
1257.1506800915527	0.03664000000003398	epochs	1.0
1257.1873200915527	10.49998000000005	epochs	0.0
1257.1873200915527	0.5	epochs	1.0
1257.1873333915528	0.5	epochs	-1.0
1257.6873200915527	1.0	epochs	1.0
1258.6873200915527	8.99998000000005	epochs	1.0
1259.1873333915528	0.5	epochs	-1.0
1259.6873333915528	0.5	epochs	-1.0
1260.1873333915528	0.5	epochs	-1.0
1260.6873333915528	0.5	epochs	-1.0
1261.1873333915528	0.5	epochs	-1.0
1261.6873333915528	0.5	epochs	-1.0
1262.1873333915528	0.5	epochs	-1.0
1262.6873333915528	0.5	epochs	-1.0
1263.1873333915528	0.5	epochs	-1.0
1263.6873333915528	0.5	epochs	-1.0
1264.1873333915528	0.5	epochs	-1.0
1264.6873333915528	0.5	epochs	-1.0
1265.1873333915528	0.5	epochs	-1.0
1265.6873333915528	0.5	epochs	-1.0
1266.1873333915528	0.5	epochs	-1.0
1266.6873333915528	0.5	epochs	-1.0
1272.3709998130798	0.08331999999995787	epochs	0.0
1272.3709998130798	0.036659999999983484	epochs	1.0
1272.4076598130798	0.01001999999994041	epochs	1.0
1272.4176798130798	0.03664000000003398	epochs	1.0
1272.4543198130798	10.49998000000005	epochs	0.0
1272.4543198130798	0.5	epochs	1.0
1272.4543331130799	0.5	epochs	-1.0
1272.9543198130798	1.0	epochs	1.0
1273.9543198130798	8.99998000000005	epochs	1.0
1274.4543331130799	0.5	epochs	-1.0
1274.9543331130799	0.5	epochs	-1.0
1275.4543331130799	0.5	epochs	-1.0
1275.9543331130799	0.5	epochs	-1.0
1276.4543331130799	0.5	epochs	-1.0
1276.9543331130799	0.5	epochs	-1.0
1277.4543331130799	0.5	epochs	-1.0
1277.9543331130799	0.5	epochs	-1.0
1278.4543331130799	0.5	epochs	-1.0
1278.9543331130799	0.5	epochs	-1.0
1279.4543331130799	0.5	epochs	-1.0
1279.9543331130799	0.5	epochs	-1.0
1280.4543331130799	0.5	epochs	-1.0
1280.9543331130799	0.5	epochs	-1.0
1281.4543331130799	0.5	epochs	-1.0
1281.9543331130799	0.5	epochs	-1.0
1287.5510001182556	0.08331999999995787	epochs	0.0
1287.5510001182556	0.036659999999983484	epochs	1.0
1287.5876601182556	0.01001999999994041	epochs	1.0
1287.5976801182555	0.03664000000003398	epochs	1.0
1287.6343201182556	0.5175799999999526	epochs	0.0
1287.6343201182556	0.5	epochs	1.0
1287.6343334182557	0.5	epochs	-1.0
1288.1343201182556	0.017579999999952634	epochs	1.0
1288.1519001182555	9.982400000000098	epochs	0.0
1317.6710000038147	0.08331999999995787	epochs	0.0
1317.6710000038147	0.036659999999983484	epochs	1.0
1317.7076600038147	0.01001999999994041	epochs	1.0
1317.7176800038146	0.03664000000003398	epochs	1.0
1317.7543200038147	4.036540000000059	epochs	0.0
1317.7543200038147	0.5	epochs	1.0
1317.7543333038147	0.5	epochs	-1.0
1318.2543200038147	1.0	epochs	1.0
1319.2543200038147	2.536540000000059	epochs	1.0
1319.7543333038147	0.5	epochs	-1.0
1320.2543333038147	0.5	epochs	-1.0
1320.7543333038147	0.5	epochs	-1.0
1321.2543333038147	0.5	epochs	-1.0
1321.7908600038147	6.463439999999991	epochs	0.0
1332.883999824524	0.08331999999995787	epochs	0.0
1332.883999824524	0.036659999999983484	epochs	1.0
1332.920659824524	0.01001999999994041	epochs	1.0
1332.9306798245238	0.03664000000003398	epochs	1.0
1332.9673198245239	5.536579999999958	epochs	0.0
1332.9673198245239	0.5	epochs	1.0
1332.967333124524	0.5	epochs	-1.0
1333.4673198245239	1.0	epochs	1.0
1334.4673198245239	4.036579999999958	epochs	1.0
1334.967333124524	0.5	epochs	-1.0
1335.467333124524	0.5	epochs	-1.0
1335.967333124524	0.5	epochs	-1.0
1336.467333124524	0.5	epochs	-1.0
1336.967333124524	0.5	epochs	-1.0
1337.467333124524	0.5	epochs	-1.0
1337.967333124524	0.5	epochs	-1.0
1338.5038998245238	4.963400000000092	epochs	0.0
1348.244999885559	0.08331999999995787	epochs	0.0
1348.244999885559	0.036659999999983484	epochs	1.0
1348.281659885559	0.01001999999994041	epochs	1.0
1348.291679885559	0.03664000000003398	epochs	1.0
1348.328319885559	15.038400000000138	epochs	0.0
1348.328319885559	0.5	epochs	1.0
1348.3283331855591	0.5	epochs	-1.0
1348.828319885559	14.538400000000138	epochs	1.0
1362.3658198855592	1.0009000000000015	epochs	-1.0
1362.3658198855592	0.040899999999965075	epochs	-1.0
1362.863333185559	0.5	epochs	-1.0
1363.3667198855592	4.461579999999913	epochs	0.0
1367.0780000686646	0.08331999999995787	epochs	0.0
1367.0780000686646	0.036659999999983484	epochs	1.0
1367.1146600686645	0.01001999999994041	epochs	1.0
1367.1246800686645	0.03664000000003398	epochs	1.0
1367.1613200686645	14.137380000000121	epochs	0.0
1367.1613200686645	0.5	epochs	1.0
1367.1613333686646	0.5	epochs	-1.0
1367.6613200686645	13.637380000000121	epochs	1.0
1380.2978200686646	1.000880000000052	epochs	-1.0
1380.2978200686646	0.03991999999993823	epochs	-1.0
1380.7953333686646	0.5	epochs	-1.0
1381.2987000686646	5.362599999999929	epochs	0.0
1384.4720001220703	0.08331999999995787	epochs	0.0
1384.4720001220703	0.036659999999983484	epochs	1.0
1384.5086601220703	0.01001999999994041	epochs	1.0
1384.5186801220702	0.03664000000003398	epochs	1.0
1384.5553201220703	13.537399999999934	epochs	0.0
1384.5553201220703	0.5	epochs	1.0
1384.5553334220704	0.5	epochs	-1.0
1385.0553201220703	13.037399999999934	epochs	1.0
1397.0918401220704	1.0008799999998246	epochs	-1.0
1397.0918401220704	0.03985999999986234	epochs	-1.0
1397.5893534220704	0.5	epochs	-1.0
1398.0927201220702	5.962580000000116	epochs	0.0
1401.4809999465942	0.08331999999995787	epochs	0.0
1401.4809999465942	0.036659999999983484	epochs	1.0
1401.5176599465942	0.01001999999994041	epochs	1.0
1401.5276799465942	0.03664000000003398	epochs	1.0
1401.5643199465942	19.398339999999962	epochs	0.0
1401.5643199465942	0.5	epochs	1.0
1401.5643332465943	0.5	epochs	-1.0
1402.0643199465942	16.0	epochs	1.0
1416.9617999465943	4.000859999999875	epochs	-1.0
1416.9617999465943	0.03988000000003922	epochs	-1.0
1417.4584732465942	0.5	epochs	-1.0
1417.9584732465942	0.5	epochs	-1.0
1418.0643199465942	2.898339999999962	epochs	1.0
1418.4584732465942	0.5	epochs	-1.0
1418.9584732465942	0.5	epochs	-1.0
1419.4584732465942	0.5	epochs	-1.0
1419.9584732465942	0.5	epochs	-1.0
1420.4584732465942	0.5	epochs	-1.0
1420.9626599465942	0.10164000000008855	epochs	0.0
1424.8979997634888	0.08331999999995787	epochs	0.0
1424.8979997634888	0.036659999999983484	epochs	1.0
1424.9346597634888	0.01001999999994041	epochs	1.0
1424.9446797634887	0.03664000000003398	epochs	1.0
1424.9813197634887	19.49998000000005	epochs	0.0
1424.9813197634887	0.5	epochs	1.0
1424.9813330634888	0.5	epochs	-1.0
1425.4813197634887	16.0	epochs	1.0
1440.8377797634887	3.6435200000000805	epochs	-1.0
1440.8377797634887	0.0399200000001656	epochs	-1.0
1441.3327930634887	0.5	epochs	-1.0
1441.4813197634887	2.9999800000000505	epochs	1.0
1441.8327930634887	0.5	epochs	-1.0
1442.3327930634887	0.5	epochs	-1.0
1442.8327930634887	0.5	epochs	-1.0
1443.3327930634887	0.5	epochs	-1.0
1443.8327930634887	0.5	epochs	-1.0
1447.9400000572205	0.08331999999995787	epochs	0.0
1447.9400000572205	0.036659999999983484	epochs	1.0
1447.9766600572204	0.01001999999994041	epochs	1.0
1447.9866800572204	0.03664000000003398	epochs	1.0
1448.0233200572204	17.536479999999983	epochs	0.0
1448.0233200572204	0.5	epochs	1.0
1448.0233333572205	0.5	epochs	-1.0
1448.5233200572204	16.0	epochs	1.0
1464.5233200572204	1.0364799999999832	epochs	1.0
1465.0183333572204	0.5	epochs	-1.0
1465.5598000572204	1.9635000000000673	epochs	0.0
1469.075999736786	0.08331999999995787	epochs	0.0
1469.075999736786	0.036659999999983484	epochs	1.0
1469.1126597367859	0.01001999999994041	epochs	1.0
1469.1226797367858	0.03664000000003398	epochs	1.0
1469.1593197367858	17.517479999999978	epochs	0.0
1469.1593197367858	0.5	epochs	1.0
1469.159333036786	0.5	epochs	-1.0
1469.6593197367858	16.0	epochs	1.0
1485.6593197367858	1.0174799999999777	epochs	1.0
1486.149333036786	0.5	epochs	-1.0
1486.6767997367858	1.9825000000000728	epochs	0.0
1518.2109999656677	0.08328000000005886	epochs	0.0
1518.2109999656677	0.03664000000003398	epochs	1.0
1518.2476399656678	0.010080000000016298	epochs	1.0
1518.2577199656678	0.036560000000008586	epochs	1.0
1518.2942799656678	2.0	epochs	0.0
1520.2942799656678	21.556319999999914	epochs	0.0
1520.2942799656678	1.0	epochs	1.0
1520.2943332656678	0.5	epochs	-1.0
1520.7943332656678	19.999599999999873	epochs	-1.0
1521.2942799656678	20.0	epochs	1.0
1521.2942799656678	8.000000002539309e-05	epochs	2.0
1521.2943599656678	4.356719999999996	epochs	-1.0
1521.2943599656678	1.974559999999883	epochs	2.0
1521.2943599656678	1.0985599999999067	epochs	3.0
1522.3929199656677	0.8759999999999764	epochs	3.0
1523.2689199656677	1.3523999999999887	epochs	2.0
1523.2689199656677	0.7286400000000413	epochs	3.0
1523.9975599656677	0.6237599999999475	epochs	3.0
1524.6213199656677	1.029760000000124	epochs	2.0
1524.6213199656677	0.5453600000000733	epochs	3.0
1525.1666799656678	0.48440000000005057	epochs	3.0
1525.6510799656678	0.8317600000000311	epochs	2.0
1525.6510799656678	0.4357599999998456	epochs	3.0
1526.0868399656677	0.39600000000018554	epochs	3.0
1526.4828399656678	0.6978399999998146	epochs	2.0
1526.4828399656678	0.3628799999999046	epochs	3.0
1526.8457199656677	0.33495999999991	epochs	3.0
1527.1806799656677	0.6010400000000118	epochs	2.0
1527.1806799656677	0.3108799999999974	epochs	3.0
1527.4915599656676	0.2901600000000144	epochs	3.0
1527.7817199656677	0.5278399999999692	epochs	2.0
1527.7817199656677	0.2719200000001365	epochs	3.0
1528.0536399656678	0.2559199999998327	epochs	3.0
1528.3095599656676	0.47064000000000306	epochs	2.0
1528.3095599656676	0.2416800000000876	epochs	3.0
1528.5512399656677	0.22895999999991545	epochs	3.0
1528.7801999656676	0.4245600000001559	epochs	2.0
1528.7801999656676	0.2174400000001242	epochs	3.0
1528.9976399656678	0.20712000000003172	epochs	3.0
1529.2047599656678	0.3867199999999684	epochs	2.0
1529.2047599656678	0.1976799999999912	epochs	3.0
1529.4024399656678	0.18903999999997723	epochs	3.0
1529.5914799656678	0.3551199999999426	epochs	2.0
1529.5914799656678	0.1811999999999898	epochs	3.0
1529.7726799656677	0.17391999999995278	epochs	3.0
1529.9465999656677	0.3282400000000507	epochs	2.0
1529.9465999656677	0.1672000000000935	epochs	3.0
1530.1137999656678	0.16103999999995722	epochs	3.0
1530.2748399656678	0.30520000000001346	epochs	2.0
1530.2748399656678	0.1552799999999479	epochs	3.0
1530.4301199656677	0.14992000000006556	epochs	3.0
1530.5800399656678	0.28512000000000626	epochs	2.0
1530.5800399656678	0.1448800000000574	epochs	3.0
1530.7249199656678	0.14023999999994885	epochs	3.0
1530.8651599656678	0.26751999999987675	epochs	2.0
1530.8651599656678	0.13583999999991647	epochs	3.0
1531.0009999656677	0.13167999999996027	epochs	3.0
1531.1326799656676	0.2520799999999781	epochs	2.0
1531.1326799656676	0.12784000000010565	epochs	3.0
1531.2605199656678	0.12423999999987245	epochs	3.0
1531.3847599656676	0.23816000000010717	epochs	2.0
1531.3847599656676	0.1207200000001194	epochs	3.0
1531.5054799656677	0.11743999999998778	epochs	3.0
1531.6229199656677	0.225840000000062	epochs	2.0
1531.6229199656677	0.11439999999993233	epochs	3.0
1531.7373199656677	0.11144000000012966	epochs	3.0
1531.8487599656678	0.21463999999991756	epochs	2.0
1531.8487599656678	0.10863999999992302	epochs	3.0
1531.9573999656677	0.10599999999999454	epochs	3.0
1532.0633999656677	0.20448000000010325	epochs	2.0
1532.0633999656677	0.10344000000009146	epochs	3.0
1532.1668399656678	0.10104000000001179	epochs	3.0
1532.2678799656678	0.19535999999993692	epochs	2.0
1532.2678799656678	0.0987999999999829	epochs	3.0
1532.3666799656678	0.09655999999995402	epochs	3.0
1532.4632399656678	0.18695999999999913	epochs	2.0
1532.4632399656678	0.09447999999997592	epochs	3.0
1532.5577199656677	0.09248000000002321	epochs	3.0
1532.6501999656678	0.1792000000000371	epochs	2.0
1532.6501999656678	0.0904800000000705	epochs	3.0
1532.7406799656678	0.0887199999999666	epochs	3.0
1532.8293999656678	0.17207999999982349	epochs	2.0
1532.8293999656678	0.08687999999983731	epochs	3.0
1532.9162799656676	0.08519999999998618	epochs	3.0
1533.0014799656676	0.165520000000015	epochs	2.0
1533.0014799656676	0.08360000000016043	epochs	3.0
1533.0850799656678	0.08191999999985455	epochs	3.0
1533.1669999656676	0.15952000000015687	epochs	2.0
1533.1669999656676	0.0804800000000796	epochs	3.0
1533.2474799656677	0.07904000000007727	epochs	3.0
1533.3265199656678	0.15375999999992018	epochs	2.0
1533.3265199656678	0.07759999999984757	epochs	3.0
1533.4041199656676	0.07616000000007261	epochs	3.0
1533.4802799656677	0.14856000000008862	epochs	2.0
1533.4802799656677	0.07495999999991909	epochs	3.0
1533.5552399656676	0.07360000000016953	epochs	3.0
1533.6288399656678	0.14367999999990388	epochs	2.0
1533.6288399656678	0.0724800000000414	epochs	3.0
1533.7013199656678	0.07119999999986248	epochs	3.0
1533.7725199656677	0.1390400000000227	epochs	2.0
1533.7725199656677	0.07007999999996173	epochs	3.0
1533.8425999656677	0.06896000000006097	epochs	3.0
1533.9115599656677	0.13472000000001572	epochs	2.0
1533.9115599656677	0.06791999999995824	epochs	3.0
1533.9794799656677	0.06680000000005748	epochs	3.0
1534.0462799656677	0.13071999999988293	epochs	2.0
1534.0462799656677	0.06583999999998014	epochs	3.0
1534.1121199656677	0.0648799999999028	epochs	3.0
1534.1769999656676	0.1268000000000029	epochs	2.0
1534.1769999656676	0.06384000000002743	epochs	3.0
1534.2408399656676	0.06295999999997548	epochs	3.0
1534.3037999656676	0.12328000000002248	epochs	2.0
1534.3037999656676	0.0620800000001509	epochs	3.0
1534.3658799656678	0.06119999999987158	epochs	3.0
1534.4270799656676	0.11984000000006745	epochs	2.0
1534.4270799656676	0.060320000000047	epochs	3.0
1534.4873999656677	0.059520000000020445	epochs	3.0
1534.5469199656677	0.11663999999996122	epochs	2.0
1534.5469199656677	0.05871999999999389	epochs	3.0
1534.6056399656677	0.05791999999996733	epochs	3.0
1534.6635599656677	0.11360000000013315	epochs	2.0
1534.6635599656677	0.05719999999996617	epochs	3.0
1534.7207599656676	0.05640000000016698	epochs	3.0
1534.7771599656678	0.11071999999990112	epochs	2.0
1534.7771599656678	0.055679999999938445	epochs	3.0
1534.8328399656677	0.055039999999962674	epochs	3.0
1534.8878799656677	0.10791999999992186	epochs	2.0
1534.8878799656677	0.05423999999993612	epochs	3.0
1534.9421199656676	0.05367999999998574	epochs	3.0
1534.9957999656676	0.10527999999999338	epochs	2.0
1534.9957999656676	0.052959999999984575	epochs	3.0
1535.0487599656676	0.052320000000008804	epochs	3.0
1535.1010799656676	0.10288000000014108	epochs	2.0
1535.1010799656676	0.051760000000058426	epochs	3.0
1535.1528399656677	0.051120000000082655	epochs	3.0
1535.2039599656678	0.10040000000003602	epochs	2.0
1535.2039599656678	0.05047999999987951	epochs	3.0
1535.2544399656676	0.049920000000156506	epochs	3.0
1535.3043599656678	0.09824000000003252	epochs	2.0
1535.3043599656678	0.049359999999978754	epochs	3.0
1535.3537199656678	0.04888000000005377	epochs	3.0
1535.4025999656678	0.09600000000000364	epochs	2.0
1535.4025999656678	0.048239999999850625	epochs	3.0
1535.4508399656677	0.04776000000015301	epochs	3.0
1535.4985999656678	0.09391999999979816	epochs	2.0
1535.4985999656678	0.04719999999997526	epochs	3.0
1535.5457999656678	0.0467199999998229	epochs	3.0
1535.5925199656676	0.09192000000007283	epochs	2.0
1535.5925199656676	0.0461600000000999	epochs	3.0
1535.6386799656677	0.04575999999997293	epochs	3.0
1535.6844399656677	0.09007999999994354	epochs	2.0
1535.6844399656677	0.04528000000004795	epochs	3.0
1535.7297199656678	0.04479999999989559	epochs	3.0
1535.7745199656677	0.08816000000001623	epochs	2.0
1535.7745199656677	0.044319999999970605	epochs	3.0
1535.8188399656676	0.04384000000004562	epochs	3.0
1535.8626799656677	0.08648000000016509	epochs	2.0
1535.8626799656677	0.04344000000014603	epochs	3.0
1535.9061199656678	0.04304000000001906	epochs	3.0
1535.9491599656678	0.08471999999983382	epochs	2.0
1535.9491599656678	0.042559999999866704	epochs	3.0
1535.9917199656677	0.04215999999996711	epochs	3.0
1536.0338799656677	0.08320000000003347	epochs	2.0
1536.0338799656677	0.04176000000006752	epochs	3.0
1536.0756399656677	0.04143999999996595	epochs	3.0
1536.1170799656677	0.08151999999995496	epochs	2.0
1536.1170799656677	0.040960000000040964	epochs	3.0
1536.1580399656677	0.040559999999914	epochs	3.0
1536.1985999656677	0.08008000000018001	epochs	2.0
1536.1985999656677	0.0402400000000398	epochs	3.0
1536.2388399656677	0.03984000000014021	epochs	3.0
1536.2786799656678	0.0786399999999503	epochs	2.0
1536.2786799656678	0.03951999999981126	epochs	3.0
1536.3181999656676	0.039120000000139044	epochs	3.0
1536.3573199656678	0.07719999999994798	epochs	2.0
1536.3573199656678	0.03880000000003747	epochs	3.0
1536.3961199656678	0.038399999999910506	epochs	3.0
1536.4345199656677	0.07591999999999643	epochs	2.0
1536.4345199656677	0.0381600000000617	epochs	3.0
1536.4726799656678	0.037759999999934735	epochs	3.0
1536.5104399656677	0.0745600000000195	epochs	2.0
1536.5104399656677	0.037440000000060536	epochs	3.0
1536.5478799656678	0.037119999999958964	epochs	3.0
1536.5849999656677	0.07335999999986598	epochs	2.0
1536.5849999656677	0.036800000000084765	epochs	3.0
1536.6217999656678	0.03655999999978121	epochs	3.0
1536.6583599656676	0.07208000000014181	epochs	2.0
1536.6583599656676	0.036160000000108994	epochs	3.0
1536.6945199656677	0.035920000000032815	epochs	3.0
1536.7304399656678	0.07087999999998829	epochs	2.0
1536.7304399656678	0.03559999999993124	epochs	3.0
1536.7660399656677	0.035280000000057044	epochs	3.0
1536.8013199656677	0.06983999999988555	epochs	2.0
1536.8013199656677	0.035039999999980864	epochs	3.0
1536.8363599656677	0.034799999999904685	epochs	3.0
1536.8711599656676	0.06864000000018677	epochs	2.0
1536.8711599656676	0.034480000000030486	epochs	3.0
1536.9056399656677	0.03416000000015629	epochs	3.0
1536.9397999656678	0.06759999999985666	epochs	2.0
1536.9397999656678	0.033919999999852735	epochs	3.0
1536.9737199656677	0.03368000000000393	epochs	3.0
1537.0073999656677	0.0665599999999813	epochs	2.0
1537.0073999656677	0.03344000000015512	epochs	3.0
1537.0408399656678	0.03311999999982618	epochs	3.0
1537.0739599656677	0.06560000000013133	epochs	2.0
1537.0739599656677	0.032960000000002765	epochs	3.0
1537.1069199656677	0.032640000000128566	epochs	3.0
1537.1395599656678	0.0645600000000286	epochs	2.0
1537.1395599656678	0.03239999999982501	epochs	3.0
1537.1719599656676	0.03216000000020358	epochs	3.0
1537.2041199656678	0.06367999999997664	epochs	2.0
1537.2041199656678	0.03199999999992542	epochs	3.0
1537.2361199656677	0.03168000000005122	epochs	3.0
1537.2677999656678	0.0627199999998993	epochs	2.0
1537.2677999656678	0.03143999999997504	epochs	3.0
1537.2992399656678	0.03127999999992426	epochs	3.0
1537.3305199656677	0.061840000000074724	epochs	2.0
1537.3305199656677	0.03104000000007545	epochs	3.0
1537.3615599656678	0.030799999999999272	epochs	3.0
1537.3923599656678	0.060960000000022774	epochs	2.0
1537.3923599656678	0.030559999999923093	epochs	3.0
1537.4229199656677	0.03040000000009968	epochs	3.0
1537.4533199656678	0.060159999999996217	epochs	2.0
1537.4533199656678	0.0301600000000235	epochs	3.0
1537.4834799656678	0.029999999999972715	epochs	3.0
1537.5134799656678	0.059279999999944266	epochs	2.0
1537.5134799656678	0.029679999999871143	epochs	3.0
1537.5431599656677	0.029600000000073123	epochs	3.0
1537.5727599656677	0.05847999999991771	epochs	2.0
1537.5727599656677	0.029359999999996944	epochs	3.0
1537.6021199656677	0.029119999999920765	epochs	3.0
1537.6312399656676	0.05776000000014392	epochs	2.0
1537.6312399656676	0.028960000000097352	epochs	3.0
1537.6601999656677	0.028800000000046566	epochs	3.0
1537.6889999656678	0.05695999999988999	epochs	2.0
1537.6889999656678	0.028559999999970387	epochs	3.0
1537.7175599656678	0.0283999999999196	epochs	3.0
1537.7459599656677	0.0562400000001162	epochs	2.0
1537.7459599656677	0.028160000000070795	epochs	3.0
1537.7741199656678	0.028080000000045402	epochs	3.0
1537.8021999656678	0.055439999999862266	epochs	2.0
1537.8021999656678	0.027839999999969223	epochs	3.0
1537.8300399656678	0.027599999999893043	epochs	3.0
1537.8576399656677	0.05488000000013926	epochs	2.0
1537.8576399656677	0.027520000000095024	epochs	3.0
1537.8851599656678	0.027360000000044238	epochs	3.0
1537.9125199656678	0.05407999999988533	epochs	2.0
1537.9125199656678	0.02711999999996806	epochs	3.0
1537.9396399656678	0.026959999999917272	epochs	3.0
1537.9665999656677	0.053440000000136934	epochs	2.0
1537.9665999656677	0.02680000000009386	epochs	3.0
1537.9933999656678	0.026640000000043074	epochs	3.0
1538.0200399656678	0.05287999999995918	epochs	2.0
1538.0200399656678	0.026479999999992287	epochs	3.0
1538.0465199656678	0.026399999999966894	epochs	3.0
1538.0729199656678	0.05215999999995802	epochs	2.0
1538.0729199656678	0.026159999999890715	epochs	3.0
1538.0990799656677	0.026000000000067303	epochs	3.0
1538.1250799656677	0.05151999999998225	epochs	2.0
1538.1250799656677	0.025840000000016516	epochs	3.0
1538.1509199656678	0.02567999999996573	epochs	3.0
1538.1765999656677	0.05096000000003187	epochs	2.0
1538.1765999656677	0.025599999999940337	epochs	3.0
1538.2021999656677	0.02536000000009153	epochs	3.0
1538.2275599656678	0.05040000000008149	epochs	2.0
1538.2275599656678	0.02528000000006614	epochs	3.0
1538.2528399656678	0.025120000000015352	epochs	3.0
1538.2779599656678	0.049759999999878346	epochs	2.0
1538.2779599656678	0.024959999999964566	epochs	3.0
1538.3029199656678	0.02479999999991378	epochs	3.0
1538.3277199656677	0.04919999999992797	epochs	2.0
1538.3277199656677	0.024640000000090367	epochs	3.0
1538.3523599656678	0.0245599999998376	epochs	3.0
1538.3769199656676	0.04872000000000298	epochs	2.0
1538.3769199656676	0.024400000000014188	epochs	3.0
1538.4013199656677	0.024319999999988795	epochs	3.0
1538.4256399656676	0.04808000000002721	epochs	2.0
1538.4256399656676	0.02408000000013999	epochs	3.0
1538.4497199656678	0.023999999999887223	epochs	3.0
1538.4737199656677	0.04760000000010223	epochs	2.0
1538.4737199656677	0.02384000000006381	epochs	3.0
1538.4975599656677	0.023760000000038417	epochs	3.0
1538.5213199656678	0.04711999999994987	epochs	2.0
1538.5213199656678	0.02359999999998763	epochs	3.0
1538.5449199656678	0.023519999999962238	epochs	3.0
1538.5684399656677	0.04655999999999949	epochs	2.0
1538.5684399656677	0.02335999999991145	epochs	3.0
1538.5917999656676	0.02320000000008804	epochs	3.0
1538.6149999656677	0.046080000000074506	epochs	2.0
1538.6149999656677	0.023120000000062646	epochs	3.0
1538.6381199656678	0.02296000000001186	epochs	3.0
1538.6610799656678	0.04559999999992215	epochs	2.0
1538.6610799656678	0.022879999999986467	epochs	3.0
1538.6839599656678	0.02271999999993568	epochs	3.0
1538.7066799656677	0.04511999999999716	epochs	2.0
1538.7066799656677	0.022639999999910287	epochs	3.0
1538.7293199656676	0.022480000000086875	epochs	3.0
1538.7517999656677	0.04464000000007218	epochs	2.0
1538.7517999656677	0.022400000000061482	epochs	3.0
1538.7741999656678	0.022240000000010696	epochs	3.0
1538.7964399656678	0.04423999999994521	epochs	2.0
1538.7964399656678	0.022159999999985303	epochs	3.0
1538.8185999656678	0.02207999999995991	epochs	3.0
1538.8406799656677	0.04376000000002023	epochs	2.0
1538.8406799656677	0.021919999999909123	epochs	3.0
1538.8625999656676	0.021840000000111104	epochs	3.0
1538.8844399656678	0.04335999999989326	epochs	2.0
1538.8844399656678	0.02176000000008571	epochs	3.0
1538.9061999656678	0.02159999999980755	epochs	3.0
1538.9277999656676	0.04287999999996828	epochs	2.0
1538.9277999656676	0.02143999999998414	epochs	3.0
1538.9492399656676	0.02143999999998414	epochs	3.0
1538.9706799656676	0.042480000000068685	epochs	2.0
1538.9706799656676	0.021280000000160726	epochs	3.0
1538.9919599656678	0.02119999999990796	epochs	3.0
1539.0131599656677	0.04207999999994172	epochs	2.0
1539.0131599656677	0.021040000000084547	epochs	3.0
1539.0341999656678	0.021039999999857173	epochs	3.0
1539.0552399656676	0.04168000000004213	epochs	2.0
1539.0552399656676	0.02088000000003376	epochs	3.0
1539.0761199656677	0.020800000000008367	epochs	3.0
1539.0969199656677	0.04120000000011714	epochs	2.0
1539.0969199656677	0.02063999999995758	epochs	3.0
1539.1175599656676	0.020560000000159562	epochs	3.0
1539.1381199656678	0.04088000000001557	epochs	2.0
1539.1381199656678	0.020559999999932188	epochs	3.0
1539.1586799656677	0.020320000000083382	epochs	3.0
1539.1789999656678	0.040559999999914	epochs	2.0
1539.1789999656678	0.02031999999985601	epochs	3.0
1539.1993199656677	0.02024000000005799	epochs	3.0
1539.2195599656677	0.04007999999998901	epochs	2.0
1539.2195599656677	0.020080000000007203	epochs	3.0
1539.2396399656677	0.01999999999998181	epochs	3.0
1539.2596399656677	0.039760000000114815	epochs	2.0
1539.2596399656677	0.019919999999956417	epochs	3.0
1539.2795599656677	0.019840000000158398	epochs	3.0
1539.2993999656678	0.03944000000001324	epochs	2.0
1539.2993999656678	0.01975999999990563	epochs	3.0
1539.3191599656677	0.01968000000010761	epochs	3.0
1539.3388399656678	0.03903999999988628	epochs	2.0
1539.3388399656678	0.01951999999982945	epochs	3.0
1539.3583599656677	0.019520000000056825	epochs	3.0
1539.3778799656677	0.038639999999986685	epochs	2.0
1539.3778799656677	0.01936000000000604	epochs	3.0
1539.3972399656677	0.019279999999980646	epochs	3.0
1539.4165199656677	0.038399999999910506	epochs	2.0
1539.4165199656677	0.019279999999980646	epochs	3.0
1539.4357999656677	0.01911999999992986	epochs	3.0
1539.4549199656676	0.038000000000010914	epochs	2.0
1539.4549199656676	0.01904000000013184	epochs	3.0
1539.4739599656677	0.018959999999879074	epochs	3.0
1539.4929199656676	0.037680000000136715	epochs	2.0
1539.4929199656676	0.018880000000081054	epochs	3.0
1539.5117999656677	0.01880000000005566	epochs	3.0
1539.5305999656678	0.03736000000003514	epochs	2.0
1539.5305999656678	0.018720000000030268	epochs	3.0
1539.5493199656678	0.018640000000004875	epochs	3.0
1539.5679599656678	0.03703999999993357	epochs	2.0
1539.5679599656678	0.018559999999979482	epochs	3.0
1539.5865199656678	0.01847999999995409	epochs	3.0
1539.6049999656677	0.03672000000005937	epochs	2.0
1539.6049999656677	0.018399999999928696	epochs	3.0
1539.6233999656677	0.018320000000130676	epochs	3.0
1539.6417199656678	0.03647999999998319	epochs	2.0
1539.6417199656678	0.01823999999987791	epochs	3.0
1539.6599599656677	0.018240000000105283	epochs	3.0
1539.6781999656678	0.03607999999985623	epochs	2.0
1539.6781999656678	0.018080000000054497	epochs	3.0
1539.6962799656678	0.01799999999980173	epochs	3.0
1539.7142799656676	0.03584000000000742	epochs	2.0
1539.7142799656676	0.01792000000000371	epochs	3.0
1539.7321999656676	0.01792000000000371	epochs	3.0
1539.7501199656676	0.03552000000013322	epochs	2.0
1539.7501199656676	0.017760000000180298	epochs	3.0
1539.7678799656678	0.017759999999952925	epochs	3.0
1539.7856399656678	0.03520000000003165	epochs	2.0
1539.7856399656678	0.01767999999992753	epochs	3.0
1539.8033199656677	0.01752000000010412	epochs	3.0
1539.8208399656678	0.03495999999995547	epochs	2.0
1539.8208399656678	0.017519999999876745	epochs	3.0
1539.8383599656677	0.017440000000078726	epochs	3.0
1539.8557999656678	0.03471999999987929	epochs	2.0
1539.8557999656678	0.017440000000078726	epochs	3.0
1539.8732399656678	0.017279999999800566	epochs	3.0
1539.8905199656676	0.03440000000000509	epochs	2.0
1539.8905199656676	0.017200000000002547	epochs	3.0
1539.9077199656676	0.017200000000002547	epochs	3.0
1539.9249199656676	0.03416000000015629	epochs	2.0
1539.9249199656676	0.017119999999977153	epochs	3.0
1539.9420399656676	0.017040000000179134	epochs	3.0
1539.9590799656678	0.03383999999982734	epochs	2.0
1539.9590799656678	0.016959999999926367	epochs	3.0
1539.9760399656677	0.016879999999900974	epochs	3.0
1539.9929199656676	0.03360000000020591	epochs	2.0
1539.9929199656676	0.016800000000102955	epochs	3.0
1540.0097199656677	0.016800000000102955	epochs	3.0
1540.0265199656678	0.03335999999990236	epochs	2.0
1540.0265199656678	0.016719999999850188	epochs	3.0
1540.0432399656677	0.01664000000005217	epochs	3.0
1540.0598799656677	0.03312000000005355	epochs	2.0
1540.0598799656677	0.016560000000026776	epochs	3.0
1540.0764399656678	0.016560000000026776	epochs	3.0
1540.0929999656678	0.03279999999995198	epochs	2.0
1540.0929999656678	0.01639999999997599	epochs	3.0
1540.1093999656678	0.01639999999997599	epochs	3.0
1540.1257999656677	0.0325599999998758	epochs	2.0
1540.1257999656677	0.016319999999950596	epochs	3.0
1540.1421199656677	0.016239999999925203	epochs	3.0
1540.1583599656676	0.03240000000005239	epochs	2.0
1540.1583599656676	0.016240000000152577	epochs	3.0
1540.1745999656678	0.01615999999989981	epochs	3.0
1540.1907599656677	0.032079999999950815	epochs	2.0
1540.1907599656677	0.01608000000010179	epochs	3.0
1540.2068399656678	0.015999999999849024	epochs	3.0
1540.2228399656676	0.0319200000001274	epochs	2.0
1540.2228399656676	0.016000000000076398	epochs	3.0
1540.2388399656677	0.015920000000051004	epochs	3.0
1540.2547599656677	0.03160000000002583	epochs	2.0
1540.2547599656677	0.01584000000002561	epochs	3.0
1540.2705999656678	0.01576000000000022	epochs	3.0
1540.2863599656678	0.03143999999997504	epochs	2.0
1540.2863599656678	0.01576000000000022	epochs	3.0
1540.3021199656678	0.015679999999974825	epochs	3.0
1540.3177999656677	0.031199999999898864	epochs	2.0
1540.3177999656677	0.015599999999949432	epochs	3.0
1540.3333999656677	0.015599999999949432	epochs	3.0
1540.3489999656676	0.03096000000005006	epochs	2.0
1540.3489999656676	0.015520000000151413	epochs	3.0
1540.3645199656678	0.015439999999898646	epochs	3.0
1540.3799599656677	0.03071999999997388	epochs	2.0
1540.3799599656677	0.01544000000012602	epochs	3.0
1540.3953999656678	0.01527999999984786	epochs	3.0
1540.4106799656677	0.030560000000150467	epochs	2.0
1540.4106799656677	0.015360000000100626	epochs	3.0
1540.4260399656678	0.01520000000004984	epochs	3.0
1540.4412399656678	0.030319999999846914	epochs	2.0
1540.4412399656678	0.015199999999822467	epochs	3.0
1540.4564399656676	0.015120000000024447	epochs	3.0
1540.4715599656677	0.030079999999998108	epochs	2.0
1540.4715599656677	0.015120000000024447	epochs	3.0
1540.4866799656677	0.014959999999973661	epochs	3.0
1540.5016399656677	0.029920000000174696	epochs	2.0
1540.5016399656677	0.015039999999999054	epochs	3.0
1540.5166799656677	0.014880000000175642	epochs	3.0
1540.5315599656678	0.029679999999871143	epochs	2.0
1540.5315599656678	0.014879999999948268	epochs	3.0
1540.5464399656678	0.014799999999922875	epochs	3.0
1540.5612399656677	0.02952000000004773	epochs	2.0
1540.5612399656677	0.014799999999922875	epochs	3.0
1540.5760399656676	0.014720000000124855	epochs	3.0
1540.5907599656678	0.02927999999997155	epochs	2.0
1540.5907599656678	0.014719999999897482	epochs	3.0
1540.6054799656677	0.01456000000007407	epochs	3.0
1540.6200399656677	0.029119999999920765	epochs	2.0
1540.6200399656677	0.014640000000099462	epochs	3.0
1540.6346799656678	0.014479999999821302	epochs	3.0
1540.6491599656676	0.028960000000097352	epochs	2.0
1540.6491599656676	0.014480000000048676	epochs	3.0
1540.6636399656677	0.014480000000048676	epochs	3.0
1540.6781199656677	0.02863999999999578	epochs	2.0
1540.6781199656677	0.01431999999999789	epochs	3.0
1540.6924399656677	0.01431999999999789	epochs	3.0
1540.7067599656677	0.028559999999970387	epochs	2.0
1540.7067599656677	0.01431999999999789	epochs	3.0
1540.7210799656677	0.014239999999972497	epochs	3.0
1540.7353199656677	0.02832000000012158	epochs	2.0
1540.7353199656677	0.014159999999947104	epochs	3.0
1540.7494799656677	0.014160000000174477	epochs	3.0
1540.7636399656678	0.02815999999984342	epochs	2.0
1540.7636399656678	0.014159999999947104	epochs	3.0
1540.7777999656678	0.013999999999896318	epochs	3.0
1540.7917999656677	0.02800000000002001	epochs	2.0
1540.7917999656677	0.014000000000123691	epochs	3.0
1540.8057999656678	0.013999999999896318	epochs	3.0
1540.8197999656677	0.02775999999994383	epochs	2.0
1540.8197999656677	0.013920000000098298	epochs	3.0
1540.8337199656678	0.013839999999845531	epochs	3.0
1540.8475599656676	0.02768000000014581	epochs	2.0
1540.8475599656676	0.013840000000072905	epochs	3.0
1540.8613999656677	0.013840000000072905	epochs	3.0
1540.8752399656678	0.027439999999842257	epochs	2.0
1540.8752399656678	0.013760000000047512	epochs	3.0
1540.8889999656678	0.013679999999794745	epochs	3.0
1540.9026799656676	0.027280000000018845	epochs	2.0
1540.9026799656676	0.013680000000022119	epochs	3.0
1540.9163599656677	0.013599999999996726	epochs	3.0
1540.9299599656676	0.02711999999996806	epochs	2.0
1540.9299599656676	0.013519999999971333	epochs	3.0
1540.9434799656676	0.013599999999996726	epochs	3.0
1540.9570799656676	0.026880000000119253	epochs	2.0
1540.9570799656676	0.013440000000173313	epochs	3.0
1540.9705199656678	0.01343999999994594	epochs	3.0
1540.9839599656677	0.02680000000009386	epochs	2.0
1540.9839599656677	0.01343999999994594	epochs	3.0
1540.9973999656677	0.01336000000014792	epochs	3.0
1541.0107599656678	0.026559999999790307	epochs	2.0
1541.0107599656678	0.013279999999895153	epochs	3.0
1541.0240399656677	0.013279999999895153	epochs	3.0
1541.0373199656676	0.026479999999992287	epochs	2.0
1541.0373199656676	0.013280000000122527	epochs	3.0
1541.0505999656677	0.01319999999986976	epochs	3.0
1541.0637999656676	0.026240000000143482	epochs	2.0
1541.0637999656676	0.013120000000071741	epochs	3.0
1541.0769199656677	0.013120000000071741	epochs	3.0
1541.0900399656678	0.026159999999890715	epochs	2.0
1541.0900399656678	0.013120000000071741	epochs	3.0
1541.1031599656678	0.013039999999818974	epochs	3.0
1541.1161999656676	0.026000000000067303	epochs	2.0
1541.1161999656676	0.013040000000046348	epochs	3.0
1541.1292399656677	0.012960000000020955	epochs	3.0
1541.1421999656677	0.025759999999991123	epochs	2.0
1541.1421999656677	0.012879999999995562	epochs	3.0
1541.1550799656677	0.012879999999995562	epochs	3.0
1541.1679599656677	0.02567999999996573	epochs	2.0
1541.1679599656677	0.012879999999995562	epochs	3.0
1541.1808399656677	0.012799999999970169	epochs	3.0
1541.1936399656677	0.025520000000142318	epochs	2.0
1541.1936399656677	0.012799999999970169	epochs	3.0
1541.2064399656676	0.01272000000017215	epochs	3.0
1541.2191599656678	0.025359999999864158	epochs	2.0
1541.2191599656678	0.012719999999944775	epochs	3.0
1541.2318799656678	0.012639999999919382	epochs	3.0
1541.2445199656677	0.025200000000040745	epochs	2.0
1541.2445199656677	0.012640000000146756	epochs	3.0
1541.2571599656678	0.01255999999989399	epochs	3.0
1541.2697199656677	0.024560000000064974	epochs	2.0
1541.2939332656676	0.5	epochs	-1.0
1541.2942799656678	0.5563199999999142	epochs	1.0
1541.8505999656677	0.4436000000000604	epochs	0.0
1546.5009999275208	0.08328000000005886	epochs	0.0
1546.5009999275208	0.03664000000003398	epochs	1.0
1546.5376399275208	0.010080000000016298	epochs	1.0
1546.5477199275208	0.036560000000008586	epochs	1.0
1546.5842799275208	2.0	epochs	0.0
1548.5842799275208	21.51631999999995	epochs	0.0
1548.5842799275208	1.0	epochs	1.0
1548.5843332275208	0.5	epochs	-1.0
1549.0843332275208	19.999599999999873	epochs	-1.0
1549.5842799275208	20.0	epochs	1.0
1549.5842799275208	8.000000002539309e-05	epochs	2.0
1549.5843599275208	4.356719999999996	epochs	-1.0
1549.5843599275208	1.974559999999883	epochs	2.0
1549.5843599275208	1.0985599999999067	epochs	3.0
1550.6829199275207	0.8759999999999764	epochs	3.0
1551.5589199275207	1.3523999999999887	epochs	2.0
1551.5589199275207	0.7286400000000413	epochs	3.0
1552.2875599275208	0.6237599999999475	epochs	3.0
1552.9113199275207	1.029760000000124	epochs	2.0
1552.9113199275207	0.5453600000000733	epochs	3.0
1553.4566799275208	0.48440000000005057	epochs	3.0
1553.9410799275208	0.8317600000000311	epochs	2.0
1553.9410799275208	0.4357599999998456	epochs	3.0
1554.3768399275207	0.39600000000018554	epochs	3.0
1554.7728399275209	0.6978399999998146	epochs	2.0
1554.7728399275209	0.3628799999999046	epochs	3.0
1555.1357199275208	0.33495999999991	epochs	3.0
1555.4706799275207	0.6010400000000118	epochs	2.0
1555.4706799275207	0.3108799999999974	epochs	3.0
1555.7815599275207	0.2901600000000144	epochs	3.0
1556.0717199275207	0.5278399999999692	epochs	2.0
1556.0717199275207	0.2719200000001365	epochs	3.0
1556.3436399275208	0.2559199999998327	epochs	3.0
1556.5995599275207	0.47064000000000306	epochs	2.0
1556.5995599275207	0.2416800000000876	epochs	3.0
1556.8412399275207	0.22895999999991545	epochs	3.0
1557.0701999275207	0.4245600000001559	epochs	2.0
1557.0701999275207	0.2174400000001242	epochs	3.0
1557.2876399275208	0.20712000000003172	epochs	3.0
1557.4947599275208	0.3867199999999684	epochs	2.0
1557.4947599275208	0.1976799999999912	epochs	3.0
1557.6924399275208	0.18903999999997723	epochs	3.0
1557.8814799275208	0.3551199999999426	epochs	2.0
1557.8814799275208	0.1811999999999898	epochs	3.0
1558.0626799275208	0.17391999999995278	epochs	3.0
1558.2365999275207	0.3282400000000507	epochs	2.0
1558.2365999275207	0.1672000000000935	epochs	3.0
1558.4037999275208	0.16103999999995722	epochs	3.0
1558.5648399275208	0.30520000000001346	epochs	2.0
1558.5648399275208	0.1552799999999479	epochs	3.0
1558.7201199275207	0.14992000000006556	epochs	3.0
1558.8700399275208	0.28512000000000626	epochs	2.0
1558.8700399275208	0.1448800000000574	epochs	3.0
1559.0149199275209	0.14023999999994885	epochs	3.0
1559.1551599275208	0.26751999999987675	epochs	2.0
1559.1551599275208	0.13583999999991647	epochs	3.0
1559.2909999275207	0.13167999999996027	epochs	3.0
1559.4226799275207	0.2520799999999781	epochs	2.0
1559.4226799275207	0.12784000000010565	epochs	3.0
1559.5505199275208	0.12423999999987245	epochs	3.0
1559.6747599275207	0.23816000000010717	epochs	2.0
1559.6747599275207	0.1207200000001194	epochs	3.0
1559.7954799275208	0.11743999999998778	epochs	3.0
1559.9129199275208	0.225840000000062	epochs	2.0
1559.9129199275208	0.11439999999993233	epochs	3.0
1560.0273199275207	0.11144000000012966	epochs	3.0
1560.1387599275208	0.21463999999991756	epochs	2.0
1560.1387599275208	0.10863999999992302	epochs	3.0
1560.2473999275207	0.10599999999999454	epochs	3.0
1560.3533999275207	0.20448000000010325	epochs	2.0
1560.3533999275207	0.10344000000009146	epochs	3.0
1560.4568399275208	0.10104000000001179	epochs	3.0
1560.5578799275208	0.19535999999993692	epochs	2.0
1560.5578799275208	0.0987999999999829	epochs	3.0
1560.6566799275208	0.09655999999995402	epochs	3.0
1560.7532399275208	0.18695999999999913	epochs	2.0
1560.7532399275208	0.09447999999997592	epochs	3.0
1560.8477199275208	0.09248000000002321	epochs	3.0
1560.9401999275208	0.1792000000000371	epochs	2.0
1560.9401999275208	0.0904800000000705	epochs	3.0
1561.0306799275209	0.0887199999999666	epochs	3.0
1561.1193999275208	0.17207999999982349	epochs	2.0
1561.1193999275208	0.08687999999983731	epochs	3.0
1561.2062799275207	0.08519999999998618	epochs	3.0
1561.2914799275206	0.165520000000015	epochs	2.0
1561.2914799275206	0.08360000000016043	epochs	3.0
1561.3750799275208	0.08191999999985455	epochs	3.0
1561.4569999275207	0.15952000000015687	epochs	2.0
1561.4569999275207	0.0804800000000796	epochs	3.0
1561.5374799275207	0.07904000000007727	epochs	3.0
1561.6165199275208	0.15375999999992018	epochs	2.0
1561.6165199275208	0.07759999999984757	epochs	3.0
1561.6941199275207	0.07616000000007261	epochs	3.0
1561.7702799275207	0.14856000000008862	epochs	2.0
1561.7702799275207	0.07495999999991909	epochs	3.0
1561.8452399275207	0.07360000000016953	epochs	3.0
1561.9188399275208	0.14367999999990388	epochs	2.0
1561.9188399275208	0.0724800000000414	epochs	3.0
1561.9913199275209	0.07119999999986248	epochs	3.0
1562.0625199275207	0.1390400000000227	epochs	2.0
1562.0625199275207	0.07007999999996173	epochs	3.0
1562.1325999275207	0.06896000000006097	epochs	3.0
1562.2015599275207	0.13472000000001572	epochs	2.0
1562.2015599275207	0.06791999999995824	epochs	3.0
1562.2694799275207	0.06680000000005748	epochs	3.0
1562.3362799275208	0.13071999999988293	epochs	2.0
1562.3362799275208	0.06583999999998014	epochs	3.0
1562.4021199275207	0.0648799999999028	epochs	3.0
1562.4669999275206	0.1268000000000029	epochs	2.0
1562.4669999275206	0.06384000000002743	epochs	3.0
1562.5308399275207	0.06295999999997548	epochs	3.0
1562.5937999275206	0.12328000000002248	epochs	2.0
1562.5937999275206	0.0620800000001509	epochs	3.0
1562.6558799275208	0.06119999999987158	epochs	3.0
1562.7170799275207	0.11984000000006745	epochs	2.0
1562.7170799275207	0.060320000000047	epochs	3.0
1562.7773999275207	0.059520000000020445	epochs	3.0
1562.8369199275207	0.11663999999996122	epochs	2.0
1562.8369199275207	0.05871999999999389	epochs	3.0
1562.8956399275207	0.05791999999996733	epochs	3.0
1562.9535599275207	0.11360000000013315	epochs	2.0
1562.9535599275207	0.05719999999996617	epochs	3.0
1563.0107599275207	0.05640000000016698	epochs	3.0
1563.0671599275208	0.11071999999990112	epochs	2.0
1563.0671599275208	0.055679999999938445	epochs	3.0
1563.1228399275208	0.055039999999962674	epochs	3.0
1563.1778799275207	0.10791999999992186	epochs	2.0
1563.1778799275207	0.05423999999993612	epochs	3.0
1563.2321199275207	0.05367999999998574	epochs	3.0
1563.2857999275207	0.10527999999999338	epochs	2.0
1563.2857999275207	0.052959999999984575	epochs	3.0
1563.3387599275206	0.052320000000008804	epochs	3.0
1563.3910799275207	0.10288000000014108	epochs	2.0
1563.3910799275207	0.051760000000058426	epochs	3.0
1563.4428399275207	0.051120000000082655	epochs	3.0
1563.4939599275208	0.10040000000003602	epochs	2.0
1563.4939599275208	0.05047999999987951	epochs	3.0
1563.5444399275207	0.049920000000156506	epochs	3.0
1563.5943599275208	0.09824000000003252	epochs	2.0
1563.5943599275208	0.049359999999978754	epochs	3.0
1563.6437199275208	0.04888000000005377	epochs	3.0
1563.6925999275209	0.09600000000000364	epochs	2.0
1563.6925999275209	0.048239999999850625	epochs	3.0
1563.7408399275207	0.04776000000015301	epochs	3.0
1563.7885999275209	0.09391999999979816	epochs	2.0
1563.7885999275209	0.04719999999997526	epochs	3.0
1563.8357999275208	0.0467199999998229	epochs	3.0
1563.8825199275207	0.09192000000007283	epochs	2.0
1563.8825199275207	0.0461600000000999	epochs	3.0
1563.9286799275208	0.04575999999997293	epochs	3.0
1563.9744399275207	0.09007999999994354	epochs	2.0
1563.9744399275207	0.04528000000004795	epochs	3.0
1564.0197199275208	0.04479999999989559	epochs	3.0
1564.0645199275207	0.08816000000001623	epochs	2.0
1564.0645199275207	0.044319999999970605	epochs	3.0
1564.1088399275206	0.04384000000004562	epochs	3.0
1564.1526799275207	0.08648000000016509	epochs	2.0
1564.1526799275207	0.04344000000014603	epochs	3.0
1564.1961199275208	0.04304000000001906	epochs	3.0
1564.2391599275209	0.08471999999983382	epochs	2.0
1564.2391599275209	0.042559999999866704	epochs	3.0
1564.2817199275207	0.04215999999996711	epochs	3.0
1564.3238799275207	0.08320000000003347	epochs	2.0
1564.3238799275207	0.04176000000006752	epochs	3.0
1564.3656399275208	0.04143999999996595	epochs	3.0
1564.4070799275207	0.08151999999995496	epochs	2.0
1564.4070799275207	0.040960000000040964	epochs	3.0
1564.4480399275208	0.040559999999914	epochs	3.0
1564.4885999275207	0.08008000000018001	epochs	2.0
1564.4885999275207	0.0402400000000398	epochs	3.0
1564.5288399275207	0.03984000000014021	epochs	3.0
1564.5686799275209	0.0786399999999503	epochs	2.0
1564.5686799275209	0.03951999999981126	epochs	3.0
1564.6081999275207	0.039120000000139044	epochs	3.0
1564.6473199275208	0.07719999999994798	epochs	2.0
1564.6473199275208	0.03880000000003747	epochs	3.0
1564.6861199275208	0.038399999999910506	epochs	3.0
1564.7245199275208	0.07591999999999643	epochs	2.0
1564.7245199275208	0.0381600000000617	epochs	3.0
1564.7626799275208	0.037759999999934735	epochs	3.0
1564.8004399275208	0.0745600000000195	epochs	2.0
1564.8004399275208	0.037440000000060536	epochs	3.0
1564.8378799275208	0.037119999999958964	epochs	3.0
1564.8749999275208	0.07335999999986598	epochs	2.0
1564.8749999275208	0.036800000000084765	epochs	3.0
1564.9117999275209	0.03655999999978121	epochs	3.0
1564.9483599275206	0.07208000000014181	epochs	2.0
1564.9483599275206	0.036160000000108994	epochs	3.0
1564.9845199275208	0.035920000000032815	epochs	3.0
1565.0204399275208	0.07087999999998829	epochs	2.0
1565.0204399275208	0.03559999999993124	epochs	3.0
1565.0560399275207	0.035280000000057044	epochs	3.0
1565.0913199275208	0.06983999999988555	epochs	2.0
1565.0913199275208	0.035039999999980864	epochs	3.0
1565.1263599275208	0.034799999999904685	epochs	3.0
1565.1611599275207	0.06864000000018677	epochs	2.0
1565.1611599275207	0.034480000000030486	epochs	3.0
1565.1956399275207	0.03416000000015629	epochs	3.0
1565.2297999275208	0.06759999999985666	epochs	2.0
1565.2297999275208	0.033919999999852735	epochs	3.0
1565.2637199275207	0.03368000000000393	epochs	3.0
1565.2973999275207	0.0665599999999813	epochs	2.0
1565.2973999275207	0.03344000000015512	epochs	3.0
1565.3308399275209	0.03311999999982618	epochs	3.0
1565.3639599275207	0.06560000000013133	epochs	2.0
1565.3639599275207	0.032960000000002765	epochs	3.0
1565.3969199275207	0.032640000000128566	epochs	3.0
1565.4295599275208	0.0645600000000286	epochs	2.0
1565.4295599275208	0.03239999999982501	epochs	3.0
1565.4619599275206	0.03216000000020358	epochs	3.0
1565.4941199275208	0.06367999999997664	epochs	2.0
1565.4941199275208	0.03199999999992542	epochs	3.0
1565.5261199275208	0.03168000000005122	epochs	3.0
1565.5577999275208	0.0627199999998993	epochs	2.0
1565.5577999275208	0.03143999999997504	epochs	3.0
1565.5892399275208	0.03127999999992426	epochs	3.0
1565.6205199275207	0.061840000000074724	epochs	2.0
1565.6205199275207	0.03104000000007545	epochs	3.0
1565.6515599275208	0.030799999999999272	epochs	3.0
1565.6823599275208	0.060960000000022774	epochs	2.0
1565.6823599275208	0.030559999999923093	epochs	3.0
1565.7129199275207	0.03040000000009968	epochs	3.0
1565.7433199275208	0.060159999999996217	epochs	2.0
1565.7433199275208	0.0301600000000235	epochs	3.0
1565.7734799275208	0.029999999999972715	epochs	3.0
1565.8034799275208	0.059279999999944266	epochs	2.0
1565.8034799275208	0.029679999999871143	epochs	3.0
1565.8331599275207	0.029600000000073123	epochs	3.0
1565.8627599275208	0.05847999999991771	epochs	2.0
1565.8627599275208	0.029359999999996944	epochs	3.0
1565.8921199275208	0.029119999999920765	epochs	3.0
1565.9212399275207	0.05776000000014392	epochs	2.0
1565.9212399275207	0.028960000000097352	epochs	3.0
1565.9501999275208	0.028800000000046566	epochs	3.0
1565.9789999275208	0.05695999999988999	epochs	2.0
1565.9789999275208	0.028559999999970387	epochs	3.0
1566.0075599275208	0.0283999999999196	epochs	3.0
1566.0359599275207	0.0562400000001162	epochs	2.0
1566.0359599275207	0.028160000000070795	epochs	3.0
1566.0641199275208	0.028080000000045402	epochs	3.0
1566.0921999275208	0.055439999999862266	epochs	2.0
1566.0921999275208	0.027839999999969223	epochs	3.0
1566.1200399275208	0.027599999999893043	epochs	3.0
1566.1476399275207	0.05488000000013926	epochs	2.0
1566.1476399275207	0.027520000000095024	epochs	3.0
1566.1751599275208	0.027360000000044238	epochs	3.0
1566.2025199275208	0.05407999999988533	epochs	2.0
1566.2025199275208	0.02711999999996806	epochs	3.0
1566.2296399275208	0.026959999999917272	epochs	3.0
1566.2565999275207	0.053440000000136934	epochs	2.0
1566.2565999275207	0.02680000000009386	epochs	3.0
1566.2833999275208	0.026640000000043074	epochs	3.0
1566.3100399275208	0.05287999999995918	epochs	2.0
1566.3100399275208	0.026479999999992287	epochs	3.0
1566.3365199275208	0.026399999999966894	epochs	3.0
1566.3629199275208	0.05215999999995802	epochs	2.0
1566.3629199275208	0.026159999999890715	epochs	3.0
1566.3890799275207	0.026000000000067303	epochs	3.0
1566.4150799275208	0.05151999999998225	epochs	2.0
1566.4150799275208	0.025840000000016516	epochs	3.0
1566.4409199275208	0.02567999999996573	epochs	3.0
1566.4665999275207	0.05096000000003187	epochs	2.0
1566.4665999275207	0.025599999999940337	epochs	3.0
1566.4921999275207	0.02536000000009153	epochs	3.0
1566.5175599275208	0.05040000000008149	epochs	2.0
1566.5175599275208	0.02528000000006614	epochs	3.0
1566.5428399275208	0.025120000000015352	epochs	3.0
1566.5679599275209	0.049759999999878346	epochs	2.0
1566.5679599275209	0.024959999999964566	epochs	3.0
1566.5929199275208	0.02479999999991378	epochs	3.0
1566.6177199275207	0.04919999999992797	epochs	2.0
1566.6177199275207	0.024640000000090367	epochs	3.0
1566.6423599275208	0.0245599999998376	epochs	3.0
1566.6669199275207	0.04872000000000298	epochs	2.0
1566.6669199275207	0.024400000000014188	epochs	3.0
1566.6913199275207	0.024319999999988795	epochs	3.0
1566.7156399275207	0.04808000000002721	epochs	2.0
1566.7156399275207	0.02408000000013999	epochs	3.0
1566.7397199275208	0.023999999999887223	epochs	3.0
1566.7637199275207	0.04760000000010223	epochs	2.0
1566.7637199275207	0.02384000000006381	epochs	3.0
1566.7875599275208	0.023760000000038417	epochs	3.0
1566.8113199275208	0.04711999999994987	epochs	2.0
1566.8113199275208	0.02359999999998763	epochs	3.0
1566.8349199275208	0.023519999999962238	epochs	3.0
1566.8584399275207	0.04655999999999949	epochs	2.0
1566.8584399275207	0.02335999999991145	epochs	3.0
1566.8817999275207	0.02320000000008804	epochs	3.0
1566.9049999275207	0.046080000000074506	epochs	2.0
1566.9049999275207	0.023120000000062646	epochs	3.0
1566.9281199275208	0.02296000000001186	epochs	3.0
1566.9510799275208	0.04559999999992215	epochs	2.0
1566.9510799275208	0.022879999999986467	epochs	3.0
1566.9739599275208	0.02271999999993568	epochs	3.0
1566.9966799275207	0.04511999999999716	epochs	2.0
1566.9966799275207	0.022639999999910287	epochs	3.0
1567.0193199275207	0.022480000000086875	epochs	3.0
1567.0417999275207	0.04464000000007218	epochs	2.0
1567.0417999275207	0.022400000000061482	epochs	3.0
1567.0641999275208	0.022240000000010696	epochs	3.0
1567.0864399275208	0.04423999999994521	epochs	2.0
1567.0864399275208	0.022159999999985303	epochs	3.0
1567.1085999275208	0.02207999999995991	epochs	3.0
1567.1306799275208	0.04376000000002023	epochs	2.0
1567.1306799275208	0.021919999999909123	epochs	3.0
1567.1525999275207	0.021840000000111104	epochs	3.0
1567.1744399275208	0.04335999999989326	epochs	2.0
1567.1744399275208	0.02176000000008571	epochs	3.0
1567.1961999275209	0.02159999999980755	epochs	3.0
1567.2177999275207	0.04287999999996828	epochs	2.0
1567.2177999275207	0.02143999999998414	epochs	3.0
1567.2392399275207	0.02143999999998414	epochs	3.0
1567.2606799275206	0.042480000000068685	epochs	2.0
1567.2606799275206	0.021280000000160726	epochs	3.0
1567.2819599275208	0.02119999999990796	epochs	3.0
1567.3031599275207	0.04207999999994172	epochs	2.0
1567.3031599275207	0.021040000000084547	epochs	3.0
1567.3241999275208	0.021039999999857173	epochs	3.0
1567.3452399275207	0.04168000000004213	epochs	2.0
1567.3452399275207	0.02088000000003376	epochs	3.0
1567.3661199275207	0.020800000000008367	epochs	3.0
1567.3869199275207	0.04120000000011714	epochs	2.0
1567.3869199275207	0.02063999999995758	epochs	3.0
1567.4075599275207	0.020560000000159562	epochs	3.0
1567.4281199275208	0.04088000000001557	epochs	2.0
1567.4281199275208	0.020559999999932188	epochs	3.0
1567.4486799275207	0.020320000000083382	epochs	3.0
1567.4689999275208	0.040559999999914	epochs	2.0
1567.4689999275208	0.02031999999985601	epochs	3.0
1567.4893199275207	0.02024000000005799	epochs	3.0
1567.5095599275207	0.04007999999998901	epochs	2.0
1567.5095599275207	0.020080000000007203	epochs	3.0
1567.5296399275207	0.01999999999998181	epochs	3.0
1567.5496399275207	0.039760000000114815	epochs	2.0
1567.5496399275207	0.019919999999956417	epochs	3.0
1567.5695599275207	0.019840000000158398	epochs	3.0
1567.5893999275208	0.03944000000001324	epochs	2.0
1567.5893999275208	0.01975999999990563	epochs	3.0
1567.6091599275207	0.01968000000010761	epochs	3.0
1567.6288399275209	0.03903999999988628	epochs	2.0
1567.6288399275209	0.01951999999982945	epochs	3.0
1567.6483599275207	0.019520000000056825	epochs	3.0
1567.6678799275207	0.038639999999986685	epochs	2.0
1567.6678799275207	0.01936000000000604	epochs	3.0
1567.6872399275207	0.019279999999980646	epochs	3.0
1567.7065199275207	0.038399999999910506	epochs	2.0
1567.7065199275207	0.019279999999980646	epochs	3.0
1567.7257999275207	0.01911999999992986	epochs	3.0
1567.7449199275206	0.038000000000010914	epochs	2.0
1567.7449199275206	0.01904000000013184	epochs	3.0
1567.7639599275208	0.018959999999879074	epochs	3.0
1567.7829199275207	0.037680000000136715	epochs	2.0
1567.7829199275207	0.018880000000081054	epochs	3.0
1567.8017999275207	0.01880000000005566	epochs	3.0
1567.8205999275208	0.03736000000003514	epochs	2.0
1567.8205999275208	0.018720000000030268	epochs	3.0
1567.8393199275208	0.018640000000004875	epochs	3.0
1567.8579599275208	0.03703999999993357	epochs	2.0
1567.8579599275208	0.018559999999979482	epochs	3.0
1567.8765199275208	0.01847999999995409	epochs	3.0
1567.8949999275208	0.03672000000005937	epochs	2.0
1567.8949999275208	0.018399999999928696	epochs	3.0
1567.9133999275207	0.018320000000130676	epochs	3.0
1567.9317199275208	0.03647999999998319	epochs	2.0
1567.9317199275208	0.01823999999987791	epochs	3.0
1567.9499599275207	0.018240000000105283	epochs	3.0
1567.9681999275208	0.03607999999985623	epochs	2.0
1567.9681999275208	0.018080000000054497	epochs	3.0
1567.9862799275209	0.01799999999980173	epochs	3.0
1568.0042799275207	0.03584000000000742	epochs	2.0
1568.0042799275207	0.01792000000000371	epochs	3.0
1568.0221999275207	0.01792000000000371	epochs	3.0
1568.0401199275207	0.03552000000013322	epochs	2.0
1568.0401199275207	0.017760000000180298	epochs	3.0
1568.0578799275208	0.017759999999952925	epochs	3.0
1568.0756399275208	0.03520000000003165	epochs	2.0
1568.0756399275208	0.01767999999992753	epochs	3.0
1568.0933199275207	0.01752000000010412	epochs	3.0
1568.1108399275208	0.03495999999995547	epochs	2.0
1568.1108399275208	0.017519999999876745	epochs	3.0
1568.1283599275207	0.017440000000078726	epochs	3.0
1568.1457999275208	0.03471999999987929	epochs	2.0
1568.1457999275208	0.017440000000078726	epochs	3.0
1568.1632399275209	0.017279999999800566	epochs	3.0
1568.1805199275207	0.03440000000000509	epochs	2.0
1568.1805199275207	0.017200000000002547	epochs	3.0
1568.1977199275207	0.017200000000002547	epochs	3.0
1568.2149199275207	0.03416000000015629	epochs	2.0
1568.2149199275207	0.017119999999977153	epochs	3.0
1568.2320399275206	0.017040000000179134	epochs	3.0
1568.2490799275208	0.03383999999982734	epochs	2.0
1568.2490799275208	0.016959999999926367	epochs	3.0
1568.2660399275208	0.016879999999900974	epochs	3.0
1568.2829199275207	0.03360000000020591	epochs	2.0
1568.2829199275207	0.016800000000102955	epochs	3.0
1568.2997199275208	0.016800000000102955	epochs	3.0
1568.3165199275209	0.03335999999990236	epochs	2.0
1568.3165199275209	0.016719999999850188	epochs	3.0
1568.3332399275207	0.01664000000005217	epochs	3.0
1568.3498799275208	0.03312000000005355	epochs	2.0
1568.3498799275208	0.016560000000026776	epochs	3.0
1568.3664399275208	0.016560000000026776	epochs	3.0
1568.3829999275208	0.03279999999995198	epochs	2.0
1568.3829999275208	0.01639999999997599	epochs	3.0
1568.3993999275208	0.01639999999997599	epochs	3.0
1568.4157999275208	0.0325599999998758	epochs	2.0
1568.4157999275208	0.016319999999950596	epochs	3.0
1568.4321199275207	0.016239999999925203	epochs	3.0
1568.4483599275206	0.03240000000005239	epochs	2.0
1568.4483599275206	0.016240000000152577	epochs	3.0
1568.4645999275208	0.01615999999989981	epochs	3.0
1568.4807599275207	0.032079999999950815	epochs	2.0
1568.4807599275207	0.01608000000010179	epochs	3.0
1568.4968399275208	0.015999999999849024	epochs	3.0
1568.5128399275206	0.0319200000001274	epochs	2.0
1568.5128399275206	0.016000000000076398	epochs	3.0
1568.5288399275207	0.015920000000051004	epochs	3.0
1568.5447599275208	0.03160000000002583	epochs	2.0
1568.5447599275208	0.01584000000002561	epochs	3.0
1568.5605999275208	0.01576000000000022	epochs	3.0
1568.5763599275208	0.03143999999997504	epochs	2.0
1568.5763599275208	0.01576000000000022	epochs	3.0
1568.5921199275208	0.015679999999974825	epochs	3.0
1568.6077999275208	0.031199999999898864	epochs	2.0
1568.6077999275208	0.015599999999949432	epochs	3.0
1568.6233999275207	0.015599999999949432	epochs	3.0
1568.6389999275207	0.03096000000005006	epochs	2.0
1568.6389999275207	0.015520000000151413	epochs	3.0
1568.6545199275208	0.015439999999898646	epochs	3.0
1568.6699599275207	0.03071999999997388	epochs	2.0
1568.6699599275207	0.01544000000012602	epochs	3.0
1568.6853999275208	0.01527999999984786	epochs	3.0
1568.7006799275207	0.030560000000150467	epochs	2.0
1568.7006799275207	0.015360000000100626	epochs	3.0
1568.7160399275208	0.01520000000004984	epochs	3.0
1568.7312399275208	0.030319999999846914	epochs	2.0
1568.7312399275208	0.015199999999822467	epochs	3.0
1568.7464399275207	0.015120000000024447	epochs	3.0
1568.7615599275207	0.030079999999998108	epochs	2.0
1568.7615599275207	0.015120000000024447	epochs	3.0
1568.7766799275207	0.014959999999973661	epochs	3.0
1568.7916399275207	0.029920000000174696	epochs	2.0
1568.7916399275207	0.015039999999999054	epochs	3.0
1568.8066799275207	0.014880000000175642	epochs	3.0
1568.8215599275209	0.029679999999871143	epochs	2.0
1568.8215599275209	0.014879999999948268	epochs	3.0
1568.8364399275208	0.014799999999922875	epochs	3.0
1568.8512399275207	0.02952000000004773	epochs	2.0
1568.8512399275207	0.014799999999922875	epochs	3.0
1568.8660399275207	0.014720000000124855	epochs	3.0
1568.8807599275208	0.02927999999997155	epochs	2.0
1568.8807599275208	0.014719999999897482	epochs	3.0
1568.8954799275207	0.01456000000007407	epochs	3.0
1568.9100399275208	0.029119999999920765	epochs	2.0
1568.9100399275208	0.014640000000099462	epochs	3.0
1568.9246799275209	0.014479999999821302	epochs	3.0
1568.9391599275207	0.028960000000097352	epochs	2.0
1568.9391599275207	0.014480000000048676	epochs	3.0
1568.9536399275207	0.014480000000048676	epochs	3.0
1568.9681199275208	0.02863999999999578	epochs	2.0
1568.9681199275208	0.01431999999999789	epochs	3.0
1568.9824399275208	0.01431999999999789	epochs	3.0
1568.9967599275208	0.028559999999970387	epochs	2.0
1568.9967599275208	0.01431999999999789	epochs	3.0
1569.0110799275208	0.014239999999972497	epochs	3.0
1569.0253199275207	0.02832000000012158	epochs	2.0
1569.0253199275207	0.014159999999947104	epochs	3.0
1569.0394799275207	0.014160000000174477	epochs	3.0
1569.0536399275209	0.02815999999984342	epochs	2.0
1569.0536399275209	0.014159999999947104	epochs	3.0
1569.0677999275208	0.013999999999896318	epochs	3.0
1569.0817999275207	0.02800000000002001	epochs	2.0
1569.0817999275207	0.014000000000123691	epochs	3.0
1569.0957999275208	0.013999999999896318	epochs	3.0
1569.1097999275207	0.02775999999994383	epochs	2.0
1569.1097999275207	0.013920000000098298	epochs	3.0
1569.1237199275208	0.013839999999845531	epochs	3.0
1569.1375599275207	0.02768000000014581	epochs	2.0
1569.1375599275207	0.013840000000072905	epochs	3.0
1569.1513999275207	0.013840000000072905	epochs	3.0
1569.1652399275208	0.027439999999842257	epochs	2.0
1569.1652399275208	0.013760000000047512	epochs	3.0
1569.1789999275209	0.013679999999794745	epochs	3.0
1569.1926799275207	0.027280000000018845	epochs	2.0
1569.1926799275207	0.013680000000022119	epochs	3.0
1569.2063599275207	0.013599999999996726	epochs	3.0
1569.2199599275207	0.02711999999996806	epochs	2.0
1569.2199599275207	0.013519999999971333	epochs	3.0
1569.2334799275206	0.013599999999996726	epochs	3.0
1569.2470799275206	0.026880000000119253	epochs	2.0
1569.2470799275206	0.013440000000173313	epochs	3.0
1569.2605199275208	0.01343999999994594	epochs	3.0
1569.2739599275208	0.02680000000009386	epochs	2.0
1569.2739599275208	0.01343999999994594	epochs	3.0
1569.2873999275207	0.01336000000014792	epochs	3.0
1569.3007599275209	0.026559999999790307	epochs	2.0
1569.3007599275209	0.013279999999895153	epochs	3.0
1569.3140399275208	0.013279999999895153	epochs	3.0
1569.3273199275206	0.026479999999992287	epochs	2.0
1569.3273199275206	0.013280000000122527	epochs	3.0
1569.3405999275208	0.01319999999986976	epochs	3.0
1569.3537999275206	0.026240000000143482	epochs	2.0
1569.3537999275206	0.013120000000071741	epochs	3.0
1569.3669199275207	0.013120000000071741	epochs	3.0
1569.3800399275208	0.026159999999890715	epochs	2.0
1569.3800399275208	0.013120000000071741	epochs	3.0
1569.3931599275209	0.013039999999818974	epochs	3.0
1569.4061999275207	0.026000000000067303	epochs	2.0
1569.4061999275207	0.013040000000046348	epochs	3.0
1569.4192399275207	0.012960000000020955	epochs	3.0
1569.4321999275207	0.025759999999991123	epochs	2.0
1569.4321999275207	0.012879999999995562	epochs	3.0
1569.4450799275207	0.012879999999995562	epochs	3.0
1569.4579599275207	0.02567999999996573	epochs	2.0
1569.4579599275207	0.012879999999995562	epochs	3.0
1569.4708399275207	0.012799999999970169	epochs	3.0
1569.4836399275207	0.025520000000142318	epochs	2.0
1569.4836399275207	0.012799999999970169	epochs	3.0
1569.4964399275207	0.01272000000017215	epochs	3.0
1569.5091599275208	0.025359999999864158	epochs	2.0
1569.5091599275208	0.012719999999944775	epochs	3.0
1569.5218799275208	0.012639999999919382	epochs	3.0
1569.5345199275207	0.025200000000040745	epochs	2.0
1569.5345199275207	0.012640000000146756	epochs	3.0
1569.5471599275209	0.01255999999989399	epochs	3.0
1569.5597199275207	0.024560000000064974	epochs	2.0
1569.5839332275207	0.5	epochs	-1.0
1569.5842799275208	0.5163199999999506	epochs	1.0
1570.1005999275208	0.483600000000024	epochs	0.0
1573.816999912262	0.08328000000005886	epochs	0.0
1573.816999912262	0.03664000000003398	epochs	1.0
1573.853639912262	0.010080000000016298	epochs	1.0
1573.863719912262	0.036560000000008586	epochs	1.0
1573.900279912262	2.0	epochs	0.0
1575.900279912262	21.5161599999999	epochs	0.0
1575.900279912262	1.0	epochs	1.0
1575.900333212262	0.5	epochs	-1.0
1576.400333212262	19.999599999999873	epochs	-1.0
1576.900279912262	20.0	epochs	1.0
1576.900279912262	8.000000002539309e-05	epochs	2.0
1576.900359912262	4.356719999999996	epochs	-1.0
1576.900359912262	1.974559999999883	epochs	2.0
1576.900359912262	1.0985599999999067	epochs	3.0
1577.998919912262	0.8759999999999764	epochs	3.0
1578.874919912262	1.3523999999999887	epochs	2.0
1578.874919912262	0.7286400000000413	epochs	3.0
1579.603559912262	0.6237599999999475	epochs	3.0
1580.227319912262	1.029760000000124	epochs	2.0
1580.227319912262	0.5453600000000733	epochs	3.0
1580.772679912262	0.48440000000005057	epochs	3.0
1581.257079912262	0.8317600000000311	epochs	2.0
1581.257079912262	0.4357599999998456	epochs	3.0
1581.692839912262	0.39600000000018554	epochs	3.0
1582.088839912262	0.6978399999998146	epochs	2.0
1582.088839912262	0.3628799999999046	epochs	3.0
1582.451719912262	0.33495999999991	epochs	3.0
1582.786679912262	0.6010400000000118	epochs	2.0
1582.786679912262	0.3108799999999974	epochs	3.0
1583.0975599122619	0.2901600000000144	epochs	3.0
1583.387719912262	0.5278399999999692	epochs	2.0
1583.387719912262	0.2719200000001365	epochs	3.0
1583.659639912262	0.2559199999998327	epochs	3.0
1583.9155599122619	0.47064000000000306	epochs	2.0
1583.9155599122619	0.2416800000000876	epochs	3.0
1584.157239912262	0.22895999999991545	epochs	3.0
1584.3861999122619	0.4245600000001559	epochs	2.0
1584.3861999122619	0.2174400000001242	epochs	3.0
1584.603639912262	0.20712000000003172	epochs	3.0
1584.810759912262	0.3867199999999684	epochs	2.0
1584.810759912262	0.1976799999999912	epochs	3.0
1585.008439912262	0.18903999999997723	epochs	3.0
1585.197479912262	0.3551199999999426	epochs	2.0
1585.197479912262	0.1811999999999898	epochs	3.0
1585.378679912262	0.17391999999995278	epochs	3.0
1585.552599912262	0.3282400000000507	epochs	2.0
1585.552599912262	0.1672000000000935	epochs	3.0
1585.719799912262	0.16103999999995722	epochs	3.0
1585.880839912262	0.30520000000001346	epochs	2.0
1585.880839912262	0.1552799999999479	epochs	3.0
1586.036119912262	0.14992000000006556	epochs	3.0
1586.186039912262	0.28512000000000626	epochs	2.0
1586.186039912262	0.1448800000000574	epochs	3.0
1586.330919912262	0.14023999999994885	epochs	3.0
1586.471159912262	0.26751999999987675	epochs	2.0
1586.471159912262	0.13583999999991647	epochs	3.0
1586.606999912262	0.13167999999996027	epochs	3.0
1586.738679912262	0.2520799999999781	epochs	2.0
1586.738679912262	0.12784000000010565	epochs	3.0
1586.866519912262	0.12423999999987245	epochs	3.0
1586.9907599122619	0.23816000000010717	epochs	2.0
1586.9907599122619	0.1207200000001194	epochs	3.0
1587.111479912262	0.11743999999998778	epochs	3.0
1587.228919912262	0.225840000000062	epochs	2.0
1587.228919912262	0.11439999999993233	epochs	3.0
1587.343319912262	0.11144000000012966	epochs	3.0
1587.454759912262	0.21463999999991756	epochs	2.0
1587.454759912262	0.10863999999992302	epochs	3.0
1587.563399912262	0.10599999999999454	epochs	3.0
1587.669399912262	0.20448000000010325	epochs	2.0
1587.669399912262	0.10344000000009146	epochs	3.0
1587.772839912262	0.10104000000001179	epochs	3.0
1587.873879912262	0.19535999999993692	epochs	2.0
1587.873879912262	0.0987999999999829	epochs	3.0
1587.972679912262	0.09655999999995402	epochs	3.0
1588.069239912262	0.18695999999999913	epochs	2.0
1588.069239912262	0.09447999999997592	epochs	3.0
1588.163719912262	0.09248000000002321	epochs	3.0
1588.256199912262	0.1792000000000371	epochs	2.0
1588.256199912262	0.0904800000000705	epochs	3.0
1588.346679912262	0.0887199999999666	epochs	3.0
1588.435399912262	0.17207999999982349	epochs	2.0
1588.435399912262	0.08687999999983731	epochs	3.0
1588.5222799122619	0.08519999999998618	epochs	3.0
1588.6074799122619	0.165520000000015	epochs	2.0
1588.6074799122619	0.08360000000016043	epochs	3.0
1588.691079912262	0.08191999999985455	epochs	3.0
1588.7729999122619	0.15952000000015687	epochs	2.0
1588.7729999122619	0.0804800000000796	epochs	3.0
1588.853479912262	0.07904000000007727	epochs	3.0
1588.932519912262	0.15375999999992018	epochs	2.0
1588.932519912262	0.07759999999984757	epochs	3.0
1589.0101199122619	0.07616000000007261	epochs	3.0
1589.086279912262	0.14856000000008862	epochs	2.0
1589.086279912262	0.07495999999991909	epochs	3.0
1589.1612399122619	0.07360000000016953	epochs	3.0
1589.234839912262	0.14367999999990388	epochs	2.0
1589.234839912262	0.0724800000000414	epochs	3.0
1589.307319912262	0.07119999999986248	epochs	3.0
1589.378519912262	0.1390400000000227	epochs	2.0
1589.378519912262	0.07007999999996173	epochs	3.0
1589.448599912262	0.06896000000006097	epochs	3.0
1589.517559912262	0.13472000000001572	epochs	2.0
1589.517559912262	0.06791999999995824	epochs	3.0
1589.585479912262	0.06680000000005748	epochs	3.0
1589.652279912262	0.13071999999988293	epochs	2.0
1589.652279912262	0.06583999999998014	epochs	3.0
1589.718119912262	0.0648799999999028	epochs	3.0
1589.7829999122619	0.1268000000000029	epochs	2.0
1589.7829999122619	0.06384000000002743	epochs	3.0
1589.8468399122619	0.06295999999997548	epochs	3.0
1589.9097999122619	0.12328000000002248	epochs	2.0
1589.9097999122619	0.0620800000001509	epochs	3.0
1589.971879912262	0.06119999999987158	epochs	3.0
1590.0330799122619	0.11984000000006745	epochs	2.0
1590.0330799122619	0.060320000000047	epochs	3.0
1590.093399912262	0.059520000000020445	epochs	3.0
1590.152919912262	0.11663999999996122	epochs	2.0
1590.152919912262	0.05871999999999389	epochs	3.0
1590.211639912262	0.05791999999996733	epochs	3.0
1590.269559912262	0.11360000000013315	epochs	2.0
1590.269559912262	0.05719999999996617	epochs	3.0
1590.3267599122619	0.05640000000016698	epochs	3.0
1590.383159912262	0.11071999999990112	epochs	2.0
1590.383159912262	0.055679999999938445	epochs	3.0
1590.438839912262	0.055039999999962674	epochs	3.0
1590.493879912262	0.10791999999992186	epochs	2.0
1590.493879912262	0.05423999999993612	epochs	3.0
1590.5481199122619	0.05367999999998574	epochs	3.0
1590.6017999122619	0.10527999999999338	epochs	2.0
1590.6017999122619	0.052959999999984575	epochs	3.0
1590.6547599122619	0.052320000000008804	epochs	3.0
1590.7070799122619	0.10288000000014108	epochs	2.0
1590.7070799122619	0.051760000000058426	epochs	3.0
1590.758839912262	0.051120000000082655	epochs	3.0
1590.809959912262	0.10040000000003602	epochs	2.0
1590.809959912262	0.05047999999987951	epochs	3.0
1590.8604399122619	0.049920000000156506	epochs	3.0
1590.910359912262	0.09824000000003252	epochs	2.0
1590.910359912262	0.049359999999978754	epochs	3.0
1590.959719912262	0.04888000000005377	epochs	3.0
1591.008599912262	0.09600000000000364	epochs	2.0
1591.008599912262	0.048239999999850625	epochs	3.0
1591.056839912262	0.04776000000015301	epochs	3.0
1591.104599912262	0.09391999999979816	epochs	2.0
1591.104599912262	0.04719999999997526	epochs	3.0
1591.151799912262	0.0467199999998229	epochs	3.0
1591.1985199122619	0.09192000000007283	epochs	2.0
1591.1985199122619	0.0461600000000999	epochs	3.0
1591.244679912262	0.04575999999997293	epochs	3.0
1591.290439912262	0.09007999999994354	epochs	2.0
1591.290439912262	0.04528000000004795	epochs	3.0
1591.335719912262	0.04479999999989559	epochs	3.0
1591.380519912262	0.08816000000001623	epochs	2.0
1591.380519912262	0.044319999999970605	epochs	3.0
1591.4248399122619	0.04384000000004562	epochs	3.0
1591.468679912262	0.08648000000016509	epochs	2.0
1591.468679912262	0.04344000000014603	epochs	3.0
1591.512119912262	0.04304000000001906	epochs	3.0
1591.555159912262	0.08471999999983382	epochs	2.0
1591.555159912262	0.042559999999866704	epochs	3.0
1591.597719912262	0.04215999999996711	epochs	3.0
1591.639879912262	0.08320000000003347	epochs	2.0
1591.639879912262	0.04176000000006752	epochs	3.0
1591.681639912262	0.04143999999996595	epochs	3.0
1591.723079912262	0.08151999999995496	epochs	2.0
1591.723079912262	0.040960000000040964	epochs	3.0
1591.764039912262	0.040559999999914	epochs	3.0
1591.804599912262	0.08008000000018001	epochs	2.0
1591.804599912262	0.0402400000000398	epochs	3.0
1591.844839912262	0.03984000000014021	epochs	3.0
1591.884679912262	0.0786399999999503	epochs	2.0
1591.884679912262	0.03951999999981126	epochs	3.0
1591.9241999122619	0.039120000000139044	epochs	3.0
1591.963319912262	0.07719999999994798	epochs	2.0
1591.963319912262	0.03880000000003747	epochs	3.0
1592.002119912262	0.038399999999910506	epochs	3.0
1592.040519912262	0.07591999999999643	epochs	2.0
1592.040519912262	0.0381600000000617	epochs	3.0
1592.078679912262	0.037759999999934735	epochs	3.0
1592.116439912262	0.0745600000000195	epochs	2.0
1592.116439912262	0.037440000000060536	epochs	3.0
1592.153879912262	0.037119999999958964	epochs	3.0
1592.190999912262	0.07335999999986598	epochs	2.0
1592.190999912262	0.036800000000084765	epochs	3.0
1592.227799912262	0.03655999999978121	epochs	3.0
1592.2643599122619	0.07208000000014181	epochs	2.0
1592.2643599122619	0.036160000000108994	epochs	3.0
1592.300519912262	0.035920000000032815	epochs	3.0
1592.336439912262	0.07087999999998829	epochs	2.0
1592.336439912262	0.03559999999993124	epochs	3.0
1592.372039912262	0.035280000000057044	epochs	3.0
1592.407319912262	0.06983999999988555	epochs	2.0
1592.407319912262	0.035039999999980864	epochs	3.0
1592.442359912262	0.034799999999904685	epochs	3.0
1592.4771599122619	0.06864000000018677	epochs	2.0
1592.4771599122619	0.034480000000030486	epochs	3.0
1592.511639912262	0.03416000000015629	epochs	3.0
1592.545799912262	0.06759999999985666	epochs	2.0
1592.545799912262	0.033919999999852735	epochs	3.0
1592.579719912262	0.03368000000000393	epochs	3.0
1592.613399912262	0.0665599999999813	epochs	2.0
1592.613399912262	0.03344000000015512	epochs	3.0
1592.646839912262	0.03311999999982618	epochs	3.0
1592.679959912262	0.06560000000013133	epochs	2.0
1592.679959912262	0.032960000000002765	epochs	3.0
1592.712919912262	0.032640000000128566	epochs	3.0
1592.745559912262	0.0645600000000286	epochs	2.0
1592.745559912262	0.03239999999982501	epochs	3.0
1592.7779599122618	0.03216000000020358	epochs	3.0
1592.810119912262	0.06367999999997664	epochs	2.0
1592.810119912262	0.03199999999992542	epochs	3.0
1592.842119912262	0.03168000000005122	epochs	3.0
1592.873799912262	0.0627199999998993	epochs	2.0
1592.873799912262	0.03143999999997504	epochs	3.0
1592.905239912262	0.03127999999992426	epochs	3.0
1592.936519912262	0.061840000000074724	epochs	2.0
1592.936519912262	0.03104000000007545	epochs	3.0
1592.967559912262	0.030799999999999272	epochs	3.0
1592.998359912262	0.060960000000022774	epochs	2.0
1592.998359912262	0.030559999999923093	epochs	3.0
1593.028919912262	0.03040000000009968	epochs	3.0
1593.059319912262	0.060159999999996217	epochs	2.0
1593.059319912262	0.0301600000000235	epochs	3.0
1593.089479912262	0.029999999999972715	epochs	3.0
1593.119479912262	0.059279999999944266	epochs	2.0
1593.119479912262	0.029679999999871143	epochs	3.0
1593.149159912262	0.029600000000073123	epochs	3.0
1593.178759912262	0.05847999999991771	epochs	2.0
1593.178759912262	0.029359999999996944	epochs	3.0
1593.208119912262	0.029119999999920765	epochs	3.0
1593.2372399122619	0.05776000000014392	epochs	2.0
1593.2372399122619	0.028960000000097352	epochs	3.0
1593.266199912262	0.028800000000046566	epochs	3.0
1593.294999912262	0.05695999999988999	epochs	2.0
1593.294999912262	0.028559999999970387	epochs	3.0
1593.323559912262	0.0283999999999196	epochs	3.0
1593.351959912262	0.0562400000001162	epochs	2.0
1593.351959912262	0.028160000000070795	epochs	3.0
1593.380119912262	0.028080000000045402	epochs	3.0
1593.408199912262	0.055439999999862266	epochs	2.0
1593.408199912262	0.027839999999969223	epochs	3.0
1593.436039912262	0.027599999999893043	epochs	3.0
1593.463639912262	0.05488000000013926	epochs	2.0
1593.463639912262	0.027520000000095024	epochs	3.0
1593.491159912262	0.027360000000044238	epochs	3.0
1593.518519912262	0.05407999999988533	epochs	2.0
1593.518519912262	0.02711999999996806	epochs	3.0
1593.545639912262	0.026959999999917272	epochs	3.0
1593.572599912262	0.053440000000136934	epochs	2.0
1593.572599912262	0.02680000000009386	epochs	3.0
1593.599399912262	0.026640000000043074	epochs	3.0
1593.626039912262	0.05287999999995918	epochs	2.0
1593.626039912262	0.026479999999992287	epochs	3.0
1593.652519912262	0.026399999999966894	epochs	3.0
1593.678919912262	0.05215999999995802	epochs	2.0
1593.678919912262	0.026159999999890715	epochs	3.0
1593.705079912262	0.026000000000067303	epochs	3.0
1593.731079912262	0.05151999999998225	epochs	2.0
1593.731079912262	0.025840000000016516	epochs	3.0
1593.756919912262	0.02567999999996573	epochs	3.0
1593.782599912262	0.05096000000003187	epochs	2.0
1593.782599912262	0.025599999999940337	epochs	3.0
1593.808199912262	0.02536000000009153	epochs	3.0
1593.833559912262	0.05040000000008149	epochs	2.0
1593.833559912262	0.02528000000006614	epochs	3.0
1593.858839912262	0.025120000000015352	epochs	3.0
1593.883959912262	0.049759999999878346	epochs	2.0
1593.883959912262	0.024959999999964566	epochs	3.0
1593.908919912262	0.02479999999991378	epochs	3.0
1593.933719912262	0.04919999999992797	epochs	2.0
1593.933719912262	0.024640000000090367	epochs	3.0
1593.958359912262	0.0245599999998376	epochs	3.0
1593.9829199122619	0.04872000000000298	epochs	2.0
1593.9829199122619	0.024400000000014188	epochs	3.0
1594.007319912262	0.024319999999988795	epochs	3.0
1594.0316399122619	0.04808000000002721	epochs	2.0
1594.0316399122619	0.02408000000013999	epochs	3.0
1594.055719912262	0.023999999999887223	epochs	3.0
1594.079719912262	0.04760000000010223	epochs	2.0
1594.079719912262	0.02384000000006381	epochs	3.0
1594.103559912262	0.023760000000038417	epochs	3.0
1594.127319912262	0.04711999999994987	epochs	2.0
1594.127319912262	0.02359999999998763	epochs	3.0
1594.150919912262	0.023519999999962238	epochs	3.0
1594.174439912262	0.04655999999999949	epochs	2.0
1594.174439912262	0.02335999999991145	epochs	3.0
1594.1977999122619	0.02320000000008804	epochs	3.0
1594.220999912262	0.046080000000074506	epochs	2.0
1594.220999912262	0.023120000000062646	epochs	3.0
1594.244119912262	0.02296000000001186	epochs	3.0
1594.267079912262	0.04559999999992215	epochs	2.0
1594.267079912262	0.022879999999986467	epochs	3.0
1594.289959912262	0.02271999999993568	epochs	3.0
1594.312679912262	0.04511999999999716	epochs	2.0
1594.312679912262	0.022639999999910287	epochs	3.0
1594.3353199122619	0.022480000000086875	epochs	3.0
1594.357799912262	0.04464000000007218	epochs	2.0
1594.357799912262	0.022400000000061482	epochs	3.0
1594.380199912262	0.022240000000010696	epochs	3.0
1594.402439912262	0.04423999999994521	epochs	2.0
1594.402439912262	0.022159999999985303	epochs	3.0
1594.424599912262	0.02207999999995991	epochs	3.0
1594.446679912262	0.04376000000002023	epochs	2.0
1594.446679912262	0.021919999999909123	epochs	3.0
1594.4685999122619	0.021840000000111104	epochs	3.0
1594.490439912262	0.04335999999989326	epochs	2.0
1594.490439912262	0.02176000000008571	epochs	3.0
1594.512199912262	0.02159999999980755	epochs	3.0
1594.5337999122619	0.04287999999996828	epochs	2.0
1594.5337999122619	0.02143999999998414	epochs	3.0
1594.5552399122619	0.02143999999998414	epochs	3.0
1594.5766799122619	0.042480000000068685	epochs	2.0
1594.5766799122619	0.021280000000160726	epochs	3.0
1594.597959912262	0.02119999999990796	epochs	3.0
1594.619159912262	0.04207999999994172	epochs	2.0
1594.619159912262	0.021040000000084547	epochs	3.0
1594.640199912262	0.021039999999857173	epochs	3.0
1594.6612399122619	0.04168000000004213	epochs	2.0
1594.6612399122619	0.02088000000003376	epochs	3.0
1594.682119912262	0.020800000000008367	epochs	3.0
1594.702919912262	0.04120000000011714	epochs	2.0
1594.702919912262	0.02063999999995758	epochs	3.0
1594.7235599122619	0.020560000000159562	epochs	3.0
1594.744119912262	0.04088000000001557	epochs	2.0
1594.744119912262	0.020559999999932188	epochs	3.0
1594.764679912262	0.020320000000083382	epochs	3.0
1594.784999912262	0.040559999999914	epochs	2.0
1594.784999912262	0.02031999999985601	epochs	3.0
1594.805319912262	0.02024000000005799	epochs	3.0
1594.825559912262	0.04007999999998901	epochs	2.0
1594.825559912262	0.020080000000007203	epochs	3.0
1594.845639912262	0.01999999999998181	epochs	3.0
1594.865639912262	0.039760000000114815	epochs	2.0
1594.865639912262	0.019919999999956417	epochs	3.0
1594.885559912262	0.019840000000158398	epochs	3.0
1594.905399912262	0.03944000000001324	epochs	2.0
1594.905399912262	0.01975999999990563	epochs	3.0
1594.925159912262	0.01968000000010761	epochs	3.0
1594.944839912262	0.03903999999988628	epochs	2.0
1594.944839912262	0.01951999999982945	epochs	3.0
1594.964359912262	0.019520000000056825	epochs	3.0
1594.983879912262	0.038639999999986685	epochs	2.0
1594.983879912262	0.01936000000000604	epochs	3.0
1595.003239912262	0.019279999999980646	epochs	3.0
1595.022519912262	0.038399999999910506	epochs	2.0
1595.022519912262	0.019279999999980646	epochs	3.0
1595.041799912262	0.01911999999992986	epochs	3.0
1595.0609199122619	0.038000000000010914	epochs	2.0
1595.0609199122619	0.01904000000013184	epochs	3.0
1595.079959912262	0.018959999999879074	epochs	3.0
1595.0989199122619	0.037680000000136715	epochs	2.0
1595.0989199122619	0.018880000000081054	epochs	3.0
1595.117799912262	0.01880000000005566	epochs	3.0
1595.136599912262	0.03736000000003514	epochs	2.0
1595.136599912262	0.018720000000030268	epochs	3.0
1595.155319912262	0.018640000000004875	epochs	3.0
1595.173959912262	0.03703999999993357	epochs	2.0
1595.173959912262	0.018559999999979482	epochs	3.0
1595.192519912262	0.01847999999995409	epochs	3.0
1595.210999912262	0.03672000000005937	epochs	2.0
1595.210999912262	0.018399999999928696	epochs	3.0
1595.229399912262	0.018320000000130676	epochs	3.0
1595.247719912262	0.03647999999998319	epochs	2.0
1595.247719912262	0.01823999999987791	epochs	3.0
1595.265959912262	0.018240000000105283	epochs	3.0
1595.284199912262	0.03607999999985623	epochs	2.0
1595.284199912262	0.018080000000054497	epochs	3.0
1595.302279912262	0.01799999999980173	epochs	3.0
1595.3202799122619	0.03584000000000742	epochs	2.0
1595.3202799122619	0.01792000000000371	epochs	3.0
1595.3381999122619	0.01792000000000371	epochs	3.0
1595.3561199122619	0.03552000000013322	epochs	2.0
1595.3561199122619	0.017760000000180298	epochs	3.0
1595.373879912262	0.017759999999952925	epochs	3.0
1595.391639912262	0.03520000000003165	epochs	2.0
1595.391639912262	0.01767999999992753	epochs	3.0
1595.409319912262	0.01752000000010412	epochs	3.0
1595.426839912262	0.03495999999995547	epochs	2.0
1595.426839912262	0.017519999999876745	epochs	3.0
1595.444359912262	0.017440000000078726	epochs	3.0
1595.461799912262	0.03471999999987929	epochs	2.0
1595.461799912262	0.017440000000078726	epochs	3.0
1595.479239912262	0.017279999999800566	epochs	3.0
1595.4965199122619	0.03440000000000509	epochs	2.0
1595.4965199122619	0.017200000000002547	epochs	3.0
1595.5137199122619	0.017200000000002547	epochs	3.0
1595.5309199122619	0.03416000000015629	epochs	2.0
1595.5309199122619	0.017119999999977153	epochs	3.0
1595.5480399122619	0.017040000000179134	epochs	3.0
1595.565079912262	0.03383999999982734	epochs	2.0
1595.565079912262	0.016959999999926367	epochs	3.0
1595.582039912262	0.016879999999900974	epochs	3.0
1595.5989199122619	0.03360000000020591	epochs	2.0
1595.5989199122619	0.016800000000102955	epochs	3.0
1595.615719912262	0.016800000000102955	epochs	3.0
1595.632519912262	0.03335999999990236	epochs	2.0
1595.632519912262	0.016719999999850188	epochs	3.0
1595.649239912262	0.01664000000005217	epochs	3.0
1595.665879912262	0.03312000000005355	epochs	2.0
1595.665879912262	0.016560000000026776	epochs	3.0
1595.682439912262	0.016560000000026776	epochs	3.0
1595.698999912262	0.03279999999995198	epochs	2.0
1595.698999912262	0.01639999999997599	epochs	3.0
1595.715399912262	0.01639999999997599	epochs	3.0
1595.731799912262	0.0325599999998758	epochs	2.0
1595.731799912262	0.016319999999950596	epochs	3.0
1595.748119912262	0.016239999999925203	epochs	3.0
1595.7643599122619	0.03240000000005239	epochs	2.0
1595.7643599122619	0.016240000000152577	epochs	3.0
1595.780599912262	0.01615999999989981	epochs	3.0
1595.796759912262	0.032079999999950815	epochs	2.0
1595.796759912262	0.01608000000010179	epochs	3.0
1595.812839912262	0.015999999999849024	epochs	3.0
1595.8288399122619	0.0319200000001274	epochs	2.0
1595.8288399122619	0.016000000000076398	epochs	3.0
1595.844839912262	0.015920000000051004	epochs	3.0
1595.860759912262	0.03160000000002583	epochs	2.0
1595.860759912262	0.01584000000002561	epochs	3.0
1595.876599912262	0.01576000000000022	epochs	3.0
1595.892359912262	0.03143999999997504	epochs	2.0
1595.892359912262	0.01576000000000022	epochs	3.0
1595.908119912262	0.015679999999974825	epochs	3.0
1595.923799912262	0.031199999999898864	epochs	2.0
1595.923799912262	0.015599999999949432	epochs	3.0
1595.939399912262	0.015599999999949432	epochs	3.0
1595.9549999122619	0.03096000000005006	epochs	2.0
1595.9549999122619	0.015520000000151413	epochs	3.0
1595.970519912262	0.015439999999898646	epochs	3.0
1595.985959912262	0.03071999999997388	epochs	2.0
1595.985959912262	0.01544000000012602	epochs	3.0
1596.001399912262	0.01527999999984786	epochs	3.0
1596.016679912262	0.030560000000150467	epochs	2.0
1596.016679912262	0.015360000000100626	epochs	3.0
1596.032039912262	0.01520000000004984	epochs	3.0
1596.047239912262	0.030319999999846914	epochs	2.0
1596.047239912262	0.015199999999822467	epochs	3.0
1596.0624399122619	0.015120000000024447	epochs	3.0
1596.077559912262	0.030079999999998108	epochs	2.0
1596.077559912262	0.015120000000024447	epochs	3.0
1596.092679912262	0.014959999999973661	epochs	3.0
1596.107639912262	0.029920000000174696	epochs	2.0
1596.107639912262	0.015039999999999054	epochs	3.0
1596.122679912262	0.014880000000175642	epochs	3.0
1596.137559912262	0.029679999999871143	epochs	2.0
1596.137559912262	0.014879999999948268	epochs	3.0
1596.152439912262	0.014799999999922875	epochs	3.0
1596.167239912262	0.02952000000004773	epochs	2.0
1596.167239912262	0.014799999999922875	epochs	3.0
1596.1820399122619	0.014720000000124855	epochs	3.0
1596.196759912262	0.02927999999997155	epochs	2.0
1596.196759912262	0.014719999999897482	epochs	3.0
1596.211479912262	0.01456000000007407	epochs	3.0
1596.226039912262	0.029119999999920765	epochs	2.0
1596.226039912262	0.014640000000099462	epochs	3.0
1596.240679912262	0.014479999999821302	epochs	3.0
1596.255159912262	0.028960000000097352	epochs	2.0
1596.255159912262	0.014480000000048676	epochs	3.0
1596.269639912262	0.014480000000048676	epochs	3.0
1596.284119912262	0.02863999999999578	epochs	2.0
1596.284119912262	0.01431999999999789	epochs	3.0
1596.298439912262	0.01431999999999789	epochs	3.0
1596.312759912262	0.028559999999970387	epochs	2.0
1596.312759912262	0.01431999999999789	epochs	3.0
1596.327079912262	0.014239999999972497	epochs	3.0
1596.341319912262	0.02832000000012158	epochs	2.0
1596.341319912262	0.014159999999947104	epochs	3.0
1596.355479912262	0.014160000000174477	epochs	3.0
1596.369639912262	0.02815999999984342	epochs	2.0
1596.369639912262	0.014159999999947104	epochs	3.0
1596.383799912262	0.013999999999896318	epochs	3.0
1596.397799912262	0.02800000000002001	epochs	2.0
1596.397799912262	0.014000000000123691	epochs	3.0
1596.411799912262	0.013999999999896318	epochs	3.0
1596.425799912262	0.02775999999994383	epochs	2.0
1596.425799912262	0.013920000000098298	epochs	3.0
1596.439719912262	0.013839999999845531	epochs	3.0
1596.4535599122619	0.02768000000014581	epochs	2.0
1596.4535599122619	0.013840000000072905	epochs	3.0
1596.467399912262	0.013840000000072905	epochs	3.0
1596.481239912262	0.027439999999842257	epochs	2.0
1596.481239912262	0.013760000000047512	epochs	3.0
1596.494999912262	0.013679999999794745	epochs	3.0
1596.5086799122619	0.027280000000018845	epochs	2.0
1596.5086799122619	0.013680000000022119	epochs	3.0
1596.522359912262	0.013599999999996726	epochs	3.0
1596.535959912262	0.02711999999996806	epochs	2.0
1596.535959912262	0.013519999999971333	epochs	3.0
1596.5494799122619	0.013599999999996726	epochs	3.0
1596.5630799122619	0.026880000000119253	epochs	2.0
1596.5630799122619	0.013440000000173313	epochs	3.0
1596.576519912262	0.01343999999994594	epochs	3.0
1596.589959912262	0.02680000000009386	epochs	2.0
1596.589959912262	0.01343999999994594	epochs	3.0
1596.603399912262	0.01336000000014792	epochs	3.0
1596.616759912262	0.026559999999790307	epochs	2.0
1596.616759912262	0.013279999999895153	epochs	3.0
1596.630039912262	0.013279999999895153	epochs	3.0
1596.6433199122619	0.026479999999992287	epochs	2.0
1596.6433199122619	0.013280000000122527	epochs	3.0
1596.656599912262	0.01319999999986976	epochs	3.0
1596.6697999122619	0.026240000000143482	epochs	2.0
1596.6697999122619	0.013120000000071741	epochs	3.0
1596.682919912262	0.013120000000071741	epochs	3.0
1596.696039912262	0.026159999999890715	epochs	2.0
1596.696039912262	0.013120000000071741	epochs	3.0
1596.709159912262	0.013039999999818974	epochs	3.0
1596.7221999122619	0.026000000000067303	epochs	2.0
1596.7221999122619	0.013040000000046348	epochs	3.0
1596.735239912262	0.012960000000020955	epochs	3.0
1596.748199912262	0.025759999999991123	epochs	2.0
1596.748199912262	0.012879999999995562	epochs	3.0
1596.761079912262	0.012879999999995562	epochs	3.0
1596.773959912262	0.02567999999996573	epochs	2.0
1596.773959912262	0.012879999999995562	epochs	3.0
1596.786839912262	0.012799999999970169	epochs	3.0
1596.799639912262	0.025520000000142318	epochs	2.0
1596.799639912262	0.012799999999970169	epochs	3.0
1596.8124399122619	0.01272000000017215	epochs	3.0
1596.825159912262	0.025359999999864158	epochs	2.0
1596.825159912262	0.012719999999944775	epochs	3.0
1596.837879912262	0.012639999999919382	epochs	3.0
1596.850519912262	0.025200000000040745	epochs	2.0
1596.850519912262	0.012640000000146756	epochs	3.0
1596.863159912262	0.01255999999989399	epochs	3.0
1596.875719912262	0.024560000000064974	epochs	2.0
1596.8999332122619	0.5	epochs	-1.0
1596.900279912262	0.5161599999998998	epochs	1.0
1597.416439912262	0.4837600000000748	epochs	0.0
1615.7439999580383	0.08328000000005886	epochs	0.0
1615.7439999580383	0.03664000000003398	epochs	1.0
1615.7806399580384	0.010080000000016298	epochs	1.0
1615.7907199580384	0.036560000000008586	epochs	1.0
1615.8272799580384	2.0	epochs	0.0
1617.8272799580384	21.556319999999914	epochs	0.0
1617.8272799580384	1.0	epochs	1.0
1617.8273332580384	0.5	epochs	-1.0
1618.3273332580384	19.999599999999873	epochs	-1.0
1618.8272799580384	20.0	epochs	1.0
1618.8272799580384	8.000000002539309e-05	epochs	2.0
1618.8273599580384	4.356719999999996	epochs	-1.0
1618.8273599580384	1.974559999999883	epochs	2.0
1618.8273599580384	1.0985599999999067	epochs	3.0
1619.9259199580383	0.8759999999999764	epochs	3.0
1620.8019199580383	1.3523999999999887	epochs	2.0
1620.8019199580383	0.7286400000000413	epochs	3.0
1621.5305599580383	0.6237599999999475	epochs	3.0
1622.1543199580383	1.029760000000124	epochs	2.0
1622.1543199580383	0.5453600000000733	epochs	3.0
1622.6996799580384	0.48440000000005057	epochs	3.0
1623.1840799580384	0.8317600000000311	epochs	2.0
1623.1840799580384	0.4357599999998456	epochs	3.0
1623.6198399580383	0.39600000000018554	epochs	3.0
1624.0158399580384	0.6978399999998146	epochs	2.0
1624.0158399580384	0.3628799999999046	epochs	3.0
1624.3787199580383	0.33495999999991	epochs	3.0
1624.7136799580383	0.6010400000000118	epochs	2.0
1624.7136799580383	0.3108799999999974	epochs	3.0
1625.0245599580383	0.2901600000000144	epochs	3.0
1625.3147199580383	0.5278399999999692	epochs	2.0
1625.3147199580383	0.2719200000001365	epochs	3.0
1625.5866399580384	0.2559199999998327	epochs	3.0
1625.8425599580382	0.47064000000000306	epochs	2.0
1625.8425599580382	0.2416800000000876	epochs	3.0
1626.0842399580383	0.22895999999991545	epochs	3.0
1626.3131999580382	0.4245600000001559	epochs	2.0
1626.3131999580382	0.2174400000001242	epochs	3.0
1626.5306399580384	0.20712000000003172	epochs	3.0
1626.7377599580384	0.3867199999999684	epochs	2.0
1626.7377599580384	0.1976799999999912	epochs	3.0
1626.9354399580384	0.18903999999997723	epochs	3.0
1627.1244799580384	0.3551199999999426	epochs	2.0
1627.1244799580384	0.1811999999999898	epochs	3.0
1627.3056799580384	0.17391999999995278	epochs	3.0
1627.4795999580383	0.3282400000000507	epochs	2.0
1627.4795999580383	0.1672000000000935	epochs	3.0
1627.6467999580384	0.16103999999995722	epochs	3.0
1627.8078399580384	0.30520000000001346	epochs	2.0
1627.8078399580384	0.1552799999999479	epochs	3.0
1627.9631199580383	0.14992000000006556	epochs	3.0
1628.1130399580384	0.28512000000000626	epochs	2.0
1628.1130399580384	0.1448800000000574	epochs	3.0
1628.2579199580384	0.14023999999994885	epochs	3.0
1628.3981599580384	0.26751999999987675	epochs	2.0
1628.3981599580384	0.13583999999991647	epochs	3.0
1628.5339999580383	0.13167999999996027	epochs	3.0
1628.6656799580383	0.2520799999999781	epochs	2.0
1628.6656799580383	0.12784000000010565	epochs	3.0
1628.7935199580384	0.12423999999987245	epochs	3.0
1628.9177599580382	0.23816000000010717	epochs	2.0
1628.9177599580382	0.1207200000001194	epochs	3.0
1629.0384799580384	0.11743999999998778	epochs	3.0
1629.1559199580383	0.225840000000062	epochs	2.0
1629.1559199580383	0.11439999999993233	epochs	3.0
1629.2703199580383	0.11144000000012966	epochs	3.0
1629.3817599580384	0.21463999999991756	epochs	2.0
1629.3817599580384	0.10863999999992302	epochs	3.0
1629.4903999580383	0.10599999999999454	epochs	3.0
1629.5963999580383	0.20448000000010325	epochs	2.0
1629.5963999580383	0.10344000000009146	epochs	3.0
1629.6998399580384	0.10104000000001179	epochs	3.0
1629.8008799580384	0.19535999999993692	epochs	2.0
1629.8008799580384	0.0987999999999829	epochs	3.0
1629.8996799580384	0.09655999999995402	epochs	3.0
1629.9962399580384	0.18695999999999913	epochs	2.0
1629.9962399580384	0.09447999999997592	epochs	3.0
1630.0907199580383	0.09248000000002321	epochs	3.0
1630.1831999580384	0.1792000000000371	epochs	2.0
1630.1831999580384	0.0904800000000705	epochs	3.0
1630.2736799580384	0.0887199999999666	epochs	3.0
1630.3623999580384	0.17207999999982349	epochs	2.0
1630.3623999580384	0.08687999999983731	epochs	3.0
1630.4492799580382	0.08519999999998618	epochs	3.0
1630.5344799580382	0.165520000000015	epochs	2.0
1630.5344799580382	0.08360000000016043	epochs	3.0
1630.6180799580384	0.08191999999985455	epochs	3.0
1630.6999999580382	0.15952000000015687	epochs	2.0
1630.6999999580382	0.0804800000000796	epochs	3.0
1630.7804799580383	0.07904000000007727	epochs	3.0
1630.8595199580384	0.15375999999992018	epochs	2.0
1630.8595199580384	0.07759999999984757	epochs	3.0
1630.9371199580382	0.07616000000007261	epochs	3.0
1631.0132799580383	0.14856000000008862	epochs	2.0
1631.0132799580383	0.07495999999991909	epochs	3.0
1631.0882399580382	0.07360000000016953	epochs	3.0
1631.1618399580384	0.14367999999990388	epochs	2.0
1631.1618399580384	0.0724800000000414	epochs	3.0
1631.2343199580384	0.07119999999986248	epochs	3.0
1631.3055199580383	0.1390400000000227	epochs	2.0
1631.3055199580383	0.07007999999996173	epochs	3.0
1631.3755999580383	0.06896000000006097	epochs	3.0
1631.4445599580383	0.13472000000001572	epochs	2.0
1631.4445599580383	0.06791999999995824	epochs	3.0
1631.5124799580383	0.06680000000005748	epochs	3.0
1631.5792799580383	0.13071999999988293	epochs	2.0
1631.5792799580383	0.06583999999998014	epochs	3.0
1631.6451199580383	0.0648799999999028	epochs	3.0
1631.7099999580382	0.1268000000000029	epochs	2.0
1631.7099999580382	0.06384000000002743	epochs	3.0
1631.7738399580383	0.06295999999997548	epochs	3.0
1631.8367999580382	0.12328000000002248	epochs	2.0
1631.8367999580382	0.0620800000001509	epochs	3.0
1631.8988799580384	0.06119999999987158	epochs	3.0
1631.9600799580382	0.11984000000006745	epochs	2.0
1631.9600799580382	0.060320000000047	epochs	3.0
1632.0203999580383	0.059520000000020445	epochs	3.0
1632.0799199580383	0.11663999999996122	epochs	2.0
1632.0799199580383	0.05871999999999389	epochs	3.0
1632.1386399580383	0.05791999999996733	epochs	3.0
1632.1965599580383	0.11360000000013315	epochs	2.0
1632.1965599580383	0.05719999999996617	epochs	3.0
1632.2537599580382	0.05640000000016698	epochs	3.0
1632.3101599580384	0.11071999999990112	epochs	2.0
1632.3101599580384	0.055679999999938445	epochs	3.0
1632.3658399580384	0.055039999999962674	epochs	3.0
1632.4208799580383	0.10791999999992186	epochs	2.0
1632.4208799580383	0.05423999999993612	epochs	3.0
1632.4751199580382	0.05367999999998574	epochs	3.0
1632.5287999580382	0.10527999999999338	epochs	2.0
1632.5287999580382	0.052959999999984575	epochs	3.0
1632.5817599580382	0.052320000000008804	epochs	3.0
1632.6340799580382	0.10288000000014108	epochs	2.0
1632.6340799580382	0.051760000000058426	epochs	3.0
1632.6858399580383	0.051120000000082655	epochs	3.0
1632.7369599580384	0.10040000000003602	epochs	2.0
1632.7369599580384	0.05047999999987951	epochs	3.0
1632.7874399580382	0.049920000000156506	epochs	3.0
1632.8373599580384	0.09824000000003252	epochs	2.0
1632.8373599580384	0.049359999999978754	epochs	3.0
1632.8867199580384	0.04888000000005377	epochs	3.0
1632.9355999580384	0.09600000000000364	epochs	2.0
1632.9355999580384	0.048239999999850625	epochs	3.0
1632.9838399580383	0.04776000000015301	epochs	3.0
1633.0315999580384	0.09391999999979816	epochs	2.0
1633.0315999580384	0.04719999999997526	epochs	3.0
1633.0787999580384	0.0467199999998229	epochs	3.0
1633.1255199580382	0.09192000000007283	epochs	2.0
1633.1255199580382	0.0461600000000999	epochs	3.0
1633.1716799580383	0.04575999999997293	epochs	3.0
1633.2174399580383	0.09007999999994354	epochs	2.0
1633.2174399580383	0.04528000000004795	epochs	3.0
1633.2627199580384	0.04479999999989559	epochs	3.0
1633.3075199580383	0.08816000000001623	epochs	2.0
1633.3075199580383	0.044319999999970605	epochs	3.0
1633.3518399580382	0.04384000000004562	epochs	3.0
1633.3956799580383	0.08648000000016509	epochs	2.0
1633.3956799580383	0.04344000000014603	epochs	3.0
1633.4391199580384	0.04304000000001906	epochs	3.0
1633.4821599580384	0.08471999999983382	epochs	2.0
1633.4821599580384	0.042559999999866704	epochs	3.0
1633.5247199580383	0.04215999999996711	epochs	3.0
1633.5668799580383	0.08320000000003347	epochs	2.0
1633.5668799580383	0.04176000000006752	epochs	3.0
1633.6086399580383	0.04143999999996595	epochs	3.0
1633.6500799580383	0.08151999999995496	epochs	2.0
1633.6500799580383	0.040960000000040964	epochs	3.0
1633.6910399580383	0.040559999999914	epochs	3.0
1633.7315999580383	0.08008000000018001	epochs	2.0
1633.7315999580383	0.0402400000000398	epochs	3.0
1633.7718399580383	0.03984000000014021	epochs	3.0
1633.8116799580384	0.0786399999999503	epochs	2.0
1633.8116799580384	0.03951999999981126	epochs	3.0
1633.8511999580383	0.039120000000139044	epochs	3.0
1633.8903199580384	0.07719999999994798	epochs	2.0
1633.8903199580384	0.03880000000003747	epochs	3.0
1633.9291199580384	0.038399999999910506	epochs	3.0
1633.9675199580383	0.07591999999999643	epochs	2.0
1633.9675199580383	0.0381600000000617	epochs	3.0
1634.0056799580384	0.037759999999934735	epochs	3.0
1634.0434399580383	0.0745600000000195	epochs	2.0
1634.0434399580383	0.037440000000060536	epochs	3.0
1634.0808799580384	0.037119999999958964	epochs	3.0
1634.1179999580384	0.07335999999986598	epochs	2.0
1634.1179999580384	0.036800000000084765	epochs	3.0
1634.1547999580384	0.03655999999978121	epochs	3.0
1634.1913599580382	0.07208000000014181	epochs	2.0
1634.1913599580382	0.036160000000108994	epochs	3.0
1634.2275199580383	0.035920000000032815	epochs	3.0
1634.2634399580384	0.07087999999998829	epochs	2.0
1634.2634399580384	0.03559999999993124	epochs	3.0
1634.2990399580383	0.035280000000057044	epochs	3.0
1634.3343199580383	0.06983999999988555	epochs	2.0
1634.3343199580383	0.035039999999980864	epochs	3.0
1634.3693599580383	0.034799999999904685	epochs	3.0
1634.4041599580382	0.06864000000018677	epochs	2.0
1634.4041599580382	0.034480000000030486	epochs	3.0
1634.4386399580383	0.03416000000015629	epochs	3.0
1634.4727999580384	0.06759999999985666	epochs	2.0
1634.4727999580384	0.033919999999852735	epochs	3.0
1634.5067199580383	0.03368000000000393	epochs	3.0
1634.5403999580383	0.0665599999999813	epochs	2.0
1634.5403999580383	0.03344000000015512	epochs	3.0
1634.5738399580384	0.03311999999982618	epochs	3.0
1634.6069599580383	0.06560000000013133	epochs	2.0
1634.6069599580383	0.032960000000002765	epochs	3.0
1634.6399199580383	0.032640000000128566	epochs	3.0
1634.6725599580384	0.0645600000000286	epochs	2.0
1634.6725599580384	0.03239999999982501	epochs	3.0
1634.7049599580382	0.03216000000020358	epochs	3.0
1634.7371199580384	0.06367999999997664	epochs	2.0
1634.7371199580384	0.03199999999992542	epochs	3.0
1634.7691199580383	0.03168000000005122	epochs	3.0
1634.8007999580384	0.0627199999998993	epochs	2.0
1634.8007999580384	0.03143999999997504	epochs	3.0
1634.8322399580384	0.03127999999992426	epochs	3.0
1634.8635199580383	0.061840000000074724	epochs	2.0
1634.8635199580383	0.03104000000007545	epochs	3.0
1634.8945599580384	0.030799999999999272	epochs	3.0
1634.9253599580384	0.060960000000022774	epochs	2.0
1634.9253599580384	0.030559999999923093	epochs	3.0
1634.9559199580383	0.03040000000009968	epochs	3.0
1634.9863199580384	0.060159999999996217	epochs	2.0
1634.9863199580384	0.0301600000000235	epochs	3.0
1635.0164799580384	0.029999999999972715	epochs	3.0
1635.0464799580384	0.059279999999944266	epochs	2.0
1635.0464799580384	0.029679999999871143	epochs	3.0
1635.0761599580383	0.029600000000073123	epochs	3.0
1635.1057599580383	0.05847999999991771	epochs	2.0
1635.1057599580383	0.029359999999996944	epochs	3.0
1635.1351199580383	0.029119999999920765	epochs	3.0
1635.1642399580383	0.05776000000014392	epochs	2.0
1635.1642399580383	0.028960000000097352	epochs	3.0
1635.1931999580383	0.028800000000046566	epochs	3.0
1635.2219999580384	0.05695999999988999	epochs	2.0
1635.2219999580384	0.028559999999970387	epochs	3.0
1635.2505599580384	0.0283999999999196	epochs	3.0
1635.2789599580383	0.0562400000001162	epochs	2.0
1635.2789599580383	0.028160000000070795	epochs	3.0
1635.3071199580384	0.028080000000045402	epochs	3.0
1635.3351999580384	0.055439999999862266	epochs	2.0
1635.3351999580384	0.027839999999969223	epochs	3.0
1635.3630399580384	0.027599999999893043	epochs	3.0
1635.3906399580383	0.05488000000013926	epochs	2.0
1635.3906399580383	0.027520000000095024	epochs	3.0
1635.4181599580384	0.027360000000044238	epochs	3.0
1635.4455199580384	0.05407999999988533	epochs	2.0
1635.4455199580384	0.02711999999996806	epochs	3.0
1635.4726399580384	0.026959999999917272	epochs	3.0
1635.4995999580383	0.053440000000136934	epochs	2.0
1635.4995999580383	0.02680000000009386	epochs	3.0
1635.5263999580384	0.026640000000043074	epochs	3.0
1635.5530399580384	0.05287999999995918	epochs	2.0
1635.5530399580384	0.026479999999992287	epochs	3.0
1635.5795199580384	0.026399999999966894	epochs	3.0
1635.6059199580384	0.05215999999995802	epochs	2.0
1635.6059199580384	0.026159999999890715	epochs	3.0
1635.6320799580383	0.026000000000067303	epochs	3.0
1635.6580799580383	0.05151999999998225	epochs	2.0
1635.6580799580383	0.025840000000016516	epochs	3.0
1635.6839199580384	0.02567999999996573	epochs	3.0
1635.7095999580383	0.05096000000003187	epochs	2.0
1635.7095999580383	0.025599999999940337	epochs	3.0
1635.7351999580383	0.02536000000009153	epochs	3.0
1635.7605599580384	0.05040000000008149	epochs	2.0
1635.7605599580384	0.02528000000006614	epochs	3.0
1635.7858399580384	0.025120000000015352	epochs	3.0
1635.8109599580384	0.049759999999878346	epochs	2.0
1635.8109599580384	0.024959999999964566	epochs	3.0
1635.8359199580384	0.02479999999991378	epochs	3.0
1635.8607199580383	0.04919999999992797	epochs	2.0
1635.8607199580383	0.024640000000090367	epochs	3.0
1635.8853599580384	0.0245599999998376	epochs	3.0
1635.9099199580382	0.04872000000000298	epochs	2.0
1635.9099199580382	0.024400000000014188	epochs	3.0
1635.9343199580383	0.024319999999988795	epochs	3.0
1635.9586399580382	0.04808000000002721	epochs	2.0
1635.9586399580382	0.02408000000013999	epochs	3.0
1635.9827199580384	0.023999999999887223	epochs	3.0
1636.0067199580383	0.04760000000010223	epochs	2.0
1636.0067199580383	0.02384000000006381	epochs	3.0
1636.0305599580383	0.023760000000038417	epochs	3.0
1636.0543199580384	0.04711999999994987	epochs	2.0
1636.0543199580384	0.02359999999998763	epochs	3.0
1636.0779199580384	0.023519999999962238	epochs	3.0
1636.1014399580383	0.04655999999999949	epochs	2.0
1636.1014399580383	0.02335999999991145	epochs	3.0
1636.1247999580382	0.02320000000008804	epochs	3.0
1636.1479999580383	0.046080000000074506	epochs	2.0
1636.1479999580383	0.023120000000062646	epochs	3.0
1636.1711199580384	0.02296000000001186	epochs	3.0
1636.1940799580384	0.04559999999992215	epochs	2.0
1636.1940799580384	0.022879999999986467	epochs	3.0
1636.2169599580384	0.02271999999993568	epochs	3.0
1636.2396799580383	0.04511999999999716	epochs	2.0
1636.2396799580383	0.022639999999910287	epochs	3.0
1636.2623199580382	0.022480000000086875	epochs	3.0
1636.2847999580383	0.04464000000007218	epochs	2.0
1636.2847999580383	0.022400000000061482	epochs	3.0
1636.3071999580384	0.022240000000010696	epochs	3.0
1636.3294399580384	0.04423999999994521	epochs	2.0
1636.3294399580384	0.022159999999985303	epochs	3.0
1636.3515999580384	0.02207999999995991	epochs	3.0
1636.3736799580383	0.04376000000002023	epochs	2.0
1636.3736799580383	0.021919999999909123	epochs	3.0
1636.3955999580382	0.021840000000111104	epochs	3.0
1636.4174399580384	0.04335999999989326	epochs	2.0
1636.4174399580384	0.02176000000008571	epochs	3.0
1636.4391999580384	0.02159999999980755	epochs	3.0
1636.4607999580383	0.04287999999996828	epochs	2.0
1636.4607999580383	0.02143999999998414	epochs	3.0
1636.4822399580382	0.02143999999998414	epochs	3.0
1636.5036799580382	0.042480000000068685	epochs	2.0
1636.5036799580382	0.021280000000160726	epochs	3.0
1636.5249599580384	0.02119999999990796	epochs	3.0
1636.5461599580383	0.04207999999994172	epochs	2.0
1636.5461599580383	0.021040000000084547	epochs	3.0
1636.5671999580384	0.021039999999857173	epochs	3.0
1636.5882399580382	0.04168000000004213	epochs	2.0
1636.5882399580382	0.02088000000003376	epochs	3.0
1636.6091199580383	0.020800000000008367	epochs	3.0
1636.6299199580383	0.04120000000011714	epochs	2.0
1636.6299199580383	0.02063999999995758	epochs	3.0
1636.6505599580382	0.020560000000159562	epochs	3.0
1636.6711199580384	0.04088000000001557	epochs	2.0
1636.6711199580384	0.020559999999932188	epochs	3.0
1636.6916799580383	0.020320000000083382	epochs	3.0
1636.7119999580384	0.040559999999914	epochs	2.0
1636.7119999580384	0.02031999999985601	epochs	3.0
1636.7323199580383	0.02024000000005799	epochs	3.0
1636.7525599580383	0.04007999999998901	epochs	2.0
1636.7525599580383	0.020080000000007203	epochs	3.0
1636.7726399580383	0.01999999999998181	epochs	3.0
1636.7926399580383	0.039760000000114815	epochs	2.0
1636.7926399580383	0.019919999999956417	epochs	3.0
1636.8125599580383	0.019840000000158398	epochs	3.0
1636.8323999580384	0.03944000000001324	epochs	2.0
1636.8323999580384	0.01975999999990563	epochs	3.0
1636.8521599580383	0.01968000000010761	epochs	3.0
1636.8718399580384	0.03903999999988628	epochs	2.0
1636.8718399580384	0.01951999999982945	epochs	3.0
1636.8913599580383	0.019520000000056825	epochs	3.0
1636.9108799580383	0.038639999999986685	epochs	2.0
1636.9108799580383	0.01936000000000604	epochs	3.0
1636.9302399580383	0.019279999999980646	epochs	3.0
1636.9495199580383	0.038399999999910506	epochs	2.0
1636.9495199580383	0.019279999999980646	epochs	3.0
1636.9687999580383	0.01911999999992986	epochs	3.0
1636.9879199580382	0.038000000000010914	epochs	2.0
1636.9879199580382	0.01904000000013184	epochs	3.0
1637.0069599580384	0.018959999999879074	epochs	3.0
1637.0259199580382	0.037680000000136715	epochs	2.0
1637.0259199580382	0.018880000000081054	epochs	3.0
1637.0447999580383	0.01880000000005566	epochs	3.0
1637.0635999580384	0.03736000000003514	epochs	2.0
1637.0635999580384	0.018720000000030268	epochs	3.0
1637.0823199580384	0.018640000000004875	epochs	3.0
1637.1009599580384	0.03703999999993357	epochs	2.0
1637.1009599580384	0.018559999999979482	epochs	3.0
1637.1195199580384	0.01847999999995409	epochs	3.0
1637.1379999580383	0.03672000000005937	epochs	2.0
1637.1379999580383	0.018399999999928696	epochs	3.0
1637.1563999580383	0.018320000000130676	epochs	3.0
1637.1747199580384	0.03647999999998319	epochs	2.0
1637.1747199580384	0.01823999999987791	epochs	3.0
1637.1929599580383	0.018240000000105283	epochs	3.0
1637.2111999580384	0.03607999999985623	epochs	2.0
1637.2111999580384	0.018080000000054497	epochs	3.0
1637.2292799580384	0.01799999999980173	epochs	3.0
1637.2472799580382	0.03584000000000742	epochs	2.0
1637.2472799580382	0.01792000000000371	epochs	3.0
1637.2651999580382	0.01792000000000371	epochs	3.0
1637.2831199580382	0.03552000000013322	epochs	2.0
1637.2831199580382	0.017760000000180298	epochs	3.0
1637.3008799580384	0.017759999999952925	epochs	3.0
1637.3186399580384	0.03520000000003165	epochs	2.0
1637.3186399580384	0.01767999999992753	epochs	3.0
1637.3363199580383	0.01752000000010412	epochs	3.0
1637.3538399580384	0.03495999999995547	epochs	2.0
1637.3538399580384	0.017519999999876745	epochs	3.0
1637.3713599580383	0.017440000000078726	epochs	3.0
1637.3887999580384	0.03471999999987929	epochs	2.0
1637.3887999580384	0.017440000000078726	epochs	3.0
1637.4062399580384	0.017279999999800566	epochs	3.0
1637.4235199580382	0.03440000000000509	epochs	2.0
1637.4235199580382	0.017200000000002547	epochs	3.0
1637.4407199580382	0.017200000000002547	epochs	3.0
1637.4579199580382	0.03416000000015629	epochs	2.0
1637.4579199580382	0.017119999999977153	epochs	3.0
1637.4750399580382	0.017040000000179134	epochs	3.0
1637.4920799580384	0.03383999999982734	epochs	2.0
1637.4920799580384	0.016959999999926367	epochs	3.0
1637.5090399580383	0.016879999999900974	epochs	3.0
1637.5259199580382	0.03360000000020591	epochs	2.0
1637.5259199580382	0.016800000000102955	epochs	3.0
1637.5427199580383	0.016800000000102955	epochs	3.0
1637.5595199580384	0.03335999999990236	epochs	2.0
1637.5595199580384	0.016719999999850188	epochs	3.0
1637.5762399580383	0.01664000000005217	epochs	3.0
1637.5928799580383	0.03312000000005355	epochs	2.0
1637.5928799580383	0.016560000000026776	epochs	3.0
1637.6094399580384	0.016560000000026776	epochs	3.0
1637.6259999580384	0.03279999999995198	epochs	2.0
1637.6259999580384	0.01639999999997599	epochs	3.0
1637.6423999580384	0.01639999999997599	epochs	3.0
1637.6587999580383	0.0325599999998758	epochs	2.0
1637.6587999580383	0.016319999999950596	epochs	3.0
1637.6751199580383	0.016239999999925203	epochs	3.0
1637.6913599580382	0.03240000000005239	epochs	2.0
1637.6913599580382	0.016240000000152577	epochs	3.0
1637.7075999580384	0.01615999999989981	epochs	3.0
1637.7237599580383	0.032079999999950815	epochs	2.0
1637.7237599580383	0.01608000000010179	epochs	3.0
1637.7398399580384	0.015999999999849024	epochs	3.0
1637.7558399580382	0.0319200000001274	epochs	2.0
1637.7558399580382	0.016000000000076398	epochs	3.0
1637.7718399580383	0.015920000000051004	epochs	3.0
1637.7877599580384	0.03160000000002583	epochs	2.0
1637.7877599580384	0.01584000000002561	epochs	3.0
1637.8035999580384	0.01576000000000022	epochs	3.0
1637.8193599580384	0.03143999999997504	epochs	2.0
1637.8193599580384	0.01576000000000022	epochs	3.0
1637.8351199580384	0.015679999999974825	epochs	3.0
1637.8507999580384	0.031199999999898864	epochs	2.0
1637.8507999580384	0.015599999999949432	epochs	3.0
1637.8663999580383	0.015599999999949432	epochs	3.0
1637.8819999580383	0.03096000000005006	epochs	2.0
1637.8819999580383	0.015520000000151413	epochs	3.0
1637.8975199580384	0.015439999999898646	epochs	3.0
1637.9129599580383	0.03071999999997388	epochs	2.0
1637.9129599580383	0.01544000000012602	epochs	3.0
1637.9283999580384	0.01527999999984786	epochs	3.0
1637.9436799580383	0.030560000000150467	epochs	2.0
1637.9436799580383	0.015360000000100626	epochs	3.0
1637.9590399580384	0.01520000000004984	epochs	3.0
1637.9742399580384	0.030319999999846914	epochs	2.0
1637.9742399580384	0.015199999999822467	epochs	3.0
1637.9894399580382	0.015120000000024447	epochs	3.0
1638.0045599580383	0.030079999999998108	epochs	2.0
1638.0045599580383	0.015120000000024447	epochs	3.0
1638.0196799580383	0.014959999999973661	epochs	3.0
1638.0346399580383	0.029920000000174696	epochs	2.0
1638.0346399580383	0.015039999999999054	epochs	3.0
1638.0496799580383	0.014880000000175642	epochs	3.0
1638.0645599580384	0.029679999999871143	epochs	2.0
1638.0645599580384	0.014879999999948268	epochs	3.0
1638.0794399580384	0.014799999999922875	epochs	3.0
1638.0942399580383	0.02952000000004773	epochs	2.0
1638.0942399580383	0.014799999999922875	epochs	3.0
1638.1090399580382	0.014720000000124855	epochs	3.0
1638.1237599580384	0.02927999999997155	epochs	2.0
1638.1237599580384	0.014719999999897482	epochs	3.0
1638.1384799580383	0.01456000000007407	epochs	3.0
1638.1530399580383	0.029119999999920765	epochs	2.0
1638.1530399580383	0.014640000000099462	epochs	3.0
1638.1676799580384	0.014479999999821302	epochs	3.0
1638.1821599580383	0.028960000000097352	epochs	2.0
1638.1821599580383	0.014480000000048676	epochs	3.0
1638.1966399580383	0.014480000000048676	epochs	3.0
1638.2111199580384	0.02863999999999578	epochs	2.0
1638.2111199580384	0.01431999999999789	epochs	3.0
1638.2254399580384	0.01431999999999789	epochs	3.0
1638.2397599580383	0.028559999999970387	epochs	2.0
1638.2397599580383	0.01431999999999789	epochs	3.0
1638.2540799580383	0.014239999999972497	epochs	3.0
1638.2683199580383	0.02832000000012158	epochs	2.0
1638.2683199580383	0.014159999999947104	epochs	3.0
1638.2824799580383	0.014160000000174477	epochs	3.0
1638.2966399580384	0.02815999999984342	epochs	2.0
1638.2966399580384	0.014159999999947104	epochs	3.0
1638.3107999580384	0.013999999999896318	epochs	3.0
1638.3247999580383	0.02800000000002001	epochs	2.0
1638.3247999580383	0.014000000000123691	epochs	3.0
1638.3387999580384	0.013999999999896318	epochs	3.0
1638.3527999580383	0.02775999999994383	epochs	2.0
1638.3527999580383	0.013920000000098298	epochs	3.0
1638.3667199580384	0.013839999999845531	epochs	3.0
1638.3805599580382	0.02768000000014581	epochs	2.0
1638.3805599580382	0.013840000000072905	epochs	3.0
1638.3943999580383	0.013840000000072905	epochs	3.0
1638.4082399580384	0.027439999999842257	epochs	2.0
1638.4082399580384	0.013760000000047512	epochs	3.0
1638.4219999580384	0.013679999999794745	epochs	3.0
1638.4356799580382	0.027280000000018845	epochs	2.0
1638.4356799580382	0.013680000000022119	epochs	3.0
1638.4493599580383	0.013599999999996726	epochs	3.0
1638.4629599580383	0.02711999999996806	epochs	2.0
1638.4629599580383	0.013519999999971333	epochs	3.0
1638.4764799580382	0.013599999999996726	epochs	3.0
1638.4900799580382	0.026880000000119253	epochs	2.0
1638.4900799580382	0.013440000000173313	epochs	3.0
1638.5035199580384	0.01343999999994594	epochs	3.0
1638.5169599580383	0.02680000000009386	epochs	2.0
1638.5169599580383	0.01343999999994594	epochs	3.0
1638.5303999580383	0.01336000000014792	epochs	3.0
1638.5437599580384	0.026559999999790307	epochs	2.0
1638.5437599580384	0.013279999999895153	epochs	3.0
1638.5570399580383	0.013279999999895153	epochs	3.0
1638.5703199580382	0.026479999999992287	epochs	2.0
1638.5703199580382	0.013280000000122527	epochs	3.0
1638.5835999580383	0.01319999999986976	epochs	3.0
1638.5967999580382	0.026240000000143482	epochs	2.0
1638.5967999580382	0.013120000000071741	epochs	3.0
1638.6099199580383	0.013120000000071741	epochs	3.0
1638.6230399580384	0.026159999999890715	epochs	2.0
1638.6230399580384	0.013120000000071741	epochs	3.0
1638.6361599580384	0.013039999999818974	epochs	3.0
1638.6491999580383	0.026000000000067303	epochs	2.0
1638.6491999580383	0.013040000000046348	epochs	3.0
1638.6622399580383	0.012960000000020955	epochs	3.0
1638.6751999580383	0.025759999999991123	epochs	2.0
1638.6751999580383	0.012879999999995562	epochs	3.0
1638.6880799580383	0.012879999999995562	epochs	3.0
1638.7009599580383	0.02567999999996573	epochs	2.0
1638.7009599580383	0.012879999999995562	epochs	3.0
1638.7138399580383	0.012799999999970169	epochs	3.0
1638.7266399580383	0.025520000000142318	epochs	2.0
1638.7266399580383	0.012799999999970169	epochs	3.0
1638.7394399580382	0.01272000000017215	epochs	3.0
1638.7521599580384	0.025359999999864158	epochs	2.0
1638.7521599580384	0.012719999999944775	epochs	3.0
1638.7648799580384	0.012639999999919382	epochs	3.0
1638.7775199580383	0.025200000000040745	epochs	2.0
1638.7775199580383	0.012640000000146756	epochs	3.0
1638.7901599580384	0.01255999999989399	epochs	3.0
1638.8027199580383	0.024560000000064974	epochs	2.0
1638.8269332580383	0.5	epochs	-1.0
1638.8272799580384	0.5563199999999142	epochs	1.0
1639.3835999580383	0.4436000000000604	epochs	0.0
1643.2309999465942	0.08328000000005886	epochs	0.0
1643.2309999465942	0.03664000000003398	epochs	1.0
1643.2676399465943	0.010080000000016298	epochs	1.0
1643.2777199465943	0.036560000000008586	epochs	1.0
1643.3142799465943	2.0	epochs	0.0
1645.3142799465943	5.396399999999858	epochs	0.0
1645.3142799465943	1.0	epochs	1.0
1645.3143332465943	0.5	epochs	-1.0
1645.8143332465943	4.896346699999867	epochs	-1.0
1646.3142799465943	4.396399999999858	epochs	1.0
1646.3142799465943	8.000000002539309e-05	epochs	2.0
1646.3143599465943	4.356719999999996	epochs	-1.0
1646.3143599465943	1.974559999999883	epochs	2.0
1646.3143599465943	1.0985599999999067	epochs	3.0
1647.4129199465942	0.8759999999999764	epochs	3.0
1648.2889199465942	1.3523999999999887	epochs	2.0
1648.2889199465942	0.7286400000000413	epochs	3.0
1649.0175599465942	0.6237599999999475	epochs	3.0
1649.6413199465942	1.029760000000124	epochs	2.0
1649.6413199465942	0.5453600000000733	epochs	3.0
1650.1866799465943	0.48440000000005057	epochs	3.0
1650.6710799465943	0.039599999999836655	epochs	2.0
1650.6710799465943	0.039599999999836655	epochs	3.0
1650.7106799465942	16.603520000000117	epochs	0.0
1654.5250000953674	0.08328000000005886	epochs	0.0
1654.5250000953674	0.03664000000003398	epochs	1.0
1654.5616400953675	0.010080000000016298	epochs	1.0
1654.5717200953675	0.036560000000008586	epochs	1.0
1654.6082800953675	2.0	epochs	0.0
1656.6082800953675	21.999919999999975	epochs	0.0
1656.6082800953675	1.0	epochs	1.0
1656.6083333953675	0.5	epochs	-1.0
1657.1083333953675	19.999519999999848	epochs	-1.0
1657.6082800953675	20.0	epochs	1.0
1657.6082800953675	8.000000002539309e-05	epochs	2.0
1657.6083600953675	4.356719999999996	epochs	-1.0
1657.6083600953675	1.974559999999883	epochs	2.0
1657.6083600953675	1.0985599999999067	epochs	3.0
1658.7069200953674	0.8759999999999764	epochs	3.0
1659.5829200953674	1.3523999999999887	epochs	2.0
1659.5829200953674	0.7286400000000413	epochs	3.0
1660.3115600953674	0.6237599999999475	epochs	3.0
1660.9353200953674	1.029760000000124	epochs	2.0
1660.9353200953674	0.5453600000000733	epochs	3.0
1661.4806800953675	0.48440000000005057	epochs	3.0
1661.9650800953675	0.8317600000000311	epochs	2.0
1661.9650800953675	0.4357599999998456	epochs	3.0
1662.4008400953674	0.39600000000018554	epochs	3.0
1662.7968400953675	0.6978399999998146	epochs	2.0
1662.7968400953675	0.3628799999999046	epochs	3.0
1663.1597200953674	0.33495999999991	epochs	3.0
1663.4946800953674	0.6010400000000118	epochs	2.0
1663.4946800953674	0.3108799999999974	epochs	3.0
1663.8055600953674	0.2901600000000144	epochs	3.0
1664.0957200953674	0.5278399999999692	epochs	2.0
1664.0957200953674	0.2719200000001365	epochs	3.0
1664.3676400953675	0.2559199999998327	epochs	3.0
1664.6235600953673	0.47064000000000306	epochs	2.0
1664.6235600953673	0.2416800000000876	epochs	3.0
1664.8652400953674	0.22895999999991545	epochs	3.0
1665.0942000953673	0.4245600000001559	epochs	2.0
1665.0942000953673	0.2174400000001242	epochs	3.0
1665.3116400953675	0.20712000000003172	epochs	3.0
1665.5187600953675	0.3867199999999684	epochs	2.0
1665.5187600953675	0.1976799999999912	epochs	3.0
1665.7164400953675	0.18903999999997723	epochs	3.0
1665.9054800953675	0.3551199999999426	epochs	2.0
1665.9054800953675	0.1811999999999898	epochs	3.0
1666.0866800953675	0.17391999999995278	epochs	3.0
1666.2606000953674	0.3282400000000507	epochs	2.0
1666.2606000953674	0.1672000000000935	epochs	3.0
1666.4278000953675	0.16103999999995722	epochs	3.0
1666.5888400953675	0.30520000000001346	epochs	2.0
1666.5888400953675	0.1552799999999479	epochs	3.0
1666.7441200953674	0.14992000000006556	epochs	3.0
1666.8940400953675	0.28512000000000626	epochs	2.0
1666.8940400953675	0.1448800000000574	epochs	3.0
1667.0389200953675	0.14023999999994885	epochs	3.0
1667.1791600953675	0.26751999999987675	epochs	2.0
1667.1791600953675	0.13583999999991647	epochs	3.0
1667.3150000953674	0.13167999999996027	epochs	3.0
1667.4466800953674	0.2520799999999781	epochs	2.0
1667.4466800953674	0.12784000000010565	epochs	3.0
1667.5745200953675	0.12423999999987245	epochs	3.0
1667.6987600953673	0.23816000000010717	epochs	2.0
1667.6987600953673	0.1207200000001194	epochs	3.0
1667.8194800953675	0.11743999999998778	epochs	3.0
1667.9369200953674	0.225840000000062	epochs	2.0
1667.9369200953674	0.11439999999993233	epochs	3.0
1668.0513200953674	0.11144000000012966	epochs	3.0
1668.1627600953675	0.21463999999991756	epochs	2.0
1668.1627600953675	0.10863999999992302	epochs	3.0
1668.2714000953674	0.10599999999999454	epochs	3.0
1668.3774000953674	0.20448000000010325	epochs	2.0
1668.3774000953674	0.10344000000009146	epochs	3.0
1668.4808400953675	0.10104000000001179	epochs	3.0
1668.5818800953675	0.19535999999993692	epochs	2.0
1668.5818800953675	0.0987999999999829	epochs	3.0
1668.6806800953675	0.09655999999995402	epochs	3.0
1668.7772400953675	0.18695999999999913	epochs	2.0
1668.7772400953675	0.09447999999997592	epochs	3.0
1668.8717200953674	0.09248000000002321	epochs	3.0
1668.9642000953675	0.1792000000000371	epochs	2.0
1668.9642000953675	0.0904800000000705	epochs	3.0
1669.0546800953675	0.0887199999999666	epochs	3.0
1669.1434000953675	0.17207999999982349	epochs	2.0
1669.1434000953675	0.08687999999983731	epochs	3.0
1669.2302800953673	0.08519999999998618	epochs	3.0
1669.3154800953673	0.165520000000015	epochs	2.0
1669.3154800953673	0.08360000000016043	epochs	3.0
1669.3990800953675	0.08191999999985455	epochs	3.0
1669.4810000953673	0.15952000000015687	epochs	2.0
1669.4810000953673	0.0804800000000796	epochs	3.0
1669.5614800953674	0.07904000000007727	epochs	3.0
1669.6405200953675	0.15375999999992018	epochs	2.0
1669.6405200953675	0.07759999999984757	epochs	3.0
1669.7181200953673	0.07616000000007261	epochs	3.0
1669.7942800953674	0.14856000000008862	epochs	2.0
1669.7942800953674	0.07495999999991909	epochs	3.0
1669.8692400953673	0.07360000000016953	epochs	3.0
1669.9428400953675	0.14367999999990388	epochs	2.0
1669.9428400953675	0.0724800000000414	epochs	3.0
1670.0153200953675	0.07119999999986248	epochs	3.0
1670.0865200953674	0.1390400000000227	epochs	2.0
1670.0865200953674	0.07007999999996173	epochs	3.0
1670.1566000953674	0.06896000000006097	epochs	3.0
1670.2255600953674	0.13472000000001572	epochs	2.0
1670.2255600953674	0.06791999999995824	epochs	3.0
1670.2934800953674	0.06680000000005748	epochs	3.0
1670.3602800953674	0.13071999999988293	epochs	2.0
1670.3602800953674	0.06583999999998014	epochs	3.0
1670.4261200953674	0.0648799999999028	epochs	3.0
1670.4910000953673	0.1268000000000029	epochs	2.0
1670.4910000953673	0.06384000000002743	epochs	3.0
1670.5548400953674	0.06295999999997548	epochs	3.0
1670.6178000953673	0.12328000000002248	epochs	2.0
1670.6178000953673	0.0620800000001509	epochs	3.0
1670.6798800953675	0.06119999999987158	epochs	3.0
1670.7410800953674	0.11984000000006745	epochs	2.0
1670.7410800953674	0.060320000000047	epochs	3.0
1670.8014000953674	0.059520000000020445	epochs	3.0
1670.8609200953674	0.11663999999996122	epochs	2.0
1670.8609200953674	0.05871999999999389	epochs	3.0
1670.9196400953674	0.05791999999996733	epochs	3.0
1670.9775600953674	0.11360000000013315	epochs	2.0
1670.9775600953674	0.05719999999996617	epochs	3.0
1671.0347600953673	0.05640000000016698	epochs	3.0
1671.0911600953675	0.11071999999990112	epochs	2.0
1671.0911600953675	0.055679999999938445	epochs	3.0
1671.1468400953675	0.055039999999962674	epochs	3.0
1671.2018800953674	0.10791999999992186	epochs	2.0
1671.2018800953674	0.05423999999993612	epochs	3.0
1671.2561200953674	0.05367999999998574	epochs	3.0
1671.3098000953673	0.10527999999999338	epochs	2.0
1671.3098000953673	0.052959999999984575	epochs	3.0
1671.3627600953673	0.052320000000008804	epochs	3.0
1671.4150800953673	0.10288000000014108	epochs	2.0
1671.4150800953673	0.051760000000058426	epochs	3.0
1671.4668400953674	0.051120000000082655	epochs	3.0
1671.5179600953675	0.10040000000003602	epochs	2.0
1671.5179600953675	0.05047999999987951	epochs	3.0
1671.5684400953674	0.049920000000156506	epochs	3.0
1671.6183600953675	0.09824000000003252	epochs	2.0
1671.6183600953675	0.049359999999978754	epochs	3.0
1671.6677200953675	0.04888000000005377	epochs	3.0
1671.7166000953675	0.09600000000000364	epochs	2.0
1671.7166000953675	0.048239999999850625	epochs	3.0
1671.7648400953674	0.04776000000015301	epochs	3.0
1671.8126000953675	0.09391999999979816	epochs	2.0
1671.8126000953675	0.04719999999997526	epochs	3.0
1671.8598000953675	0.0467199999998229	epochs	3.0
1671.9065200953673	0.09192000000007283	epochs	2.0
1671.9065200953673	0.0461600000000999	epochs	3.0
1671.9526800953674	0.04575999999997293	epochs	3.0
1671.9984400953674	0.09007999999994354	epochs	2.0
1671.9984400953674	0.04528000000004795	epochs	3.0
1672.0437200953675	0.04479999999989559	epochs	3.0
1672.0885200953674	0.08816000000001623	epochs	2.0
1672.0885200953674	0.044319999999970605	epochs	3.0
1672.1328400953673	0.04384000000004562	epochs	3.0
1672.1766800953674	0.08648000000016509	epochs	2.0
1672.1766800953674	0.04344000000014603	epochs	3.0
1672.2201200953675	0.04304000000001906	epochs	3.0
1672.2631600953675	0.08471999999983382	epochs	2.0
1672.2631600953675	0.042559999999866704	epochs	3.0
1672.3057200953674	0.04215999999996711	epochs	3.0
1672.3478800953674	0.08320000000003347	epochs	2.0
1672.3478800953674	0.04176000000006752	epochs	3.0
1672.3896400953674	0.04143999999996595	epochs	3.0
1672.4310800953674	0.08151999999995496	epochs	2.0
1672.4310800953674	0.040960000000040964	epochs	3.0
1672.4720400953674	0.040559999999914	epochs	3.0
1672.5126000953674	0.08008000000018001	epochs	2.0
1672.5126000953674	0.0402400000000398	epochs	3.0
1672.5528400953674	0.03984000000014021	epochs	3.0
1672.5926800953675	0.0786399999999503	epochs	2.0
1672.5926800953675	0.03951999999981126	epochs	3.0
1672.6322000953674	0.039120000000139044	epochs	3.0
1672.6713200953675	0.07719999999994798	epochs	2.0
1672.6713200953675	0.03880000000003747	epochs	3.0
1672.7101200953675	0.038399999999910506	epochs	3.0
1672.7485200953674	0.07591999999999643	epochs	2.0
1672.7485200953674	0.0381600000000617	epochs	3.0
1672.7866800953675	0.037759999999934735	epochs	3.0
1672.8244400953674	0.0745600000000195	epochs	2.0
1672.8244400953674	0.037440000000060536	epochs	3.0
1672.8618800953675	0.037119999999958964	epochs	3.0
1672.8990000953675	0.07335999999986598	epochs	2.0
1672.8990000953675	0.036800000000084765	epochs	3.0
1672.9358000953675	0.03655999999978121	epochs	3.0
1672.9723600953673	0.07208000000014181	epochs	2.0
1672.9723600953673	0.036160000000108994	epochs	3.0
1673.0085200953674	0.035920000000032815	epochs	3.0
1673.0444400953675	0.07087999999998829	epochs	2.0
1673.0444400953675	0.03559999999993124	epochs	3.0
1673.0800400953674	0.035280000000057044	epochs	3.0
1673.1153200953675	0.06983999999988555	epochs	2.0
1673.1153200953675	0.035039999999980864	epochs	3.0
1673.1503600953674	0.034799999999904685	epochs	3.0
1673.1851600953673	0.06864000000018677	epochs	2.0
1673.1851600953673	0.034480000000030486	epochs	3.0
1673.2196400953674	0.03416000000015629	epochs	3.0
1673.2538000953675	0.06759999999985666	epochs	2.0
1673.2538000953675	0.033919999999852735	epochs	3.0
1673.2877200953674	0.03368000000000393	epochs	3.0
1673.3214000953674	0.0665599999999813	epochs	2.0
1673.3214000953674	0.03344000000015512	epochs	3.0
1673.3548400953675	0.03311999999982618	epochs	3.0
1673.3879600953674	0.06560000000013133	epochs	2.0
1673.3879600953674	0.032960000000002765	epochs	3.0
1673.4209200953674	0.032640000000128566	epochs	3.0
1673.4535600953675	0.0645600000000286	epochs	2.0
1673.4535600953675	0.03239999999982501	epochs	3.0
1673.4859600953673	0.03216000000020358	epochs	3.0
1673.5181200953675	0.06367999999997664	epochs	2.0
1673.5181200953675	0.03199999999992542	epochs	3.0
1673.5501200953674	0.03168000000005122	epochs	3.0
1673.5818000953675	0.0627199999998993	epochs	2.0
1673.5818000953675	0.03143999999997504	epochs	3.0
1673.6132400953675	0.03127999999992426	epochs	3.0
1673.6445200953674	0.061840000000074724	epochs	2.0
1673.6445200953674	0.03104000000007545	epochs	3.0
1673.6755600953675	0.030799999999999272	epochs	3.0
1673.7063600953675	0.060960000000022774	epochs	2.0
1673.7063600953675	0.030559999999923093	epochs	3.0
1673.7369200953674	0.03040000000009968	epochs	3.0
1673.7673200953675	0.060159999999996217	epochs	2.0
1673.7673200953675	0.0301600000000235	epochs	3.0
1673.7974800953675	0.029999999999972715	epochs	3.0
1673.8274800953675	0.059279999999944266	epochs	2.0
1673.8274800953675	0.029679999999871143	epochs	3.0
1673.8571600953674	0.029600000000073123	epochs	3.0
1673.8867600953674	0.05847999999991771	epochs	2.0
1673.8867600953674	0.029359999999996944	epochs	3.0
1673.9161200953674	0.029119999999920765	epochs	3.0
1673.9452400953674	0.05776000000014392	epochs	2.0
1673.9452400953674	0.028960000000097352	epochs	3.0
1673.9742000953675	0.028800000000046566	epochs	3.0
1674.0030000953675	0.05695999999988999	epochs	2.0
1674.0030000953675	0.028559999999970387	epochs	3.0
1674.0315600953675	0.0283999999999196	epochs	3.0
1674.0599600953674	0.0562400000001162	epochs	2.0
1674.0599600953674	0.028160000000070795	epochs	3.0
1674.0881200953675	0.028080000000045402	epochs	3.0
1674.1162000953675	0.055439999999862266	epochs	2.0
1674.1162000953675	0.027839999999969223	epochs	3.0
1674.1440400953675	0.027599999999893043	epochs	3.0
1674.1716400953674	0.05488000000013926	epochs	2.0
1674.1716400953674	0.027520000000095024	epochs	3.0
1674.1991600953675	0.027360000000044238	epochs	3.0
1674.2265200953675	0.05407999999988533	epochs	2.0
1674.2265200953675	0.02711999999996806	epochs	3.0
1674.2536400953675	0.026959999999917272	epochs	3.0
1674.2806000953674	0.053440000000136934	epochs	2.0
1674.2806000953674	0.02680000000009386	epochs	3.0
1674.3074000953675	0.026640000000043074	epochs	3.0
1674.3340400953675	0.05287999999995918	epochs	2.0
1674.3340400953675	0.026479999999992287	epochs	3.0
1674.3605200953675	0.026399999999966894	epochs	3.0
1674.3869200953675	0.05215999999995802	epochs	2.0
1674.3869200953675	0.026159999999890715	epochs	3.0
1674.4130800953674	0.026000000000067303	epochs	3.0
1674.4390800953674	0.05151999999998225	epochs	2.0
1674.4390800953674	0.025840000000016516	epochs	3.0
1674.4649200953675	0.02567999999996573	epochs	3.0
1674.4906000953674	0.05096000000003187	epochs	2.0
1674.4906000953674	0.025599999999940337	epochs	3.0
1674.5162000953674	0.02536000000009153	epochs	3.0
1674.5415600953675	0.05040000000008149	epochs	2.0
1674.5415600953675	0.02528000000006614	epochs	3.0
1674.5668400953675	0.025120000000015352	epochs	3.0
1674.5919600953675	0.049759999999878346	epochs	2.0
1674.5919600953675	0.024959999999964566	epochs	3.0
1674.6169200953675	0.02479999999991378	epochs	3.0
1674.6417200953674	0.04919999999992797	epochs	2.0
1674.6417200953674	0.024640000000090367	epochs	3.0
1674.6663600953675	0.0245599999998376	epochs	3.0
1674.6909200953673	0.04872000000000298	epochs	2.0
1674.6909200953673	0.024400000000014188	epochs	3.0
1674.7153200953674	0.024319999999988795	epochs	3.0
1674.7396400953673	0.04808000000002721	epochs	2.0
1674.7396400953673	0.02408000000013999	epochs	3.0
1674.7637200953675	0.023999999999887223	epochs	3.0
1674.7877200953674	0.04760000000010223	epochs	2.0
1674.7877200953674	0.02384000000006381	epochs	3.0
1674.8115600953674	0.023760000000038417	epochs	3.0
1674.8353200953675	0.04711999999994987	epochs	2.0
1674.8353200953675	0.02359999999998763	epochs	3.0
1674.8589200953675	0.023519999999962238	epochs	3.0
1674.8824400953674	0.04655999999999949	epochs	2.0
1674.8824400953674	0.02335999999991145	epochs	3.0
1674.9058000953673	0.02320000000008804	epochs	3.0
1674.9290000953674	0.046080000000074506	epochs	2.0
1674.9290000953674	0.023120000000062646	epochs	3.0
1674.9521200953675	0.02296000000001186	epochs	3.0
1674.9750800953675	0.04559999999992215	epochs	2.0
1674.9750800953675	0.022879999999986467	epochs	3.0
1674.9979600953675	0.02271999999993568	epochs	3.0
1675.0206800953674	0.04511999999999716	epochs	2.0
1675.0206800953674	0.022639999999910287	epochs	3.0
1675.0433200953673	0.022480000000086875	epochs	3.0
1675.0658000953674	0.04464000000007218	epochs	2.0
1675.0658000953674	0.022400000000061482	epochs	3.0
1675.0882000953675	0.022240000000010696	epochs	3.0
1675.1104400953675	0.04423999999994521	epochs	2.0
1675.1104400953675	0.022159999999985303	epochs	3.0
1675.1326000953675	0.02207999999995991	epochs	3.0
1675.1546800953674	0.04376000000002023	epochs	2.0
1675.1546800953674	0.021919999999909123	epochs	3.0
1675.1766000953673	0.021840000000111104	epochs	3.0
1675.1984400953675	0.04335999999989326	epochs	2.0
1675.1984400953675	0.02176000000008571	epochs	3.0
1675.2202000953675	0.02159999999980755	epochs	3.0
1675.2418000953674	0.04287999999996828	epochs	2.0
1675.2418000953674	0.02143999999998414	epochs	3.0
1675.2632400953673	0.02143999999998414	epochs	3.0
1675.2846800953673	0.042480000000068685	epochs	2.0
1675.2846800953673	0.021280000000160726	epochs	3.0
1675.3059600953675	0.02119999999990796	epochs	3.0
1675.3271600953674	0.04207999999994172	epochs	2.0
1675.3271600953674	0.021040000000084547	epochs	3.0
1675.3482000953675	0.021039999999857173	epochs	3.0
1675.3692400953673	0.04168000000004213	epochs	2.0
1675.3692400953673	0.02088000000003376	epochs	3.0
1675.3901200953674	0.020800000000008367	epochs	3.0
1675.4109200953674	0.04120000000011714	epochs	2.0
1675.4109200953674	0.02063999999995758	epochs	3.0
1675.4315600953673	0.020560000000159562	epochs	3.0
1675.4521200953675	0.04088000000001557	epochs	2.0
1675.4521200953675	0.020559999999932188	epochs	3.0
1675.4726800953674	0.020320000000083382	epochs	3.0
1675.4930000953675	0.040559999999914	epochs	2.0
1675.4930000953675	0.02031999999985601	epochs	3.0
1675.5133200953674	0.02024000000005799	epochs	3.0
1675.5335600953674	0.04007999999998901	epochs	2.0
1675.5335600953674	0.020080000000007203	epochs	3.0
1675.5536400953674	0.01999999999998181	epochs	3.0
1675.5736400953674	0.039760000000114815	epochs	2.0
1675.5736400953674	0.019919999999956417	epochs	3.0
1675.5935600953674	0.019840000000158398	epochs	3.0
1675.6134000953675	0.03944000000001324	epochs	2.0
1675.6134000953675	0.01975999999990563	epochs	3.0
1675.6331600953674	0.01968000000010761	epochs	3.0
1675.6528400953675	0.03903999999988628	epochs	2.0
1675.6528400953675	0.01951999999982945	epochs	3.0
1675.6723600953674	0.019520000000056825	epochs	3.0
1675.6918800953674	0.038639999999986685	epochs	2.0
1675.6918800953674	0.01936000000000604	epochs	3.0
1675.7112400953674	0.019279999999980646	epochs	3.0
1675.7305200953674	0.038399999999910506	epochs	2.0
1675.7305200953674	0.019279999999980646	epochs	3.0
1675.7498000953674	0.01911999999992986	epochs	3.0
1675.7689200953673	0.038000000000010914	epochs	2.0
1675.7689200953673	0.01904000000013184	epochs	3.0
1675.7879600953675	0.018959999999879074	epochs	3.0
1675.8069200953673	0.037680000000136715	epochs	2.0
1675.8069200953673	0.018880000000081054	epochs	3.0
1675.8258000953674	0.01880000000005566	epochs	3.0
1675.8446000953675	0.03736000000003514	epochs	2.0
1675.8446000953675	0.018720000000030268	epochs	3.0
1675.8633200953675	0.018640000000004875	epochs	3.0
1675.8819600953675	0.03703999999993357	epochs	2.0
1675.8819600953675	0.018559999999979482	epochs	3.0
1675.9005200953675	0.01847999999995409	epochs	3.0
1675.9190000953674	0.03672000000005937	epochs	2.0
1675.9190000953674	0.018399999999928696	epochs	3.0
1675.9374000953674	0.018320000000130676	epochs	3.0
1675.9557200953675	0.03647999999998319	epochs	2.0
1675.9557200953675	0.01823999999987791	epochs	3.0
1675.9739600953674	0.018240000000105283	epochs	3.0
1675.9922000953675	0.03607999999985623	epochs	2.0
1675.9922000953675	0.018080000000054497	epochs	3.0
1676.0102800953675	0.01799999999980173	epochs	3.0
1676.0282800953673	0.03584000000000742	epochs	2.0
1676.0282800953673	0.01792000000000371	epochs	3.0
1676.0462000953673	0.01792000000000371	epochs	3.0
1676.0641200953673	0.03552000000013322	epochs	2.0
1676.0641200953673	0.017760000000180298	epochs	3.0
1676.0818800953675	0.017759999999952925	epochs	3.0
1676.0996400953675	0.03520000000003165	epochs	2.0
1676.0996400953675	0.01767999999992753	epochs	3.0
1676.1173200953674	0.01752000000010412	epochs	3.0
1676.1348400953675	0.03495999999995547	epochs	2.0
1676.1348400953675	0.017519999999876745	epochs	3.0
1676.1523600953674	0.017440000000078726	epochs	3.0
1676.1698000953675	0.03471999999987929	epochs	2.0
1676.1698000953675	0.017440000000078726	epochs	3.0
1676.1872400953675	0.017279999999800566	epochs	3.0
1676.2045200953673	0.03440000000000509	epochs	2.0
1676.2045200953673	0.017200000000002547	epochs	3.0
1676.2217200953673	0.017200000000002547	epochs	3.0
1676.2389200953673	0.03416000000015629	epochs	2.0
1676.2389200953673	0.017119999999977153	epochs	3.0
1676.2560400953673	0.017040000000179134	epochs	3.0
1676.2730800953675	0.03383999999982734	epochs	2.0
1676.2730800953675	0.016959999999926367	epochs	3.0
1676.2900400953674	0.016879999999900974	epochs	3.0
1676.3069200953673	0.03360000000020591	epochs	2.0
1676.3069200953673	0.016800000000102955	epochs	3.0
1676.3237200953674	0.016800000000102955	epochs	3.0
1676.3405200953675	0.03335999999990236	epochs	2.0
1676.3405200953675	0.016719999999850188	epochs	3.0
1676.3572400953674	0.01664000000005217	epochs	3.0
1676.3738800953674	0.03312000000005355	epochs	2.0
1676.3738800953674	0.016560000000026776	epochs	3.0
1676.3904400953675	0.016560000000026776	epochs	3.0
1676.4070000953675	0.03279999999995198	epochs	2.0
1676.4070000953675	0.01639999999997599	epochs	3.0
1676.4234000953675	0.01639999999997599	epochs	3.0
1676.4398000953674	0.0325599999998758	epochs	2.0
1676.4398000953674	0.016319999999950596	epochs	3.0
1676.4561200953674	0.016239999999925203	epochs	3.0
1676.4723600953673	0.03240000000005239	epochs	2.0
1676.4723600953673	0.016240000000152577	epochs	3.0
1676.4886000953675	0.01615999999989981	epochs	3.0
1676.5047600953674	0.032079999999950815	epochs	2.0
1676.5047600953674	0.01608000000010179	epochs	3.0
1676.5208400953675	0.015999999999849024	epochs	3.0
1676.5368400953673	0.0319200000001274	epochs	2.0
1676.5368400953673	0.016000000000076398	epochs	3.0
1676.5528400953674	0.015920000000051004	epochs	3.0
1676.5687600953675	0.03160000000002583	epochs	2.0
1676.5687600953675	0.01584000000002561	epochs	3.0
1676.5846000953675	0.01576000000000022	epochs	3.0
1676.6003600953675	0.03143999999997504	epochs	2.0
1676.6003600953675	0.01576000000000022	epochs	3.0
1676.6161200953675	0.015679999999974825	epochs	3.0
1676.6318000953675	0.031199999999898864	epochs	2.0
1676.6318000953675	0.015599999999949432	epochs	3.0
1676.6474000953674	0.015599999999949432	epochs	3.0
1676.6630000953674	0.03096000000005006	epochs	2.0
1676.6630000953674	0.015520000000151413	epochs	3.0
1676.6785200953675	0.015439999999898646	epochs	3.0
1676.6939600953674	0.03071999999997388	epochs	2.0
1676.6939600953674	0.01544000000012602	epochs	3.0
1676.7094000953675	0.01527999999984786	epochs	3.0
1676.7246800953674	0.030560000000150467	epochs	2.0
1676.7246800953674	0.015360000000100626	epochs	3.0
1676.7400400953675	0.01520000000004984	epochs	3.0
1676.7552400953675	0.030319999999846914	epochs	2.0
1676.7552400953675	0.015199999999822467	epochs	3.0
1676.7704400953673	0.015120000000024447	epochs	3.0
1676.7855600953674	0.030079999999998108	epochs	2.0
1676.7855600953674	0.015120000000024447	epochs	3.0
1676.8006800953674	0.014959999999973661	epochs	3.0
1676.8156400953674	0.029920000000174696	epochs	2.0
1676.8156400953674	0.015039999999999054	epochs	3.0
1676.8306800953674	0.014880000000175642	epochs	3.0
1676.8455600953675	0.029679999999871143	epochs	2.0
1676.8455600953675	0.014879999999948268	epochs	3.0
1676.8604400953675	0.014799999999922875	epochs	3.0
1676.8752400953674	0.02952000000004773	epochs	2.0
1676.8752400953674	0.014799999999922875	epochs	3.0
1676.8900400953673	0.014720000000124855	epochs	3.0
1676.9047600953675	0.02927999999997155	epochs	2.0
1676.9047600953675	0.014719999999897482	epochs	3.0
1676.9194800953674	0.01456000000007407	epochs	3.0
1676.9340400953674	0.029119999999920765	epochs	2.0
1676.9340400953674	0.014640000000099462	epochs	3.0
1676.9486800953675	0.014479999999821302	epochs	3.0
1676.9631600953674	0.028960000000097352	epochs	2.0
1676.9631600953674	0.014480000000048676	epochs	3.0
1676.9776400953674	0.014480000000048676	epochs	3.0
1676.9921200953675	0.02863999999999578	epochs	2.0
1676.9921200953675	0.01431999999999789	epochs	3.0
1677.0064400953675	0.01431999999999789	epochs	3.0
1677.0207600953675	0.028559999999970387	epochs	2.0
1677.0207600953675	0.01431999999999789	epochs	3.0
1677.0350800953674	0.014239999999972497	epochs	3.0
1677.0493200953674	0.02832000000012158	epochs	2.0
1677.0493200953674	0.014159999999947104	epochs	3.0
1677.0634800953674	0.014160000000174477	epochs	3.0
1677.0776400953675	0.02815999999984342	epochs	2.0
1677.0776400953675	0.014159999999947104	epochs	3.0
1677.0918000953675	0.013999999999896318	epochs	3.0
1677.1058000953674	0.02800000000002001	epochs	2.0
1677.1058000953674	0.014000000000123691	epochs	3.0
1677.1198000953675	0.013999999999896318	epochs	3.0
1677.1338000953674	0.02775999999994383	epochs	2.0
1677.1338000953674	0.013920000000098298	epochs	3.0
1677.1477200953675	0.013839999999845531	epochs	3.0
1677.1615600953673	0.02768000000014581	epochs	2.0
1677.1615600953673	0.013840000000072905	epochs	3.0
1677.1754000953674	0.013840000000072905	epochs	3.0
1677.1892400953675	0.027439999999842257	epochs	2.0
1677.1892400953675	0.013760000000047512	epochs	3.0
1677.2030000953675	0.013679999999794745	epochs	3.0
1677.2166800953673	0.027280000000018845	epochs	2.0
1677.2166800953673	0.013680000000022119	epochs	3.0
1677.2303600953674	0.013599999999996726	epochs	3.0
1677.2439600953674	0.02711999999996806	epochs	2.0
1677.2439600953674	0.013519999999971333	epochs	3.0
1677.2574800953673	0.013599999999996726	epochs	3.0
1677.2710800953673	0.026880000000119253	epochs	2.0
1677.2710800953673	0.013440000000173313	epochs	3.0
1677.2845200953675	0.01343999999994594	epochs	3.0
1677.2979600953674	0.02680000000009386	epochs	2.0
1677.2979600953674	0.01343999999994594	epochs	3.0
1677.3114000953674	0.01336000000014792	epochs	3.0
1677.3247600953675	0.026559999999790307	epochs	2.0
1677.3247600953675	0.013279999999895153	epochs	3.0
1677.3380400953674	0.013279999999895153	epochs	3.0
1677.3513200953673	0.026479999999992287	epochs	2.0
1677.3513200953673	0.013280000000122527	epochs	3.0
1677.3646000953675	0.01319999999986976	epochs	3.0
1677.3778000953673	0.026240000000143482	epochs	2.0
1677.3778000953673	0.013120000000071741	epochs	3.0
1677.3909200953674	0.013120000000071741	epochs	3.0
1677.4040400953675	0.026159999999890715	epochs	2.0
1677.4040400953675	0.013120000000071741	epochs	3.0
1677.4171600953675	0.013039999999818974	epochs	3.0
1677.4302000953674	0.026000000000067303	epochs	2.0
1677.4302000953674	0.013040000000046348	epochs	3.0
1677.4432400953674	0.012960000000020955	epochs	3.0
1677.4562000953674	0.025759999999991123	epochs	2.0
1677.4562000953674	0.012879999999995562	epochs	3.0
1677.4690800953674	0.012879999999995562	epochs	3.0
1677.4819600953674	0.02567999999996573	epochs	2.0
1677.4819600953674	0.012879999999995562	epochs	3.0
1677.4948400953674	0.012799999999970169	epochs	3.0
1677.5076400953674	0.025520000000142318	epochs	2.0
1677.5076400953674	0.012799999999970169	epochs	3.0
1677.5204400953673	0.01272000000017215	epochs	3.0
1677.5331600953675	0.025359999999864158	epochs	2.0
1677.5331600953675	0.012719999999944775	epochs	3.0
1677.5458800953675	0.012639999999919382	epochs	3.0
1677.5585200953674	0.025200000000040745	epochs	2.0
1677.5585200953674	0.012640000000146756	epochs	3.0
1677.5711600953675	0.01255999999989399	epochs	3.0
1677.5837200953674	0.024560000000064974	epochs	2.0
1677.6078533953673	0.5	epochs	-1.0
1677.6082800953675	0.9999199999999746	epochs	1.0
1678.1078533953673	0.5	epochs	-1.0
1683.0809998512268	0.08328000000005886	epochs	0.0
1683.0809998512268	0.03664000000003398	epochs	1.0
1683.1176398512268	0.010080000000016298	epochs	1.0
1683.1277198512269	0.036560000000008586	epochs	1.0
1683.1642798512269	2.0	epochs	0.0
1685.1642798512269	21.516399999999976	epochs	0.0
1685.1642798512269	1.0	epochs	1.0
1685.1643331512269	0.5	epochs	-1.0
1685.6643331512269	19.999519999999848	epochs	-1.0
1686.1642798512269	20.0	epochs	1.0
1686.1642798512269	8.000000002539309e-05	epochs	2.0
1686.164359851227	4.356719999999996	epochs	-1.0
1686.164359851227	1.974559999999883	epochs	2.0
1686.164359851227	1.0985599999999067	epochs	3.0
1687.2629198512268	0.8759999999999764	epochs	3.0
1688.1389198512268	1.3523999999999887	epochs	2.0
1688.1389198512268	0.7286400000000413	epochs	3.0
1688.8675598512268	0.6237599999999475	epochs	3.0
1689.4913198512268	1.029760000000124	epochs	2.0
1689.4913198512268	0.5453600000000733	epochs	3.0
1690.0366798512268	0.48440000000005057	epochs	3.0
1690.521079851227	0.8317600000000311	epochs	2.0
1690.521079851227	0.4357599999998456	epochs	3.0
1690.9568398512267	0.39600000000018554	epochs	3.0
1691.352839851227	0.6978399999998146	epochs	2.0
1691.352839851227	0.3628799999999046	epochs	3.0
1691.7157198512268	0.33495999999991	epochs	3.0
1692.0506798512267	0.6010400000000118	epochs	2.0
1692.0506798512267	0.3108799999999974	epochs	3.0
1692.3615598512267	0.2901600000000144	epochs	3.0
1692.6517198512267	0.5278399999999692	epochs	2.0
1692.6517198512267	0.2719200000001365	epochs	3.0
1692.9236398512269	0.2559199999998327	epochs	3.0
1693.1795598512267	0.47064000000000306	epochs	2.0
1693.1795598512267	0.2416800000000876	epochs	3.0
1693.4212398512268	0.22895999999991545	epochs	3.0
1693.6501998512267	0.4245600000001559	epochs	2.0
1693.6501998512267	0.2174400000001242	epochs	3.0
1693.8676398512268	0.20712000000003172	epochs	3.0
1694.0747598512269	0.3867199999999684	epochs	2.0
1694.0747598512269	0.1976799999999912	epochs	3.0
1694.2724398512269	0.18903999999997723	epochs	3.0
1694.4614798512268	0.3551199999999426	epochs	2.0
1694.4614798512268	0.1811999999999898	epochs	3.0
1694.6426798512268	0.17391999999995278	epochs	3.0
1694.8165998512268	0.3282400000000507	epochs	2.0
1694.8165998512268	0.1672000000000935	epochs	3.0
1694.9837998512269	0.16103999999995722	epochs	3.0
1695.1448398512268	0.30520000000001346	epochs	2.0
1695.1448398512268	0.1552799999999479	epochs	3.0
1695.3001198512268	0.14992000000006556	epochs	3.0
1695.4500398512268	0.28512000000000626	epochs	2.0
1695.4500398512268	0.1448800000000574	epochs	3.0
1695.594919851227	0.14023999999994885	epochs	3.0
1695.7351598512269	0.26751999999987675	epochs	2.0
1695.7351598512269	0.13583999999991647	epochs	3.0
1695.8709998512268	0.13167999999996027	epochs	3.0
1696.0026798512267	0.2520799999999781	epochs	2.0
1696.0026798512267	0.12784000000010565	epochs	3.0
1696.1305198512268	0.12423999999987245	epochs	3.0
1696.2547598512267	0.23816000000010717	epochs	2.0
1696.2547598512267	0.1207200000001194	epochs	3.0
1696.3754798512268	0.11743999999998778	epochs	3.0
1696.4929198512268	0.225840000000062	epochs	2.0
1696.4929198512268	0.11439999999993233	epochs	3.0
1696.6073198512267	0.11144000000012966	epochs	3.0
1696.7187598512269	0.21463999999991756	epochs	2.0
1696.7187598512269	0.10863999999992302	epochs	3.0
1696.8273998512268	0.10599999999999454	epochs	3.0
1696.9333998512268	0.20448000000010325	epochs	2.0
1696.9333998512268	0.10344000000009146	epochs	3.0
1697.036839851227	0.10104000000001179	epochs	3.0
1697.137879851227	0.19535999999993692	epochs	2.0
1697.137879851227	0.0987999999999829	epochs	3.0
1697.2366798512269	0.09655999999995402	epochs	3.0
1697.3332398512268	0.18695999999999913	epochs	2.0
1697.3332398512268	0.09447999999997592	epochs	3.0
1697.4277198512268	0.09248000000002321	epochs	3.0
1697.5201998512268	0.1792000000000371	epochs	2.0
1697.5201998512268	0.0904800000000705	epochs	3.0
1697.610679851227	0.0887199999999666	epochs	3.0
1697.6993998512269	0.17207999999982349	epochs	2.0
1697.6993998512269	0.08687999999983731	epochs	3.0
1697.7862798512267	0.08519999999998618	epochs	3.0
1697.8714798512267	0.165520000000015	epochs	2.0
1697.8714798512267	0.08360000000016043	epochs	3.0
1697.9550798512269	0.08191999999985455	epochs	3.0
1698.0369998512267	0.15952000000015687	epochs	2.0
1698.0369998512267	0.0804800000000796	epochs	3.0
1698.1174798512268	0.07904000000007727	epochs	3.0
1698.1965198512269	0.15375999999992018	epochs	2.0
1698.1965198512269	0.07759999999984757	epochs	3.0
1698.2741198512267	0.07616000000007261	epochs	3.0
1698.3502798512268	0.14856000000008862	epochs	2.0
1698.3502798512268	0.07495999999991909	epochs	3.0
1698.4252398512267	0.07360000000016953	epochs	3.0
1698.4988398512269	0.14367999999990388	epochs	2.0
1698.4988398512269	0.0724800000000414	epochs	3.0
1698.571319851227	0.07119999999986248	epochs	3.0
1698.6425198512268	0.1390400000000227	epochs	2.0
1698.6425198512268	0.07007999999996173	epochs	3.0
1698.7125998512267	0.06896000000006097	epochs	3.0
1698.7815598512268	0.13472000000001572	epochs	2.0
1698.7815598512268	0.06791999999995824	epochs	3.0
1698.8494798512268	0.06680000000005748	epochs	3.0
1698.9162798512268	0.13071999999988293	epochs	2.0
1698.9162798512268	0.06583999999998014	epochs	3.0
1698.9821198512268	0.0648799999999028	epochs	3.0
1699.0469998512267	0.1268000000000029	epochs	2.0
1699.0469998512267	0.06384000000002743	epochs	3.0
1699.1108398512267	0.06295999999997548	epochs	3.0
1699.1737998512267	0.12328000000002248	epochs	2.0
1699.1737998512267	0.0620800000001509	epochs	3.0
1699.2358798512269	0.06119999999987158	epochs	3.0
1699.2970798512267	0.11984000000006745	epochs	2.0
1699.2970798512267	0.060320000000047	epochs	3.0
1699.3573998512268	0.059520000000020445	epochs	3.0
1699.4169198512268	0.11663999999996122	epochs	2.0
1699.4169198512268	0.05871999999999389	epochs	3.0
1699.4756398512268	0.05791999999996733	epochs	3.0
1699.5335598512268	0.11360000000013315	epochs	2.0
1699.5335598512268	0.05719999999996617	epochs	3.0
1699.5907598512267	0.05640000000016698	epochs	3.0
1699.647159851227	0.11071999999990112	epochs	2.0
1699.647159851227	0.055679999999938445	epochs	3.0
1699.7028398512268	0.055039999999962674	epochs	3.0
1699.7578798512268	0.10791999999992186	epochs	2.0
1699.7578798512268	0.05423999999993612	epochs	3.0
1699.8121198512267	0.05367999999998574	epochs	3.0
1699.8657998512267	0.10527999999999338	epochs	2.0
1699.8657998512267	0.052959999999984575	epochs	3.0
1699.9187598512267	0.052320000000008804	epochs	3.0
1699.9710798512267	0.10288000000014108	epochs	2.0
1699.9710798512267	0.051760000000058426	epochs	3.0
1700.0228398512268	0.051120000000082655	epochs	3.0
1700.0739598512268	0.10040000000003602	epochs	2.0
1700.0739598512268	0.05047999999987951	epochs	3.0
1700.1244398512267	0.049920000000156506	epochs	3.0
1700.1743598512269	0.09824000000003252	epochs	2.0
1700.1743598512269	0.049359999999978754	epochs	3.0
1700.2237198512269	0.04888000000005377	epochs	3.0
1700.272599851227	0.09600000000000364	epochs	2.0
1700.272599851227	0.048239999999850625	epochs	3.0
1700.3208398512268	0.04776000000015301	epochs	3.0
1700.368599851227	0.09391999999979816	epochs	2.0
1700.368599851227	0.04719999999997526	epochs	3.0
1700.415799851227	0.0467199999998229	epochs	3.0
1700.4625198512267	0.09192000000007283	epochs	2.0
1700.4625198512267	0.0461600000000999	epochs	3.0
1700.5086798512268	0.04575999999997293	epochs	3.0
1700.5544398512268	0.09007999999994354	epochs	2.0
1700.5544398512268	0.04528000000004795	epochs	3.0
1700.5997198512268	0.04479999999989559	epochs	3.0
1700.6445198512267	0.08816000000001623	epochs	2.0
1700.6445198512267	0.044319999999970605	epochs	3.0
1700.6888398512267	0.04384000000004562	epochs	3.0
1700.7326798512267	0.08648000000016509	epochs	2.0
1700.7326798512267	0.04344000000014603	epochs	3.0
1700.776119851227	0.04304000000001906	epochs	3.0
1700.819159851227	0.08471999999983382	epochs	2.0
1700.819159851227	0.042559999999866704	epochs	3.0
1700.8617198512268	0.04215999999996711	epochs	3.0
1700.9038798512267	0.08320000000003347	epochs	2.0
1700.9038798512267	0.04176000000006752	epochs	3.0
1700.9456398512268	0.04143999999996595	epochs	3.0
1700.9870798512268	0.08151999999995496	epochs	2.0
1700.9870798512268	0.040960000000040964	epochs	3.0
1701.0280398512268	0.040559999999914	epochs	3.0
1701.0685998512267	0.08008000000018001	epochs	2.0
1701.0685998512267	0.0402400000000398	epochs	3.0
1701.1088398512268	0.03984000000014021	epochs	3.0
1701.148679851227	0.0786399999999503	epochs	2.0
1701.148679851227	0.03951999999981126	epochs	3.0
1701.1881998512267	0.039120000000139044	epochs	3.0
1701.2273198512269	0.07719999999994798	epochs	2.0
1701.2273198512269	0.03880000000003747	epochs	3.0
1701.266119851227	0.038399999999910506	epochs	3.0
1701.3045198512268	0.07591999999999643	epochs	2.0
1701.3045198512268	0.0381600000000617	epochs	3.0
1701.3426798512269	0.037759999999934735	epochs	3.0
1701.3804398512268	0.0745600000000195	epochs	2.0
1701.3804398512268	0.037440000000060536	epochs	3.0
1701.4178798512269	0.037119999999958964	epochs	3.0
1701.4549998512268	0.07335999999986598	epochs	2.0
1701.4549998512268	0.036800000000084765	epochs	3.0
1701.491799851227	0.03655999999978121	epochs	3.0
1701.5283598512267	0.07208000000014181	epochs	2.0
1701.5283598512267	0.036160000000108994	epochs	3.0
1701.5645198512268	0.035920000000032815	epochs	3.0
1701.6004398512268	0.07087999999998829	epochs	2.0
1701.6004398512268	0.03559999999993124	epochs	3.0
1701.6360398512268	0.035280000000057044	epochs	3.0
1701.6713198512268	0.06983999999988555	epochs	2.0
1701.6713198512268	0.035039999999980864	epochs	3.0
1701.7063598512268	0.034799999999904685	epochs	3.0
1701.7411598512267	0.06864000000018677	epochs	2.0
1701.7411598512267	0.034480000000030486	epochs	3.0
1701.7756398512267	0.03416000000015629	epochs	3.0
1701.809799851227	0.06759999999985666	epochs	2.0
1701.809799851227	0.033919999999852735	epochs	3.0
1701.8437198512268	0.03368000000000393	epochs	3.0
1701.8773998512268	0.0665599999999813	epochs	2.0
1701.8773998512268	0.03344000000015512	epochs	3.0
1701.910839851227	0.03311999999982618	epochs	3.0
1701.9439598512267	0.06560000000013133	epochs	2.0
1701.9439598512267	0.032960000000002765	epochs	3.0
1701.9769198512267	0.032640000000128566	epochs	3.0
1702.0095598512269	0.0645600000000286	epochs	2.0
1702.0095598512269	0.03239999999982501	epochs	3.0
1702.0419598512267	0.03216000000020358	epochs	3.0
1702.074119851227	0.06367999999997664	epochs	2.0
1702.074119851227	0.03199999999992542	epochs	3.0
1702.1061198512268	0.03168000000005122	epochs	3.0
1702.1377998512269	0.0627199999998993	epochs	2.0
1702.1377998512269	0.03143999999997504	epochs	3.0
1702.1692398512268	0.03127999999992426	epochs	3.0
1702.2005198512268	0.061840000000074724	epochs	2.0
1702.2005198512268	0.03104000000007545	epochs	3.0
1702.2315598512268	0.030799999999999272	epochs	3.0
1702.2623598512268	0.060960000000022774	epochs	2.0
1702.2623598512268	0.030559999999923093	epochs	3.0
1702.2929198512268	0.03040000000009968	epochs	3.0
1702.3233198512269	0.060159999999996217	epochs	2.0
1702.3233198512269	0.0301600000000235	epochs	3.0
1702.353479851227	0.029999999999972715	epochs	3.0
1702.3834798512269	0.059279999999944266	epochs	2.0
1702.3834798512269	0.029679999999871143	epochs	3.0
1702.4131598512267	0.029600000000073123	epochs	3.0
1702.4427598512268	0.05847999999991771	epochs	2.0
1702.4427598512268	0.029359999999996944	epochs	3.0
1702.4721198512268	0.029119999999920765	epochs	3.0
1702.5012398512267	0.05776000000014392	epochs	2.0
1702.5012398512267	0.028960000000097352	epochs	3.0
1702.5301998512268	0.028800000000046566	epochs	3.0
1702.5589998512269	0.05695999999988999	epochs	2.0
1702.5589998512269	0.028559999999970387	epochs	3.0
1702.5875598512268	0.0283999999999196	epochs	3.0
1702.6159598512268	0.0562400000001162	epochs	2.0
1702.6159598512268	0.028160000000070795	epochs	3.0
1702.6441198512268	0.028080000000045402	epochs	3.0
1702.6721998512269	0.055439999999862266	epochs	2.0
1702.6721998512269	0.027839999999969223	epochs	3.0
1702.7000398512268	0.027599999999893043	epochs	3.0
1702.7276398512267	0.05488000000013926	epochs	2.0
1702.7276398512267	0.027520000000095024	epochs	3.0
1702.7551598512268	0.027360000000044238	epochs	3.0
1702.7825198512269	0.05407999999988533	epochs	2.0
1702.7825198512269	0.02711999999996806	epochs	3.0
1702.8096398512268	0.026959999999917272	epochs	3.0
1702.8365998512268	0.053440000000136934	epochs	2.0
1702.8365998512268	0.02680000000009386	epochs	3.0
1702.8633998512269	0.026640000000043074	epochs	3.0
1702.890039851227	0.05287999999995918	epochs	2.0
1702.890039851227	0.026479999999992287	epochs	3.0
1702.916519851227	0.026399999999966894	epochs	3.0
1702.9429198512269	0.05215999999995802	epochs	2.0
1702.9429198512269	0.026159999999890715	epochs	3.0
1702.9690798512268	0.026000000000067303	epochs	3.0
1702.9950798512268	0.05151999999998225	epochs	2.0
1702.9950798512268	0.025840000000016516	epochs	3.0
1703.0209198512268	0.02567999999996573	epochs	3.0
1703.0465998512268	0.05096000000003187	epochs	2.0
1703.0465998512268	0.025599999999940337	epochs	3.0
1703.0721998512267	0.02536000000009153	epochs	3.0
1703.0975598512268	0.05040000000008149	epochs	2.0
1703.0975598512268	0.02528000000006614	epochs	3.0
1703.122839851227	0.025120000000015352	epochs	3.0
1703.147959851227	0.049759999999878346	epochs	2.0
1703.147959851227	0.024959999999964566	epochs	3.0
1703.1729198512269	0.02479999999991378	epochs	3.0
1703.1977198512268	0.04919999999992797	epochs	2.0
1703.1977198512268	0.024640000000090367	epochs	3.0
1703.2223598512269	0.0245599999998376	epochs	3.0
1703.2469198512267	0.04872000000000298	epochs	2.0
1703.2469198512267	0.024400000000014188	epochs	3.0
1703.2713198512267	0.024319999999988795	epochs	3.0
1703.2956398512267	0.04808000000002721	epochs	2.0
1703.2956398512267	0.02408000000013999	epochs	3.0
1703.3197198512269	0.023999999999887223	epochs	3.0
1703.3437198512268	0.04760000000010223	epochs	2.0
1703.3437198512268	0.02384000000006381	epochs	3.0
1703.3675598512268	0.023760000000038417	epochs	3.0
1703.3913198512269	0.04711999999994987	epochs	2.0
1703.3913198512269	0.02359999999998763	epochs	3.0
1703.4149198512268	0.023519999999962238	epochs	3.0
1703.4384398512268	0.04655999999999949	epochs	2.0
1703.4384398512268	0.02335999999991145	epochs	3.0
1703.4617998512267	0.02320000000008804	epochs	3.0
1703.4849998512268	0.046080000000074506	epochs	2.0
1703.4849998512268	0.023120000000062646	epochs	3.0
1703.5081198512269	0.02296000000001186	epochs	3.0
1703.5310798512269	0.04559999999992215	epochs	2.0
1703.5310798512269	0.022879999999986467	epochs	3.0
1703.5539598512269	0.02271999999993568	epochs	3.0
1703.5766798512268	0.04511999999999716	epochs	2.0
1703.5766798512268	0.022639999999910287	epochs	3.0
1703.5993198512267	0.022480000000086875	epochs	3.0
1703.6217998512268	0.04464000000007218	epochs	2.0
1703.6217998512268	0.022400000000061482	epochs	3.0
1703.6441998512269	0.022240000000010696	epochs	3.0
1703.6664398512269	0.04423999999994521	epochs	2.0
1703.6664398512269	0.022159999999985303	epochs	3.0
1703.6885998512269	0.02207999999995991	epochs	3.0
1703.7106798512268	0.04376000000002023	epochs	2.0
1703.7106798512268	0.021919999999909123	epochs	3.0
1703.7325998512267	0.021840000000111104	epochs	3.0
1703.7544398512268	0.04335999999989326	epochs	2.0
1703.7544398512268	0.02176000000008571	epochs	3.0
1703.776199851227	0.02159999999980755	epochs	3.0
1703.7977998512267	0.04287999999996828	epochs	2.0
1703.7977998512267	0.02143999999998414	epochs	3.0
1703.8192398512267	0.02143999999998414	epochs	3.0
1703.8406798512267	0.042480000000068685	epochs	2.0
1703.8406798512267	0.021280000000160726	epochs	3.0
1703.8619598512269	0.02119999999990796	epochs	3.0
1703.8831598512268	0.04207999999994172	epochs	2.0
1703.8831598512268	0.021040000000084547	epochs	3.0
1703.9041998512268	0.021039999999857173	epochs	3.0
1703.9252398512267	0.04168000000004213	epochs	2.0
1703.9252398512267	0.02088000000003376	epochs	3.0
1703.9461198512267	0.020800000000008367	epochs	3.0
1703.9669198512267	0.04120000000011714	epochs	2.0
1703.9669198512267	0.02063999999995758	epochs	3.0
1703.9875598512267	0.020560000000159562	epochs	3.0
1704.0081198512269	0.04088000000001557	epochs	2.0
1704.0081198512269	0.020559999999932188	epochs	3.0
1704.0286798512268	0.020320000000083382	epochs	3.0
1704.0489998512269	0.040559999999914	epochs	2.0
1704.0489998512269	0.02031999999985601	epochs	3.0
1704.0693198512267	0.02024000000005799	epochs	3.0
1704.0895598512268	0.04007999999998901	epochs	2.0
1704.0895598512268	0.020080000000007203	epochs	3.0
1704.1096398512268	0.01999999999998181	epochs	3.0
1704.1296398512268	0.039760000000114815	epochs	2.0
1704.1296398512268	0.019919999999956417	epochs	3.0
1704.1495598512267	0.019840000000158398	epochs	3.0
1704.169399851227	0.03944000000001324	epochs	2.0
1704.169399851227	0.01975999999990563	epochs	3.0
1704.1891598512268	0.01968000000010761	epochs	3.0
1704.208839851227	0.03903999999988628	epochs	2.0
1704.208839851227	0.01951999999982945	epochs	3.0
1704.2283598512267	0.019520000000056825	epochs	3.0
1704.2478798512268	0.038639999999986685	epochs	2.0
1704.2478798512268	0.01936000000000604	epochs	3.0
1704.2672398512268	0.019279999999980646	epochs	3.0
1704.2865198512268	0.038399999999910506	epochs	2.0
1704.2865198512268	0.019279999999980646	epochs	3.0
1704.3057998512268	0.01911999999992986	epochs	3.0
1704.3249198512267	0.038000000000010914	epochs	2.0
1704.3249198512267	0.01904000000013184	epochs	3.0
1704.3439598512268	0.018959999999879074	epochs	3.0
1704.3629198512267	0.037680000000136715	epochs	2.0
1704.3629198512267	0.018880000000081054	epochs	3.0
1704.3817998512268	0.01880000000005566	epochs	3.0
1704.4005998512268	0.03736000000003514	epochs	2.0
1704.4005998512268	0.018720000000030268	epochs	3.0
1704.4193198512269	0.018640000000004875	epochs	3.0
1704.4379598512269	0.03703999999993357	epochs	2.0
1704.4379598512269	0.018559999999979482	epochs	3.0
1704.4565198512269	0.01847999999995409	epochs	3.0
1704.4749998512268	0.03672000000005937	epochs	2.0
1704.4749998512268	0.018399999999928696	epochs	3.0
1704.4933998512267	0.018320000000130676	epochs	3.0
1704.5117198512269	0.03647999999998319	epochs	2.0
1704.5117198512269	0.01823999999987791	epochs	3.0
1704.5299598512267	0.018240000000105283	epochs	3.0
1704.5481998512269	0.03607999999985623	epochs	2.0
1704.5481998512269	0.018080000000054497	epochs	3.0
1704.566279851227	0.01799999999980173	epochs	3.0
1704.5842798512267	0.03584000000000742	epochs	2.0
1704.5842798512267	0.01792000000000371	epochs	3.0
1704.6021998512267	0.01792000000000371	epochs	3.0
1704.6201198512267	0.03552000000013322	epochs	2.0
1704.6201198512267	0.017760000000180298	epochs	3.0
1704.637879851227	0.017759999999952925	epochs	3.0
1704.6556398512269	0.03520000000003165	epochs	2.0
1704.6556398512269	0.01767999999992753	epochs	3.0
1704.6733198512268	0.01752000000010412	epochs	3.0
1704.6908398512269	0.03495999999995547	epochs	2.0
1704.6908398512269	0.017519999999876745	epochs	3.0
1704.7083598512268	0.017440000000078726	epochs	3.0
1704.7257998512268	0.03471999999987929	epochs	2.0
1704.7257998512268	0.017440000000078726	epochs	3.0
1704.743239851227	0.017279999999800566	epochs	3.0
1704.7605198512267	0.03440000000000509	epochs	2.0
1704.7605198512267	0.017200000000002547	epochs	3.0
1704.7777198512267	0.017200000000002547	epochs	3.0
1704.7949198512267	0.03416000000015629	epochs	2.0
1704.7949198512267	0.017119999999977153	epochs	3.0
1704.8120398512267	0.017040000000179134	epochs	3.0
1704.8290798512269	0.03383999999982734	epochs	2.0
1704.8290798512269	0.016959999999926367	epochs	3.0
1704.8460398512268	0.016879999999900974	epochs	3.0
1704.8629198512267	0.03360000000020591	epochs	2.0
1704.8629198512267	0.016800000000102955	epochs	3.0
1704.8797198512268	0.016800000000102955	epochs	3.0
1704.896519851227	0.03335999999990236	epochs	2.0
1704.896519851227	0.016719999999850188	epochs	3.0
1704.9132398512268	0.01664000000005217	epochs	3.0
1704.9298798512268	0.03312000000005355	epochs	2.0
1704.9298798512268	0.016560000000026776	epochs	3.0
1704.9464398512268	0.016560000000026776	epochs	3.0
1704.9629998512269	0.03279999999995198	epochs	2.0
1704.9629998512269	0.01639999999997599	epochs	3.0
1704.9793998512268	0.01639999999997599	epochs	3.0
1704.9957998512268	0.0325599999998758	epochs	2.0
1704.9957998512268	0.016319999999950596	epochs	3.0
1705.0121198512268	0.016239999999925203	epochs	3.0
1705.0283598512267	0.03240000000005239	epochs	2.0
1705.0283598512267	0.016240000000152577	epochs	3.0
1705.0445998512268	0.01615999999989981	epochs	3.0
1705.0607598512267	0.032079999999950815	epochs	2.0
1705.0607598512267	0.01608000000010179	epochs	3.0
1705.0768398512269	0.015999999999849024	epochs	3.0
1705.0928398512267	0.0319200000001274	epochs	2.0
1705.0928398512267	0.016000000000076398	epochs	3.0
1705.1088398512268	0.015920000000051004	epochs	3.0
1705.1247598512268	0.03160000000002583	epochs	2.0
1705.1247598512268	0.01584000000002561	epochs	3.0
1705.1405998512269	0.01576000000000022	epochs	3.0
1705.1563598512269	0.03143999999997504	epochs	2.0
1705.1563598512269	0.01576000000000022	epochs	3.0
1705.1721198512269	0.015679999999974825	epochs	3.0
1705.1877998512268	0.031199999999898864	epochs	2.0
1705.1877998512268	0.015599999999949432	epochs	3.0
1705.2033998512268	0.015599999999949432	epochs	3.0
1705.2189998512267	0.03096000000005006	epochs	2.0
1705.2189998512267	0.015520000000151413	epochs	3.0
1705.2345198512269	0.015439999999898646	epochs	3.0
1705.2499598512268	0.03071999999997388	epochs	2.0
1705.2499598512268	0.01544000000012602	epochs	3.0
1705.265399851227	0.01527999999984786	epochs	3.0
1705.2806798512268	0.030560000000150467	epochs	2.0
1705.2806798512268	0.015360000000100626	epochs	3.0
1705.2960398512269	0.01520000000004984	epochs	3.0
1705.311239851227	0.030319999999846914	epochs	2.0
1705.311239851227	0.015199999999822467	epochs	3.0
1705.3264398512267	0.015120000000024447	epochs	3.0
1705.3415598512267	0.030079999999998108	epochs	2.0
1705.3415598512267	0.015120000000024447	epochs	3.0
1705.3566798512268	0.014959999999973661	epochs	3.0
1705.3716398512267	0.029920000000174696	epochs	2.0
1705.3716398512267	0.015039999999999054	epochs	3.0
1705.3866798512267	0.014880000000175642	epochs	3.0
1705.401559851227	0.029679999999871143	epochs	2.0
1705.401559851227	0.014879999999948268	epochs	3.0
1705.4164398512269	0.014799999999922875	epochs	3.0
1705.4312398512268	0.02952000000004773	epochs	2.0
1705.4312398512268	0.014799999999922875	epochs	3.0
1705.4460398512267	0.014720000000124855	epochs	3.0
1705.4607598512268	0.02927999999997155	epochs	2.0
1705.4607598512268	0.014719999999897482	epochs	3.0
1705.4754798512267	0.01456000000007407	epochs	3.0
1705.4900398512268	0.029119999999920765	epochs	2.0
1705.4900398512268	0.014640000000099462	epochs	3.0
1705.504679851227	0.014479999999821302	epochs	3.0
1705.5191598512267	0.028960000000097352	epochs	2.0
1705.5191598512267	0.014480000000048676	epochs	3.0
1705.5336398512268	0.014480000000048676	epochs	3.0
1705.5481198512268	0.02863999999999578	epochs	2.0
1705.5481198512268	0.01431999999999789	epochs	3.0
1705.5624398512268	0.01431999999999789	epochs	3.0
1705.5767598512268	0.028559999999970387	epochs	2.0
1705.5767598512268	0.01431999999999789	epochs	3.0
1705.5910798512268	0.014239999999972497	epochs	3.0
1705.6053198512268	0.02832000000012158	epochs	2.0
1705.6053198512268	0.014159999999947104	epochs	3.0
1705.6194798512267	0.014160000000174477	epochs	3.0
1705.633639851227	0.02815999999984342	epochs	2.0
1705.633639851227	0.014159999999947104	epochs	3.0
1705.6477998512269	0.013999999999896318	epochs	3.0
1705.6617998512268	0.02800000000002001	epochs	2.0
1705.6617998512268	0.014000000000123691	epochs	3.0
1705.6757998512269	0.013999999999896318	epochs	3.0
1705.6897998512268	0.02775999999994383	epochs	2.0
1705.6897998512268	0.013920000000098298	epochs	3.0
1705.7037198512269	0.013839999999845531	epochs	3.0
1705.7175598512267	0.02768000000014581	epochs	2.0
1705.7175598512267	0.013840000000072905	epochs	3.0
1705.7313998512268	0.013840000000072905	epochs	3.0
1705.7452398512269	0.027439999999842257	epochs	2.0
1705.7452398512269	0.013760000000047512	epochs	3.0
1705.758999851227	0.013679999999794745	epochs	3.0
1705.7726798512267	0.027280000000018845	epochs	2.0
1705.7726798512267	0.013680000000022119	epochs	3.0
1705.7863598512267	0.013599999999996726	epochs	3.0
1705.7999598512267	0.02711999999996806	epochs	2.0
1705.7999598512267	0.013519999999971333	epochs	3.0
1705.8134798512267	0.013599999999996726	epochs	3.0
1705.8270798512267	0.026880000000119253	epochs	2.0
1705.8270798512267	0.013440000000173313	epochs	3.0
1705.8405198512269	0.01343999999994594	epochs	3.0
1705.8539598512268	0.02680000000009386	epochs	2.0
1705.8539598512268	0.01343999999994594	epochs	3.0
1705.8673998512268	0.01336000000014792	epochs	3.0
1705.880759851227	0.026559999999790307	epochs	2.0
1705.880759851227	0.013279999999895153	epochs	3.0
1705.8940398512268	0.013279999999895153	epochs	3.0
1705.9073198512267	0.026479999999992287	epochs	2.0
1705.9073198512267	0.013280000000122527	epochs	3.0
1705.9205998512268	0.01319999999986976	epochs	3.0
1705.9337998512267	0.026240000000143482	epochs	2.0
1705.9337998512267	0.013120000000071741	epochs	3.0
1705.9469198512268	0.013120000000071741	epochs	3.0
1705.9600398512268	0.026159999999890715	epochs	2.0
1705.9600398512268	0.013120000000071741	epochs	3.0
1705.973159851227	0.013039999999818974	epochs	3.0
1705.9861998512267	0.026000000000067303	epochs	2.0
1705.9861998512267	0.013040000000046348	epochs	3.0
1705.9992398512268	0.012960000000020955	epochs	3.0
1706.0121998512268	0.025759999999991123	epochs	2.0
1706.0121998512268	0.012879999999995562	epochs	3.0
1706.0250798512268	0.012879999999995562	epochs	3.0
1706.0379598512268	0.02567999999996573	epochs	2.0
1706.0379598512268	0.012879999999995562	epochs	3.0
1706.0508398512268	0.012799999999970169	epochs	3.0
1706.0636398512268	0.025520000000142318	epochs	2.0
1706.0636398512268	0.012799999999970169	epochs	3.0
1706.0764398512267	0.01272000000017215	epochs	3.0
1706.089159851227	0.025359999999864158	epochs	2.0
1706.089159851227	0.012719999999944775	epochs	3.0
1706.1018798512268	0.012639999999919382	epochs	3.0
1706.1145198512268	0.025200000000040745	epochs	2.0
1706.1145198512268	0.012640000000146756	epochs	3.0
1706.127159851227	0.01255999999989399	epochs	3.0
1706.1397198512268	0.024560000000064974	epochs	2.0
1706.1638531512267	0.5	epochs	-1.0
1706.1642798512269	0.516399999999976	epochs	1.0
1706.6806798512268	0.4835199999999986	epochs	0.0
1710.6549997329712	0.08328000000005886	epochs	0.0
1710.6549997329712	0.03664000000003398	epochs	1.0
1710.6916397329712	0.010080000000016298	epochs	1.0
1710.7017197329712	0.036560000000008586	epochs	1.0
1710.7382797329713	2.0	epochs	0.0
1712.7382797329713	21.556319999999914	epochs	0.0
1712.7382797329713	1.0	epochs	1.0
1712.7383330329712	0.5	epochs	-1.0
1713.2383330329712	19.999519999999848	epochs	-1.0
1713.7382797329713	20.0	epochs	1.0
1713.7382797329713	8.000000002539309e-05	epochs	2.0
1713.7383597329713	4.356719999999996	epochs	-1.0
1713.7383597329713	1.974559999999883	epochs	2.0
1713.7383597329713	1.0985599999999067	epochs	3.0
1714.8369197329712	0.8759999999999764	epochs	3.0
1715.7129197329712	1.3523999999999887	epochs	2.0
1715.7129197329712	0.7286400000000413	epochs	3.0
1716.4415597329712	0.6237599999999475	epochs	3.0
1717.0653197329711	1.029760000000124	epochs	2.0
1717.0653197329711	0.5453600000000733	epochs	3.0
1717.6106797329712	0.48440000000005057	epochs	3.0
1718.0950797329713	0.8317600000000311	epochs	2.0
1718.0950797329713	0.4357599999998456	epochs	3.0
1718.5308397329711	0.39600000000018554	epochs	3.0
1718.9268397329713	0.6978399999998146	epochs	2.0
1718.9268397329713	0.3628799999999046	epochs	3.0
1719.2897197329712	0.33495999999991	epochs	3.0
1719.6246797329711	0.6010400000000118	epochs	2.0
1719.6246797329711	0.3108799999999974	epochs	3.0
1719.9355597329711	0.2901600000000144	epochs	3.0
1720.2257197329711	0.5278399999999692	epochs	2.0
1720.2257197329711	0.2719200000001365	epochs	3.0
1720.4976397329713	0.2559199999998327	epochs	3.0
1720.753559732971	0.47064000000000306	epochs	2.0
1720.753559732971	0.2416800000000876	epochs	3.0
1720.9952397329712	0.22895999999991545	epochs	3.0
1721.224199732971	0.4245600000001559	epochs	2.0
1721.224199732971	0.2174400000001242	epochs	3.0
1721.4416397329712	0.20712000000003172	epochs	3.0
1721.6487597329713	0.3867199999999684	epochs	2.0
1721.6487597329713	0.1976799999999912	epochs	3.0
1721.8464397329712	0.18903999999997723	epochs	3.0
1722.0354797329712	0.3551199999999426	epochs	2.0
1722.0354797329712	0.1811999999999898	epochs	3.0
1722.2166797329712	0.17391999999995278	epochs	3.0
1722.3905997329712	0.3282400000000507	epochs	2.0
1722.3905997329712	0.1672000000000935	epochs	3.0
1722.5577997329713	0.16103999999995722	epochs	3.0
1722.7188397329712	0.30520000000001346	epochs	2.0
1722.7188397329712	0.1552799999999479	epochs	3.0
1722.8741197329712	0.14992000000006556	epochs	3.0
1723.0240397329712	0.28512000000000626	epochs	2.0
1723.0240397329712	0.1448800000000574	epochs	3.0
1723.1689197329713	0.14023999999994885	epochs	3.0
1723.3091597329712	0.26751999999987675	epochs	2.0
1723.3091597329712	0.13583999999991647	epochs	3.0
1723.4449997329712	0.13167999999996027	epochs	3.0
1723.5766797329711	0.2520799999999781	epochs	2.0
1723.5766797329711	0.12784000000010565	epochs	3.0
1723.7045197329712	0.12423999999987245	epochs	3.0
1723.828759732971	0.23816000000010717	epochs	2.0
1723.828759732971	0.1207200000001194	epochs	3.0
1723.9494797329712	0.11743999999998778	epochs	3.0
1724.0669197329712	0.225840000000062	epochs	2.0
1724.0669197329712	0.11439999999993233	epochs	3.0
1724.1813197329711	0.11144000000012966	epochs	3.0
1724.2927597329713	0.21463999999991756	epochs	2.0
1724.2927597329713	0.10863999999992302	epochs	3.0
1724.4013997329712	0.10599999999999454	epochs	3.0
1724.5073997329712	0.20448000000010325	epochs	2.0
1724.5073997329712	0.10344000000009146	epochs	3.0
1724.6108397329713	0.10104000000001179	epochs	3.0
1724.7118797329713	0.19535999999993692	epochs	2.0
1724.7118797329713	0.0987999999999829	epochs	3.0
1724.8106797329713	0.09655999999995402	epochs	3.0
1724.9072397329712	0.18695999999999913	epochs	2.0
1724.9072397329712	0.09447999999997592	epochs	3.0
1725.0017197329712	0.09248000000002321	epochs	3.0
1725.0941997329712	0.1792000000000371	epochs	2.0
1725.0941997329712	0.0904800000000705	epochs	3.0
1725.1846797329713	0.0887199999999666	epochs	3.0
1725.2733997329713	0.17207999999982349	epochs	2.0
1725.2733997329713	0.08687999999983731	epochs	3.0
1725.360279732971	0.08519999999998618	epochs	3.0
1725.445479732971	0.165520000000015	epochs	2.0
1725.445479732971	0.08360000000016043	epochs	3.0
1725.5290797329712	0.08191999999985455	epochs	3.0
1725.610999732971	0.15952000000015687	epochs	2.0
1725.610999732971	0.0804800000000796	epochs	3.0
1725.6914797329712	0.07904000000007727	epochs	3.0
1725.7705197329713	0.15375999999992018	epochs	2.0
1725.7705197329713	0.07759999999984757	epochs	3.0
1725.848119732971	0.07616000000007261	epochs	3.0
1725.9242797329712	0.14856000000008862	epochs	2.0
1725.9242797329712	0.07495999999991909	epochs	3.0
1725.999239732971	0.07360000000016953	epochs	3.0
1726.0728397329713	0.14367999999990388	epochs	2.0
1726.0728397329713	0.0724800000000414	epochs	3.0
1726.1453197329713	0.07119999999986248	epochs	3.0
1726.2165197329712	0.1390400000000227	epochs	2.0
1726.2165197329712	0.07007999999996173	epochs	3.0
1726.2865997329711	0.06896000000006097	epochs	3.0
1726.3555597329712	0.13472000000001572	epochs	2.0
1726.3555597329712	0.06791999999995824	epochs	3.0
1726.4234797329711	0.06680000000005748	epochs	3.0
1726.4902797329712	0.13071999999988293	epochs	2.0
1726.4902797329712	0.06583999999998014	epochs	3.0
1726.5561197329712	0.0648799999999028	epochs	3.0
1726.620999732971	0.1268000000000029	epochs	2.0
1726.620999732971	0.06384000000002743	epochs	3.0
1726.684839732971	0.06295999999997548	epochs	3.0
1726.747799732971	0.12328000000002248	epochs	2.0
1726.747799732971	0.0620800000001509	epochs	3.0
1726.8098797329712	0.06119999999987158	epochs	3.0
1726.871079732971	0.11984000000006745	epochs	2.0
1726.871079732971	0.060320000000047	epochs	3.0
1726.9313997329712	0.059520000000020445	epochs	3.0
1726.9909197329712	0.11663999999996122	epochs	2.0
1726.9909197329712	0.05871999999999389	epochs	3.0
1727.0496397329712	0.05791999999996733	epochs	3.0
1727.1075597329711	0.11360000000013315	epochs	2.0
1727.1075597329711	0.05719999999996617	epochs	3.0
1727.164759732971	0.05640000000016698	epochs	3.0
1727.2211597329713	0.11071999999990112	epochs	2.0
1727.2211597329713	0.055679999999938445	epochs	3.0
1727.2768397329712	0.055039999999962674	epochs	3.0
1727.3318797329712	0.10791999999992186	epochs	2.0
1727.3318797329712	0.05423999999993612	epochs	3.0
1727.386119732971	0.05367999999998574	epochs	3.0
1727.439799732971	0.10527999999999338	epochs	2.0
1727.439799732971	0.052959999999984575	epochs	3.0
1727.492759732971	0.052320000000008804	epochs	3.0
1727.545079732971	0.10288000000014108	epochs	2.0
1727.545079732971	0.051760000000058426	epochs	3.0
1727.5968397329711	0.051120000000082655	epochs	3.0
1727.6479597329712	0.10040000000003602	epochs	2.0
1727.6479597329712	0.05047999999987951	epochs	3.0
1727.698439732971	0.049920000000156506	epochs	3.0
1727.7483597329713	0.09824000000003252	epochs	2.0
1727.7483597329713	0.049359999999978754	epochs	3.0
1727.7977197329712	0.04888000000005377	epochs	3.0
1727.8465997329713	0.09600000000000364	epochs	2.0
1727.8465997329713	0.048239999999850625	epochs	3.0
1727.8948397329711	0.04776000000015301	epochs	3.0
1727.9425997329713	0.09391999999979816	epochs	2.0
1727.9425997329713	0.04719999999997526	epochs	3.0
1727.9897997329713	0.0467199999998229	epochs	3.0
1728.036519732971	0.09192000000007283	epochs	2.0
1728.036519732971	0.0461600000000999	epochs	3.0
1728.0826797329712	0.04575999999997293	epochs	3.0
1728.1284397329712	0.09007999999994354	epochs	2.0
1728.1284397329712	0.04528000000004795	epochs	3.0
1728.1737197329712	0.04479999999989559	epochs	3.0
1728.2185197329711	0.08816000000001623	epochs	2.0
1728.2185197329711	0.044319999999970605	epochs	3.0
1728.262839732971	0.04384000000004562	epochs	3.0
1728.3066797329711	0.08648000000016509	epochs	2.0
1728.3066797329711	0.04344000000014603	epochs	3.0
1728.3501197329713	0.04304000000001906	epochs	3.0
1728.3931597329713	0.08471999999983382	epochs	2.0
1728.3931597329713	0.042559999999866704	epochs	3.0
1728.4357197329712	0.04215999999996711	epochs	3.0
1728.4778797329711	0.08320000000003347	epochs	2.0
1728.4778797329711	0.04176000000006752	epochs	3.0
1728.5196397329712	0.04143999999996595	epochs	3.0
1728.5610797329712	0.08151999999995496	epochs	2.0
1728.5610797329712	0.040960000000040964	epochs	3.0
1728.6020397329712	0.040559999999914	epochs	3.0
1728.6425997329711	0.08008000000018001	epochs	2.0
1728.6425997329711	0.0402400000000398	epochs	3.0
1728.6828397329712	0.03984000000014021	epochs	3.0
1728.7226797329713	0.0786399999999503	epochs	2.0
1728.7226797329713	0.03951999999981126	epochs	3.0
1728.762199732971	0.039120000000139044	epochs	3.0
1728.8013197329713	0.07719999999994798	epochs	2.0
1728.8013197329713	0.03880000000003747	epochs	3.0
1728.8401197329713	0.038399999999910506	epochs	3.0
1728.8785197329712	0.07591999999999643	epochs	2.0
1728.8785197329712	0.0381600000000617	epochs	3.0
1728.9166797329713	0.037759999999934735	epochs	3.0
1728.9544397329712	0.0745600000000195	epochs	2.0
1728.9544397329712	0.037440000000060536	epochs	3.0
1728.9918797329713	0.037119999999958964	epochs	3.0
1729.0289997329712	0.07335999999986598	epochs	2.0
1729.0289997329712	0.036800000000084765	epochs	3.0
1729.0657997329713	0.03655999999978121	epochs	3.0
1729.102359732971	0.07208000000014181	epochs	2.0
1729.102359732971	0.036160000000108994	epochs	3.0
1729.1385197329712	0.035920000000032815	epochs	3.0
1729.1744397329712	0.07087999999998829	epochs	2.0
1729.1744397329712	0.03559999999993124	epochs	3.0
1729.2100397329712	0.035280000000057044	epochs	3.0
1729.2453197329712	0.06983999999988555	epochs	2.0
1729.2453197329712	0.035039999999980864	epochs	3.0
1729.2803597329712	0.034799999999904685	epochs	3.0
1729.315159732971	0.06864000000018677	epochs	2.0
1729.315159732971	0.034480000000030486	epochs	3.0
1729.3496397329711	0.03416000000015629	epochs	3.0
1729.3837997329713	0.06759999999985666	epochs	2.0
1729.3837997329713	0.033919999999852735	epochs	3.0
1729.4177197329711	0.03368000000000393	epochs	3.0
1729.4513997329711	0.0665599999999813	epochs	2.0
1729.4513997329711	0.03344000000015512	epochs	3.0
1729.4848397329713	0.03311999999982618	epochs	3.0
1729.5179597329711	0.06560000000013133	epochs	2.0
1729.5179597329711	0.032960000000002765	epochs	3.0
1729.5509197329711	0.032640000000128566	epochs	3.0
1729.5835597329713	0.0645600000000286	epochs	2.0
1729.5835597329713	0.03239999999982501	epochs	3.0
1729.615959732971	0.03216000000020358	epochs	3.0
1729.6481197329713	0.06367999999997664	epochs	2.0
1729.6481197329713	0.03199999999992542	epochs	3.0
1729.6801197329712	0.03168000000005122	epochs	3.0
1729.7117997329713	0.0627199999998993	epochs	2.0
1729.7117997329713	0.03143999999997504	epochs	3.0
1729.7432397329712	0.03127999999992426	epochs	3.0
1729.7745197329712	0.061840000000074724	epochs	2.0
1729.7745197329712	0.03104000000007545	epochs	3.0
1729.8055597329712	0.030799999999999272	epochs	3.0
1729.8363597329712	0.060960000000022774	epochs	2.0
1729.8363597329712	0.030559999999923093	epochs	3.0
1729.8669197329712	0.03040000000009968	epochs	3.0
1729.8973197329713	0.060159999999996217	epochs	2.0
1729.8973197329713	0.0301600000000235	epochs	3.0
1729.9274797329713	0.029999999999972715	epochs	3.0
1729.9574797329713	0.059279999999944266	epochs	2.0
1729.9574797329713	0.029679999999871143	epochs	3.0
1729.9871597329711	0.029600000000073123	epochs	3.0
1730.0167597329712	0.05847999999991771	epochs	2.0
1730.0167597329712	0.029359999999996944	epochs	3.0
1730.0461197329712	0.029119999999920765	epochs	3.0
1730.075239732971	0.05776000000014392	epochs	2.0
1730.075239732971	0.028960000000097352	epochs	3.0
1730.1041997329712	0.028800000000046566	epochs	3.0
1730.1329997329713	0.05695999999988999	epochs	2.0
1730.1329997329713	0.028559999999970387	epochs	3.0
1730.1615597329712	0.0283999999999196	epochs	3.0
1730.1899597329711	0.0562400000001162	epochs	2.0
1730.1899597329711	0.028160000000070795	epochs	3.0
1730.2181197329712	0.028080000000045402	epochs	3.0
1730.2461997329713	0.055439999999862266	epochs	2.0
1730.2461997329713	0.027839999999969223	epochs	3.0
1730.2740397329712	0.027599999999893043	epochs	3.0
1730.3016397329711	0.05488000000013926	epochs	2.0
1730.3016397329711	0.027520000000095024	epochs	3.0
1730.3291597329712	0.027360000000044238	epochs	3.0
1730.3565197329713	0.05407999999988533	epochs	2.0
1730.3565197329713	0.02711999999996806	epochs	3.0
1730.3836397329712	0.026959999999917272	epochs	3.0
1730.4105997329711	0.053440000000136934	epochs	2.0
1730.4105997329711	0.02680000000009386	epochs	3.0
1730.4373997329712	0.026640000000043074	epochs	3.0
1730.4640397329713	0.05287999999995918	epochs	2.0
1730.4640397329713	0.026479999999992287	epochs	3.0
1730.4905197329713	0.026399999999966894	epochs	3.0
1730.5169197329712	0.05215999999995802	epochs	2.0
1730.5169197329712	0.026159999999890715	epochs	3.0
1730.5430797329711	0.026000000000067303	epochs	3.0
1730.5690797329712	0.05151999999998225	epochs	2.0
1730.5690797329712	0.025840000000016516	epochs	3.0
1730.5949197329712	0.02567999999996573	epochs	3.0
1730.6205997329712	0.05096000000003187	epochs	2.0
1730.6205997329712	0.025599999999940337	epochs	3.0
1730.6461997329711	0.02536000000009153	epochs	3.0
1730.6715597329712	0.05040000000008149	epochs	2.0
1730.6715597329712	0.02528000000006614	epochs	3.0
1730.6968397329713	0.025120000000015352	epochs	3.0
1730.7219597329713	0.049759999999878346	epochs	2.0
1730.7219597329713	0.024959999999964566	epochs	3.0
1730.7469197329713	0.02479999999991378	epochs	3.0
1730.7717197329712	0.04919999999992797	epochs	2.0
1730.7717197329712	0.024640000000090367	epochs	3.0
1730.7963597329713	0.0245599999998376	epochs	3.0
1730.820919732971	0.04872000000000298	epochs	2.0
1730.820919732971	0.024400000000014188	epochs	3.0
1730.8453197329711	0.024319999999988795	epochs	3.0
1730.869639732971	0.04808000000002721	epochs	2.0
1730.869639732971	0.02408000000013999	epochs	3.0
1730.8937197329712	0.023999999999887223	epochs	3.0
1730.9177197329711	0.04760000000010223	epochs	2.0
1730.9177197329711	0.02384000000006381	epochs	3.0
1730.9415597329712	0.023760000000038417	epochs	3.0
1730.9653197329712	0.04711999999994987	epochs	2.0
1730.9653197329712	0.02359999999998763	epochs	3.0
1730.9889197329712	0.023519999999962238	epochs	3.0
1731.0124397329712	0.04655999999999949	epochs	2.0
1731.0124397329712	0.02335999999991145	epochs	3.0
1731.035799732971	0.02320000000008804	epochs	3.0
1731.0589997329712	0.046080000000074506	epochs	2.0
1731.0589997329712	0.023120000000062646	epochs	3.0
1731.0821197329713	0.02296000000001186	epochs	3.0
1731.1050797329713	0.04559999999992215	epochs	2.0
1731.1050797329713	0.022879999999986467	epochs	3.0
1731.1279597329712	0.02271999999993568	epochs	3.0
1731.1506797329712	0.04511999999999716	epochs	2.0
1731.1506797329712	0.022639999999910287	epochs	3.0
1731.173319732971	0.022480000000086875	epochs	3.0
1731.1957997329712	0.04464000000007218	epochs	2.0
1731.1957997329712	0.022400000000061482	epochs	3.0
1731.2181997329712	0.022240000000010696	epochs	3.0
1731.2404397329713	0.04423999999994521	epochs	2.0
1731.2404397329713	0.022159999999985303	epochs	3.0
1731.2625997329712	0.02207999999995991	epochs	3.0
1731.2846797329712	0.04376000000002023	epochs	2.0
1731.2846797329712	0.021919999999909123	epochs	3.0
1731.306599732971	0.021840000000111104	epochs	3.0
1731.3284397329712	0.04335999999989326	epochs	2.0
1731.3284397329712	0.02176000000008571	epochs	3.0
1731.3501997329713	0.02159999999980755	epochs	3.0
1731.371799732971	0.04287999999996828	epochs	2.0
1731.371799732971	0.02143999999998414	epochs	3.0
1731.393239732971	0.02143999999998414	epochs	3.0
1731.414679732971	0.042480000000068685	epochs	2.0
1731.414679732971	0.021280000000160726	epochs	3.0
1731.4359597329712	0.02119999999990796	epochs	3.0
1731.4571597329711	0.04207999999994172	epochs	2.0
1731.4571597329711	0.021040000000084547	epochs	3.0
1731.4781997329712	0.021039999999857173	epochs	3.0
1731.499239732971	0.04168000000004213	epochs	2.0
1731.499239732971	0.02088000000003376	epochs	3.0
1731.5201197329711	0.020800000000008367	epochs	3.0
1731.5409197329711	0.04120000000011714	epochs	2.0
1731.5409197329711	0.02063999999995758	epochs	3.0
1731.561559732971	0.020560000000159562	epochs	3.0
1731.5821197329713	0.04088000000001557	epochs	2.0
1731.5821197329713	0.020559999999932188	epochs	3.0
1731.6026797329712	0.020320000000083382	epochs	3.0
1731.6229997329713	0.040559999999914	epochs	2.0
1731.6229997329713	0.02031999999985601	epochs	3.0
1731.6433197329711	0.02024000000005799	epochs	3.0
1731.6635597329712	0.04007999999998901	epochs	2.0
1731.6635597329712	0.020080000000007203	epochs	3.0
1731.6836397329712	0.01999999999998181	epochs	3.0
1731.7036397329712	0.039760000000114815	epochs	2.0
1731.7036397329712	0.019919999999956417	epochs	3.0
1731.7235597329711	0.019840000000158398	epochs	3.0
1731.7433997329713	0.03944000000001324	epochs	2.0
1731.7433997329713	0.01975999999990563	epochs	3.0
1731.7631597329712	0.01968000000010761	epochs	3.0
1731.7828397329713	0.03903999999988628	epochs	2.0
1731.7828397329713	0.01951999999982945	epochs	3.0
1731.8023597329711	0.019520000000056825	epochs	3.0
1731.8218797329712	0.038639999999986685	epochs	2.0
1731.8218797329712	0.01936000000000604	epochs	3.0
1731.8412397329712	0.019279999999980646	epochs	3.0
1731.8605197329712	0.038399999999910506	epochs	2.0
1731.8605197329712	0.019279999999980646	epochs	3.0
1731.8797997329712	0.01911999999992986	epochs	3.0
1731.898919732971	0.038000000000010914	epochs	2.0
1731.898919732971	0.01904000000013184	epochs	3.0
1731.9179597329712	0.018959999999879074	epochs	3.0
1731.936919732971	0.037680000000136715	epochs	2.0
1731.936919732971	0.018880000000081054	epochs	3.0
1731.9557997329712	0.01880000000005566	epochs	3.0
1731.9745997329712	0.03736000000003514	epochs	2.0
1731.9745997329712	0.018720000000030268	epochs	3.0
1731.9933197329713	0.018640000000004875	epochs	3.0
1732.0119597329713	0.03703999999993357	epochs	2.0
1732.0119597329713	0.018559999999979482	epochs	3.0
1732.0305197329712	0.01847999999995409	epochs	3.0
1732.0489997329712	0.03672000000005937	epochs	2.0
1732.0489997329712	0.018399999999928696	epochs	3.0
1732.0673997329711	0.018320000000130676	epochs	3.0
1732.0857197329713	0.03647999999998319	epochs	2.0
1732.0857197329713	0.01823999999987791	epochs	3.0
1732.1039597329711	0.018240000000105283	epochs	3.0
1732.1221997329712	0.03607999999985623	epochs	2.0
1732.1221997329712	0.018080000000054497	epochs	3.0
1732.1402797329713	0.01799999999980173	epochs	3.0
1732.158279732971	0.03584000000000742	epochs	2.0
1732.158279732971	0.01792000000000371	epochs	3.0
1732.176199732971	0.01792000000000371	epochs	3.0
1732.194119732971	0.03552000000013322	epochs	2.0
1732.194119732971	0.017760000000180298	epochs	3.0
1732.2118797329713	0.017759999999952925	epochs	3.0
1732.2296397329712	0.03520000000003165	epochs	2.0
1732.2296397329712	0.01767999999992753	epochs	3.0
1732.2473197329712	0.01752000000010412	epochs	3.0
1732.2648397329713	0.03495999999995547	epochs	2.0
1732.2648397329713	0.017519999999876745	epochs	3.0
1732.2823597329711	0.017440000000078726	epochs	3.0
1732.2997997329712	0.03471999999987929	epochs	2.0
1732.2997997329712	0.017440000000078726	epochs	3.0
1732.3172397329713	0.017279999999800566	epochs	3.0
1732.334519732971	0.03440000000000509	epochs	2.0
1732.334519732971	0.017200000000002547	epochs	3.0
1732.351719732971	0.017200000000002547	epochs	3.0
1732.368919732971	0.03416000000015629	epochs	2.0
1732.368919732971	0.017119999999977153	epochs	3.0
1732.386039732971	0.017040000000179134	epochs	3.0
1732.4030797329713	0.03383999999982734	epochs	2.0
1732.4030797329713	0.016959999999926367	epochs	3.0
1732.4200397329712	0.016879999999900974	epochs	3.0
1732.436919732971	0.03360000000020591	epochs	2.0
1732.436919732971	0.016800000000102955	epochs	3.0
1732.4537197329712	0.016800000000102955	epochs	3.0
1732.4705197329713	0.03335999999990236	epochs	2.0
1732.4705197329713	0.016719999999850188	epochs	3.0
1732.4872397329711	0.01664000000005217	epochs	3.0
1732.5038797329712	0.03312000000005355	epochs	2.0
1732.5038797329712	0.016560000000026776	epochs	3.0
1732.5204397329712	0.016560000000026776	epochs	3.0
1732.5369997329713	0.03279999999995198	epochs	2.0
1732.5369997329713	0.01639999999997599	epochs	3.0
1732.5533997329712	0.01639999999997599	epochs	3.0
1732.5697997329712	0.0325599999998758	epochs	2.0
1732.5697997329712	0.016319999999950596	epochs	3.0
1732.5861197329712	0.016239999999925203	epochs	3.0
1732.602359732971	0.03240000000005239	epochs	2.0
1732.602359732971	0.016240000000152577	epochs	3.0
1732.6185997329712	0.01615999999989981	epochs	3.0
1732.6347597329711	0.032079999999950815	epochs	2.0
1732.6347597329711	0.01608000000010179	epochs	3.0
1732.6508397329712	0.015999999999849024	epochs	3.0
1732.666839732971	0.0319200000001274	epochs	2.0
1732.666839732971	0.016000000000076398	epochs	3.0
1732.6828397329712	0.015920000000051004	epochs	3.0
1732.6987597329712	0.03160000000002583	epochs	2.0
1732.6987597329712	0.01584000000002561	epochs	3.0
1732.7145997329712	0.01576000000000022	epochs	3.0
1732.7303597329712	0.03143999999997504	epochs	2.0
1732.7303597329712	0.01576000000000022	epochs	3.0
1732.7461197329712	0.015679999999974825	epochs	3.0
1732.7617997329712	0.031199999999898864	epochs	2.0
1732.7617997329712	0.015599999999949432	epochs	3.0
1732.7773997329712	0.015599999999949432	epochs	3.0
1732.792999732971	0.03096000000005006	epochs	2.0
1732.792999732971	0.015520000000151413	epochs	3.0
1732.8085197329713	0.015439999999898646	epochs	3.0
1732.8239597329712	0.03071999999997388	epochs	2.0
1732.8239597329712	0.01544000000012602	epochs	3.0
1732.8393997329713	0.01527999999984786	epochs	3.0
1732.8546797329711	0.030560000000150467	epochs	2.0
1732.8546797329711	0.015360000000100626	epochs	3.0
1732.8700397329712	0.01520000000004984	epochs	3.0
1732.8852397329713	0.030319999999846914	epochs	2.0
1732.8852397329713	0.015199999999822467	epochs	3.0
1732.900439732971	0.015120000000024447	epochs	3.0
1732.9155597329711	0.030079999999998108	epochs	2.0
1732.9155597329711	0.015120000000024447	epochs	3.0
1732.9306797329712	0.014959999999973661	epochs	3.0
1732.9456397329711	0.029920000000174696	epochs	2.0
1732.9456397329711	0.015039999999999054	epochs	3.0
1732.9606797329711	0.014880000000175642	epochs	3.0
1732.9755597329713	0.029679999999871143	epochs	2.0
1732.9755597329713	0.014879999999948268	epochs	3.0
1732.9904397329713	0.014799999999922875	epochs	3.0
1733.0052397329712	0.02952000000004773	epochs	2.0
1733.0052397329712	0.014799999999922875	epochs	3.0
1733.020039732971	0.014720000000124855	epochs	3.0
1733.0347597329712	0.02927999999997155	epochs	2.0
1733.0347597329712	0.014719999999897482	epochs	3.0
1733.0494797329711	0.01456000000007407	epochs	3.0
1733.0640397329712	0.029119999999920765	epochs	2.0
1733.0640397329712	0.014640000000099462	epochs	3.0
1733.0786797329713	0.014479999999821302	epochs	3.0
1733.0931597329711	0.028960000000097352	epochs	2.0
1733.0931597329711	0.014480000000048676	epochs	3.0
1733.1076397329712	0.014480000000048676	epochs	3.0
1733.1221197329712	0.02863999999999578	epochs	2.0
1733.1221197329712	0.01431999999999789	epochs	3.0
1733.1364397329712	0.01431999999999789	epochs	3.0
1733.1507597329712	0.028559999999970387	epochs	2.0
1733.1507597329712	0.01431999999999789	epochs	3.0
1733.1650797329712	0.014239999999972497	epochs	3.0
1733.1793197329712	0.02832000000012158	epochs	2.0
1733.1793197329712	0.014159999999947104	epochs	3.0
1733.1934797329711	0.014160000000174477	epochs	3.0
1733.2076397329713	0.02815999999984342	epochs	2.0
1733.2076397329713	0.014159999999947104	epochs	3.0
1733.2217997329712	0.013999999999896318	epochs	3.0
1733.2357997329711	0.02800000000002001	epochs	2.0
1733.2357997329711	0.014000000000123691	epochs	3.0
1733.2497997329713	0.013999999999896318	epochs	3.0
1733.2637997329712	0.02775999999994383	epochs	2.0
1733.2637997329712	0.013920000000098298	epochs	3.0
1733.2777197329713	0.013839999999845531	epochs	3.0
1733.291559732971	0.02768000000014581	epochs	2.0
1733.291559732971	0.013840000000072905	epochs	3.0
1733.3053997329712	0.013840000000072905	epochs	3.0
1733.3192397329713	0.027439999999842257	epochs	2.0
1733.3192397329713	0.013760000000047512	epochs	3.0
1733.3329997329713	0.013679999999794745	epochs	3.0
1733.346679732971	0.027280000000018845	epochs	2.0
1733.346679732971	0.013680000000022119	epochs	3.0
1733.3603597329711	0.013599999999996726	epochs	3.0
1733.3739597329711	0.02711999999996806	epochs	2.0
1733.3739597329711	0.013519999999971333	epochs	3.0
1733.387479732971	0.013599999999996726	epochs	3.0
1733.401079732971	0.026880000000119253	epochs	2.0
1733.401079732971	0.013440000000173313	epochs	3.0
1733.4145197329713	0.01343999999994594	epochs	3.0
1733.4279597329712	0.02680000000009386	epochs	2.0
1733.4279597329712	0.01343999999994594	epochs	3.0
1733.4413997329711	0.01336000000014792	epochs	3.0
1733.4547597329713	0.026559999999790307	epochs	2.0
1733.4547597329713	0.013279999999895153	epochs	3.0
1733.4680397329712	0.013279999999895153	epochs	3.0
1733.481319732971	0.026479999999992287	epochs	2.0
1733.481319732971	0.013280000000122527	epochs	3.0
1733.4945997329712	0.01319999999986976	epochs	3.0
1733.507799732971	0.026240000000143482	epochs	2.0
1733.507799732971	0.013120000000071741	epochs	3.0
1733.5209197329712	0.013120000000071741	epochs	3.0
1733.5340397329712	0.026159999999890715	epochs	2.0
1733.5340397329712	0.013120000000071741	epochs	3.0
1733.5471597329713	0.013039999999818974	epochs	3.0
1733.5601997329711	0.026000000000067303	epochs	2.0
1733.5601997329711	0.013040000000046348	epochs	3.0
1733.5732397329712	0.012960000000020955	epochs	3.0
1733.5861997329712	0.025759999999991123	epochs	2.0
1733.5861997329712	0.012879999999995562	epochs	3.0
1733.5990797329712	0.012879999999995562	epochs	3.0
1733.6119597329712	0.02567999999996573	epochs	2.0
1733.6119597329712	0.012879999999995562	epochs	3.0
1733.6248397329712	0.012799999999970169	epochs	3.0
1733.6376397329711	0.025520000000142318	epochs	2.0
1733.6376397329711	0.012799999999970169	epochs	3.0
1733.650439732971	0.01272000000017215	epochs	3.0
1733.6631597329713	0.025359999999864158	epochs	2.0
1733.6631597329713	0.012719999999944775	epochs	3.0
1733.6758797329712	0.012639999999919382	epochs	3.0
1733.6885197329711	0.025200000000040745	epochs	2.0
1733.6885197329711	0.012640000000146756	epochs	3.0
1733.7011597329713	0.01255999999989399	epochs	3.0
1733.7137197329712	0.024560000000064974	epochs	2.0
1733.737853032971	0.5	epochs	-1.0
1733.7382797329713	0.5563199999999142	epochs	1.0
1734.2945997329712	0.4436000000000604	epochs	0.0
1753.960000038147	0.08328000000005886	epochs	0.0
1753.960000038147	0.03664000000003398	epochs	1.0
1753.996640038147	0.010080000000016298	epochs	1.0
1754.006720038147	0.036560000000008586	epochs	1.0
1754.043280038147	2.0	epochs	0.0
1756.043280038147	5.3573599999999715	epochs	0.0
1756.043280038147	1.0	epochs	1.0
1756.043333338147	0.5	epochs	-1.0
1756.543333338147	4.857306699999981	epochs	-1.0
1757.043280038147	4.3573599999999715	epochs	1.0
1757.043280038147	8.000000002539309e-05	epochs	2.0
1757.043360038147	4.356719999999996	epochs	-1.0
1757.043360038147	1.974559999999883	epochs	2.0
1757.043360038147	1.0985599999999067	epochs	3.0
1758.141920038147	0.8759999999999764	epochs	3.0
1759.017920038147	1.3523999999999887	epochs	2.0
1759.017920038147	0.7286400000000413	epochs	3.0
1759.746560038147	0.6237599999999475	epochs	3.0
1760.370320038147	1.029760000000124	epochs	2.0
1760.370320038147	0.5453600000000733	epochs	3.0
1760.915680038147	0.48440000000005057	epochs	3.0
1761.400080038147	0.000559999999950378	epochs	2.0
1761.400080038147	0.000559999999950378	epochs	3.0
1761.400640038147	16.642560000000003	epochs	0.0
1765.4920001029968	0.08328000000005886	epochs	0.0
1765.4920001029968	0.03664000000003398	epochs	1.0
1765.5286401029969	0.010080000000016298	epochs	1.0
1765.5387201029969	0.036560000000008586	epochs	1.0
1765.5752801029969	2.0	epochs	0.0
1767.5752801029969	21.556319999999914	epochs	0.0
1767.5752801029969	1.0	epochs	1.0
1767.5753334029969	0.5	epochs	-1.0
1768.0753334029969	19.99944000000005	epochs	-1.0
1768.5752801029969	20.0	epochs	1.0
1768.5752801029969	8.000000002539309e-05	epochs	2.0
1768.575360102997	4.356719999999996	epochs	-1.0
1768.575360102997	1.974559999999883	epochs	2.0
1768.575360102997	1.0985599999999067	epochs	3.0
1769.6739201029968	0.8759999999999764	epochs	3.0
1770.5499201029968	1.3523999999999887	epochs	2.0
1770.5499201029968	0.7286400000000413	epochs	3.0
1771.2785601029968	0.6237599999999475	epochs	3.0
1771.9023201029968	1.029760000000124	epochs	2.0
1771.9023201029968	0.5453600000000733	epochs	3.0
1772.4476801029969	0.48440000000005057	epochs	3.0
1772.932080102997	0.8317600000000311	epochs	2.0
1772.932080102997	0.4357599999998456	epochs	3.0
1773.3678401029968	0.39600000000018554	epochs	3.0
1773.763840102997	0.6978399999998146	epochs	2.0
1773.763840102997	0.3628799999999046	epochs	3.0
1774.1267201029968	0.33495999999991	epochs	3.0
1774.4616801029968	0.6010400000000118	epochs	2.0
1774.4616801029968	0.3108799999999974	epochs	3.0
1774.7725601029967	0.2901600000000144	epochs	3.0
1775.0627201029968	0.5278399999999692	epochs	2.0
1775.0627201029968	0.2719200000001365	epochs	3.0
1775.334640102997	0.2559199999998327	epochs	3.0
1775.5905601029967	0.47064000000000306	epochs	2.0
1775.5905601029967	0.2416800000000876	epochs	3.0
1775.8322401029968	0.22895999999991545	epochs	3.0
1776.0612001029967	0.4245600000001559	epochs	2.0
1776.0612001029967	0.2174400000001242	epochs	3.0
1776.2786401029969	0.20712000000003172	epochs	3.0
1776.485760102997	0.3867199999999684	epochs	2.0
1776.485760102997	0.1976799999999912	epochs	3.0
1776.6834401029969	0.18903999999997723	epochs	3.0
1776.8724801029969	0.3551199999999426	epochs	2.0
1776.8724801029969	0.1811999999999898	epochs	3.0
1777.0536801029969	0.17391999999995278	epochs	3.0
1777.2276001029968	0.3282400000000507	epochs	2.0
1777.2276001029968	0.1672000000000935	epochs	3.0
1777.394800102997	0.16103999999995722	epochs	3.0
1777.5558401029969	0.30520000000001346	epochs	2.0
1777.5558401029969	0.1552799999999479	epochs	3.0
1777.7111201029968	0.14992000000006556	epochs	3.0
1777.8610401029969	0.28512000000000626	epochs	2.0
1777.8610401029969	0.1448800000000574	epochs	3.0
1778.005920102997	0.14023999999994885	epochs	3.0
1778.1461601029969	0.26751999999987675	epochs	2.0
1778.1461601029969	0.13583999999991647	epochs	3.0
1778.2820001029968	0.13167999999996027	epochs	3.0
1778.4136801029968	0.2520799999999781	epochs	2.0
1778.4136801029968	0.12784000000010565	epochs	3.0
1778.5415201029969	0.12423999999987245	epochs	3.0
1778.6657601029967	0.23816000000010717	epochs	2.0
1778.6657601029967	0.1207200000001194	epochs	3.0
1778.7864801029968	0.11743999999998778	epochs	3.0
1778.9039201029968	0.225840000000062	epochs	2.0
1778.9039201029968	0.11439999999993233	epochs	3.0
1779.0183201029968	0.11144000000012966	epochs	3.0
1779.129760102997	0.21463999999991756	epochs	2.0
1779.129760102997	0.10863999999992302	epochs	3.0
1779.2384001029968	0.10599999999999454	epochs	3.0
1779.3444001029968	0.20448000000010325	epochs	2.0
1779.3444001029968	0.10344000000009146	epochs	3.0
1779.447840102997	0.10104000000001179	epochs	3.0
1779.548880102997	0.19535999999993692	epochs	2.0
1779.548880102997	0.0987999999999829	epochs	3.0
1779.647680102997	0.09655999999995402	epochs	3.0
1779.7442401029969	0.18695999999999913	epochs	2.0
1779.7442401029969	0.09447999999997592	epochs	3.0
1779.8387201029968	0.09248000000002321	epochs	3.0
1779.9312001029969	0.1792000000000371	epochs	2.0
1779.9312001029969	0.0904800000000705	epochs	3.0
1780.021680102997	0.0887199999999666	epochs	3.0
1780.110400102997	0.17207999999982349	epochs	2.0
1780.110400102997	0.08687999999983731	epochs	3.0
1780.1972801029967	0.08519999999998618	epochs	3.0
1780.2824801029967	0.165520000000015	epochs	2.0
1780.2824801029967	0.08360000000016043	epochs	3.0
1780.3660801029969	0.08191999999985455	epochs	3.0
1780.4480001029967	0.15952000000015687	epochs	2.0
1780.4480001029967	0.0804800000000796	epochs	3.0
1780.5284801029968	0.07904000000007727	epochs	3.0
1780.607520102997	0.15375999999992018	epochs	2.0
1780.607520102997	0.07759999999984757	epochs	3.0
1780.6851201029967	0.07616000000007261	epochs	3.0
1780.7612801029968	0.14856000000008862	epochs	2.0
1780.7612801029968	0.07495999999991909	epochs	3.0
1780.8362401029967	0.07360000000016953	epochs	3.0
1780.909840102997	0.14367999999990388	epochs	2.0
1780.909840102997	0.0724800000000414	epochs	3.0
1780.982320102997	0.07119999999986248	epochs	3.0
1781.0535201029968	0.1390400000000227	epochs	2.0
1781.0535201029968	0.07007999999996173	epochs	3.0
1781.1236001029968	0.06896000000006097	epochs	3.0
1781.1925601029968	0.13472000000001572	epochs	2.0
1781.1925601029968	0.06791999999995824	epochs	3.0
1781.2604801029968	0.06680000000005748	epochs	3.0
1781.3272801029968	0.13071999999988293	epochs	2.0
1781.3272801029968	0.06583999999998014	epochs	3.0
1781.3931201029968	0.0648799999999028	epochs	3.0
1781.4580001029967	0.1268000000000029	epochs	2.0
1781.4580001029967	0.06384000000002743	epochs	3.0
1781.5218401029967	0.06295999999997548	epochs	3.0
1781.5848001029967	0.12328000000002248	epochs	2.0
1781.5848001029967	0.0620800000001509	epochs	3.0
1781.6468801029969	0.06119999999987158	epochs	3.0
1781.7080801029967	0.11984000000006745	epochs	2.0
1781.7080801029967	0.060320000000047	epochs	3.0
1781.7684001029968	0.059520000000020445	epochs	3.0
1781.8279201029968	0.11663999999996122	epochs	2.0
1781.8279201029968	0.05871999999999389	epochs	3.0
1781.8866401029968	0.05791999999996733	epochs	3.0
1781.9445601029968	0.11360000000013315	epochs	2.0
1781.9445601029968	0.05719999999996617	epochs	3.0
1782.0017601029967	0.05640000000016698	epochs	3.0
1782.058160102997	0.11071999999990112	epochs	2.0
1782.058160102997	0.055679999999938445	epochs	3.0
1782.1138401029968	0.055039999999962674	epochs	3.0
1782.1688801029968	0.10791999999992186	epochs	2.0
1782.1688801029968	0.05423999999993612	epochs	3.0
1782.2231201029967	0.05367999999998574	epochs	3.0
1782.2768001029967	0.10527999999999338	epochs	2.0
1782.2768001029967	0.052959999999984575	epochs	3.0
1782.3297601029967	0.052320000000008804	epochs	3.0
1782.3820801029967	0.10288000000014108	epochs	2.0
1782.3820801029967	0.051760000000058426	epochs	3.0
1782.4338401029968	0.051120000000082655	epochs	3.0
1782.4849601029969	0.10040000000003602	epochs	2.0
1782.4849601029969	0.05047999999987951	epochs	3.0
1782.5354401029967	0.049920000000156506	epochs	3.0
1782.585360102997	0.09824000000003252	epochs	2.0
1782.585360102997	0.049359999999978754	epochs	3.0
1782.6347201029969	0.04888000000005377	epochs	3.0
1782.683600102997	0.09600000000000364	epochs	2.0
1782.683600102997	0.048239999999850625	epochs	3.0
1782.7318401029968	0.04776000000015301	epochs	3.0
1782.779600102997	0.09391999999979816	epochs	2.0
1782.779600102997	0.04719999999997526	epochs	3.0
1782.826800102997	0.0467199999998229	epochs	3.0
1782.8735201029967	0.09192000000007283	epochs	2.0
1782.8735201029967	0.0461600000000999	epochs	3.0
1782.9196801029968	0.04575999999997293	epochs	3.0
1782.9654401029968	0.09007999999994354	epochs	2.0
1782.9654401029968	0.04528000000004795	epochs	3.0
1783.0107201029969	0.04479999999989559	epochs	3.0
1783.0555201029968	0.08816000000001623	epochs	2.0
1783.0555201029968	0.044319999999970605	epochs	3.0
1783.0998401029967	0.04384000000004562	epochs	3.0
1783.1436801029968	0.08648000000016509	epochs	2.0
1783.1436801029968	0.04344000000014603	epochs	3.0
1783.187120102997	0.04304000000001906	epochs	3.0
1783.230160102997	0.08471999999983382	epochs	2.0
1783.230160102997	0.042559999999866704	epochs	3.0
1783.2727201029968	0.04215999999996711	epochs	3.0
1783.3148801029968	0.08320000000003347	epochs	2.0
1783.3148801029968	0.04176000000006752	epochs	3.0
1783.3566401029968	0.04143999999996595	epochs	3.0
1783.3980801029968	0.08151999999995496	epochs	2.0
1783.3980801029968	0.040960000000040964	epochs	3.0
1783.4390401029968	0.040559999999914	epochs	3.0
1783.4796001029968	0.08008000000018001	epochs	2.0
1783.4796001029968	0.0402400000000398	epochs	3.0
1783.5198401029968	0.03984000000014021	epochs	3.0
1783.559680102997	0.0786399999999503	epochs	2.0
1783.559680102997	0.03951999999981126	epochs	3.0
1783.5992001029967	0.039120000000139044	epochs	3.0
1783.6383201029969	0.07719999999994798	epochs	2.0
1783.6383201029969	0.03880000000003747	epochs	3.0
1783.677120102997	0.038399999999910506	epochs	3.0
1783.7155201029968	0.07591999999999643	epochs	2.0
1783.7155201029968	0.0381600000000617	epochs	3.0
1783.753680102997	0.037759999999934735	epochs	3.0
1783.7914401029968	0.0745600000000195	epochs	2.0
1783.7914401029968	0.037440000000060536	epochs	3.0
1783.828880102997	0.037119999999958964	epochs	3.0
1783.8660001029968	0.07335999999986598	epochs	2.0
1783.8660001029968	0.036800000000084765	epochs	3.0
1783.902800102997	0.03655999999978121	epochs	3.0
1783.9393601029967	0.07208000000014181	epochs	2.0
1783.9393601029967	0.036160000000108994	epochs	3.0
1783.9755201029968	0.035920000000032815	epochs	3.0
1784.0114401029969	0.07087999999998829	epochs	2.0
1784.0114401029969	0.03559999999993124	epochs	3.0
1784.0470401029968	0.035280000000057044	epochs	3.0
1784.0823201029968	0.06983999999988555	epochs	2.0
1784.0823201029968	0.035039999999980864	epochs	3.0
1784.1173601029968	0.034799999999904685	epochs	3.0
1784.1521601029967	0.06864000000018677	epochs	2.0
1784.1521601029967	0.034480000000030486	epochs	3.0
1784.1866401029968	0.03416000000015629	epochs	3.0
1784.220800102997	0.06759999999985666	epochs	2.0
1784.220800102997	0.033919999999852735	epochs	3.0
1784.2547201029968	0.03368000000000393	epochs	3.0
1784.2884001029968	0.0665599999999813	epochs	2.0
1784.2884001029968	0.03344000000015512	epochs	3.0
1784.321840102997	0.03311999999982618	epochs	3.0
1784.3549601029968	0.06560000000013133	epochs	2.0
1784.3549601029968	0.032960000000002765	epochs	3.0
1784.3879201029968	0.032640000000128566	epochs	3.0
1784.420560102997	0.0645600000000286	epochs	2.0
1784.420560102997	0.03239999999982501	epochs	3.0
1784.4529601029967	0.03216000000020358	epochs	3.0
1784.485120102997	0.06367999999997664	epochs	2.0
1784.485120102997	0.03199999999992542	epochs	3.0
1784.5171201029968	0.03168000000005122	epochs	3.0
1784.548800102997	0.0627199999998993	epochs	2.0
1784.548800102997	0.03143999999997504	epochs	3.0
1784.5802401029969	0.03127999999992426	epochs	3.0
1784.6115201029968	0.061840000000074724	epochs	2.0
1784.6115201029968	0.03104000000007545	epochs	3.0
1784.6425601029969	0.030799999999999272	epochs	3.0
1784.6733601029969	0.060960000000022774	epochs	2.0
1784.6733601029969	0.030559999999923093	epochs	3.0
1784.7039201029968	0.03040000000009968	epochs	3.0
1784.734320102997	0.060159999999996217	epochs	2.0
1784.734320102997	0.0301600000000235	epochs	3.0
1784.764480102997	0.029999999999972715	epochs	3.0
1784.7944801029969	0.059279999999944266	epochs	2.0
1784.7944801029969	0.029679999999871143	epochs	3.0
1784.8241601029968	0.029600000000073123	epochs	3.0
1784.8537601029968	0.05847999999991771	epochs	2.0
1784.8537601029968	0.029359999999996944	epochs	3.0
1784.8831201029968	0.029119999999920765	epochs	3.0
1784.9122401029967	0.05776000000014392	epochs	2.0
1784.9122401029967	0.028960000000097352	epochs	3.0
1784.9412001029968	0.028800000000046566	epochs	3.0
1784.970000102997	0.05695999999988999	epochs	2.0
1784.970000102997	0.028559999999970387	epochs	3.0
1784.9985601029969	0.0283999999999196	epochs	3.0
1785.0269601029968	0.0562400000001162	epochs	2.0
1785.0269601029968	0.028160000000070795	epochs	3.0
1785.0551201029969	0.028080000000045402	epochs	3.0
1785.083200102997	0.055439999999862266	epochs	2.0
1785.083200102997	0.027839999999969223	epochs	3.0
1785.1110401029969	0.027599999999893043	epochs	3.0
1785.1386401029968	0.05488000000013926	epochs	2.0
1785.1386401029968	0.027520000000095024	epochs	3.0
1785.1661601029969	0.027360000000044238	epochs	3.0
1785.193520102997	0.05407999999988533	epochs	2.0
1785.193520102997	0.02711999999996806	epochs	3.0
1785.2206401029969	0.026959999999917272	epochs	3.0
1785.2476001029968	0.053440000000136934	epochs	2.0
1785.2476001029968	0.02680000000009386	epochs	3.0
1785.2744001029969	0.026640000000043074	epochs	3.0
1785.301040102997	0.05287999999995918	epochs	2.0
1785.301040102997	0.026479999999992287	epochs	3.0
1785.327520102997	0.026399999999966894	epochs	3.0
1785.3539201029969	0.05215999999995802	epochs	2.0
1785.3539201029969	0.026159999999890715	epochs	3.0
1785.3800801029968	0.026000000000067303	epochs	3.0
1785.4060801029968	0.05151999999998225	epochs	2.0
1785.4060801029968	0.025840000000016516	epochs	3.0
1785.4319201029969	0.02567999999996573	epochs	3.0
1785.4576001029968	0.05096000000003187	epochs	2.0
1785.4576001029968	0.025599999999940337	epochs	3.0
1785.4832001029968	0.02536000000009153	epochs	3.0
1785.5085601029969	0.05040000000008149	epochs	2.0
1785.5085601029969	0.02528000000006614	epochs	3.0
1785.533840102997	0.025120000000015352	epochs	3.0
1785.558960102997	0.049759999999878346	epochs	2.0
1785.558960102997	0.024959999999964566	epochs	3.0
1785.583920102997	0.02479999999991378	epochs	3.0
1785.6087201029968	0.04919999999992797	epochs	2.0
1785.6087201029968	0.024640000000090367	epochs	3.0
1785.633360102997	0.0245599999998376	epochs	3.0
1785.6579201029967	0.04872000000000298	epochs	2.0
1785.6579201029967	0.024400000000014188	epochs	3.0
1785.6823201029968	0.024319999999988795	epochs	3.0
1785.7066401029967	0.04808000000002721	epochs	2.0
1785.7066401029967	0.02408000000013999	epochs	3.0
1785.7307201029969	0.023999999999887223	epochs	3.0
1785.7547201029968	0.04760000000010223	epochs	2.0
1785.7547201029968	0.02384000000006381	epochs	3.0
1785.7785601029968	0.023760000000038417	epochs	3.0
1785.8023201029969	0.04711999999994987	epochs	2.0
1785.8023201029969	0.02359999999998763	epochs	3.0
1785.8259201029969	0.023519999999962238	epochs	3.0
1785.8494401029968	0.04655999999999949	epochs	2.0
1785.8494401029968	0.02335999999991145	epochs	3.0
1785.8728001029967	0.02320000000008804	epochs	3.0
1785.8960001029968	0.046080000000074506	epochs	2.0
1785.8960001029968	0.023120000000062646	epochs	3.0
1785.9191201029969	0.02296000000001186	epochs	3.0
1785.942080102997	0.04559999999992215	epochs	2.0
1785.942080102997	0.022879999999986467	epochs	3.0
1785.9649601029969	0.02271999999993568	epochs	3.0
1785.9876801029968	0.04511999999999716	epochs	2.0
1785.9876801029968	0.022639999999910287	epochs	3.0
1786.0103201029967	0.022480000000086875	epochs	3.0
1786.0328001029968	0.04464000000007218	epochs	2.0
1786.0328001029968	0.022400000000061482	epochs	3.0
1786.0552001029969	0.022240000000010696	epochs	3.0
1786.077440102997	0.04423999999994521	epochs	2.0
1786.077440102997	0.022159999999985303	epochs	3.0
1786.0996001029969	0.02207999999995991	epochs	3.0
1786.1216801029968	0.04376000000002023	epochs	2.0
1786.1216801029968	0.021919999999909123	epochs	3.0
1786.1436001029967	0.021840000000111104	epochs	3.0
1786.1654401029969	0.04335999999989326	epochs	2.0
1786.1654401029969	0.02176000000008571	epochs	3.0
1786.187200102997	0.02159999999980755	epochs	3.0
1786.2088001029967	0.04287999999996828	epochs	2.0
1786.2088001029967	0.02143999999998414	epochs	3.0
1786.2302401029967	0.02143999999998414	epochs	3.0
1786.2516801029967	0.042480000000068685	epochs	2.0
1786.2516801029967	0.021280000000160726	epochs	3.0
1786.2729601029969	0.02119999999990796	epochs	3.0
1786.2941601029968	0.04207999999994172	epochs	2.0
1786.2941601029968	0.021040000000084547	epochs	3.0
1786.3152001029969	0.021039999999857173	epochs	3.0
1786.3362401029967	0.04168000000004213	epochs	2.0
1786.3362401029967	0.02088000000003376	epochs	3.0
1786.3571201029968	0.020800000000008367	epochs	3.0
1786.3779201029968	0.04120000000011714	epochs	2.0
1786.3779201029968	0.02063999999995758	epochs	3.0
1786.3985601029967	0.020560000000159562	epochs	3.0
1786.4191201029969	0.04088000000001557	epochs	2.0
1786.4191201029969	0.020559999999932188	epochs	3.0
1786.4396801029968	0.020320000000083382	epochs	3.0
1786.460000102997	0.040559999999914	epochs	2.0
1786.460000102997	0.02031999999985601	epochs	3.0
1786.4803201029968	0.02024000000005799	epochs	3.0
1786.5005601029968	0.04007999999998901	epochs	2.0
1786.5005601029968	0.020080000000007203	epochs	3.0
1786.5206401029968	0.01999999999998181	epochs	3.0
1786.5406401029968	0.039760000000114815	epochs	2.0
1786.5406401029968	0.019919999999956417	epochs	3.0
1786.5605601029968	0.019840000000158398	epochs	3.0
1786.580400102997	0.03944000000001324	epochs	2.0
1786.580400102997	0.01975999999990563	epochs	3.0
1786.6001601029968	0.01968000000010761	epochs	3.0
1786.619840102997	0.03903999999988628	epochs	2.0
1786.619840102997	0.01951999999982945	epochs	3.0
1786.6393601029968	0.019520000000056825	epochs	3.0
1786.6588801029968	0.038639999999986685	epochs	2.0
1786.6588801029968	0.01936000000000604	epochs	3.0
1786.6782401029968	0.019279999999980646	epochs	3.0
1786.6975201029968	0.038399999999910506	epochs	2.0
1786.6975201029968	0.019279999999980646	epochs	3.0
1786.7168001029968	0.01911999999992986	epochs	3.0
1786.7359201029967	0.038000000000010914	epochs	2.0
1786.7359201029967	0.01904000000013184	epochs	3.0
1786.7549601029968	0.018959999999879074	epochs	3.0
1786.7739201029967	0.037680000000136715	epochs	2.0
1786.7739201029967	0.018880000000081054	epochs	3.0
1786.7928001029968	0.01880000000005566	epochs	3.0
1786.8116001029969	0.03736000000003514	epochs	2.0
1786.8116001029969	0.018720000000030268	epochs	3.0
1786.830320102997	0.018640000000004875	epochs	3.0
1786.848960102997	0.03703999999993357	epochs	2.0
1786.848960102997	0.018559999999979482	epochs	3.0
1786.8675201029969	0.01847999999995409	epochs	3.0
1786.8860001029968	0.03672000000005937	epochs	2.0
1786.8860001029968	0.018399999999928696	epochs	3.0
1786.9044001029968	0.018320000000130676	epochs	3.0
1786.922720102997	0.03647999999998319	epochs	2.0
1786.922720102997	0.01823999999987791	epochs	3.0
1786.9409601029968	0.018240000000105283	epochs	3.0
1786.9592001029969	0.03607999999985623	epochs	2.0
1786.9592001029969	0.018080000000054497	epochs	3.0
1786.977280102997	0.01799999999980173	epochs	3.0
1786.9952801029967	0.03584000000000742	epochs	2.0
1786.9952801029967	0.01792000000000371	epochs	3.0
1787.0132001029967	0.01792000000000371	epochs	3.0
1787.0311201029967	0.03552000000013322	epochs	2.0
1787.0311201029967	0.017760000000180298	epochs	3.0
1787.048880102997	0.017759999999952925	epochs	3.0
1787.0666401029969	0.03520000000003165	epochs	2.0
1787.0666401029969	0.01767999999992753	epochs	3.0
1787.0843201029968	0.01752000000010412	epochs	3.0
1787.101840102997	0.03495999999995547	epochs	2.0
1787.101840102997	0.017519999999876745	epochs	3.0
1787.1193601029968	0.017440000000078726	epochs	3.0
1787.1368001029969	0.03471999999987929	epochs	2.0
1787.1368001029969	0.017440000000078726	epochs	3.0
1787.154240102997	0.017279999999800566	epochs	3.0
1787.1715201029967	0.03440000000000509	epochs	2.0
1787.1715201029967	0.017200000000002547	epochs	3.0
1787.1887201029967	0.017200000000002547	epochs	3.0
1787.2059201029967	0.03416000000015629	epochs	2.0
1787.2059201029967	0.017119999999977153	epochs	3.0
1787.2230401029967	0.017040000000179134	epochs	3.0
1787.240080102997	0.03383999999982734	epochs	2.0
1787.240080102997	0.016959999999926367	epochs	3.0
1787.2570401029968	0.016879999999900974	epochs	3.0
1787.2739201029967	0.03360000000020591	epochs	2.0
1787.2739201029967	0.016800000000102955	epochs	3.0
1787.2907201029968	0.016800000000102955	epochs	3.0
1787.307520102997	0.03335999999990236	epochs	2.0
1787.307520102997	0.016719999999850188	epochs	3.0
1787.3242401029968	0.01664000000005217	epochs	3.0
1787.3408801029968	0.03312000000005355	epochs	2.0
1787.3408801029968	0.016560000000026776	epochs	3.0
1787.3574401029969	0.016560000000026776	epochs	3.0
1787.374000102997	0.03279999999995198	epochs	2.0
1787.374000102997	0.01639999999997599	epochs	3.0
1787.3904001029969	0.01639999999997599	epochs	3.0
1787.4068001029968	0.0325599999998758	epochs	2.0
1787.4068001029968	0.016319999999950596	epochs	3.0
1787.4231201029968	0.016239999999925203	epochs	3.0
1787.4393601029967	0.03240000000005239	epochs	2.0
1787.4393601029967	0.016240000000152577	epochs	3.0
1787.4556001029969	0.01615999999989981	epochs	3.0
1787.4717601029968	0.032079999999950815	epochs	2.0
1787.4717601029968	0.01608000000010179	epochs	3.0
1787.4878401029969	0.015999999999849024	epochs	3.0
1787.5038401029967	0.0319200000001274	epochs	2.0
1787.5038401029967	0.016000000000076398	epochs	3.0
1787.5198401029968	0.015920000000051004	epochs	3.0
1787.5357601029968	0.03160000000002583	epochs	2.0
1787.5357601029968	0.01584000000002561	epochs	3.0
1787.5516001029969	0.01576000000000022	epochs	3.0
1787.5673601029969	0.03143999999997504	epochs	2.0
1787.5673601029969	0.01576000000000022	epochs	3.0
1787.5831201029969	0.015679999999974825	epochs	3.0
1787.5988001029968	0.031199999999898864	epochs	2.0
1787.5988001029968	0.015599999999949432	epochs	3.0
1787.6144001029968	0.015599999999949432	epochs	3.0
1787.6300001029967	0.03096000000005006	epochs	2.0
1787.6300001029967	0.015520000000151413	epochs	3.0
1787.645520102997	0.015439999999898646	epochs	3.0
1787.6609601029968	0.03071999999997388	epochs	2.0
1787.6609601029968	0.01544000000012602	epochs	3.0
1787.676400102997	0.01527999999984786	epochs	3.0
1787.6916801029968	0.030560000000150467	epochs	2.0
1787.6916801029968	0.015360000000100626	epochs	3.0
1787.7070401029969	0.01520000000004984	epochs	3.0
1787.722240102997	0.030319999999846914	epochs	2.0
1787.722240102997	0.015199999999822467	epochs	3.0
1787.7374401029967	0.015120000000024447	epochs	3.0
1787.7525601029968	0.030079999999998108	epochs	2.0
1787.7525601029968	0.015120000000024447	epochs	3.0
1787.7676801029968	0.014959999999973661	epochs	3.0
1787.7826401029968	0.029920000000174696	epochs	2.0
1787.7826401029968	0.015039999999999054	epochs	3.0
1787.7976801029968	0.014880000000175642	epochs	3.0
1787.812560102997	0.029679999999871143	epochs	2.0
1787.812560102997	0.014879999999948268	epochs	3.0
1787.827440102997	0.014799999999922875	epochs	3.0
1787.8422401029968	0.02952000000004773	epochs	2.0
1787.8422401029968	0.014799999999922875	epochs	3.0
1787.8570401029967	0.014720000000124855	epochs	3.0
1787.8717601029969	0.02927999999997155	epochs	2.0
1787.8717601029969	0.014719999999897482	epochs	3.0
1787.8864801029968	0.01456000000007407	epochs	3.0
1787.9010401029968	0.029119999999920765	epochs	2.0
1787.9010401029968	0.014640000000099462	epochs	3.0
1787.915680102997	0.014479999999821302	epochs	3.0
1787.9301601029968	0.028960000000097352	epochs	2.0
1787.9301601029968	0.014480000000048676	epochs	3.0
1787.9446401029968	0.014480000000048676	epochs	3.0
1787.9591201029968	0.02863999999999578	epochs	2.0
1787.9591201029968	0.01431999999999789	epochs	3.0
1787.9734401029968	0.01431999999999789	epochs	3.0
1787.9877601029968	0.028559999999970387	epochs	2.0
1787.9877601029968	0.01431999999999789	epochs	3.0
1788.0020801029968	0.014239999999972497	epochs	3.0
1788.0163201029968	0.02832000000012158	epochs	2.0
1788.0163201029968	0.014159999999947104	epochs	3.0
1788.0304801029968	0.014160000000174477	epochs	3.0
1788.044640102997	0.02815999999984342	epochs	2.0
1788.044640102997	0.014159999999947104	epochs	3.0
1788.0588001029969	0.013999999999896318	epochs	3.0
1788.0728001029968	0.02800000000002001	epochs	2.0
1788.0728001029968	0.014000000000123691	epochs	3.0
1788.086800102997	0.013999999999896318	epochs	3.0
1788.1008001029968	0.02775999999994383	epochs	2.0
1788.1008001029968	0.013920000000098298	epochs	3.0
1788.114720102997	0.013839999999845531	epochs	3.0
1788.1285601029967	0.02768000000014581	epochs	2.0
1788.1285601029967	0.013840000000072905	epochs	3.0
1788.1424001029968	0.013840000000072905	epochs	3.0
1788.156240102997	0.027439999999842257	epochs	2.0
1788.156240102997	0.013760000000047512	epochs	3.0
1788.170000102997	0.013679999999794745	epochs	3.0
1788.1836801029967	0.027280000000018845	epochs	2.0
1788.1836801029967	0.013680000000022119	epochs	3.0
1788.1973601029968	0.013599999999996726	epochs	3.0
1788.2109601029968	0.02711999999996806	epochs	2.0
1788.2109601029968	0.013519999999971333	epochs	3.0
1788.2244801029967	0.013599999999996726	epochs	3.0
1788.2380801029967	0.026880000000119253	epochs	2.0
1788.2380801029967	0.013440000000173313	epochs	3.0
1788.251520102997	0.01343999999994594	epochs	3.0
1788.2649601029968	0.02680000000009386	epochs	2.0
1788.2649601029968	0.01343999999994594	epochs	3.0
1788.2784001029968	0.01336000000014792	epochs	3.0
1788.291760102997	0.026559999999790307	epochs	2.0
1788.291760102997	0.013279999999895153	epochs	3.0
1788.3050401029968	0.013279999999895153	epochs	3.0
1788.3183201029967	0.026479999999992287	epochs	2.0
1788.3183201029967	0.013280000000122527	epochs	3.0
1788.3316001029968	0.01319999999986976	epochs	3.0
1788.3448001029967	0.026240000000143482	epochs	2.0
1788.3448001029967	0.013120000000071741	epochs	3.0
1788.3579201029968	0.013120000000071741	epochs	3.0
1788.3710401029969	0.026159999999890715	epochs	2.0
1788.3710401029969	0.013120000000071741	epochs	3.0
1788.384160102997	0.013039999999818974	epochs	3.0
1788.3972001029967	0.026000000000067303	epochs	2.0
1788.3972001029967	0.013040000000046348	epochs	3.0
1788.4102401029968	0.012960000000020955	epochs	3.0
1788.4232001029968	0.025759999999991123	epochs	2.0
1788.4232001029968	0.012879999999995562	epochs	3.0
1788.4360801029968	0.012879999999995562	epochs	3.0
1788.4489601029968	0.02567999999996573	epochs	2.0
1788.4489601029968	0.012879999999995562	epochs	3.0
1788.4618401029968	0.012799999999970169	epochs	3.0
1788.4746401029968	0.025520000000142318	epochs	2.0
1788.4746401029968	0.012799999999970169	epochs	3.0
1788.4874401029967	0.01272000000017215	epochs	3.0
1788.500160102997	0.025359999999864158	epochs	2.0
1788.500160102997	0.012719999999944775	epochs	3.0
1788.5128801029969	0.012639999999919382	epochs	3.0
1788.5255201029968	0.025200000000040745	epochs	2.0
1788.5255201029968	0.012640000000146756	epochs	3.0
1788.538160102997	0.01255999999989399	epochs	3.0
1788.5507201029968	0.024560000000064974	epochs	2.0
1788.574773402997	0.5	epochs	-1.0
1788.5752801029969	0.5563199999999142	epochs	1.0
1789.1316001029968	0.4436000000000604	epochs	0.0
1793.3579998016357	0.08328000000005886	epochs	0.0
1793.3579998016357	0.03664000000003398	epochs	1.0
1793.3946398016358	0.010080000000016298	epochs	1.0
1793.4047198016358	0.036560000000008586	epochs	1.0
1793.4412798016358	2.0	epochs	0.0
1795.4412798016358	21.517280000000028	epochs	0.0
1795.4412798016358	1.0	epochs	1.0
1795.4413331016358	0.5	epochs	-1.0
1795.9413331016358	19.99944000000005	epochs	-1.0
1796.4412798016358	20.0	epochs	1.0
1796.4412798016358	8.000000002539309e-05	epochs	2.0
1796.4413598016358	4.356719999999996	epochs	-1.0
1796.4413598016358	1.974559999999883	epochs	2.0
1796.4413598016358	1.0985599999999067	epochs	3.0
1797.5399198016357	0.8759999999999764	epochs	3.0
1798.4159198016357	1.3523999999999887	epochs	2.0
1798.4159198016357	0.7286400000000413	epochs	3.0
1799.1445598016358	0.6237599999999475	epochs	3.0
1799.7683198016357	1.029760000000124	epochs	2.0
1799.7683198016357	0.5453600000000733	epochs	3.0
1800.3136798016358	0.48440000000005057	epochs	3.0
1800.7980798016358	0.8317600000000311	epochs	2.0
1800.7980798016358	0.4357599999998456	epochs	3.0
1801.2338398016357	0.39600000000018554	epochs	3.0
1801.6298398016359	0.6978399999998146	epochs	2.0
1801.6298398016359	0.3628799999999046	epochs	3.0
1801.9927198016358	0.33495999999991	epochs	3.0
1802.3276798016357	0.6010400000000118	epochs	2.0
1802.3276798016357	0.3108799999999974	epochs	3.0
1802.6385598016357	0.2901600000000144	epochs	3.0
1802.9287198016357	0.5278399999999692	epochs	2.0
1802.9287198016357	0.2719200000001365	epochs	3.0
1803.2006398016358	0.2559199999998327	epochs	3.0
1803.4565598016356	0.47064000000000306	epochs	2.0
1803.4565598016356	0.2416800000000876	epochs	3.0
1803.6982398016357	0.22895999999991545	epochs	3.0
1803.9271998016357	0.4245600000001559	epochs	2.0
1803.9271998016357	0.2174400000001242	epochs	3.0
1804.1446398016358	0.20712000000003172	epochs	3.0
1804.3517598016358	0.3867199999999684	epochs	2.0
1804.3517598016358	0.1976799999999912	epochs	3.0
1804.5494398016358	0.18903999999997723	epochs	3.0
1804.7384798016358	0.3551199999999426	epochs	2.0
1804.7384798016358	0.1811999999999898	epochs	3.0
1804.9196798016358	0.17391999999995278	epochs	3.0
1805.0935998016357	0.3282400000000507	epochs	2.0
1805.0935998016357	0.1672000000000935	epochs	3.0
1805.2607998016358	0.16103999999995722	epochs	3.0
1805.4218398016358	0.30520000000001346	epochs	2.0
1805.4218398016358	0.1552799999999479	epochs	3.0
1805.5771198016357	0.14992000000006556	epochs	3.0
1805.7270398016358	0.28512000000000626	epochs	2.0
1805.7270398016358	0.1448800000000574	epochs	3.0
1805.8719198016358	0.14023999999994885	epochs	3.0
1806.0121598016358	0.26751999999987675	epochs	2.0
1806.0121598016358	0.13583999999991647	epochs	3.0
1806.1479998016357	0.13167999999996027	epochs	3.0
1806.2796798016357	0.2520799999999781	epochs	2.0
1806.2796798016357	0.12784000000010565	epochs	3.0
1806.4075198016358	0.12423999999987245	epochs	3.0
1806.5317598016356	0.23816000000010717	epochs	2.0
1806.5317598016356	0.1207200000001194	epochs	3.0
1806.6524798016358	0.11743999999998778	epochs	3.0
1806.7699198016358	0.225840000000062	epochs	2.0
1806.7699198016358	0.11439999999993233	epochs	3.0
1806.8843198016357	0.11144000000012966	epochs	3.0
1806.9957598016358	0.21463999999991756	epochs	2.0
1806.9957598016358	0.10863999999992302	epochs	3.0
1807.1043998016357	0.10599999999999454	epochs	3.0
1807.2103998016357	0.20448000000010325	epochs	2.0
1807.2103998016357	0.10344000000009146	epochs	3.0
1807.3138398016358	0.10104000000001179	epochs	3.0
1807.4148798016358	0.19535999999993692	epochs	2.0
1807.4148798016358	0.0987999999999829	epochs	3.0
1807.5136798016358	0.09655999999995402	epochs	3.0
1807.6102398016358	0.18695999999999913	epochs	2.0
1807.6102398016358	0.09447999999997592	epochs	3.0
1807.7047198016357	0.09248000000002321	epochs	3.0
1807.7971998016358	0.1792000000000371	epochs	2.0
1807.7971998016358	0.0904800000000705	epochs	3.0
1807.8876798016358	0.0887199999999666	epochs	3.0
1807.9763998016358	0.17207999999982349	epochs	2.0
1807.9763998016358	0.08687999999983731	epochs	3.0
1808.0632798016356	0.08519999999998618	epochs	3.0
1808.1484798016356	0.165520000000015	epochs	2.0
1808.1484798016356	0.08360000000016043	epochs	3.0
1808.2320798016358	0.08191999999985455	epochs	3.0
1808.3139998016356	0.15952000000015687	epochs	2.0
1808.3139998016356	0.0804800000000796	epochs	3.0
1808.3944798016357	0.07904000000007727	epochs	3.0
1808.4735198016358	0.15375999999992018	epochs	2.0
1808.4735198016358	0.07759999999984757	epochs	3.0
1808.5511198016357	0.07616000000007261	epochs	3.0
1808.6272798016357	0.14856000000008862	epochs	2.0
1808.6272798016357	0.07495999999991909	epochs	3.0
1808.7022398016356	0.07360000000016953	epochs	3.0
1808.7758398016358	0.14367999999990388	epochs	2.0
1808.7758398016358	0.0724800000000414	epochs	3.0
1808.8483198016359	0.07119999999986248	epochs	3.0
1808.9195198016357	0.1390400000000227	epochs	2.0
1808.9195198016357	0.07007999999996173	epochs	3.0
1808.9895998016357	0.06896000000006097	epochs	3.0
1809.0585598016357	0.13472000000001572	epochs	2.0
1809.0585598016357	0.06791999999995824	epochs	3.0
1809.1264798016357	0.06680000000005748	epochs	3.0
1809.1932798016358	0.13071999999988293	epochs	2.0
1809.1932798016358	0.06583999999998014	epochs	3.0
1809.2591198016357	0.0648799999999028	epochs	3.0
1809.3239998016356	0.1268000000000029	epochs	2.0
1809.3239998016356	0.06384000000002743	epochs	3.0
1809.3878398016357	0.06295999999997548	epochs	3.0
1809.4507998016356	0.12328000000002248	epochs	2.0
1809.4507998016356	0.0620800000001509	epochs	3.0
1809.5128798016358	0.06119999999987158	epochs	3.0
1809.5740798016357	0.11984000000006745	epochs	2.0
1809.5740798016357	0.060320000000047	epochs	3.0
1809.6343998016357	0.059520000000020445	epochs	3.0
1809.6939198016357	0.11663999999996122	epochs	2.0
1809.6939198016357	0.05871999999999389	epochs	3.0
1809.7526398016357	0.05791999999996733	epochs	3.0
1809.8105598016357	0.11360000000013315	epochs	2.0
1809.8105598016357	0.05719999999996617	epochs	3.0
1809.8677598016357	0.05640000000016698	epochs	3.0
1809.9241598016358	0.11071999999990112	epochs	2.0
1809.9241598016358	0.055679999999938445	epochs	3.0
1809.9798398016358	0.055039999999962674	epochs	3.0
1810.0348798016357	0.10791999999992186	epochs	2.0
1810.0348798016357	0.05423999999993612	epochs	3.0
1810.0891198016357	0.05367999999998574	epochs	3.0
1810.1427998016356	0.10527999999999338	epochs	2.0
1810.1427998016356	0.052959999999984575	epochs	3.0
1810.1957598016356	0.052320000000008804	epochs	3.0
1810.2480798016356	0.10288000000014108	epochs	2.0
1810.2480798016356	0.051760000000058426	epochs	3.0
1810.2998398016357	0.051120000000082655	epochs	3.0
1810.3509598016358	0.10040000000003602	epochs	2.0
1810.3509598016358	0.05047999999987951	epochs	3.0
1810.4014398016357	0.049920000000156506	epochs	3.0
1810.4513598016358	0.09824000000003252	epochs	2.0
1810.4513598016358	0.049359999999978754	epochs	3.0
1810.5007198016358	0.04888000000005377	epochs	3.0
1810.5495998016358	0.09600000000000364	epochs	2.0
1810.5495998016358	0.048239999999850625	epochs	3.0
1810.5978398016357	0.04776000000015301	epochs	3.0
1810.6455998016359	0.09391999999979816	epochs	2.0
1810.6455998016359	0.04719999999997526	epochs	3.0
1810.6927998016358	0.0467199999998229	epochs	3.0
1810.7395198016357	0.09192000000007283	epochs	2.0
1810.7395198016357	0.0461600000000999	epochs	3.0
1810.7856798016358	0.04575999999997293	epochs	3.0
1810.8314398016357	0.09007999999994354	epochs	2.0
1810.8314398016357	0.04528000000004795	epochs	3.0
1810.8767198016358	0.04479999999989559	epochs	3.0
1810.9215198016357	0.08816000000001623	epochs	2.0
1810.9215198016357	0.044319999999970605	epochs	3.0
1810.9658398016356	0.04384000000004562	epochs	3.0
1811.0096798016357	0.08648000000016509	epochs	2.0
1811.0096798016357	0.04344000000014603	epochs	3.0
1811.0531198016358	0.04304000000001906	epochs	3.0
1811.0961598016358	0.08471999999983382	epochs	2.0
1811.0961598016358	0.042559999999866704	epochs	3.0
1811.1387198016357	0.04215999999996711	epochs	3.0
1811.1808798016357	0.08320000000003347	epochs	2.0
1811.1808798016357	0.04176000000006752	epochs	3.0
1811.2226398016358	0.04143999999996595	epochs	3.0
1811.2640798016357	0.08151999999995496	epochs	2.0
1811.2640798016357	0.040960000000040964	epochs	3.0
1811.3050398016358	0.040559999999914	epochs	3.0
1811.3455998016357	0.08008000000018001	epochs	2.0
1811.3455998016357	0.0402400000000398	epochs	3.0
1811.3858398016357	0.03984000000014021	epochs	3.0
1811.4256798016359	0.0786399999999503	epochs	2.0
1811.4256798016359	0.03951999999981126	epochs	3.0
1811.4651998016357	0.039120000000139044	epochs	3.0
1811.5043198016358	0.07719999999994798	epochs	2.0
1811.5043198016358	0.03880000000003747	epochs	3.0
1811.5431198016358	0.038399999999910506	epochs	3.0
1811.5815198016357	0.07591999999999643	epochs	2.0
1811.5815198016357	0.0381600000000617	epochs	3.0
1811.6196798016358	0.037759999999934735	epochs	3.0
1811.6574398016357	0.0745600000000195	epochs	2.0
1811.6574398016357	0.037440000000060536	epochs	3.0
1811.6948798016358	0.037119999999958964	epochs	3.0
1811.7319998016358	0.07335999999986598	epochs	2.0
1811.7319998016358	0.036800000000084765	epochs	3.0
1811.7687998016359	0.03655999999978121	epochs	3.0
1811.8053598016356	0.07208000000014181	epochs	2.0
1811.8053598016356	0.036160000000108994	epochs	3.0
1811.8415198016357	0.035920000000032815	epochs	3.0
1811.8774398016358	0.07087999999998829	epochs	2.0
1811.8774398016358	0.03559999999993124	epochs	3.0
1811.9130398016357	0.035280000000057044	epochs	3.0
1811.9483198016358	0.06983999999988555	epochs	2.0
1811.9483198016358	0.035039999999980864	epochs	3.0
1811.9833598016357	0.034799999999904685	epochs	3.0
1812.0181598016356	0.06864000000018677	epochs	2.0
1812.0181598016356	0.034480000000030486	epochs	3.0
1812.0526398016357	0.03416000000015629	epochs	3.0
1812.0867998016358	0.06759999999985666	epochs	2.0
1812.0867998016358	0.033919999999852735	epochs	3.0
1812.1207198016357	0.03368000000000393	epochs	3.0
1812.1543998016357	0.0665599999999813	epochs	2.0
1812.1543998016357	0.03344000000015512	epochs	3.0
1812.1878398016358	0.03311999999982618	epochs	3.0
1812.2209598016357	0.06560000000013133	epochs	2.0
1812.2209598016357	0.032960000000002765	epochs	3.0
1812.2539198016357	0.032640000000128566	epochs	3.0
1812.2865598016358	0.0645600000000286	epochs	2.0
1812.2865598016358	0.03239999999982501	epochs	3.0
1812.3189598016356	0.03216000000020358	epochs	3.0
1812.3511198016358	0.06367999999997664	epochs	2.0
1812.3511198016358	0.03199999999992542	epochs	3.0
1812.3831198016358	0.03168000000005122	epochs	3.0
1812.4147998016358	0.0627199999998993	epochs	2.0
1812.4147998016358	0.03143999999997504	epochs	3.0
1812.4462398016358	0.03127999999992426	epochs	3.0
1812.4775198016357	0.061840000000074724	epochs	2.0
1812.4775198016357	0.03104000000007545	epochs	3.0
1812.5085598016358	0.030799999999999272	epochs	3.0
1812.5393598016358	0.060960000000022774	epochs	2.0
1812.5393598016358	0.030559999999923093	epochs	3.0
1812.5699198016357	0.03040000000009968	epochs	3.0
1812.6003198016358	0.060159999999996217	epochs	2.0
1812.6003198016358	0.0301600000000235	epochs	3.0
1812.6304798016358	0.029999999999972715	epochs	3.0
1812.6604798016358	0.059279999999944266	epochs	2.0
1812.6604798016358	0.029679999999871143	epochs	3.0
1812.6901598016357	0.029600000000073123	epochs	3.0
1812.7197598016357	0.05847999999991771	epochs	2.0
1812.7197598016357	0.029359999999996944	epochs	3.0
1812.7491198016357	0.029119999999920765	epochs	3.0
1812.7782398016357	0.05776000000014392	epochs	2.0
1812.7782398016357	0.028960000000097352	epochs	3.0
1812.8071998016358	0.028800000000046566	epochs	3.0
1812.8359998016358	0.05695999999988999	epochs	2.0
1812.8359998016358	0.028559999999970387	epochs	3.0
1812.8645598016358	0.0283999999999196	epochs	3.0
1812.8929598016357	0.0562400000001162	epochs	2.0
1812.8929598016357	0.028160000000070795	epochs	3.0
1812.9211198016358	0.028080000000045402	epochs	3.0
1812.9491998016358	0.055439999999862266	epochs	2.0
1812.9491998016358	0.027839999999969223	epochs	3.0
1812.9770398016358	0.027599999999893043	epochs	3.0
1813.0046398016357	0.05488000000013926	epochs	2.0
1813.0046398016357	0.027520000000095024	epochs	3.0
1813.0321598016358	0.027360000000044238	epochs	3.0
1813.0595198016358	0.05407999999988533	epochs	2.0
1813.0595198016358	0.02711999999996806	epochs	3.0
1813.0866398016358	0.026959999999917272	epochs	3.0
1813.1135998016357	0.053440000000136934	epochs	2.0
1813.1135998016357	0.02680000000009386	epochs	3.0
1813.1403998016358	0.026640000000043074	epochs	3.0
1813.1670398016358	0.05287999999995918	epochs	2.0
1813.1670398016358	0.026479999999992287	epochs	3.0
1813.1935198016358	0.026399999999966894	epochs	3.0
1813.2199198016358	0.05215999999995802	epochs	2.0
1813.2199198016358	0.026159999999890715	epochs	3.0
1813.2460798016357	0.026000000000067303	epochs	3.0
1813.2720798016358	0.05151999999998225	epochs	2.0
1813.2720798016358	0.025840000000016516	epochs	3.0
1813.2979198016358	0.02567999999996573	epochs	3.0
1813.3235998016357	0.05096000000003187	epochs	2.0
1813.3235998016357	0.025599999999940337	epochs	3.0
1813.3491998016357	0.02536000000009153	epochs	3.0
1813.3745598016358	0.05040000000008149	epochs	2.0
1813.3745598016358	0.02528000000006614	epochs	3.0
1813.3998398016358	0.025120000000015352	epochs	3.0
1813.4249598016359	0.049759999999878346	epochs	2.0
1813.4249598016359	0.024959999999964566	epochs	3.0
1813.4499198016358	0.02479999999991378	epochs	3.0
1813.4747198016357	0.04919999999992797	epochs	2.0
1813.4747198016357	0.024640000000090367	epochs	3.0
1813.4993598016358	0.0245599999998376	epochs	3.0
1813.5239198016357	0.04872000000000298	epochs	2.0
1813.5239198016357	0.024400000000014188	epochs	3.0
1813.5483198016357	0.024319999999988795	epochs	3.0
1813.5726398016357	0.04808000000002721	epochs	2.0
1813.5726398016357	0.02408000000013999	epochs	3.0
1813.5967198016358	0.023999999999887223	epochs	3.0
1813.6207198016357	0.04760000000010223	epochs	2.0
1813.6207198016357	0.02384000000006381	epochs	3.0
1813.6445598016358	0.023760000000038417	epochs	3.0
1813.6683198016358	0.04711999999994987	epochs	2.0
1813.6683198016358	0.02359999999998763	epochs	3.0
1813.6919198016358	0.023519999999962238	epochs	3.0
1813.7154398016357	0.04655999999999949	epochs	2.0
1813.7154398016357	0.02335999999991145	epochs	3.0
1813.7387998016357	0.02320000000008804	epochs	3.0
1813.7619998016357	0.046080000000074506	epochs	2.0
1813.7619998016357	0.023120000000062646	epochs	3.0
1813.7851198016358	0.02296000000001186	epochs	3.0
1813.8080798016358	0.04559999999992215	epochs	2.0
1813.8080798016358	0.022879999999986467	epochs	3.0
1813.8309598016358	0.02271999999993568	epochs	3.0
1813.8536798016357	0.04511999999999716	epochs	2.0
1813.8536798016357	0.022639999999910287	epochs	3.0
1813.8763198016356	0.022480000000086875	epochs	3.0
1813.8987998016357	0.04464000000007218	epochs	2.0
1813.8987998016357	0.022400000000061482	epochs	3.0
1813.9211998016358	0.022240000000010696	epochs	3.0
1813.9434398016358	0.04423999999994521	epochs	2.0
1813.9434398016358	0.022159999999985303	epochs	3.0
1813.9655998016358	0.02207999999995991	epochs	3.0
1813.9876798016357	0.04376000000002023	epochs	2.0
1813.9876798016357	0.021919999999909123	epochs	3.0
1814.0095998016357	0.021840000000111104	epochs	3.0
1814.0314398016358	0.04335999999989326	epochs	2.0
1814.0314398016358	0.02176000000008571	epochs	3.0
1814.0531998016359	0.02159999999980755	epochs	3.0
1814.0747998016357	0.04287999999996828	epochs	2.0
1814.0747998016357	0.02143999999998414	epochs	3.0
1814.0962398016356	0.02143999999998414	epochs	3.0
1814.1176798016356	0.042480000000068685	epochs	2.0
1814.1176798016356	0.021280000000160726	epochs	3.0
1814.1389598016358	0.02119999999990796	epochs	3.0
1814.1601598016357	0.04207999999994172	epochs	2.0
1814.1601598016357	0.021040000000084547	epochs	3.0
1814.1811998016358	0.021039999999857173	epochs	3.0
1814.2022398016356	0.04168000000004213	epochs	2.0
1814.2022398016356	0.02088000000003376	epochs	3.0
1814.2231198016357	0.020800000000008367	epochs	3.0
1814.2439198016357	0.04120000000011714	epochs	2.0
1814.2439198016357	0.02063999999995758	epochs	3.0
1814.2645598016356	0.020560000000159562	epochs	3.0
1814.2851198016358	0.04088000000001557	epochs	2.0
1814.2851198016358	0.020559999999932188	epochs	3.0
1814.3056798016357	0.020320000000083382	epochs	3.0
1814.3259998016358	0.040559999999914	epochs	2.0
1814.3259998016358	0.02031999999985601	epochs	3.0
1814.3463198016357	0.02024000000005799	epochs	3.0
1814.3665598016357	0.04007999999998901	epochs	2.0
1814.3665598016357	0.020080000000007203	epochs	3.0
1814.3866398016357	0.01999999999998181	epochs	3.0
1814.4066398016357	0.039760000000114815	epochs	2.0
1814.4066398016357	0.019919999999956417	epochs	3.0
1814.4265598016357	0.019840000000158398	epochs	3.0
1814.4463998016358	0.03944000000001324	epochs	2.0
1814.4463998016358	0.01975999999990563	epochs	3.0
1814.4661598016357	0.01968000000010761	epochs	3.0
1814.4858398016358	0.03903999999988628	epochs	2.0
1814.4858398016358	0.01951999999982945	epochs	3.0
1814.5053598016357	0.019520000000056825	epochs	3.0
1814.5248798016357	0.038639999999986685	epochs	2.0
1814.5248798016357	0.01936000000000604	epochs	3.0
1814.5442398016357	0.019279999999980646	epochs	3.0
1814.5635198016357	0.038399999999910506	epochs	2.0
1814.5635198016357	0.019279999999980646	epochs	3.0
1814.5827998016357	0.01911999999992986	epochs	3.0
1814.6019198016356	0.038000000000010914	epochs	2.0
1814.6019198016356	0.01904000000013184	epochs	3.0
1814.6209598016358	0.018959999999879074	epochs	3.0
1814.6399198016356	0.037680000000136715	epochs	2.0
1814.6399198016356	0.018880000000081054	epochs	3.0
1814.6587998016357	0.01880000000005566	epochs	3.0
1814.6775998016358	0.03736000000003514	epochs	2.0
1814.6775998016358	0.018720000000030268	epochs	3.0
1814.6963198016358	0.018640000000004875	epochs	3.0
1814.7149598016358	0.03703999999993357	epochs	2.0
1814.7149598016358	0.018559999999979482	epochs	3.0
1814.7335198016358	0.01847999999995409	epochs	3.0
1814.7519998016357	0.03672000000005937	epochs	2.0
1814.7519998016357	0.018399999999928696	epochs	3.0
1814.7703998016357	0.018320000000130676	epochs	3.0
1814.7887198016358	0.03647999999998319	epochs	2.0
1814.7887198016358	0.01823999999987791	epochs	3.0
1814.8069598016357	0.018240000000105283	epochs	3.0
1814.8251998016358	0.03607999999985623	epochs	2.0
1814.8251998016358	0.018080000000054497	epochs	3.0
1814.8432798016358	0.01799999999980173	epochs	3.0
1814.8612798016356	0.03584000000000742	epochs	2.0
1814.8612798016356	0.01792000000000371	epochs	3.0
1814.8791998016357	0.01792000000000371	epochs	3.0
1814.8971198016357	0.03552000000013322	epochs	2.0
1814.8971198016357	0.017760000000180298	epochs	3.0
1814.9148798016358	0.017759999999952925	epochs	3.0
1814.9326398016358	0.03520000000003165	epochs	2.0
1814.9326398016358	0.01767999999992753	epochs	3.0
1814.9503198016357	0.01752000000010412	epochs	3.0
1814.9678398016358	0.03495999999995547	epochs	2.0
1814.9678398016358	0.017519999999876745	epochs	3.0
1814.9853598016357	0.017440000000078726	epochs	3.0
1815.0027998016358	0.03471999999987929	epochs	2.0
1815.0027998016358	0.017440000000078726	epochs	3.0
1815.0202398016359	0.017279999999800566	epochs	3.0
1815.0375198016357	0.03440000000000509	epochs	2.0
1815.0375198016357	0.017200000000002547	epochs	3.0
1815.0547198016357	0.017200000000002547	epochs	3.0
1815.0719198016357	0.03416000000015629	epochs	2.0
1815.0719198016357	0.017119999999977153	epochs	3.0
1815.0890398016356	0.017040000000179134	epochs	3.0
1815.1060798016358	0.03383999999982734	epochs	2.0
1815.1060798016358	0.016959999999926367	epochs	3.0
1815.1230398016357	0.016879999999900974	epochs	3.0
1815.1399198016356	0.03360000000020591	epochs	2.0
1815.1399198016356	0.016800000000102955	epochs	3.0
1815.1567198016357	0.016800000000102955	epochs	3.0
1815.1735198016358	0.03335999999990236	epochs	2.0
1815.1735198016358	0.016719999999850188	epochs	3.0
1815.1902398016357	0.01664000000005217	epochs	3.0
1815.2068798016358	0.03312000000005355	epochs	2.0
1815.2068798016358	0.016560000000026776	epochs	3.0
1815.2234398016358	0.016560000000026776	epochs	3.0
1815.2399998016358	0.03279999999995198	epochs	2.0
1815.2399998016358	0.01639999999997599	epochs	3.0
1815.2563998016358	0.01639999999997599	epochs	3.0
1815.2727998016358	0.0325599999998758	epochs	2.0
1815.2727998016358	0.016319999999950596	epochs	3.0
1815.2891198016357	0.016239999999925203	epochs	3.0
1815.3053598016356	0.03240000000005239	epochs	2.0
1815.3053598016356	0.016240000000152577	epochs	3.0
1815.3215998016358	0.01615999999989981	epochs	3.0
1815.3377598016357	0.032079999999950815	epochs	2.0
1815.3377598016357	0.01608000000010179	epochs	3.0
1815.3538398016358	0.015999999999849024	epochs	3.0
1815.3698398016356	0.0319200000001274	epochs	2.0
1815.3698398016356	0.016000000000076398	epochs	3.0
1815.3858398016357	0.015920000000051004	epochs	3.0
1815.4017598016358	0.03160000000002583	epochs	2.0
1815.4017598016358	0.01584000000002561	epochs	3.0
1815.4175998016358	0.01576000000000022	epochs	3.0
1815.4333598016358	0.03143999999997504	epochs	2.0
1815.4333598016358	0.01576000000000022	epochs	3.0
1815.4491198016358	0.015679999999974825	epochs	3.0
1815.4647998016358	0.031199999999898864	epochs	2.0
1815.4647998016358	0.015599999999949432	epochs	3.0
1815.4803998016357	0.015599999999949432	epochs	3.0
1815.4959998016357	0.03096000000005006	epochs	2.0
1815.4959998016357	0.015520000000151413	epochs	3.0
1815.5115198016358	0.015439999999898646	epochs	3.0
1815.5269598016357	0.03071999999997388	epochs	2.0
1815.5269598016357	0.01544000000012602	epochs	3.0
1815.5423998016358	0.01527999999984786	epochs	3.0
1815.5576798016357	0.030560000000150467	epochs	2.0
1815.5576798016357	0.015360000000100626	epochs	3.0
1815.5730398016358	0.01520000000004984	epochs	3.0
1815.5882398016358	0.030319999999846914	epochs	2.0
1815.5882398016358	0.015199999999822467	epochs	3.0
1815.6034398016357	0.015120000000024447	epochs	3.0
1815.6185598016357	0.030079999999998108	epochs	2.0
1815.6185598016357	0.015120000000024447	epochs	3.0
1815.6336798016357	0.014959999999973661	epochs	3.0
1815.6486398016357	0.029920000000174696	epochs	2.0
1815.6486398016357	0.015039999999999054	epochs	3.0
1815.6636798016357	0.014880000000175642	epochs	3.0
1815.6785598016359	0.029679999999871143	epochs	2.0
1815.6785598016359	0.014879999999948268	epochs	3.0
1815.6934398016358	0.014799999999922875	epochs	3.0
1815.7082398016357	0.02952000000004773	epochs	2.0
1815.7082398016357	0.014799999999922875	epochs	3.0
1815.7230398016357	0.014720000000124855	epochs	3.0
1815.7377598016358	0.02927999999997155	epochs	2.0
1815.7377598016358	0.014719999999897482	epochs	3.0
1815.7524798016357	0.01456000000007407	epochs	3.0
1815.7670398016357	0.029119999999920765	epochs	2.0
1815.7670398016357	0.014640000000099462	epochs	3.0
1815.7816798016358	0.014479999999821302	epochs	3.0
1815.7961598016357	0.028960000000097352	epochs	2.0
1815.7961598016357	0.014480000000048676	epochs	3.0
1815.8106398016357	0.014480000000048676	epochs	3.0
1815.8251198016358	0.02863999999999578	epochs	2.0
1815.8251198016358	0.01431999999999789	epochs	3.0
1815.8394398016358	0.01431999999999789	epochs	3.0
1815.8537598016358	0.028559999999970387	epochs	2.0
1815.8537598016358	0.01431999999999789	epochs	3.0
1815.8680798016358	0.014239999999972497	epochs	3.0
1815.8823198016357	0.02832000000012158	epochs	2.0
1815.8823198016357	0.014159999999947104	epochs	3.0
1815.8964798016357	0.014160000000174477	epochs	3.0
1815.9106398016359	0.02815999999984342	epochs	2.0
1815.9106398016359	0.014159999999947104	epochs	3.0
1815.9247998016358	0.013999999999896318	epochs	3.0
1815.9387998016357	0.02800000000002001	epochs	2.0
1815.9387998016357	0.014000000000123691	epochs	3.0
1815.9527998016358	0.013999999999896318	epochs	3.0
1815.9667998016357	0.02775999999994383	epochs	2.0
1815.9667998016357	0.013920000000098298	epochs	3.0
1815.9807198016358	0.013839999999845531	epochs	3.0
1815.9945598016357	0.02768000000014581	epochs	2.0
1815.9945598016357	0.013840000000072905	epochs	3.0
1816.0083998016357	0.013840000000072905	epochs	3.0
1816.0222398016358	0.027439999999842257	epochs	2.0
1816.0222398016358	0.013760000000047512	epochs	3.0
1816.0359998016359	0.013679999999794745	epochs	3.0
1816.0496798016356	0.027280000000018845	epochs	2.0
1816.0496798016356	0.013680000000022119	epochs	3.0
1816.0633598016357	0.013599999999996726	epochs	3.0
1816.0769598016357	0.02711999999996806	epochs	2.0
1816.0769598016357	0.013519999999971333	epochs	3.0
1816.0904798016356	0.013599999999996726	epochs	3.0
1816.1040798016356	0.026880000000119253	epochs	2.0
1816.1040798016356	0.013440000000173313	epochs	3.0
1816.1175198016358	0.01343999999994594	epochs	3.0
1816.1309598016358	0.02680000000009386	epochs	2.0
1816.1309598016358	0.01343999999994594	epochs	3.0
1816.1443998016357	0.01336000000014792	epochs	3.0
1816.1577598016358	0.026559999999790307	epochs	2.0
1816.1577598016358	0.013279999999895153	epochs	3.0
1816.1710398016357	0.013279999999895153	epochs	3.0
1816.1843198016356	0.026479999999992287	epochs	2.0
1816.1843198016356	0.013280000000122527	epochs	3.0
1816.1975998016358	0.01319999999986976	epochs	3.0
1816.2107998016356	0.026240000000143482	epochs	2.0
1816.2107998016356	0.013120000000071741	epochs	3.0
1816.2239198016357	0.013120000000071741	epochs	3.0
1816.2370398016358	0.026159999999890715	epochs	2.0
1816.2370398016358	0.013120000000071741	epochs	3.0
1816.2501598016358	0.013039999999818974	epochs	3.0
1816.2631998016357	0.026000000000067303	epochs	2.0
1816.2631998016357	0.013040000000046348	epochs	3.0
1816.2762398016357	0.012960000000020955	epochs	3.0
1816.2891998016357	0.025759999999991123	epochs	2.0
1816.2891998016357	0.012879999999995562	epochs	3.0
1816.3020798016357	0.012879999999995562	epochs	3.0
1816.3149598016357	0.02567999999996573	epochs	2.0
1816.3149598016357	0.012879999999995562	epochs	3.0
1816.3278398016357	0.012799999999970169	epochs	3.0
1816.3406398016357	0.025520000000142318	epochs	2.0
1816.3406398016357	0.012799999999970169	epochs	3.0
1816.3534398016357	0.01272000000017215	epochs	3.0
1816.3661598016358	0.025359999999864158	epochs	2.0
1816.3661598016358	0.012719999999944775	epochs	3.0
1816.3788798016358	0.012639999999919382	epochs	3.0
1816.3915198016357	0.025200000000040745	epochs	2.0
1816.3915198016357	0.012640000000146756	epochs	3.0
1816.4041598016358	0.01255999999989399	epochs	3.0
1816.4167198016357	0.024560000000064974	epochs	2.0
1816.4407731016358	0.5	epochs	-1.0
1816.4412798016358	0.5172800000000279	epochs	1.0
1816.9585598016358	0.48263999999994667	epochs	0.0
1821.2639999389648	0.08328000000005886	epochs	0.0
1821.2639999389648	0.03664000000003398	epochs	1.0
1821.3006399389649	0.010080000000016298	epochs	1.0
1821.310719938965	0.036560000000008586	epochs	1.0
1821.347279938965	2.0	epochs	0.0
1823.347279938965	21.556319999999914	epochs	0.0
1823.347279938965	1.0	epochs	1.0
1823.347333238965	0.5	epochs	-1.0
1823.847333238965	19.99944000000005	epochs	-1.0
1824.347279938965	20.0	epochs	1.0
1824.347279938965	8.000000002539309e-05	epochs	2.0
1824.347359938965	4.356719999999996	epochs	-1.0
1824.347359938965	1.974559999999883	epochs	2.0
1824.347359938965	1.0985599999999067	epochs	3.0
1825.4459199389648	0.8759999999999764	epochs	3.0
1826.3219199389648	1.3523999999999887	epochs	2.0
1826.3219199389648	0.7286400000000413	epochs	3.0
1827.0505599389649	0.6237599999999475	epochs	3.0
1827.6743199389648	1.029760000000124	epochs	2.0
1827.6743199389648	0.5453600000000733	epochs	3.0
1828.2196799389649	0.48440000000005057	epochs	3.0
1828.704079938965	0.8317600000000311	epochs	2.0
1828.704079938965	0.4357599999998456	epochs	3.0
1829.1398399389648	0.39600000000018554	epochs	3.0
1829.535839938965	0.6978399999998146	epochs	2.0
1829.535839938965	0.3628799999999046	epochs	3.0
1829.8987199389649	0.33495999999991	epochs	3.0
1830.2336799389648	0.6010400000000118	epochs	2.0
1830.2336799389648	0.3108799999999974	epochs	3.0
1830.5445599389648	0.2901600000000144	epochs	3.0
1830.8347199389648	0.5278399999999692	epochs	2.0
1830.8347199389648	0.2719200000001365	epochs	3.0
1831.106639938965	0.2559199999998327	epochs	3.0
1831.3625599389648	0.47064000000000306	epochs	2.0
1831.3625599389648	0.2416800000000876	epochs	3.0
1831.6042399389648	0.22895999999991545	epochs	3.0
1831.8331999389648	0.4245600000001559	epochs	2.0
1831.8331999389648	0.2174400000001242	epochs	3.0
1832.0506399389649	0.20712000000003172	epochs	3.0
1832.257759938965	0.3867199999999684	epochs	2.0
1832.257759938965	0.1976799999999912	epochs	3.0
1832.455439938965	0.18903999999997723	epochs	3.0
1832.6444799389649	0.3551199999999426	epochs	2.0
1832.6444799389649	0.1811999999999898	epochs	3.0
1832.8256799389649	0.17391999999995278	epochs	3.0
1832.9995999389648	0.3282400000000507	epochs	2.0
1832.9995999389648	0.1672000000000935	epochs	3.0
1833.166799938965	0.16103999999995722	epochs	3.0
1833.3278399389649	0.30520000000001346	epochs	2.0
1833.3278399389649	0.1552799999999479	epochs	3.0
1833.4831199389648	0.14992000000006556	epochs	3.0
1833.6330399389649	0.28512000000000626	epochs	2.0
1833.6330399389649	0.1448800000000574	epochs	3.0
1833.777919938965	0.14023999999994885	epochs	3.0
1833.918159938965	0.26751999999987675	epochs	2.0
1833.918159938965	0.13583999999991647	epochs	3.0
1834.0539999389648	0.13167999999996027	epochs	3.0
1834.1856799389648	0.2520799999999781	epochs	2.0
1834.1856799389648	0.12784000000010565	epochs	3.0
1834.3135199389649	0.12423999999987245	epochs	3.0
1834.4377599389647	0.23816000000010717	epochs	2.0
1834.4377599389647	0.1207200000001194	epochs	3.0
1834.5584799389649	0.11743999999998778	epochs	3.0
1834.6759199389649	0.225840000000062	epochs	2.0
1834.6759199389649	0.11439999999993233	epochs	3.0
1834.7903199389648	0.11144000000012966	epochs	3.0
1834.901759938965	0.21463999999991756	epochs	2.0
1834.901759938965	0.10863999999992302	epochs	3.0
1835.0103999389648	0.10599999999999454	epochs	3.0
1835.1163999389648	0.20448000000010325	epochs	2.0
1835.1163999389648	0.10344000000009146	epochs	3.0
1835.219839938965	0.10104000000001179	epochs	3.0
1835.320879938965	0.19535999999993692	epochs	2.0
1835.320879938965	0.0987999999999829	epochs	3.0
1835.419679938965	0.09655999999995402	epochs	3.0
1835.5162399389649	0.18695999999999913	epochs	2.0
1835.5162399389649	0.09447999999997592	epochs	3.0
1835.6107199389648	0.09248000000002321	epochs	3.0
1835.7031999389649	0.1792000000000371	epochs	2.0
1835.7031999389649	0.0904800000000705	epochs	3.0
1835.793679938965	0.0887199999999666	epochs	3.0
1835.882399938965	0.17207999999982349	epochs	2.0
1835.882399938965	0.08687999999983731	epochs	3.0
1835.9692799389647	0.08519999999998618	epochs	3.0
1836.0544799389647	0.165520000000015	epochs	2.0
1836.0544799389647	0.08360000000016043	epochs	3.0
1836.138079938965	0.08191999999985455	epochs	3.0
1836.2199999389647	0.15952000000015687	epochs	2.0
1836.2199999389647	0.0804800000000796	epochs	3.0
1836.3004799389648	0.07904000000007727	epochs	3.0
1836.379519938965	0.15375999999992018	epochs	2.0
1836.379519938965	0.07759999999984757	epochs	3.0
1836.4571199389648	0.07616000000007261	epochs	3.0
1836.5332799389648	0.14856000000008862	epochs	2.0
1836.5332799389648	0.07495999999991909	epochs	3.0
1836.6082399389647	0.07360000000016953	epochs	3.0
1836.681839938965	0.14367999999990388	epochs	2.0
1836.681839938965	0.0724800000000414	epochs	3.0
1836.754319938965	0.07119999999986248	epochs	3.0
1836.8255199389648	0.1390400000000227	epochs	2.0
1836.8255199389648	0.07007999999996173	epochs	3.0
1836.8955999389648	0.06896000000006097	epochs	3.0
1836.9645599389648	0.13472000000001572	epochs	2.0
1836.9645599389648	0.06791999999995824	epochs	3.0
1837.0324799389648	0.06680000000005748	epochs	3.0
1837.0992799389649	0.13071999999988293	epochs	2.0
1837.0992799389649	0.06583999999998014	epochs	3.0
1837.1651199389648	0.0648799999999028	epochs	3.0
1837.2299999389647	0.1268000000000029	epochs	2.0
1837.2299999389647	0.06384000000002743	epochs	3.0
1837.2938399389648	0.06295999999997548	epochs	3.0
1837.3567999389647	0.12328000000002248	epochs	2.0
1837.3567999389647	0.0620800000001509	epochs	3.0
1837.418879938965	0.06119999999987158	epochs	3.0
1837.4800799389648	0.11984000000006745	epochs	2.0
1837.4800799389648	0.060320000000047	epochs	3.0
1837.5403999389648	0.059520000000020445	epochs	3.0
1837.5999199389648	0.11663999999996122	epochs	2.0
1837.5999199389648	0.05871999999999389	epochs	3.0
1837.6586399389648	0.05791999999996733	epochs	3.0
1837.7165599389648	0.11360000000013315	epochs	2.0
1837.7165599389648	0.05719999999996617	epochs	3.0
1837.7737599389648	0.05640000000016698	epochs	3.0
1837.830159938965	0.11071999999990112	epochs	2.0
1837.830159938965	0.055679999999938445	epochs	3.0
1837.8858399389649	0.055039999999962674	epochs	3.0
1837.9408799389648	0.10791999999992186	epochs	2.0
1837.9408799389648	0.05423999999993612	epochs	3.0
1837.9951199389648	0.05367999999998574	epochs	3.0
1838.0487999389647	0.10527999999999338	epochs	2.0
1838.0487999389647	0.052959999999984575	epochs	3.0
1838.1017599389647	0.052320000000008804	epochs	3.0
1838.1540799389647	0.10288000000014108	epochs	2.0
1838.1540799389647	0.051760000000058426	epochs	3.0
1838.2058399389648	0.051120000000082655	epochs	3.0
1838.2569599389649	0.10040000000003602	epochs	2.0
1838.2569599389649	0.05047999999987951	epochs	3.0
1838.3074399389648	0.049920000000156506	epochs	3.0
1838.357359938965	0.09824000000003252	epochs	2.0
1838.357359938965	0.049359999999978754	epochs	3.0
1838.406719938965	0.04888000000005377	epochs	3.0
1838.455599938965	0.09600000000000364	epochs	2.0
1838.455599938965	0.048239999999850625	epochs	3.0
1838.5038399389648	0.04776000000015301	epochs	3.0
1838.551599938965	0.09391999999979816	epochs	2.0
1838.551599938965	0.04719999999997526	epochs	3.0
1838.598799938965	0.0467199999998229	epochs	3.0
1838.6455199389648	0.09192000000007283	epochs	2.0
1838.6455199389648	0.0461600000000999	epochs	3.0
1838.6916799389649	0.04575999999997293	epochs	3.0
1838.7374399389648	0.09007999999994354	epochs	2.0
1838.7374399389648	0.04528000000004795	epochs	3.0
1838.7827199389649	0.04479999999989559	epochs	3.0
1838.8275199389648	0.08816000000001623	epochs	2.0
1838.8275199389648	0.044319999999970605	epochs	3.0
1838.8718399389647	0.04384000000004562	epochs	3.0
1838.9156799389648	0.08648000000016509	epochs	2.0
1838.9156799389648	0.04344000000014603	epochs	3.0
1838.959119938965	0.04304000000001906	epochs	3.0
1839.002159938965	0.08471999999983382	epochs	2.0
1839.002159938965	0.042559999999866704	epochs	3.0
1839.0447199389648	0.04215999999996711	epochs	3.0
1839.0868799389648	0.08320000000003347	epochs	2.0
1839.0868799389648	0.04176000000006752	epochs	3.0
1839.1286399389649	0.04143999999996595	epochs	3.0
1839.1700799389648	0.08151999999995496	epochs	2.0
1839.1700799389648	0.040960000000040964	epochs	3.0
1839.2110399389649	0.040559999999914	epochs	3.0
1839.2515999389648	0.08008000000018001	epochs	2.0
1839.2515999389648	0.0402400000000398	epochs	3.0
1839.2918399389648	0.03984000000014021	epochs	3.0
1839.331679938965	0.0786399999999503	epochs	2.0
1839.331679938965	0.03951999999981126	epochs	3.0
1839.3711999389648	0.039120000000139044	epochs	3.0
1839.410319938965	0.07719999999994798	epochs	2.0
1839.410319938965	0.03880000000003747	epochs	3.0
1839.449119938965	0.038399999999910506	epochs	3.0
1839.4875199389649	0.07591999999999643	epochs	2.0
1839.4875199389649	0.0381600000000617	epochs	3.0
1839.525679938965	0.037759999999934735	epochs	3.0
1839.5634399389648	0.0745600000000195	epochs	2.0
1839.5634399389648	0.037440000000060536	epochs	3.0
1839.600879938965	0.037119999999958964	epochs	3.0
1839.6379999389649	0.07335999999986598	epochs	2.0
1839.6379999389649	0.036800000000084765	epochs	3.0
1839.674799938965	0.03655999999978121	epochs	3.0
1839.7113599389647	0.07208000000014181	epochs	2.0
1839.7113599389647	0.036160000000108994	epochs	3.0
1839.7475199389648	0.035920000000032815	epochs	3.0
1839.7834399389649	0.07087999999998829	epochs	2.0
1839.7834399389649	0.03559999999993124	epochs	3.0
1839.8190399389648	0.035280000000057044	epochs	3.0
1839.8543199389649	0.06983999999988555	epochs	2.0
1839.8543199389649	0.035039999999980864	epochs	3.0
1839.8893599389648	0.034799999999904685	epochs	3.0
1839.9241599389647	0.06864000000018677	epochs	2.0
1839.9241599389647	0.034480000000030486	epochs	3.0
1839.9586399389648	0.03416000000015629	epochs	3.0
1839.992799938965	0.06759999999985666	epochs	2.0
1839.992799938965	0.033919999999852735	epochs	3.0
1840.0267199389648	0.03368000000000393	epochs	3.0
1840.0603999389648	0.0665599999999813	epochs	2.0
1840.0603999389648	0.03344000000015512	epochs	3.0
1840.093839938965	0.03311999999982618	epochs	3.0
1840.1269599389648	0.06560000000013133	epochs	2.0
1840.1269599389648	0.032960000000002765	epochs	3.0
1840.1599199389648	0.032640000000128566	epochs	3.0
1840.192559938965	0.0645600000000286	epochs	2.0
1840.192559938965	0.03239999999982501	epochs	3.0
1840.2249599389647	0.03216000000020358	epochs	3.0
1840.257119938965	0.06367999999997664	epochs	2.0
1840.257119938965	0.03199999999992542	epochs	3.0
1840.2891199389649	0.03168000000005122	epochs	3.0
1840.320799938965	0.0627199999998993	epochs	2.0
1840.320799938965	0.03143999999997504	epochs	3.0
1840.3522399389649	0.03127999999992426	epochs	3.0
1840.3835199389648	0.061840000000074724	epochs	2.0
1840.3835199389648	0.03104000000007545	epochs	3.0
1840.4145599389649	0.030799999999999272	epochs	3.0
1840.4453599389649	0.060960000000022774	epochs	2.0
1840.4453599389649	0.030559999999923093	epochs	3.0
1840.4759199389648	0.03040000000009968	epochs	3.0
1840.506319938965	0.060159999999996217	epochs	2.0
1840.506319938965	0.0301600000000235	epochs	3.0
1840.536479938965	0.029999999999972715	epochs	3.0
1840.566479938965	0.059279999999944266	epochs	2.0
1840.566479938965	0.029679999999871143	epochs	3.0
1840.5961599389648	0.029600000000073123	epochs	3.0
1840.6257599389648	0.05847999999991771	epochs	2.0
1840.6257599389648	0.029359999999996944	epochs	3.0
1840.6551199389648	0.029119999999920765	epochs	3.0
1840.6842399389648	0.05776000000014392	epochs	2.0
1840.6842399389648	0.028960000000097352	epochs	3.0
1840.7131999389649	0.028800000000046566	epochs	3.0
1840.741999938965	0.05695999999988999	epochs	2.0
1840.741999938965	0.028559999999970387	epochs	3.0
1840.7705599389649	0.0283999999999196	epochs	3.0
1840.7989599389648	0.0562400000001162	epochs	2.0
1840.7989599389648	0.028160000000070795	epochs	3.0
1840.8271199389649	0.028080000000045402	epochs	3.0
1840.855199938965	0.055439999999862266	epochs	2.0
1840.855199938965	0.027839999999969223	epochs	3.0
1840.8830399389649	0.027599999999893043	epochs	3.0
1840.9106399389648	0.05488000000013926	epochs	2.0
1840.9106399389648	0.027520000000095024	epochs	3.0
1840.9381599389649	0.027360000000044238	epochs	3.0
1840.965519938965	0.05407999999988533	epochs	2.0
1840.965519938965	0.02711999999996806	epochs	3.0
1840.9926399389649	0.026959999999917272	epochs	3.0
1841.0195999389648	0.053440000000136934	epochs	2.0
1841.0195999389648	0.02680000000009386	epochs	3.0
1841.046399938965	0.026640000000043074	epochs	3.0
1841.073039938965	0.05287999999995918	epochs	2.0
1841.073039938965	0.026479999999992287	epochs	3.0
1841.099519938965	0.026399999999966894	epochs	3.0
1841.125919938965	0.05215999999995802	epochs	2.0
1841.125919938965	0.026159999999890715	epochs	3.0
1841.1520799389648	0.026000000000067303	epochs	3.0
1841.1780799389649	0.05151999999998225	epochs	2.0
1841.1780799389649	0.025840000000016516	epochs	3.0
1841.2039199389649	0.02567999999996573	epochs	3.0
1841.2295999389648	0.05096000000003187	epochs	2.0
1841.2295999389648	0.025599999999940337	epochs	3.0
1841.2551999389648	0.02536000000009153	epochs	3.0
1841.2805599389649	0.05040000000008149	epochs	2.0
1841.2805599389649	0.02528000000006614	epochs	3.0
1841.305839938965	0.025120000000015352	epochs	3.0
1841.330959938965	0.049759999999878346	epochs	2.0
1841.330959938965	0.024959999999964566	epochs	3.0
1841.355919938965	0.02479999999991378	epochs	3.0
1841.3807199389648	0.04919999999992797	epochs	2.0
1841.3807199389648	0.024640000000090367	epochs	3.0
1841.405359938965	0.0245599999998376	epochs	3.0
1841.4299199389648	0.04872000000000298	epochs	2.0
1841.4299199389648	0.024400000000014188	epochs	3.0
1841.4543199389648	0.024319999999988795	epochs	3.0
1841.4786399389648	0.04808000000002721	epochs	2.0
1841.4786399389648	0.02408000000013999	epochs	3.0
1841.502719938965	0.023999999999887223	epochs	3.0
1841.5267199389648	0.04760000000010223	epochs	2.0
1841.5267199389648	0.02384000000006381	epochs	3.0
1841.5505599389649	0.023760000000038417	epochs	3.0
1841.574319938965	0.04711999999994987	epochs	2.0
1841.574319938965	0.02359999999998763	epochs	3.0
1841.5979199389649	0.023519999999962238	epochs	3.0
1841.6214399389648	0.04655999999999949	epochs	2.0
1841.6214399389648	0.02335999999991145	epochs	3.0
1841.6447999389648	0.02320000000008804	epochs	3.0
1841.6679999389648	0.046080000000074506	epochs	2.0
1841.6679999389648	0.023120000000062646	epochs	3.0
1841.691119938965	0.02296000000001186	epochs	3.0
1841.714079938965	0.04559999999992215	epochs	2.0
1841.714079938965	0.022879999999986467	epochs	3.0
1841.736959938965	0.02271999999993568	epochs	3.0
1841.7596799389648	0.04511999999999716	epochs	2.0
1841.7596799389648	0.022639999999910287	epochs	3.0
1841.7823199389647	0.022480000000086875	epochs	3.0
1841.8047999389648	0.04464000000007218	epochs	2.0
1841.8047999389648	0.022400000000061482	epochs	3.0
1841.827199938965	0.022240000000010696	epochs	3.0
1841.849439938965	0.04423999999994521	epochs	2.0
1841.849439938965	0.022159999999985303	epochs	3.0
1841.871599938965	0.02207999999995991	epochs	3.0
1841.8936799389649	0.04376000000002023	epochs	2.0
1841.8936799389649	0.021919999999909123	epochs	3.0
1841.9155999389648	0.021840000000111104	epochs	3.0
1841.9374399389649	0.04335999999989326	epochs	2.0
1841.9374399389649	0.02176000000008571	epochs	3.0
1841.959199938965	0.02159999999980755	epochs	3.0
1841.9807999389648	0.04287999999996828	epochs	2.0
1841.9807999389648	0.02143999999998414	epochs	3.0
1842.0022399389647	0.02143999999998414	epochs	3.0
1842.0236799389647	0.042480000000068685	epochs	2.0
1842.0236799389647	0.021280000000160726	epochs	3.0
1842.044959938965	0.02119999999990796	epochs	3.0
1842.0661599389648	0.04207999999994172	epochs	2.0
1842.0661599389648	0.021040000000084547	epochs	3.0
1842.087199938965	0.021039999999857173	epochs	3.0
1842.1082399389647	0.04168000000004213	epochs	2.0
1842.1082399389647	0.02088000000003376	epochs	3.0
1842.1291199389648	0.020800000000008367	epochs	3.0
1842.1499199389648	0.04120000000011714	epochs	2.0
1842.1499199389648	0.02063999999995758	epochs	3.0
1842.1705599389647	0.020560000000159562	epochs	3.0
1842.191119938965	0.04088000000001557	epochs	2.0
1842.191119938965	0.020559999999932188	epochs	3.0
1842.2116799389648	0.020320000000083382	epochs	3.0
1842.231999938965	0.040559999999914	epochs	2.0
1842.231999938965	0.02031999999985601	epochs	3.0
1842.2523199389648	0.02024000000005799	epochs	3.0
1842.2725599389648	0.04007999999998901	epochs	2.0
1842.2725599389648	0.020080000000007203	epochs	3.0
1842.2926399389648	0.01999999999998181	epochs	3.0
1842.3126399389648	0.039760000000114815	epochs	2.0
1842.3126399389648	0.019919999999956417	epochs	3.0
1842.3325599389648	0.019840000000158398	epochs	3.0
1842.352399938965	0.03944000000001324	epochs	2.0
1842.352399938965	0.01975999999990563	epochs	3.0
1842.3721599389648	0.01968000000010761	epochs	3.0
1842.391839938965	0.03903999999988628	epochs	2.0
1842.391839938965	0.01951999999982945	epochs	3.0
1842.4113599389648	0.019520000000056825	epochs	3.0
1842.4308799389648	0.038639999999986685	epochs	2.0
1842.4308799389648	0.01936000000000604	epochs	3.0
1842.4502399389648	0.019279999999980646	epochs	3.0
1842.4695199389648	0.038399999999910506	epochs	2.0
1842.4695199389648	0.019279999999980646	epochs	3.0
1842.4887999389648	0.01911999999992986	epochs	3.0
1842.5079199389647	0.038000000000010914	epochs	2.0
1842.5079199389647	0.01904000000013184	epochs	3.0
1842.5269599389649	0.018959999999879074	epochs	3.0
1842.5459199389647	0.037680000000136715	epochs	2.0
1842.5459199389647	0.018880000000081054	epochs	3.0
1842.5647999389648	0.01880000000005566	epochs	3.0
1842.5835999389649	0.03736000000003514	epochs	2.0
1842.5835999389649	0.018720000000030268	epochs	3.0
1842.602319938965	0.018640000000004875	epochs	3.0
1842.620959938965	0.03703999999993357	epochs	2.0
1842.620959938965	0.018559999999979482	epochs	3.0
1842.639519938965	0.01847999999995409	epochs	3.0
1842.6579999389648	0.03672000000005937	epochs	2.0
1842.6579999389648	0.018399999999928696	epochs	3.0
1842.6763999389648	0.018320000000130676	epochs	3.0
1842.694719938965	0.03647999999998319	epochs	2.0
1842.694719938965	0.01823999999987791	epochs	3.0
1842.7129599389648	0.018240000000105283	epochs	3.0
1842.731199938965	0.03607999999985623	epochs	2.0
1842.731199938965	0.018080000000054497	epochs	3.0
1842.749279938965	0.01799999999980173	epochs	3.0
1842.7672799389647	0.03584000000000742	epochs	2.0
1842.7672799389647	0.01792000000000371	epochs	3.0
1842.7851999389648	0.01792000000000371	epochs	3.0
1842.8031199389648	0.03552000000013322	epochs	2.0
1842.8031199389648	0.017760000000180298	epochs	3.0
1842.820879938965	0.017759999999952925	epochs	3.0
1842.838639938965	0.03520000000003165	epochs	2.0
1842.838639938965	0.01767999999992753	epochs	3.0
1842.8563199389648	0.01752000000010412	epochs	3.0
1842.873839938965	0.03495999999995547	epochs	2.0
1842.873839938965	0.017519999999876745	epochs	3.0
1842.8913599389648	0.017440000000078726	epochs	3.0
1842.9087999389649	0.03471999999987929	epochs	2.0
1842.9087999389649	0.017440000000078726	epochs	3.0
1842.926239938965	0.017279999999800566	epochs	3.0
1842.9435199389648	0.03440000000000509	epochs	2.0
1842.9435199389648	0.017200000000002547	epochs	3.0
1842.9607199389648	0.017200000000002547	epochs	3.0
1842.9779199389648	0.03416000000015629	epochs	2.0
1842.9779199389648	0.017119999999977153	epochs	3.0
1842.9950399389647	0.017040000000179134	epochs	3.0
1843.012079938965	0.03383999999982734	epochs	2.0
1843.012079938965	0.016959999999926367	epochs	3.0
1843.0290399389648	0.016879999999900974	epochs	3.0
1843.0459199389647	0.03360000000020591	epochs	2.0
1843.0459199389647	0.016800000000102955	epochs	3.0
1843.0627199389648	0.016800000000102955	epochs	3.0
1843.079519938965	0.03335999999990236	epochs	2.0
1843.079519938965	0.016719999999850188	epochs	3.0
1843.0962399389648	0.01664000000005217	epochs	3.0
1843.1128799389649	0.03312000000005355	epochs	2.0
1843.1128799389649	0.016560000000026776	epochs	3.0
1843.1294399389649	0.016560000000026776	epochs	3.0
1843.145999938965	0.03279999999995198	epochs	2.0
1843.145999938965	0.01639999999997599	epochs	3.0
1843.1623999389649	0.01639999999997599	epochs	3.0
1843.1787999389649	0.0325599999998758	epochs	2.0
1843.1787999389649	0.016319999999950596	epochs	3.0
1843.1951199389648	0.016239999999925203	epochs	3.0
1843.2113599389647	0.03240000000005239	epochs	2.0
1843.2113599389647	0.016240000000152577	epochs	3.0
1843.2275999389649	0.01615999999989981	epochs	3.0
1843.2437599389648	0.032079999999950815	epochs	2.0
1843.2437599389648	0.01608000000010179	epochs	3.0
1843.259839938965	0.015999999999849024	epochs	3.0
1843.2758399389647	0.0319200000001274	epochs	2.0
1843.2758399389647	0.016000000000076398	epochs	3.0
1843.2918399389648	0.015920000000051004	epochs	3.0
1843.3077599389649	0.03160000000002583	epochs	2.0
1843.3077599389649	0.01584000000002561	epochs	3.0
1843.323599938965	0.01576000000000022	epochs	3.0
1843.339359938965	0.03143999999997504	epochs	2.0
1843.339359938965	0.01576000000000022	epochs	3.0
1843.355119938965	0.015679999999974825	epochs	3.0
1843.3707999389649	0.031199999999898864	epochs	2.0
1843.3707999389649	0.015599999999949432	epochs	3.0
1843.3863999389648	0.015599999999949432	epochs	3.0
1843.4019999389648	0.03096000000005006	epochs	2.0
1843.4019999389648	0.015520000000151413	epochs	3.0
1843.417519938965	0.015439999999898646	epochs	3.0
1843.4329599389648	0.03071999999997388	epochs	2.0
1843.4329599389648	0.01544000000012602	epochs	3.0
1843.448399938965	0.01527999999984786	epochs	3.0
1843.4636799389648	0.030560000000150467	epochs	2.0
1843.4636799389648	0.015360000000100626	epochs	3.0
1843.479039938965	0.01520000000004984	epochs	3.0
1843.494239938965	0.030319999999846914	epochs	2.0
1843.494239938965	0.015199999999822467	epochs	3.0
1843.5094399389648	0.015120000000024447	epochs	3.0
1843.5245599389648	0.030079999999998108	epochs	2.0
1843.5245599389648	0.015120000000024447	epochs	3.0
1843.5396799389648	0.014959999999973661	epochs	3.0
1843.5546399389648	0.029920000000174696	epochs	2.0
1843.5546399389648	0.015039999999999054	epochs	3.0
1843.5696799389648	0.014880000000175642	epochs	3.0
1843.584559938965	0.029679999999871143	epochs	2.0
1843.584559938965	0.014879999999948268	epochs	3.0
1843.599439938965	0.014799999999922875	epochs	3.0
1843.6142399389648	0.02952000000004773	epochs	2.0
1843.6142399389648	0.014799999999922875	epochs	3.0
1843.6290399389648	0.014720000000124855	epochs	3.0
1843.6437599389649	0.02927999999997155	epochs	2.0
1843.6437599389649	0.014719999999897482	epochs	3.0
1843.6584799389648	0.01456000000007407	epochs	3.0
1843.6730399389648	0.029119999999920765	epochs	2.0
1843.6730399389648	0.014640000000099462	epochs	3.0
1843.687679938965	0.014479999999821302	epochs	3.0
1843.7021599389648	0.028960000000097352	epochs	2.0
1843.7021599389648	0.014480000000048676	epochs	3.0
1843.7166399389648	0.014480000000048676	epochs	3.0
1843.7311199389649	0.02863999999999578	epochs	2.0
1843.7311199389649	0.01431999999999789	epochs	3.0
1843.7454399389649	0.01431999999999789	epochs	3.0
1843.7597599389649	0.028559999999970387	epochs	2.0
1843.7597599389649	0.01431999999999789	epochs	3.0
1843.7740799389649	0.014239999999972497	epochs	3.0
1843.7883199389648	0.02832000000012158	epochs	2.0
1843.7883199389648	0.014159999999947104	epochs	3.0
1843.8024799389648	0.014160000000174477	epochs	3.0
1843.816639938965	0.02815999999984342	epochs	2.0
1843.816639938965	0.014159999999947104	epochs	3.0
1843.830799938965	0.013999999999896318	epochs	3.0
1843.8447999389648	0.02800000000002001	epochs	2.0
1843.8447999389648	0.014000000000123691	epochs	3.0
1843.858799938965	0.013999999999896318	epochs	3.0
1843.8727999389648	0.02775999999994383	epochs	2.0
1843.8727999389648	0.013920000000098298	epochs	3.0
1843.886719938965	0.013839999999845531	epochs	3.0
1843.9005599389648	0.02768000000014581	epochs	2.0
1843.9005599389648	0.013840000000072905	epochs	3.0
1843.9143999389648	0.013840000000072905	epochs	3.0
1843.928239938965	0.027439999999842257	epochs	2.0
1843.928239938965	0.013760000000047512	epochs	3.0
1843.941999938965	0.013679999999794745	epochs	3.0
1843.9556799389647	0.027280000000018845	epochs	2.0
1843.9556799389647	0.013680000000022119	epochs	3.0
1843.9693599389648	0.013599999999996726	epochs	3.0
1843.9829599389648	0.02711999999996806	epochs	2.0
1843.9829599389648	0.013519999999971333	epochs	3.0
1843.9964799389647	0.013599999999996726	epochs	3.0
1844.0100799389647	0.026880000000119253	epochs	2.0
1844.0100799389647	0.013440000000173313	epochs	3.0
1844.023519938965	0.01343999999994594	epochs	3.0
1844.0369599389649	0.02680000000009386	epochs	2.0
1844.0369599389649	0.01343999999994594	epochs	3.0
1844.0503999389648	0.01336000000014792	epochs	3.0
1844.063759938965	0.026559999999790307	epochs	2.0
1844.063759938965	0.013279999999895153	epochs	3.0
1844.0770399389648	0.013279999999895153	epochs	3.0
1844.0903199389647	0.026479999999992287	epochs	2.0
1844.0903199389647	0.013280000000122527	epochs	3.0
1844.1035999389649	0.01319999999986976	epochs	3.0
1844.1167999389647	0.026240000000143482	epochs	2.0
1844.1167999389647	0.013120000000071741	epochs	3.0
1844.1299199389648	0.013120000000071741	epochs	3.0
1844.1430399389649	0.026159999999890715	epochs	2.0
1844.1430399389649	0.013120000000071741	epochs	3.0
1844.156159938965	0.013039999999818974	epochs	3.0
1844.1691999389648	0.026000000000067303	epochs	2.0
1844.1691999389648	0.013040000000046348	epochs	3.0
1844.1822399389648	0.012960000000020955	epochs	3.0
1844.1951999389648	0.025759999999991123	epochs	2.0
1844.1951999389648	0.012879999999995562	epochs	3.0
1844.2080799389648	0.012879999999995562	epochs	3.0
1844.2209599389648	0.02567999999996573	epochs	2.0
1844.2209599389648	0.012879999999995562	epochs	3.0
1844.2338399389648	0.012799999999970169	epochs	3.0
1844.2466399389648	0.025520000000142318	epochs	2.0
1844.2466399389648	0.012799999999970169	epochs	3.0
1844.2594399389648	0.01272000000017215	epochs	3.0
1844.272159938965	0.025359999999864158	epochs	2.0
1844.272159938965	0.012719999999944775	epochs	3.0
1844.2848799389649	0.012639999999919382	epochs	3.0
1844.2975199389648	0.025200000000040745	epochs	2.0
1844.2975199389648	0.012640000000146756	epochs	3.0
1844.310159938965	0.01255999999989399	epochs	3.0
1844.3227199389648	0.024560000000064974	epochs	2.0
1844.346773238965	0.5	epochs	-1.0
1844.347279938965	0.5563199999999142	epochs	1.0
1844.9035999389648	0.4436000000000604	epochs	0.0
1857.4839997291565	0.08328000000005886	epochs	0.0
1857.4839997291565	0.03664000000003398	epochs	1.0
1857.5206397291565	0.010080000000016298	epochs	1.0
1857.5307197291565	0.036560000000008586	epochs	1.0
1857.5672797291566	2.0	epochs	0.0
1859.5672797291566	1.4373599999998987	epochs	0.0
1859.5672797291566	1.0	epochs	1.0
1859.5673330291565	0.5	epochs	-1.0
1860.0673330291565	0.9373066999999082	epochs	-1.0
1860.5672797291566	0.4373599999998987	epochs	1.0
1860.5672797291566	8.000000002539309e-05	epochs	2.0
1860.5673597291566	0.4372799999998733	epochs	-1.0
1860.5673597291566	0.4372799999998733	epochs	2.0
1860.5673597291566	0.4372799999998733	epochs	3.0
1861.0046397291565	20.562560000000076	epochs	0.0
1865.356999874115	0.08328000000005886	epochs	0.0
1865.356999874115	0.03664000000003398	epochs	1.0
1865.393639874115	0.010080000000016298	epochs	1.0
1865.403719874115	0.036560000000008586	epochs	1.0
1865.440279874115	2.0	epochs	0.0
1867.440279874115	1.4364799999998468	epochs	0.0
1867.440279874115	1.0	epochs	1.0
1867.440333174115	0.5	epochs	-1.0
1867.940333174115	0.9364266999998563	epochs	-1.0
1868.440279874115	0.43647999999984677	epochs	1.0
1868.440279874115	8.000000002539309e-05	epochs	2.0
1868.440359874115	0.4363999999998214	epochs	-1.0
1868.440359874115	0.4363999999998214	epochs	2.0
1868.440359874115	0.4363999999998214	epochs	3.0
1868.876759874115	20.563440000000128	epochs	0.0
1873.263000011444	0.08328000000005886	epochs	0.0
1873.263000011444	0.03664000000003398	epochs	1.0
1873.2996400114441	0.010080000000016298	epochs	1.0
1873.3097200114441	0.036560000000008586	epochs	1.0
1873.3462800114442	2.0	epochs	0.0
1875.3462800114442	1.4364000000000487	epochs	0.0
1875.3462800114442	1.0	epochs	1.0
1875.3463333114441	0.5	epochs	-1.0
1875.8463333114441	0.9363467000000583	epochs	-1.0
1876.3462800114442	0.43640000000004875	epochs	1.0
1876.3462800114442	8.000000002539309e-05	epochs	2.0
1876.3463600114442	0.43632000000002336	epochs	-1.0
1876.3463600114442	0.43632000000002336	epochs	2.0
1876.3463600114442	0.43632000000002336	epochs	3.0
1876.7826800114442	20.563519999999926	epochs	0.0
1881.164999961853	0.08328000000005886	epochs	0.0
1881.164999961853	0.03664000000003398	epochs	1.0
1881.201639961853	0.010080000000016298	epochs	1.0
1881.211719961853	0.036560000000008586	epochs	1.0
1881.248279961853	2.0	epochs	0.0
1883.248279961853	1.4764800000000378	epochs	0.0
1883.248279961853	1.0	epochs	1.0
1883.248333261853	0.5	epochs	-1.0
1883.748333261853	0.9764267000000473	epochs	-1.0
1884.248279961853	0.47648000000003776	epochs	1.0
1884.248279961853	8.000000002539309e-05	epochs	2.0
1884.248359961853	0.47640000000001237	epochs	-1.0
1884.248359961853	0.47640000000001237	epochs	2.0
1884.248359961853	0.47640000000001237	epochs	3.0
1884.7247599618531	20.523439999999937	epochs	0.0
1889.1479997634888	0.08328000000005886	epochs	0.0
1889.1479997634888	0.03664000000003398	epochs	1.0
1889.1846397634888	0.010080000000016298	epochs	1.0
1889.1947197634888	0.036560000000008586	epochs	1.0
1889.2312797634888	2.0	epochs	0.0
1891.2312797634888	1.4773599999998623	epochs	0.0
1891.2312797634888	1.0	epochs	1.0
1891.2313330634888	0.5	epochs	-1.0
1891.7313330634888	0.9773066999998719	epochs	-1.0
1892.2312797634888	0.47735999999986234	epochs	1.0
1892.2312797634888	8.000000002539309e-05	epochs	2.0
1892.2313597634889	0.47727999999983695	epochs	-1.0
1892.2313597634889	0.47727999999983695	epochs	2.0
1892.2313597634889	0.47727999999983695	epochs	3.0
1892.7086397634887	20.522560000000112	epochs	0.0
1897.223000049591	0.08328000000005886	epochs	0.0
1897.223000049591	0.03664000000003398	epochs	1.0
1897.259640049591	0.010080000000016298	epochs	1.0
1897.2697200495911	0.036560000000008586	epochs	1.0
1897.3062800495911	2.0	epochs	0.0
1899.3062800495911	1.6773599999999078	epochs	0.0
1899.3062800495911	1.0	epochs	1.0
1899.3063333495911	0.5	epochs	-1.0
1899.8063333495911	1.1773066999999173	epochs	-1.0
1900.3062800495911	0.6773599999999078	epochs	1.0
1900.3062800495911	8.000000002539309e-05	epochs	2.0
1900.3063600495911	0.6772799999998824	epochs	-1.0
1900.3063600495911	0.6772799999998824	epochs	2.0
1900.3063600495911	0.6772799999998824	epochs	3.0
1900.983640049591	20.322560000000067	epochs	0.0
1905.4749999046326	0.08328000000005886	epochs	0.0
1905.4749999046326	0.03664000000003398	epochs	1.0
1905.5116399046326	0.010080000000016298	epochs	1.0
1905.5217199046326	0.036560000000008586	epochs	1.0
1905.5582799046326	2.0	epochs	0.0
1907.5582799046326	0.5173600000000533	epochs	0.0
1907.5582799046326	0.5173600000000533	epochs	1.0
1907.5583332046326	0.5	epochs	-1.0
1908.0583332046326	0.017306700000062847	epochs	-1.0
1908.0756399046327	21.48255999999992	epochs	0.0
1912.6110000610352	0.08328000000005886	epochs	0.0
1912.6110000610352	0.03664000000003398	epochs	1.0
1912.6476400610352	0.010080000000016298	epochs	1.0
1912.6577200610352	0.036560000000008586	epochs	1.0
1912.6942800610352	0.6563999999998487	epochs	0.0
1913.350680061035	23.343520000000126	epochs	0.0
1926.4939999580383	0.08328000000005886	epochs	0.0
1926.4939999580383	0.03664000000003398	epochs	1.0
1926.5306399580384	0.010080000000016298	epochs	1.0
1926.5407199580384	0.036560000000008586	epochs	1.0
1926.5772799580384	2.0	epochs	0.0
1928.5772799580384	0.2299199999999928	epochs	0.0
1928.5772799580384	0.049999999999954525	epochs	1.0
1928.6272799580383	0.009999999999990905	epochs	1.0
1928.6372799580383	0.049999999999954525	epochs	1.0
1928.6872799580383	0.009999999999990905	epochs	1.0
1928.6972799580383	0.049999999999954525	epochs	1.0
1928.7472799580382	0.009999999999990905	epochs	1.0
1928.7572799580382	0.049920000000156506	epochs	1.0
2424.940999984741	0.08327999999983149	epochs	0.0
2424.940999984741	0.036639999999806605	epochs	1.0
2424.977639984741	0.010080000000016298	epochs	1.0
2424.987719984741	0.036560000000008586	epochs	1.0
2425.024279984741	2.0	epochs	0.0
2427.024279984741	2.999920000000202	epochs	0.0
2427.024279984741	1.0	epochs	1.0
2428.024279984741	1.0	epochs	1.0
2429.024279984741	0.999920000000202	epochs	1.0
2434.672999858856	0.08327999999983149	epochs	0.0
2434.672999858856	0.036639999999806605	epochs	1.0
2434.709639858856	0.010080000000016298	epochs	1.0
2434.719719858856	0.036560000000008586	epochs	1.0
2434.756279858856	2.0	epochs	0.0
2436.756279858856	2.999920000000202	epochs	0.0
2436.756279858856	1.0	epochs	1.0
2437.756279858856	1.0	epochs	1.0
2438.756279858856	0.999920000000202	epochs	1.0
2444.529999732971	0.08327999999983149	epochs	0.0
2444.529999732971	0.036639999999806605	epochs	1.0
2444.566639732971	0.010080000000016298	epochs	1.0
2444.576719732971	0.036560000000008586	epochs	1.0
2444.613279732971	2.0	epochs	0.0
2446.613279732971	2.999920000000202	epochs	0.0
2446.613279732971	1.0	epochs	1.0
2447.613279732971	1.0	epochs	1.0
2448.613279732971	0.999920000000202	epochs	1.0
2454.2829999923706	0.08327999999983149	epochs	0.0
2454.2829999923706	0.036639999999806605	epochs	1.0
2454.3196399923704	0.010080000000016298	epochs	1.0
2454.3297199923704	0.036560000000008586	epochs	1.0
2454.3662799923704	2.0	epochs	0.0
2456.3662799923704	2.999920000000202	epochs	0.0
2456.3662799923704	1.0	epochs	1.0
2457.3662799923704	1.0	epochs	1.0
2458.3662799923704	0.999920000000202	epochs	1.0
2464.0199999809265	0.08327999999983149	epochs	0.0
2464.0199999809265	0.036639999999806605	epochs	1.0
2464.0566399809263	0.010080000000016298	epochs	1.0
2464.0667199809263	0.036560000000008586	epochs	1.0
2464.1032799809263	2.0	epochs	0.0
2466.1032799809263	2.999920000000202	epochs	0.0
2466.1032799809263	1.0	epochs	1.0
2467.1032799809263	1.0	epochs	1.0
2468.1032799809263	0.999920000000202	epochs	1.0
2473.861000061035	0.08327999999983149	epochs	0.0
2473.861000061035	0.036639999999806605	epochs	1.0
2473.897640061035	0.010080000000016298	epochs	1.0
2473.907720061035	0.036560000000008586	epochs	1.0
2473.944280061035	2.0	epochs	0.0
2475.944280061035	2.999920000000202	epochs	0.0
2475.944280061035	1.0	epochs	1.0
2476.944280061035	1.0	epochs	1.0
2477.944280061035	0.999920000000202	epochs	1.0
2483.632999897003	0.08327999999983149	epochs	0.0
2483.632999897003	0.036639999999806605	epochs	1.0
2483.669639897003	0.010080000000016298	epochs	1.0
2483.679719897003	0.036560000000008586	epochs	1.0
2483.716279897003	2.0	epochs	0.0
2485.716279897003	2.999920000000202	epochs	0.0
2485.716279897003	1.0	epochs	1.0
2486.716279897003	1.0	epochs	1.0
2487.716279897003	0.999920000000202	epochs	1.0
2493.489999771118	0.08327999999983149	epochs	0.0
2493.489999771118	0.036639999999806605	epochs	1.0
2493.526639771118	0.010080000000016298	epochs	1.0
2493.536719771118	0.036560000000008586	epochs	1.0
2493.573279771118	2.0	epochs	0.0
2495.573279771118	2.999920000000202	epochs	0.0
2495.573279771118	1.0	epochs	1.0
2496.573279771118	1.0	epochs	1.0
2497.573279771118	0.999920000000202	epochs	1.0
2503.343999862671	0.08327999999983149	epochs	0.0
2503.343999862671	0.036639999999806605	epochs	1.0
2503.3806398626707	0.010080000000016298	epochs	1.0
2503.3907198626707	0.036560000000008586	epochs	1.0
2503.4272798626707	2.0	epochs	0.0
2505.4272798626707	2.999920000000202	epochs	0.0
2505.4272798626707	1.0	epochs	1.0
2506.4272798626707	1.0	epochs	1.0
2507.4272798626707	0.999920000000202	epochs	1.0
2513.1760001182556	0.08327999999983149	epochs	0.0
2513.1760001182556	0.036639999999806605	epochs	1.0
2513.2126401182554	0.010080000000016298	epochs	1.0
2513.2227201182554	0.036560000000008586	epochs	1.0
2513.2592801182554	2.0	epochs	0.0
2515.2592801182554	2.999920000000202	epochs	0.0
2515.2592801182554	1.0	epochs	1.0
2516.2592801182554	1.0	epochs	1.0
2517.2592801182554	0.999920000000202	epochs	1.0
2522.9969997406006	0.08327999999983149	epochs	0.0
2522.9969997406006	0.036639999999806605	epochs	1.0
2523.0336397406004	0.010080000000016298	epochs	1.0
2523.0437197406004	0.036560000000008586	epochs	1.0
2523.0802797406004	2.0	epochs	0.0
2525.0802797406004	2.999920000000202	epochs	0.0
2525.0802797406004	1.0	epochs	1.0
2526.0802797406004	1.0	epochs	1.0
2527.0802797406004	0.999920000000202	epochs	1.0
2532.8020000457764	0.08327999999983149	epochs	0.0
2532.8020000457764	0.036639999999806605	epochs	1.0
2532.838640045776	0.010080000000016298	epochs	1.0
2532.848720045776	0.036560000000008586	epochs	1.0
2532.885280045776	2.0	epochs	0.0
2534.885280045776	2.999920000000202	epochs	0.0
2534.885280045776	1.0	epochs	1.0
2535.885280045776	1.0	epochs	1.0
2536.885280045776	0.999920000000202	epochs	1.0
2542.598000049591	0.08327999999983149	epochs	0.0
2542.598000049591	0.036639999999806605	epochs	1.0
2542.634640049591	0.010080000000016298	epochs	1.0
2542.644720049591	0.036560000000008586	epochs	1.0
2542.681280049591	2.0	epochs	0.0
2544.681280049591	2.999920000000202	epochs	0.0
2544.681280049591	1.0	epochs	1.0
2545.681280049591	1.0	epochs	1.0
2546.681280049591	0.999920000000202	epochs	1.0
2552.49599981308	0.08327999999983149	epochs	0.0
2552.49599981308	0.036639999999806605	epochs	1.0
2552.5326398130796	0.010080000000016298	epochs	1.0
2552.5427198130797	0.036560000000008586	epochs	1.0
2552.5792798130797	2.0	epochs	0.0
2554.5792798130797	1.1364000000003216	epochs	0.0
2554.5792798130797	1.0	epochs	1.0
2555.5792798130797	0.1364000000003216	epochs	1.0
2555.71567981308	1.8635199999998804	epochs	0.0
