onset	duration	nwb_table	treelevel
8.809000015258789	0.09999999999999964	epochs	0.0
8.809000015258789	0.04499999999999993	epochs	1.0
8.854000015258789	0.010004999999999598	epochs	1.0
8.864005015258789	0.04499500000000012	epochs	1.0
8.909000015258789	0.7049950000000003	epochs	0.0
8.909000015258789	0.5	epochs	-1.0
8.909000015258789	0.5	epochs	-1.0
8.909000015258789	0.5	epochs	1.0
9.409000015258789	0.0600000000000005	epochs	-1.0
9.409000015258789	0.025000000000000355	epochs	-1.0
9.409000015258789	0.025000000000000355	epochs	1.0
9.434000015258789	0.009999999999999787	epochs	-1.0
9.434000015258789	0.009999999999999787	epochs	1.0
9.444000015258789	0.025000000000000355	epochs	-1.0
9.444000015258789	0.025000000000000355	epochs	1.0
9.46900001525879	0.0600000000000005	epochs	-1.0
9.46900001525879	0.025000000000000355	epochs	-1.0
9.46900001525879	0.025000000000000355	epochs	1.0
9.49400001525879	0.009999999999999787	epochs	-1.0
9.49400001525879	0.009999999999999787	epochs	1.0
9.50400001525879	0.025000000000000355	epochs	-1.0
9.50400001525879	0.025000000000000355	epochs	1.0
9.52900001525879	0.05999999999999872	epochs	-1.0
9.52900001525879	0.02499999999999858	epochs	-1.0
9.52900001525879	0.02499999999999858	epochs	1.0
9.554000015258788	0.010000000000001563	epochs	-1.0
9.554000015258788	0.010000000000001563	epochs	1.0
9.56400001525879	0.02499999999999858	epochs	-1.0
9.56400001525879	0.02499999999999858	epochs	1.0
9.589000015258788	0.024995000000000545	epochs	1.0
245.36899995803833	0.09999999999999432	epochs	0.0
245.36899995803833	0.044999999999987494	epochs	1.0
245.41399995803832	0.010005000000006703	epochs	1.0
245.42400495803832	0.04499500000000012	epochs	1.0
245.46899995803832	0.7049949999999967	epochs	0.0
245.46899995803832	0.5	epochs	-1.0
245.46899995803832	0.5	epochs	1.0
245.96899995803832	0.060000000000002274	epochs	-1.0
245.96899995803832	0.025000000000005684	epochs	-1.0
245.96899995803832	0.025000000000005684	epochs	1.0
245.99399995803833	0.009999999999990905	epochs	-1.0
245.99399995803833	0.009999999999990905	epochs	1.0
246.00399995803832	0.025000000000005684	epochs	-1.0
246.00399995803832	0.025000000000005684	epochs	1.0
246.02899995803833	0.060000000000002274	epochs	-1.0
246.02899995803833	0.025000000000005684	epochs	-1.0
246.02899995803833	0.025000000000005684	epochs	1.0
246.05399995803833	0.009999999999990905	epochs	-1.0
246.05399995803833	0.009999999999990905	epochs	1.0
246.06399995803832	0.025000000000005684	epochs	-1.0
246.06399995803832	0.025000000000005684	epochs	1.0
246.08899995803833	0.060000000000002274	epochs	-1.0
246.08899995803833	0.025000000000005684	epochs	-1.0
246.08899995803833	0.025000000000005684	epochs	1.0
246.11399995803833	0.009999999999990905	epochs	-1.0
246.11399995803833	0.009999999999990905	epochs	1.0
246.12399995803833	0.025000000000005684	epochs	-1.0
246.12399995803833	0.025000000000005684	epochs	1.0
246.14899995803833	0.024994999999989886	epochs	1.0
291.77099990844727	0.10000000000002274	epochs	0.0
291.77099990844727	0.045000000000015916	epochs	1.0
291.8159999084473	0.010004999999978281	epochs	1.0
291.82600490844726	0.04499500000002854	epochs	1.0
291.8709999084473	61.384995	epochs	0.0
291.8709999084473	0.5	epochs	-1.0
291.8709999084473	0.5	epochs	-1.0
291.8709999084473	0.5	epochs	1.0
292.3709999084473	0.060000000000002274	epochs	-1.0
292.3709999084473	0.024999999999977263	epochs	-1.0
292.3709999084473	0.024999999999977263	epochs	1.0
292.39599990844727	0.009999999999990905	epochs	-1.0
292.39599990844727	0.009999999999990905	epochs	1.0
292.40599990844726	0.025000000000034106	epochs	-1.0
292.40599990844726	0.025000000000034106	epochs	1.0
292.4309999084473	0.060000000000002274	epochs	-1.0
292.4309999084473	0.024999999999977263	epochs	-1.0
292.4309999084473	0.024999999999977263	epochs	1.0
292.45599990844727	0.009999999999990905	epochs	-1.0
292.45599990844727	0.009999999999990905	epochs	1.0
292.46599990844726	0.025000000000034106	epochs	-1.0
292.46599990844726	0.025000000000034106	epochs	1.0
292.4909999084473	0.05999999999994543	epochs	-1.0
292.4909999084473	0.024999999999977263	epochs	-1.0
292.4909999084473	0.024999999999977263	epochs	1.0
292.51599990844727	0.009999999999990905	epochs	-1.0
292.51599990844727	0.009999999999990905	epochs	1.0
292.52599990844726	0.024999999999977263	epochs	-1.0
292.52599990844726	0.024999999999977263	epochs	1.0
292.55099990844724	60.0	epochs	1.0
352.55099990844724	0.5	epochs	-1.0
352.55099990844724	0.5	epochs	-1.0
352.55099990844724	0.5	epochs	1.0
353.05099990844724	0.06000000000005912	epochs	-1.0
353.05099990844724	0.025000000000034106	epochs	-1.0
353.05099990844724	0.025000000000034106	epochs	1.0
353.0759999084473	0.009999999999990905	epochs	-1.0
353.0759999084473	0.009999999999990905	epochs	1.0
353.08599990844726	0.025000000000034106	epochs	-1.0
353.08599990844726	0.025000000000034106	epochs	1.0
353.1109999084473	0.05999999999994543	epochs	-1.0
353.1109999084473	0.024999999999977263	epochs	-1.0
353.1109999084473	0.024999999999977263	epochs	1.0
353.1359999084473	0.009999999999990905	epochs	-1.0
353.1359999084473	0.009999999999990905	epochs	1.0
353.14599990844727	0.024999999999977263	epochs	-1.0
353.14599990844727	0.024999999999977263	epochs	1.0
353.17099990844724	0.060000000000002274	epochs	-1.0
353.17099990844724	0.025000000000034106	epochs	-1.0
353.17099990844724	0.025000000000034106	epochs	1.0
353.1959999084473	0.009999999999990905	epochs	-1.0
353.1959999084473	0.009999999999990905	epochs	1.0
353.20599990844727	0.024999999999977263	epochs	-1.0
353.20599990844727	0.024999999999977263	epochs	1.0
353.23099990844725	0.02499500000004673	epochs	1.0
461.231999874115	0.10000000000002274	epochs	0.0
461.231999874115	0.045000000000015916	epochs	1.0
461.276999874115	0.010004999999978281	epochs	1.0
461.287004874115	0.04499500000002854	epochs	1.0
461.331999874115	0.7049949999999967	epochs	0.0
461.331999874115	0.5	epochs	-1.0
461.331999874115	0.5	epochs	-1.0
461.331999874115	0.5	epochs	1.0
461.831999874115	0.060000000000002274	epochs	-1.0
461.831999874115	0.024999999999977263	epochs	-1.0
461.831999874115	0.024999999999977263	epochs	1.0
461.856999874115	0.009999999999990905	epochs	-1.0
461.856999874115	0.009999999999990905	epochs	1.0
461.866999874115	0.025000000000034106	epochs	-1.0
461.866999874115	0.025000000000034106	epochs	1.0
461.891999874115	0.060000000000002274	epochs	-1.0
461.891999874115	0.024999999999977263	epochs	-1.0
461.891999874115	0.024999999999977263	epochs	1.0
461.916999874115	0.009999999999990905	epochs	-1.0
461.916999874115	0.009999999999990905	epochs	1.0
461.926999874115	0.025000000000034106	epochs	-1.0
461.926999874115	0.025000000000034106	epochs	1.0
461.951999874115	0.05999999999994543	epochs	-1.0
461.951999874115	0.024999999999977263	epochs	-1.0
461.951999874115	0.024999999999977263	epochs	1.0
461.976999874115	0.009999999999990905	epochs	-1.0
461.976999874115	0.009999999999990905	epochs	1.0
461.986999874115	0.024999999999977263	epochs	-1.0
461.986999874115	0.024999999999977263	epochs	1.0
462.01199987411496	0.02499500000004673	epochs	1.0
517.1770000457764	0.10504000000003089	epochs	0.0
517.1770000457764	0.04751999999996315	epochs	1.0
517.2245200457763	0.010020000000054097	epochs	1.0
517.2345400457764	0.04750000000001364	epochs	1.0
517.2820400457764	5.999979999999937	epochs	0.0
517.2820400457764	0.5	epochs	1.0
517.2820420457764	0.5	epochs	-1.0
517.2820420457764	0.5	epochs	-1.0
517.7820400457764	5.0	epochs	1.0
522.7820400457764	0.4999799999999368	epochs	1.0
522.7820420457764	0.49997799999994186	epochs	-1.0
525.9749999046326	0.10504000000003089	epochs	0.0
525.9749999046326	0.04751999999996315	epochs	1.0
526.0225199046325	0.010020000000054097	epochs	1.0
526.0325399046326	0.04750000000001364	epochs	1.0
526.0800399046326	2.514799999999923	epochs	0.0
526.0800399046326	0.5	epochs	1.0
526.0800419046326	0.5	epochs	-1.0
526.5800399046326	1.0	epochs	1.0
527.5800399046326	1.0147999999999229	epochs	1.0
528.0800419046326	0.5	epochs	-1.0
528.5948399046325	0.9851800000000139	epochs	0.0
529.4109997749329	0.10504000000003089	epochs	0.0
529.4109997749329	0.04751999999996315	epochs	1.0
529.4585197749328	0.010020000000054097	epochs	1.0
529.4685397749329	0.04750000000001364	epochs	1.0
529.5160397749329	0.5349599999999555	epochs	0.0
529.5160397749329	0.5	epochs	1.0
529.5160417749329	0.5	epochs	-1.0
530.0160397749329	0.03495999999995547	epochs	1.0
530.0509997749328	2.9650199999999813	epochs	0.0
530.7609996795654	0.10504000000003089	epochs	0.0
530.7609996795654	0.04751999999996315	epochs	1.0
530.8085196795654	0.010020000000054097	epochs	1.0
530.8185396795654	0.04750000000001364	epochs	1.0
530.8660396795655	2.5548800000000256	epochs	0.0
530.8660396795655	0.5	epochs	1.0
530.8660416795655	0.5	epochs	-1.0
531.3660396795655	1.0	epochs	1.0
532.3660396795655	1.0548800000000256	epochs	1.0
532.8660416795655	0.5	epochs	-1.0
533.4209196795655	0.9450999999999112	epochs	0.0
534.2609996795654	0.10504000000003089	epochs	0.0
534.2609996795654	0.04751999999996315	epochs	1.0
534.3085196795654	0.010020000000054097	epochs	1.0
534.3185396795654	0.04750000000001364	epochs	1.0
534.3660396795655	2.555340000000001	epochs	0.0
534.3660396795655	0.5	epochs	1.0
534.3660416795655	0.5	epochs	-1.0
534.8660396795655	1.0	epochs	1.0
535.8660396795655	1.055340000000001	epochs	1.0
536.3660416795655	0.5	epochs	-1.0
536.9213796795655	0.9446399999999358	epochs	0.0
537.7279996871948	0.10504000000003089	epochs	0.0
537.7279996871948	0.04751999999996315	epochs	1.0
537.7755196871948	0.010020000000054097	epochs	1.0
537.7855396871948	0.04750000000001364	epochs	1.0
537.8330396871949	2.554840000000013	epochs	0.0
537.8330396871949	0.5	epochs	1.0
537.8330416871949	0.5	epochs	-1.0
538.3330396871949	1.0	epochs	1.0
539.3330396871949	1.0548400000000129	epochs	1.0
539.8330416871949	0.5	epochs	-1.0
540.3878796871949	0.9451399999999239	epochs	0.0
541.2379999160767	0.10504000000003089	epochs	0.0
541.2379999160767	0.04751999999996315	epochs	1.0
541.2855199160766	0.010020000000054097	epochs	1.0
541.2955399160767	0.04750000000001364	epochs	1.0
541.3430399160767	0.5349599999999555	epochs	0.0
541.3430399160767	0.5	epochs	1.0
541.3430419160767	0.5	epochs	-1.0
541.8430399160767	0.03495999999995547	epochs	1.0
541.8779999160766	2.9650199999999813	epochs	0.0
549.3379998207092	0.10504000000003089	epochs	0.0
549.3379998207092	0.04751999999996315	epochs	1.0
549.3855198207092	0.010020000000054097	epochs	1.0
549.3955398207092	0.04750000000001364	epochs	1.0
549.4430398207093	2.5552599999999757	epochs	0.0
549.4430398207093	0.5	epochs	1.0
549.4430418207093	0.5	epochs	-1.0
549.9430398207093	1.0	epochs	1.0
550.9430398207093	1.0552599999999757	epochs	1.0
551.4430418207093	0.5	epochs	-1.0
551.9982998207092	0.9447199999999611	epochs	0.0
552.9460000991821	0.15297999999995682	epochs	0.0
552.9460000991821	0.049999999999954525	epochs	1.0
552.9960000991821	0.0030000000000427463	epochs	1.0
552.9990000991821	0.09997999999995955	epochs	1.0
554.079999923706	0.15297999999995682	epochs	0.0
554.079999923706	0.049999999999954525	epochs	1.0
554.129999923706	0.0030000000000427463	epochs	1.0
554.132999923706	0.09997999999995955	epochs	1.0
555.1629996299744	0.15297999999995682	epochs	0.0
555.1629996299744	0.049999999999954525	epochs	1.0
555.2129996299743	0.0030000000000427463	epochs	1.0
555.2159996299744	0.09997999999995955	epochs	1.0
556.329999923706	0.15297999999995682	epochs	0.0
556.329999923706	0.049999999999954525	epochs	1.0
556.379999923706	0.0030000000000427463	epochs	1.0
556.382999923706	0.09997999999995955	epochs	1.0
557.4800000190735	0.15297999999995682	epochs	0.0
557.4800000190735	0.049999999999954525	epochs	1.0
557.5300000190734	0.0030000000000427463	epochs	1.0
557.5330000190735	0.09997999999995955	epochs	1.0
558.6629996299744	0.15297999999995682	epochs	0.0
558.6629996299744	0.049999999999954525	epochs	1.0
558.7129996299743	0.0030000000000427463	epochs	1.0
558.7159996299744	0.09997999999995955	epochs	1.0
559.8150000572205	0.15297999999995682	epochs	0.0
559.8150000572205	0.049999999999954525	epochs	1.0
559.8650000572204	0.0030000000000427463	epochs	1.0
559.8680000572205	0.09997999999995955	epochs	1.0
560.9809999465942	0.15297999999995682	epochs	0.0
560.9809999465942	0.049999999999954525	epochs	1.0
561.0309999465942	0.0030000000000427463	epochs	1.0
561.0339999465942	0.09997999999995955	epochs	1.0
562.1479997634888	0.15297999999995682	epochs	0.0
562.1479997634888	0.049999999999954525	epochs	1.0
562.1979997634887	0.0030000000000427463	epochs	1.0
562.2009997634888	0.09997999999995955	epochs	1.0
563.3480000495911	0.15297999999995682	epochs	0.0
563.3480000495911	0.049999999999954525	epochs	1.0
563.398000049591	0.0030000000000427463	epochs	1.0
563.4010000495911	0.09997999999995955	epochs	1.0
564.5479998588562	0.15297999999995682	epochs	0.0
564.5479998588562	0.049999999999954525	epochs	1.0
564.5979998588562	0.0030000000000427463	epochs	1.0
564.6009998588562	0.09997999999995955	epochs	1.0
565.7479996681213	0.15297999999995682	epochs	0.0
565.7479996681213	0.049999999999954525	epochs	1.0
565.7979996681213	0.0030000000000427463	epochs	1.0
565.8009996681213	0.09997999999995955	epochs	1.0
566.9979996681213	0.15297999999995682	epochs	0.0
566.9979996681213	0.049999999999954525	epochs	1.0
567.0479996681213	0.0030000000000427463	epochs	1.0
567.0509996681213	0.09997999999995955	epochs	1.0
568.2979998588562	0.15297999999995682	epochs	0.0
568.2979998588562	0.049999999999954525	epochs	1.0
568.3479998588562	0.0030000000000427463	epochs	1.0
568.3509998588562	0.09997999999995955	epochs	1.0
569.5479998588562	0.15297999999995682	epochs	0.0
569.5479998588562	0.049999999999954525	epochs	1.0
569.5979998588562	0.0030000000000427463	epochs	1.0
569.6009998588562	0.09997999999995955	epochs	1.0
570.8829998970032	0.15297999999995682	epochs	0.0
570.8829998970032	0.049999999999954525	epochs	1.0
570.9329998970031	0.0030000000000427463	epochs	1.0
570.9359998970032	0.09997999999995955	epochs	1.0
572.2999997138977	0.10504000000003089	epochs	0.0
572.2999997138977	0.04751999999996315	epochs	1.0
572.3475197138977	0.010020000000054097	epochs	1.0
572.3575397138977	0.04750000000001364	epochs	1.0
572.4050397138977	1.5555200000000013	epochs	0.0
572.4050397138977	0.5	epochs	1.0
572.4050417138977	0.5	epochs	-1.0
572.9050397138977	0.0029999999999290594	epochs	1.0
572.9080397138977	1.0525200000000723	epochs	1.0
573.4080417138977	0.5	epochs	-1.0
573.9605597138977	0.047460000000000946	epochs	0.0
575.183000087738	0.10504000000003089	epochs	0.0
575.183000087738	0.04751999999996315	epochs	1.0
575.230520087738	0.010020000000054097	epochs	1.0
575.240540087738	0.04750000000001364	epochs	1.0
575.2880400877381	1.5555200000000013	epochs	0.0
575.2880400877381	0.5	epochs	1.0
575.2880420877381	0.5	epochs	-1.0
575.7880400877381	0.0029999999999290594	epochs	1.0
575.791040087738	1.0525200000000723	epochs	1.0
576.291042087738	0.5	epochs	-1.0
576.8435600877381	0.047460000000000946	epochs	0.0
578.0659999847412	0.6499800000000278	epochs	0.0
578.0659999847412	0.049999999999954525	epochs	1.0
578.1159999847412	0.5	epochs	1.0
578.6159999847412	0.09998000000007323	epochs	1.0
579.9509997367859	0.6499800000000278	epochs	0.0
579.9509997367859	0.049999999999954525	epochs	1.0
580.0009997367858	0.5	epochs	1.0
580.5009997367858	0.09998000000007323	epochs	1.0
581.7849998474121	0.6499800000000278	epochs	0.0
581.7849998474121	0.049999999999954525	epochs	1.0
581.8349998474121	0.5	epochs	1.0
582.3349998474121	0.09998000000007323	epochs	1.0
583.6849999427795	0.6499800000000278	epochs	0.0
583.6849999427795	0.049999999999954525	epochs	1.0
583.7349999427795	0.5	epochs	1.0
584.2349999427795	0.09998000000007323	epochs	1.0
585.6180000305176	0.6499800000000278	epochs	0.0
585.6180000305176	0.049999999999954525	epochs	1.0
585.6680000305175	0.5	epochs	1.0
586.1680000305175	0.09998000000007323	epochs	1.0
587.585000038147	0.10504000000003089	epochs	0.0
587.585000038147	0.04751999999996315	epochs	1.0
587.6325200381469	0.010020000000054097	epochs	1.0
587.642540038147	0.04750000000001364	epochs	1.0
587.690040038147	2.554499999999962	epochs	0.0
587.690040038147	0.5	epochs	1.0
587.690042038147	0.5	epochs	-1.0
588.190040038147	1.0	epochs	1.0
589.190040038147	1.0544999999999618	epochs	1.0
589.690042038147	0.5	epochs	-1.0
590.244540038147	2.945479999999975	epochs	0.0
592.7659997940063	0.10504000000003089	epochs	0.0
592.7659997940063	0.04751999999996315	epochs	1.0
592.8135197940063	0.010020000000054097	epochs	1.0
592.8235397940064	0.04750000000001364	epochs	1.0
592.8710397940064	2.5549800000000005	epochs	0.0
592.8710397940064	0.5	epochs	1.0
592.8710417940064	0.5	epochs	-1.0
593.3710397940064	1.0	epochs	1.0
594.3710397940064	1.0549800000000005	epochs	1.0
594.8710417940064	0.5	epochs	-1.0
595.4260197940064	2.9449999999999363	epochs	0.0
597.9000000953674	0.10504000000003089	epochs	0.0
597.9000000953674	0.04751999999996315	epochs	1.0
597.9475200953674	0.010020000000054097	epochs	1.0
597.9575400953674	0.04750000000001364	epochs	1.0
598.0050400953675	3.5146599999999353	epochs	0.0
598.0050400953675	0.5	epochs	1.0
598.0050420953675	0.5	epochs	-1.0
598.5050400953675	1.0	epochs	1.0
599.5050400953675	2.0146599999999353	epochs	1.0
600.0050420953675	0.5	epochs	-1.0
600.5050420953675	0.5	epochs	-1.0
601.0050420953675	0.5	epochs	-1.0
601.5197000953674	1.9853200000000015	epochs	0.0
603.1539998054504	0.10504000000003089	epochs	0.0
603.1539998054504	0.04751999999996315	epochs	1.0
603.2015198054504	0.010020000000054097	epochs	1.0
603.2115398054505	0.04750000000001364	epochs	1.0
603.2590398054505	3.0155399999999872	epochs	0.0
603.2590398054505	0.5	epochs	1.0
603.2590418054505	0.5	epochs	-1.0
603.7590398054505	1.0	epochs	1.0
604.7590398054505	1.5155399999999872	epochs	1.0
605.2590418054505	0.5	epochs	-1.0
605.7590418054505	0.5	epochs	-1.0
606.2745798054505	3.4844399999999496	epochs	0.0
607.753999710083	0.10504000000003089	epochs	0.0
607.753999710083	0.04751999999996315	epochs	1.0
607.801519710083	0.010020000000054097	epochs	1.0
607.811539710083	0.04750000000001364	epochs	1.0
607.859039710083	3.515139999999974	epochs	0.0
607.859039710083	0.5	epochs	1.0
607.859041710083	0.5	epochs	-1.0
608.359039710083	1.0	epochs	1.0
609.359039710083	2.015139999999974	epochs	1.0
609.859041710083	0.5	epochs	-1.0
610.359041710083	0.5	epochs	-1.0
610.859041710083	0.5	epochs	-1.0
611.374179710083	2.984839999999963	epochs	0.0
612.8799996376038	0.10504000000003089	epochs	0.0
612.8799996376038	0.04751999999996315	epochs	1.0
612.9275196376037	0.010020000000054097	epochs	1.0
612.9375396376038	0.04750000000001364	epochs	1.0
612.9850396376038	4.514419999999973	epochs	0.0
612.9850396376038	0.5	epochs	1.0
612.9850416376038	0.5	epochs	-1.0
613.4850396376038	1.0	epochs	1.0
614.4850396376038	3.014419999999973	epochs	1.0
614.9850416376038	0.5	epochs	-1.0
615.4850416376038	0.5	epochs	-1.0
615.9850416376038	0.5	epochs	-1.0
616.4850416376038	0.5	epochs	-1.0
616.9850416376038	0.5	epochs	-1.0
617.4994596376038	1.985559999999964	epochs	0.0
619.0639996528625	0.10504000000003089	epochs	0.0
619.0639996528625	0.04751999999996315	epochs	1.0
619.1115196528625	0.010020000000054097	epochs	1.0
619.1215396528626	0.04750000000001364	epochs	1.0
619.1690396528626	3.5153999999999996	epochs	0.0
619.1690396528626	0.5	epochs	1.0
619.1690416528626	0.5	epochs	-1.0
619.6690396528626	1.0	epochs	1.0
620.6690396528626	2.0153999999999996	epochs	1.0
621.1690416528626	0.5	epochs	-1.0
621.6690416528626	0.5	epochs	-1.0
622.1690416528626	0.5	epochs	-1.0
622.6844396528626	2.984579999999937	epochs	0.0
624.731999874115	0.10504000000003089	epochs	0.0
624.731999874115	0.04751999999996315	epochs	1.0
624.779519874115	0.010020000000054097	epochs	1.0
624.789539874115	0.04750000000001364	epochs	1.0
624.837039874115	2.5548800000000256	epochs	0.0
624.837039874115	0.5	epochs	1.0
624.837041874115	0.5	epochs	-1.0
625.337039874115	1.0	epochs	1.0
626.337039874115	1.0548800000000256	epochs	1.0
626.837041874115	0.5	epochs	-1.0
627.391919874115	7.945099999999911	epochs	0.0
639.9409999847412	0.10504000000003089	epochs	0.0
639.9409999847412	0.04751999999996315	epochs	1.0
639.9885199847412	0.010020000000054097	epochs	1.0
639.9985399847412	0.04750000000001364	epochs	1.0
640.0460399847412	0.5348799999999301	epochs	0.0
640.0460399847412	0.5	epochs	1.0
640.0460419847412	0.5	epochs	-1.0
640.5460399847412	0.03487999999993008	epochs	1.0
640.5809199847412	9.965100000000007	epochs	0.0
670.1449999809265	0.10504000000003089	epochs	0.0
670.1449999809265	0.04751999999996315	epochs	1.0
670.1925199809265	0.010020000000054097	epochs	1.0
670.2025399809265	0.04750000000001364	epochs	1.0
670.2500399809265	8.375259999999912	epochs	0.0
670.2500399809265	0.5	epochs	1.0
670.2500419809265	0.5	epochs	-1.0
670.7500399809265	7.875259999999912	epochs	1.0
677.6254199809265	0.9998799999999619	epochs	-1.0
677.6254199809265	0.03971999999998843	epochs	-1.0
678.1229219809265	0.5	epochs	-1.0
678.6252999809265	11.124720000000025	epochs	0.0
680.6199998855591	0.10504000000003089	epochs	0.0
680.6199998855591	0.04751999999996315	epochs	1.0
680.667519885559	0.010020000000054097	epochs	1.0
680.6775398855591	0.04750000000001364	epochs	1.0
680.7250398855591	8.51401999999996	epochs	0.0
680.7250398855591	0.5	epochs	1.0
680.7250418855591	0.5	epochs	-1.0
681.2250398855591	8.01401999999996	epochs	1.0
688.239479885559	0.9995800000000372	epochs	-1.0
688.239479885559	0.03956000000005133	epochs	-1.0
688.7369818855591	0.5	epochs	-1.0
689.2390598855591	10.985959999999977	epochs	0.0
691.1429996490479	0.10504000000003089	epochs	0.0
691.1429996490479	0.04751999999996315	epochs	1.0
691.1905196490478	0.010020000000054097	epochs	1.0
691.2005396490479	0.04750000000001364	epochs	1.0
691.2480396490479	0.5348799999999301	epochs	0.0
691.2480396490479	0.5	epochs	1.0
691.2480416490479	0.5	epochs	-1.0
691.7480396490479	0.03487999999993008	epochs	1.0
691.7829196490478	18.965100000000007	epochs	0.0
720.2869997024536	0.10504000000003089	epochs	0.0
720.2869997024536	0.04751999999996315	epochs	1.0
720.3345197024536	0.010020000000054097	epochs	1.0
720.3445397024536	0.04750000000001364	epochs	1.0
720.3920397024536	8.73479999999995	epochs	0.0
720.3920397024536	0.5	epochs	1.0
720.3920417024536	0.5	epochs	-1.0
720.8920397024536	8.23479999999995	epochs	1.0
728.1269997024536	0.9998399999999492	epochs	-1.0
728.1269997024536	0.039559999999937645	epochs	-1.0
728.6245017024536	0.5	epochs	-1.0
729.1268397024536	10.765179999999987	epochs	0.0
731.1209998130798	0.10504000000003089	epochs	0.0
731.1209998130798	0.04751999999996315	epochs	1.0
731.1685198130798	0.010020000000054097	epochs	1.0
731.1785398130799	0.04750000000001364	epochs	1.0
731.2260398130799	11.415279999999939	epochs	0.0
731.2260398130799	0.5	epochs	1.0
731.2260418130799	0.5	epochs	-1.0
731.7260398130799	10.915279999999939	epochs	1.0
741.6409798130799	1.0003399999999374	epochs	-1.0
741.6409798130799	0.040300000000002	epochs	-1.0
742.1376418130799	0.5	epochs	-1.0
742.6413198130798	8.084699999999998	epochs	0.0
744.6589999198914	0.10504000000003089	epochs	0.0
744.6589999198914	0.04751999999996315	epochs	1.0
744.7065199198913	0.010020000000054097	epochs	1.0
744.7165399198914	0.04750000000001364	epochs	1.0
744.7640399198914	15.474079999999958	epochs	0.0
744.7640399198914	0.5	epochs	1.0
744.7640419198914	0.5	epochs	-1.0
745.2640399198914	14.974079999999958	epochs	1.0
759.2384399198913	0.9996800000000121	epochs	-1.0
759.2384399198913	0.03966000000002623	epochs	-1.0
759.7334419198913	0.5	epochs	-1.0
760.2381199198913	4.025899999999979	epochs	0.0
762.3659996986389	0.10504000000003089	epochs	0.0
762.3659996986389	0.04751999999996315	epochs	1.0
762.4135196986389	0.010020000000054097	epochs	1.0
762.4235396986389	0.04750000000001364	epochs	1.0
762.471039698639	17.514479999999935	epochs	0.0
762.471039698639	0.5	epochs	1.0
762.4710416986389	0.5	epochs	-1.0
762.971039698639	16.0	epochs	1.0
778.971039698639	1.014479999999935	epochs	1.0
779.461041698639	0.5	epochs	-1.0
779.9855196986389	1.9855000000000018	epochs	0.0
791.6819996833801	0.10504000000003089	epochs	0.0
791.6819996833801	0.04751999999996315	epochs	1.0
791.7295196833801	0.010080000000016298	epochs	1.0
791.7395996833801	0.04744000000005144	epochs	1.0
791.7870396833802	2.0	epochs	0.0
793.7870396833802	21.53415999999993	epochs	0.0
793.7870396833802	1.0	epochs	1.0
793.7870416833802	0.5	epochs	-1.0
794.2870416833802	19.999439999999936	epochs	-1.0
794.7870396833802	20.0	epochs	1.0
794.7870396833802	8.000000002539309e-05	epochs	2.0
794.7871196833802	4.356719999999996	epochs	-1.0
794.7871196833802	1.9745599999999968	epochs	2.0
794.7871196833802	1.0985599999999067	epochs	3.0
795.8856796833801	0.87600000000009	epochs	3.0
796.7616796833802	1.3523999999999887	epochs	2.0
796.7616796833802	0.7286399999999276	epochs	3.0
797.4903196833801	0.6237600000000612	epochs	3.0
798.1140796833802	1.0297600000000102	epochs	2.0
798.1140796833802	0.5453599999999597	epochs	3.0
798.6594396833801	0.48440000000005057	epochs	3.0
799.1438396833802	0.8317599999999175	epochs	2.0
799.1438396833802	0.4357599999999593	epochs	3.0
799.5795996833801	0.39599999999995816	epochs	3.0
799.9755996833801	0.697840000000042	epochs	2.0
799.9755996833801	0.3628800000000183	epochs	3.0
800.3384796833801	0.3349600000000237	epochs	3.0
800.6734396833801	0.6010400000000118	epochs	2.0
800.6734396833801	0.3108799999999974	epochs	3.0
800.9843196833801	0.2901600000000144	epochs	3.0
801.2744796833802	0.5278399999999692	epochs	2.0
801.2744796833802	0.2719200000000228	epochs	3.0
801.5463996833802	0.2559199999999464	epochs	3.0
801.8023196833801	0.47064000000000306	epochs	2.0
801.8023196833801	0.24167999999997392	epochs	3.0
802.0439996833801	0.22896000000002914	epochs	3.0
802.2729596833801	0.42456000000004224	epochs	2.0
802.2729596833801	0.2174400000000105	epochs	3.0
802.4903996833801	0.20712000000003172	epochs	3.0
802.6975196833802	0.3867199999999684	epochs	2.0
802.6975196833802	0.1976799999999912	epochs	3.0
802.8951996833802	0.18903999999997723	epochs	3.0
803.0842396833801	0.3551199999999426	epochs	2.0
803.0842396833801	0.1811999999999898	epochs	3.0
803.2654396833801	0.17391999999995278	epochs	3.0
803.4393596833801	0.3282400000000507	epochs	2.0
803.4393596833801	0.1672000000000935	epochs	3.0
803.6065596833802	0.16103999999995722	epochs	3.0
803.7675996833801	0.30520000000001346	epochs	2.0
803.7675996833801	0.1552799999999479	epochs	3.0
803.9228796833801	0.14992000000006556	epochs	3.0
804.0727996833801	0.28512000000000626	epochs	2.0
804.0727996833801	0.14487999999994372	epochs	3.0
804.2176796833801	0.14024000000006254	epochs	3.0
804.3579196833801	0.26751999999999043	epochs	2.0
804.3579196833801	0.13584000000003016	epochs	3.0
804.4937596833802	0.13167999999996027	epochs	3.0
804.6254396833801	0.2520799999999781	epochs	2.0
804.6254396833801	0.12783999999999196	epochs	3.0
804.7532796833801	0.12423999999998614	epochs	3.0
804.8775196833801	0.2381599999999935	epochs	2.0
804.8775196833801	0.12072000000000571	epochs	3.0
804.9982396833801	0.11743999999998778	epochs	3.0
805.1156796833801	0.225840000000062	epochs	2.0
805.1156796833801	0.11440000000004602	epochs	3.0
805.2300796833802	0.11144000000001597	epochs	3.0
805.3415196833802	0.21463999999991756	epochs	2.0
805.3415196833802	0.10863999999992302	epochs	3.0
805.4501596833801	0.10599999999999454	epochs	3.0
805.5561596833801	0.20447999999998956	epochs	2.0
805.5561596833801	0.10344000000009146	epochs	3.0
805.6595996833802	0.1010399999998981	epochs	3.0
805.7606396833801	0.1953600000000506	epochs	2.0
805.7606396833801	0.09880000000009659	epochs	3.0
805.8594396833802	0.09655999999995402	epochs	3.0
805.9559996833801	0.18695999999999913	epochs	2.0
805.9559996833801	0.09447999999997592	epochs	3.0
806.0504796833801	0.09248000000002321	epochs	3.0
806.1429596833801	0.1792000000000371	epochs	2.0
806.1429596833801	0.09047999999995682	epochs	3.0
806.2334396833801	0.08872000000008029	epochs	3.0
806.3221596833802	0.17207999999993717	epochs	2.0
806.3221596833802	0.086879999999951	epochs	3.0
806.4090396833801	0.08519999999998618	epochs	3.0
806.4942396833801	0.165520000000015	epochs	2.0
806.4942396833801	0.08360000000004675	epochs	3.0
806.5778396833801	0.08191999999996824	epochs	3.0
806.6597596833801	0.15952000000004318	epochs	2.0
806.6597596833801	0.08047999999996591	epochs	3.0
806.7402396833801	0.07904000000007727	epochs	3.0
806.8192796833802	0.15375999999992018	epochs	2.0
806.8192796833802	0.07759999999996126	epochs	3.0
806.8968796833801	0.07615999999995893	epochs	3.0
806.9730396833801	0.14856000000008862	epochs	2.0
806.9730396833801	0.07496000000003278	epochs	3.0
807.0479996833801	0.07360000000005584	epochs	3.0
807.1215996833802	0.14367999999990388	epochs	2.0
807.1215996833802	0.07247999999992771	epochs	3.0
807.1940796833801	0.07119999999997617	epochs	3.0
807.2652796833801	0.1390400000000227	epochs	2.0
807.2652796833801	0.07008000000007542	epochs	3.0
807.3353596833801	0.06895999999994729	epochs	3.0
807.4043196833801	0.13472000000001572	epochs	2.0
807.4043196833801	0.06792000000007192	epochs	3.0
807.4722396833802	0.0667999999999438	epochs	3.0
807.5390396833801	0.13071999999999662	epochs	2.0
807.5390396833801	0.06583999999998014	epochs	3.0
807.6048796833801	0.06488000000001648	epochs	3.0
807.6697596833801	0.1268000000000029	epochs	2.0
807.6697596833801	0.06384000000002743	epochs	3.0
807.7335996833801	0.06295999999997548	epochs	3.0
807.7965596833801	0.12328000000002248	epochs	2.0
807.7965596833801	0.062080000000037217	epochs	3.0
807.8586396833801	0.061199999999985266	epochs	3.0
807.9198396833801	0.11983999999995376	epochs	2.0
807.9198396833801	0.060320000000047	epochs	3.0
807.9801596833802	0.05951999999990676	epochs	3.0
808.0396796833801	0.1166400000000749	epochs	2.0
808.0396796833801	0.05871999999999389	epochs	3.0
808.0983996833801	0.05792000000008102	epochs	3.0
808.1563196833802	0.11360000000001946	epochs	2.0
808.1563196833802	0.05719999999996617	epochs	3.0
808.2135196833801	0.056400000000053296	epochs	3.0
808.2699196833802	0.11071999999990112	epochs	2.0
808.2699196833802	0.055679999999938445	epochs	3.0
808.3255996833801	0.055039999999962674	epochs	3.0
808.3806396833801	0.10792000000003554	epochs	2.0
808.3806396833801	0.054240000000049804	epochs	3.0
808.4348796833801	0.05367999999998574	epochs	3.0
808.4885596833801	0.10527999999999338	epochs	2.0
808.4885596833801	0.052959999999984575	epochs	3.0
808.5415196833801	0.052320000000008804	epochs	3.0
808.5938396833801	0.1028800000000274	epochs	2.0
808.5938396833801	0.051760000000058426	epochs	3.0
808.6455996833802	0.05111999999996897	epochs	3.0
808.6967196833801	0.10040000000003602	epochs	2.0
808.6967196833801	0.0504799999999932	epochs	3.0
808.7471996833801	0.04992000000004282	epochs	3.0
808.7971196833802	0.09823999999991884	epochs	2.0
808.7971196833802	0.049359999999978754	epochs	3.0
808.8464796833802	0.04887999999994008	epochs	3.0
808.8953596833801	0.09600000000000364	epochs	2.0
808.8953596833801	0.048240000000078	epochs	3.0
808.9435996833802	0.04775999999992564	epochs	3.0
808.9913596833801	0.09392000000002554	epochs	2.0
808.9913596833801	0.04719999999997526	epochs	3.0
809.0385596833801	0.04672000000005028	epochs	3.0
809.0852796833801	0.09191999999995915	epochs	2.0
809.0852796833801	0.04615999999998621	epochs	3.0
809.1314396833801	0.04575999999997293	epochs	3.0
809.1771996833801	0.09008000000005723	epochs	2.0
809.1771996833801	0.04528000000004795	epochs	3.0
809.2224796833801	0.04480000000000928	epochs	3.0
809.2672796833801	0.08816000000001623	epochs	2.0
809.2672796833801	0.044319999999970605	epochs	3.0
809.3115996833801	0.04384000000004562	epochs	3.0
809.3554396833802	0.08647999999993772	epochs	2.0
809.3554396833802	0.043439999999918655	epochs	3.0
809.3988796833801	0.04304000000001906	epochs	3.0
809.4419196833801	0.08472000000006119	epochs	2.0
809.4419196833801	0.04255999999998039	epochs	3.0
809.4844796833801	0.0421600000000808	epochs	3.0
809.5266396833802	0.08319999999991978	epochs	2.0
809.5266396833802	0.041759999999953834	epochs	3.0
809.5683996833801	0.04143999999996595	epochs	3.0
809.6098396833801	0.08152000000006865	epochs	2.0
809.6098396833801	0.040960000000040964	epochs	3.0
809.6507996833801	0.040560000000027685	epochs	3.0
809.6913596833801	0.08007999999995263	epochs	2.0
809.6913596833801	0.0402400000000398	epochs	3.0
809.7315996833802	0.039839999999912834	epochs	3.0
809.7714396833801	0.07864000000006399	epochs	2.0
809.7714396833801	0.039520000000038635	epochs	3.0
809.8109596833801	0.03912000000002536	epochs	3.0
809.8500796833802	0.07719999999994798	epochs	2.0
809.8500796833802	0.038799999999923784	epochs	3.0
809.8888796833801	0.03840000000002419	epochs	3.0
809.9272796833801	0.07591999999999643	epochs	2.0
809.9272796833801	0.0381600000000617	epochs	3.0
809.9654396833802	0.037759999999934735	epochs	3.0
810.0031996833801	0.0745600000000195	epochs	2.0
810.0031996833801	0.037440000000060536	epochs	3.0
810.0406396833802	0.037119999999958964	epochs	3.0
810.0777596833801	0.07335999999997966	epochs	2.0
810.0777596833801	0.03679999999997108	epochs	3.0
810.1145596833801	0.036560000000008586	epochs	3.0
810.1511196833801	0.07208000000002812	epochs	2.0
810.1511196833801	0.03615999999999531	epochs	3.0
810.1872796833801	0.035920000000032815	epochs	3.0
810.2231996833801	0.07087999999998829	epochs	2.0
810.2231996833801	0.03560000000004493	epochs	3.0
810.2587996833802	0.03527999999994336	epochs	3.0
810.2940796833801	0.06983999999999924	epochs	2.0
810.2940796833801	0.035039999999980864	epochs	3.0
810.3291196833801	0.03480000000001837	epochs	3.0
810.3639196833801	0.0686399999999594	epochs	2.0
810.3639196833801	0.034480000000030486	epochs	3.0
810.3983996833801	0.034159999999928914	epochs	3.0
810.4325596833801	0.06760000000008404	epochs	2.0
810.4325596833801	0.03392000000008011	epochs	3.0
810.4664796833802	0.03368000000000393	epochs	3.0
810.5001596833802	0.0665599999999813	epochs	2.0
810.5001596833802	0.03343999999992775	epochs	3.0
810.5335996833801	0.03312000000005355	epochs	3.0
810.5667196833801	0.06560000000001764	epochs	2.0
810.5667196833801	0.032960000000002765	epochs	3.0
810.5996796833801	0.03264000000001488	epochs	3.0
810.6323196833802	0.06455999999991491	epochs	2.0
810.6323196833802	0.0323999999999387	epochs	3.0
810.6647196833801	0.03215999999997621	epochs	3.0
810.6968796833801	0.06368000000009033	epochs	2.0
810.6968796833801	0.03200000000003911	epochs	3.0
810.7288796833801	0.03168000000005122	epochs	3.0
810.7605596833802	0.06272000000001299	epochs	2.0
810.7605596833802	0.03143999999997504	epochs	3.0
810.7919996833801	0.031280000000037944	epochs	3.0
810.8232796833802	0.06183999999996104	epochs	2.0
810.8232796833802	0.031039999999961765	epochs	3.0
810.8543196833801	0.030799999999999272	epochs	3.0
810.8851196833801	0.060960000000022774	epochs	2.0
810.8851196833801	0.03056000000003678	epochs	3.0
810.9156796833802	0.030399999999985994	epochs	3.0
810.9460796833802	0.060159999999996217	epochs	2.0
810.9460796833802	0.030159999999909815	epochs	3.0
810.9762396833801	0.030000000000086402	epochs	3.0
811.0062396833802	0.059279999999944266	epochs	2.0
811.0062396833802	0.02967999999998483	epochs	3.0
811.0359196833801	0.029599999999959437	epochs	3.0
811.0655196833801	0.058480000000031396	epochs	2.0
811.0655196833801	0.029359999999996944	epochs	3.0
811.0948796833801	0.02912000000003445	epochs	3.0
811.1239996833801	0.05776000000003023	epochs	2.0
811.1239996833801	0.028959999999983665	epochs	3.0
811.1529596833801	0.028800000000046566	epochs	3.0
811.1817596833802	0.056960000000003674	epochs	2.0
811.1817596833802	0.028559999999970387	epochs	3.0
811.2103196833801	0.028400000000033288	epochs	3.0
811.2387196833802	0.05624000000000251	epochs	2.0
811.2387196833802	0.028159999999957108	epochs	3.0
811.2668796833801	0.028080000000045402	epochs	3.0
811.2949596833802	0.05543999999997595	epochs	2.0
811.2949596833802	0.027839999999969223	epochs	3.0
811.3227996833801	0.02760000000000673	epochs	3.0
811.3503996833801	0.054880000000025575	epochs	2.0
811.3503996833801	0.027519999999981337	epochs	3.0
811.3779196833801	0.027360000000044238	epochs	3.0
811.4052796833802	0.05407999999999902	epochs	2.0
811.4052796833802	0.02711999999996806	epochs	3.0
811.4323996833801	0.02696000000003096	epochs	3.0
811.4593596833802	0.05343999999990956	epochs	2.0
811.4593596833802	0.026799999999980173	epochs	3.0
811.4861596833802	0.026639999999929387	epochs	3.0
811.5127996833801	0.05288000000007287	epochs	2.0
811.5127996833801	0.026479999999992287	epochs	3.0
811.5392796833801	0.02640000000008058	epochs	3.0
811.5656796833802	0.05215999999995802	epochs	2.0
811.5656796833802	0.026160000000004402	epochs	3.0
811.5918396833802	0.025999999999953616	epochs	3.0
811.6178396833801	0.05151999999998225	epochs	2.0
811.6178396833801	0.025840000000016516	epochs	3.0
811.6436796833801	0.02567999999996573	epochs	3.0
811.6693596833801	0.05096000000003187	epochs	2.0
811.6693596833801	0.025600000000054024	epochs	3.0
811.6949596833801	0.025359999999977845	epochs	3.0
811.7203196833801	0.050399999999967804	epochs	2.0
811.7203196833801	0.02527999999995245	epochs	3.0
811.7455996833801	0.025120000000015352	epochs	3.0
811.7707196833801	0.04975999999999203	epochs	2.0
811.7707196833801	0.024960000000078253	epochs	3.0
811.7956796833802	0.02479999999991378	epochs	3.0
811.8204796833801	0.049200000000041655	epochs	2.0
811.8204796833801	0.024640000000090367	epochs	3.0
811.8451196833802	0.024559999999951287	epochs	3.0
811.8696796833801	0.04872000000000298	epochs	2.0
811.8696796833801	0.024400000000014188	epochs	3.0
811.8940796833801	0.024319999999988795	epochs	3.0
811.9183996833801	0.04808000000002721	epochs	2.0
811.9183996833801	0.024080000000026303	epochs	3.0
811.9424796833802	0.02400000000000091	epochs	3.0
811.9664796833802	0.04759999999998854	epochs	2.0
811.9664796833802	0.023839999999950123	epochs	3.0
811.9903196833801	0.023760000000038417	epochs	3.0
812.0140796833801	0.04711999999994987	epochs	2.0
812.0140796833801	0.02359999999998763	epochs	3.0
812.0376796833801	0.023519999999962238	epochs	3.0
812.0611996833801	0.04655999999999949	epochs	2.0
812.0611996833801	0.02336000000002514	epochs	3.0
812.0845596833801	0.023199999999974352	epochs	3.0
812.1077596833801	0.046080000000074506	epochs	2.0
812.1077596833801	0.023120000000062646	epochs	3.0
812.1308796833802	0.02296000000001186	epochs	3.0
812.1538396833802	0.04559999999992215	epochs	2.0
812.1538396833802	0.022879999999986467	epochs	3.0
812.1767196833802	0.02271999999993568	epochs	3.0
812.1994396833801	0.04511999999999716	epochs	2.0
812.1994396833801	0.022640000000023974	epochs	3.0
812.2220796833801	0.022479999999973188	epochs	3.0
812.2445596833801	0.04464000000007218	epochs	2.0
812.2445596833801	0.022400000000061482	epochs	3.0
812.2669596833802	0.022240000000010696	epochs	3.0
812.2891996833802	0.04423999999994521	epochs	2.0
812.2891996833802	0.022159999999985303	epochs	3.0
812.3113596833801	0.02207999999995991	epochs	3.0
812.3334396833801	0.04376000000002023	epochs	2.0
812.3334396833801	0.02192000000002281	epochs	3.0
812.3553596833801	0.021839999999997417	epochs	3.0
812.3771996833801	0.04336000000000695	epochs	2.0
812.3771996833801	0.021759999999972024	epochs	3.0
812.3989596833801	0.021600000000034925	epochs	3.0
812.4205596833801	0.04287999999996828	epochs	2.0
812.4205596833801	0.02143999999998414	epochs	3.0
812.4419996833801	0.02143999999998414	epochs	3.0
812.4634396833801	0.042480000000068685	epochs	2.0
812.4634396833801	0.02128000000004704	epochs	3.0
812.4847196833801	0.021200000000021646	epochs	3.0
812.5059196833802	0.04207999999994172	epochs	2.0
812.5059196833802	0.02103999999997086	epochs	3.0
812.5269596833801	0.02103999999997086	epochs	3.0
812.5479996833801	0.04168000000004213	epochs	2.0
812.5479996833801	0.02088000000003376	epochs	3.0
812.5688796833801	0.020800000000008367	epochs	3.0
812.5896796833802	0.041200000000003456	epochs	2.0
812.5896796833802	0.02063999999995758	epochs	3.0
812.6103196833801	0.020560000000045875	epochs	3.0
812.6308796833802	0.04088000000001557	epochs	2.0
812.6308796833802	0.020559999999932188	epochs	3.0
812.6514396833801	0.020320000000083382	epochs	3.0
812.6717596833802	0.040559999999914	epochs	2.0
812.6717596833802	0.020319999999969696	epochs	3.0
812.6920796833801	0.020239999999944303	epochs	3.0
812.7123196833801	0.04007999999998901	epochs	2.0
812.7123196833801	0.020080000000007203	epochs	3.0
812.7323996833801	0.01999999999998181	epochs	3.0
812.7523996833801	0.03976000000000113	epochs	2.0
812.7523996833801	0.019920000000070104	epochs	3.0
812.7723196833801	0.019839999999931024	epochs	3.0
812.7921596833801	0.03944000000001324	epochs	2.0
812.7921596833801	0.019760000000019318	epochs	3.0
812.8119196833801	0.019679999999993925	epochs	3.0
812.8315996833801	0.039039999999999964	epochs	2.0
812.8315996833801	0.019520000000056825	epochs	3.0
812.8511196833801	0.01951999999994314	epochs	3.0
812.8706396833801	0.038639999999986685	epochs	2.0
812.8706396833801	0.01936000000000604	epochs	3.0
812.8899996833801	0.019279999999980646	epochs	3.0
812.9092796833801	0.03840000000002419	epochs	2.0
812.9092796833801	0.019280000000094333	epochs	3.0
812.9285596833802	0.01911999999992986	epochs	3.0
812.9476796833801	0.038000000000010914	epochs	2.0
812.9476796833801	0.019040000000018154	epochs	3.0
812.9667196833801	0.01895999999999276	epochs	3.0
812.9856796833801	0.03768000000002303	epochs	2.0
812.9856796833801	0.018879999999967367	epochs	3.0
813.0045596833801	0.01880000000005566	epochs	3.0
813.0233596833801	0.03736000000003514	epochs	2.0
813.0233596833801	0.018720000000030268	epochs	3.0
813.0420796833802	0.018640000000004875	epochs	3.0
813.0607196833802	0.03703999999993357	epochs	2.0
813.0607196833802	0.018559999999979482	epochs	3.0
813.0792796833802	0.01847999999995409	epochs	3.0
813.0977596833801	0.03672000000005937	epochs	2.0
813.0977596833801	0.018400000000042382	epochs	3.0
813.1161596833801	0.01832000000001699	epochs	3.0
813.1344796833802	0.03647999999998319	epochs	2.0
813.1344796833802	0.018239999999991596	epochs	3.0
813.1527196833802	0.018239999999991596	epochs	3.0
813.1709596833801	0.036079999999969914	epochs	2.0
813.1709596833801	0.01807999999994081	epochs	3.0
813.1890396833801	0.018000000000029104	epochs	3.0
813.2070396833801	0.03584000000000742	epochs	2.0
813.2070396833801	0.01792000000000371	epochs	3.0
813.2249596833801	0.01792000000000371	epochs	3.0
813.2428796833801	0.035520000000019536	epochs	2.0
813.2428796833801	0.017759999999952925	epochs	3.0
813.2606396833801	0.01776000000006661	epochs	3.0
813.2783996833801	0.03520000000003165	epochs	2.0
813.2783996833801	0.01768000000004122	epochs	3.0
813.2960796833802	0.017519999999990432	epochs	3.0
813.3135996833802	0.03495999999995547	epochs	2.0
813.3135996833802	0.017519999999990432	epochs	3.0
813.3311196833802	0.01743999999996504	epochs	3.0
813.3485596833801	0.03471999999999298	epochs	2.0
813.3485596833801	0.01743999999996504	epochs	3.0
813.3659996833801	0.01728000000002794	epochs	3.0
813.3832796833801	0.03440000000000509	epochs	2.0
813.3832796833801	0.017200000000002547	epochs	3.0
813.4004796833801	0.017200000000002547	epochs	3.0
813.4176796833801	0.0341600000000426	epochs	2.0
813.4176796833801	0.017119999999977153	epochs	3.0
813.4347996833801	0.017040000000065447	epochs	3.0
813.4518396833802	0.03383999999994103	epochs	2.0
813.4518396833802	0.016959999999926367	epochs	3.0
813.4687996833801	0.01688000000001466	epochs	3.0
813.4856796833801	0.033599999999978536	epochs	2.0
813.4856796833801	0.016799999999989268	epochs	3.0
813.5024796833801	0.016799999999989268	epochs	3.0
813.5192796833801	0.033360000000016043	epochs	2.0
813.5192796833801	0.01672000000007756	epochs	3.0
813.5359996833802	0.016639999999938482	epochs	3.0
813.5526396833801	0.03312000000005355	epochs	2.0
813.5526396833801	0.016560000000026776	epochs	3.0
813.5691996833801	0.016560000000026776	epochs	3.0
813.5857596833802	0.03279999999995198	epochs	2.0
813.5857596833802	0.01639999999997599	epochs	3.0
813.6021596833801	0.01639999999997599	epochs	3.0
813.6185596833801	0.032559999999989486	epochs	2.0
813.6185596833801	0.016320000000064283	epochs	3.0
813.6348796833802	0.016239999999925203	epochs	3.0
813.6511196833801	0.03240000000005239	epochs	2.0
813.6511196833801	0.01624000000003889	epochs	3.0
813.6673596833801	0.016160000000013497	epochs	3.0
813.6835196833802	0.032079999999950815	epochs	2.0
813.6835196833802	0.016079999999988104	epochs	3.0
813.6995996833801	0.01599999999996271	epochs	3.0
813.7155996833801	0.031920000000013715	epochs	2.0
813.7155996833801	0.016000000000076398	epochs	3.0
813.7315996833802	0.015919999999937318	epochs	3.0
813.7475196833801	0.03160000000002583	epochs	2.0
813.7475196833801	0.01584000000002561	epochs	3.0
813.7633596833801	0.01576000000000022	epochs	3.0
813.7791196833801	0.03143999999997504	epochs	2.0
813.7791196833801	0.01576000000000022	epochs	3.0
813.7948796833801	0.015679999999974825	epochs	3.0
813.8105596833801	0.03120000000001255	epochs	2.0
813.8105596833801	0.015600000000063119	epochs	3.0
813.8261596833802	0.015599999999949432	epochs	3.0
813.8417596833801	0.03096000000005006	epochs	2.0
813.8417596833801	0.015520000000037726	epochs	3.0
813.8572796833802	0.015440000000012333	epochs	3.0
813.8727196833802	0.03071999999997388	epochs	2.0
813.8727196833802	0.015439999999898646	epochs	3.0
813.8881596833801	0.015280000000075233	epochs	3.0
813.9034396833802	0.030559999999923093	epochs	2.0
813.9034396833802	0.01535999999998694	epochs	3.0
813.9187996833801	0.015199999999936153	epochs	3.0
813.9339996833801	0.030320000000074288	epochs	2.0
813.9339996833801	0.01520000000004984	epochs	3.0
813.9491996833801	0.015120000000024447	epochs	3.0
813.9643196833802	0.030079999999998108	epochs	2.0
813.9643196833802	0.015120000000024447	epochs	3.0
813.9794396833802	0.014959999999973661	epochs	3.0
813.9943996833802	0.029919999999947322	epochs	2.0
813.9943996833802	0.015039999999999054	epochs	3.0
814.0094396833802	0.014879999999948268	epochs	3.0
814.0243196833801	0.02967999999998483	epochs	2.0
814.0243196833801	0.014880000000061955	epochs	3.0
814.0391996833802	0.014799999999922875	epochs	3.0
814.0539996833801	0.02952000000004773	epochs	2.0
814.0539996833801	0.014800000000036562	epochs	3.0
814.0687996833801	0.014720000000011169	epochs	3.0
814.0835196833801	0.02927999999997155	epochs	2.0
814.0835196833801	0.014720000000011169	epochs	3.0
814.0982396833801	0.014559999999960382	epochs	3.0
814.1127996833801	0.02912000000003445	epochs	2.0
814.1127996833801	0.014639999999985776	epochs	3.0
814.1274396833801	0.014480000000048676	epochs	3.0
814.1419196833801	0.028959999999983665	epochs	2.0
814.1419196833801	0.01447999999993499	epochs	3.0
814.1563996833801	0.014480000000048676	epochs	3.0
814.1708796833801	0.02863999999999578	epochs	2.0
814.1708796833801	0.01431999999999789	epochs	3.0
814.1851996833801	0.01431999999999789	epochs	3.0
814.1995196833801	0.028559999999970387	epochs	2.0
814.1995196833801	0.01431999999999789	epochs	3.0
814.2138396833801	0.014239999999972497	epochs	3.0
814.2280796833801	0.028320000000007894	epochs	2.0
814.2280796833801	0.01416000000006079	epochs	3.0
814.2422396833801	0.014159999999947104	epochs	3.0
814.2563996833801	0.028160000000070795	epochs	2.0
814.2563996833801	0.01416000000006079	epochs	3.0
814.2705596833802	0.014000000000010004	epochs	3.0
814.2845596833802	0.027999999999906322	epochs	2.0
814.2845596833802	0.014000000000010004	epochs	3.0
814.2985596833802	0.013999999999896318	epochs	3.0
814.3125596833801	0.027760000000057516	epochs	2.0
814.3125596833801	0.013920000000098298	epochs	3.0
814.3264796833802	0.013839999999959218	epochs	3.0
814.3403196833801	0.027680000000032123	epochs	2.0
814.3403196833801	0.013839999999959218	epochs	3.0
814.3541596833801	0.013840000000072905	epochs	3.0
814.3679996833802	0.027439999999955944	epochs	2.0
814.3679996833802	0.013759999999933825	epochs	3.0
814.3817596833801	0.013680000000022119	epochs	3.0
814.3954396833801	0.027280000000018845	epochs	2.0
814.3954396833801	0.013680000000022119	epochs	3.0
814.4091196833801	0.013599999999996726	epochs	3.0
814.4227196833801	0.02711999999996806	epochs	2.0
814.4227196833801	0.013519999999971333	epochs	3.0
814.4362396833801	0.013599999999996726	epochs	3.0
814.4498396833801	0.026880000000005566	epochs	2.0
814.4498396833801	0.013440000000059626	epochs	3.0
814.4632796833802	0.01343999999994594	epochs	3.0
814.4767196833801	0.026799999999980173	epochs	2.0
814.4767196833801	0.013440000000059626	epochs	3.0
814.4901596833802	0.013359999999920547	epochs	3.0
814.5035196833801	0.02656000000001768	epochs	2.0
814.5035196833801	0.01328000000000884	epochs	3.0
814.5167996833801	0.01328000000000884	epochs	3.0
814.5300796833801	0.026479999999992287	epochs	2.0
814.5300796833801	0.01328000000000884	epochs	3.0
814.5433596833801	0.013199999999983447	epochs	3.0
814.5565596833801	0.026240000000029795	epochs	2.0
814.5565596833801	0.013120000000071741	epochs	3.0
814.5696796833802	0.013119999999958054	epochs	3.0
814.5827996833801	0.026160000000004402	epochs	2.0
814.5827996833801	0.013119999999958054	epochs	3.0
814.5959196833801	0.013040000000046348	epochs	3.0
814.6089596833801	0.025999999999953616	epochs	2.0
814.6089596833801	0.013040000000046348	epochs	3.0
814.6219996833802	0.012959999999907268	epochs	3.0
814.6349596833801	0.025759999999991123	epochs	2.0
814.6349596833801	0.012879999999995562	epochs	3.0
814.6478396833801	0.012879999999995562	epochs	3.0
814.6607196833801	0.025680000000079417	epochs	2.0
814.6607196833801	0.012879999999995562	epochs	3.0
814.6735996833801	0.012800000000083855	epochs	3.0
814.6863996833802	0.025519999999914944	epochs	2.0
814.6863996833802	0.012799999999970169	epochs	3.0
814.6991996833801	0.012719999999944775	epochs	3.0
814.7119196833801	0.02536000000009153	epochs	2.0
814.7119196833801	0.012720000000058462	epochs	3.0
814.7246396833801	0.01264000000003307	epochs	3.0
814.7372796833802	0.02519999999992706	epochs	2.0
814.7372796833802	0.012639999999919382	epochs	3.0
814.7499196833801	0.012560000000007676	epochs	3.0
814.7624796833801	0.024560000000064974	epochs	2.0
814.7864816833801	0.5	epochs	-1.0
814.7870396833802	0.5341599999999289	epochs	1.0
815.3211996833801	0.4657600000000457	epochs	0.0
817.8039999008179	0.10504000000003089	epochs	0.0
817.8039999008179	0.04751999999996315	epochs	1.0
817.8515199008178	0.010080000000016298	epochs	1.0
817.8615999008179	0.04744000000005144	epochs	1.0
817.9090399008179	2.0	epochs	0.0
819.9090399008179	21.514239999999972	epochs	0.0
819.9090399008179	1.0	epochs	1.0
819.9090419008179	0.5	epochs	-1.0
820.4090419008179	19.999439999999936	epochs	-1.0
820.9090399008179	20.0	epochs	1.0
820.9090399008179	8.000000002539309e-05	epochs	2.0
820.9091199008179	4.356719999999996	epochs	-1.0
820.9091199008179	1.9745599999999968	epochs	2.0
820.9091199008179	1.0985599999999067	epochs	3.0
822.0076799008178	0.87600000000009	epochs	3.0
822.8836799008179	1.3523999999999887	epochs	2.0
822.8836799008179	0.7286399999999276	epochs	3.0
823.6123199008179	0.6237600000000612	epochs	3.0
824.2360799008179	1.0297600000000102	epochs	2.0
824.2360799008179	0.5453599999999597	epochs	3.0
824.7814399008179	0.48440000000005057	epochs	3.0
825.2658399008179	0.8317599999999175	epochs	2.0
825.2658399008179	0.4357599999999593	epochs	3.0
825.7015999008179	0.39599999999995816	epochs	3.0
826.0975999008178	0.697840000000042	epochs	2.0
826.0975999008178	0.3628800000000183	epochs	3.0
826.4604799008179	0.3349600000000237	epochs	3.0
826.7954399008179	0.6010400000000118	epochs	2.0
826.7954399008179	0.3108799999999974	epochs	3.0
827.1063199008179	0.2901600000000144	epochs	3.0
827.3964799008179	0.5278399999999692	epochs	2.0
827.3964799008179	0.2719200000000228	epochs	3.0
827.6683999008179	0.2559199999999464	epochs	3.0
827.9243199008179	0.47064000000000306	epochs	2.0
827.9243199008179	0.24167999999997392	epochs	3.0
828.1659999008178	0.22896000000002914	epochs	3.0
828.3949599008179	0.42456000000004224	epochs	2.0
828.3949599008179	0.2174400000000105	epochs	3.0
828.6123999008179	0.20712000000003172	epochs	3.0
828.8195199008179	0.3867199999999684	epochs	2.0
828.8195199008179	0.1976799999999912	epochs	3.0
829.0171999008179	0.18903999999997723	epochs	3.0
829.2062399008179	0.3551199999999426	epochs	2.0
829.2062399008179	0.1811999999999898	epochs	3.0
829.3874399008179	0.17391999999995278	epochs	3.0
829.5613599008178	0.3282400000000507	epochs	2.0
829.5613599008178	0.1672000000000935	epochs	3.0
829.7285599008179	0.16103999999995722	epochs	3.0
829.8895999008179	0.30520000000001346	epochs	2.0
829.8895999008179	0.1552799999999479	epochs	3.0
830.0448799008178	0.14992000000006556	epochs	3.0
830.1947999008179	0.28512000000000626	epochs	2.0
830.1947999008179	0.14487999999994372	epochs	3.0
830.3396799008178	0.14024000000006254	epochs	3.0
830.4799199008179	0.26751999999999043	epochs	2.0
830.4799199008179	0.13584000000003016	epochs	3.0
830.6157599008179	0.13167999999996027	epochs	3.0
830.7474399008179	0.2520799999999781	epochs	2.0
830.7474399008179	0.12783999999999196	epochs	3.0
830.8752799008179	0.12423999999998614	epochs	3.0
830.9995199008179	0.2381599999999935	epochs	2.0
830.9995199008179	0.12072000000000571	epochs	3.0
831.1202399008179	0.11743999999998778	epochs	3.0
831.2376799008179	0.225840000000062	epochs	2.0
831.2376799008179	0.11440000000004602	epochs	3.0
831.3520799008179	0.11144000000001597	epochs	3.0
831.4635199008179	0.21463999999991756	epochs	2.0
831.4635199008179	0.10863999999992302	epochs	3.0
831.5721599008178	0.10599999999999454	epochs	3.0
831.6781599008178	0.20447999999998956	epochs	2.0
831.6781599008178	0.10344000000009146	epochs	3.0
831.7815999008179	0.1010399999998981	epochs	3.0
831.8826399008178	0.1953600000000506	epochs	2.0
831.8826399008178	0.09880000000009659	epochs	3.0
831.9814399008179	0.09655999999995402	epochs	3.0
832.0779999008179	0.18695999999999913	epochs	2.0
832.0779999008179	0.09447999999997592	epochs	3.0
832.1724799008178	0.09248000000002321	epochs	3.0
832.2649599008179	0.1792000000000371	epochs	2.0
832.2649599008179	0.09047999999995682	epochs	3.0
832.3554399008178	0.08872000000008029	epochs	3.0
832.4441599008179	0.17207999999993717	epochs	2.0
832.4441599008179	0.086879999999951	epochs	3.0
832.5310399008179	0.08519999999998618	epochs	3.0
832.6162399008178	0.165520000000015	epochs	2.0
832.6162399008178	0.08360000000004675	epochs	3.0
832.6998399008179	0.08191999999996824	epochs	3.0
832.7817599008179	0.15952000000004318	epochs	2.0
832.7817599008179	0.08047999999996591	epochs	3.0
832.8622399008178	0.07904000000007727	epochs	3.0
832.9412799008179	0.15375999999992018	epochs	2.0
832.9412799008179	0.07759999999996126	epochs	3.0
833.0188799008179	0.07615999999995893	epochs	3.0
833.0950399008178	0.14856000000008862	epochs	2.0
833.0950399008178	0.07496000000003278	epochs	3.0
833.1699999008179	0.07360000000005584	epochs	3.0
833.2435999008179	0.14367999999990388	epochs	2.0
833.2435999008179	0.07247999999992771	epochs	3.0
833.3160799008178	0.07119999999997617	epochs	3.0
833.3872799008178	0.1390400000000227	epochs	2.0
833.3872799008178	0.07008000000007542	epochs	3.0
833.4573599008179	0.06895999999994729	epochs	3.0
833.5263199008178	0.13472000000001572	epochs	2.0
833.5263199008178	0.06792000000007192	epochs	3.0
833.5942399008179	0.0667999999999438	epochs	3.0
833.6610399008179	0.13071999999999662	epochs	2.0
833.6610399008179	0.06583999999998014	epochs	3.0
833.7268799008178	0.06488000000001648	epochs	3.0
833.7917599008179	0.1268000000000029	epochs	2.0
833.7917599008179	0.06384000000002743	epochs	3.0
833.8555999008179	0.06295999999997548	epochs	3.0
833.9185599008179	0.12328000000002248	epochs	2.0
833.9185599008179	0.062080000000037217	epochs	3.0
833.9806399008179	0.061199999999985266	epochs	3.0
834.0418399008179	0.11983999999995376	epochs	2.0
834.0418399008179	0.060320000000047	epochs	3.0
834.1021599008179	0.05951999999990676	epochs	3.0
834.1616799008178	0.1166400000000749	epochs	2.0
834.1616799008178	0.05871999999999389	epochs	3.0
834.2203999008178	0.05792000000008102	epochs	3.0
834.2783199008179	0.11360000000001946	epochs	2.0
834.2783199008179	0.05719999999996617	epochs	3.0
834.3355199008179	0.056400000000053296	epochs	3.0
834.3919199008179	0.11071999999990112	epochs	2.0
834.3919199008179	0.055679999999938445	epochs	3.0
834.4475999008179	0.055039999999962674	epochs	3.0
834.5026399008178	0.10792000000003554	epochs	2.0
834.5026399008178	0.054240000000049804	epochs	3.0
834.5568799008179	0.05367999999998574	epochs	3.0
834.6105599008179	0.10527999999999338	epochs	2.0
834.6105599008179	0.052959999999984575	epochs	3.0
834.6635199008178	0.052320000000008804	epochs	3.0
834.7158399008179	0.1028800000000274	epochs	2.0
834.7158399008179	0.051760000000058426	epochs	3.0
834.7675999008179	0.05111999999996897	epochs	3.0
834.8187199008179	0.10040000000003602	epochs	2.0
834.8187199008179	0.0504799999999932	epochs	3.0
834.8691999008179	0.04992000000004282	epochs	3.0
834.9191199008179	0.09823999999991884	epochs	2.0
834.9191199008179	0.049359999999978754	epochs	3.0
834.9684799008179	0.04887999999994008	epochs	3.0
835.0173599008178	0.09600000000000364	epochs	2.0
835.0173599008178	0.048240000000078	epochs	3.0
835.0655999008179	0.04775999999992564	epochs	3.0
835.1133599008178	0.09392000000002554	epochs	2.0
835.1133599008178	0.04719999999997526	epochs	3.0
835.1605599008178	0.04672000000005028	epochs	3.0
835.2072799008179	0.09191999999995915	epochs	2.0
835.2072799008179	0.04615999999998621	epochs	3.0
835.2534399008179	0.04575999999997293	epochs	3.0
835.2991999008178	0.09008000000005723	epochs	2.0
835.2991999008178	0.04528000000004795	epochs	3.0
835.3444799008179	0.04480000000000928	epochs	3.0
835.3892799008179	0.08816000000001623	epochs	2.0
835.3892799008179	0.044319999999970605	epochs	3.0
835.4335999008179	0.04384000000004562	epochs	3.0
835.4774399008179	0.08647999999993772	epochs	2.0
835.4774399008179	0.043439999999918655	epochs	3.0
835.5208799008178	0.04304000000001906	epochs	3.0
835.5639199008178	0.08472000000006119	epochs	2.0
835.5639199008178	0.04255999999998039	epochs	3.0
835.6064799008178	0.0421600000000808	epochs	3.0
835.6486399008179	0.08319999999991978	epochs	2.0
835.6486399008179	0.041759999999953834	epochs	3.0
835.6903999008179	0.04143999999996595	epochs	3.0
835.7318399008178	0.08152000000006865	epochs	2.0
835.7318399008178	0.040960000000040964	epochs	3.0
835.7727999008179	0.040560000000027685	epochs	3.0
835.8133599008179	0.08007999999995263	epochs	2.0
835.8133599008179	0.0402400000000398	epochs	3.0
835.8535999008179	0.039839999999912834	epochs	3.0
835.8934399008178	0.07864000000006399	epochs	2.0
835.8934399008178	0.039520000000038635	epochs	3.0
835.9329599008179	0.03912000000002536	epochs	3.0
835.9720799008179	0.07719999999994798	epochs	2.0
835.9720799008179	0.038799999999923784	epochs	3.0
836.0108799008178	0.03840000000002419	epochs	3.0
836.0492799008179	0.07591999999999643	epochs	2.0
836.0492799008179	0.0381600000000617	epochs	3.0
836.0874399008179	0.037759999999934735	epochs	3.0
836.1251999008178	0.0745600000000195	epochs	2.0
836.1251999008178	0.037440000000060536	epochs	3.0
836.1626399008179	0.037119999999958964	epochs	3.0
836.1997599008179	0.07335999999997966	epochs	2.0
836.1997599008179	0.03679999999997108	epochs	3.0
836.2365599008178	0.036560000000008586	epochs	3.0
836.2731199008178	0.07208000000002812	epochs	2.0
836.2731199008178	0.03615999999999531	epochs	3.0
836.3092799008178	0.035920000000032815	epochs	3.0
836.3451999008179	0.07087999999998829	epochs	2.0
836.3451999008179	0.03560000000004493	epochs	3.0
836.3807999008179	0.03527999999994336	epochs	3.0
836.4160799008179	0.06983999999999924	epochs	2.0
836.4160799008179	0.035039999999980864	epochs	3.0
836.4511199008178	0.03480000000001837	epochs	3.0
836.4859199008179	0.0686399999999594	epochs	2.0
836.4859199008179	0.034480000000030486	epochs	3.0
836.5203999008179	0.034159999999928914	epochs	3.0
836.5545599008178	0.06760000000008404	epochs	2.0
836.5545599008178	0.03392000000008011	epochs	3.0
836.5884799008179	0.03368000000000393	epochs	3.0
836.6221599008179	0.0665599999999813	epochs	2.0
836.6221599008179	0.03343999999992775	epochs	3.0
836.6555999008178	0.03312000000005355	epochs	3.0
836.6887199008179	0.06560000000001764	epochs	2.0
836.6887199008179	0.032960000000002765	epochs	3.0
836.7216799008179	0.03264000000001488	epochs	3.0
836.7543199008179	0.06455999999991491	epochs	2.0
836.7543199008179	0.0323999999999387	epochs	3.0
836.7867199008178	0.03215999999997621	epochs	3.0
836.8188799008178	0.06368000000009033	epochs	2.0
836.8188799008178	0.03200000000003911	epochs	3.0
836.8508799008179	0.03168000000005122	epochs	3.0
836.8825599008179	0.06272000000001299	epochs	2.0
836.8825599008179	0.03143999999997504	epochs	3.0
836.9139999008179	0.031280000000037944	epochs	3.0
836.9452799008179	0.06183999999996104	epochs	2.0
836.9452799008179	0.031039999999961765	epochs	3.0
836.9763199008179	0.030799999999999272	epochs	3.0
837.0071199008179	0.060960000000022774	epochs	2.0
837.0071199008179	0.03056000000003678	epochs	3.0
837.0376799008179	0.030399999999985994	epochs	3.0
837.0680799008179	0.060159999999996217	epochs	2.0
837.0680799008179	0.030159999999909815	epochs	3.0
837.0982399008178	0.030000000000086402	epochs	3.0
837.1282399008179	0.059279999999944266	epochs	2.0
837.1282399008179	0.02967999999998483	epochs	3.0
837.1579199008179	0.029599999999959437	epochs	3.0
837.1875199008178	0.058480000000031396	epochs	2.0
837.1875199008178	0.029359999999996944	epochs	3.0
837.2168799008178	0.02912000000003445	epochs	3.0
837.2459999008179	0.05776000000003023	epochs	2.0
837.2459999008179	0.028959999999983665	epochs	3.0
837.2749599008179	0.028800000000046566	epochs	3.0
837.3037599008179	0.056960000000003674	epochs	2.0
837.3037599008179	0.028559999999970387	epochs	3.0
837.3323199008179	0.028400000000033288	epochs	3.0
837.3607199008179	0.05624000000000251	epochs	2.0
837.3607199008179	0.028159999999957108	epochs	3.0
837.3888799008179	0.028080000000045402	epochs	3.0
837.4169599008179	0.05543999999997595	epochs	2.0
837.4169599008179	0.027839999999969223	epochs	3.0
837.4447999008179	0.02760000000000673	epochs	3.0
837.4723999008179	0.054880000000025575	epochs	2.0
837.4723999008179	0.027519999999981337	epochs	3.0
837.4999199008179	0.027360000000044238	epochs	3.0
837.5272799008179	0.05407999999999902	epochs	2.0
837.5272799008179	0.02711999999996806	epochs	3.0
837.5543999008179	0.02696000000003096	epochs	3.0
837.5813599008179	0.05343999999990956	epochs	2.0
837.5813599008179	0.026799999999980173	epochs	3.0
837.6081599008179	0.026639999999929387	epochs	3.0
837.6347999008178	0.05288000000007287	epochs	2.0
837.6347999008178	0.026479999999992287	epochs	3.0
837.6612799008178	0.02640000000008058	epochs	3.0
837.6876799008179	0.05215999999995802	epochs	2.0
837.6876799008179	0.026160000000004402	epochs	3.0
837.7138399008179	0.025999999999953616	epochs	3.0
837.7398399008179	0.05151999999998225	epochs	2.0
837.7398399008179	0.025840000000016516	epochs	3.0
837.7656799008179	0.02567999999996573	epochs	3.0
837.7913599008178	0.05096000000003187	epochs	2.0
837.7913599008178	0.025600000000054024	epochs	3.0
837.8169599008179	0.025359999999977845	epochs	3.0
837.8423199008179	0.050399999999967804	epochs	2.0
837.8423199008179	0.02527999999995245	epochs	3.0
837.8675999008178	0.025120000000015352	epochs	3.0
837.8927199008178	0.04975999999999203	epochs	2.0
837.8927199008178	0.024960000000078253	epochs	3.0
837.9176799008179	0.02479999999991378	epochs	3.0
837.9424799008178	0.049200000000041655	epochs	2.0
837.9424799008178	0.024640000000090367	epochs	3.0
837.9671199008179	0.024559999999951287	epochs	3.0
837.9916799008179	0.04872000000000298	epochs	2.0
837.9916799008179	0.024400000000014188	epochs	3.0
838.0160799008179	0.024319999999988795	epochs	3.0
838.0403999008179	0.04808000000002721	epochs	2.0
838.0403999008179	0.024080000000026303	epochs	3.0
838.0644799008179	0.02400000000000091	epochs	3.0
838.0884799008179	0.04759999999998854	epochs	2.0
838.0884799008179	0.023839999999950123	epochs	3.0
838.1123199008179	0.023760000000038417	epochs	3.0
838.1360799008179	0.04711999999994987	epochs	2.0
838.1360799008179	0.02359999999998763	epochs	3.0
838.1596799008179	0.023519999999962238	epochs	3.0
838.1831999008178	0.04655999999999949	epochs	2.0
838.1831999008178	0.02336000000002514	epochs	3.0
838.2065599008179	0.023199999999974352	epochs	3.0
838.2297599008178	0.046080000000074506	epochs	2.0
838.2297599008178	0.023120000000062646	epochs	3.0
838.2528799008179	0.02296000000001186	epochs	3.0
838.2758399008179	0.04559999999992215	epochs	2.0
838.2758399008179	0.022879999999986467	epochs	3.0
838.2987199008179	0.02271999999993568	epochs	3.0
838.3214399008178	0.04511999999999716	epochs	2.0
838.3214399008178	0.022640000000023974	epochs	3.0
838.3440799008179	0.022479999999973188	epochs	3.0
838.3665599008178	0.04464000000007218	epochs	2.0
838.3665599008178	0.022400000000061482	epochs	3.0
838.3889599008179	0.022240000000010696	epochs	3.0
838.4111999008179	0.04423999999994521	epochs	2.0
838.4111999008179	0.022159999999985303	epochs	3.0
838.4333599008179	0.02207999999995991	epochs	3.0
838.4554399008179	0.04376000000002023	epochs	2.0
838.4554399008179	0.02192000000002281	epochs	3.0
838.4773599008179	0.021839999999997417	epochs	3.0
838.4991999008179	0.04336000000000695	epochs	2.0
838.4991999008179	0.021759999999972024	epochs	3.0
838.5209599008178	0.021600000000034925	epochs	3.0
838.5425599008179	0.04287999999996828	epochs	2.0
838.5425599008179	0.02143999999998414	epochs	3.0
838.5639999008179	0.02143999999998414	epochs	3.0
838.5854399008178	0.042480000000068685	epochs	2.0
838.5854399008178	0.02128000000004704	epochs	3.0
838.6067199008179	0.021200000000021646	epochs	3.0
838.6279199008179	0.04207999999994172	epochs	2.0
838.6279199008179	0.02103999999997086	epochs	3.0
838.6489599008179	0.02103999999997086	epochs	3.0
838.6699999008179	0.04168000000004213	epochs	2.0
838.6699999008179	0.02088000000003376	epochs	3.0
838.6908799008179	0.020800000000008367	epochs	3.0
838.7116799008179	0.041200000000003456	epochs	2.0
838.7116799008179	0.02063999999995758	epochs	3.0
838.7323199008179	0.020560000000045875	epochs	3.0
838.7528799008179	0.04088000000001557	epochs	2.0
838.7528799008179	0.020559999999932188	epochs	3.0
838.7734399008178	0.020320000000083382	epochs	3.0
838.7937599008179	0.040559999999914	epochs	2.0
838.7937599008179	0.020319999999969696	epochs	3.0
838.8140799008179	0.020239999999944303	epochs	3.0
838.8343199008178	0.04007999999998901	epochs	2.0
838.8343199008178	0.020080000000007203	epochs	3.0
838.8543999008178	0.01999999999998181	epochs	3.0
838.8743999008178	0.03976000000000113	epochs	2.0
838.8743999008178	0.019920000000070104	epochs	3.0
838.8943199008179	0.019839999999931024	epochs	3.0
838.9141599008178	0.03944000000001324	epochs	2.0
838.9141599008178	0.019760000000019318	epochs	3.0
838.9339199008178	0.019679999999993925	epochs	3.0
838.9535999008178	0.039039999999999964	epochs	2.0
838.9535999008178	0.019520000000056825	epochs	3.0
838.9731199008179	0.01951999999994314	epochs	3.0
838.9926399008178	0.038639999999986685	epochs	2.0
838.9926399008178	0.01936000000000604	epochs	3.0
839.0119999008178	0.019279999999980646	epochs	3.0
839.0312799008178	0.03840000000002419	epochs	2.0
839.0312799008178	0.019280000000094333	epochs	3.0
839.0505599008179	0.01911999999992986	epochs	3.0
839.0696799008178	0.038000000000010914	epochs	2.0
839.0696799008178	0.019040000000018154	epochs	3.0
839.0887199008179	0.01895999999999276	epochs	3.0
839.1076799008179	0.03768000000002303	epochs	2.0
839.1076799008179	0.018879999999967367	epochs	3.0
839.1265599008178	0.01880000000005566	epochs	3.0
839.1453599008179	0.03736000000003514	epochs	2.0
839.1453599008179	0.018720000000030268	epochs	3.0
839.1640799008179	0.018640000000004875	epochs	3.0
839.1827199008179	0.03703999999993357	epochs	2.0
839.1827199008179	0.018559999999979482	epochs	3.0
839.2012799008179	0.01847999999995409	epochs	3.0
839.2197599008178	0.03672000000005937	epochs	2.0
839.2197599008178	0.018400000000042382	epochs	3.0
839.2381599008179	0.01832000000001699	epochs	3.0
839.2564799008179	0.03647999999998319	epochs	2.0
839.2564799008179	0.018239999999991596	epochs	3.0
839.2747199008179	0.018239999999991596	epochs	3.0
839.2929599008179	0.036079999999969914	epochs	2.0
839.2929599008179	0.01807999999994081	epochs	3.0
839.3110399008178	0.018000000000029104	epochs	3.0
839.3290399008179	0.03584000000000742	epochs	2.0
839.3290399008179	0.01792000000000371	epochs	3.0
839.3469599008179	0.01792000000000371	epochs	3.0
839.3648799008179	0.035520000000019536	epochs	2.0
839.3648799008179	0.017759999999952925	epochs	3.0
839.3826399008178	0.01776000000006661	epochs	3.0
839.4003999008179	0.03520000000003165	epochs	2.0
839.4003999008179	0.01768000000004122	epochs	3.0
839.4180799008179	0.017519999999990432	epochs	3.0
839.4355999008179	0.03495999999995547	epochs	2.0
839.4355999008179	0.017519999999990432	epochs	3.0
839.4531199008179	0.01743999999996504	epochs	3.0
839.4705599008179	0.03471999999999298	epochs	2.0
839.4705599008179	0.01743999999996504	epochs	3.0
839.4879999008178	0.01728000000002794	epochs	3.0
839.5052799008179	0.03440000000000509	epochs	2.0
839.5052799008179	0.017200000000002547	epochs	3.0
839.5224799008179	0.017200000000002547	epochs	3.0
839.5396799008179	0.0341600000000426	epochs	2.0
839.5396799008179	0.017119999999977153	epochs	3.0
839.5567999008179	0.017040000000065447	epochs	3.0
839.5738399008179	0.03383999999994103	epochs	2.0
839.5738399008179	0.016959999999926367	epochs	3.0
839.5907999008178	0.01688000000001466	epochs	3.0
839.6076799008179	0.033599999999978536	epochs	2.0
839.6076799008179	0.016799999999989268	epochs	3.0
839.6244799008178	0.016799999999989268	epochs	3.0
839.6412799008178	0.033360000000016043	epochs	2.0
839.6412799008178	0.01672000000007756	epochs	3.0
839.6579999008179	0.016639999999938482	epochs	3.0
839.6746399008179	0.03312000000005355	epochs	2.0
839.6746399008179	0.016560000000026776	epochs	3.0
839.6911999008179	0.016560000000026776	epochs	3.0
839.7077599008179	0.03279999999995198	epochs	2.0
839.7077599008179	0.01639999999997599	epochs	3.0
839.7241599008179	0.01639999999997599	epochs	3.0
839.7405599008179	0.032559999999989486	epochs	2.0
839.7405599008179	0.016320000000064283	epochs	3.0
839.7568799008179	0.016239999999925203	epochs	3.0
839.7731199008178	0.03240000000005239	epochs	2.0
839.7731199008178	0.01624000000003889	epochs	3.0
839.7893599008179	0.016160000000013497	epochs	3.0
839.8055199008179	0.032079999999950815	epochs	2.0
839.8055199008179	0.016079999999988104	epochs	3.0
839.8215999008179	0.01599999999996271	epochs	3.0
839.8375999008178	0.031920000000013715	epochs	2.0
839.8375999008178	0.016000000000076398	epochs	3.0
839.8535999008179	0.015919999999937318	epochs	3.0
839.8695199008179	0.03160000000002583	epochs	2.0
839.8695199008179	0.01584000000002561	epochs	3.0
839.8853599008179	0.01576000000000022	epochs	3.0
839.9011199008179	0.03143999999997504	epochs	2.0
839.9011199008179	0.01576000000000022	epochs	3.0
839.9168799008179	0.015679999999974825	epochs	3.0
839.9325599008179	0.03120000000001255	epochs	2.0
839.9325599008179	0.015600000000063119	epochs	3.0
839.9481599008179	0.015599999999949432	epochs	3.0
839.9637599008179	0.03096000000005006	epochs	2.0
839.9637599008179	0.015520000000037726	epochs	3.0
839.9792799008179	0.015440000000012333	epochs	3.0
839.9947199008179	0.03071999999997388	epochs	2.0
839.9947199008179	0.015439999999898646	epochs	3.0
840.0101599008178	0.015280000000075233	epochs	3.0
840.0254399008179	0.030559999999923093	epochs	2.0
840.0254399008179	0.01535999999998694	epochs	3.0
840.0407999008179	0.015199999999936153	epochs	3.0
840.0559999008178	0.030320000000074288	epochs	2.0
840.0559999008178	0.01520000000004984	epochs	3.0
840.0711999008179	0.015120000000024447	epochs	3.0
840.0863199008179	0.030079999999998108	epochs	2.0
840.0863199008179	0.015120000000024447	epochs	3.0
840.1014399008179	0.014959999999973661	epochs	3.0
840.1163999008179	0.029919999999947322	epochs	2.0
840.1163999008179	0.015039999999999054	epochs	3.0
840.1314399008179	0.014879999999948268	epochs	3.0
840.1463199008178	0.02967999999998483	epochs	2.0
840.1463199008178	0.014880000000061955	epochs	3.0
840.1611999008179	0.014799999999922875	epochs	3.0
840.1759999008178	0.02952000000004773	epochs	2.0
840.1759999008178	0.014800000000036562	epochs	3.0
840.1907999008179	0.014720000000011169	epochs	3.0
840.2055199008179	0.02927999999997155	epochs	2.0
840.2055199008179	0.014720000000011169	epochs	3.0
840.2202399008179	0.014559999999960382	epochs	3.0
840.2347999008178	0.02912000000003445	epochs	2.0
840.2347999008178	0.014639999999985776	epochs	3.0
840.2494399008178	0.014480000000048676	epochs	3.0
840.2639199008179	0.028959999999983665	epochs	2.0
840.2639199008179	0.01447999999993499	epochs	3.0
840.2783999008178	0.014480000000048676	epochs	3.0
840.2928799008179	0.02863999999999578	epochs	2.0
840.2928799008179	0.01431999999999789	epochs	3.0
840.3071999008179	0.01431999999999789	epochs	3.0
840.3215199008179	0.028559999999970387	epochs	2.0
840.3215199008179	0.01431999999999789	epochs	3.0
840.3358399008179	0.014239999999972497	epochs	3.0
840.3500799008178	0.028320000000007894	epochs	2.0
840.3500799008178	0.01416000000006079	epochs	3.0
840.3642399008179	0.014159999999947104	epochs	3.0
840.3783999008178	0.028160000000070795	epochs	2.0
840.3783999008178	0.01416000000006079	epochs	3.0
840.3925599008179	0.014000000000010004	epochs	3.0
840.4065599008179	0.027999999999906322	epochs	2.0
840.4065599008179	0.014000000000010004	epochs	3.0
840.4205599008179	0.013999999999896318	epochs	3.0
840.4345599008178	0.027760000000057516	epochs	2.0
840.4345599008178	0.013920000000098298	epochs	3.0
840.4484799008179	0.013839999999959218	epochs	3.0
840.4623199008179	0.027680000000032123	epochs	2.0
840.4623199008179	0.013839999999959218	epochs	3.0
840.4761599008178	0.013840000000072905	epochs	3.0
840.4899999008179	0.027439999999955944	epochs	2.0
840.4899999008179	0.013759999999933825	epochs	3.0
840.5037599008178	0.013680000000022119	epochs	3.0
840.5174399008179	0.027280000000018845	epochs	2.0
840.5174399008179	0.013680000000022119	epochs	3.0
840.5311199008179	0.013599999999996726	epochs	3.0
840.5447199008179	0.02711999999996806	epochs	2.0
840.5447199008179	0.013519999999971333	epochs	3.0
840.5582399008179	0.013599999999996726	epochs	3.0
840.5718399008178	0.026880000000005566	epochs	2.0
840.5718399008178	0.013440000000059626	epochs	3.0
840.5852799008179	0.01343999999994594	epochs	3.0
840.5987199008179	0.026799999999980173	epochs	2.0
840.5987199008179	0.013440000000059626	epochs	3.0
840.6121599008179	0.013359999999920547	epochs	3.0
840.6255199008178	0.02656000000001768	epochs	2.0
840.6255199008178	0.01328000000000884	epochs	3.0
840.6387999008178	0.01328000000000884	epochs	3.0
840.6520799008179	0.026479999999992287	epochs	2.0
840.6520799008179	0.01328000000000884	epochs	3.0
840.6653599008179	0.013199999999983447	epochs	3.0
840.6785599008178	0.026240000000029795	epochs	2.0
840.6785599008178	0.013120000000071741	epochs	3.0
840.6916799008179	0.013119999999958054	epochs	3.0
840.7047999008179	0.026160000000004402	epochs	2.0
840.7047999008179	0.013119999999958054	epochs	3.0
840.7179199008178	0.013040000000046348	epochs	3.0
840.7309599008179	0.025999999999953616	epochs	2.0
840.7309599008179	0.013040000000046348	epochs	3.0
840.7439999008179	0.012959999999907268	epochs	3.0
840.7569599008178	0.025759999999991123	epochs	2.0
840.7569599008178	0.012879999999995562	epochs	3.0
840.7698399008178	0.012879999999995562	epochs	3.0
840.7827199008178	0.025680000000079417	epochs	2.0
840.7827199008178	0.012879999999995562	epochs	3.0
840.7955999008178	0.012800000000083855	epochs	3.0
840.8083999008179	0.025519999999914944	epochs	2.0
840.8083999008179	0.012799999999970169	epochs	3.0
840.8211999008179	0.012719999999944775	epochs	3.0
840.8339199008178	0.02536000000009153	epochs	2.0
840.8339199008178	0.012720000000058462	epochs	3.0
840.8466399008179	0.01264000000003307	epochs	3.0
840.8592799008179	0.02519999999992706	epochs	2.0
840.8592799008179	0.012639999999919382	epochs	3.0
840.8719199008178	0.012560000000007676	epochs	3.0
840.8844799008178	0.024560000000064974	epochs	2.0
840.9084819008178	0.5	epochs	-1.0
840.9090399008179	0.5142399999999725	epochs	1.0
841.4232799008179	0.4856800000000021	epochs	0.0
843.6749997138977	0.10504000000003089	epochs	0.0
843.6749997138977	0.04751999999996315	epochs	1.0
843.7225197138977	0.010080000000016298	epochs	1.0
843.7325997138977	0.04744000000005144	epochs	1.0
843.7800397138977	2.0	epochs	0.0
845.7800397138977	21.514479999999935	epochs	0.0
845.7800397138977	1.0	epochs	1.0
845.7800417138977	0.5	epochs	-1.0
846.2800417138977	19.999439999999936	epochs	-1.0
846.7800397138977	20.0	epochs	1.0
846.7800397138977	8.000000002539309e-05	epochs	2.0
846.7801197138978	4.356719999999996	epochs	-1.0
846.7801197138978	1.9745599999999968	epochs	2.0
846.7801197138978	1.0985599999999067	epochs	3.0
847.8786797138977	0.87600000000009	epochs	3.0
848.7546797138978	1.3523999999999887	epochs	2.0
848.7546797138978	0.7286399999999276	epochs	3.0
849.4833197138977	0.6237600000000612	epochs	3.0
850.1070797138977	1.0297600000000102	epochs	2.0
850.1070797138977	0.5453599999999597	epochs	3.0
850.6524397138977	0.48440000000005057	epochs	3.0
851.1368397138978	0.8317599999999175	epochs	2.0
851.1368397138978	0.4357599999999593	epochs	3.0
851.5725997138977	0.39599999999995816	epochs	3.0
851.9685997138977	0.697840000000042	epochs	2.0
851.9685997138977	0.3628800000000183	epochs	3.0
852.3314797138977	0.3349600000000237	epochs	3.0
852.6664397138977	0.6010400000000118	epochs	2.0
852.6664397138977	0.3108799999999974	epochs	3.0
852.9773197138977	0.2901600000000144	epochs	3.0
853.2674797138977	0.5278399999999692	epochs	2.0
853.2674797138977	0.2719200000000228	epochs	3.0
853.5393997138978	0.2559199999999464	epochs	3.0
853.7953197138977	0.47064000000000306	epochs	2.0
853.7953197138977	0.24167999999997392	epochs	3.0
854.0369997138977	0.22896000000002914	epochs	3.0
854.2659597138977	0.42456000000004224	epochs	2.0
854.2659597138977	0.2174400000000105	epochs	3.0
854.4833997138977	0.20712000000003172	epochs	3.0
854.6905197138977	0.3867199999999684	epochs	2.0
854.6905197138977	0.1976799999999912	epochs	3.0
854.8881997138977	0.18903999999997723	epochs	3.0
855.0772397138977	0.3551199999999426	epochs	2.0
855.0772397138977	0.1811999999999898	epochs	3.0
855.2584397138977	0.17391999999995278	epochs	3.0
855.4323597138977	0.3282400000000507	epochs	2.0
855.4323597138977	0.1672000000000935	epochs	3.0
855.5995597138977	0.16103999999995722	epochs	3.0
855.7605997138977	0.30520000000001346	epochs	2.0
855.7605997138977	0.1552799999999479	epochs	3.0
855.9158797138977	0.14992000000006556	epochs	3.0
856.0657997138977	0.28512000000000626	epochs	2.0
856.0657997138977	0.14487999999994372	epochs	3.0
856.2106797138977	0.14024000000006254	epochs	3.0
856.3509197138977	0.26751999999999043	epochs	2.0
856.3509197138977	0.13584000000003016	epochs	3.0
856.4867597138978	0.13167999999996027	epochs	3.0
856.6184397138977	0.2520799999999781	epochs	2.0
856.6184397138977	0.12783999999999196	epochs	3.0
856.7462797138977	0.12423999999998614	epochs	3.0
856.8705197138977	0.2381599999999935	epochs	2.0
856.8705197138977	0.12072000000000571	epochs	3.0
856.9912397138977	0.11743999999998778	epochs	3.0
857.1086797138977	0.225840000000062	epochs	2.0
857.1086797138977	0.11440000000004602	epochs	3.0
857.2230797138977	0.11144000000001597	epochs	3.0
857.3345197138977	0.21463999999991756	epochs	2.0
857.3345197138977	0.10863999999992302	epochs	3.0
857.4431597138977	0.10599999999999454	epochs	3.0
857.5491597138977	0.20447999999998956	epochs	2.0
857.5491597138977	0.10344000000009146	epochs	3.0
857.6525997138978	0.1010399999998981	epochs	3.0
857.7536397138977	0.1953600000000506	epochs	2.0
857.7536397138977	0.09880000000009659	epochs	3.0
857.8524397138978	0.09655999999995402	epochs	3.0
857.9489997138977	0.18695999999999913	epochs	2.0
857.9489997138977	0.09447999999997592	epochs	3.0
858.0434797138977	0.09248000000002321	epochs	3.0
858.1359597138977	0.1792000000000371	epochs	2.0
858.1359597138977	0.09047999999995682	epochs	3.0
858.2264397138977	0.08872000000008029	epochs	3.0
858.3151597138977	0.17207999999993717	epochs	2.0
858.3151597138977	0.086879999999951	epochs	3.0
858.4020397138977	0.08519999999998618	epochs	3.0
858.4872397138977	0.165520000000015	epochs	2.0
858.4872397138977	0.08360000000004675	epochs	3.0
858.5708397138977	0.08191999999996824	epochs	3.0
858.6527597138977	0.15952000000004318	epochs	2.0
858.6527597138977	0.08047999999996591	epochs	3.0
858.7332397138977	0.07904000000007727	epochs	3.0
858.8122797138977	0.15375999999992018	epochs	2.0
858.8122797138977	0.07759999999996126	epochs	3.0
858.8898797138977	0.07615999999995893	epochs	3.0
858.9660397138977	0.14856000000008862	epochs	2.0
858.9660397138977	0.07496000000003278	epochs	3.0
859.0409997138977	0.07360000000005584	epochs	3.0
859.1145997138977	0.14367999999990388	epochs	2.0
859.1145997138977	0.07247999999992771	epochs	3.0
859.1870797138977	0.07119999999997617	epochs	3.0
859.2582797138977	0.1390400000000227	epochs	2.0
859.2582797138977	0.07008000000007542	epochs	3.0
859.3283597138977	0.06895999999994729	epochs	3.0
859.3973197138977	0.13472000000001572	epochs	2.0
859.3973197138977	0.06792000000007192	epochs	3.0
859.4652397138977	0.0667999999999438	epochs	3.0
859.5320397138977	0.13071999999999662	epochs	2.0
859.5320397138977	0.06583999999998014	epochs	3.0
859.5978797138977	0.06488000000001648	epochs	3.0
859.6627597138977	0.1268000000000029	epochs	2.0
859.6627597138977	0.06384000000002743	epochs	3.0
859.7265997138977	0.06295999999997548	epochs	3.0
859.7895597138977	0.12328000000002248	epochs	2.0
859.7895597138977	0.062080000000037217	epochs	3.0
859.8516397138977	0.061199999999985266	epochs	3.0
859.9128397138977	0.11983999999995376	epochs	2.0
859.9128397138977	0.060320000000047	epochs	3.0
859.9731597138978	0.05951999999990676	epochs	3.0
860.0326797138977	0.1166400000000749	epochs	2.0
860.0326797138977	0.05871999999999389	epochs	3.0
860.0913997138977	0.05792000000008102	epochs	3.0
860.1493197138977	0.11360000000001946	epochs	2.0
860.1493197138977	0.05719999999996617	epochs	3.0
860.2065197138977	0.056400000000053296	epochs	3.0
860.2629197138978	0.11071999999990112	epochs	2.0
860.2629197138978	0.055679999999938445	epochs	3.0
860.3185997138977	0.055039999999962674	epochs	3.0
860.3736397138977	0.10792000000003554	epochs	2.0
860.3736397138977	0.054240000000049804	epochs	3.0
860.4278797138977	0.05367999999998574	epochs	3.0
860.4815597138977	0.10527999999999338	epochs	2.0
860.4815597138977	0.052959999999984575	epochs	3.0
860.5345197138977	0.052320000000008804	epochs	3.0
860.5868397138977	0.1028800000000274	epochs	2.0
860.5868397138977	0.051760000000058426	epochs	3.0
860.6385997138977	0.05111999999996897	epochs	3.0
860.6897197138977	0.10040000000003602	epochs	2.0
860.6897197138977	0.0504799999999932	epochs	3.0
860.7401997138977	0.04992000000004282	epochs	3.0
860.7901197138978	0.09823999999991884	epochs	2.0
860.7901197138978	0.049359999999978754	epochs	3.0
860.8394797138977	0.04887999999994008	epochs	3.0
860.8883597138977	0.09600000000000364	epochs	2.0
860.8883597138977	0.048240000000078	epochs	3.0
860.9365997138977	0.04775999999992564	epochs	3.0
860.9843597138977	0.09392000000002554	epochs	2.0
860.9843597138977	0.04719999999997526	epochs	3.0
861.0315597138976	0.04672000000005028	epochs	3.0
861.0782797138977	0.09191999999995915	epochs	2.0
861.0782797138977	0.04615999999998621	epochs	3.0
861.1244397138977	0.04575999999997293	epochs	3.0
861.1701997138977	0.09008000000005723	epochs	2.0
861.1701997138977	0.04528000000004795	epochs	3.0
861.2154797138977	0.04480000000000928	epochs	3.0
861.2602797138977	0.08816000000001623	epochs	2.0
861.2602797138977	0.044319999999970605	epochs	3.0
861.3045997138977	0.04384000000004562	epochs	3.0
861.3484397138977	0.08647999999993772	epochs	2.0
861.3484397138977	0.043439999999918655	epochs	3.0
861.3918797138977	0.04304000000001906	epochs	3.0
861.4349197138977	0.08472000000006119	epochs	2.0
861.4349197138977	0.04255999999998039	epochs	3.0
861.4774797138977	0.0421600000000808	epochs	3.0
861.5196397138977	0.08319999999991978	epochs	2.0
861.5196397138977	0.041759999999953834	epochs	3.0
861.5613997138977	0.04143999999996595	epochs	3.0
861.6028397138977	0.08152000000006865	epochs	2.0
861.6028397138977	0.040960000000040964	epochs	3.0
861.6437997138977	0.040560000000027685	epochs	3.0
861.6843597138977	0.08007999999995263	epochs	2.0
861.6843597138977	0.0402400000000398	epochs	3.0
861.7245997138978	0.039839999999912834	epochs	3.0
861.7644397138977	0.07864000000006399	epochs	2.0
861.7644397138977	0.039520000000038635	epochs	3.0
861.8039597138977	0.03912000000002536	epochs	3.0
861.8430797138977	0.07719999999994798	epochs	2.0
861.8430797138977	0.038799999999923784	epochs	3.0
861.8818797138977	0.03840000000002419	epochs	3.0
861.9202797138977	0.07591999999999643	epochs	2.0
861.9202797138977	0.0381600000000617	epochs	3.0
861.9584397138977	0.037759999999934735	epochs	3.0
861.9961997138977	0.0745600000000195	epochs	2.0
861.9961997138977	0.037440000000060536	epochs	3.0
862.0336397138977	0.037119999999958964	epochs	3.0
862.0707597138977	0.07335999999997966	epochs	2.0
862.0707597138977	0.03679999999997108	epochs	3.0
862.1075597138977	0.036560000000008586	epochs	3.0
862.1441197138977	0.07208000000002812	epochs	2.0
862.1441197138977	0.03615999999999531	epochs	3.0
862.1802797138977	0.035920000000032815	epochs	3.0
862.2161997138977	0.07087999999998829	epochs	2.0
862.2161997138977	0.03560000000004493	epochs	3.0
862.2517997138978	0.03527999999994336	epochs	3.0
862.2870797138977	0.06983999999999924	epochs	2.0
862.2870797138977	0.035039999999980864	epochs	3.0
862.3221197138977	0.03480000000001837	epochs	3.0
862.3569197138977	0.0686399999999594	epochs	2.0
862.3569197138977	0.034480000000030486	epochs	3.0
862.3913997138977	0.034159999999928914	epochs	3.0
862.4255597138977	0.06760000000008404	epochs	2.0
862.4255597138977	0.03392000000008011	epochs	3.0
862.4594797138977	0.03368000000000393	epochs	3.0
862.4931597138977	0.0665599999999813	epochs	2.0
862.4931597138977	0.03343999999992775	epochs	3.0
862.5265997138977	0.03312000000005355	epochs	3.0
862.5597197138977	0.06560000000001764	epochs	2.0
862.5597197138977	0.032960000000002765	epochs	3.0
862.5926797138977	0.03264000000001488	epochs	3.0
862.6253197138977	0.06455999999991491	epochs	2.0
862.6253197138977	0.0323999999999387	epochs	3.0
862.6577197138977	0.03215999999997621	epochs	3.0
862.6898797138977	0.06368000000009033	epochs	2.0
862.6898797138977	0.03200000000003911	epochs	3.0
862.7218797138977	0.03168000000005122	epochs	3.0
862.7535597138977	0.06272000000001299	epochs	2.0
862.7535597138977	0.03143999999997504	epochs	3.0
862.7849997138977	0.031280000000037944	epochs	3.0
862.8162797138978	0.06183999999996104	epochs	2.0
862.8162797138978	0.031039999999961765	epochs	3.0
862.8473197138977	0.030799999999999272	epochs	3.0
862.8781197138977	0.060960000000022774	epochs	2.0
862.8781197138977	0.03056000000003678	epochs	3.0
862.9086797138978	0.030399999999985994	epochs	3.0
862.9390797138977	0.060159999999996217	epochs	2.0
862.9390797138977	0.030159999999909815	epochs	3.0
862.9692397138977	0.030000000000086402	epochs	3.0
862.9992397138977	0.059279999999944266	epochs	2.0
862.9992397138977	0.02967999999998483	epochs	3.0
863.0289197138977	0.029599999999959437	epochs	3.0
863.0585197138977	0.058480000000031396	epochs	2.0
863.0585197138977	0.029359999999996944	epochs	3.0
863.0878797138977	0.02912000000003445	epochs	3.0
863.1169997138977	0.05776000000003023	epochs	2.0
863.1169997138977	0.028959999999983665	epochs	3.0
863.1459597138977	0.028800000000046566	epochs	3.0
863.1747597138977	0.056960000000003674	epochs	2.0
863.1747597138977	0.028559999999970387	epochs	3.0
863.2033197138977	0.028400000000033288	epochs	3.0
863.2317197138977	0.05624000000000251	epochs	2.0
863.2317197138977	0.028159999999957108	epochs	3.0
863.2598797138977	0.028080000000045402	epochs	3.0
863.2879597138977	0.05543999999997595	epochs	2.0
863.2879597138977	0.027839999999969223	epochs	3.0
863.3157997138977	0.02760000000000673	epochs	3.0
863.3433997138977	0.054880000000025575	epochs	2.0
863.3433997138977	0.027519999999981337	epochs	3.0
863.3709197138977	0.027360000000044238	epochs	3.0
863.3982797138978	0.05407999999999902	epochs	2.0
863.3982797138978	0.02711999999996806	epochs	3.0
863.4253997138977	0.02696000000003096	epochs	3.0
863.4523597138977	0.05343999999990956	epochs	2.0
863.4523597138977	0.026799999999980173	epochs	3.0
863.4791597138977	0.026639999999929387	epochs	3.0
863.5057997138977	0.05288000000007287	epochs	2.0
863.5057997138977	0.026479999999992287	epochs	3.0
863.5322797138977	0.02640000000008058	epochs	3.0
863.5586797138977	0.05215999999995802	epochs	2.0
863.5586797138977	0.026160000000004402	epochs	3.0
863.5848397138977	0.025999999999953616	epochs	3.0
863.6108397138977	0.05151999999998225	epochs	2.0
863.6108397138977	0.025840000000016516	epochs	3.0
863.6366797138977	0.02567999999996573	epochs	3.0
863.6623597138977	0.05096000000003187	epochs	2.0
863.6623597138977	0.025600000000054024	epochs	3.0
863.6879597138977	0.025359999999977845	epochs	3.0
863.7133197138977	0.050399999999967804	epochs	2.0
863.7133197138977	0.02527999999995245	epochs	3.0
863.7385997138977	0.025120000000015352	epochs	3.0
863.7637197138977	0.04975999999999203	epochs	2.0
863.7637197138977	0.024960000000078253	epochs	3.0
863.7886797138977	0.02479999999991378	epochs	3.0
863.8134797138977	0.049200000000041655	epochs	2.0
863.8134797138977	0.024640000000090367	epochs	3.0
863.8381197138978	0.024559999999951287	epochs	3.0
863.8626797138977	0.04872000000000298	epochs	2.0
863.8626797138977	0.024400000000014188	epochs	3.0
863.8870797138977	0.024319999999988795	epochs	3.0
863.9113997138977	0.04808000000002721	epochs	2.0
863.9113997138977	0.024080000000026303	epochs	3.0
863.9354797138977	0.02400000000000091	epochs	3.0
863.9594797138977	0.04759999999998854	epochs	2.0
863.9594797138977	0.023839999999950123	epochs	3.0
863.9833197138977	0.023760000000038417	epochs	3.0
864.0070797138977	0.04711999999994987	epochs	2.0
864.0070797138977	0.02359999999998763	epochs	3.0
864.0306797138977	0.023519999999962238	epochs	3.0
864.0541997138977	0.04655999999999949	epochs	2.0
864.0541997138977	0.02336000000002514	epochs	3.0
864.0775597138977	0.023199999999974352	epochs	3.0
864.1007597138977	0.046080000000074506	epochs	2.0
864.1007597138977	0.023120000000062646	epochs	3.0
864.1238797138977	0.02296000000001186	epochs	3.0
864.1468397138977	0.04559999999992215	epochs	2.0
864.1468397138977	0.022879999999986467	epochs	3.0
864.1697197138977	0.02271999999993568	epochs	3.0
864.1924397138977	0.04511999999999716	epochs	2.0
864.1924397138977	0.022640000000023974	epochs	3.0
864.2150797138977	0.022479999999973188	epochs	3.0
864.2375597138977	0.04464000000007218	epochs	2.0
864.2375597138977	0.022400000000061482	epochs	3.0
864.2599597138977	0.022240000000010696	epochs	3.0
864.2821997138977	0.04423999999994521	epochs	2.0
864.2821997138977	0.022159999999985303	epochs	3.0
864.3043597138977	0.02207999999995991	epochs	3.0
864.3264397138977	0.04376000000002023	epochs	2.0
864.3264397138977	0.02192000000002281	epochs	3.0
864.3483597138977	0.021839999999997417	epochs	3.0
864.3701997138977	0.04336000000000695	epochs	2.0
864.3701997138977	0.021759999999972024	epochs	3.0
864.3919597138977	0.021600000000034925	epochs	3.0
864.4135597138977	0.04287999999996828	epochs	2.0
864.4135597138977	0.02143999999998414	epochs	3.0
864.4349997138977	0.02143999999998414	epochs	3.0
864.4564397138977	0.042480000000068685	epochs	2.0
864.4564397138977	0.02128000000004704	epochs	3.0
864.4777197138977	0.021200000000021646	epochs	3.0
864.4989197138977	0.04207999999994172	epochs	2.0
864.4989197138977	0.02103999999997086	epochs	3.0
864.5199597138977	0.02103999999997086	epochs	3.0
864.5409997138977	0.04168000000004213	epochs	2.0
864.5409997138977	0.02088000000003376	epochs	3.0
864.5618797138977	0.020800000000008367	epochs	3.0
864.5826797138977	0.041200000000003456	epochs	2.0
864.5826797138977	0.02063999999995758	epochs	3.0
864.6033197138977	0.020560000000045875	epochs	3.0
864.6238797138977	0.04088000000001557	epochs	2.0
864.6238797138977	0.020559999999932188	epochs	3.0
864.6444397138977	0.020320000000083382	epochs	3.0
864.6647597138978	0.040559999999914	epochs	2.0
864.6647597138978	0.020319999999969696	epochs	3.0
864.6850797138977	0.020239999999944303	epochs	3.0
864.7053197138977	0.04007999999998901	epochs	2.0
864.7053197138977	0.020080000000007203	epochs	3.0
864.7253997138977	0.01999999999998181	epochs	3.0
864.7453997138977	0.03976000000000113	epochs	2.0
864.7453997138977	0.019920000000070104	epochs	3.0
864.7653197138977	0.019839999999931024	epochs	3.0
864.7851597138977	0.03944000000001324	epochs	2.0
864.7851597138977	0.019760000000019318	epochs	3.0
864.8049197138977	0.019679999999993925	epochs	3.0
864.8245997138977	0.039039999999999964	epochs	2.0
864.8245997138977	0.019520000000056825	epochs	3.0
864.8441197138977	0.01951999999994314	epochs	3.0
864.8636397138977	0.038639999999986685	epochs	2.0
864.8636397138977	0.01936000000000604	epochs	3.0
864.8829997138977	0.019279999999980646	epochs	3.0
864.9022797138977	0.03840000000002419	epochs	2.0
864.9022797138977	0.019280000000094333	epochs	3.0
864.9215597138978	0.01911999999992986	epochs	3.0
864.9406797138977	0.038000000000010914	epochs	2.0
864.9406797138977	0.019040000000018154	epochs	3.0
864.9597197138977	0.01895999999999276	epochs	3.0
864.9786797138977	0.03768000000002303	epochs	2.0
864.9786797138977	0.018879999999967367	epochs	3.0
864.9975597138977	0.01880000000005566	epochs	3.0
865.0163597138977	0.03736000000003514	epochs	2.0
865.0163597138977	0.018720000000030268	epochs	3.0
865.0350797138977	0.018640000000004875	epochs	3.0
865.0537197138977	0.03703999999993357	epochs	2.0
865.0537197138977	0.018559999999979482	epochs	3.0
865.0722797138977	0.01847999999995409	epochs	3.0
865.0907597138977	0.03672000000005937	epochs	2.0
865.0907597138977	0.018400000000042382	epochs	3.0
865.1091597138977	0.01832000000001699	epochs	3.0
865.1274797138977	0.03647999999998319	epochs	2.0
865.1274797138977	0.018239999999991596	epochs	3.0
865.1457197138977	0.018239999999991596	epochs	3.0
865.1639597138977	0.036079999999969914	epochs	2.0
865.1639597138977	0.01807999999994081	epochs	3.0
865.1820397138977	0.018000000000029104	epochs	3.0
865.2000397138977	0.03584000000000742	epochs	2.0
865.2000397138977	0.01792000000000371	epochs	3.0
865.2179597138977	0.01792000000000371	epochs	3.0
865.2358797138977	0.035520000000019536	epochs	2.0
865.2358797138977	0.017759999999952925	epochs	3.0
865.2536397138977	0.01776000000006661	epochs	3.0
865.2713997138977	0.03520000000003165	epochs	2.0
865.2713997138977	0.01768000000004122	epochs	3.0
865.2890797138978	0.017519999999990432	epochs	3.0
865.3065997138978	0.03495999999995547	epochs	2.0
865.3065997138978	0.017519999999990432	epochs	3.0
865.3241197138977	0.01743999999996504	epochs	3.0
865.3415597138977	0.03471999999999298	epochs	2.0
865.3415597138977	0.01743999999996504	epochs	3.0
865.3589997138977	0.01728000000002794	epochs	3.0
865.3762797138977	0.03440000000000509	epochs	2.0
865.3762797138977	0.017200000000002547	epochs	3.0
865.3934797138977	0.017200000000002547	epochs	3.0
865.4106797138977	0.0341600000000426	epochs	2.0
865.4106797138977	0.017119999999977153	epochs	3.0
865.4277997138977	0.017040000000065447	epochs	3.0
865.4448397138977	0.03383999999994103	epochs	2.0
865.4448397138977	0.016959999999926367	epochs	3.0
865.4617997138977	0.01688000000001466	epochs	3.0
865.4786797138977	0.033599999999978536	epochs	2.0
865.4786797138977	0.016799999999989268	epochs	3.0
865.4954797138977	0.016799999999989268	epochs	3.0
865.5122797138977	0.033360000000016043	epochs	2.0
865.5122797138977	0.01672000000007756	epochs	3.0
865.5289997138977	0.016639999999938482	epochs	3.0
865.5456397138977	0.03312000000005355	epochs	2.0
865.5456397138977	0.016560000000026776	epochs	3.0
865.5621997138977	0.016560000000026776	epochs	3.0
865.5787597138977	0.03279999999995198	epochs	2.0
865.5787597138977	0.01639999999997599	epochs	3.0
865.5951597138977	0.01639999999997599	epochs	3.0
865.6115597138977	0.032559999999989486	epochs	2.0
865.6115597138977	0.016320000000064283	epochs	3.0
865.6278797138978	0.016239999999925203	epochs	3.0
865.6441197138977	0.03240000000005239	epochs	2.0
865.6441197138977	0.01624000000003889	epochs	3.0
865.6603597138977	0.016160000000013497	epochs	3.0
865.6765197138977	0.032079999999950815	epochs	2.0
865.6765197138977	0.016079999999988104	epochs	3.0
865.6925997138977	0.01599999999996271	epochs	3.0
865.7085997138977	0.031920000000013715	epochs	2.0
865.7085997138977	0.016000000000076398	epochs	3.0
865.7245997138978	0.015919999999937318	epochs	3.0
865.7405197138977	0.03160000000002583	epochs	2.0
865.7405197138977	0.01584000000002561	epochs	3.0
865.7563597138977	0.01576000000000022	epochs	3.0
865.7721197138977	0.03143999999997504	epochs	2.0
865.7721197138977	0.01576000000000022	epochs	3.0
865.7878797138977	0.015679999999974825	epochs	3.0
865.8035597138977	0.03120000000001255	epochs	2.0
865.8035597138977	0.015600000000063119	epochs	3.0
865.8191597138978	0.015599999999949432	epochs	3.0
865.8347597138977	0.03096000000005006	epochs	2.0
865.8347597138977	0.015520000000037726	epochs	3.0
865.8502797138977	0.015440000000012333	epochs	3.0
865.8657197138978	0.03071999999997388	epochs	2.0
865.8657197138978	0.015439999999898646	epochs	3.0
865.8811597138977	0.015280000000075233	epochs	3.0
865.8964397138977	0.030559999999923093	epochs	2.0
865.8964397138977	0.01535999999998694	epochs	3.0
865.9117997138977	0.015199999999936153	epochs	3.0
865.9269997138977	0.030320000000074288	epochs	2.0
865.9269997138977	0.01520000000004984	epochs	3.0
865.9421997138977	0.015120000000024447	epochs	3.0
865.9573197138977	0.030079999999998108	epochs	2.0
865.9573197138977	0.015120000000024447	epochs	3.0
865.9724397138978	0.014959999999973661	epochs	3.0
865.9873997138977	0.029919999999947322	epochs	2.0
865.9873997138977	0.015039999999999054	epochs	3.0
866.0024397138977	0.014879999999948268	epochs	3.0
866.0173197138977	0.02967999999998483	epochs	2.0
866.0173197138977	0.014880000000061955	epochs	3.0
866.0321997138977	0.014799999999922875	epochs	3.0
866.0469997138977	0.02952000000004773	epochs	2.0
866.0469997138977	0.014800000000036562	epochs	3.0
866.0617997138977	0.014720000000011169	epochs	3.0
866.0765197138977	0.02927999999997155	epochs	2.0
866.0765197138977	0.014720000000011169	epochs	3.0
866.0912397138977	0.014559999999960382	epochs	3.0
866.1057997138977	0.02912000000003445	epochs	2.0
866.1057997138977	0.014639999999985776	epochs	3.0
866.1204397138977	0.014480000000048676	epochs	3.0
866.1349197138977	0.028959999999983665	epochs	2.0
866.1349197138977	0.01447999999993499	epochs	3.0
866.1493997138977	0.014480000000048676	epochs	3.0
866.1638797138977	0.02863999999999578	epochs	2.0
866.1638797138977	0.01431999999999789	epochs	3.0
866.1781997138977	0.01431999999999789	epochs	3.0
866.1925197138977	0.028559999999970387	epochs	2.0
866.1925197138977	0.01431999999999789	epochs	3.0
866.2068397138977	0.014239999999972497	epochs	3.0
866.2210797138977	0.028320000000007894	epochs	2.0
866.2210797138977	0.01416000000006079	epochs	3.0
866.2352397138977	0.014159999999947104	epochs	3.0
866.2493997138977	0.028160000000070795	epochs	2.0
866.2493997138977	0.01416000000006079	epochs	3.0
866.2635597138977	0.014000000000010004	epochs	3.0
866.2775597138977	0.027999999999906322	epochs	2.0
866.2775597138977	0.014000000000010004	epochs	3.0
866.2915597138978	0.013999999999896318	epochs	3.0
866.3055597138977	0.027760000000057516	epochs	2.0
866.3055597138977	0.013920000000098298	epochs	3.0
866.3194797138977	0.013839999999959218	epochs	3.0
866.3333197138977	0.027680000000032123	epochs	2.0
866.3333197138977	0.013839999999959218	epochs	3.0
866.3471597138977	0.013840000000072905	epochs	3.0
866.3609997138977	0.027439999999955944	epochs	2.0
866.3609997138977	0.013759999999933825	epochs	3.0
866.3747597138977	0.013680000000022119	epochs	3.0
866.3884397138977	0.027280000000018845	epochs	2.0
866.3884397138977	0.013680000000022119	epochs	3.0
866.4021197138977	0.013599999999996726	epochs	3.0
866.4157197138977	0.02711999999996806	epochs	2.0
866.4157197138977	0.013519999999971333	epochs	3.0
866.4292397138977	0.013599999999996726	epochs	3.0
866.4428397138977	0.026880000000005566	epochs	2.0
866.4428397138977	0.013440000000059626	epochs	3.0
866.4562797138977	0.01343999999994594	epochs	3.0
866.4697197138977	0.026799999999980173	epochs	2.0
866.4697197138977	0.013440000000059626	epochs	3.0
866.4831597138977	0.013359999999920547	epochs	3.0
866.4965197138977	0.02656000000001768	epochs	2.0
866.4965197138977	0.01328000000000884	epochs	3.0
866.5097997138977	0.01328000000000884	epochs	3.0
866.5230797138977	0.026479999999992287	epochs	2.0
866.5230797138977	0.01328000000000884	epochs	3.0
866.5363597138977	0.013199999999983447	epochs	3.0
866.5495597138977	0.026240000000029795	epochs	2.0
866.5495597138977	0.013120000000071741	epochs	3.0
866.5626797138978	0.013119999999958054	epochs	3.0
866.5757997138977	0.026160000000004402	epochs	2.0
866.5757997138977	0.013119999999958054	epochs	3.0
866.5889197138977	0.013040000000046348	epochs	3.0
866.6019597138977	0.025999999999953616	epochs	2.0
866.6019597138977	0.013040000000046348	epochs	3.0
866.6149997138978	0.012959999999907268	epochs	3.0
866.6279597138977	0.025759999999991123	epochs	2.0
866.6279597138977	0.012879999999995562	epochs	3.0
866.6408397138977	0.012879999999995562	epochs	3.0
866.6537197138977	0.025680000000079417	epochs	2.0
866.6537197138977	0.012879999999995562	epochs	3.0
866.6665997138977	0.012800000000083855	epochs	3.0
866.6793997138977	0.025519999999914944	epochs	2.0
866.6793997138977	0.012799999999970169	epochs	3.0
866.6921997138977	0.012719999999944775	epochs	3.0
866.7049197138977	0.02536000000009153	epochs	2.0
866.7049197138977	0.012720000000058462	epochs	3.0
866.7176397138977	0.01264000000003307	epochs	3.0
866.7302797138977	0.02519999999992706	epochs	2.0
866.7302797138977	0.012639999999919382	epochs	3.0
866.7429197138977	0.012560000000007676	epochs	3.0
866.7554797138977	0.024560000000064974	epochs	2.0
866.7794817138977	0.5	epochs	-1.0
866.7800397138977	0.514479999999935	epochs	1.0
867.2945197138977	0.4854400000000396	epochs	0.0
878.0749998092651	0.10504000000003089	epochs	0.0
878.0749998092651	0.04751999999996315	epochs	1.0
878.1225198092651	0.010080000000016298	epochs	1.0
878.1325998092651	0.04744000000005144	epochs	1.0
878.1800398092652	2.0	epochs	0.0
880.1800398092652	21.534559999999942	epochs	0.0
880.1800398092652	1.0	epochs	1.0
880.1800418092652	0.5	epochs	-1.0
880.6800418092652	19.999439999999936	epochs	-1.0
881.1800398092652	20.0	epochs	1.0
881.1800398092652	8.000000002539309e-05	epochs	2.0
881.1801198092652	4.356719999999996	epochs	-1.0
881.1801198092652	1.9745599999999968	epochs	2.0
881.1801198092652	1.0985599999999067	epochs	3.0
882.2786798092651	0.87600000000009	epochs	3.0
883.1546798092652	1.3523999999999887	epochs	2.0
883.1546798092652	0.7286399999999276	epochs	3.0
883.8833198092651	0.6237600000000612	epochs	3.0
884.5070798092652	1.0297600000000102	epochs	2.0
884.5070798092652	0.5453599999999597	epochs	3.0
885.0524398092651	0.48440000000005057	epochs	3.0
885.5368398092652	0.8317599999999175	epochs	2.0
885.5368398092652	0.4357599999999593	epochs	3.0
885.9725998092651	0.39599999999995816	epochs	3.0
886.3685998092651	0.697840000000042	epochs	2.0
886.3685998092651	0.3628800000000183	epochs	3.0
886.7314798092651	0.3349600000000237	epochs	3.0
887.0664398092651	0.6010400000000118	epochs	2.0
887.0664398092651	0.3108799999999974	epochs	3.0
887.3773198092651	0.2901600000000144	epochs	3.0
887.6674798092652	0.5278399999999692	epochs	2.0
887.6674798092652	0.2719200000000228	epochs	3.0
887.9393998092652	0.2559199999999464	epochs	3.0
888.1953198092651	0.47064000000000306	epochs	2.0
888.1953198092651	0.24167999999997392	epochs	3.0
888.4369998092651	0.22896000000002914	epochs	3.0
888.6659598092651	0.42456000000004224	epochs	2.0
888.6659598092651	0.2174400000000105	epochs	3.0
888.8833998092651	0.20712000000003172	epochs	3.0
889.0905198092652	0.3867199999999684	epochs	2.0
889.0905198092652	0.1976799999999912	epochs	3.0
889.2881998092652	0.18903999999997723	epochs	3.0
889.4772398092651	0.3551199999999426	epochs	2.0
889.4772398092651	0.1811999999999898	epochs	3.0
889.6584398092651	0.17391999999995278	epochs	3.0
889.8323598092651	0.3282400000000507	epochs	2.0
889.8323598092651	0.1672000000000935	epochs	3.0
889.9995598092652	0.16103999999995722	epochs	3.0
890.1605998092651	0.30520000000001346	epochs	2.0
890.1605998092651	0.1552799999999479	epochs	3.0
890.3158798092651	0.14992000000006556	epochs	3.0
890.4657998092651	0.28512000000000626	epochs	2.0
890.4657998092651	0.14487999999994372	epochs	3.0
890.6106798092651	0.14024000000006254	epochs	3.0
890.7509198092652	0.26751999999999043	epochs	2.0
890.7509198092652	0.13584000000003016	epochs	3.0
890.8867598092652	0.13167999999996027	epochs	3.0
891.0184398092651	0.2520799999999781	epochs	2.0
891.0184398092651	0.12783999999999196	epochs	3.0
891.1462798092651	0.12423999999998614	epochs	3.0
891.2705198092651	0.2381599999999935	epochs	2.0
891.2705198092651	0.12072000000000571	epochs	3.0
891.3912398092651	0.11743999999998778	epochs	3.0
891.5086798092651	0.225840000000062	epochs	2.0
891.5086798092651	0.11440000000004602	epochs	3.0
891.6230798092652	0.11144000000001597	epochs	3.0
891.7345198092652	0.21463999999991756	epochs	2.0
891.7345198092652	0.10863999999992302	epochs	3.0
891.8431598092651	0.10599999999999454	epochs	3.0
891.9491598092651	0.20447999999998956	epochs	2.0
891.9491598092651	0.10344000000009146	epochs	3.0
892.0525998092652	0.1010399999998981	epochs	3.0
892.1536398092651	0.1953600000000506	epochs	2.0
892.1536398092651	0.09880000000009659	epochs	3.0
892.2524398092652	0.09655999999995402	epochs	3.0
892.3489998092651	0.18695999999999913	epochs	2.0
892.3489998092651	0.09447999999997592	epochs	3.0
892.4434798092651	0.09248000000002321	epochs	3.0
892.5359598092651	0.1792000000000371	epochs	2.0
892.5359598092651	0.09047999999995682	epochs	3.0
892.6264398092651	0.08872000000008029	epochs	3.0
892.7151598092652	0.17207999999993717	epochs	2.0
892.7151598092652	0.086879999999951	epochs	3.0
892.8020398092651	0.08519999999998618	epochs	3.0
892.8872398092651	0.165520000000015	epochs	2.0
892.8872398092651	0.08360000000004675	epochs	3.0
892.9708398092652	0.08191999999996824	epochs	3.0
893.0527598092651	0.15952000000004318	epochs	2.0
893.0527598092651	0.08047999999996591	epochs	3.0
893.1332398092651	0.07904000000007727	epochs	3.0
893.2122798092652	0.15375999999992018	epochs	2.0
893.2122798092652	0.07759999999996126	epochs	3.0
893.2898798092651	0.07615999999995893	epochs	3.0
893.3660398092651	0.14856000000008862	epochs	2.0
893.3660398092651	0.07496000000003278	epochs	3.0
893.4409998092651	0.07360000000005584	epochs	3.0
893.5145998092652	0.14367999999990388	epochs	2.0
893.5145998092652	0.07247999999992771	epochs	3.0
893.5870798092651	0.07119999999997617	epochs	3.0
893.6582798092651	0.1390400000000227	epochs	2.0
893.6582798092651	0.07008000000007542	epochs	3.0
893.7283598092652	0.06895999999994729	epochs	3.0
893.7973198092651	0.13472000000001572	epochs	2.0
893.7973198092651	0.06792000000007192	epochs	3.0
893.8652398092652	0.0667999999999438	epochs	3.0
893.9320398092651	0.13071999999999662	epochs	2.0
893.9320398092651	0.06583999999998014	epochs	3.0
893.9978798092651	0.06488000000001648	epochs	3.0
894.0627598092651	0.1268000000000029	epochs	2.0
894.0627598092651	0.06384000000002743	epochs	3.0
894.1265998092651	0.06295999999997548	epochs	3.0
894.1895598092651	0.12328000000002248	epochs	2.0
894.1895598092651	0.062080000000037217	epochs	3.0
894.2516398092652	0.061199999999985266	epochs	3.0
894.3128398092651	0.11983999999995376	epochs	2.0
894.3128398092651	0.060320000000047	epochs	3.0
894.3731598092652	0.05951999999990676	epochs	3.0
894.4326798092651	0.1166400000000749	epochs	2.0
894.4326798092651	0.05871999999999389	epochs	3.0
894.4913998092651	0.05792000000008102	epochs	3.0
894.5493198092652	0.11360000000001946	epochs	2.0
894.5493198092652	0.05719999999996617	epochs	3.0
894.6065198092651	0.056400000000053296	epochs	3.0
894.6629198092652	0.11071999999990112	epochs	2.0
894.6629198092652	0.055679999999938445	epochs	3.0
894.7185998092651	0.055039999999962674	epochs	3.0
894.7736398092651	0.10792000000003554	epochs	2.0
894.7736398092651	0.054240000000049804	epochs	3.0
894.8278798092651	0.05367999999998574	epochs	3.0
894.8815598092651	0.10527999999999338	epochs	2.0
894.8815598092651	0.052959999999984575	epochs	3.0
894.9345198092651	0.052320000000008804	epochs	3.0
894.9868398092651	0.1028800000000274	epochs	2.0
894.9868398092651	0.051760000000058426	epochs	3.0
895.0385998092652	0.05111999999996897	epochs	3.0
895.0897198092651	0.10040000000003602	epochs	2.0
895.0897198092651	0.0504799999999932	epochs	3.0
895.1401998092651	0.04992000000004282	epochs	3.0
895.1901198092652	0.09823999999991884	epochs	2.0
895.1901198092652	0.049359999999978754	epochs	3.0
895.2394798092652	0.04887999999994008	epochs	3.0
895.2883598092651	0.09600000000000364	epochs	2.0
895.2883598092651	0.048240000000078	epochs	3.0
895.3365998092652	0.04775999999992564	epochs	3.0
895.3843598092651	0.09392000000002554	epochs	2.0
895.3843598092651	0.04719999999997526	epochs	3.0
895.4315598092651	0.04672000000005028	epochs	3.0
895.4782798092651	0.09191999999995915	epochs	2.0
895.4782798092651	0.04615999999998621	epochs	3.0
895.5244398092651	0.04575999999997293	epochs	3.0
895.5701998092651	0.09008000000005723	epochs	2.0
895.5701998092651	0.04528000000004795	epochs	3.0
895.6154798092651	0.04480000000000928	epochs	3.0
895.6602798092651	0.08816000000001623	epochs	2.0
895.6602798092651	0.044319999999970605	epochs	3.0
895.7045998092651	0.04384000000004562	epochs	3.0
895.7484398092652	0.08647999999993772	epochs	2.0
895.7484398092652	0.043439999999918655	epochs	3.0
895.7918798092651	0.04304000000001906	epochs	3.0
895.8349198092651	0.08472000000006119	epochs	2.0
895.8349198092651	0.04255999999998039	epochs	3.0
895.8774798092651	0.0421600000000808	epochs	3.0
895.9196398092652	0.08319999999991978	epochs	2.0
895.9196398092652	0.041759999999953834	epochs	3.0
895.9613998092651	0.04143999999996595	epochs	3.0
896.0028398092651	0.08152000000006865	epochs	2.0
896.0028398092651	0.040960000000040964	epochs	3.0
896.0437998092651	0.040560000000027685	epochs	3.0
896.0843598092652	0.08007999999995263	epochs	2.0
896.0843598092652	0.0402400000000398	epochs	3.0
896.1245998092652	0.039839999999912834	epochs	3.0
896.1644398092651	0.07864000000006399	epochs	2.0
896.1644398092651	0.039520000000038635	epochs	3.0
896.2039598092651	0.03912000000002536	epochs	3.0
896.2430798092652	0.07719999999994798	epochs	2.0
896.2430798092652	0.038799999999923784	epochs	3.0
896.2818798092651	0.03840000000002419	epochs	3.0
896.3202798092651	0.07591999999999643	epochs	2.0
896.3202798092651	0.0381600000000617	epochs	3.0
896.3584398092652	0.037759999999934735	epochs	3.0
896.3961998092651	0.0745600000000195	epochs	2.0
896.3961998092651	0.037440000000060536	epochs	3.0
896.4336398092652	0.037119999999958964	epochs	3.0
896.4707598092651	0.07335999999997966	epochs	2.0
896.4707598092651	0.03679999999997108	epochs	3.0
896.5075598092651	0.036560000000008586	epochs	3.0
896.5441198092651	0.07208000000002812	epochs	2.0
896.5441198092651	0.03615999999999531	epochs	3.0
896.5802798092651	0.035920000000032815	epochs	3.0
896.6161998092651	0.07087999999998829	epochs	2.0
896.6161998092651	0.03560000000004493	epochs	3.0
896.6517998092652	0.03527999999994336	epochs	3.0
896.6870798092651	0.06983999999999924	epochs	2.0
896.6870798092651	0.035039999999980864	epochs	3.0
896.7221198092651	0.03480000000001837	epochs	3.0
896.7569198092651	0.0686399999999594	epochs	2.0
896.7569198092651	0.034480000000030486	epochs	3.0
896.7913998092652	0.034159999999928914	epochs	3.0
896.8255598092651	0.06760000000008404	epochs	2.0
896.8255598092651	0.03392000000008011	epochs	3.0
896.8594798092652	0.03368000000000393	epochs	3.0
896.8931598092652	0.0665599999999813	epochs	2.0
896.8931598092652	0.03343999999992775	epochs	3.0
896.9265998092651	0.03312000000005355	epochs	3.0
896.9597198092652	0.06560000000001764	epochs	2.0
896.9597198092652	0.032960000000002765	epochs	3.0
896.9926798092652	0.03264000000001488	epochs	3.0
897.0253198092652	0.06455999999991491	epochs	2.0
897.0253198092652	0.0323999999999387	epochs	3.0
897.0577198092651	0.03215999999997621	epochs	3.0
897.0898798092651	0.06368000000009033	epochs	2.0
897.0898798092651	0.03200000000003911	epochs	3.0
897.1218798092651	0.03168000000005122	epochs	3.0
897.1535598092652	0.06272000000001299	epochs	2.0
897.1535598092652	0.03143999999997504	epochs	3.0
897.1849998092652	0.031280000000037944	epochs	3.0
897.2162798092652	0.06183999999996104	epochs	2.0
897.2162798092652	0.031039999999961765	epochs	3.0
897.2473198092652	0.030799999999999272	epochs	3.0
897.2781198092651	0.060960000000022774	epochs	2.0
897.2781198092651	0.03056000000003678	epochs	3.0
897.3086798092652	0.030399999999985994	epochs	3.0
897.3390798092652	0.060159999999996217	epochs	2.0
897.3390798092652	0.030159999999909815	epochs	3.0
897.3692398092651	0.030000000000086402	epochs	3.0
897.3992398092652	0.059279999999944266	epochs	2.0
897.3992398092652	0.02967999999998483	epochs	3.0
897.4289198092652	0.029599999999959437	epochs	3.0
897.4585198092651	0.058480000000031396	epochs	2.0
897.4585198092651	0.029359999999996944	epochs	3.0
897.4878798092651	0.02912000000003445	epochs	3.0
897.5169998092651	0.05776000000003023	epochs	2.0
897.5169998092651	0.028959999999983665	epochs	3.0
897.5459598092651	0.028800000000046566	epochs	3.0
897.5747598092652	0.056960000000003674	epochs	2.0
897.5747598092652	0.028559999999970387	epochs	3.0
897.6033198092651	0.028400000000033288	epochs	3.0
897.6317198092652	0.05624000000000251	epochs	2.0
897.6317198092652	0.028159999999957108	epochs	3.0
897.6598798092651	0.028080000000045402	epochs	3.0
897.6879598092652	0.05543999999997595	epochs	2.0
897.6879598092652	0.027839999999969223	epochs	3.0
897.7157998092651	0.02760000000000673	epochs	3.0
897.7433998092652	0.054880000000025575	epochs	2.0
897.7433998092652	0.027519999999981337	epochs	3.0
897.7709198092651	0.027360000000044238	epochs	3.0
897.7982798092652	0.05407999999999902	epochs	2.0
897.7982798092652	0.02711999999996806	epochs	3.0
897.8253998092651	0.02696000000003096	epochs	3.0
897.8523598092652	0.05343999999990956	epochs	2.0
897.8523598092652	0.026799999999980173	epochs	3.0
897.8791598092652	0.026639999999929387	epochs	3.0
897.9057998092651	0.05288000000007287	epochs	2.0
897.9057998092651	0.026479999999992287	epochs	3.0
897.9322798092651	0.02640000000008058	epochs	3.0
897.9586798092652	0.05215999999995802	epochs	2.0
897.9586798092652	0.026160000000004402	epochs	3.0
897.9848398092652	0.025999999999953616	epochs	3.0
898.0108398092651	0.05151999999998225	epochs	2.0
898.0108398092651	0.025840000000016516	epochs	3.0
898.0366798092651	0.02567999999996573	epochs	3.0
898.0623598092651	0.05096000000003187	epochs	2.0
898.0623598092651	0.025600000000054024	epochs	3.0
898.0879598092652	0.025359999999977845	epochs	3.0
898.1133198092651	0.050399999999967804	epochs	2.0
898.1133198092651	0.02527999999995245	epochs	3.0
898.1385998092651	0.025120000000015352	epochs	3.0
898.1637198092651	0.04975999999999203	epochs	2.0
898.1637198092651	0.024960000000078253	epochs	3.0
898.1886798092652	0.02479999999991378	epochs	3.0
898.2134798092651	0.049200000000041655	epochs	2.0
898.2134798092651	0.024640000000090367	epochs	3.0
898.2381198092652	0.024559999999951287	epochs	3.0
898.2626798092651	0.04872000000000298	epochs	2.0
898.2626798092651	0.024400000000014188	epochs	3.0
898.2870798092652	0.024319999999988795	epochs	3.0
898.3113998092651	0.04808000000002721	epochs	2.0
898.3113998092651	0.024080000000026303	epochs	3.0
898.3354798092652	0.02400000000000091	epochs	3.0
898.3594798092652	0.04759999999998854	epochs	2.0
898.3594798092652	0.023839999999950123	epochs	3.0
898.3833198092651	0.023760000000038417	epochs	3.0
898.4070798092652	0.04711999999994987	epochs	2.0
898.4070798092652	0.02359999999998763	epochs	3.0
898.4306798092651	0.023519999999962238	epochs	3.0
898.4541998092651	0.04655999999999949	epochs	2.0
898.4541998092651	0.02336000000002514	epochs	3.0
898.4775598092651	0.023199999999974352	epochs	3.0
898.5007598092651	0.046080000000074506	epochs	2.0
898.5007598092651	0.023120000000062646	epochs	3.0
898.5238798092652	0.02296000000001186	epochs	3.0
898.5468398092652	0.04559999999992215	epochs	2.0
898.5468398092652	0.022879999999986467	epochs	3.0
898.5697198092652	0.02271999999993568	epochs	3.0
898.5924398092651	0.04511999999999716	epochs	2.0
898.5924398092651	0.022640000000023974	epochs	3.0
898.6150798092651	0.022479999999973188	epochs	3.0
898.6375598092651	0.04464000000007218	epochs	2.0
898.6375598092651	0.022400000000061482	epochs	3.0
898.6599598092652	0.022240000000010696	epochs	3.0
898.6821998092652	0.04423999999994521	epochs	2.0
898.6821998092652	0.022159999999985303	epochs	3.0
898.7043598092652	0.02207999999995991	epochs	3.0
898.7264398092651	0.04376000000002023	epochs	2.0
898.7264398092651	0.02192000000002281	epochs	3.0
898.7483598092651	0.021839999999997417	epochs	3.0
898.7701998092651	0.04336000000000695	epochs	2.0
898.7701998092651	0.021759999999972024	epochs	3.0
898.7919598092651	0.021600000000034925	epochs	3.0
898.8135598092651	0.04287999999996828	epochs	2.0
898.8135598092651	0.02143999999998414	epochs	3.0
898.8349998092651	0.02143999999998414	epochs	3.0
898.8564398092651	0.042480000000068685	epochs	2.0
898.8564398092651	0.02128000000004704	epochs	3.0
898.8777198092652	0.021200000000021646	epochs	3.0
898.8989198092652	0.04207999999994172	epochs	2.0
898.8989198092652	0.02103999999997086	epochs	3.0
898.9199598092652	0.02103999999997086	epochs	3.0
898.9409998092651	0.04168000000004213	epochs	2.0
898.9409998092651	0.02088000000003376	epochs	3.0
898.9618798092652	0.020800000000008367	epochs	3.0
898.9826798092652	0.041200000000003456	epochs	2.0
898.9826798092652	0.02063999999995758	epochs	3.0
899.0033198092651	0.020560000000045875	epochs	3.0
899.0238798092652	0.04088000000001557	epochs	2.0
899.0238798092652	0.020559999999932188	epochs	3.0
899.0444398092651	0.020320000000083382	epochs	3.0
899.0647598092652	0.040559999999914	epochs	2.0
899.0647598092652	0.020319999999969696	epochs	3.0
899.0850798092652	0.020239999999944303	epochs	3.0
899.1053198092651	0.04007999999998901	epochs	2.0
899.1053198092651	0.020080000000007203	epochs	3.0
899.1253998092651	0.01999999999998181	epochs	3.0
899.1453998092651	0.03976000000000113	epochs	2.0
899.1453998092651	0.019920000000070104	epochs	3.0
899.1653198092652	0.019839999999931024	epochs	3.0
899.1851598092651	0.03944000000001324	epochs	2.0
899.1851598092651	0.019760000000019318	epochs	3.0
899.2049198092651	0.019679999999993925	epochs	3.0
899.2245998092651	0.039039999999999964	epochs	2.0
899.2245998092651	0.019520000000056825	epochs	3.0
899.2441198092652	0.01951999999994314	epochs	3.0
899.2636398092651	0.038639999999986685	epochs	2.0
899.2636398092651	0.01936000000000604	epochs	3.0
899.2829998092651	0.019279999999980646	epochs	3.0
899.3022798092651	0.03840000000002419	epochs	2.0
899.3022798092651	0.019280000000094333	epochs	3.0
899.3215598092652	0.01911999999992986	epochs	3.0
899.3406798092651	0.038000000000010914	epochs	2.0
899.3406798092651	0.019040000000018154	epochs	3.0
899.3597198092651	0.01895999999999276	epochs	3.0
899.3786798092651	0.03768000000002303	epochs	2.0
899.3786798092651	0.018879999999967367	epochs	3.0
899.3975598092651	0.01880000000005566	epochs	3.0
899.4163598092651	0.03736000000003514	epochs	2.0
899.4163598092651	0.018720000000030268	epochs	3.0
899.4350798092652	0.018640000000004875	epochs	3.0
899.4537198092652	0.03703999999993357	epochs	2.0
899.4537198092652	0.018559999999979482	epochs	3.0
899.4722798092652	0.01847999999995409	epochs	3.0
899.4907598092651	0.03672000000005937	epochs	2.0
899.4907598092651	0.018400000000042382	epochs	3.0
899.5091598092652	0.01832000000001699	epochs	3.0
899.5274798092652	0.03647999999998319	epochs	2.0
899.5274798092652	0.018239999999991596	epochs	3.0
899.5457198092652	0.018239999999991596	epochs	3.0
899.5639598092652	0.036079999999969914	epochs	2.0
899.5639598092652	0.01807999999994081	epochs	3.0
899.5820398092651	0.018000000000029104	epochs	3.0
899.6000398092651	0.03584000000000742	epochs	2.0
899.6000398092651	0.01792000000000371	epochs	3.0
899.6179598092651	0.01792000000000371	epochs	3.0
899.6358798092651	0.035520000000019536	epochs	2.0
899.6358798092651	0.017759999999952925	epochs	3.0
899.6536398092651	0.01776000000006661	epochs	3.0
899.6713998092652	0.03520000000003165	epochs	2.0
899.6713998092652	0.01768000000004122	epochs	3.0
899.6890798092652	0.017519999999990432	epochs	3.0
899.7065998092652	0.03495999999995547	epochs	2.0
899.7065998092652	0.017519999999990432	epochs	3.0
899.7241198092652	0.01743999999996504	epochs	3.0
899.7415598092651	0.03471999999999298	epochs	2.0
899.7415598092651	0.01743999999996504	epochs	3.0
899.7589998092651	0.01728000000002794	epochs	3.0
899.7762798092651	0.03440000000000509	epochs	2.0
899.7762798092651	0.017200000000002547	epochs	3.0
899.7934798092651	0.017200000000002547	epochs	3.0
899.8106798092651	0.0341600000000426	epochs	2.0
899.8106798092651	0.017119999999977153	epochs	3.0
899.8277998092651	0.017040000000065447	epochs	3.0
899.8448398092652	0.03383999999994103	epochs	2.0
899.8448398092652	0.016959999999926367	epochs	3.0
899.8617998092651	0.01688000000001466	epochs	3.0
899.8786798092651	0.033599999999978536	epochs	2.0
899.8786798092651	0.016799999999989268	epochs	3.0
899.8954798092651	0.016799999999989268	epochs	3.0
899.9122798092651	0.033360000000016043	epochs	2.0
899.9122798092651	0.01672000000007756	epochs	3.0
899.9289998092652	0.016639999999938482	epochs	3.0
899.9456398092651	0.03312000000005355	epochs	2.0
899.9456398092651	0.016560000000026776	epochs	3.0
899.9621998092651	0.016560000000026776	epochs	3.0
899.9787598092652	0.03279999999995198	epochs	2.0
899.9787598092652	0.01639999999997599	epochs	3.0
899.9951598092651	0.01639999999997599	epochs	3.0
900.0115598092651	0.032559999999989486	epochs	2.0
900.0115598092651	0.016320000000064283	epochs	3.0
900.0278798092652	0.016239999999925203	epochs	3.0
900.0441198092651	0.03240000000005239	epochs	2.0
900.0441198092651	0.01624000000003889	epochs	3.0
900.0603598092652	0.016160000000013497	epochs	3.0
900.0765198092652	0.032079999999950815	epochs	2.0
900.0765198092652	0.016079999999988104	epochs	3.0
900.0925998092652	0.01599999999996271	epochs	3.0
900.1085998092651	0.031920000000013715	epochs	2.0
900.1085998092651	0.016000000000076398	epochs	3.0
900.1245998092652	0.015919999999937318	epochs	3.0
900.1405198092651	0.03160000000002583	epochs	2.0
900.1405198092651	0.01584000000002561	epochs	3.0
900.1563598092652	0.01576000000000022	epochs	3.0
900.1721198092652	0.03143999999997504	epochs	2.0
900.1721198092652	0.01576000000000022	epochs	3.0
900.1878798092652	0.015679999999974825	epochs	3.0
900.2035598092651	0.03120000000001255	epochs	2.0
900.2035598092651	0.015600000000063119	epochs	3.0
900.2191598092652	0.015599999999949432	epochs	3.0
900.2347598092651	0.03096000000005006	epochs	2.0
900.2347598092651	0.015520000000037726	epochs	3.0
900.2502798092652	0.015440000000012333	epochs	3.0
900.2657198092652	0.03071999999997388	epochs	2.0
900.2657198092652	0.015439999999898646	epochs	3.0
900.2811598092651	0.015280000000075233	epochs	3.0
900.2964398092652	0.030559999999923093	epochs	2.0
900.2964398092652	0.01535999999998694	epochs	3.0
900.3117998092652	0.015199999999936153	epochs	3.0
900.3269998092651	0.030320000000074288	epochs	2.0
900.3269998092651	0.01520000000004984	epochs	3.0
900.3421998092651	0.015120000000024447	epochs	3.0
900.3573198092652	0.030079999999998108	epochs	2.0
900.3573198092652	0.015120000000024447	epochs	3.0
900.3724398092652	0.014959999999973661	epochs	3.0
900.3873998092652	0.029919999999947322	epochs	2.0
900.3873998092652	0.015039999999999054	epochs	3.0
900.4024398092652	0.014879999999948268	epochs	3.0
900.4173198092651	0.02967999999998483	epochs	2.0
900.4173198092651	0.014880000000061955	epochs	3.0
900.4321998092652	0.014799999999922875	epochs	3.0
900.4469998092651	0.02952000000004773	epochs	2.0
900.4469998092651	0.014800000000036562	epochs	3.0
900.4617998092651	0.014720000000011169	epochs	3.0
900.4765198092651	0.02927999999997155	epochs	2.0
900.4765198092651	0.014720000000011169	epochs	3.0
900.4912398092652	0.014559999999960382	epochs	3.0
900.5057998092651	0.02912000000003445	epochs	2.0
900.5057998092651	0.014639999999985776	epochs	3.0
900.5204398092651	0.014480000000048676	epochs	3.0
900.5349198092651	0.028959999999983665	epochs	2.0
900.5349198092651	0.01447999999993499	epochs	3.0
900.5493998092651	0.014480000000048676	epochs	3.0
900.5638798092651	0.02863999999999578	epochs	2.0
900.5638798092651	0.01431999999999789	epochs	3.0
900.5781998092651	0.01431999999999789	epochs	3.0
900.5925198092651	0.028559999999970387	epochs	2.0
900.5925198092651	0.01431999999999789	epochs	3.0
900.6068398092651	0.014239999999972497	epochs	3.0
900.6210798092651	0.028320000000007894	epochs	2.0
900.6210798092651	0.01416000000006079	epochs	3.0
900.6352398092652	0.014159999999947104	epochs	3.0
900.6493998092651	0.028160000000070795	epochs	2.0
900.6493998092651	0.01416000000006079	epochs	3.0
900.6635598092652	0.014000000000010004	epochs	3.0
900.6775598092652	0.027999999999906322	epochs	2.0
900.6775598092652	0.014000000000010004	epochs	3.0
900.6915598092652	0.013999999999896318	epochs	3.0
900.7055598092651	0.027760000000057516	epochs	2.0
900.7055598092651	0.013920000000098298	epochs	3.0
900.7194798092652	0.013839999999959218	epochs	3.0
900.7333198092651	0.027680000000032123	epochs	2.0
900.7333198092651	0.013839999999959218	epochs	3.0
900.7471598092651	0.013840000000072905	epochs	3.0
900.7609998092652	0.027439999999955944	epochs	2.0
900.7609998092652	0.013759999999933825	epochs	3.0
900.7747598092651	0.013680000000022119	epochs	3.0
900.7884398092651	0.027280000000018845	epochs	2.0
900.7884398092651	0.013680000000022119	epochs	3.0
900.8021198092652	0.013599999999996726	epochs	3.0
900.8157198092651	0.02711999999996806	epochs	2.0
900.8157198092651	0.013519999999971333	epochs	3.0
900.8292398092651	0.013599999999996726	epochs	3.0
900.8428398092651	0.026880000000005566	epochs	2.0
900.8428398092651	0.013440000000059626	epochs	3.0
900.8562798092652	0.01343999999994594	epochs	3.0
900.8697198092651	0.026799999999980173	epochs	2.0
900.8697198092651	0.013440000000059626	epochs	3.0
900.8831598092652	0.013359999999920547	epochs	3.0
900.8965198092651	0.02656000000001768	epochs	2.0
900.8965198092651	0.01328000000000884	epochs	3.0
900.9097998092651	0.01328000000000884	epochs	3.0
900.9230798092651	0.026479999999992287	epochs	2.0
900.9230798092651	0.01328000000000884	epochs	3.0
900.9363598092651	0.013199999999983447	epochs	3.0
900.9495598092651	0.026240000000029795	epochs	2.0
900.9495598092651	0.013120000000071741	epochs	3.0
900.9626798092652	0.013119999999958054	epochs	3.0
900.9757998092651	0.026160000000004402	epochs	2.0
900.9757998092651	0.013119999999958054	epochs	3.0
900.9889198092651	0.013040000000046348	epochs	3.0
901.0019598092651	0.025999999999953616	epochs	2.0
901.0019598092651	0.013040000000046348	epochs	3.0
901.0149998092652	0.012959999999907268	epochs	3.0
901.0279598092651	0.025759999999991123	epochs	2.0
901.0279598092651	0.012879999999995562	epochs	3.0
901.0408398092651	0.012879999999995562	epochs	3.0
901.0537198092651	0.025680000000079417	epochs	2.0
901.0537198092651	0.012879999999995562	epochs	3.0
901.0665998092651	0.012800000000083855	epochs	3.0
901.0793998092652	0.025519999999914944	epochs	2.0
901.0793998092652	0.012799999999970169	epochs	3.0
901.0921998092651	0.012719999999944775	epochs	3.0
901.1049198092651	0.02536000000009153	epochs	2.0
901.1049198092651	0.012720000000058462	epochs	3.0
901.1176398092651	0.01264000000003307	epochs	3.0
901.1302798092652	0.02519999999992706	epochs	2.0
901.1302798092652	0.012639999999919382	epochs	3.0
901.1429198092651	0.012560000000007676	epochs	3.0
901.1554798092651	0.024560000000064974	epochs	2.0
901.1794818092651	0.5	epochs	-1.0
901.1800398092652	0.5345599999999422	epochs	1.0
901.7145998092651	0.4653600000000324	epochs	0.0
904.0789999961853	0.10504000000003089	epochs	0.0
904.0789999961853	0.04751999999996315	epochs	1.0
904.1265199961853	0.010080000000016298	epochs	1.0
904.1365999961853	0.04744000000005144	epochs	1.0
904.1840399961853	2.0	epochs	0.0
906.1840399961853	21.53480000000002	epochs	0.0
906.1840399961853	1.0	epochs	1.0
906.1840419961853	0.5	epochs	-1.0
906.6840419961853	19.999439999999936	epochs	-1.0
907.1840399961853	20.0	epochs	1.0
907.1840399961853	8.000000002539309e-05	epochs	2.0
907.1841199961854	4.356719999999996	epochs	-1.0
907.1841199961854	1.9745599999999968	epochs	2.0
907.1841199961854	1.0985599999999067	epochs	3.0
908.2826799961853	0.87600000000009	epochs	3.0
909.1586799961854	1.3523999999999887	epochs	2.0
909.1586799961854	0.7286399999999276	epochs	3.0
909.8873199961853	0.6237600000000612	epochs	3.0
910.5110799961853	1.0297600000000102	epochs	2.0
910.5110799961853	0.5453599999999597	epochs	3.0
911.0564399961853	0.48440000000005057	epochs	3.0
911.5408399961854	0.8317599999999175	epochs	2.0
911.5408399961854	0.4357599999999593	epochs	3.0
911.9765999961853	0.39599999999995816	epochs	3.0
912.3725999961853	0.697840000000042	epochs	2.0
912.3725999961853	0.3628800000000183	epochs	3.0
912.7354799961853	0.3349600000000237	epochs	3.0
913.0704399961853	0.6010400000000118	epochs	2.0
913.0704399961853	0.3108799999999974	epochs	3.0
913.3813199961853	0.2901600000000144	epochs	3.0
913.6714799961853	0.5278399999999692	epochs	2.0
913.6714799961853	0.2719200000000228	epochs	3.0
913.9433999961853	0.2559199999999464	epochs	3.0
914.1993199961853	0.47064000000000306	epochs	2.0
914.1993199961853	0.24167999999997392	epochs	3.0
914.4409999961853	0.22896000000002914	epochs	3.0
914.6699599961853	0.42456000000004224	epochs	2.0
914.6699599961853	0.2174400000000105	epochs	3.0
914.8873999961853	0.20712000000003172	epochs	3.0
915.0945199961853	0.3867199999999684	epochs	2.0
915.0945199961853	0.1976799999999912	epochs	3.0
915.2921999961853	0.18903999999997723	epochs	3.0
915.4812399961853	0.3551199999999426	epochs	2.0
915.4812399961853	0.1811999999999898	epochs	3.0
915.6624399961853	0.17391999999995278	epochs	3.0
915.8363599961853	0.3282400000000507	epochs	2.0
915.8363599961853	0.1672000000000935	epochs	3.0
916.0035599961853	0.16103999999995722	epochs	3.0
916.1645999961853	0.30520000000001346	epochs	2.0
916.1645999961853	0.1552799999999479	epochs	3.0
916.3198799961853	0.14992000000006556	epochs	3.0
916.4697999961853	0.28512000000000626	epochs	2.0
916.4697999961853	0.14487999999994372	epochs	3.0
916.6146799961853	0.14024000000006254	epochs	3.0
916.7549199961853	0.26751999999999043	epochs	2.0
916.7549199961853	0.13584000000003016	epochs	3.0
916.8907599961854	0.13167999999996027	epochs	3.0
917.0224399961853	0.2520799999999781	epochs	2.0
917.0224399961853	0.12783999999999196	epochs	3.0
917.1502799961853	0.12423999999998614	epochs	3.0
917.2745199961853	0.2381599999999935	epochs	2.0
917.2745199961853	0.12072000000000571	epochs	3.0
917.3952399961853	0.11743999999998778	epochs	3.0
917.5126799961853	0.225840000000062	epochs	2.0
917.5126799961853	0.11440000000004602	epochs	3.0
917.6270799961853	0.11144000000001597	epochs	3.0
917.7385199961853	0.21463999999991756	epochs	2.0
917.7385199961853	0.10863999999992302	epochs	3.0
917.8471599961853	0.10599999999999454	epochs	3.0
917.9531599961853	0.20447999999998956	epochs	2.0
917.9531599961853	0.10344000000009146	epochs	3.0
918.0565999961854	0.1010399999998981	epochs	3.0
918.1576399961853	0.1953600000000506	epochs	2.0
918.1576399961853	0.09880000000009659	epochs	3.0
918.2564399961853	0.09655999999995402	epochs	3.0
918.3529999961853	0.18695999999999913	epochs	2.0
918.3529999961853	0.09447999999997592	epochs	3.0
918.4474799961853	0.09248000000002321	epochs	3.0
918.5399599961853	0.1792000000000371	epochs	2.0
918.5399599961853	0.09047999999995682	epochs	3.0
918.6304399961853	0.08872000000008029	epochs	3.0
918.7191599961853	0.17207999999993717	epochs	2.0
918.7191599961853	0.086879999999951	epochs	3.0
918.8060399961853	0.08519999999998618	epochs	3.0
918.8912399961853	0.165520000000015	epochs	2.0
918.8912399961853	0.08360000000004675	epochs	3.0
918.9748399961853	0.08191999999996824	epochs	3.0
919.0567599961853	0.15952000000004318	epochs	2.0
919.0567599961853	0.08047999999996591	epochs	3.0
919.1372399961853	0.07904000000007727	epochs	3.0
919.2162799961853	0.15375999999992018	epochs	2.0
919.2162799961853	0.07759999999996126	epochs	3.0
919.2938799961853	0.07615999999995893	epochs	3.0
919.3700399961853	0.14856000000008862	epochs	2.0
919.3700399961853	0.07496000000003278	epochs	3.0
919.4449999961853	0.07360000000005584	epochs	3.0
919.5185999961853	0.14367999999990388	epochs	2.0
919.5185999961853	0.07247999999992771	epochs	3.0
919.5910799961853	0.07119999999997617	epochs	3.0
919.6622799961852	0.1390400000000227	epochs	2.0
919.6622799961852	0.07008000000007542	epochs	3.0
919.7323599961853	0.06895999999994729	epochs	3.0
919.8013199961853	0.13472000000001572	epochs	2.0
919.8013199961853	0.06792000000007192	epochs	3.0
919.8692399961853	0.0667999999999438	epochs	3.0
919.9360399961853	0.13071999999999662	epochs	2.0
919.9360399961853	0.06583999999998014	epochs	3.0
920.0018799961853	0.06488000000001648	epochs	3.0
920.0667599961853	0.1268000000000029	epochs	2.0
920.0667599961853	0.06384000000002743	epochs	3.0
920.1305999961853	0.06295999999997548	epochs	3.0
920.1935599961853	0.12328000000002248	epochs	2.0
920.1935599961853	0.062080000000037217	epochs	3.0
920.2556399961853	0.061199999999985266	epochs	3.0
920.3168399961853	0.11983999999995376	epochs	2.0
920.3168399961853	0.060320000000047	epochs	3.0
920.3771599961854	0.05951999999990676	epochs	3.0
920.4366799961853	0.1166400000000749	epochs	2.0
920.4366799961853	0.05871999999999389	epochs	3.0
920.4953999961853	0.05792000000008102	epochs	3.0
920.5533199961853	0.11360000000001946	epochs	2.0
920.5533199961853	0.05719999999996617	epochs	3.0
920.6105199961853	0.056400000000053296	epochs	3.0
920.6669199961854	0.11071999999990112	epochs	2.0
920.6669199961854	0.055679999999938445	epochs	3.0
920.7225999961853	0.055039999999962674	epochs	3.0
920.7776399961853	0.10792000000003554	epochs	2.0
920.7776399961853	0.054240000000049804	epochs	3.0
920.8318799961853	0.05367999999998574	epochs	3.0
920.8855599961853	0.10527999999999338	epochs	2.0
920.8855599961853	0.052959999999984575	epochs	3.0
920.9385199961853	0.052320000000008804	epochs	3.0
920.9908399961853	0.1028800000000274	epochs	2.0
920.9908399961853	0.051760000000058426	epochs	3.0
921.0425999961853	0.05111999999996897	epochs	3.0
921.0937199961853	0.10040000000003602	epochs	2.0
921.0937199961853	0.0504799999999932	epochs	3.0
921.1441999961853	0.04992000000004282	epochs	3.0
921.1941199961853	0.09823999999991884	epochs	2.0
921.1941199961853	0.049359999999978754	epochs	3.0
921.2434799961853	0.04887999999994008	epochs	3.0
921.2923599961853	0.09600000000000364	epochs	2.0
921.2923599961853	0.048240000000078	epochs	3.0
921.3405999961853	0.04775999999992564	epochs	3.0
921.3883599961853	0.09392000000002554	epochs	2.0
921.3883599961853	0.04719999999997526	epochs	3.0
921.4355599961852	0.04672000000005028	epochs	3.0
921.4822799961853	0.09191999999995915	epochs	2.0
921.4822799961853	0.04615999999998621	epochs	3.0
921.5284399961853	0.04575999999997293	epochs	3.0
921.5741999961853	0.09008000000005723	epochs	2.0
921.5741999961853	0.04528000000004795	epochs	3.0
921.6194799961853	0.04480000000000928	epochs	3.0
921.6642799961853	0.08816000000001623	epochs	2.0
921.6642799961853	0.044319999999970605	epochs	3.0
921.7085999961853	0.04384000000004562	epochs	3.0
921.7524399961853	0.08647999999993772	epochs	2.0
921.7524399961853	0.043439999999918655	epochs	3.0
921.7958799961852	0.04304000000001906	epochs	3.0
921.8389199961853	0.08472000000006119	epochs	2.0
921.8389199961853	0.04255999999998039	epochs	3.0
921.8814799961852	0.0421600000000808	epochs	3.0
921.9236399961853	0.08319999999991978	epochs	2.0
921.9236399961853	0.041759999999953834	epochs	3.0
921.9653999961853	0.04143999999996595	epochs	3.0
922.0068399961852	0.08152000000006865	epochs	2.0
922.0068399961852	0.040960000000040964	epochs	3.0
922.0477999961853	0.040560000000027685	epochs	3.0
922.0883599961853	0.08007999999995263	epochs	2.0
922.0883599961853	0.0402400000000398	epochs	3.0
922.1285999961854	0.039839999999912834	epochs	3.0
922.1684399961853	0.07864000000006399	epochs	2.0
922.1684399961853	0.039520000000038635	epochs	3.0
922.2079599961853	0.03912000000002536	epochs	3.0
922.2470799961853	0.07719999999994798	epochs	2.0
922.2470799961853	0.038799999999923784	epochs	3.0
922.2858799961853	0.03840000000002419	epochs	3.0
922.3242799961853	0.07591999999999643	epochs	2.0
922.3242799961853	0.0381600000000617	epochs	3.0
922.3624399961853	0.037759999999934735	epochs	3.0
922.4001999961853	0.0745600000000195	epochs	2.0
922.4001999961853	0.037440000000060536	epochs	3.0
922.4376399961853	0.037119999999958964	epochs	3.0
922.4747599961853	0.07335999999997966	epochs	2.0
922.4747599961853	0.03679999999997108	epochs	3.0
922.5115599961853	0.036560000000008586	epochs	3.0
922.5481199961853	0.07208000000002812	epochs	2.0
922.5481199961853	0.03615999999999531	epochs	3.0
922.5842799961853	0.035920000000032815	epochs	3.0
922.6201999961853	0.07087999999998829	epochs	2.0
922.6201999961853	0.03560000000004493	epochs	3.0
922.6557999961854	0.03527999999994336	epochs	3.0
922.6910799961853	0.06983999999999924	epochs	2.0
922.6910799961853	0.035039999999980864	epochs	3.0
922.7261199961853	0.03480000000001837	epochs	3.0
922.7609199961853	0.0686399999999594	epochs	2.0
922.7609199961853	0.034480000000030486	epochs	3.0
922.7953999961853	0.034159999999928914	epochs	3.0
922.8295599961853	0.06760000000008404	epochs	2.0
922.8295599961853	0.03392000000008011	epochs	3.0
922.8634799961853	0.03368000000000393	epochs	3.0
922.8971599961853	0.0665599999999813	epochs	2.0
922.8971599961853	0.03343999999992775	epochs	3.0
922.9305999961853	0.03312000000005355	epochs	3.0
922.9637199961853	0.06560000000001764	epochs	2.0
922.9637199961853	0.032960000000002765	epochs	3.0
922.9966799961853	0.03264000000001488	epochs	3.0
923.0293199961853	0.06455999999991491	epochs	2.0
923.0293199961853	0.0323999999999387	epochs	3.0
923.0617199961853	0.03215999999997621	epochs	3.0
923.0938799961853	0.06368000000009033	epochs	2.0
923.0938799961853	0.03200000000003911	epochs	3.0
923.1258799961853	0.03168000000005122	epochs	3.0
923.1575599961853	0.06272000000001299	epochs	2.0
923.1575599961853	0.03143999999997504	epochs	3.0
923.1889999961853	0.031280000000037944	epochs	3.0
923.2202799961854	0.06183999999996104	epochs	2.0
923.2202799961854	0.031039999999961765	epochs	3.0
923.2513199961853	0.030799999999999272	epochs	3.0
923.2821199961853	0.060960000000022774	epochs	2.0
923.2821199961853	0.03056000000003678	epochs	3.0
923.3126799961854	0.030399999999985994	epochs	3.0
923.3430799961853	0.060159999999996217	epochs	2.0
923.3430799961853	0.030159999999909815	epochs	3.0
923.3732399961852	0.030000000000086402	epochs	3.0
923.4032399961853	0.059279999999944266	epochs	2.0
923.4032399961853	0.02967999999998483	epochs	3.0
923.4329199961853	0.029599999999959437	epochs	3.0
923.4625199961853	0.058480000000031396	epochs	2.0
923.4625199961853	0.029359999999996944	epochs	3.0
923.4918799961853	0.02912000000003445	epochs	3.0
923.5209999961853	0.05776000000003023	epochs	2.0
923.5209999961853	0.028959999999983665	epochs	3.0
923.5499599961853	0.028800000000046566	epochs	3.0
923.5787599961853	0.056960000000003674	epochs	2.0
923.5787599961853	0.028559999999970387	epochs	3.0
923.6073199961853	0.028400000000033288	epochs	3.0
923.6357199961853	0.05624000000000251	epochs	2.0
923.6357199961853	0.028159999999957108	epochs	3.0
923.6638799961853	0.028080000000045402	epochs	3.0
923.6919599961853	0.05543999999997595	epochs	2.0
923.6919599961853	0.027839999999969223	epochs	3.0
923.7197999961853	0.02760000000000673	epochs	3.0
923.7473999961853	0.054880000000025575	epochs	2.0
923.7473999961853	0.027519999999981337	epochs	3.0
923.7749199961853	0.027360000000044238	epochs	3.0
923.8022799961853	0.05407999999999902	epochs	2.0
923.8022799961853	0.02711999999996806	epochs	3.0
923.8293999961853	0.02696000000003096	epochs	3.0
923.8563599961853	0.05343999999990956	epochs	2.0
923.8563599961853	0.026799999999980173	epochs	3.0
923.8831599961853	0.026639999999929387	epochs	3.0
923.9097999961853	0.05288000000007287	epochs	2.0
923.9097999961853	0.026479999999992287	epochs	3.0
923.9362799961852	0.02640000000008058	epochs	3.0
923.9626799961853	0.05215999999995802	epochs	2.0
923.9626799961853	0.026160000000004402	epochs	3.0
923.9888399961853	0.025999999999953616	epochs	3.0
924.0148399961853	0.05151999999998225	epochs	2.0
924.0148399961853	0.025840000000016516	epochs	3.0
924.0406799961853	0.02567999999996573	epochs	3.0
924.0663599961853	0.05096000000003187	epochs	2.0
924.0663599961853	0.025600000000054024	epochs	3.0
924.0919599961853	0.025359999999977845	epochs	3.0
924.1173199961853	0.050399999999967804	epochs	2.0
924.1173199961853	0.02527999999995245	epochs	3.0
924.1425999961853	0.025120000000015352	epochs	3.0
924.1677199961853	0.04975999999999203	epochs	2.0
924.1677199961853	0.024960000000078253	epochs	3.0
924.1926799961853	0.02479999999991378	epochs	3.0
924.2174799961853	0.049200000000041655	epochs	2.0
924.2174799961853	0.024640000000090367	epochs	3.0
924.2421199961854	0.024559999999951287	epochs	3.0
924.2666799961853	0.04872000000000298	epochs	2.0
924.2666799961853	0.024400000000014188	epochs	3.0
924.2910799961853	0.024319999999988795	epochs	3.0
924.3153999961853	0.04808000000002721	epochs	2.0
924.3153999961853	0.024080000000026303	epochs	3.0
924.3394799961853	0.02400000000000091	epochs	3.0
924.3634799961853	0.04759999999998854	epochs	2.0
924.3634799961853	0.023839999999950123	epochs	3.0
924.3873199961853	0.023760000000038417	epochs	3.0
924.4110799961853	0.04711999999994987	epochs	2.0
924.4110799961853	0.02359999999998763	epochs	3.0
924.4346799961853	0.023519999999962238	epochs	3.0
924.4581999961853	0.04655999999999949	epochs	2.0
924.4581999961853	0.02336000000002514	epochs	3.0
924.4815599961853	0.023199999999974352	epochs	3.0
924.5047599961853	0.046080000000074506	epochs	2.0
924.5047599961853	0.023120000000062646	epochs	3.0
924.5278799961853	0.02296000000001186	epochs	3.0
924.5508399961853	0.04559999999992215	epochs	2.0
924.5508399961853	0.022879999999986467	epochs	3.0
924.5737199961853	0.02271999999993568	epochs	3.0
924.5964399961853	0.04511999999999716	epochs	2.0
924.5964399961853	0.022640000000023974	epochs	3.0
924.6190799961853	0.022479999999973188	epochs	3.0
924.6415599961853	0.04464000000007218	epochs	2.0
924.6415599961853	0.022400000000061482	epochs	3.0
924.6639599961853	0.022240000000010696	epochs	3.0
924.6861999961853	0.04423999999994521	epochs	2.0
924.6861999961853	0.022159999999985303	epochs	3.0
924.7083599961853	0.02207999999995991	epochs	3.0
924.7304399961853	0.04376000000002023	epochs	2.0
924.7304399961853	0.02192000000002281	epochs	3.0
924.7523599961853	0.021839999999997417	epochs	3.0
924.7741999961853	0.04336000000000695	epochs	2.0
924.7741999961853	0.021759999999972024	epochs	3.0
924.7959599961853	0.021600000000034925	epochs	3.0
924.8175599961853	0.04287999999996828	epochs	2.0
924.8175599961853	0.02143999999998414	epochs	3.0
924.8389999961853	0.02143999999998414	epochs	3.0
924.8604399961853	0.042480000000068685	epochs	2.0
924.8604399961853	0.02128000000004704	epochs	3.0
924.8817199961853	0.021200000000021646	epochs	3.0
924.9029199961853	0.04207999999994172	epochs	2.0
924.9029199961853	0.02103999999997086	epochs	3.0
924.9239599961853	0.02103999999997086	epochs	3.0
924.9449999961853	0.04168000000004213	epochs	2.0
924.9449999961853	0.02088000000003376	epochs	3.0
924.9658799961853	0.020800000000008367	epochs	3.0
924.9866799961853	0.041200000000003456	epochs	2.0
924.9866799961853	0.02063999999995758	epochs	3.0
925.0073199961853	0.020560000000045875	epochs	3.0
925.0278799961853	0.04088000000001557	epochs	2.0
925.0278799961853	0.020559999999932188	epochs	3.0
925.0484399961853	0.020320000000083382	epochs	3.0
925.0687599961853	0.040559999999914	epochs	2.0
925.0687599961853	0.020319999999969696	epochs	3.0
925.0890799961853	0.020239999999944303	epochs	3.0
925.1093199961853	0.04007999999998901	epochs	2.0
925.1093199961853	0.020080000000007203	epochs	3.0
925.1293999961853	0.01999999999998181	epochs	3.0
925.1493999961853	0.03976000000000113	epochs	2.0
925.1493999961853	0.019920000000070104	epochs	3.0
925.1693199961853	0.019839999999931024	epochs	3.0
925.1891599961853	0.03944000000001324	epochs	2.0
925.1891599961853	0.019760000000019318	epochs	3.0
925.2089199961853	0.019679999999993925	epochs	3.0
925.2285999961853	0.039039999999999964	epochs	2.0
925.2285999961853	0.019520000000056825	epochs	3.0
925.2481199961853	0.01951999999994314	epochs	3.0
925.2676399961853	0.038639999999986685	epochs	2.0
925.2676399961853	0.01936000000000604	epochs	3.0
925.2869999961853	0.019279999999980646	epochs	3.0
925.3062799961853	0.03840000000002419	epochs	2.0
925.3062799961853	0.019280000000094333	epochs	3.0
925.3255599961853	0.01911999999992986	epochs	3.0
925.3446799961853	0.038000000000010914	epochs	2.0
925.3446799961853	0.019040000000018154	epochs	3.0
925.3637199961853	0.01895999999999276	epochs	3.0
925.3826799961853	0.03768000000002303	epochs	2.0
925.3826799961853	0.018879999999967367	epochs	3.0
925.4015599961853	0.01880000000005566	epochs	3.0
925.4203599961853	0.03736000000003514	epochs	2.0
925.4203599961853	0.018720000000030268	epochs	3.0
925.4390799961853	0.018640000000004875	epochs	3.0
925.4577199961853	0.03703999999993357	epochs	2.0
925.4577199961853	0.018559999999979482	epochs	3.0
925.4762799961853	0.01847999999995409	epochs	3.0
925.4947599961853	0.03672000000005937	epochs	2.0
925.4947599961853	0.018400000000042382	epochs	3.0
925.5131599961853	0.01832000000001699	epochs	3.0
925.5314799961853	0.03647999999998319	epochs	2.0
925.5314799961853	0.018239999999991596	epochs	3.0
925.5497199961853	0.018239999999991596	epochs	3.0
925.5679599961853	0.036079999999969914	epochs	2.0
925.5679599961853	0.01807999999994081	epochs	3.0
925.5860399961853	0.018000000000029104	epochs	3.0
925.6040399961853	0.03584000000000742	epochs	2.0
925.6040399961853	0.01792000000000371	epochs	3.0
925.6219599961853	0.01792000000000371	epochs	3.0
925.6398799961853	0.035520000000019536	epochs	2.0
925.6398799961853	0.017759999999952925	epochs	3.0
925.6576399961853	0.01776000000006661	epochs	3.0
925.6753999961853	0.03520000000003165	epochs	2.0
925.6753999961853	0.01768000000004122	epochs	3.0
925.6930799961854	0.017519999999990432	epochs	3.0
925.7105999961854	0.03495999999995547	epochs	2.0
925.7105999961854	0.017519999999990432	epochs	3.0
925.7281199961853	0.01743999999996504	epochs	3.0
925.7455599961853	0.03471999999999298	epochs	2.0
925.7455599961853	0.01743999999996504	epochs	3.0
925.7629999961853	0.01728000000002794	epochs	3.0
925.7802799961853	0.03440000000000509	epochs	2.0
925.7802799961853	0.017200000000002547	epochs	3.0
925.7974799961853	0.017200000000002547	epochs	3.0
925.8146799961853	0.0341600000000426	epochs	2.0
925.8146799961853	0.017119999999977153	epochs	3.0
925.8317999961853	0.017040000000065447	epochs	3.0
925.8488399961853	0.03383999999994103	epochs	2.0
925.8488399961853	0.016959999999926367	epochs	3.0
925.8657999961853	0.01688000000001466	epochs	3.0
925.8826799961853	0.033599999999978536	epochs	2.0
925.8826799961853	0.016799999999989268	epochs	3.0
925.8994799961853	0.016799999999989268	epochs	3.0
925.9162799961853	0.033360000000016043	epochs	2.0
925.9162799961853	0.01672000000007756	epochs	3.0
925.9329999961853	0.016639999999938482	epochs	3.0
925.9496399961853	0.03312000000005355	epochs	2.0
925.9496399961853	0.016560000000026776	epochs	3.0
925.9661999961853	0.016560000000026776	epochs	3.0
925.9827599961853	0.03279999999995198	epochs	2.0
925.9827599961853	0.01639999999997599	epochs	3.0
925.9991599961853	0.01639999999997599	epochs	3.0
926.0155599961853	0.032559999999989486	epochs	2.0
926.0155599961853	0.016320000000064283	epochs	3.0
926.0318799961854	0.016239999999925203	epochs	3.0
926.0481199961853	0.03240000000005239	epochs	2.0
926.0481199961853	0.01624000000003889	epochs	3.0
926.0643599961853	0.016160000000013497	epochs	3.0
926.0805199961853	0.032079999999950815	epochs	2.0
926.0805199961853	0.016079999999988104	epochs	3.0
926.0965999961853	0.01599999999996271	epochs	3.0
926.1125999961853	0.031920000000013715	epochs	2.0
926.1125999961853	0.016000000000076398	epochs	3.0
926.1285999961854	0.015919999999937318	epochs	3.0
926.1445199961853	0.03160000000002583	epochs	2.0
926.1445199961853	0.01584000000002561	epochs	3.0
926.1603599961853	0.01576000000000022	epochs	3.0
926.1761199961853	0.03143999999997504	epochs	2.0
926.1761199961853	0.01576000000000022	epochs	3.0
926.1918799961853	0.015679999999974825	epochs	3.0
926.2075599961853	0.03120000000001255	epochs	2.0
926.2075599961853	0.015600000000063119	epochs	3.0
926.2231599961854	0.015599999999949432	epochs	3.0
926.2387599961853	0.03096000000005006	epochs	2.0
926.2387599961853	0.015520000000037726	epochs	3.0
926.2542799961853	0.015440000000012333	epochs	3.0
926.2697199961854	0.03071999999997388	epochs	2.0
926.2697199961854	0.015439999999898646	epochs	3.0
926.2851599961853	0.015280000000075233	epochs	3.0
926.3004399961853	0.030559999999923093	epochs	2.0
926.3004399961853	0.01535999999998694	epochs	3.0
926.3157999961853	0.015199999999936153	epochs	3.0
926.3309999961853	0.030320000000074288	epochs	2.0
926.3309999961853	0.01520000000004984	epochs	3.0
926.3461999961853	0.015120000000024447	epochs	3.0
926.3613199961853	0.030079999999998108	epochs	2.0
926.3613199961853	0.015120000000024447	epochs	3.0
926.3764399961854	0.014959999999973661	epochs	3.0
926.3913999961853	0.029919999999947322	epochs	2.0
926.3913999961853	0.015039999999999054	epochs	3.0
926.4064399961853	0.014879999999948268	epochs	3.0
926.4213199961853	0.02967999999998483	epochs	2.0
926.4213199961853	0.014880000000061955	epochs	3.0
926.4361999961853	0.014799999999922875	epochs	3.0
926.4509999961853	0.02952000000004773	epochs	2.0
926.4509999961853	0.014800000000036562	epochs	3.0
926.4657999961853	0.014720000000011169	epochs	3.0
926.4805199961853	0.02927999999997155	epochs	2.0
926.4805199961853	0.014720000000011169	epochs	3.0
926.4952399961853	0.014559999999960382	epochs	3.0
926.5097999961853	0.02912000000003445	epochs	2.0
926.5097999961853	0.014639999999985776	epochs	3.0
926.5244399961853	0.014480000000048676	epochs	3.0
926.5389199961853	0.028959999999983665	epochs	2.0
926.5389199961853	0.01447999999993499	epochs	3.0
926.5533999961852	0.014480000000048676	epochs	3.0
926.5678799961853	0.02863999999999578	epochs	2.0
926.5678799961853	0.01431999999999789	epochs	3.0
926.5821999961853	0.01431999999999789	epochs	3.0
926.5965199961853	0.028559999999970387	epochs	2.0
926.5965199961853	0.01431999999999789	epochs	3.0
926.6108399961853	0.014239999999972497	epochs	3.0
926.6250799961853	0.028320000000007894	epochs	2.0
926.6250799961853	0.01416000000006079	epochs	3.0
926.6392399961853	0.014159999999947104	epochs	3.0
926.6533999961853	0.028160000000070795	epochs	2.0
926.6533999961853	0.01416000000006079	epochs	3.0
926.6675599961853	0.014000000000010004	epochs	3.0
926.6815599961853	0.027999999999906322	epochs	2.0
926.6815599961853	0.014000000000010004	epochs	3.0
926.6955599961854	0.013999999999896318	epochs	3.0
926.7095599961852	0.027760000000057516	epochs	2.0
926.7095599961852	0.013920000000098298	epochs	3.0
926.7234799961853	0.013839999999959218	epochs	3.0
926.7373199961853	0.027680000000032123	epochs	2.0
926.7373199961853	0.013839999999959218	epochs	3.0
926.7511599961853	0.013840000000072905	epochs	3.0
926.7649999961853	0.027439999999955944	epochs	2.0
926.7649999961853	0.013759999999933825	epochs	3.0
926.7787599961853	0.013680000000022119	epochs	3.0
926.7924399961853	0.027280000000018845	epochs	2.0
926.7924399961853	0.013680000000022119	epochs	3.0
926.8061199961853	0.013599999999996726	epochs	3.0
926.8197199961853	0.02711999999996806	epochs	2.0
926.8197199961853	0.013519999999971333	epochs	3.0
926.8332399961853	0.013599999999996726	epochs	3.0
926.8468399961853	0.026880000000005566	epochs	2.0
926.8468399961853	0.013440000000059626	epochs	3.0
926.8602799961853	0.01343999999994594	epochs	3.0
926.8737199961853	0.026799999999980173	epochs	2.0
926.8737199961853	0.013440000000059626	epochs	3.0
926.8871599961853	0.013359999999920547	epochs	3.0
926.9005199961853	0.02656000000001768	epochs	2.0
926.9005199961853	0.01328000000000884	epochs	3.0
926.9137999961853	0.01328000000000884	epochs	3.0
926.9270799961853	0.026479999999992287	epochs	2.0
926.9270799961853	0.01328000000000884	epochs	3.0
926.9403599961853	0.013199999999983447	epochs	3.0
926.9535599961853	0.026240000000029795	epochs	2.0
926.9535599961853	0.013120000000071741	epochs	3.0
926.9666799961853	0.013119999999958054	epochs	3.0
926.9797999961853	0.026160000000004402	epochs	2.0
926.9797999961853	0.013119999999958054	epochs	3.0
926.9929199961853	0.013040000000046348	epochs	3.0
927.0059599961853	0.025999999999953616	epochs	2.0
927.0059599961853	0.013040000000046348	epochs	3.0
927.0189999961854	0.012959999999907268	epochs	3.0
927.0319599961853	0.025759999999991123	epochs	2.0
927.0319599961853	0.012879999999995562	epochs	3.0
927.0448399961853	0.012879999999995562	epochs	3.0
927.0577199961853	0.025680000000079417	epochs	2.0
927.0577199961853	0.012879999999995562	epochs	3.0
927.0705999961853	0.012800000000083855	epochs	3.0
927.0833999961853	0.025519999999914944	epochs	2.0
927.0833999961853	0.012799999999970169	epochs	3.0
927.0961999961853	0.012719999999944775	epochs	3.0
927.1089199961853	0.02536000000009153	epochs	2.0
927.1089199961853	0.012720000000058462	epochs	3.0
927.1216399961853	0.01264000000003307	epochs	3.0
927.1342799961853	0.02519999999992706	epochs	2.0
927.1342799961853	0.012639999999919382	epochs	3.0
927.1469199961853	0.012560000000007676	epochs	3.0
927.1594799961853	0.024560000000064974	epochs	2.0
927.1834819961853	0.5	epochs	-1.0
927.1840399961853	0.5348000000000184	epochs	1.0
927.7188399961854	0.46511999999995624	epochs	0.0
930.1799998283386	0.10504000000003089	epochs	0.0
930.1799998283386	0.04751999999996315	epochs	1.0
930.2275198283386	0.010080000000016298	epochs	1.0
930.2375998283386	0.04744000000005144	epochs	1.0
930.2850398283387	2.0	epochs	0.0
932.2850398283387	21.51487999999995	epochs	0.0
932.2850398283387	1.0	epochs	1.0
932.2850418283386	0.5	epochs	-1.0
932.7850418283386	19.999439999999936	epochs	-1.0
933.2850398283387	20.0	epochs	1.0
933.2850398283387	8.000000002539309e-05	epochs	2.0
933.2851198283387	4.356719999999996	epochs	-1.0
933.2851198283387	1.9745599999999968	epochs	2.0
933.2851198283387	1.0985599999999067	epochs	3.0
934.3836798283386	0.87600000000009	epochs	3.0
935.2596798283387	1.3523999999999887	epochs	2.0
935.2596798283387	0.7286399999999276	epochs	3.0
935.9883198283386	0.6237600000000612	epochs	3.0
936.6120798283387	1.0297600000000102	epochs	2.0
936.6120798283387	0.5453599999999597	epochs	3.0
937.1574398283386	0.48440000000005057	epochs	3.0
937.6418398283387	0.8317599999999175	epochs	2.0
937.6418398283387	0.4357599999999593	epochs	3.0
938.0775998283386	0.39599999999995816	epochs	3.0
938.4735998283386	0.697840000000042	epochs	2.0
938.4735998283386	0.3628800000000183	epochs	3.0
938.8364798283386	0.3349600000000237	epochs	3.0
939.1714398283386	0.6010400000000118	epochs	2.0
939.1714398283386	0.3108799999999974	epochs	3.0
939.4823198283386	0.2901600000000144	epochs	3.0
939.7724798283386	0.5278399999999692	epochs	2.0
939.7724798283386	0.2719200000000228	epochs	3.0
940.0443998283387	0.2559199999999464	epochs	3.0
940.3003198283386	0.47064000000000306	epochs	2.0
940.3003198283386	0.24167999999997392	epochs	3.0
940.5419998283386	0.22896000000002914	epochs	3.0
940.7709598283386	0.42456000000004224	epochs	2.0
940.7709598283386	0.2174400000000105	epochs	3.0
940.9883998283386	0.20712000000003172	epochs	3.0
941.1955198283387	0.3867199999999684	epochs	2.0
941.1955198283387	0.1976799999999912	epochs	3.0
941.3931998283387	0.18903999999997723	epochs	3.0
941.5822398283386	0.3551199999999426	epochs	2.0
941.5822398283386	0.1811999999999898	epochs	3.0
941.7634398283386	0.17391999999995278	epochs	3.0
941.9373598283386	0.3282400000000507	epochs	2.0
941.9373598283386	0.1672000000000935	epochs	3.0
942.1045598283387	0.16103999999995722	epochs	3.0
942.2655998283386	0.30520000000001346	epochs	2.0
942.2655998283386	0.1552799999999479	epochs	3.0
942.4208798283386	0.14992000000006556	epochs	3.0
942.5707998283386	0.28512000000000626	epochs	2.0
942.5707998283386	0.14487999999994372	epochs	3.0
942.7156798283386	0.14024000000006254	epochs	3.0
942.8559198283386	0.26751999999999043	epochs	2.0
942.8559198283386	0.13584000000003016	epochs	3.0
942.9917598283387	0.13167999999996027	epochs	3.0
943.1234398283386	0.2520799999999781	epochs	2.0
943.1234398283386	0.12783999999999196	epochs	3.0
943.2512798283386	0.12423999999998614	epochs	3.0
943.3755198283386	0.2381599999999935	epochs	2.0
943.3755198283386	0.12072000000000571	epochs	3.0
943.4962398283386	0.11743999999998778	epochs	3.0
943.6136798283386	0.225840000000062	epochs	2.0
943.6136798283386	0.11440000000004602	epochs	3.0
943.7280798283387	0.11144000000001597	epochs	3.0
943.8395198283387	0.21463999999991756	epochs	2.0
943.8395198283387	0.10863999999992302	epochs	3.0
943.9481598283386	0.10599999999999454	epochs	3.0
944.0541598283386	0.20447999999998956	epochs	2.0
944.0541598283386	0.10344000000009146	epochs	3.0
944.1575998283387	0.1010399999998981	epochs	3.0
944.2586398283386	0.1953600000000506	epochs	2.0
944.2586398283386	0.09880000000009659	epochs	3.0
944.3574398283387	0.09655999999995402	epochs	3.0
944.4539998283386	0.18695999999999913	epochs	2.0
944.4539998283386	0.09447999999997592	epochs	3.0
944.5484798283386	0.09248000000002321	epochs	3.0
944.6409598283386	0.1792000000000371	epochs	2.0
944.6409598283386	0.09047999999995682	epochs	3.0
944.7314398283386	0.08872000000008029	epochs	3.0
944.8201598283387	0.17207999999993717	epochs	2.0
944.8201598283387	0.086879999999951	epochs	3.0
944.9070398283386	0.08519999999998618	epochs	3.0
944.9922398283386	0.165520000000015	epochs	2.0
944.9922398283386	0.08360000000004675	epochs	3.0
945.0758398283386	0.08191999999996824	epochs	3.0
945.1577598283386	0.15952000000004318	epochs	2.0
945.1577598283386	0.08047999999996591	epochs	3.0
945.2382398283386	0.07904000000007727	epochs	3.0
945.3172798283387	0.15375999999992018	epochs	2.0
945.3172798283387	0.07759999999996126	epochs	3.0
945.3948798283386	0.07615999999995893	epochs	3.0
945.4710398283386	0.14856000000008862	epochs	2.0
945.4710398283386	0.07496000000003278	epochs	3.0
945.5459998283386	0.07360000000005584	epochs	3.0
945.6195998283387	0.14367999999990388	epochs	2.0
945.6195998283387	0.07247999999992771	epochs	3.0
945.6920798283386	0.07119999999997617	epochs	3.0
945.7632798283386	0.1390400000000227	epochs	2.0
945.7632798283386	0.07008000000007542	epochs	3.0
945.8333598283386	0.06895999999994729	epochs	3.0
945.9023198283386	0.13472000000001572	epochs	2.0
945.9023198283386	0.06792000000007192	epochs	3.0
945.9702398283387	0.0667999999999438	epochs	3.0
946.0370398283386	0.13071999999999662	epochs	2.0
946.0370398283386	0.06583999999998014	epochs	3.0
946.1028798283386	0.06488000000001648	epochs	3.0
946.1677598283386	0.1268000000000029	epochs	2.0
946.1677598283386	0.06384000000002743	epochs	3.0
946.2315998283386	0.06295999999997548	epochs	3.0
946.2945598283386	0.12328000000002248	epochs	2.0
946.2945598283386	0.062080000000037217	epochs	3.0
946.3566398283386	0.061199999999985266	epochs	3.0
946.4178398283386	0.11983999999995376	epochs	2.0
946.4178398283386	0.060320000000047	epochs	3.0
946.4781598283387	0.05951999999990676	epochs	3.0
946.5376798283386	0.1166400000000749	epochs	2.0
946.5376798283386	0.05871999999999389	epochs	3.0
946.5963998283386	0.05792000000008102	epochs	3.0
946.6543198283387	0.11360000000001946	epochs	2.0
946.6543198283387	0.05719999999996617	epochs	3.0
946.7115198283386	0.056400000000053296	epochs	3.0
946.7679198283387	0.11071999999990112	epochs	2.0
946.7679198283387	0.055679999999938445	epochs	3.0
946.8235998283386	0.055039999999962674	epochs	3.0
946.8786398283386	0.10792000000003554	epochs	2.0
946.8786398283386	0.054240000000049804	epochs	3.0
946.9328798283386	0.05367999999998574	epochs	3.0
946.9865598283386	0.10527999999999338	epochs	2.0
946.9865598283386	0.052959999999984575	epochs	3.0
947.0395198283386	0.052320000000008804	epochs	3.0
947.0918398283386	0.1028800000000274	epochs	2.0
947.0918398283386	0.051760000000058426	epochs	3.0
947.1435998283387	0.05111999999996897	epochs	3.0
947.1947198283386	0.10040000000003602	epochs	2.0
947.1947198283386	0.0504799999999932	epochs	3.0
947.2451998283386	0.04992000000004282	epochs	3.0
947.2951198283387	0.09823999999991884	epochs	2.0
947.2951198283387	0.049359999999978754	epochs	3.0
947.3444798283386	0.04887999999994008	epochs	3.0
947.3933598283386	0.09600000000000364	epochs	2.0
947.3933598283386	0.048240000000078	epochs	3.0
947.4415998283387	0.04775999999992564	epochs	3.0
947.4893598283386	0.09392000000002554	epochs	2.0
947.4893598283386	0.04719999999997526	epochs	3.0
947.5365598283386	0.04672000000005028	epochs	3.0
947.5832798283386	0.09191999999995915	epochs	2.0
947.5832798283386	0.04615999999998621	epochs	3.0
947.6294398283386	0.04575999999997293	epochs	3.0
947.6751998283386	0.09008000000005723	epochs	2.0
947.6751998283386	0.04528000000004795	epochs	3.0
947.7204798283386	0.04480000000000928	epochs	3.0
947.7652798283386	0.08816000000001623	epochs	2.0
947.7652798283386	0.044319999999970605	epochs	3.0
947.8095998283386	0.04384000000004562	epochs	3.0
947.8534398283387	0.08647999999993772	epochs	2.0
947.8534398283387	0.043439999999918655	epochs	3.0
947.8968798283386	0.04304000000001906	epochs	3.0
947.9399198283386	0.08472000000006119	epochs	2.0
947.9399198283386	0.04255999999998039	epochs	3.0
947.9824798283386	0.0421600000000808	epochs	3.0
948.0246398283386	0.08319999999991978	epochs	2.0
948.0246398283386	0.041759999999953834	epochs	3.0
948.0663998283386	0.04143999999996595	epochs	3.0
948.1078398283386	0.08152000000006865	epochs	2.0
948.1078398283386	0.040960000000040964	epochs	3.0
948.1487998283386	0.040560000000027685	epochs	3.0
948.1893598283386	0.08007999999995263	epochs	2.0
948.1893598283386	0.0402400000000398	epochs	3.0
948.2295998283387	0.039839999999912834	epochs	3.0
948.2694398283386	0.07864000000006399	epochs	2.0
948.2694398283386	0.039520000000038635	epochs	3.0
948.3089598283386	0.03912000000002536	epochs	3.0
948.3480798283387	0.07719999999994798	epochs	2.0
948.3480798283387	0.038799999999923784	epochs	3.0
948.3868798283386	0.03840000000002419	epochs	3.0
948.4252798283386	0.07591999999999643	epochs	2.0
948.4252798283386	0.0381600000000617	epochs	3.0
948.4634398283387	0.037759999999934735	epochs	3.0
948.5011998283386	0.0745600000000195	epochs	2.0
948.5011998283386	0.037440000000060536	epochs	3.0
948.5386398283387	0.037119999999958964	epochs	3.0
948.5757598283386	0.07335999999997966	epochs	2.0
948.5757598283386	0.03679999999997108	epochs	3.0
948.6125598283386	0.036560000000008586	epochs	3.0
948.6491198283386	0.07208000000002812	epochs	2.0
948.6491198283386	0.03615999999999531	epochs	3.0
948.6852798283386	0.035920000000032815	epochs	3.0
948.7211998283386	0.07087999999998829	epochs	2.0
948.7211998283386	0.03560000000004493	epochs	3.0
948.7567998283387	0.03527999999994336	epochs	3.0
948.7920798283386	0.06983999999999924	epochs	2.0
948.7920798283386	0.035039999999980864	epochs	3.0
948.8271198283386	0.03480000000001837	epochs	3.0
948.8619198283386	0.0686399999999594	epochs	2.0
948.8619198283386	0.034480000000030486	epochs	3.0
948.8963998283386	0.034159999999928914	epochs	3.0
948.9305598283386	0.06760000000008404	epochs	2.0
948.9305598283386	0.03392000000008011	epochs	3.0
948.9644798283387	0.03368000000000393	epochs	3.0
948.9981598283387	0.0665599999999813	epochs	2.0
948.9981598283387	0.03343999999992775	epochs	3.0
949.0315998283386	0.03312000000005355	epochs	3.0
949.0647198283386	0.06560000000001764	epochs	2.0
949.0647198283386	0.032960000000002765	epochs	3.0
949.0976798283386	0.03264000000001488	epochs	3.0
949.1303198283387	0.06455999999991491	epochs	2.0
949.1303198283387	0.0323999999999387	epochs	3.0
949.1627198283386	0.03215999999997621	epochs	3.0
949.1948798283386	0.06368000000009033	epochs	2.0
949.1948798283386	0.03200000000003911	epochs	3.0
949.2268798283386	0.03168000000005122	epochs	3.0
949.2585598283387	0.06272000000001299	epochs	2.0
949.2585598283387	0.03143999999997504	epochs	3.0
949.2899998283386	0.031280000000037944	epochs	3.0
949.3212798283387	0.06183999999996104	epochs	2.0
949.3212798283387	0.031039999999961765	epochs	3.0
949.3523198283386	0.030799999999999272	epochs	3.0
949.3831198283386	0.060960000000022774	epochs	2.0
949.3831198283386	0.03056000000003678	epochs	3.0
949.4136798283387	0.030399999999985994	epochs	3.0
949.4440798283387	0.060159999999996217	epochs	2.0
949.4440798283387	0.030159999999909815	epochs	3.0
949.4742398283386	0.030000000000086402	epochs	3.0
949.5042398283387	0.059279999999944266	epochs	2.0
949.5042398283387	0.02967999999998483	epochs	3.0
949.5339198283386	0.029599999999959437	epochs	3.0
949.5635198283386	0.058480000000031396	epochs	2.0
949.5635198283386	0.029359999999996944	epochs	3.0
949.5928798283386	0.02912000000003445	epochs	3.0
949.6219998283386	0.05776000000003023	epochs	2.0
949.6219998283386	0.028959999999983665	epochs	3.0
949.6509598283386	0.028800000000046566	epochs	3.0
949.6797598283387	0.056960000000003674	epochs	2.0
949.6797598283387	0.028559999999970387	epochs	3.0
949.7083198283386	0.028400000000033288	epochs	3.0
949.7367198283387	0.05624000000000251	epochs	2.0
949.7367198283387	0.028159999999957108	epochs	3.0
949.7648798283386	0.028080000000045402	epochs	3.0
949.7929598283387	0.05543999999997595	epochs	2.0
949.7929598283387	0.027839999999969223	epochs	3.0
949.8207998283386	0.02760000000000673	epochs	3.0
949.8483998283386	0.054880000000025575	epochs	2.0
949.8483998283386	0.027519999999981337	epochs	3.0
949.8759198283386	0.027360000000044238	epochs	3.0
949.9032798283387	0.05407999999999902	epochs	2.0
949.9032798283387	0.02711999999996806	epochs	3.0
949.9303998283386	0.02696000000003096	epochs	3.0
949.9573598283387	0.05343999999990956	epochs	2.0
949.9573598283387	0.026799999999980173	epochs	3.0
949.9841598283386	0.026639999999929387	epochs	3.0
950.0107998283386	0.05288000000007287	epochs	2.0
950.0107998283386	0.026479999999992287	epochs	3.0
950.0372798283386	0.02640000000008058	epochs	3.0
950.0636798283386	0.05215999999995802	epochs	2.0
950.0636798283386	0.026160000000004402	epochs	3.0
950.0898398283387	0.025999999999953616	epochs	3.0
950.1158398283386	0.05151999999998225	epochs	2.0
950.1158398283386	0.025840000000016516	epochs	3.0
950.1416798283386	0.02567999999996573	epochs	3.0
950.1673598283386	0.05096000000003187	epochs	2.0
950.1673598283386	0.025600000000054024	epochs	3.0
950.1929598283386	0.025359999999977845	epochs	3.0
950.2183198283386	0.050399999999967804	epochs	2.0
950.2183198283386	0.02527999999995245	epochs	3.0
950.2435998283386	0.025120000000015352	epochs	3.0
950.2687198283386	0.04975999999999203	epochs	2.0
950.2687198283386	0.024960000000078253	epochs	3.0
950.2936798283387	0.02479999999991378	epochs	3.0
950.3184798283386	0.049200000000041655	epochs	2.0
950.3184798283386	0.024640000000090367	epochs	3.0
950.3431198283387	0.024559999999951287	epochs	3.0
950.3676798283386	0.04872000000000298	epochs	2.0
950.3676798283386	0.024400000000014188	epochs	3.0
950.3920798283386	0.024319999999988795	epochs	3.0
950.4163998283386	0.04808000000002721	epochs	2.0
950.4163998283386	0.024080000000026303	epochs	3.0
950.4404798283387	0.02400000000000091	epochs	3.0
950.4644798283387	0.04759999999998854	epochs	2.0
950.4644798283387	0.023839999999950123	epochs	3.0
950.4883198283386	0.023760000000038417	epochs	3.0
950.5120798283386	0.04711999999994987	epochs	2.0
950.5120798283386	0.02359999999998763	epochs	3.0
950.5356798283386	0.023519999999962238	epochs	3.0
950.5591998283386	0.04655999999999949	epochs	2.0
950.5591998283386	0.02336000000002514	epochs	3.0
950.5825598283386	0.023199999999974352	epochs	3.0
950.6057598283386	0.046080000000074506	epochs	2.0
950.6057598283386	0.023120000000062646	epochs	3.0
950.6288798283387	0.02296000000001186	epochs	3.0
950.6518398283387	0.04559999999992215	epochs	2.0
950.6518398283387	0.022879999999986467	epochs	3.0
950.6747198283387	0.02271999999993568	epochs	3.0
950.6974398283386	0.04511999999999716	epochs	2.0
950.6974398283386	0.022640000000023974	epochs	3.0
950.7200798283386	0.022479999999973188	epochs	3.0
950.7425598283386	0.04464000000007218	epochs	2.0
950.7425598283386	0.022400000000061482	epochs	3.0
950.7649598283386	0.022240000000010696	epochs	3.0
950.7871998283387	0.04423999999994521	epochs	2.0
950.7871998283387	0.022159999999985303	epochs	3.0
950.8093598283386	0.02207999999995991	epochs	3.0
950.8314398283386	0.04376000000002023	epochs	2.0
950.8314398283386	0.02192000000002281	epochs	3.0
950.8533598283386	0.021839999999997417	epochs	3.0
950.8751998283386	0.04336000000000695	epochs	2.0
950.8751998283386	0.021759999999972024	epochs	3.0
950.8969598283386	0.021600000000034925	epochs	3.0
950.9185598283386	0.04287999999996828	epochs	2.0
950.9185598283386	0.02143999999998414	epochs	3.0
950.9399998283386	0.02143999999998414	epochs	3.0
950.9614398283386	0.042480000000068685	epochs	2.0
950.9614398283386	0.02128000000004704	epochs	3.0
950.9827198283386	0.021200000000021646	epochs	3.0
951.0039198283387	0.04207999999994172	epochs	2.0
951.0039198283387	0.02103999999997086	epochs	3.0
951.0249598283386	0.02103999999997086	epochs	3.0
951.0459998283386	0.04168000000004213	epochs	2.0
951.0459998283386	0.02088000000003376	epochs	3.0
951.0668798283386	0.020800000000008367	epochs	3.0
951.0876798283387	0.041200000000003456	epochs	2.0
951.0876798283387	0.02063999999995758	epochs	3.0
951.1083198283386	0.020560000000045875	epochs	3.0
951.1288798283387	0.04088000000001557	epochs	2.0
951.1288798283387	0.020559999999932188	epochs	3.0
951.1494398283386	0.020320000000083382	epochs	3.0
951.1697598283387	0.040559999999914	epochs	2.0
951.1697598283387	0.020319999999969696	epochs	3.0
951.1900798283386	0.020239999999944303	epochs	3.0
951.2103198283386	0.04007999999998901	epochs	2.0
951.2103198283386	0.020080000000007203	epochs	3.0
951.2303998283386	0.01999999999998181	epochs	3.0
951.2503998283386	0.03976000000000113	epochs	2.0
951.2503998283386	0.019920000000070104	epochs	3.0
951.2703198283386	0.019839999999931024	epochs	3.0
951.2901598283386	0.03944000000001324	epochs	2.0
951.2901598283386	0.019760000000019318	epochs	3.0
951.3099198283386	0.019679999999993925	epochs	3.0
951.3295998283386	0.039039999999999964	epochs	2.0
951.3295998283386	0.019520000000056825	epochs	3.0
951.3491198283386	0.01951999999994314	epochs	3.0
951.3686398283386	0.038639999999986685	epochs	2.0
951.3686398283386	0.01936000000000604	epochs	3.0
951.3879998283386	0.019279999999980646	epochs	3.0
951.4072798283386	0.03840000000002419	epochs	2.0
951.4072798283386	0.019280000000094333	epochs	3.0
951.4265598283387	0.01911999999992986	epochs	3.0
951.4456798283386	0.038000000000010914	epochs	2.0
951.4456798283386	0.019040000000018154	epochs	3.0
951.4647198283386	0.01895999999999276	epochs	3.0
951.4836798283386	0.03768000000002303	epochs	2.0
951.4836798283386	0.018879999999967367	epochs	3.0
951.5025598283386	0.01880000000005566	epochs	3.0
951.5213598283386	0.03736000000003514	epochs	2.0
951.5213598283386	0.018720000000030268	epochs	3.0
951.5400798283387	0.018640000000004875	epochs	3.0
951.5587198283387	0.03703999999993357	epochs	2.0
951.5587198283387	0.018559999999979482	epochs	3.0
951.5772798283386	0.01847999999995409	epochs	3.0
951.5957598283386	0.03672000000005937	epochs	2.0
951.5957598283386	0.018400000000042382	epochs	3.0
951.6141598283386	0.01832000000001699	epochs	3.0
951.6324798283387	0.03647999999998319	epochs	2.0
951.6324798283387	0.018239999999991596	epochs	3.0
951.6507198283387	0.018239999999991596	epochs	3.0
951.6689598283386	0.036079999999969914	epochs	2.0
951.6689598283386	0.01807999999994081	epochs	3.0
951.6870398283386	0.018000000000029104	epochs	3.0
951.7050398283386	0.03584000000000742	epochs	2.0
951.7050398283386	0.01792000000000371	epochs	3.0
951.7229598283386	0.01792000000000371	epochs	3.0
951.7408798283386	0.035520000000019536	epochs	2.0
951.7408798283386	0.017759999999952925	epochs	3.0
951.7586398283386	0.01776000000006661	epochs	3.0
951.7763998283386	0.03520000000003165	epochs	2.0
951.7763998283386	0.01768000000004122	epochs	3.0
951.7940798283387	0.017519999999990432	epochs	3.0
951.8115998283387	0.03495999999995547	epochs	2.0
951.8115998283387	0.017519999999990432	epochs	3.0
951.8291198283387	0.01743999999996504	epochs	3.0
951.8465598283386	0.03471999999999298	epochs	2.0
951.8465598283386	0.01743999999996504	epochs	3.0
951.8639998283386	0.01728000000002794	epochs	3.0
951.8812798283386	0.03440000000000509	epochs	2.0
951.8812798283386	0.017200000000002547	epochs	3.0
951.8984798283386	0.017200000000002547	epochs	3.0
951.9156798283386	0.0341600000000426	epochs	2.0
951.9156798283386	0.017119999999977153	epochs	3.0
951.9327998283386	0.017040000000065447	epochs	3.0
951.9498398283387	0.03383999999994103	epochs	2.0
951.9498398283387	0.016959999999926367	epochs	3.0
951.9667998283386	0.01688000000001466	epochs	3.0
951.9836798283386	0.033599999999978536	epochs	2.0
951.9836798283386	0.016799999999989268	epochs	3.0
952.0004798283386	0.016799999999989268	epochs	3.0
952.0172798283386	0.033360000000016043	epochs	2.0
952.0172798283386	0.01672000000007756	epochs	3.0
952.0339998283387	0.016639999999938482	epochs	3.0
952.0506398283386	0.03312000000005355	epochs	2.0
952.0506398283386	0.016560000000026776	epochs	3.0
952.0671998283386	0.016560000000026776	epochs	3.0
952.0837598283387	0.03279999999995198	epochs	2.0
952.0837598283387	0.01639999999997599	epochs	3.0
952.1001598283386	0.01639999999997599	epochs	3.0
952.1165598283386	0.032559999999989486	epochs	2.0
952.1165598283386	0.016320000000064283	epochs	3.0
952.1328798283387	0.016239999999925203	epochs	3.0
952.1491198283386	0.03240000000005239	epochs	2.0
952.1491198283386	0.01624000000003889	epochs	3.0
952.1653598283386	0.016160000000013497	epochs	3.0
952.1815198283387	0.032079999999950815	epochs	2.0
952.1815198283387	0.016079999999988104	epochs	3.0
952.1975998283386	0.01599999999996271	epochs	3.0
952.2135998283386	0.031920000000013715	epochs	2.0
952.2135998283386	0.016000000000076398	epochs	3.0
952.2295998283387	0.015919999999937318	epochs	3.0
952.2455198283386	0.03160000000002583	epochs	2.0
952.2455198283386	0.01584000000002561	epochs	3.0
952.2613598283386	0.01576000000000022	epochs	3.0
952.2771198283386	0.03143999999997504	epochs	2.0
952.2771198283386	0.01576000000000022	epochs	3.0
952.2928798283386	0.015679999999974825	epochs	3.0
952.3085598283386	0.03120000000001255	epochs	2.0
952.3085598283386	0.015600000000063119	epochs	3.0
952.3241598283387	0.015599999999949432	epochs	3.0
952.3397598283386	0.03096000000005006	epochs	2.0
952.3397598283386	0.015520000000037726	epochs	3.0
952.3552798283387	0.015440000000012333	epochs	3.0
952.3707198283387	0.03071999999997388	epochs	2.0
952.3707198283387	0.015439999999898646	epochs	3.0
952.3861598283386	0.015280000000075233	epochs	3.0
952.4014398283387	0.030559999999923093	epochs	2.0
952.4014398283387	0.01535999999998694	epochs	3.0
952.4167998283386	0.015199999999936153	epochs	3.0
952.4319998283386	0.030320000000074288	epochs	2.0
952.4319998283386	0.01520000000004984	epochs	3.0
952.4471998283386	0.015120000000024447	epochs	3.0
952.4623198283387	0.030079999999998108	epochs	2.0
952.4623198283387	0.015120000000024447	epochs	3.0
952.4774398283387	0.014959999999973661	epochs	3.0
952.4923998283386	0.029919999999947322	epochs	2.0
952.4923998283386	0.015039999999999054	epochs	3.0
952.5074398283386	0.014879999999948268	epochs	3.0
952.5223198283386	0.02967999999998483	epochs	2.0
952.5223198283386	0.014880000000061955	epochs	3.0
952.5371998283387	0.014799999999922875	epochs	3.0
952.5519998283386	0.02952000000004773	epochs	2.0
952.5519998283386	0.014800000000036562	epochs	3.0
952.5667998283386	0.014720000000011169	epochs	3.0
952.5815198283386	0.02927999999997155	epochs	2.0
952.5815198283386	0.014720000000011169	epochs	3.0
952.5962398283386	0.014559999999960382	epochs	3.0
952.6107998283386	0.02912000000003445	epochs	2.0
952.6107998283386	0.014639999999985776	epochs	3.0
952.6254398283386	0.014480000000048676	epochs	3.0
952.6399198283386	0.028959999999983665	epochs	2.0
952.6399198283386	0.01447999999993499	epochs	3.0
952.6543998283386	0.014480000000048676	epochs	3.0
952.6688798283386	0.02863999999999578	epochs	2.0
952.6688798283386	0.01431999999999789	epochs	3.0
952.6831998283386	0.01431999999999789	epochs	3.0
952.6975198283386	0.028559999999970387	epochs	2.0
952.6975198283386	0.01431999999999789	epochs	3.0
952.7118398283386	0.014239999999972497	epochs	3.0
952.7260798283386	0.028320000000007894	epochs	2.0
952.7260798283386	0.01416000000006079	epochs	3.0
952.7402398283386	0.014159999999947104	epochs	3.0
952.7543998283386	0.028160000000070795	epochs	2.0
952.7543998283386	0.01416000000006079	epochs	3.0
952.7685598283387	0.014000000000010004	epochs	3.0
952.7825598283387	0.027999999999906322	epochs	2.0
952.7825598283387	0.014000000000010004	epochs	3.0
952.7965598283387	0.013999999999896318	epochs	3.0
952.8105598283386	0.027760000000057516	epochs	2.0
952.8105598283386	0.013920000000098298	epochs	3.0
952.8244798283387	0.013839999999959218	epochs	3.0
952.8383198283386	0.027680000000032123	epochs	2.0
952.8383198283386	0.013839999999959218	epochs	3.0
952.8521598283386	0.013840000000072905	epochs	3.0
952.8659998283387	0.027439999999955944	epochs	2.0
952.8659998283387	0.013759999999933825	epochs	3.0
952.8797598283386	0.013680000000022119	epochs	3.0
952.8934398283386	0.027280000000018845	epochs	2.0
952.8934398283386	0.013680000000022119	epochs	3.0
952.9071198283386	0.013599999999996726	epochs	3.0
952.9207198283386	0.02711999999996806	epochs	2.0
952.9207198283386	0.013519999999971333	epochs	3.0
952.9342398283386	0.013599999999996726	epochs	3.0
952.9478398283386	0.026880000000005566	epochs	2.0
952.9478398283386	0.013440000000059626	epochs	3.0
952.9612798283387	0.01343999999994594	epochs	3.0
952.9747198283386	0.026799999999980173	epochs	2.0
952.9747198283386	0.013440000000059626	epochs	3.0
952.9881598283387	0.013359999999920547	epochs	3.0
953.0015198283386	0.02656000000001768	epochs	2.0
953.0015198283386	0.01328000000000884	epochs	3.0
953.0147998283386	0.01328000000000884	epochs	3.0
953.0280798283386	0.026479999999992287	epochs	2.0
953.0280798283386	0.01328000000000884	epochs	3.0
953.0413598283386	0.013199999999983447	epochs	3.0
953.0545598283386	0.026240000000029795	epochs	2.0
953.0545598283386	0.013120000000071741	epochs	3.0
953.0676798283387	0.013119999999958054	epochs	3.0
953.0807998283386	0.026160000000004402	epochs	2.0
953.0807998283386	0.013119999999958054	epochs	3.0
953.0939198283386	0.013040000000046348	epochs	3.0
953.1069598283386	0.025999999999953616	epochs	2.0
953.1069598283386	0.013040000000046348	epochs	3.0
953.1199998283387	0.012959999999907268	epochs	3.0
953.1329598283386	0.025759999999991123	epochs	2.0
953.1329598283386	0.012879999999995562	epochs	3.0
953.1458398283386	0.012879999999995562	epochs	3.0
953.1587198283386	0.025680000000079417	epochs	2.0
953.1587198283386	0.012879999999995562	epochs	3.0
953.1715998283386	0.012800000000083855	epochs	3.0
953.1843998283387	0.025519999999914944	epochs	2.0
953.1843998283387	0.012799999999970169	epochs	3.0
953.1971998283386	0.012719999999944775	epochs	3.0
953.2099198283386	0.02536000000009153	epochs	2.0
953.2099198283386	0.012720000000058462	epochs	3.0
953.2226398283386	0.01264000000003307	epochs	3.0
953.2352798283387	0.02519999999992706	epochs	2.0
953.2352798283387	0.012639999999919382	epochs	3.0
953.2479198283386	0.012560000000007676	epochs	3.0
953.2604798283386	0.024560000000064974	epochs	2.0
953.2844818283386	0.5	epochs	-1.0
953.2850398283387	0.5148799999999483	epochs	1.0
953.7999198283386	0.48504000000002634	epochs	0.0
964.5109996795654	0.10504000000003089	epochs	0.0
964.5109996795654	0.04751999999996315	epochs	1.0
964.5585196795654	0.010080000000016298	epochs	1.0
964.5685996795654	0.04744000000005144	epochs	1.0
964.6160396795655	2.0	epochs	0.0
966.6160396795655	21.514799999999923	epochs	0.0
966.6160396795655	1.0	epochs	1.0
966.6160416795655	0.5	epochs	-1.0
967.1160416795655	19.999439999999936	epochs	-1.0
967.6160396795655	20.0	epochs	1.0
967.6160396795655	8.000000002539309e-05	epochs	2.0
967.6161196795655	4.356719999999996	epochs	-1.0
967.6161196795655	1.9745599999999968	epochs	2.0
967.6161196795655	1.0985599999999067	epochs	3.0
968.7146796795654	0.87600000000009	epochs	3.0
969.5906796795655	1.3523999999999887	epochs	2.0
969.5906796795655	0.7286399999999276	epochs	3.0
970.3193196795654	0.6237600000000612	epochs	3.0
970.9430796795655	1.0297600000000102	epochs	2.0
970.9430796795655	0.5453599999999597	epochs	3.0
971.4884396795654	0.48440000000005057	epochs	3.0
971.9728396795655	0.8317599999999175	epochs	2.0
971.9728396795655	0.4357599999999593	epochs	3.0
972.4085996795654	0.39599999999995816	epochs	3.0
972.8045996795654	0.697840000000042	epochs	2.0
972.8045996795654	0.3628800000000183	epochs	3.0
973.1674796795654	0.3349600000000237	epochs	3.0
973.5024396795654	0.6010400000000118	epochs	2.0
973.5024396795654	0.3108799999999974	epochs	3.0
973.8133196795654	0.2901600000000144	epochs	3.0
974.1034796795655	0.5278399999999692	epochs	2.0
974.1034796795655	0.2719200000000228	epochs	3.0
974.3753996795655	0.2559199999999464	epochs	3.0
974.6313196795654	0.47064000000000306	epochs	2.0
974.6313196795654	0.24167999999997392	epochs	3.0
974.8729996795654	0.22896000000002914	epochs	3.0
975.1019596795654	0.42456000000004224	epochs	2.0
975.1019596795654	0.2174400000000105	epochs	3.0
975.3193996795654	0.20712000000003172	epochs	3.0
975.5265196795655	0.3867199999999684	epochs	2.0
975.5265196795655	0.1976799999999912	epochs	3.0
975.7241996795655	0.18903999999997723	epochs	3.0
975.9132396795654	0.3551199999999426	epochs	2.0
975.9132396795654	0.1811999999999898	epochs	3.0
976.0944396795654	0.17391999999995278	epochs	3.0
976.2683596795654	0.3282400000000507	epochs	2.0
976.2683596795654	0.1672000000000935	epochs	3.0
976.4355596795655	0.16103999999995722	epochs	3.0
976.5965996795654	0.30520000000001346	epochs	2.0
976.5965996795654	0.1552799999999479	epochs	3.0
976.7518796795654	0.14992000000006556	epochs	3.0
976.9017996795654	0.28512000000000626	epochs	2.0
976.9017996795654	0.14487999999994372	epochs	3.0
977.0466796795654	0.14024000000006254	epochs	3.0
977.1869196795654	0.26751999999999043	epochs	2.0
977.1869196795654	0.13584000000003016	epochs	3.0
977.3227596795655	0.13167999999996027	epochs	3.0
977.4544396795654	0.2520799999999781	epochs	2.0
977.4544396795654	0.12783999999999196	epochs	3.0
977.5822796795654	0.12423999999998614	epochs	3.0
977.7065196795654	0.2381599999999935	epochs	2.0
977.7065196795654	0.12072000000000571	epochs	3.0
977.8272396795654	0.11743999999998778	epochs	3.0
977.9446796795654	0.225840000000062	epochs	2.0
977.9446796795654	0.11440000000004602	epochs	3.0
978.0590796795655	0.11144000000001597	epochs	3.0
978.1705196795655	0.21463999999991756	epochs	2.0
978.1705196795655	0.10863999999992302	epochs	3.0
978.2791596795654	0.10599999999999454	epochs	3.0
978.3851596795654	0.20447999999998956	epochs	2.0
978.3851596795654	0.10344000000009146	epochs	3.0
978.4885996795655	0.1010399999998981	epochs	3.0
978.5896396795654	0.1953600000000506	epochs	2.0
978.5896396795654	0.09880000000009659	epochs	3.0
978.6884396795655	0.09655999999995402	epochs	3.0
978.7849996795654	0.18695999999999913	epochs	2.0
978.7849996795654	0.09447999999997592	epochs	3.0
978.8794796795654	0.09248000000002321	epochs	3.0
978.9719596795654	0.1792000000000371	epochs	2.0
978.9719596795654	0.09047999999995682	epochs	3.0
979.0624396795654	0.08872000000008029	epochs	3.0
979.1511596795655	0.17207999999993717	epochs	2.0
979.1511596795655	0.086879999999951	epochs	3.0
979.2380396795654	0.08519999999998618	epochs	3.0
979.3232396795654	0.165520000000015	epochs	2.0
979.3232396795654	0.08360000000004675	epochs	3.0
979.4068396795655	0.08191999999996824	epochs	3.0
979.4887596795654	0.15952000000004318	epochs	2.0
979.4887596795654	0.08047999999996591	epochs	3.0
979.5692396795654	0.07904000000007727	epochs	3.0
979.6482796795655	0.15375999999992018	epochs	2.0
979.6482796795655	0.07759999999996126	epochs	3.0
979.7258796795654	0.07615999999995893	epochs	3.0
979.8020396795654	0.14856000000008862	epochs	2.0
979.8020396795654	0.07496000000003278	epochs	3.0
979.8769996795654	0.07360000000005584	epochs	3.0
979.9505996795655	0.14367999999990388	epochs	2.0
979.9505996795655	0.07247999999992771	epochs	3.0
980.0230796795654	0.07119999999997617	epochs	3.0
980.0942796795654	0.1390400000000227	epochs	2.0
980.0942796795654	0.07008000000007542	epochs	3.0
980.1643596795655	0.06895999999994729	epochs	3.0
980.2333196795654	0.13472000000001572	epochs	2.0
980.2333196795654	0.06792000000007192	epochs	3.0
980.3012396795655	0.0667999999999438	epochs	3.0
980.3680396795654	0.13071999999999662	epochs	2.0
980.3680396795654	0.06583999999998014	epochs	3.0
980.4338796795654	0.06488000000001648	epochs	3.0
980.4987596795654	0.1268000000000029	epochs	2.0
980.4987596795654	0.06384000000002743	epochs	3.0
980.5625996795654	0.06295999999997548	epochs	3.0
980.6255596795654	0.12328000000002248	epochs	2.0
980.6255596795654	0.062080000000037217	epochs	3.0
980.6876396795655	0.061199999999985266	epochs	3.0
980.7488396795654	0.11983999999995376	epochs	2.0
980.7488396795654	0.060320000000047	epochs	3.0
980.8091596795655	0.05951999999990676	epochs	3.0
980.8686796795654	0.1166400000000749	epochs	2.0
980.8686796795654	0.05871999999999389	epochs	3.0
980.9273996795654	0.05792000000008102	epochs	3.0
980.9853196795655	0.11360000000001946	epochs	2.0
980.9853196795655	0.05719999999996617	epochs	3.0
981.0425196795654	0.056400000000053296	epochs	3.0
981.0989196795655	0.11071999999990112	epochs	2.0
981.0989196795655	0.055679999999938445	epochs	3.0
981.1545996795654	0.055039999999962674	epochs	3.0
981.2096396795654	0.10792000000003554	epochs	2.0
981.2096396795654	0.054240000000049804	epochs	3.0
981.2638796795654	0.05367999999998574	epochs	3.0
981.3175596795654	0.10527999999999338	epochs	2.0
981.3175596795654	0.052959999999984575	epochs	3.0
981.3705196795654	0.052320000000008804	epochs	3.0
981.4228396795654	0.1028800000000274	epochs	2.0
981.4228396795654	0.051760000000058426	epochs	3.0
981.4745996795655	0.05111999999996897	epochs	3.0
981.5257196795654	0.10040000000003602	epochs	2.0
981.5257196795654	0.0504799999999932	epochs	3.0
981.5761996795654	0.04992000000004282	epochs	3.0
981.6261196795655	0.09823999999991884	epochs	2.0
981.6261196795655	0.049359999999978754	epochs	3.0
981.6754796795655	0.04887999999994008	epochs	3.0
981.7243596795654	0.09600000000000364	epochs	2.0
981.7243596795654	0.048240000000078	epochs	3.0
981.7725996795655	0.04775999999992564	epochs	3.0
981.8203596795654	0.09392000000002554	epochs	2.0
981.8203596795654	0.04719999999997526	epochs	3.0
981.8675596795654	0.04672000000005028	epochs	3.0
981.9142796795654	0.09191999999995915	epochs	2.0
981.9142796795654	0.04615999999998621	epochs	3.0
981.9604396795654	0.04575999999997293	epochs	3.0
982.0061996795654	0.09008000000005723	epochs	2.0
982.0061996795654	0.04528000000004795	epochs	3.0
982.0514796795654	0.04480000000000928	epochs	3.0
982.0962796795654	0.08816000000001623	epochs	2.0
982.0962796795654	0.044319999999970605	epochs	3.0
982.1405996795654	0.04384000000004562	epochs	3.0
982.1844396795655	0.08647999999993772	epochs	2.0
982.1844396795655	0.043439999999918655	epochs	3.0
982.2278796795654	0.04304000000001906	epochs	3.0
982.2709196795654	0.08472000000006119	epochs	2.0
982.2709196795654	0.04255999999998039	epochs	3.0
982.3134796795654	0.0421600000000808	epochs	3.0
982.3556396795655	0.08319999999991978	epochs	2.0
982.3556396795655	0.041759999999953834	epochs	3.0
982.3973996795654	0.04143999999996595	epochs	3.0
982.4388396795654	0.08152000000006865	epochs	2.0
982.4388396795654	0.040960000000040964	epochs	3.0
982.4797996795654	0.040560000000027685	epochs	3.0
982.5203596795654	0.08007999999995263	epochs	2.0
982.5203596795654	0.0402400000000398	epochs	3.0
982.5605996795655	0.039839999999912834	epochs	3.0
982.6004396795654	0.07864000000006399	epochs	2.0
982.6004396795654	0.039520000000038635	epochs	3.0
982.6399596795654	0.03912000000002536	epochs	3.0
982.6790796795655	0.07719999999994798	epochs	2.0
982.6790796795655	0.038799999999923784	epochs	3.0
982.7178796795654	0.03840000000002419	epochs	3.0
982.7562796795654	0.07591999999999643	epochs	2.0
982.7562796795654	0.0381600000000617	epochs	3.0
982.7944396795655	0.037759999999934735	epochs	3.0
982.8321996795654	0.0745600000000195	epochs	2.0
982.8321996795654	0.037440000000060536	epochs	3.0
982.8696396795655	0.037119999999958964	epochs	3.0
982.9067596795654	0.07335999999997966	epochs	2.0
982.9067596795654	0.03679999999997108	epochs	3.0
982.9435596795654	0.036560000000008586	epochs	3.0
982.9801196795654	0.07208000000002812	epochs	2.0
982.9801196795654	0.03615999999999531	epochs	3.0
983.0162796795654	0.035920000000032815	epochs	3.0
983.0521996795654	0.07087999999998829	epochs	2.0
983.0521996795654	0.03560000000004493	epochs	3.0
983.0877996795655	0.03527999999994336	epochs	3.0
983.1230796795654	0.06983999999999924	epochs	2.0
983.1230796795654	0.035039999999980864	epochs	3.0
983.1581196795654	0.03480000000001837	epochs	3.0
983.1929196795654	0.0686399999999594	epochs	2.0
983.1929196795654	0.034480000000030486	epochs	3.0
983.2273996795655	0.034159999999928914	epochs	3.0
983.2615596795654	0.06760000000008404	epochs	2.0
983.2615596795654	0.03392000000008011	epochs	3.0
983.2954796795655	0.03368000000000393	epochs	3.0
983.3291596795655	0.0665599999999813	epochs	2.0
983.3291596795655	0.03343999999992775	epochs	3.0
983.3625996795654	0.03312000000005355	epochs	3.0
983.3957196795654	0.06560000000001764	epochs	2.0
983.3957196795654	0.032960000000002765	epochs	3.0
983.4286796795654	0.03264000000001488	epochs	3.0
983.4613196795655	0.06455999999991491	epochs	2.0
983.4613196795655	0.0323999999999387	epochs	3.0
983.4937196795654	0.03215999999997621	epochs	3.0
983.5258796795654	0.06368000000009033	epochs	2.0
983.5258796795654	0.03200000000003911	epochs	3.0
983.5578796795654	0.03168000000005122	epochs	3.0
983.5895596795655	0.06272000000001299	epochs	2.0
983.5895596795655	0.03143999999997504	epochs	3.0
983.6209996795654	0.031280000000037944	epochs	3.0
983.6522796795655	0.06183999999996104	epochs	2.0
983.6522796795655	0.031039999999961765	epochs	3.0
983.6833196795654	0.030799999999999272	epochs	3.0
983.7141196795654	0.060960000000022774	epochs	2.0
983.7141196795654	0.03056000000003678	epochs	3.0
983.7446796795655	0.030399999999985994	epochs	3.0
983.7750796795655	0.060159999999996217	epochs	2.0
983.7750796795655	0.030159999999909815	epochs	3.0
983.8052396795654	0.030000000000086402	epochs	3.0
983.8352396795655	0.059279999999944266	epochs	2.0
983.8352396795655	0.02967999999998483	epochs	3.0
983.8649196795654	0.029599999999959437	epochs	3.0
983.8945196795654	0.058480000000031396	epochs	2.0
983.8945196795654	0.029359999999996944	epochs	3.0
983.9238796795654	0.02912000000003445	epochs	3.0
983.9529996795654	0.05776000000003023	epochs	2.0
983.9529996795654	0.028959999999983665	epochs	3.0
983.9819596795654	0.028800000000046566	epochs	3.0
984.0107596795655	0.056960000000003674	epochs	2.0
984.0107596795655	0.028559999999970387	epochs	3.0
984.0393196795654	0.028400000000033288	epochs	3.0
984.0677196795655	0.05624000000000251	epochs	2.0
984.0677196795655	0.028159999999957108	epochs	3.0
984.0958796795654	0.028080000000045402	epochs	3.0
984.1239596795655	0.05543999999997595	epochs	2.0
984.1239596795655	0.027839999999969223	epochs	3.0
984.1517996795654	0.02760000000000673	epochs	3.0
984.1793996795654	0.054880000000025575	epochs	2.0
984.1793996795654	0.027519999999981337	epochs	3.0
984.2069196795654	0.027360000000044238	epochs	3.0
984.2342796795655	0.05407999999999902	epochs	2.0
984.2342796795655	0.02711999999996806	epochs	3.0
984.2613996795654	0.02696000000003096	epochs	3.0
984.2883596795655	0.05343999999990956	epochs	2.0
984.2883596795655	0.026799999999980173	epochs	3.0
984.3151596795655	0.026639999999929387	epochs	3.0
984.3417996795654	0.05288000000007287	epochs	2.0
984.3417996795654	0.026479999999992287	epochs	3.0
984.3682796795654	0.02640000000008058	epochs	3.0
984.3946796795655	0.05215999999995802	epochs	2.0
984.3946796795655	0.026160000000004402	epochs	3.0
984.4208396795655	0.025999999999953616	epochs	3.0
984.4468396795654	0.05151999999998225	epochs	2.0
984.4468396795654	0.025840000000016516	epochs	3.0
984.4726796795654	0.02567999999996573	epochs	3.0
984.4983596795654	0.05096000000003187	epochs	2.0
984.4983596795654	0.025600000000054024	epochs	3.0
984.5239596795655	0.025359999999977845	epochs	3.0
984.5493196795654	0.050399999999967804	epochs	2.0
984.5493196795654	0.02527999999995245	epochs	3.0
984.5745996795654	0.025120000000015352	epochs	3.0
984.5997196795654	0.04975999999999203	epochs	2.0
984.5997196795654	0.024960000000078253	epochs	3.0
984.6246796795655	0.02479999999991378	epochs	3.0
984.6494796795654	0.049200000000041655	epochs	2.0
984.6494796795654	0.024640000000090367	epochs	3.0
984.6741196795655	0.024559999999951287	epochs	3.0
984.6986796795654	0.04872000000000298	epochs	2.0
984.6986796795654	0.024400000000014188	epochs	3.0
984.7230796795654	0.024319999999988795	epochs	3.0
984.7473996795654	0.04808000000002721	epochs	2.0
984.7473996795654	0.024080000000026303	epochs	3.0
984.7714796795655	0.02400000000000091	epochs	3.0
984.7954796795655	0.04759999999998854	epochs	2.0
984.7954796795655	0.023839999999950123	epochs	3.0
984.8193196795654	0.023760000000038417	epochs	3.0
984.8430796795654	0.04711999999994987	epochs	2.0
984.8430796795654	0.02359999999998763	epochs	3.0
984.8666796795654	0.023519999999962238	epochs	3.0
984.8901996795654	0.04655999999999949	epochs	2.0
984.8901996795654	0.02336000000002514	epochs	3.0
984.9135596795654	0.023199999999974352	epochs	3.0
984.9367596795654	0.046080000000074506	epochs	2.0
984.9367596795654	0.023120000000062646	epochs	3.0
984.9598796795655	0.02296000000001186	epochs	3.0
984.9828396795655	0.04559999999992215	epochs	2.0
984.9828396795655	0.022879999999986467	epochs	3.0
985.0057196795655	0.02271999999993568	epochs	3.0
985.0284396795654	0.04511999999999716	epochs	2.0
985.0284396795654	0.022640000000023974	epochs	3.0
985.0510796795654	0.022479999999973188	epochs	3.0
985.0735596795654	0.04464000000007218	epochs	2.0
985.0735596795654	0.022400000000061482	epochs	3.0
985.0959596795655	0.022240000000010696	epochs	3.0
985.1181996795655	0.04423999999994521	epochs	2.0
985.1181996795655	0.022159999999985303	epochs	3.0
985.1403596795654	0.02207999999995991	epochs	3.0
985.1624396795654	0.04376000000002023	epochs	2.0
985.1624396795654	0.02192000000002281	epochs	3.0
985.1843596795654	0.021839999999997417	epochs	3.0
985.2061996795654	0.04336000000000695	epochs	2.0
985.2061996795654	0.021759999999972024	epochs	3.0
985.2279596795654	0.021600000000034925	epochs	3.0
985.2495596795654	0.04287999999996828	epochs	2.0
985.2495596795654	0.02143999999998414	epochs	3.0
985.2709996795654	0.02143999999998414	epochs	3.0
985.2924396795654	0.042480000000068685	epochs	2.0
985.2924396795654	0.02128000000004704	epochs	3.0
985.3137196795655	0.021200000000021646	epochs	3.0
985.3349196795655	0.04207999999994172	epochs	2.0
985.3349196795655	0.02103999999997086	epochs	3.0
985.3559596795654	0.02103999999997086	epochs	3.0
985.3769996795654	0.04168000000004213	epochs	2.0
985.3769996795654	0.02088000000003376	epochs	3.0
985.3978796795654	0.020800000000008367	epochs	3.0
985.4186796795655	0.041200000000003456	epochs	2.0
985.4186796795655	0.02063999999995758	epochs	3.0
985.4393196795654	0.020560000000045875	epochs	3.0
985.4598796795655	0.04088000000001557	epochs	2.0
985.4598796795655	0.020559999999932188	epochs	3.0
985.4804396795654	0.020320000000083382	epochs	3.0
985.5007596795655	0.040559999999914	epochs	2.0
985.5007596795655	0.020319999999969696	epochs	3.0
985.5210796795654	0.020239999999944303	epochs	3.0
985.5413196795654	0.04007999999998901	epochs	2.0
985.5413196795654	0.020080000000007203	epochs	3.0
985.5613996795654	0.01999999999998181	epochs	3.0
985.5813996795654	0.03976000000000113	epochs	2.0
985.5813996795654	0.019920000000070104	epochs	3.0
985.6013196795654	0.019839999999931024	epochs	3.0
985.6211596795654	0.03944000000001324	epochs	2.0
985.6211596795654	0.019760000000019318	epochs	3.0
985.6409196795654	0.019679999999993925	epochs	3.0
985.6605996795654	0.039039999999999964	epochs	2.0
985.6605996795654	0.019520000000056825	epochs	3.0
985.6801196795655	0.01951999999994314	epochs	3.0
985.6996396795654	0.038639999999986685	epochs	2.0
985.6996396795654	0.01936000000000604	epochs	3.0
985.7189996795654	0.019279999999980646	epochs	3.0
985.7382796795654	0.03840000000002419	epochs	2.0
985.7382796795654	0.019280000000094333	epochs	3.0
985.7575596795655	0.01911999999992986	epochs	3.0
985.7766796795654	0.038000000000010914	epochs	2.0
985.7766796795654	0.019040000000018154	epochs	3.0
985.7957196795654	0.01895999999999276	epochs	3.0
985.8146796795654	0.03768000000002303	epochs	2.0
985.8146796795654	0.018879999999967367	epochs	3.0
985.8335596795654	0.01880000000005566	epochs	3.0
985.8523596795654	0.03736000000003514	epochs	2.0
985.8523596795654	0.018720000000030268	epochs	3.0
985.8710796795655	0.018640000000004875	epochs	3.0
985.8897196795655	0.03703999999993357	epochs	2.0
985.8897196795655	0.018559999999979482	epochs	3.0
985.9082796795655	0.01847999999995409	epochs	3.0
985.9267596795654	0.03672000000005937	epochs	2.0
985.9267596795654	0.018400000000042382	epochs	3.0
985.9451596795654	0.01832000000001699	epochs	3.0
985.9634796795655	0.03647999999998319	epochs	2.0
985.9634796795655	0.018239999999991596	epochs	3.0
985.9817196795655	0.018239999999991596	epochs	3.0
985.9999596795654	0.036079999999969914	epochs	2.0
985.9999596795654	0.01807999999994081	epochs	3.0
986.0180396795654	0.018000000000029104	epochs	3.0
986.0360396795654	0.03584000000000742	epochs	2.0
986.0360396795654	0.01792000000000371	epochs	3.0
986.0539596795654	0.01792000000000371	epochs	3.0
986.0718796795654	0.035520000000019536	epochs	2.0
986.0718796795654	0.017759999999952925	epochs	3.0
986.0896396795654	0.01776000000006661	epochs	3.0
986.1073996795654	0.03520000000003165	epochs	2.0
986.1073996795654	0.01768000000004122	epochs	3.0
986.1250796795655	0.017519999999990432	epochs	3.0
986.1425996795655	0.03495999999995547	epochs	2.0
986.1425996795655	0.017519999999990432	epochs	3.0
986.1601196795655	0.01743999999996504	epochs	3.0
986.1775596795654	0.03471999999999298	epochs	2.0
986.1775596795654	0.01743999999996504	epochs	3.0
986.1949996795654	0.01728000000002794	epochs	3.0
986.2122796795654	0.03440000000000509	epochs	2.0
986.2122796795654	0.017200000000002547	epochs	3.0
986.2294796795654	0.017200000000002547	epochs	3.0
986.2466796795654	0.0341600000000426	epochs	2.0
986.2466796795654	0.017119999999977153	epochs	3.0
986.2637996795654	0.017040000000065447	epochs	3.0
986.2808396795655	0.03383999999994103	epochs	2.0
986.2808396795655	0.016959999999926367	epochs	3.0
986.2977996795654	0.01688000000001466	epochs	3.0
986.3146796795654	0.033599999999978536	epochs	2.0
986.3146796795654	0.016799999999989268	epochs	3.0
986.3314796795654	0.016799999999989268	epochs	3.0
986.3482796795654	0.033360000000016043	epochs	2.0
986.3482796795654	0.01672000000007756	epochs	3.0
986.3649996795655	0.016639999999938482	epochs	3.0
986.3816396795654	0.03312000000005355	epochs	2.0
986.3816396795654	0.016560000000026776	epochs	3.0
986.3981996795654	0.016560000000026776	epochs	3.0
986.4147596795655	0.03279999999995198	epochs	2.0
986.4147596795655	0.01639999999997599	epochs	3.0
986.4311596795654	0.01639999999997599	epochs	3.0
986.4475596795654	0.032559999999989486	epochs	2.0
986.4475596795654	0.016320000000064283	epochs	3.0
986.4638796795655	0.016239999999925203	epochs	3.0
986.4801196795654	0.03240000000005239	epochs	2.0
986.4801196795654	0.01624000000003889	epochs	3.0
986.4963596795654	0.016160000000013497	epochs	3.0
986.5125196795655	0.032079999999950815	epochs	2.0
986.5125196795655	0.016079999999988104	epochs	3.0
986.5285996795654	0.01599999999996271	epochs	3.0
986.5445996795654	0.031920000000013715	epochs	2.0
986.5445996795654	0.016000000000076398	epochs	3.0
986.5605996795655	0.015919999999937318	epochs	3.0
986.5765196795654	0.03160000000002583	epochs	2.0
986.5765196795654	0.01584000000002561	epochs	3.0
986.5923596795654	0.01576000000000022	epochs	3.0
986.6081196795654	0.03143999999997504	epochs	2.0
986.6081196795654	0.01576000000000022	epochs	3.0
986.6238796795654	0.015679999999974825	epochs	3.0
986.6395596795654	0.03120000000001255	epochs	2.0
986.6395596795654	0.015600000000063119	epochs	3.0
986.6551596795655	0.015599999999949432	epochs	3.0
986.6707596795654	0.03096000000005006	epochs	2.0
986.6707596795654	0.015520000000037726	epochs	3.0
986.6862796795655	0.015440000000012333	epochs	3.0
986.7017196795655	0.03071999999997388	epochs	2.0
986.7017196795655	0.015439999999898646	epochs	3.0
986.7171596795654	0.015280000000075233	epochs	3.0
986.7324396795655	0.030559999999923093	epochs	2.0
986.7324396795655	0.01535999999998694	epochs	3.0
986.7477996795654	0.015199999999936153	epochs	3.0
986.7629996795654	0.030320000000074288	epochs	2.0
986.7629996795654	0.01520000000004984	epochs	3.0
986.7781996795654	0.015120000000024447	epochs	3.0
986.7933196795655	0.030079999999998108	epochs	2.0
986.7933196795655	0.015120000000024447	epochs	3.0
986.8084396795655	0.014959999999973661	epochs	3.0
986.8233996795655	0.029919999999947322	epochs	2.0
986.8233996795655	0.015039999999999054	epochs	3.0
986.8384396795655	0.014879999999948268	epochs	3.0
986.8533196795654	0.02967999999998483	epochs	2.0
986.8533196795654	0.014880000000061955	epochs	3.0
986.8681996795655	0.014799999999922875	epochs	3.0
986.8829996795654	0.02952000000004773	epochs	2.0
986.8829996795654	0.014800000000036562	epochs	3.0
986.8977996795654	0.014720000000011169	epochs	3.0
986.9125196795654	0.02927999999997155	epochs	2.0
986.9125196795654	0.014720000000011169	epochs	3.0
986.9272396795654	0.014559999999960382	epochs	3.0
986.9417996795654	0.02912000000003445	epochs	2.0
986.9417996795654	0.014639999999985776	epochs	3.0
986.9564396795654	0.014480000000048676	epochs	3.0
986.9709196795654	0.028959999999983665	epochs	2.0
986.9709196795654	0.01447999999993499	epochs	3.0
986.9853996795654	0.014480000000048676	epochs	3.0
986.9998796795654	0.02863999999999578	epochs	2.0
986.9998796795654	0.01431999999999789	epochs	3.0
987.0141996795654	0.01431999999999789	epochs	3.0
987.0285196795654	0.028559999999970387	epochs	2.0
987.0285196795654	0.01431999999999789	epochs	3.0
987.0428396795654	0.014239999999972497	epochs	3.0
987.0570796795654	0.028320000000007894	epochs	2.0
987.0570796795654	0.01416000000006079	epochs	3.0
987.0712396795655	0.014159999999947104	epochs	3.0
987.0853996795654	0.028160000000070795	epochs	2.0
987.0853996795654	0.01416000000006079	epochs	3.0
987.0995596795655	0.014000000000010004	epochs	3.0
987.1135596795655	0.027999999999906322	epochs	2.0
987.1135596795655	0.014000000000010004	epochs	3.0
987.1275596795655	0.013999999999896318	epochs	3.0
987.1415596795654	0.027760000000057516	epochs	2.0
987.1415596795654	0.013920000000098298	epochs	3.0
987.1554796795655	0.013839999999959218	epochs	3.0
987.1693196795654	0.027680000000032123	epochs	2.0
987.1693196795654	0.013839999999959218	epochs	3.0
987.1831596795654	0.013840000000072905	epochs	3.0
987.1969996795655	0.027439999999955944	epochs	2.0
987.1969996795655	0.013759999999933825	epochs	3.0
987.2107596795654	0.013680000000022119	epochs	3.0
987.2244396795654	0.027280000000018845	epochs	2.0
987.2244396795654	0.013680000000022119	epochs	3.0
987.2381196795654	0.013599999999996726	epochs	3.0
987.2517196795654	0.02711999999996806	epochs	2.0
987.2517196795654	0.013519999999971333	epochs	3.0
987.2652396795654	0.013599999999996726	epochs	3.0
987.2788396795654	0.026880000000005566	epochs	2.0
987.2788396795654	0.013440000000059626	epochs	3.0
987.2922796795655	0.01343999999994594	epochs	3.0
987.3057196795654	0.026799999999980173	epochs	2.0
987.3057196795654	0.013440000000059626	epochs	3.0
987.3191596795655	0.013359999999920547	epochs	3.0
987.3325196795654	0.02656000000001768	epochs	2.0
987.3325196795654	0.01328000000000884	epochs	3.0
987.3457996795654	0.01328000000000884	epochs	3.0
987.3590796795654	0.026479999999992287	epochs	2.0
987.3590796795654	0.01328000000000884	epochs	3.0
987.3723596795654	0.013199999999983447	epochs	3.0
987.3855596795654	0.026240000000029795	epochs	2.0
987.3855596795654	0.013120000000071741	epochs	3.0
987.3986796795655	0.013119999999958054	epochs	3.0
987.4117996795654	0.026160000000004402	epochs	2.0
987.4117996795654	0.013119999999958054	epochs	3.0
987.4249196795654	0.013040000000046348	epochs	3.0
987.4379596795654	0.025999999999953616	epochs	2.0
987.4379596795654	0.013040000000046348	epochs	3.0
987.4509996795655	0.012959999999907268	epochs	3.0
987.4639596795654	0.025759999999991123	epochs	2.0
987.4639596795654	0.012879999999995562	epochs	3.0
987.4768396795654	0.012879999999995562	epochs	3.0
987.4897196795654	0.025680000000079417	epochs	2.0
987.4897196795654	0.012879999999995562	epochs	3.0
987.5025996795654	0.012800000000083855	epochs	3.0
987.5153996795655	0.025519999999914944	epochs	2.0
987.5153996795655	0.012799999999970169	epochs	3.0
987.5281996795654	0.012719999999944775	epochs	3.0
987.5409196795654	0.02536000000009153	epochs	2.0
987.5409196795654	0.012720000000058462	epochs	3.0
987.5536396795654	0.01264000000003307	epochs	3.0
987.5662796795655	0.02519999999992706	epochs	2.0
987.5662796795655	0.012639999999919382	epochs	3.0
987.5789196795654	0.012560000000007676	epochs	3.0
987.5914796795654	0.024560000000064974	epochs	2.0
987.6154816795654	0.5	epochs	-1.0
987.6160396795655	0.5147999999999229	epochs	1.0
988.1308396795654	0.48512000000005173	epochs	0.0
990.6759996414185	0.10504000000003089	epochs	0.0
990.6759996414185	0.04751999999996315	epochs	1.0
990.7235196414184	0.010080000000016298	epochs	1.0
990.7335996414184	0.04744000000005144	epochs	1.0
990.7810396414185	2.0	epochs	0.0
992.7810396414185	21.534400000000005	epochs	0.0
992.7810396414185	1.0	epochs	1.0
992.7810416414185	0.5	epochs	-1.0
993.2810416414185	19.999439999999936	epochs	-1.0
993.7810396414185	20.0	epochs	1.0
993.7810396414185	8.000000002539309e-05	epochs	2.0
993.7811196414185	4.356719999999996	epochs	-1.0
993.7811196414185	1.9745599999999968	epochs	2.0
993.7811196414185	1.0985599999999067	epochs	3.0
994.8796796414184	0.87600000000009	epochs	3.0
995.7556796414185	1.3523999999999887	epochs	2.0
995.7556796414185	0.7286399999999276	epochs	3.0
996.4843196414184	0.6237600000000612	epochs	3.0
997.1080796414185	1.0297600000000102	epochs	2.0
997.1080796414185	0.5453599999999597	epochs	3.0
997.6534396414185	0.48440000000005057	epochs	3.0
998.1378396414185	0.8317599999999175	epochs	2.0
998.1378396414185	0.4357599999999593	epochs	3.0
998.5735996414185	0.39599999999995816	epochs	3.0
998.9695996414184	0.697840000000042	epochs	2.0
998.9695996414184	0.3628800000000183	epochs	3.0
999.3324796414184	0.3349600000000237	epochs	3.0
999.6674396414185	0.6010400000000118	epochs	2.0
999.6674396414185	0.3108799999999974	epochs	3.0
999.9783196414185	0.2901600000000144	epochs	3.0
1000.2684796414185	0.5278399999999692	epochs	2.0
1000.2684796414185	0.2719200000000228	epochs	3.0
1000.5403996414185	0.2559199999999464	epochs	3.0
1000.7963196414184	0.47064000000000306	epochs	2.0
1000.7963196414184	0.24167999999997392	epochs	3.0
1001.0379996414184	0.22896000000002914	epochs	3.0
1001.2669596414185	0.42456000000004224	epochs	2.0
1001.2669596414185	0.2174400000000105	epochs	3.0
1001.4843996414185	0.20712000000003172	epochs	3.0
1001.6915196414185	0.3867199999999684	epochs	2.0
1001.6915196414185	0.1976799999999912	epochs	3.0
1001.8891996414185	0.18903999999997723	epochs	3.0
1002.0782396414185	0.3551199999999426	epochs	2.0
1002.0782396414185	0.1811999999999898	epochs	3.0
1002.2594396414185	0.17391999999995278	epochs	3.0
1002.4333596414184	0.3282400000000507	epochs	2.0
1002.4333596414184	0.1672000000000935	epochs	3.0
1002.6005596414185	0.16103999999995722	epochs	3.0
1002.7615996414185	0.30520000000001346	epochs	2.0
1002.7615996414185	0.1552799999999479	epochs	3.0
1002.9168796414184	0.14992000000006556	epochs	3.0
1003.0667996414185	0.28512000000000626	epochs	2.0
1003.0667996414185	0.14487999999994372	epochs	3.0
1003.2116796414184	0.14024000000006254	epochs	3.0
1003.3519196414185	0.26751999999999043	epochs	2.0
1003.3519196414185	0.13584000000003016	epochs	3.0
1003.4877596414185	0.13167999999996027	epochs	3.0
1003.6194396414185	0.2520799999999781	epochs	2.0
1003.6194396414185	0.12783999999999196	epochs	3.0
1003.7472796414185	0.12423999999998614	epochs	3.0
1003.8715196414184	0.2381599999999935	epochs	2.0
1003.8715196414184	0.12072000000000571	epochs	3.0
1003.9922396414185	0.11743999999998778	epochs	3.0
1004.1096796414184	0.225840000000062	epochs	2.0
1004.1096796414184	0.11440000000004602	epochs	3.0
1004.2240796414185	0.11144000000001597	epochs	3.0
1004.3355196414185	0.21463999999991756	epochs	2.0
1004.3355196414185	0.10863999999992302	epochs	3.0
1004.4441596414184	0.10599999999999454	epochs	3.0
1004.5501596414184	0.20447999999998956	epochs	2.0
1004.5501596414184	0.10344000000009146	epochs	3.0
1004.6535996414185	0.1010399999998981	epochs	3.0
1004.7546396414184	0.1953600000000506	epochs	2.0
1004.7546396414184	0.09880000000009659	epochs	3.0
1004.8534396414185	0.09655999999995402	epochs	3.0
1004.9499996414185	0.18695999999999913	epochs	2.0
1004.9499996414185	0.09447999999997592	epochs	3.0
1005.0444796414184	0.09248000000002321	epochs	3.0
1005.1369596414185	0.1792000000000371	epochs	2.0
1005.1369596414185	0.09047999999995682	epochs	3.0
1005.2274396414184	0.08872000000008029	epochs	3.0
1005.3161596414185	0.17207999999993717	epochs	2.0
1005.3161596414185	0.086879999999951	epochs	3.0
1005.4030396414184	0.08519999999998618	epochs	3.0
1005.4882396414184	0.165520000000015	epochs	2.0
1005.4882396414184	0.08360000000004675	epochs	3.0
1005.5718396414185	0.08191999999996824	epochs	3.0
1005.6537596414184	0.15952000000004318	epochs	2.0
1005.6537596414184	0.08047999999996591	epochs	3.0
1005.7342396414184	0.07904000000007727	epochs	3.0
1005.8132796414185	0.15375999999992018	epochs	2.0
1005.8132796414185	0.07759999999996126	epochs	3.0
1005.8908796414185	0.07615999999995893	epochs	3.0
1005.9670396414184	0.14856000000008862	epochs	2.0
1005.9670396414184	0.07496000000003278	epochs	3.0
1006.0419996414184	0.07360000000005584	epochs	3.0
1006.1155996414185	0.14367999999990388	epochs	2.0
1006.1155996414185	0.07247999999992771	epochs	3.0
1006.1880796414184	0.07119999999997617	epochs	3.0
1006.2592796414184	0.1390400000000227	epochs	2.0
1006.2592796414184	0.07008000000007542	epochs	3.0
1006.3293596414185	0.06895999999994729	epochs	3.0
1006.3983196414184	0.13472000000001572	epochs	2.0
1006.3983196414184	0.06792000000007192	epochs	3.0
1006.4662396414185	0.0667999999999438	epochs	3.0
1006.5330396414184	0.13071999999999662	epochs	2.0
1006.5330396414184	0.06583999999998014	epochs	3.0
1006.5988796414184	0.06488000000001648	epochs	3.0
1006.6637596414184	0.1268000000000029	epochs	2.0
1006.6637596414184	0.06384000000002743	epochs	3.0
1006.7275996414185	0.06295999999997548	epochs	3.0
1006.7905596414184	0.12328000000002248	epochs	2.0
1006.7905596414184	0.062080000000037217	epochs	3.0
1006.8526396414185	0.061199999999985266	epochs	3.0
1006.9138396414185	0.11983999999995376	epochs	2.0
1006.9138396414185	0.060320000000047	epochs	3.0
1006.9741596414185	0.05951999999990676	epochs	3.0
1007.0336796414184	0.1166400000000749	epochs	2.0
1007.0336796414184	0.05871999999999389	epochs	3.0
1007.0923996414184	0.05792000000008102	epochs	3.0
1007.1503196414185	0.11360000000001946	epochs	2.0
1007.1503196414185	0.05719999999996617	epochs	3.0
1007.2075196414185	0.056400000000053296	epochs	3.0
1007.2639196414185	0.11071999999990112	epochs	2.0
1007.2639196414185	0.055679999999938445	epochs	3.0
1007.3195996414184	0.055039999999962674	epochs	3.0
1007.3746396414184	0.10792000000003554	epochs	2.0
1007.3746396414184	0.054240000000049804	epochs	3.0
1007.4288796414185	0.05367999999998574	epochs	3.0
1007.4825596414184	0.10527999999999338	epochs	2.0
1007.4825596414184	0.052959999999984575	epochs	3.0
1007.5355196414184	0.052320000000008804	epochs	3.0
1007.5878396414184	0.1028800000000274	epochs	2.0
1007.5878396414184	0.051760000000058426	epochs	3.0
1007.6395996414185	0.05111999999996897	epochs	3.0
1007.6907196414185	0.10040000000003602	epochs	2.0
1007.6907196414185	0.0504799999999932	epochs	3.0
1007.7411996414185	0.04992000000004282	epochs	3.0
1007.7911196414185	0.09823999999991884	epochs	2.0
1007.7911196414185	0.049359999999978754	epochs	3.0
1007.8404796414185	0.04887999999994008	epochs	3.0
1007.8893596414184	0.09600000000000364	epochs	2.0
1007.8893596414184	0.048240000000078	epochs	3.0
1007.9375996414185	0.04775999999992564	epochs	3.0
1007.9853596414184	0.09392000000002554	epochs	2.0
1007.9853596414184	0.04719999999997526	epochs	3.0
1008.0325596414184	0.04672000000005028	epochs	3.0
1008.0792796414185	0.09191999999995915	epochs	2.0
1008.0792796414185	0.04615999999998621	epochs	3.0
1008.1254396414184	0.04575999999997293	epochs	3.0
1008.1711996414184	0.09008000000005723	epochs	2.0
1008.1711996414184	0.04528000000004795	epochs	3.0
1008.2164796414185	0.04480000000000928	epochs	3.0
1008.2612796414185	0.08816000000001623	epochs	2.0
1008.2612796414185	0.044319999999970605	epochs	3.0
1008.3055996414184	0.04384000000004562	epochs	3.0
1008.3494396414185	0.08647999999993772	epochs	2.0
1008.3494396414185	0.043439999999918655	epochs	3.0
1008.3928796414184	0.04304000000001906	epochs	3.0
1008.4359196414184	0.08472000000006119	epochs	2.0
1008.4359196414184	0.04255999999998039	epochs	3.0
1008.4784796414184	0.0421600000000808	epochs	3.0
1008.5206396414185	0.08319999999991978	epochs	2.0
1008.5206396414185	0.041759999999953834	epochs	3.0
1008.5623996414184	0.04143999999996595	epochs	3.0
1008.6038396414184	0.08152000000006865	epochs	2.0
1008.6038396414184	0.040960000000040964	epochs	3.0
1008.6447996414184	0.040560000000027685	epochs	3.0
1008.6853596414185	0.08007999999995263	epochs	2.0
1008.6853596414185	0.0402400000000398	epochs	3.0
1008.7255996414185	0.039839999999912834	epochs	3.0
1008.7654396414184	0.07864000000006399	epochs	2.0
1008.7654396414184	0.039520000000038635	epochs	3.0
1008.8049596414185	0.03912000000002536	epochs	3.0
1008.8440796414185	0.07719999999994798	epochs	2.0
1008.8440796414185	0.038799999999923784	epochs	3.0
1008.8828796414184	0.03840000000002419	epochs	3.0
1008.9212796414184	0.07591999999999643	epochs	2.0
1008.9212796414184	0.0381600000000617	epochs	3.0
1008.9594396414185	0.037759999999934735	epochs	3.0
1008.9971996414184	0.0745600000000195	epochs	2.0
1008.9971996414184	0.037440000000060536	epochs	3.0
1009.0346396414185	0.037119999999958964	epochs	3.0
1009.0717596414185	0.07335999999997966	epochs	2.0
1009.0717596414185	0.03679999999997108	epochs	3.0
1009.1085596414184	0.036560000000008586	epochs	3.0
1009.1451196414184	0.07208000000002812	epochs	2.0
1009.1451196414184	0.03615999999999531	epochs	3.0
1009.1812796414184	0.035920000000032815	epochs	3.0
1009.2171996414185	0.07087999999998829	epochs	2.0
1009.2171996414185	0.03560000000004493	epochs	3.0
1009.2527996414185	0.03527999999994336	epochs	3.0
1009.2880796414184	0.06983999999999924	epochs	2.0
1009.2880796414184	0.035039999999980864	epochs	3.0
1009.3231196414184	0.03480000000001837	epochs	3.0
1009.3579196414184	0.0686399999999594	epochs	2.0
1009.3579196414184	0.034480000000030486	epochs	3.0
1009.3923996414185	0.034159999999928914	epochs	3.0
1009.4265596414184	0.06760000000008404	epochs	2.0
1009.4265596414184	0.03392000000008011	epochs	3.0
1009.4604796414185	0.03368000000000393	epochs	3.0
1009.4941596414185	0.0665599999999813	epochs	2.0
1009.4941596414185	0.03343999999992775	epochs	3.0
1009.5275996414184	0.03312000000005355	epochs	3.0
1009.5607196414185	0.06560000000001764	epochs	2.0
1009.5607196414185	0.032960000000002765	epochs	3.0
1009.5936796414185	0.03264000000001488	epochs	3.0
1009.6263196414185	0.06455999999991491	epochs	2.0
1009.6263196414185	0.0323999999999387	epochs	3.0
1009.6587196414184	0.03215999999997621	epochs	3.0
1009.6908796414184	0.06368000000009033	epochs	2.0
1009.6908796414184	0.03200000000003911	epochs	3.0
1009.7228796414184	0.03168000000005122	epochs	3.0
1009.7545596414185	0.06272000000001299	epochs	2.0
1009.7545596414185	0.03143999999997504	epochs	3.0
1009.7859996414185	0.031280000000037944	epochs	3.0
1009.8172796414185	0.06183999999996104	epochs	2.0
1009.8172796414185	0.031039999999961765	epochs	3.0
1009.8483196414185	0.030799999999999272	epochs	3.0
1009.8791196414185	0.060960000000022774	epochs	2.0
1009.8791196414185	0.03056000000003678	epochs	3.0
1009.9096796414185	0.030399999999985994	epochs	3.0
1009.9400796414185	0.060159999999996217	epochs	2.0
1009.9400796414185	0.030159999999909815	epochs	3.0
1009.9702396414184	0.030000000000086402	epochs	3.0
1010.0002396414185	0.059279999999944266	epochs	2.0
1010.0002396414185	0.02967999999998483	epochs	3.0
1010.0299196414185	0.029599999999959437	epochs	3.0
1010.0595196414184	0.058480000000031396	epochs	2.0
1010.0595196414184	0.029359999999996944	epochs	3.0
1010.0888796414184	0.02912000000003445	epochs	3.0
1010.1179996414185	0.05776000000003023	epochs	2.0
1010.1179996414185	0.028959999999983665	epochs	3.0
1010.1469596414184	0.028800000000046566	epochs	3.0
1010.1757596414185	0.056960000000003674	epochs	2.0
1010.1757596414185	0.028559999999970387	epochs	3.0
1010.2043196414185	0.028400000000033288	epochs	3.0
1010.2327196414185	0.05624000000000251	epochs	2.0
1010.2327196414185	0.028159999999957108	epochs	3.0
1010.2608796414185	0.028080000000045402	epochs	3.0
1010.2889596414185	0.05543999999997595	epochs	2.0
1010.2889596414185	0.027839999999969223	epochs	3.0
1010.3167996414185	0.02760000000000673	epochs	3.0
1010.3443996414185	0.054880000000025575	epochs	2.0
1010.3443996414185	0.027519999999981337	epochs	3.0
1010.3719196414185	0.027360000000044238	epochs	3.0
1010.3992796414185	0.05407999999999902	epochs	2.0
1010.3992796414185	0.02711999999996806	epochs	3.0
1010.4263996414185	0.02696000000003096	epochs	3.0
1010.4533596414185	0.05343999999990956	epochs	2.0
1010.4533596414185	0.026799999999980173	epochs	3.0
1010.4801596414185	0.026639999999929387	epochs	3.0
1010.5067996414184	0.05288000000007287	epochs	2.0
1010.5067996414184	0.026479999999992287	epochs	3.0
1010.5332796414184	0.02640000000008058	epochs	3.0
1010.5596796414185	0.05215999999995802	epochs	2.0
1010.5596796414185	0.026160000000004402	epochs	3.0
1010.5858396414185	0.025999999999953616	epochs	3.0
1010.6118396414184	0.05151999999998225	epochs	2.0
1010.6118396414184	0.025840000000016516	epochs	3.0
1010.6376796414185	0.02567999999996573	epochs	3.0
1010.6633596414184	0.05096000000003187	epochs	2.0
1010.6633596414184	0.025600000000054024	epochs	3.0
1010.6889596414185	0.025359999999977845	epochs	3.0
1010.7143196414185	0.050399999999967804	epochs	2.0
1010.7143196414185	0.02527999999995245	epochs	3.0
1010.7395996414184	0.025120000000015352	epochs	3.0
1010.7647196414184	0.04975999999999203	epochs	2.0
1010.7647196414184	0.024960000000078253	epochs	3.0
1010.7896796414185	0.02479999999991378	epochs	3.0
1010.8144796414184	0.049200000000041655	epochs	2.0
1010.8144796414184	0.024640000000090367	epochs	3.0
1010.8391196414185	0.024559999999951287	epochs	3.0
1010.8636796414185	0.04872000000000298	epochs	2.0
1010.8636796414185	0.024400000000014188	epochs	3.0
1010.8880796414185	0.024319999999988795	epochs	3.0
1010.9123996414185	0.04808000000002721	epochs	2.0
1010.9123996414185	0.024080000000026303	epochs	3.0
1010.9364796414185	0.02400000000000091	epochs	3.0
1010.9604796414185	0.04759999999998854	epochs	2.0
1010.9604796414185	0.023839999999950123	epochs	3.0
1010.9843196414184	0.023760000000038417	epochs	3.0
1011.0080796414185	0.04711999999994987	epochs	2.0
1011.0080796414185	0.02359999999998763	epochs	3.0
1011.0316796414185	0.023519999999962238	epochs	3.0
1011.0551996414184	0.04655999999999949	epochs	2.0
1011.0551996414184	0.02336000000002514	epochs	3.0
1011.0785596414185	0.023199999999974352	epochs	3.0
1011.1017596414184	0.046080000000074506	epochs	2.0
1011.1017596414184	0.023120000000062646	epochs	3.0
1011.1248796414185	0.02296000000001186	epochs	3.0
1011.1478396414185	0.04559999999992215	epochs	2.0
1011.1478396414185	0.022879999999986467	epochs	3.0
1011.1707196414185	0.02271999999993568	epochs	3.0
1011.1934396414184	0.04511999999999716	epochs	2.0
1011.1934396414184	0.022640000000023974	epochs	3.0
1011.2160796414184	0.022479999999973188	epochs	3.0
1011.2385596414184	0.04464000000007218	epochs	2.0
1011.2385596414184	0.022400000000061482	epochs	3.0
1011.2609596414185	0.022240000000010696	epochs	3.0
1011.2831996414185	0.04423999999994521	epochs	2.0
1011.2831996414185	0.022159999999985303	epochs	3.0
1011.3053596414185	0.02207999999995991	epochs	3.0
1011.3274396414184	0.04376000000002023	epochs	2.0
1011.3274396414184	0.02192000000002281	epochs	3.0
1011.3493596414185	0.021839999999997417	epochs	3.0
1011.3711996414185	0.04336000000000695	epochs	2.0
1011.3711996414185	0.021759999999972024	epochs	3.0
1011.3929596414184	0.021600000000034925	epochs	3.0
1011.4145596414185	0.04287999999996828	epochs	2.0
1011.4145596414185	0.02143999999998414	epochs	3.0
1011.4359996414184	0.02143999999998414	epochs	3.0
1011.4574396414184	0.042480000000068685	epochs	2.0
1011.4574396414184	0.02128000000004704	epochs	3.0
1011.4787196414185	0.021200000000021646	epochs	3.0
1011.4999196414185	0.04207999999994172	epochs	2.0
1011.4999196414185	0.02103999999997086	epochs	3.0
1011.5209596414185	0.02103999999997086	epochs	3.0
1011.5419996414184	0.04168000000004213	epochs	2.0
1011.5419996414184	0.02088000000003376	epochs	3.0
1011.5628796414185	0.020800000000008367	epochs	3.0
1011.5836796414185	0.041200000000003456	epochs	2.0
1011.5836796414185	0.02063999999995758	epochs	3.0
1011.6043196414184	0.020560000000045875	epochs	3.0
1011.6248796414185	0.04088000000001557	epochs	2.0
1011.6248796414185	0.020559999999932188	epochs	3.0
1011.6454396414184	0.020320000000083382	epochs	3.0
1011.6657596414185	0.040559999999914	epochs	2.0
1011.6657596414185	0.020319999999969696	epochs	3.0
1011.6860796414185	0.020239999999944303	epochs	3.0
1011.7063196414184	0.04007999999998901	epochs	2.0
1011.7063196414184	0.020080000000007203	epochs	3.0
1011.7263996414184	0.01999999999998181	epochs	3.0
1011.7463996414184	0.03976000000000113	epochs	2.0
1011.7463996414184	0.019920000000070104	epochs	3.0
1011.7663196414185	0.019839999999931024	epochs	3.0
1011.7861596414184	0.03944000000001324	epochs	2.0
1011.7861596414184	0.019760000000019318	epochs	3.0
1011.8059196414184	0.019679999999993925	epochs	3.0
1011.8255996414184	0.039039999999999964	epochs	2.0
1011.8255996414184	0.019520000000056825	epochs	3.0
1011.8451196414185	0.01951999999994314	epochs	3.0
1011.8646396414184	0.038639999999986685	epochs	2.0
1011.8646396414184	0.01936000000000604	epochs	3.0
1011.8839996414184	0.019279999999980646	epochs	3.0
1011.9032796414184	0.03840000000002419	epochs	2.0
1011.9032796414184	0.019280000000094333	epochs	3.0
1011.9225596414185	0.01911999999992986	epochs	3.0
1011.9416796414184	0.038000000000010914	epochs	2.0
1011.9416796414184	0.019040000000018154	epochs	3.0
1011.9607196414185	0.01895999999999276	epochs	3.0
1011.9796796414184	0.03768000000002303	epochs	2.0
1011.9796796414184	0.018879999999967367	epochs	3.0
1011.9985596414184	0.01880000000005566	epochs	3.0
1012.0173596414185	0.03736000000003514	epochs	2.0
1012.0173596414185	0.018720000000030268	epochs	3.0
1012.0360796414185	0.018640000000004875	epochs	3.0
1012.0547196414185	0.03703999999993357	epochs	2.0
1012.0547196414185	0.018559999999979482	epochs	3.0
1012.0732796414185	0.01847999999995409	epochs	3.0
1012.0917596414184	0.03672000000005937	epochs	2.0
1012.0917596414184	0.018400000000042382	epochs	3.0
1012.1101596414185	0.01832000000001699	epochs	3.0
1012.1284796414185	0.03647999999998319	epochs	2.0
1012.1284796414185	0.018239999999991596	epochs	3.0
1012.1467196414185	0.018239999999991596	epochs	3.0
1012.1649596414185	0.036079999999969914	epochs	2.0
1012.1649596414185	0.01807999999994081	epochs	3.0
1012.1830396414184	0.018000000000029104	epochs	3.0
1012.2010396414184	0.03584000000000742	epochs	2.0
1012.2010396414184	0.01792000000000371	epochs	3.0
1012.2189596414185	0.01792000000000371	epochs	3.0
1012.2368796414185	0.035520000000019536	epochs	2.0
1012.2368796414185	0.017759999999952925	epochs	3.0
1012.2546396414184	0.01776000000006661	epochs	3.0
1012.2723996414185	0.03520000000003165	epochs	2.0
1012.2723996414185	0.01768000000004122	epochs	3.0
1012.2900796414185	0.017519999999990432	epochs	3.0
1012.3075996414185	0.03495999999995547	epochs	2.0
1012.3075996414185	0.017519999999990432	epochs	3.0
1012.3251196414185	0.01743999999996504	epochs	3.0
1012.3425596414185	0.03471999999999298	epochs	2.0
1012.3425596414185	0.01743999999996504	epochs	3.0
1012.3599996414184	0.01728000000002794	epochs	3.0
1012.3772796414185	0.03440000000000509	epochs	2.0
1012.3772796414185	0.017200000000002547	epochs	3.0
1012.3944796414185	0.017200000000002547	epochs	3.0
1012.4116796414185	0.0341600000000426	epochs	2.0
1012.4116796414185	0.017119999999977153	epochs	3.0
1012.4287996414184	0.017040000000065447	epochs	3.0
1012.4458396414185	0.03383999999994103	epochs	2.0
1012.4458396414185	0.016959999999926367	epochs	3.0
1012.4627996414184	0.01688000000001466	epochs	3.0
1012.4796796414184	0.033599999999978536	epochs	2.0
1012.4796796414184	0.016799999999989268	epochs	3.0
1012.4964796414184	0.016799999999989268	epochs	3.0
1012.5132796414184	0.033360000000016043	epochs	2.0
1012.5132796414184	0.01672000000007756	epochs	3.0
1012.5299996414185	0.016639999999938482	epochs	3.0
1012.5466396414184	0.03312000000005355	epochs	2.0
1012.5466396414184	0.016560000000026776	epochs	3.0
1012.5631996414185	0.016560000000026776	epochs	3.0
1012.5797596414185	0.03279999999995198	epochs	2.0
1012.5797596414185	0.01639999999997599	epochs	3.0
1012.5961596414185	0.01639999999997599	epochs	3.0
1012.6125596414184	0.032559999999989486	epochs	2.0
1012.6125596414184	0.016320000000064283	epochs	3.0
1012.6288796414185	0.016239999999925203	epochs	3.0
1012.6451196414184	0.03240000000005239	epochs	2.0
1012.6451196414184	0.01624000000003889	epochs	3.0
1012.6613596414185	0.016160000000013497	epochs	3.0
1012.6775196414185	0.032079999999950815	epochs	2.0
1012.6775196414185	0.016079999999988104	epochs	3.0
1012.6935996414185	0.01599999999996271	epochs	3.0
1012.7095996414184	0.031920000000013715	epochs	2.0
1012.7095996414184	0.016000000000076398	epochs	3.0
1012.7255996414185	0.015919999999937318	epochs	3.0
1012.7415196414184	0.03160000000002583	epochs	2.0
1012.7415196414184	0.01584000000002561	epochs	3.0
1012.7573596414185	0.01576000000000022	epochs	3.0
1012.7731196414185	0.03143999999997504	epochs	2.0
1012.7731196414185	0.01576000000000022	epochs	3.0
1012.7888796414185	0.015679999999974825	epochs	3.0
1012.8045596414185	0.03120000000001255	epochs	2.0
1012.8045596414185	0.015600000000063119	epochs	3.0
1012.8201596414185	0.015599999999949432	epochs	3.0
1012.8357596414185	0.03096000000005006	epochs	2.0
1012.8357596414185	0.015520000000037726	epochs	3.0
1012.8512796414185	0.015440000000012333	epochs	3.0
1012.8667196414185	0.03071999999997388	epochs	2.0
1012.8667196414185	0.015439999999898646	epochs	3.0
1012.8821596414184	0.015280000000075233	epochs	3.0
1012.8974396414185	0.030559999999923093	epochs	2.0
1012.8974396414185	0.01535999999998694	epochs	3.0
1012.9127996414185	0.015199999999936153	epochs	3.0
1012.9279996414184	0.030320000000074288	epochs	2.0
1012.9279996414184	0.01520000000004984	epochs	3.0
1012.9431996414185	0.015120000000024447	epochs	3.0
1012.9583196414185	0.030079999999998108	epochs	2.0
1012.9583196414185	0.015120000000024447	epochs	3.0
1012.9734396414185	0.014959999999973661	epochs	3.0
1012.9883996414185	0.029919999999947322	epochs	2.0
1012.9883996414185	0.015039999999999054	epochs	3.0
1013.0034396414185	0.014879999999948268	epochs	3.0
1013.0183196414184	0.02967999999998483	epochs	2.0
1013.0183196414184	0.014880000000061955	epochs	3.0
1013.0331996414185	0.014799999999922875	epochs	3.0
1013.0479996414184	0.02952000000004773	epochs	2.0
1013.0479996414184	0.014800000000036562	epochs	3.0
1013.0627996414185	0.014720000000011169	epochs	3.0
1013.0775196414185	0.02927999999997155	epochs	2.0
1013.0775196414185	0.014720000000011169	epochs	3.0
1013.0922396414185	0.014559999999960382	epochs	3.0
1013.1067996414184	0.02912000000003445	epochs	2.0
1013.1067996414184	0.014639999999985776	epochs	3.0
1013.1214396414184	0.014480000000048676	epochs	3.0
1013.1359196414185	0.028959999999983665	epochs	2.0
1013.1359196414185	0.01447999999993499	epochs	3.0
1013.1503996414184	0.014480000000048676	epochs	3.0
1013.1648796414185	0.02863999999999578	epochs	2.0
1013.1648796414185	0.01431999999999789	epochs	3.0
1013.1791996414184	0.01431999999999789	epochs	3.0
1013.1935196414184	0.028559999999970387	epochs	2.0
1013.1935196414184	0.01431999999999789	epochs	3.0
1013.2078396414184	0.014239999999972497	epochs	3.0
1013.2220796414184	0.028320000000007894	epochs	2.0
1013.2220796414184	0.01416000000006079	epochs	3.0
1013.2362396414185	0.014159999999947104	epochs	3.0
1013.2503996414184	0.028160000000070795	epochs	2.0
1013.2503996414184	0.01416000000006079	epochs	3.0
1013.2645596414185	0.014000000000010004	epochs	3.0
1013.2785596414185	0.027999999999906322	epochs	2.0
1013.2785596414185	0.014000000000010004	epochs	3.0
1013.2925596414185	0.013999999999896318	epochs	3.0
1013.3065596414184	0.027760000000057516	epochs	2.0
1013.3065596414184	0.013920000000098298	epochs	3.0
1013.3204796414185	0.013839999999959218	epochs	3.0
1013.3343196414185	0.027680000000032123	epochs	2.0
1013.3343196414185	0.013839999999959218	epochs	3.0
1013.3481596414184	0.013840000000072905	epochs	3.0
1013.3619996414185	0.027439999999955944	epochs	2.0
1013.3619996414185	0.013759999999933825	epochs	3.0
1013.3757596414184	0.013680000000022119	epochs	3.0
1013.3894396414184	0.027280000000018845	epochs	2.0
1013.3894396414184	0.013680000000022119	epochs	3.0
1013.4031196414185	0.013599999999996726	epochs	3.0
1013.4167196414185	0.02711999999996806	epochs	2.0
1013.4167196414185	0.013519999999971333	epochs	3.0
1013.4302396414184	0.013599999999996726	epochs	3.0
1013.4438396414184	0.026880000000005566	epochs	2.0
1013.4438396414184	0.013440000000059626	epochs	3.0
1013.4572796414185	0.01343999999994594	epochs	3.0
1013.4707196414184	0.026799999999980173	epochs	2.0
1013.4707196414184	0.013440000000059626	epochs	3.0
1013.4841596414185	0.013359999999920547	epochs	3.0
1013.4975196414184	0.02656000000001768	epochs	2.0
1013.4975196414184	0.01328000000000884	epochs	3.0
1013.5107996414184	0.01328000000000884	epochs	3.0
1013.5240796414184	0.026479999999992287	epochs	2.0
1013.5240796414184	0.01328000000000884	epochs	3.0
1013.5373596414184	0.013199999999983447	epochs	3.0
1013.5505596414184	0.026240000000029795	epochs	2.0
1013.5505596414184	0.013120000000071741	epochs	3.0
1013.5636796414185	0.013119999999958054	epochs	3.0
1013.5767996414185	0.026160000000004402	epochs	2.0
1013.5767996414185	0.013119999999958054	epochs	3.0
1013.5899196414184	0.013040000000046348	epochs	3.0
1013.6029596414185	0.025999999999953616	epochs	2.0
1013.6029596414185	0.013040000000046348	epochs	3.0
1013.6159996414185	0.012959999999907268	epochs	3.0
1013.6289596414184	0.025759999999991123	epochs	2.0
1013.6289596414184	0.012879999999995562	epochs	3.0
1013.6418396414184	0.012879999999995562	epochs	3.0
1013.6547196414184	0.025680000000079417	epochs	2.0
1013.6547196414184	0.012879999999995562	epochs	3.0
1013.6675996414184	0.012800000000083855	epochs	3.0
1013.6803996414185	0.025519999999914944	epochs	2.0
1013.6803996414185	0.012799999999970169	epochs	3.0
1013.6931996414185	0.012719999999944775	epochs	3.0
1013.7059196414184	0.02536000000009153	epochs	2.0
1013.7059196414184	0.012720000000058462	epochs	3.0
1013.7186396414185	0.01264000000003307	epochs	3.0
1013.7312796414185	0.02519999999992706	epochs	2.0
1013.7312796414185	0.012639999999919382	epochs	3.0
1013.7439196414184	0.012560000000007676	epochs	3.0
1013.7564796414184	0.024560000000064974	epochs	2.0
1013.7804816414184	0.5	epochs	-1.0
1013.7810396414185	0.5344000000000051	epochs	1.0
1014.3154396414185	0.4655199999999695	epochs	0.0
1016.9629998207092	0.10504000000003089	epochs	0.0
1016.9629998207092	0.04751999999996315	epochs	1.0
1017.0105198207092	0.010080000000016298	epochs	1.0
1017.0205998207092	0.04744000000005144	epochs	1.0
1017.0680398207093	2.0	epochs	0.0
1019.0680398207093	21.534319999999866	epochs	0.0
1019.0680398207093	1.0	epochs	1.0
1019.0680418207093	0.5	epochs	-1.0
1019.5680418207093	19.999439999999936	epochs	-1.0
1020.0680398207093	19.999999999999886	epochs	1.0
1020.0680398207093	8.000000002539309e-05	epochs	2.0
1020.0681198207093	4.356719999999882	epochs	-1.0
1020.0681198207093	1.9745599999999968	epochs	2.0
1020.0681198207093	1.0985599999999067	epochs	3.0
1021.1666798207092	0.87600000000009	epochs	3.0
1022.0426798207093	1.3523999999999887	epochs	2.0
1022.0426798207093	0.7286399999999276	epochs	3.0
1022.7713198207092	0.6237600000000612	epochs	3.0
1023.3950798207093	1.0297599999998965	epochs	2.0
1023.3950798207093	0.5453599999999597	epochs	3.0
1023.9404398207092	0.4843999999999369	epochs	3.0
1024.4248398207092	0.8317600000000311	epochs	2.0
1024.4248398207092	0.435760000000073	epochs	3.0
1024.8605998207092	0.39599999999995816	epochs	3.0
1025.2565998207092	0.697840000000042	epochs	2.0
1025.2565998207092	0.362880000000132	epochs	3.0
1025.6194798207093	0.33495999999991	epochs	3.0
1025.9544398207092	0.6010400000000118	epochs	2.0
1025.9544398207092	0.3108799999999974	epochs	3.0
1026.2653198207092	0.2901600000000144	epochs	3.0
1026.5554798207093	0.5278399999999692	epochs	2.0
1026.5554798207093	0.2719199999999091	epochs	3.0
1026.8273998207092	0.2559200000000601	epochs	3.0
1027.0833198207092	0.47064000000000306	epochs	2.0
1027.0833198207092	0.2416800000000876	epochs	3.0
1027.3249998207093	0.22895999999991545	epochs	3.0
1027.5539598207092	0.42455999999992855	epochs	2.0
1027.5539598207092	0.21743999999989683	epochs	3.0
1027.7713998207091	0.20712000000003172	epochs	3.0
1027.9785198207092	0.3867199999999684	epochs	2.0
1027.9785198207092	0.1976799999999912	epochs	3.0
1028.1761998207091	0.18903999999997723	epochs	3.0
1028.3652398207091	0.35512000000016997	epochs	2.0
1028.3652398207091	0.1812000000002172	epochs	3.0
1028.5464398207093	0.17391999999995278	epochs	3.0
1028.7203598207093	0.32823999999982334	epochs	2.0
1028.7203598207093	0.16719999999986612	epochs	3.0
1028.8875598207092	0.16103999999995722	epochs	3.0
1029.0485998207091	0.30520000000001346	epochs	2.0
1029.0485998207091	0.15528000000017528	epochs	3.0
1029.2038798207093	0.14991999999983818	epochs	3.0
1029.3537998207091	0.28512000000000626	epochs	2.0
1029.3537998207091	0.1448800000000574	epochs	3.0
1029.4986798207092	0.14023999999994885	epochs	3.0
1029.6389198207091	0.2675200000001041	epochs	2.0
1029.6389198207091	0.13584000000014385	epochs	3.0
1029.7747598207093	0.13167999999996027	epochs	3.0
1029.9064398207092	0.2520799999999781	epochs	2.0
1029.9064398207092	0.12783999999987827	epochs	3.0
1030.0342798207091	0.12424000000009983	epochs	3.0
1030.1585198207092	0.23816000000010717	epochs	2.0
1030.1585198207092	0.1207200000001194	epochs	3.0
1030.2792398207093	0.11743999999998778	epochs	3.0
1030.3966798207093	0.22583999999983462	epochs	2.0
1030.3966798207093	0.11439999999993233	epochs	3.0
1030.5110798207093	0.11143999999990228	epochs	3.0
1030.6225198207092	0.21464000000014494	epochs	2.0
1030.6225198207092	0.1086400000001504	epochs	3.0
1030.7311598207093	0.10599999999999454	epochs	3.0
1030.8371598207093	0.20447999999987587	epochs	2.0
1030.8371598207093	0.10343999999986409	epochs	3.0
1030.9405998207092	0.10104000000001179	epochs	3.0
1031.0416398207092	0.19535999999993692	epochs	2.0
1031.0416398207092	0.0987999999999829	epochs	3.0
1031.1404398207092	0.09655999999995402	epochs	3.0
1031.2369998207091	0.18695999999999913	epochs	2.0
1031.2369998207091	0.09448000000020329	epochs	3.0
1031.3314798207093	0.09247999999979584	epochs	3.0
1031.4239598207091	0.1792000000000371	epochs	2.0
1031.4239598207091	0.0904800000000705	epochs	3.0
1031.5144398207092	0.0887199999999666	epochs	3.0
1031.6031598207092	0.17208000000005086	epochs	2.0
1031.6031598207092	0.08688000000006468	epochs	3.0
1031.6900398207092	0.08519999999998618	epochs	3.0
1031.7752398207092	0.165520000000015	epochs	2.0
1031.7752398207092	0.08359999999993306	epochs	3.0
1031.8588398207091	0.08192000000008193	epochs	3.0
1031.9407598207092	0.1595199999999295	epochs	2.0
1031.9407598207092	0.0804800000000796	epochs	3.0
1032.0212398207093	0.0790399999998499	epochs	3.0
1032.1002798207091	0.15376000000014756	epochs	2.0
1032.1002798207091	0.07760000000007494	epochs	3.0
1032.1778798207092	0.07616000000007261	epochs	3.0
1032.2540398207093	0.14855999999986125	epochs	2.0
1032.2540398207093	0.07495999999991909	epochs	3.0
1032.3289998207092	0.07359999999994216	epochs	3.0
1032.4025998207092	0.14368000000013126	epochs	2.0
1032.4025998207092	0.0724800000000414	epochs	3.0
1032.4750798207092	0.07120000000008986	epochs	3.0
1032.5462798207093	0.1390400000000227	epochs	2.0
1032.5462798207093	0.07007999999996173	epochs	3.0
1032.6163598207092	0.06896000000006097	epochs	3.0
1032.6853198207093	0.13472000000001572	epochs	2.0
1032.6853198207093	0.06791999999995824	epochs	3.0
1032.7532398207093	0.06680000000005748	epochs	3.0
1032.8200398207093	0.13071999999988293	epochs	2.0
1032.8200398207093	0.06583999999998014	epochs	3.0
1032.8858798207093	0.0648799999999028	epochs	3.0
1032.9507598207092	0.1268000000000029	epochs	2.0
1032.9507598207092	0.06384000000002743	epochs	3.0
1033.0145998207092	0.06295999999997548	epochs	3.0
1033.0775598207092	0.12328000000002248	epochs	2.0
1033.0775598207092	0.06207999999992353	epochs	3.0
1033.1396398207091	0.06120000000009895	epochs	3.0
1033.2008398207092	0.11984000000006745	epochs	2.0
1033.2008398207092	0.060320000000047	epochs	3.0
1033.2611598207093	0.059520000000020445	epochs	3.0
1033.3206798207093	0.11663999999996122	epochs	2.0
1033.3206798207093	0.05871999999999389	epochs	3.0
1033.3793998207093	0.05791999999996733	epochs	3.0
1033.4373198207093	0.11359999999990578	epochs	2.0
1033.4373198207093	0.05719999999996617	epochs	3.0
1033.4945198207092	0.05639999999993961	epochs	3.0
1033.5509198207092	0.1107200000001285	epochs	2.0
1033.5509198207092	0.05568000000016582	epochs	3.0
1033.6065998207093	0.055039999999962674	epochs	3.0
1033.6616398207093	0.10791999999992186	epochs	2.0
1033.6616398207093	0.05423999999993612	epochs	3.0
1033.7158798207092	0.05367999999998574	epochs	3.0
1033.7695598207092	0.10527999999999338	epochs	2.0
1033.7695598207092	0.052959999999984575	epochs	3.0
1033.8225198207092	0.052320000000008804	epochs	3.0
1033.8748398207092	0.10287999999991371	epochs	2.0
1033.8748398207092	0.051760000000058426	epochs	3.0
1033.9265998207093	0.05111999999985528	epochs	3.0
1033.9777198207091	0.10040000000003602	epochs	2.0
1033.9777198207091	0.050480000000106884	epochs	3.0
1034.0281998207092	0.04991999999992913	epochs	3.0
1034.0781198207092	0.09824000000003252	epochs	2.0
1034.0781198207092	0.049359999999978754	epochs	3.0
1034.1274798207091	0.04888000000005377	epochs	3.0
1034.1763598207092	0.09600000000000364	epochs	2.0
1034.1763598207092	0.048240000000078	epochs	3.0
1034.2245998207093	0.04775999999992564	epochs	3.0
1034.2723598207092	0.09392000000002554	epochs	2.0
1034.2723598207092	0.04719999999997526	epochs	3.0
1034.3195598207092	0.04672000000005028	epochs	3.0
1034.3662798207092	0.09192000000007283	epochs	2.0
1034.3662798207092	0.0461600000000999	epochs	3.0
1034.4124398207093	0.04575999999997293	epochs	3.0
1034.4581998207093	0.09007999999994354	epochs	2.0
1034.4581998207093	0.045279999999820575	epochs	3.0
1034.5034798207091	0.044800000000122964	epochs	3.0
1034.5482798207092	0.08816000000001623	epochs	2.0
1034.5482798207092	0.044319999999970605	epochs	3.0
1034.5925998207092	0.04384000000004562	epochs	3.0
1034.6364398207093	0.08647999999993772	epochs	2.0
1034.6364398207093	0.043439999999918655	epochs	3.0
1034.6798798207092	0.04304000000001906	epochs	3.0
1034.7229198207092	0.08472000000006119	epochs	2.0
1034.7229198207092	0.04256000000009408	epochs	3.0
1034.7654798207093	0.04215999999996711	epochs	3.0
1034.8076398207093	0.08320000000003347	epochs	2.0
1034.8076398207093	0.04176000000006752	epochs	3.0
1034.8493998207093	0.04143999999996595	epochs	3.0
1034.8908398207093	0.08151999999995496	epochs	2.0
1034.8908398207093	0.040960000000040964	epochs	3.0
1034.9317998207093	0.040559999999914	epochs	3.0
1034.9723598207092	0.08007999999995263	epochs	2.0
1034.9723598207092	0.0402400000000398	epochs	3.0
1035.0125998207093	0.039839999999912834	epochs	3.0
1035.0524398207092	0.0786399999999503	epochs	2.0
1035.0524398207092	0.039520000000038635	epochs	3.0
1035.0919598207092	0.03911999999991167	epochs	3.0
1035.1310798207091	0.07720000000017535	epochs	2.0
1035.1310798207091	0.03880000000003747	epochs	3.0
1035.1698798207092	0.03840000000013788	epochs	3.0
1035.2082798207093	0.07591999999999643	epochs	2.0
1035.2082798207093	0.038159999999834326	epochs	3.0
1035.2464398207092	0.03776000000016211	epochs	3.0
1035.2841998207093	0.0745600000000195	epochs	2.0
1035.2841998207093	0.03743999999983316	epochs	3.0
1035.3216398207092	0.03712000000018634	epochs	3.0
1035.3587598207093	0.07335999999986598	epochs	2.0
1035.3587598207093	0.03679999999985739	epochs	3.0
1035.3955598207092	0.036560000000008586	epochs	3.0
1035.4321198207092	0.07207999999991443	epochs	2.0
1035.4321198207092	0.036160000000108994	epochs	3.0
1035.4682798207093	0.03591999999980544	epochs	3.0
1035.5041998207091	0.07088000000021566	epochs	2.0
1035.5041998207091	0.035600000000158616	epochs	3.0
1035.5397998207093	0.035280000000057044	epochs	3.0
1035.5750798207093	0.06983999999988555	epochs	2.0
1035.5750798207093	0.035039999999980864	epochs	3.0
1035.6101198207093	0.034799999999904685	epochs	3.0
1035.6449198207092	0.0686399999999594	epochs	2.0
1035.6449198207092	0.034480000000030486	epochs	3.0
1035.6793998207092	0.034159999999928914	epochs	3.0
1035.7135598207092	0.06760000000008404	epochs	2.0
1035.7135598207092	0.03392000000008011	epochs	3.0
1035.7474798207093	0.03368000000000393	epochs	3.0
1035.7811598207093	0.0665599999999813	epochs	2.0
1035.7811598207093	0.03343999999992775	epochs	3.0
1035.8145998207092	0.03312000000005355	epochs	3.0
1035.8477198207092	0.06559999999990396	epochs	2.0
1035.8477198207092	0.032960000000002765	epochs	3.0
1035.8806798207092	0.03263999999990119	epochs	3.0
1035.9133198207091	0.0645600000000286	epochs	2.0
1035.9133198207091	0.03240000000005239	epochs	3.0
1035.9457198207092	0.03215999999997621	epochs	3.0
1035.9778798207092	0.06367999999997664	epochs	2.0
1035.9778798207092	0.032000000000152795	epochs	3.0
1036.0098798207093	0.03167999999982385	epochs	3.0
1036.0415598207092	0.06272000000012667	epochs	2.0
1036.0415598207092	0.03143999999997504	epochs	3.0
1036.0729998207091	0.03128000000015163	epochs	3.0
1036.1042798207093	0.06183999999984735	epochs	2.0
1036.1042798207093	0.031039999999848078	epochs	3.0
1036.1353198207091	0.030799999999999272	epochs	3.0
1036.1661198207091	0.060960000000022774	epochs	2.0
1036.1661198207091	0.030560000000150467	epochs	3.0
1036.1966798207093	0.030399999999872307	epochs	3.0
1036.2270798207092	0.060159999999996217	epochs	2.0
1036.2270798207092	0.0301600000000235	epochs	3.0
1036.2572398207092	0.029999999999972715	epochs	3.0
1036.2872398207091	0.05928000000017164	epochs	2.0
1036.2872398207091	0.029680000000098516	epochs	3.0
1036.3169198207092	0.029600000000073123	epochs	3.0
1036.3465198207093	0.05847999999991771	epochs	2.0
1036.3465198207093	0.029359999999996944	epochs	3.0
1036.3758798207093	0.029119999999920765	epochs	3.0
1036.4049998207092	0.057759999999916545	epochs	2.0
1036.4049998207092	0.028960000000097352	epochs	3.0
1036.4339598207093	0.028799999999819192	epochs	3.0
1036.4627598207092	0.05696000000011736	epochs	2.0
1036.4627598207092	0.028559999999970387	epochs	3.0
1036.4913198207091	0.028400000000146974	epochs	3.0
1036.5197198207093	0.05623999999988882	epochs	2.0
1036.5197198207093	0.02815999999984342	epochs	3.0
1036.547879820709	0.028080000000045402	epochs	3.0
1036.5759598207092	0.05544000000008964	epochs	2.0
1036.5759598207092	0.027839999999969223	epochs	3.0
1036.6037998207091	0.027600000000120417	epochs	3.0
1036.6313998207092	0.05487999999991189	epochs	2.0
1036.6313998207092	0.027520000000095024	epochs	3.0
1036.6589198207093	0.027359999999816864	epochs	3.0
1036.6862798207092	0.054080000000112705	epochs	2.0
1036.6862798207092	0.02711999999996806	epochs	3.0
1036.7133998207091	0.026960000000144646	epochs	3.0
1036.7403598207093	0.05343999999990956	epochs	2.0
1036.7403598207093	0.026799999999866486	epochs	3.0
1036.7671598207091	0.026640000000043074	epochs	3.0
1036.7937998207092	0.05287999999995918	epochs	2.0
1036.7937998207092	0.026479999999992287	epochs	3.0
1036.8202798207092	0.026399999999966894	epochs	3.0
1036.8466798207091	0.05216000000018539	epochs	2.0
1036.8466798207091	0.02616000000011809	epochs	3.0
1036.8728398207093	0.026000000000067303	epochs	3.0
1036.8988398207093	0.05151999999998225	epochs	2.0
1036.8988398207093	0.025839999999789143	epochs	3.0
1036.9246798207091	0.025680000000193104	epochs	3.0
1036.9503598207093	0.05096000000003187	epochs	2.0
1036.9503598207093	0.025599999999940337	epochs	3.0
1036.9759598207092	0.02536000000009153	epochs	3.0
1037.0013198207093	0.05039999999985412	epochs	2.0
1037.0013198207093	0.025279999999838765	epochs	3.0
1037.0265998207092	0.025120000000015352	epochs	3.0
1037.0517198207092	0.04976000000010572	epochs	2.0
1037.0517198207092	0.024959999999964566	epochs	3.0
1037.0766798207092	0.024800000000141154	epochs	3.0
1037.1014798207093	0.04919999999992797	epochs	2.0
1037.1014798207093	0.024639999999862994	epochs	3.0
1037.1261198207092	0.024560000000064974	epochs	3.0
1037.1506798207092	0.04872000000000298	epochs	2.0
1037.1506798207092	0.024400000000014188	epochs	3.0
1037.1750798207092	0.024319999999988795	epochs	3.0
1037.1993998207092	0.04808000000002721	epochs	2.0
1037.1993998207092	0.024079999999912616	epochs	3.0
1037.2234798207091	0.024000000000114596	epochs	3.0
1037.2474798207093	0.047599999999874854	epochs	2.0
1037.2474798207093	0.02384000000006381	epochs	3.0
1037.2713198207093	0.023759999999811043	epochs	3.0
1037.2950798207091	0.04712000000017724	epochs	2.0
1037.2950798207091	0.02359999999998763	epochs	3.0
1037.3186798207091	0.02352000000018961	epochs	3.0
1037.3421998207093	0.04655999999999949	epochs	2.0
1037.3421998207093	0.02335999999991145	epochs	3.0
1037.3655598207092	0.02320000000008804	epochs	3.0
1037.3887598207093	0.04607999999984713	epochs	2.0
1037.3887598207093	0.023119999999835272	epochs	3.0
1037.4118798207091	0.02296000000001186	epochs	3.0
1037.4348398207092	0.04560000000014952	epochs	2.0
1037.4348398207092	0.022879999999986467	epochs	3.0
1037.4577198207091	0.022720000000163054	epochs	3.0
1037.4804398207093	0.04511999999999716	epochs	2.0
1037.4804398207093	0.022639999999910287	epochs	3.0
1037.5030798207092	0.022480000000086875	epochs	3.0
1037.5255598207093	0.044639999999844804	epochs	2.0
1037.5255598207093	0.022399999999834108	epochs	3.0
1037.5479598207091	0.022240000000010696	epochs	3.0
1037.5701998207091	0.044240000000172586	epochs	2.0
1037.5701998207091	0.022159999999985303	epochs	3.0
1037.5923598207091	0.022080000000187283	epochs	3.0
1037.6144398207093	0.04376000000002023	epochs	2.0
1037.6144398207093	0.021919999999909123	epochs	3.0
1037.6363598207092	0.021840000000111104	epochs	3.0
1037.6581998207093	0.04335999999989326	epochs	2.0
1037.6581998207093	0.021759999999858337	epochs	3.0
1037.6799598207092	0.021600000000034925	epochs	3.0
1037.7015598207092	0.04287999999996828	epochs	2.0
1037.7015598207092	0.02143999999998414	epochs	3.0
1037.7229998207092	0.02143999999998414	epochs	3.0
1037.7444398207092	0.042480000000068685	epochs	2.0
1037.7444398207092	0.021279999999933352	epochs	3.0
1037.7657198207091	0.021200000000135333	epochs	3.0
1037.7869198207093	0.04207999999994172	epochs	2.0
1037.7869198207093	0.021039999999857173	epochs	3.0
1037.8079598207091	0.021040000000084547	epochs	3.0
1037.8289998207092	0.04168000000004213	epochs	2.0
1037.8289998207092	0.02088000000003376	epochs	3.0
1037.8498798207092	0.020800000000008367	epochs	3.0
1037.8706798207093	0.04119999999988977	epochs	2.0
1037.8706798207093	0.02063999999995758	epochs	3.0
1037.8913198207092	0.020559999999932188	epochs	3.0
1037.9118798207091	0.04088000000001557	epochs	2.0
1037.9118798207091	0.020560000000159562	epochs	3.0
1037.9324398207093	0.02031999999985601	epochs	3.0
1037.9527598207092	0.04056000000014137	epochs	2.0
1037.9527598207092	0.020320000000083382	epochs	3.0
1037.9730798207092	0.02024000000005799	epochs	3.0
1037.9933198207093	0.04007999999998901	epochs	2.0
1037.9933198207093	0.020080000000007203	epochs	3.0
1038.0133998207093	0.01999999999998181	epochs	3.0
1038.0333998207093	0.03975999999988744	epochs	2.0
1038.0333998207093	0.019919999999956417	epochs	3.0
1038.0533198207092	0.019839999999931024	epochs	3.0
1038.0731598207092	0.03944000000001324	epochs	2.0
1038.0731598207092	0.019760000000133005	epochs	3.0
1038.0929198207093	0.019679999999880238	epochs	3.0
1038.1125998207092	0.03904000000011365	epochs	2.0
1038.1125998207092	0.019520000000056825	epochs	3.0
1038.1321198207092	0.019520000000056825	epochs	3.0
1038.1516398207093	0.038639999999986685	epochs	2.0
1038.1516398207093	0.01936000000000604	epochs	3.0
1038.1709998207093	0.019279999999980646	epochs	3.0
1038.1902798207093	0.038399999999910506	epochs	2.0
1038.1902798207093	0.019279999999980646	epochs	3.0
1038.2095598207093	0.01911999999992986	epochs	3.0
1038.2286798207092	0.038000000000010914	epochs	2.0
1038.2286798207092	0.01904000000013184	epochs	3.0
1038.2477198207093	0.018959999999879074	epochs	3.0
1038.2666798207092	0.03767999999990934	epochs	2.0
1038.2666798207092	0.018880000000081054	epochs	3.0
1038.2855598207093	0.018799999999828287	epochs	3.0
1038.3043598207091	0.03736000000003514	epochs	2.0
1038.3043598207091	0.018720000000030268	epochs	3.0
1038.3230798207092	0.018640000000004875	epochs	3.0
1038.3417198207092	0.037040000000160944	epochs	2.0
1038.3417198207092	0.018559999999979482	epochs	3.0
1038.3602798207091	0.018480000000181462	epochs	3.0
1038.3787598207093	0.036719999999832	epochs	2.0
1038.3787598207093	0.018399999999928696	epochs	3.0
1038.3971598207092	0.018319999999903303	epochs	3.0
1038.4154798207092	0.03647999999998319	epochs	2.0
1038.4154798207092	0.018240000000105283	epochs	3.0
1038.4337198207093	0.01823999999987791	epochs	3.0
1038.4519598207091	0.0360800000000836	epochs	2.0
1038.4519598207091	0.018080000000054497	epochs	3.0
1038.4700398207092	0.018000000000029104	epochs	3.0
1038.4880398207092	0.03584000000000742	epochs	2.0
1038.4880398207092	0.01792000000000371	epochs	3.0
1038.5059598207092	0.01792000000000371	epochs	3.0
1038.5238798207092	0.03551999999990585	epochs	2.0
1038.5238798207092	0.017759999999952925	epochs	3.0
1038.5416398207092	0.017759999999952925	epochs	3.0
1038.5593998207091	0.03520000000003165	epochs	2.0
1038.5593998207091	0.017680000000154905	epochs	3.0
1038.5770798207093	0.017519999999876745	epochs	3.0
1038.5945998207092	0.03495999999995547	epochs	2.0
1038.5945998207092	0.01752000000010412	epochs	3.0
1038.6121198207093	0.017439999999851352	epochs	3.0
1038.6295598207091	0.034720000000106666	epochs	2.0
1038.6295598207091	0.017440000000078726	epochs	3.0
1038.6469998207092	0.01728000000002794	epochs	3.0
1038.6642798207092	0.03440000000000509	epochs	2.0
1038.6642798207092	0.017200000000002547	epochs	3.0
1038.6814798207092	0.017200000000002547	epochs	3.0
1038.6986798207092	0.034159999999928914	epochs	2.0
1038.6986798207092	0.017119999999977153	epochs	3.0
1038.7157998207092	0.01703999999995176	epochs	3.0
1038.7328398207092	0.033840000000054715	epochs	2.0
1038.7328398207092	0.01696000000015374	epochs	3.0
1038.7497998207093	0.016879999999900974	epochs	3.0
1038.7666798207092	0.033599999999978536	epochs	2.0
1038.7666798207092	0.016800000000102955	epochs	3.0
1038.7834798207093	0.01679999999987558	epochs	3.0
1038.8002798207092	0.03336000000012973	epochs	2.0
1038.8002798207092	0.01672000000007756	epochs	3.0
1038.8169998207093	0.01664000000005217	epochs	3.0
1038.8336398207093	0.03311999999982618	epochs	2.0
1038.8336398207093	0.016559999999799402	epochs	3.0
1038.8501998207091	0.016560000000026776	epochs	3.0
1038.8667598207091	0.03280000000017935	epochs	2.0
1038.8667598207091	0.01639999999997599	epochs	3.0
1038.8831598207091	0.016400000000203363	epochs	3.0
1038.8995598207093	0.0325599999998758	epochs	2.0
1038.8995598207093	0.016319999999950596	epochs	3.0
1038.9158798207093	0.016239999999925203	epochs	3.0
1038.9321198207092	0.03240000000005239	epochs	2.0
1038.9321198207092	0.016239999999925203	epochs	3.0
1038.9483598207091	0.016160000000127184	epochs	3.0
1038.9645198207093	0.032079999999950815	epochs	2.0
1038.9645198207093	0.016079999999874417	epochs	3.0
1038.9805998207091	0.016000000000076398	epochs	3.0
1038.9965998207092	0.0319200000001274	epochs	2.0
1038.9965998207092	0.016000000000076398	epochs	3.0
1039.0125998207093	0.015920000000051004	epochs	3.0
1039.0285198207093	0.031599999999798456	epochs	2.0
1039.0285198207093	0.015839999999798238	epochs	3.0
1039.0443598207091	0.01576000000000022	epochs	3.0
1039.0601198207091	0.03144000000020242	epochs	2.0
1039.0601198207091	0.01576000000000022	epochs	3.0
1039.0758798207091	0.0156800000002022	epochs	3.0
1039.0915598207093	0.031199999999898864	epochs	2.0
1039.0915598207093	0.015599999999949432	epochs	3.0
1039.1071598207093	0.015599999999949432	epochs	3.0
1039.1227598207092	0.03096000000005006	epochs	2.0
1039.1227598207092	0.015519999999924039	epochs	3.0
1039.1382798207092	0.01544000000012602	epochs	3.0
1039.1537198207093	0.03071999999997388	epochs	2.0
1039.1537198207093	0.015439999999898646	epochs	3.0
1039.1691598207092	0.015280000000075233	epochs	3.0
1039.1844398207093	0.030559999999923093	epochs	2.0
1039.1844398207093	0.015359999999873253	epochs	3.0
1039.1997998207091	0.01520000000004984	epochs	3.0
1039.2149998207092	0.030320000000074288	epochs	2.0
1039.2149998207092	0.01520000000004984	epochs	3.0
1039.2301998207092	0.015120000000024447	epochs	3.0
1039.2453198207093	0.030079999999998108	epochs	2.0
1039.2453198207093	0.015120000000024447	epochs	3.0
1039.2604398207093	0.014959999999973661	epochs	3.0
1039.2753998207093	0.029919999999947322	epochs	2.0
1039.2753998207093	0.015039999999999054	epochs	3.0
1039.2904398207093	0.014879999999948268	epochs	3.0
1039.3053198207092	0.029680000000098516	epochs	2.0
1039.3053198207092	0.014879999999948268	epochs	3.0
1039.3201998207091	0.014800000000150249	epochs	3.0
1039.3349998207093	0.029519999999820357	epochs	2.0
1039.3349998207093	0.014799999999922875	epochs	3.0
1039.3497998207092	0.014719999999897482	epochs	3.0
1039.3645198207091	0.029280000000198925	epochs	2.0
1039.3645198207091	0.014720000000124855	epochs	3.0
1039.3792398207092	0.01456000000007407	epochs	3.0
1039.3937998207093	0.029119999999920765	epochs	2.0
1039.3937998207093	0.014639999999872089	epochs	3.0
1039.4084398207092	0.014480000000048676	epochs	3.0
1039.4229198207092	0.028960000000097352	epochs	2.0
1039.4229198207092	0.014480000000048676	epochs	3.0
1039.4373998207093	0.014480000000048676	epochs	3.0
1039.4518798207093	0.02863999999999578	epochs	2.0
1039.4518798207093	0.01431999999999789	epochs	3.0
1039.4661998207093	0.01431999999999789	epochs	3.0
1039.4805198207093	0.028559999999970387	epochs	2.0
1039.4805198207093	0.01431999999999789	epochs	3.0
1039.4948398207093	0.014239999999972497	epochs	3.0
1039.5090798207093	0.028319999999894208	epochs	2.0
1039.5090798207093	0.014159999999947104	epochs	3.0
1039.5232398207093	0.014159999999947104	epochs	3.0
1039.5373998207092	0.028160000000070795	epochs	2.0
1039.5373998207092	0.014159999999947104	epochs	3.0
1039.5515598207091	0.014000000000123691	epochs	3.0
1039.5655598207093	0.02800000000002001	epochs	2.0
1039.5655598207093	0.013999999999896318	epochs	3.0
1039.5795598207092	0.014000000000123691	epochs	3.0
1039.5935598207093	0.02775999999994383	epochs	2.0
1039.5935598207093	0.013919999999870925	epochs	3.0
1039.6074798207092	0.013840000000072905	epochs	3.0
1039.6213198207092	0.027679999999918437	epochs	2.0
1039.6213198207092	0.013840000000072905	epochs	3.0
1039.6351598207093	0.013839999999845531	epochs	3.0
1039.6489998207092	0.02744000000006963	epochs	2.0
1039.6489998207092	0.013760000000047512	epochs	3.0
1039.6627598207092	0.013680000000022119	epochs	3.0
1039.6764398207092	0.027280000000018845	epochs	2.0
1039.6764398207092	0.013680000000022119	epochs	3.0
1039.6901198207092	0.013599999999996726	epochs	3.0
1039.7037198207092	0.02711999999996806	epochs	2.0
1039.7037198207092	0.013519999999971333	epochs	3.0
1039.7172398207092	0.013599999999996726	epochs	3.0
1039.7308398207092	0.026880000000119253	epochs	2.0
1039.7308398207092	0.01343999999994594	epochs	3.0
1039.7442798207092	0.013440000000173313	epochs	3.0
1039.7577198207093	0.026799999999866486	epochs	2.0
1039.7577198207093	0.01343999999994594	epochs	3.0
1039.7711598207093	0.013359999999920547	epochs	3.0
1039.7845198207092	0.02656000000001768	epochs	2.0
1039.7845198207092	0.013280000000122527	epochs	3.0
1039.7977998207093	0.013279999999895153	epochs	3.0
1039.8110798207092	0.026479999999992287	epochs	2.0
1039.8110798207092	0.013280000000122527	epochs	3.0
1039.8243598207093	0.01319999999986976	epochs	3.0
1039.8375598207092	0.026239999999916108	epochs	2.0
1039.8375598207092	0.013120000000071741	epochs	3.0
1039.8506798207093	0.013119999999844367	epochs	3.0
1039.8637998207091	0.02616000000011809	epochs	2.0
1039.8637998207091	0.013120000000071741	epochs	3.0
1039.8769198207092	0.013040000000046348	epochs	3.0
1039.8899598207092	0.026000000000067303	epochs	2.0
1039.8899598207092	0.013040000000046348	epochs	3.0
1039.9029998207093	0.012960000000020955	epochs	3.0
1039.9159598207093	0.025759999999991123	epochs	2.0
1039.9159598207093	0.012879999999995562	epochs	3.0
1039.9288398207093	0.012879999999995562	epochs	3.0
1039.9417198207093	0.02567999999996573	epochs	2.0
1039.9417198207093	0.012879999999995562	epochs	3.0
1039.9545998207093	0.012799999999970169	epochs	3.0
1039.9673998207093	0.025519999999914944	epochs	2.0
1039.9673998207093	0.012799999999970169	epochs	3.0
1039.9801998207092	0.012719999999944775	epochs	3.0
1039.9929198207092	0.02536000000009153	epochs	2.0
1039.9929198207092	0.012719999999944775	epochs	3.0
1040.0056398207091	0.012640000000146756	epochs	3.0
1040.0182798207093	0.025200000000040745	epochs	2.0
1040.0182798207093	0.012639999999919382	epochs	3.0
1040.0309198207092	0.012560000000121363	epochs	3.0
1040.0434798207093	0.0245599999998376	epochs	2.0
1040.0674818207092	0.5	epochs	-1.0
1040.0680398207091	0.5343199999999797	epochs	1.0
1040.6023598207091	0.4655999999999949	epochs	0.0
1061.2779998779297	0.1050399999999172	epochs	0.0
1061.2779998779297	0.047520000000076834	epochs	1.0
1061.3255198779298	0.010080000000016298	epochs	1.0
1061.3355998779298	0.04743999999982407	epochs	1.0
1061.3830398779296	2.0	epochs	0.0
1063.3830398779296	5.394560000000183	epochs	0.0
1063.3830398779296	1.0	epochs	1.0
1063.3830418779296	0.5	epochs	-1.0
1063.8830418779296	4.894558000000188	epochs	-1.0
1064.3830398779296	4.394560000000183	epochs	1.0
1064.3830398779296	8.000000002539309e-05	epochs	2.0
1064.3831198779296	4.356719999999996	epochs	-1.0
1064.3831198779296	1.9745600000001104	epochs	2.0
1064.3831198779296	1.098560000000134	epochs	3.0
1065.4816798779298	0.8759999999999764	epochs	3.0
1066.3576798779297	1.3523999999999887	epochs	2.0
1066.3576798779297	0.7286400000000413	epochs	3.0
1067.0863198779298	0.6237599999999475	epochs	3.0
1067.7100798779297	1.0297599999998965	epochs	2.0
1067.7100798779297	0.545359999999846	epochs	3.0
1068.2554398779296	0.48440000000005057	epochs	3.0
1068.7398398779296	0.03776000000016211	epochs	2.0
1068.7398398779296	0.03776000000016211	epochs	3.0
1068.7775998779298	16.60535999999979	epochs	0.0
1071.4779996871948	0.1050399999999172	epochs	0.0
1071.4779996871948	0.047520000000076834	epochs	1.0
1071.525519687195	0.010080000000016298	epochs	1.0
1071.535599687195	0.04743999999982407	epochs	1.0
1071.5830396871947	2.0	epochs	0.0
1073.5830396871947	21.514160000000174	epochs	0.0
1073.5830396871947	1.0	epochs	1.0
1073.5830416871947	0.5	epochs	-1.0
1074.0830416871947	19.99928	epochs	-1.0
1074.5830396871947	20.0	epochs	1.0
1074.5830396871947	8.000000002539309e-05	epochs	2.0
1074.5831196871948	4.356719999999996	epochs	-1.0
1074.5831196871948	1.9745600000001104	epochs	2.0
1074.5831196871948	1.098560000000134	epochs	3.0
1075.681679687195	0.8759999999999764	epochs	3.0
1076.5576796871949	1.3523999999999887	epochs	2.0
1076.5576796871949	0.7286400000000413	epochs	3.0
1077.286319687195	0.6237599999999475	epochs	3.0
1077.9100796871949	1.0297599999998965	epochs	2.0
1077.9100796871949	0.545359999999846	epochs	3.0
1078.4554396871947	0.48440000000005057	epochs	3.0
1078.9398396871948	0.8317600000000311	epochs	2.0
1078.9398396871948	0.435760000000073	epochs	3.0
1079.3755996871948	0.39599999999995816	epochs	3.0
1079.7715996871948	0.697840000000042	epochs	2.0
1079.7715996871948	0.362880000000132	epochs	3.0
1080.134479687195	0.33495999999991	epochs	3.0
1080.4694396871948	0.6010400000000118	epochs	2.0
1080.4694396871948	0.3108799999999974	epochs	3.0
1080.7803196871948	0.2901600000000144	epochs	3.0
1081.0704796871948	0.5278399999999692	epochs	2.0
1081.0704796871948	0.2719199999999091	epochs	3.0
1081.3423996871948	0.2559200000000601	epochs	3.0
1081.5983196871948	0.47064000000000306	epochs	2.0
1081.5983196871948	0.2416800000000876	epochs	3.0
1081.839999687195	0.22895999999991545	epochs	3.0
1082.0689596871948	0.42455999999992855	epochs	2.0
1082.0689596871948	0.21743999999989683	epochs	3.0
1082.2863996871947	0.20712000000003172	epochs	3.0
1082.4935196871947	0.3867199999999684	epochs	2.0
1082.4935196871947	0.1976799999999912	epochs	3.0
1082.6911996871947	0.18903999999997723	epochs	3.0
1082.8802396871947	0.35512000000016997	epochs	2.0
1082.8802396871947	0.1812000000002172	epochs	3.0
1083.061439687195	0.17391999999995278	epochs	3.0
1083.235359687195	0.32823999999982334	epochs	2.0
1083.235359687195	0.16719999999986612	epochs	3.0
1083.4025596871948	0.16103999999995722	epochs	3.0
1083.5635996871947	0.30520000000001346	epochs	2.0
1083.5635996871947	0.15528000000017528	epochs	3.0
1083.7188796871949	0.14991999999983818	epochs	3.0
1083.8687996871947	0.28512000000000626	epochs	2.0
1083.8687996871947	0.1448800000000574	epochs	3.0
1084.0136796871948	0.14023999999994885	epochs	3.0
1084.1539196871947	0.2675200000001041	epochs	2.0
1084.1539196871947	0.13584000000014385	epochs	3.0
1084.2897596871949	0.13167999999996027	epochs	3.0
1084.4214396871948	0.2520799999999781	epochs	2.0
1084.4214396871948	0.12783999999987827	epochs	3.0
1084.5492796871947	0.12424000000009983	epochs	3.0
1084.6735196871948	0.23816000000010717	epochs	2.0
1084.6735196871948	0.1207200000001194	epochs	3.0
1084.794239687195	0.11743999999998778	epochs	3.0
1084.911679687195	0.22583999999983462	epochs	2.0
1084.911679687195	0.11439999999993233	epochs	3.0
1085.0260796871949	0.11143999999990228	epochs	3.0
1085.1375196871948	0.21464000000014494	epochs	2.0
1085.1375196871948	0.1086400000001504	epochs	3.0
1085.246159687195	0.10599999999999454	epochs	3.0
1085.352159687195	0.20447999999987587	epochs	2.0
1085.352159687195	0.10343999999986409	epochs	3.0
1085.4555996871948	0.10104000000001179	epochs	3.0
1085.5566396871948	0.19535999999993692	epochs	2.0
1085.5566396871948	0.0987999999999829	epochs	3.0
1085.6554396871948	0.09655999999995402	epochs	3.0
1085.7519996871947	0.18695999999999913	epochs	2.0
1085.7519996871947	0.09448000000020329	epochs	3.0
1085.846479687195	0.09247999999979584	epochs	3.0
1085.9389596871947	0.1792000000000371	epochs	2.0
1085.9389596871947	0.0904800000000705	epochs	3.0
1086.0294396871948	0.0887199999999666	epochs	3.0
1086.1181596871947	0.17208000000005086	epochs	2.0
1086.1181596871947	0.08688000000006468	epochs	3.0
1086.2050396871948	0.08519999999998618	epochs	3.0
1086.2902396871948	0.165520000000015	epochs	2.0
1086.2902396871948	0.08359999999993306	epochs	3.0
1086.3738396871947	0.08192000000008193	epochs	3.0
1086.4557596871948	0.1595199999999295	epochs	2.0
1086.4557596871948	0.0804800000000796	epochs	3.0
1086.536239687195	0.0790399999998499	epochs	3.0
1086.6152796871947	0.15376000000014756	epochs	2.0
1086.6152796871947	0.07760000000007494	epochs	3.0
1086.6928796871948	0.07616000000007261	epochs	3.0
1086.769039687195	0.14855999999986125	epochs	2.0
1086.769039687195	0.07495999999991909	epochs	3.0
1086.8439996871948	0.07359999999994216	epochs	3.0
1086.9175996871948	0.14368000000013126	epochs	2.0
1086.9175996871948	0.0724800000000414	epochs	3.0
1086.9900796871948	0.07120000000008986	epochs	3.0
1087.0612796871949	0.1390400000000227	epochs	2.0
1087.0612796871949	0.07007999999996173	epochs	3.0
1087.1313596871948	0.06896000000006097	epochs	3.0
1087.200319687195	0.13472000000001572	epochs	2.0
1087.200319687195	0.06791999999995824	epochs	3.0
1087.2682396871949	0.06680000000005748	epochs	3.0
1087.335039687195	0.13071999999988293	epochs	2.0
1087.335039687195	0.06583999999998014	epochs	3.0
1087.400879687195	0.0648799999999028	epochs	3.0
1087.4657596871948	0.1268000000000029	epochs	2.0
1087.4657596871948	0.06384000000002743	epochs	3.0
1087.5295996871948	0.06295999999997548	epochs	3.0
1087.5925596871948	0.12328000000002248	epochs	2.0
1087.5925596871948	0.06207999999992353	epochs	3.0
1087.6546396871947	0.06120000000009895	epochs	3.0
1087.7158396871948	0.11984000000006745	epochs	2.0
1087.7158396871948	0.060320000000047	epochs	3.0
1087.7761596871949	0.059520000000020445	epochs	3.0
1087.835679687195	0.11663999999996122	epochs	2.0
1087.835679687195	0.05871999999999389	epochs	3.0
1087.894399687195	0.05791999999996733	epochs	3.0
1087.9523196871949	0.11359999999990578	epochs	2.0
1087.9523196871949	0.05719999999996617	epochs	3.0
1088.0095196871948	0.05639999999993961	epochs	3.0
1088.0659196871948	0.1107200000001285	epochs	2.0
1088.0659196871948	0.05568000000016582	epochs	3.0
1088.121599687195	0.055039999999962674	epochs	3.0
1088.176639687195	0.10791999999992186	epochs	2.0
1088.176639687195	0.05423999999993612	epochs	3.0
1088.2308796871948	0.05367999999998574	epochs	3.0
1088.2845596871948	0.10527999999999338	epochs	2.0
1088.2845596871948	0.052959999999984575	epochs	3.0
1088.3375196871948	0.052320000000008804	epochs	3.0
1088.3898396871948	0.10287999999991371	epochs	2.0
1088.3898396871948	0.051760000000058426	epochs	3.0
1088.4415996871949	0.05111999999985528	epochs	3.0
1088.4927196871947	0.10040000000003602	epochs	2.0
1088.4927196871947	0.050480000000106884	epochs	3.0
1088.5431996871948	0.04991999999992913	epochs	3.0
1088.5931196871948	0.09824000000003252	epochs	2.0
1088.5931196871948	0.049359999999978754	epochs	3.0
1088.6424796871947	0.04888000000005377	epochs	3.0
1088.6913596871948	0.09600000000000364	epochs	2.0
1088.6913596871948	0.048240000000078	epochs	3.0
1088.7395996871949	0.04775999999992564	epochs	3.0
1088.7873596871948	0.09392000000002554	epochs	2.0
1088.7873596871948	0.04719999999997526	epochs	3.0
1088.8345596871948	0.04672000000005028	epochs	3.0
1088.8812796871948	0.09192000000007283	epochs	2.0
1088.8812796871948	0.0461600000000999	epochs	3.0
1088.927439687195	0.04575999999997293	epochs	3.0
1088.973199687195	0.09007999999994354	epochs	2.0
1088.973199687195	0.045279999999820575	epochs	3.0
1089.0184796871947	0.044800000000122964	epochs	3.0
1089.0632796871948	0.08816000000001623	epochs	2.0
1089.0632796871948	0.044319999999970605	epochs	3.0
1089.1075996871948	0.04384000000004562	epochs	3.0
1089.1514396871949	0.08647999999993772	epochs	2.0
1089.1514396871949	0.043439999999918655	epochs	3.0
1089.1948796871948	0.04304000000001906	epochs	3.0
1089.2379196871948	0.08472000000006119	epochs	2.0
1089.2379196871948	0.04256000000009408	epochs	3.0
1089.2804796871949	0.04215999999996711	epochs	3.0
1089.3226396871949	0.08320000000003347	epochs	2.0
1089.3226396871949	0.04176000000006752	epochs	3.0
1089.364399687195	0.04143999999996595	epochs	3.0
1089.4058396871949	0.08151999999995496	epochs	2.0
1089.4058396871949	0.040960000000040964	epochs	3.0
1089.446799687195	0.040559999999914	epochs	3.0
1089.4873596871948	0.08007999999995263	epochs	2.0
1089.4873596871948	0.0402400000000398	epochs	3.0
1089.5275996871949	0.039839999999912834	epochs	3.0
1089.5674396871948	0.0786399999999503	epochs	2.0
1089.5674396871948	0.039520000000038635	epochs	3.0
1089.6069596871948	0.03911999999991167	epochs	3.0
1089.6460796871947	0.07720000000017535	epochs	2.0
1089.6460796871947	0.03880000000003747	epochs	3.0
1089.6848796871948	0.03840000000013788	epochs	3.0
1089.723279687195	0.07591999999999643	epochs	2.0
1089.723279687195	0.038159999999834326	epochs	3.0
1089.7614396871948	0.03776000000016211	epochs	3.0
1089.799199687195	0.0745600000000195	epochs	2.0
1089.799199687195	0.03743999999983316	epochs	3.0
1089.8366396871947	0.03712000000018634	epochs	3.0
1089.873759687195	0.07335999999986598	epochs	2.0
1089.873759687195	0.03679999999985739	epochs	3.0
1089.9105596871948	0.036560000000008586	epochs	3.0
1089.9471196871948	0.07207999999991443	epochs	2.0
1089.9471196871948	0.036160000000108994	epochs	3.0
1089.983279687195	0.03591999999980544	epochs	3.0
1090.0191996871947	0.07088000000021566	epochs	2.0
1090.0191996871947	0.035600000000158616	epochs	3.0
1090.0547996871949	0.035280000000057044	epochs	3.0
1090.090079687195	0.06983999999988555	epochs	2.0
1090.090079687195	0.035039999999980864	epochs	3.0
1090.125119687195	0.034799999999904685	epochs	3.0
1090.1599196871948	0.0686399999999594	epochs	2.0
1090.1599196871948	0.034480000000030486	epochs	3.0
1090.1943996871948	0.034159999999928914	epochs	3.0
1090.2285596871948	0.06760000000008404	epochs	2.0
1090.2285596871948	0.03392000000008011	epochs	3.0
1090.2624796871949	0.03368000000000393	epochs	3.0
1090.2961596871949	0.0665599999999813	epochs	2.0
1090.2961596871949	0.03343999999992775	epochs	3.0
1090.3295996871948	0.03312000000005355	epochs	3.0
1090.3627196871948	0.06559999999990396	epochs	2.0
1090.3627196871948	0.032960000000002765	epochs	3.0
1090.3956796871948	0.03263999999990119	epochs	3.0
1090.4283196871947	0.0645600000000286	epochs	2.0
1090.4283196871947	0.03240000000005239	epochs	3.0
1090.4607196871948	0.03215999999997621	epochs	3.0
1090.4928796871948	0.06367999999997664	epochs	2.0
1090.4928796871948	0.032000000000152795	epochs	3.0
1090.524879687195	0.03167999999982385	epochs	3.0
1090.5565596871947	0.06272000000012667	epochs	2.0
1090.5565596871947	0.03143999999997504	epochs	3.0
1090.5879996871947	0.03128000000015163	epochs	3.0
1090.6192796871949	0.06183999999984735	epochs	2.0
1090.6192796871949	0.031039999999848078	epochs	3.0
1090.6503196871947	0.030799999999999272	epochs	3.0
1090.6811196871947	0.060960000000022774	epochs	2.0
1090.6811196871947	0.030560000000150467	epochs	3.0
1090.7116796871949	0.030399999999872307	epochs	3.0
1090.7420796871947	0.060159999999996217	epochs	2.0
1090.7420796871947	0.0301600000000235	epochs	3.0
1090.7722396871948	0.029999999999972715	epochs	3.0
1090.8022396871947	0.05928000000017164	epochs	2.0
1090.8022396871947	0.029680000000098516	epochs	3.0
1090.8319196871948	0.029600000000073123	epochs	3.0
1090.861519687195	0.05847999999991771	epochs	2.0
1090.861519687195	0.029359999999996944	epochs	3.0
1090.890879687195	0.029119999999920765	epochs	3.0
1090.9199996871948	0.057759999999916545	epochs	2.0
1090.9199996871948	0.028960000000097352	epochs	3.0
1090.948959687195	0.028799999999819192	epochs	3.0
1090.9777596871947	0.05696000000011736	epochs	2.0
1090.9777596871947	0.028559999999970387	epochs	3.0
1091.0063196871947	0.028400000000146974	epochs	3.0
1091.0347196871949	0.05623999999988882	epochs	2.0
1091.0347196871949	0.02815999999984342	epochs	3.0
1091.0628796871947	0.028080000000045402	epochs	3.0
1091.0909596871948	0.05544000000008964	epochs	2.0
1091.0909596871948	0.027839999999969223	epochs	3.0
1091.1187996871947	0.027600000000120417	epochs	3.0
1091.1463996871948	0.05487999999991189	epochs	2.0
1091.1463996871948	0.027520000000095024	epochs	3.0
1091.173919687195	0.027359999999816864	epochs	3.0
1091.2012796871948	0.054080000000112705	epochs	2.0
1091.2012796871948	0.02711999999996806	epochs	3.0
1091.2283996871947	0.026960000000144646	epochs	3.0
1091.2553596871949	0.05343999999990956	epochs	2.0
1091.2553596871949	0.026799999999866486	epochs	3.0
1091.2821596871947	0.026640000000043074	epochs	3.0
1091.3087996871948	0.05287999999995918	epochs	2.0
1091.3087996871948	0.026479999999992287	epochs	3.0
1091.3352796871948	0.026399999999966894	epochs	3.0
1091.3616796871947	0.05216000000018539	epochs	2.0
1091.3616796871947	0.02616000000011809	epochs	3.0
1091.3878396871949	0.026000000000067303	epochs	3.0
1091.413839687195	0.05151999999998225	epochs	2.0
1091.413839687195	0.025839999999789143	epochs	3.0
1091.4396796871947	0.025680000000193104	epochs	3.0
1091.465359687195	0.05096000000003187	epochs	2.0
1091.465359687195	0.025599999999940337	epochs	3.0
1091.4909596871948	0.02536000000009153	epochs	3.0
1091.516319687195	0.05039999999985412	epochs	2.0
1091.516319687195	0.025279999999838765	epochs	3.0
1091.5415996871948	0.025120000000015352	epochs	3.0
1091.5667196871948	0.04976000000010572	epochs	2.0
1091.5667196871948	0.024959999999964566	epochs	3.0
1091.5916796871948	0.024800000000141154	epochs	3.0
1091.616479687195	0.04919999999992797	epochs	2.0
1091.616479687195	0.024639999999862994	epochs	3.0
1091.6411196871948	0.024560000000064974	epochs	3.0
1091.6656796871948	0.04872000000000298	epochs	2.0
1091.6656796871948	0.024400000000014188	epochs	3.0
1091.6900796871948	0.024319999999988795	epochs	3.0
1091.7143996871948	0.04808000000002721	epochs	2.0
1091.7143996871948	0.024079999999912616	epochs	3.0
1091.7384796871947	0.024000000000114596	epochs	3.0
1091.7624796871949	0.047599999999874854	epochs	2.0
1091.7624796871949	0.02384000000006381	epochs	3.0
1091.786319687195	0.023759999999811043	epochs	3.0
1091.8100796871947	0.04712000000017724	epochs	2.0
1091.8100796871947	0.02359999999998763	epochs	3.0
1091.8336796871947	0.02352000000018961	epochs	3.0
1091.857199687195	0.04655999999999949	epochs	2.0
1091.857199687195	0.02335999999991145	epochs	3.0
1091.8805596871948	0.02320000000008804	epochs	3.0
1091.903759687195	0.04607999999984713	epochs	2.0
1091.903759687195	0.023119999999835272	epochs	3.0
1091.9268796871947	0.02296000000001186	epochs	3.0
1091.9498396871948	0.04560000000014952	epochs	2.0
1091.9498396871948	0.022879999999986467	epochs	3.0
1091.9727196871947	0.022720000000163054	epochs	3.0
1091.995439687195	0.04511999999999716	epochs	2.0
1091.995439687195	0.022639999999910287	epochs	3.0
1092.0180796871948	0.022480000000086875	epochs	3.0
1092.040559687195	0.044639999999844804	epochs	2.0
1092.040559687195	0.022399999999834108	epochs	3.0
1092.0629596871947	0.022240000000010696	epochs	3.0
1092.0851996871947	0.044240000000172586	epochs	2.0
1092.0851996871947	0.022159999999985303	epochs	3.0
1092.1073596871947	0.022080000000187283	epochs	3.0
1092.129439687195	0.04376000000002023	epochs	2.0
1092.129439687195	0.021919999999909123	epochs	3.0
1092.1513596871948	0.021840000000111104	epochs	3.0
1092.173199687195	0.04335999999989326	epochs	2.0
1092.173199687195	0.021759999999858337	epochs	3.0
1092.1949596871948	0.021600000000034925	epochs	3.0
1092.2165596871948	0.04287999999996828	epochs	2.0
1092.2165596871948	0.02143999999998414	epochs	3.0
1092.2379996871948	0.02143999999998414	epochs	3.0
1092.2594396871948	0.042480000000068685	epochs	2.0
1092.2594396871948	0.021279999999933352	epochs	3.0
1092.2807196871947	0.021200000000135333	epochs	3.0
1092.3019196871949	0.04207999999994172	epochs	2.0
1092.3019196871949	0.021039999999857173	epochs	3.0
1092.3229596871947	0.021040000000084547	epochs	3.0
1092.3439996871948	0.04168000000004213	epochs	2.0
1092.3439996871948	0.02088000000003376	epochs	3.0
1092.3648796871948	0.020800000000008367	epochs	3.0
1092.3856796871949	0.04119999999988977	epochs	2.0
1092.3856796871949	0.02063999999995758	epochs	3.0
1092.4063196871948	0.020559999999932188	epochs	3.0
1092.4268796871947	0.04088000000001557	epochs	2.0
1092.4268796871947	0.020560000000159562	epochs	3.0
1092.447439687195	0.02031999999985601	epochs	3.0
1092.4677596871948	0.04056000000014137	epochs	2.0
1092.4677596871948	0.020320000000083382	epochs	3.0
1092.4880796871948	0.02024000000005799	epochs	3.0
1092.508319687195	0.04007999999998901	epochs	2.0
1092.508319687195	0.020080000000007203	epochs	3.0
1092.528399687195	0.01999999999998181	epochs	3.0
1092.548399687195	0.03975999999988744	epochs	2.0
1092.548399687195	0.019919999999956417	epochs	3.0
1092.5683196871948	0.019839999999931024	epochs	3.0
1092.5881596871948	0.03944000000001324	epochs	2.0
1092.5881596871948	0.019760000000133005	epochs	3.0
1092.607919687195	0.019679999999880238	epochs	3.0
1092.6275996871948	0.03904000000011365	epochs	2.0
1092.6275996871948	0.019520000000056825	epochs	3.0
1092.6471196871948	0.019520000000056825	epochs	3.0
1092.666639687195	0.038639999999986685	epochs	2.0
1092.666639687195	0.01936000000000604	epochs	3.0
1092.685999687195	0.019279999999980646	epochs	3.0
1092.705279687195	0.038399999999910506	epochs	2.0
1092.705279687195	0.019279999999980646	epochs	3.0
1092.7245596871949	0.01911999999992986	epochs	3.0
1092.7436796871948	0.038000000000010914	epochs	2.0
1092.7436796871948	0.01904000000013184	epochs	3.0
1092.762719687195	0.018959999999879074	epochs	3.0
1092.7816796871948	0.03767999999990934	epochs	2.0
1092.7816796871948	0.018880000000081054	epochs	3.0
1092.800559687195	0.018799999999828287	epochs	3.0
1092.8193596871947	0.03736000000003514	epochs	2.0
1092.8193596871947	0.018720000000030268	epochs	3.0
1092.8380796871947	0.018640000000004875	epochs	3.0
1092.8567196871948	0.037040000000160944	epochs	2.0
1092.8567196871948	0.018559999999979482	epochs	3.0
1092.8752796871947	0.018480000000181462	epochs	3.0
1092.893759687195	0.036719999999832	epochs	2.0
1092.893759687195	0.018399999999928696	epochs	3.0
1092.9121596871948	0.018319999999903303	epochs	3.0
1092.9304796871947	0.03647999999998319	epochs	2.0
1092.9304796871947	0.018240000000105283	epochs	3.0
1092.9487196871949	0.01823999999987791	epochs	3.0
1092.9669596871947	0.0360800000000836	epochs	2.0
1092.9669596871947	0.018080000000054497	epochs	3.0
1092.9850396871948	0.018000000000029104	epochs	3.0
1093.0030396871948	0.03584000000000742	epochs	2.0
1093.0030396871948	0.01792000000000371	epochs	3.0
1093.0209596871948	0.01792000000000371	epochs	3.0
1093.0388796871948	0.03551999999990585	epochs	2.0
1093.0388796871948	0.017759999999952925	epochs	3.0
1093.0566396871948	0.017759999999952925	epochs	3.0
1093.0743996871947	0.03520000000003165	epochs	2.0
1093.0743996871947	0.017680000000154905	epochs	3.0
1093.0920796871949	0.017519999999876745	epochs	3.0
1093.1095996871948	0.03495999999995547	epochs	2.0
1093.1095996871948	0.01752000000010412	epochs	3.0
1093.1271196871949	0.017439999999851352	epochs	3.0
1093.1445596871947	0.034720000000106666	epochs	2.0
1093.1445596871947	0.017440000000078726	epochs	3.0
1093.1619996871948	0.01728000000002794	epochs	3.0
1093.1792796871948	0.03440000000000509	epochs	2.0
1093.1792796871948	0.017200000000002547	epochs	3.0
1093.1964796871948	0.017200000000002547	epochs	3.0
1093.2136796871948	0.034159999999928914	epochs	2.0
1093.2136796871948	0.017119999999977153	epochs	3.0
1093.2307996871948	0.01703999999995176	epochs	3.0
1093.2478396871948	0.033840000000054715	epochs	2.0
1093.2478396871948	0.01696000000015374	epochs	3.0
1093.264799687195	0.016879999999900974	epochs	3.0
1093.2816796871948	0.033599999999978536	epochs	2.0
1093.2816796871948	0.016800000000102955	epochs	3.0
1093.298479687195	0.01679999999987558	epochs	3.0
1093.3152796871948	0.03336000000012973	epochs	2.0
1093.3152796871948	0.01672000000007756	epochs	3.0
1093.3319996871949	0.01664000000005217	epochs	3.0
1093.348639687195	0.03311999999982618	epochs	2.0
1093.348639687195	0.016559999999799402	epochs	3.0
1093.3651996871947	0.016560000000026776	epochs	3.0
1093.3817596871947	0.03280000000017935	epochs	2.0
1093.3817596871947	0.01639999999997599	epochs	3.0
1093.3981596871947	0.016400000000203363	epochs	3.0
1093.414559687195	0.0325599999998758	epochs	2.0
1093.414559687195	0.016319999999950596	epochs	3.0
1093.4308796871949	0.016239999999925203	epochs	3.0
1093.4471196871948	0.03240000000005239	epochs	2.0
1093.4471196871948	0.016239999999925203	epochs	3.0
1093.4633596871947	0.016160000000127184	epochs	3.0
1093.4795196871949	0.032079999999950815	epochs	2.0
1093.4795196871949	0.016079999999874417	epochs	3.0
1093.4955996871947	0.016000000000076398	epochs	3.0
1093.5115996871948	0.0319200000001274	epochs	2.0
1093.5115996871948	0.016000000000076398	epochs	3.0
1093.5275996871949	0.015920000000051004	epochs	3.0
1093.543519687195	0.031599999999798456	epochs	2.0
1093.543519687195	0.015839999999798238	epochs	3.0
1093.5593596871947	0.01576000000000022	epochs	3.0
1093.5751196871947	0.03144000000020242	epochs	2.0
1093.5751196871947	0.01576000000000022	epochs	3.0
1093.5908796871947	0.0156800000002022	epochs	3.0
1093.606559687195	0.031199999999898864	epochs	2.0
1093.606559687195	0.015599999999949432	epochs	3.0
1093.6221596871949	0.015599999999949432	epochs	3.0
1093.6377596871948	0.03096000000005006	epochs	2.0
1093.6377596871948	0.015519999999924039	epochs	3.0
1093.6532796871948	0.01544000000012602	epochs	3.0
1093.6687196871949	0.03071999999997388	epochs	2.0
1093.6687196871949	0.015439999999898646	epochs	3.0
1093.6841596871948	0.015280000000075233	epochs	3.0
1093.6994396871949	0.030559999999923093	epochs	2.0
1093.6994396871949	0.015359999999873253	epochs	3.0
1093.7147996871947	0.01520000000004984	epochs	3.0
1093.7299996871948	0.030320000000074288	epochs	2.0
1093.7299996871948	0.01520000000004984	epochs	3.0
1093.7451996871948	0.015120000000024447	epochs	3.0
1093.7603196871949	0.030079999999998108	epochs	2.0
1093.7603196871949	0.015120000000024447	epochs	3.0
1093.7754396871949	0.014959999999973661	epochs	3.0
1093.7903996871948	0.029919999999947322	epochs	2.0
1093.7903996871948	0.015039999999999054	epochs	3.0
1093.8054396871948	0.014879999999948268	epochs	3.0
1093.8203196871948	0.029680000000098516	epochs	2.0
1093.8203196871948	0.014879999999948268	epochs	3.0
1093.8351996871947	0.014800000000150249	epochs	3.0
1093.849999687195	0.029519999999820357	epochs	2.0
1093.849999687195	0.014799999999922875	epochs	3.0
1093.8647996871948	0.014719999999897482	epochs	3.0
1093.8795196871947	0.029280000000198925	epochs	2.0
1093.8795196871947	0.014720000000124855	epochs	3.0
1093.8942396871948	0.01456000000007407	epochs	3.0
1093.908799687195	0.029119999999920765	epochs	2.0
1093.908799687195	0.014639999999872089	epochs	3.0
1093.9234396871948	0.014480000000048676	epochs	3.0
1093.9379196871948	0.028960000000097352	epochs	2.0
1093.9379196871948	0.014480000000048676	epochs	3.0
1093.9523996871949	0.014480000000048676	epochs	3.0
1093.966879687195	0.02863999999999578	epochs	2.0
1093.966879687195	0.01431999999999789	epochs	3.0
1093.981199687195	0.01431999999999789	epochs	3.0
1093.995519687195	0.028559999999970387	epochs	2.0
1093.995519687195	0.01431999999999789	epochs	3.0
1094.009839687195	0.014239999999972497	epochs	3.0
1094.024079687195	0.028319999999894208	epochs	2.0
1094.024079687195	0.014159999999947104	epochs	3.0
1094.0382396871948	0.014159999999947104	epochs	3.0
1094.0523996871948	0.028160000000070795	epochs	2.0
1094.0523996871948	0.014159999999947104	epochs	3.0
1094.0665596871947	0.014000000000123691	epochs	3.0
1094.0805596871949	0.02800000000002001	epochs	2.0
1094.0805596871949	0.013999999999896318	epochs	3.0
1094.0945596871948	0.014000000000123691	epochs	3.0
1094.1085596871949	0.02775999999994383	epochs	2.0
1094.1085596871949	0.013919999999870925	epochs	3.0
1094.1224796871948	0.013840000000072905	epochs	3.0
1094.1363196871948	0.027679999999918437	epochs	2.0
1094.1363196871948	0.013840000000072905	epochs	3.0
1094.150159687195	0.013839999999845531	epochs	3.0
1094.1639996871947	0.02744000000006963	epochs	2.0
1094.1639996871947	0.013760000000047512	epochs	3.0
1094.1777596871948	0.013680000000022119	epochs	3.0
1094.1914396871948	0.027280000000018845	epochs	2.0
1094.1914396871948	0.013680000000022119	epochs	3.0
1094.2051196871948	0.013599999999996726	epochs	3.0
1094.2187196871948	0.02711999999996806	epochs	2.0
1094.2187196871948	0.013519999999971333	epochs	3.0
1094.2322396871948	0.013599999999996726	epochs	3.0
1094.2458396871948	0.026880000000119253	epochs	2.0
1094.2458396871948	0.01343999999994594	epochs	3.0
1094.2592796871947	0.013440000000173313	epochs	3.0
1094.272719687195	0.026799999999866486	epochs	2.0
1094.272719687195	0.01343999999994594	epochs	3.0
1094.2861596871949	0.013359999999920547	epochs	3.0
1094.2995196871948	0.02656000000001768	epochs	2.0
1094.2995196871948	0.013280000000122527	epochs	3.0
1094.312799687195	0.013279999999895153	epochs	3.0
1094.3260796871948	0.026479999999992287	epochs	2.0
1094.3260796871948	0.013280000000122527	epochs	3.0
1094.339359687195	0.01319999999986976	epochs	3.0
1094.3525596871948	0.026239999999916108	epochs	2.0
1094.3525596871948	0.013120000000071741	epochs	3.0
1094.3656796871949	0.013119999999844367	epochs	3.0
1094.3787996871947	0.02616000000011809	epochs	2.0
1094.3787996871947	0.013120000000071741	epochs	3.0
1094.3919196871948	0.013040000000046348	epochs	3.0
1094.4049596871948	0.026000000000067303	epochs	2.0
1094.4049596871948	0.013040000000046348	epochs	3.0
1094.4179996871949	0.012960000000020955	epochs	3.0
1094.430959687195	0.025759999999991123	epochs	2.0
1094.430959687195	0.012879999999995562	epochs	3.0
1094.443839687195	0.012879999999995562	epochs	3.0
1094.456719687195	0.02567999999996573	epochs	2.0
1094.456719687195	0.012879999999995562	epochs	3.0
1094.469599687195	0.012799999999970169	epochs	3.0
1094.4823996871949	0.025519999999914944	epochs	2.0
1094.4823996871949	0.012799999999970169	epochs	3.0
1094.4951996871948	0.012719999999944775	epochs	3.0
1094.5079196871948	0.02536000000009153	epochs	2.0
1094.5079196871948	0.012719999999944775	epochs	3.0
1094.5206396871947	0.012640000000146756	epochs	3.0
1094.5332796871949	0.025200000000040745	epochs	2.0
1094.5332796871949	0.012639999999919382	epochs	3.0
1094.5459196871948	0.012560000000121363	epochs	3.0
1094.558479687195	0.0245599999998376	epochs	2.0
1094.5823216871947	0.5	epochs	-1.0
1094.5830396871947	0.5141600000001745	epochs	1.0
1095.097199687195	0.48575999999980013	epochs	0.0
1097.8129997253418	0.1050399999999172	epochs	0.0
1097.8129997253418	0.047520000000076834	epochs	1.0
1097.8605197253419	0.010080000000016298	epochs	1.0
1097.870599725342	0.04743999999982407	epochs	1.0
1097.9180397253417	2.0	epochs	0.0
1099.9180397253417	21.514160000000174	epochs	0.0
1099.9180397253417	1.0	epochs	1.0
1099.9180417253417	0.5	epochs	-1.0
1100.4180417253417	19.99928	epochs	-1.0
1100.9180397253417	20.0	epochs	1.0
1100.9180397253417	8.000000002539309e-05	epochs	2.0
1100.9181197253417	4.356719999999996	epochs	-1.0
1100.9181197253417	1.9745600000001104	epochs	2.0
1100.9181197253417	1.098560000000134	epochs	3.0
1102.0166797253419	0.8759999999999764	epochs	3.0
1102.8926797253418	1.3523999999999887	epochs	2.0
1102.8926797253418	0.7286400000000413	epochs	3.0
1103.621319725342	0.6237599999999475	epochs	3.0
1104.2450797253418	1.0297599999998965	epochs	2.0
1104.2450797253418	0.545359999999846	epochs	3.0
1104.7904397253417	0.48440000000005057	epochs	3.0
1105.2748397253417	0.8317600000000311	epochs	2.0
1105.2748397253417	0.435760000000073	epochs	3.0
1105.7105997253418	0.39599999999995816	epochs	3.0
1106.1065997253418	0.697840000000042	epochs	2.0
1106.1065997253418	0.362880000000132	epochs	3.0
1106.469479725342	0.33495999999991	epochs	3.0
1106.8044397253418	0.6010400000000118	epochs	2.0
1106.8044397253418	0.3108799999999974	epochs	3.0
1107.1153197253418	0.2901600000000144	epochs	3.0
1107.4054797253418	0.5278399999999692	epochs	2.0
1107.4054797253418	0.2719199999999091	epochs	3.0
1107.6773997253417	0.2559200000000601	epochs	3.0
1107.9333197253418	0.47064000000000306	epochs	2.0
1107.9333197253418	0.2416800000000876	epochs	3.0
1108.1749997253419	0.22895999999991545	epochs	3.0
1108.4039597253418	0.42455999999992855	epochs	2.0
1108.4039597253418	0.21743999999989683	epochs	3.0
1108.6213997253417	0.20712000000003172	epochs	3.0
1108.8285197253417	0.3867199999999684	epochs	2.0
1108.8285197253417	0.1976799999999912	epochs	3.0
1109.0261997253417	0.18903999999997723	epochs	3.0
1109.2152397253417	0.35512000000016997	epochs	2.0
1109.2152397253417	0.1812000000002172	epochs	3.0
1109.396439725342	0.17391999999995278	epochs	3.0
1109.5703597253419	0.32823999999982334	epochs	2.0
1109.5703597253419	0.16719999999986612	epochs	3.0
1109.7375597253417	0.16103999999995722	epochs	3.0
1109.8985997253417	0.30520000000001346	epochs	2.0
1109.8985997253417	0.15528000000017528	epochs	3.0
1110.0538797253419	0.14991999999983818	epochs	3.0
1110.2037997253417	0.28512000000000626	epochs	2.0
1110.2037997253417	0.1448800000000574	epochs	3.0
1110.3486797253418	0.14023999999994885	epochs	3.0
1110.4889197253417	0.2675200000001041	epochs	2.0
1110.4889197253417	0.13584000000014385	epochs	3.0
1110.6247597253418	0.13167999999996027	epochs	3.0
1110.7564397253418	0.2520799999999781	epochs	2.0
1110.7564397253418	0.12783999999987827	epochs	3.0
1110.8842797253417	0.12424000000009983	epochs	3.0
1111.0085197253418	0.23816000000010717	epochs	2.0
1111.0085197253418	0.1207200000001194	epochs	3.0
1111.129239725342	0.11743999999998778	epochs	3.0
1111.246679725342	0.22583999999983462	epochs	2.0
1111.246679725342	0.11439999999993233	epochs	3.0
1111.3610797253418	0.11143999999990228	epochs	3.0
1111.4725197253417	0.21464000000014494	epochs	2.0
1111.4725197253417	0.1086400000001504	epochs	3.0
1111.5811597253419	0.10599999999999454	epochs	3.0
1111.6871597253419	0.20447999999987587	epochs	2.0
1111.6871597253419	0.10343999999986409	epochs	3.0
1111.7905997253417	0.10104000000001179	epochs	3.0
1111.8916397253417	0.19535999999993692	epochs	2.0
1111.8916397253417	0.0987999999999829	epochs	3.0
1111.9904397253417	0.09655999999995402	epochs	3.0
1112.0869997253417	0.18695999999999913	epochs	2.0
1112.0869997253417	0.09448000000020329	epochs	3.0
1112.181479725342	0.09247999999979584	epochs	3.0
1112.2739597253417	0.1792000000000371	epochs	2.0
1112.2739597253417	0.0904800000000705	epochs	3.0
1112.3644397253418	0.0887199999999666	epochs	3.0
1112.4531597253417	0.17208000000005086	epochs	2.0
1112.4531597253417	0.08688000000006468	epochs	3.0
1112.5400397253418	0.08519999999998618	epochs	3.0
1112.6252397253418	0.165520000000015	epochs	2.0
1112.6252397253418	0.08359999999993306	epochs	3.0
1112.7088397253417	0.08192000000008193	epochs	3.0
1112.7907597253418	0.1595199999999295	epochs	2.0
1112.7907597253418	0.0804800000000796	epochs	3.0
1112.8712397253419	0.0790399999998499	epochs	3.0
1112.9502797253417	0.15376000000014756	epochs	2.0
1112.9502797253417	0.07760000000007494	epochs	3.0
1113.0278797253418	0.07616000000007261	epochs	3.0
1113.1040397253419	0.14855999999986125	epochs	2.0
1113.1040397253419	0.07495999999991909	epochs	3.0
1113.1789997253418	0.07359999999994216	epochs	3.0
1113.2525997253417	0.14368000000013126	epochs	2.0
1113.2525997253417	0.0724800000000414	epochs	3.0
1113.3250797253418	0.07120000000008986	epochs	3.0
1113.3962797253419	0.1390400000000227	epochs	2.0
1113.3962797253419	0.07007999999996173	epochs	3.0
1113.4663597253418	0.06896000000006097	epochs	3.0
1113.5353197253419	0.13472000000001572	epochs	2.0
1113.5353197253419	0.06791999999995824	epochs	3.0
1113.6032397253418	0.06680000000005748	epochs	3.0
1113.670039725342	0.13071999999988293	epochs	2.0
1113.670039725342	0.06583999999998014	epochs	3.0
1113.7358797253419	0.0648799999999028	epochs	3.0
1113.8007597253418	0.1268000000000029	epochs	2.0
1113.8007597253418	0.06384000000002743	epochs	3.0
1113.8645997253418	0.06295999999997548	epochs	3.0
1113.9275597253418	0.12328000000002248	epochs	2.0
1113.9275597253418	0.06207999999992353	epochs	3.0
1113.9896397253417	0.06120000000009895	epochs	3.0
1114.0508397253418	0.11984000000006745	epochs	2.0
1114.0508397253418	0.060320000000047	epochs	3.0
1114.1111597253418	0.059520000000020445	epochs	3.0
1114.1706797253419	0.11663999999996122	epochs	2.0
1114.1706797253419	0.05871999999999389	epochs	3.0
1114.2293997253419	0.05791999999996733	epochs	3.0
1114.2873197253418	0.11359999999990578	epochs	2.0
1114.2873197253418	0.05719999999996617	epochs	3.0
1114.3445197253418	0.05639999999993961	epochs	3.0
1114.4009197253417	0.1107200000001285	epochs	2.0
1114.4009197253417	0.05568000000016582	epochs	3.0
1114.456599725342	0.055039999999962674	epochs	3.0
1114.5116397253419	0.10791999999992186	epochs	2.0
1114.5116397253419	0.05423999999993612	epochs	3.0
1114.5658797253418	0.05367999999998574	epochs	3.0
1114.6195597253418	0.10527999999999338	epochs	2.0
1114.6195597253418	0.052959999999984575	epochs	3.0
1114.6725197253418	0.052320000000008804	epochs	3.0
1114.7248397253418	0.10287999999991371	epochs	2.0
1114.7248397253418	0.051760000000058426	epochs	3.0
1114.7765997253418	0.05111999999985528	epochs	3.0
1114.8277197253417	0.10040000000003602	epochs	2.0
1114.8277197253417	0.050480000000106884	epochs	3.0
1114.8781997253418	0.04991999999992913	epochs	3.0
1114.9281197253417	0.09824000000003252	epochs	2.0
1114.9281197253417	0.049359999999978754	epochs	3.0
1114.9774797253417	0.04888000000005377	epochs	3.0
1115.0263597253418	0.09600000000000364	epochs	2.0
1115.0263597253418	0.048240000000078	epochs	3.0
1115.0745997253418	0.04775999999992564	epochs	3.0
1115.1223597253418	0.09392000000002554	epochs	2.0
1115.1223597253418	0.04719999999997526	epochs	3.0
1115.1695597253417	0.04672000000005028	epochs	3.0
1115.2162797253418	0.09192000000007283	epochs	2.0
1115.2162797253418	0.0461600000000999	epochs	3.0
1115.262439725342	0.04575999999997293	epochs	3.0
1115.3081997253419	0.09007999999994354	epochs	2.0
1115.3081997253419	0.045279999999820575	epochs	3.0
1115.3534797253417	0.044800000000122964	epochs	3.0
1115.3982797253418	0.08816000000001623	epochs	2.0
1115.3982797253418	0.044319999999970605	epochs	3.0
1115.4425997253418	0.04384000000004562	epochs	3.0
1115.4864397253418	0.08647999999993772	epochs	2.0
1115.4864397253418	0.043439999999918655	epochs	3.0
1115.5298797253417	0.04304000000001906	epochs	3.0
1115.5729197253418	0.08472000000006119	epochs	2.0
1115.5729197253418	0.04256000000009408	epochs	3.0
1115.6154797253419	0.04215999999996711	epochs	3.0
1115.6576397253418	0.08320000000003347	epochs	2.0
1115.6576397253418	0.04176000000006752	epochs	3.0
1115.699399725342	0.04143999999996595	epochs	3.0
1115.7408397253419	0.08151999999995496	epochs	2.0
1115.7408397253419	0.040960000000040964	epochs	3.0
1115.781799725342	0.040559999999914	epochs	3.0
1115.8223597253418	0.08007999999995263	epochs	2.0
1115.8223597253418	0.0402400000000398	epochs	3.0
1115.8625997253419	0.039839999999912834	epochs	3.0
1115.9024397253418	0.0786399999999503	epochs	2.0
1115.9024397253418	0.039520000000038635	epochs	3.0
1115.9419597253418	0.03911999999991167	epochs	3.0
1115.9810797253417	0.07720000000017535	epochs	2.0
1115.9810797253417	0.03880000000003747	epochs	3.0
1116.0198797253418	0.03840000000013788	epochs	3.0
1116.058279725342	0.07591999999999643	epochs	2.0
1116.058279725342	0.038159999999834326	epochs	3.0
1116.0964397253417	0.03776000000016211	epochs	3.0
1116.134199725342	0.0745600000000195	epochs	2.0
1116.134199725342	0.03743999999983316	epochs	3.0
1116.1716397253417	0.03712000000018634	epochs	3.0
1116.208759725342	0.07335999999986598	epochs	2.0
1116.208759725342	0.03679999999985739	epochs	3.0
1116.2455597253418	0.036560000000008586	epochs	3.0
1116.2821197253418	0.07207999999991443	epochs	2.0
1116.2821197253418	0.036160000000108994	epochs	3.0
1116.3182797253419	0.03591999999980544	epochs	3.0
1116.3541997253417	0.07088000000021566	epochs	2.0
1116.3541997253417	0.035600000000158616	epochs	3.0
1116.3897997253418	0.035280000000057044	epochs	3.0
1116.425079725342	0.06983999999988555	epochs	2.0
1116.425079725342	0.035039999999980864	epochs	3.0
1116.4601197253419	0.034799999999904685	epochs	3.0
1116.4949197253418	0.0686399999999594	epochs	2.0
1116.4949197253418	0.034480000000030486	epochs	3.0
1116.5293997253418	0.034159999999928914	epochs	3.0
1116.5635597253417	0.06760000000008404	epochs	2.0
1116.5635597253417	0.03392000000008011	epochs	3.0
1116.5974797253418	0.03368000000000393	epochs	3.0
1116.6311597253418	0.0665599999999813	epochs	2.0
1116.6311597253418	0.03343999999992775	epochs	3.0
1116.6645997253418	0.03312000000005355	epochs	3.0
1116.6977197253418	0.06559999999990396	epochs	2.0
1116.6977197253418	0.032960000000002765	epochs	3.0
1116.7306797253418	0.03263999999990119	epochs	3.0
1116.7633197253417	0.0645600000000286	epochs	2.0
1116.7633197253417	0.03240000000005239	epochs	3.0
1116.7957197253418	0.03215999999997621	epochs	3.0
1116.8278797253417	0.06367999999997664	epochs	2.0
1116.8278797253417	0.032000000000152795	epochs	3.0
1116.859879725342	0.03167999999982385	epochs	3.0
1116.8915597253417	0.06272000000012667	epochs	2.0
1116.8915597253417	0.03143999999997504	epochs	3.0
1116.9229997253417	0.03128000000015163	epochs	3.0
1116.9542797253418	0.06183999999984735	epochs	2.0
1116.9542797253418	0.031039999999848078	epochs	3.0
1116.9853197253417	0.030799999999999272	epochs	3.0
1117.0161197253417	0.060960000000022774	epochs	2.0
1117.0161197253417	0.030560000000150467	epochs	3.0
1117.0466797253418	0.030399999999872307	epochs	3.0
1117.0770797253417	0.060159999999996217	epochs	2.0
1117.0770797253417	0.0301600000000235	epochs	3.0
1117.1072397253417	0.029999999999972715	epochs	3.0
1117.1372397253417	0.05928000000017164	epochs	2.0
1117.1372397253417	0.029680000000098516	epochs	3.0
1117.1669197253418	0.029600000000073123	epochs	3.0
1117.196519725342	0.05847999999991771	epochs	2.0
1117.196519725342	0.029359999999996944	epochs	3.0
1117.2258797253419	0.029119999999920765	epochs	3.0
1117.2549997253418	0.057759999999916545	epochs	2.0
1117.2549997253418	0.028960000000097352	epochs	3.0
1117.283959725342	0.028799999999819192	epochs	3.0
1117.3127597253417	0.05696000000011736	epochs	2.0
1117.3127597253417	0.028559999999970387	epochs	3.0
1117.3413197253417	0.028400000000146974	epochs	3.0
1117.3697197253418	0.05623999999988882	epochs	2.0
1117.3697197253418	0.02815999999984342	epochs	3.0
1117.3978797253417	0.028080000000045402	epochs	3.0
1117.4259597253417	0.05544000000008964	epochs	2.0
1117.4259597253417	0.027839999999969223	epochs	3.0
1117.4537997253417	0.027600000000120417	epochs	3.0
1117.4813997253418	0.05487999999991189	epochs	2.0
1117.4813997253418	0.027520000000095024	epochs	3.0
1117.508919725342	0.027359999999816864	epochs	3.0
1117.5362797253417	0.054080000000112705	epochs	2.0
1117.5362797253417	0.02711999999996806	epochs	3.0
1117.5633997253417	0.026960000000144646	epochs	3.0
1117.5903597253418	0.05343999999990956	epochs	2.0
1117.5903597253418	0.026799999999866486	epochs	3.0
1117.6171597253417	0.026640000000043074	epochs	3.0
1117.6437997253418	0.05287999999995918	epochs	2.0
1117.6437997253418	0.026479999999992287	epochs	3.0
1117.6702797253417	0.026399999999966894	epochs	3.0
1117.6966797253417	0.05216000000018539	epochs	2.0
1117.6966797253417	0.02616000000011809	epochs	3.0
1117.7228397253418	0.026000000000067303	epochs	3.0
1117.748839725342	0.05151999999998225	epochs	2.0
1117.748839725342	0.025839999999789143	epochs	3.0
1117.7746797253417	0.025680000000193104	epochs	3.0
1117.8003597253419	0.05096000000003187	epochs	2.0
1117.8003597253419	0.025599999999940337	epochs	3.0
1117.8259597253418	0.02536000000009153	epochs	3.0
1117.851319725342	0.05039999999985412	epochs	2.0
1117.851319725342	0.025279999999838765	epochs	3.0
1117.8765997253417	0.025120000000015352	epochs	3.0
1117.9017197253418	0.04976000000010572	epochs	2.0
1117.9017197253418	0.024959999999964566	epochs	3.0
1117.9266797253417	0.024800000000141154	epochs	3.0
1117.9514797253419	0.04919999999992797	epochs	2.0
1117.9514797253419	0.024639999999862994	epochs	3.0
1117.9761197253417	0.024560000000064974	epochs	3.0
1118.0006797253418	0.04872000000000298	epochs	2.0
1118.0006797253418	0.024400000000014188	epochs	3.0
1118.0250797253418	0.024319999999988795	epochs	3.0
1118.0493997253418	0.04808000000002721	epochs	2.0
1118.0493997253418	0.024079999999912616	epochs	3.0
1118.0734797253417	0.024000000000114596	epochs	3.0
1118.0974797253418	0.047599999999874854	epochs	2.0
1118.0974797253418	0.02384000000006381	epochs	3.0
1118.121319725342	0.023759999999811043	epochs	3.0
1118.1450797253417	0.04712000000017724	epochs	2.0
1118.1450797253417	0.02359999999998763	epochs	3.0
1118.1686797253417	0.02352000000018961	epochs	3.0
1118.1921997253419	0.04655999999999949	epochs	2.0
1118.1921997253419	0.02335999999991145	epochs	3.0
1118.2155597253418	0.02320000000008804	epochs	3.0
1118.2387597253419	0.04607999999984713	epochs	2.0
1118.2387597253419	0.023119999999835272	epochs	3.0
1118.2618797253417	0.02296000000001186	epochs	3.0
1118.2848397253417	0.04560000000014952	epochs	2.0
1118.2848397253417	0.022879999999986467	epochs	3.0
1118.3077197253417	0.022720000000163054	epochs	3.0
1118.3304397253419	0.04511999999999716	epochs	2.0
1118.3304397253419	0.022639999999910287	epochs	3.0
1118.3530797253418	0.022480000000086875	epochs	3.0
1118.3755597253419	0.044639999999844804	epochs	2.0
1118.3755597253419	0.022399999999834108	epochs	3.0
1118.3979597253417	0.022240000000010696	epochs	3.0
1118.4201997253417	0.044240000000172586	epochs	2.0
1118.4201997253417	0.022159999999985303	epochs	3.0
1118.4423597253417	0.022080000000187283	epochs	3.0
1118.464439725342	0.04376000000002023	epochs	2.0
1118.464439725342	0.021919999999909123	epochs	3.0
1118.4863597253418	0.021840000000111104	epochs	3.0
1118.508199725342	0.04335999999989326	epochs	2.0
1118.508199725342	0.021759999999858337	epochs	3.0
1118.5299597253418	0.021600000000034925	epochs	3.0
1118.5515597253418	0.04287999999996828	epochs	2.0
1118.5515597253418	0.02143999999998414	epochs	3.0
1118.5729997253418	0.02143999999998414	epochs	3.0
1118.5944397253418	0.042480000000068685	epochs	2.0
1118.5944397253418	0.021279999999933352	epochs	3.0
1118.6157197253417	0.021200000000135333	epochs	3.0
1118.6369197253418	0.04207999999994172	epochs	2.0
1118.6369197253418	0.021039999999857173	epochs	3.0
1118.6579597253417	0.021040000000084547	epochs	3.0
1118.6789997253418	0.04168000000004213	epochs	2.0
1118.6789997253418	0.02088000000003376	epochs	3.0
1118.6998797253418	0.020800000000008367	epochs	3.0
1118.7206797253418	0.04119999999988977	epochs	2.0
1118.7206797253418	0.02063999999995758	epochs	3.0
1118.7413197253418	0.020559999999932188	epochs	3.0
1118.7618797253417	0.04088000000001557	epochs	2.0
1118.7618797253417	0.020560000000159562	epochs	3.0
1118.7824397253419	0.02031999999985601	epochs	3.0
1118.8027597253417	0.04056000000014137	epochs	2.0
1118.8027597253417	0.020320000000083382	epochs	3.0
1118.8230797253418	0.02024000000005799	epochs	3.0
1118.8433197253419	0.04007999999998901	epochs	2.0
1118.8433197253419	0.020080000000007203	epochs	3.0
1118.8633997253419	0.01999999999998181	epochs	3.0
1118.8833997253419	0.03975999999988744	epochs	2.0
1118.8833997253419	0.019919999999956417	epochs	3.0
1118.9033197253418	0.019839999999931024	epochs	3.0
1118.9231597253417	0.03944000000001324	epochs	2.0
1118.9231597253417	0.019760000000133005	epochs	3.0
1118.9429197253419	0.019679999999880238	epochs	3.0
1118.9625997253418	0.03904000000011365	epochs	2.0
1118.9625997253418	0.019520000000056825	epochs	3.0
1118.9821197253418	0.019520000000056825	epochs	3.0
1119.0016397253419	0.038639999999986685	epochs	2.0
1119.0016397253419	0.01936000000000604	epochs	3.0
1119.0209997253419	0.019279999999980646	epochs	3.0
1119.0402797253419	0.038399999999910506	epochs	2.0
1119.0402797253419	0.019279999999980646	epochs	3.0
1119.0595597253418	0.01911999999992986	epochs	3.0
1119.0786797253418	0.038000000000010914	epochs	2.0
1119.0786797253418	0.01904000000013184	epochs	3.0
1119.097719725342	0.018959999999879074	epochs	3.0
1119.1166797253418	0.03767999999990934	epochs	2.0
1119.1166797253418	0.018880000000081054	epochs	3.0
1119.1355597253419	0.018799999999828287	epochs	3.0
1119.1543597253417	0.03736000000003514	epochs	2.0
1119.1543597253417	0.018720000000030268	epochs	3.0
1119.1730797253417	0.018640000000004875	epochs	3.0
1119.1917197253417	0.037040000000160944	epochs	2.0
1119.1917197253417	0.018559999999979482	epochs	3.0
1119.2102797253417	0.018480000000181462	epochs	3.0
1119.228759725342	0.036719999999832	epochs	2.0
1119.228759725342	0.018399999999928696	epochs	3.0
1119.2471597253418	0.018319999999903303	epochs	3.0
1119.2654797253417	0.03647999999998319	epochs	2.0
1119.2654797253417	0.018240000000105283	epochs	3.0
1119.2837197253418	0.01823999999987791	epochs	3.0
1119.3019597253417	0.0360800000000836	epochs	2.0
1119.3019597253417	0.018080000000054497	epochs	3.0
1119.3200397253418	0.018000000000029104	epochs	3.0
1119.3380397253418	0.03584000000000742	epochs	2.0
1119.3380397253418	0.01792000000000371	epochs	3.0
1119.3559597253418	0.01792000000000371	epochs	3.0
1119.3738797253418	0.03551999999990585	epochs	2.0
1119.3738797253418	0.017759999999952925	epochs	3.0
1119.3916397253417	0.017759999999952925	epochs	3.0
1119.4093997253417	0.03520000000003165	epochs	2.0
1119.4093997253417	0.017680000000154905	epochs	3.0
1119.4270797253419	0.017519999999876745	epochs	3.0
1119.4445997253417	0.03495999999995547	epochs	2.0
1119.4445997253417	0.01752000000010412	epochs	3.0
1119.4621197253418	0.017439999999851352	epochs	3.0
1119.4795597253417	0.034720000000106666	epochs	2.0
1119.4795597253417	0.017440000000078726	epochs	3.0
1119.4969997253418	0.01728000000002794	epochs	3.0
1119.5142797253418	0.03440000000000509	epochs	2.0
1119.5142797253418	0.017200000000002547	epochs	3.0
1119.5314797253418	0.017200000000002547	epochs	3.0
1119.5486797253418	0.034159999999928914	epochs	2.0
1119.5486797253418	0.017119999999977153	epochs	3.0
1119.5657997253418	0.01703999999995176	epochs	3.0
1119.5828397253417	0.033840000000054715	epochs	2.0
1119.5828397253417	0.01696000000015374	epochs	3.0
1119.5997997253419	0.016879999999900974	epochs	3.0
1119.6166797253418	0.033599999999978536	epochs	2.0
1119.6166797253418	0.016800000000102955	epochs	3.0
1119.6334797253419	0.01679999999987558	epochs	3.0
1119.6502797253418	0.03336000000012973	epochs	2.0
1119.6502797253418	0.01672000000007756	epochs	3.0
1119.6669997253418	0.01664000000005217	epochs	3.0
1119.683639725342	0.03311999999982618	epochs	2.0
1119.683639725342	0.016559999999799402	epochs	3.0
1119.7001997253417	0.016560000000026776	epochs	3.0
1119.7167597253417	0.03280000000017935	epochs	2.0
1119.7167597253417	0.01639999999997599	epochs	3.0
1119.7331597253417	0.016400000000203363	epochs	3.0
1119.749559725342	0.0325599999998758	epochs	2.0
1119.749559725342	0.016319999999950596	epochs	3.0
1119.7658797253418	0.016239999999925203	epochs	3.0
1119.7821197253418	0.03240000000005239	epochs	2.0
1119.7821197253418	0.016239999999925203	epochs	3.0
1119.7983597253417	0.016160000000127184	epochs	3.0
1119.8145197253418	0.032079999999950815	epochs	2.0
1119.8145197253418	0.016079999999874417	epochs	3.0
1119.8305997253417	0.016000000000076398	epochs	3.0
1119.8465997253418	0.0319200000001274	epochs	2.0
1119.8465997253418	0.016000000000076398	epochs	3.0
1119.8625997253419	0.015920000000051004	epochs	3.0
1119.878519725342	0.031599999999798456	epochs	2.0
1119.878519725342	0.015839999999798238	epochs	3.0
1119.8943597253417	0.01576000000000022	epochs	3.0
1119.9101197253417	0.03144000000020242	epochs	2.0
1119.9101197253417	0.01576000000000022	epochs	3.0
1119.9258797253417	0.0156800000002022	epochs	3.0
1119.941559725342	0.031199999999898864	epochs	2.0
1119.941559725342	0.015599999999949432	epochs	3.0
1119.9571597253419	0.015599999999949432	epochs	3.0
1119.9727597253418	0.03096000000005006	epochs	2.0
1119.9727597253418	0.015519999999924039	epochs	3.0
1119.9882797253417	0.01544000000012602	epochs	3.0
1120.0037197253419	0.03071999999997388	epochs	2.0
1120.0037197253419	0.015439999999898646	epochs	3.0
1120.0191597253418	0.015280000000075233	epochs	3.0
1120.0344397253418	0.030559999999923093	epochs	2.0
1120.0344397253418	0.015359999999873253	epochs	3.0
1120.0497997253417	0.01520000000004984	epochs	3.0
1120.0649997253417	0.030320000000074288	epochs	2.0
1120.0649997253417	0.01520000000004984	epochs	3.0
1120.0801997253418	0.015120000000024447	epochs	3.0
1120.0953197253418	0.030079999999998108	epochs	2.0
1120.0953197253418	0.015120000000024447	epochs	3.0
1120.1104397253418	0.014959999999973661	epochs	3.0
1120.1253997253418	0.029919999999947322	epochs	2.0
1120.1253997253418	0.015039999999999054	epochs	3.0
1120.1404397253418	0.014879999999948268	epochs	3.0
1120.1553197253418	0.029680000000098516	epochs	2.0
1120.1553197253418	0.014879999999948268	epochs	3.0
1120.1701997253417	0.014800000000150249	epochs	3.0
1120.1849997253419	0.029519999999820357	epochs	2.0
1120.1849997253419	0.014799999999922875	epochs	3.0
1120.1997997253418	0.014719999999897482	epochs	3.0
1120.2145197253417	0.029280000000198925	epochs	2.0
1120.2145197253417	0.014720000000124855	epochs	3.0
1120.2292397253418	0.01456000000007407	epochs	3.0
1120.243799725342	0.029119999999920765	epochs	2.0
1120.243799725342	0.014639999999872089	epochs	3.0
1120.2584397253418	0.014480000000048676	epochs	3.0
1120.2729197253418	0.028960000000097352	epochs	2.0
1120.2729197253418	0.014480000000048676	epochs	3.0
1120.2873997253419	0.014480000000048676	epochs	3.0
1120.301879725342	0.02863999999999578	epochs	2.0
1120.301879725342	0.01431999999999789	epochs	3.0
1120.316199725342	0.01431999999999789	epochs	3.0
1120.330519725342	0.028559999999970387	epochs	2.0
1120.330519725342	0.01431999999999789	epochs	3.0
1120.344839725342	0.014239999999972497	epochs	3.0
1120.3590797253419	0.028319999999894208	epochs	2.0
1120.3590797253419	0.014159999999947104	epochs	3.0
1120.3732397253418	0.014159999999947104	epochs	3.0
1120.3873997253418	0.028160000000070795	epochs	2.0
1120.3873997253418	0.014159999999947104	epochs	3.0
1120.4015597253417	0.014000000000123691	epochs	3.0
1120.4155597253418	0.02800000000002001	epochs	2.0
1120.4155597253418	0.013999999999896318	epochs	3.0
1120.4295597253417	0.014000000000123691	epochs	3.0
1120.4435597253419	0.02775999999994383	epochs	2.0
1120.4435597253419	0.013919999999870925	epochs	3.0
1120.4574797253417	0.013840000000072905	epochs	3.0
1120.4713197253418	0.027679999999918437	epochs	2.0
1120.4713197253418	0.013840000000072905	epochs	3.0
1120.4851597253419	0.013839999999845531	epochs	3.0
1120.4989997253417	0.02744000000006963	epochs	2.0
1120.4989997253417	0.013760000000047512	epochs	3.0
1120.5127597253418	0.013680000000022119	epochs	3.0
1120.5264397253418	0.027280000000018845	epochs	2.0
1120.5264397253418	0.013680000000022119	epochs	3.0
1120.5401197253418	0.013599999999996726	epochs	3.0
1120.5537197253418	0.02711999999996806	epochs	2.0
1120.5537197253418	0.013519999999971333	epochs	3.0
1120.5672397253418	0.013599999999996726	epochs	3.0
1120.5808397253418	0.026880000000119253	epochs	2.0
1120.5808397253418	0.01343999999994594	epochs	3.0
1120.5942797253417	0.013440000000173313	epochs	3.0
1120.607719725342	0.026799999999866486	epochs	2.0
1120.607719725342	0.01343999999994594	epochs	3.0
1120.6211597253418	0.013359999999920547	epochs	3.0
1120.6345197253418	0.02656000000001768	epochs	2.0
1120.6345197253418	0.013280000000122527	epochs	3.0
1120.6477997253419	0.013279999999895153	epochs	3.0
1120.6610797253418	0.026479999999992287	epochs	2.0
1120.6610797253418	0.013280000000122527	epochs	3.0
1120.674359725342	0.01319999999986976	epochs	3.0
1120.6875597253418	0.026239999999916108	epochs	2.0
1120.6875597253418	0.013120000000071741	epochs	3.0
1120.7006797253418	0.013119999999844367	epochs	3.0
1120.7137997253417	0.02616000000011809	epochs	2.0
1120.7137997253417	0.013120000000071741	epochs	3.0
1120.7269197253418	0.013040000000046348	epochs	3.0
1120.7399597253418	0.026000000000067303	epochs	2.0
1120.7399597253418	0.013040000000046348	epochs	3.0
1120.7529997253419	0.012960000000020955	epochs	3.0
1120.7659597253419	0.025759999999991123	epochs	2.0
1120.7659597253419	0.012879999999995562	epochs	3.0
1120.7788397253419	0.012879999999995562	epochs	3.0
1120.7917197253419	0.02567999999996573	epochs	2.0
1120.7917197253419	0.012879999999995562	epochs	3.0
1120.8045997253419	0.012799999999970169	epochs	3.0
1120.8173997253418	0.025519999999914944	epochs	2.0
1120.8173997253418	0.012799999999970169	epochs	3.0
1120.8301997253418	0.012719999999944775	epochs	3.0
1120.8429197253417	0.02536000000009153	epochs	2.0
1120.8429197253417	0.012719999999944775	epochs	3.0
1120.8556397253417	0.012640000000146756	epochs	3.0
1120.8682797253418	0.025200000000040745	epochs	2.0
1120.8682797253418	0.012639999999919382	epochs	3.0
1120.8809197253418	0.012560000000121363	epochs	3.0
1120.8934797253419	0.0245599999998376	epochs	2.0
1120.9173217253417	0.5	epochs	-1.0
1120.9180397253417	0.5141600000001745	epochs	1.0
1121.432199725342	0.48575999999980013	epochs	0.0
1124.240999698639	0.1050399999999172	epochs	0.0
1124.240999698639	0.047520000000076834	epochs	1.0
1124.288519698639	0.010080000000016298	epochs	1.0
1124.298599698639	0.04743999999982407	epochs	1.0
1124.3460396986388	2.0	epochs	0.0
1126.3460396986388	21.514319999999998	epochs	0.0
1126.3460396986388	1.0	epochs	1.0
1126.3460416986388	0.5	epochs	-1.0
1126.8460416986388	19.99928	epochs	-1.0
1127.3460396986388	20.0	epochs	1.0
1127.3460396986388	8.000000002539309e-05	epochs	2.0
1127.3461196986389	4.356719999999996	epochs	-1.0
1127.3461196986389	1.9745600000001104	epochs	2.0
1127.3461196986389	1.098560000000134	epochs	3.0
1128.444679698639	0.8759999999999764	epochs	3.0
1129.320679698639	1.3523999999999887	epochs	2.0
1129.320679698639	0.7286400000000413	epochs	3.0
1130.049319698639	0.6237599999999475	epochs	3.0
1130.673079698639	1.0297599999998965	epochs	2.0
1130.673079698639	0.545359999999846	epochs	3.0
1131.2184396986388	0.48440000000005057	epochs	3.0
1131.7028396986389	0.8317600000000311	epochs	2.0
1131.7028396986389	0.435760000000073	epochs	3.0
1132.138599698639	0.39599999999995816	epochs	3.0
1132.5345996986389	0.697840000000042	epochs	2.0
1132.5345996986389	0.362880000000132	epochs	3.0
1132.897479698639	0.33495999999991	epochs	3.0
1133.232439698639	0.6010400000000118	epochs	2.0
1133.232439698639	0.3108799999999974	epochs	3.0
1133.543319698639	0.2901600000000144	epochs	3.0
1133.833479698639	0.5278399999999692	epochs	2.0
1133.833479698639	0.2719199999999091	epochs	3.0
1134.1053996986388	0.2559200000000601	epochs	3.0
1134.361319698639	0.47064000000000306	epochs	2.0
1134.361319698639	0.2416800000000876	epochs	3.0
1134.602999698639	0.22895999999991545	epochs	3.0
1134.831959698639	0.42455999999992855	epochs	2.0
1134.831959698639	0.21743999999989683	epochs	3.0
1135.0493996986388	0.20712000000003172	epochs	3.0
1135.2565196986388	0.3867199999999684	epochs	2.0
1135.2565196986388	0.1976799999999912	epochs	3.0
1135.4541996986388	0.18903999999997723	epochs	3.0
1135.6432396986388	0.35512000000016997	epochs	2.0
1135.6432396986388	0.1812000000002172	epochs	3.0
1135.824439698639	0.17391999999995278	epochs	3.0
1135.998359698639	0.32823999999982334	epochs	2.0
1135.998359698639	0.16719999999986612	epochs	3.0
1136.1655596986388	0.16103999999995722	epochs	3.0
1136.3265996986388	0.30520000000001346	epochs	2.0
1136.3265996986388	0.15528000000017528	epochs	3.0
1136.481879698639	0.14991999999983818	epochs	3.0
1136.6317996986388	0.28512000000000626	epochs	2.0
1136.6317996986388	0.1448800000000574	epochs	3.0
1136.7766796986389	0.14023999999994885	epochs	3.0
1136.9169196986388	0.2675200000001041	epochs	2.0
1136.9169196986388	0.13584000000014385	epochs	3.0
1137.052759698639	0.13167999999996027	epochs	3.0
1137.184439698639	0.2520799999999781	epochs	2.0
1137.184439698639	0.12783999999987827	epochs	3.0
1137.3122796986388	0.12424000000009983	epochs	3.0
1137.436519698639	0.23816000000010717	epochs	2.0
1137.436519698639	0.1207200000001194	epochs	3.0
1137.557239698639	0.11743999999998778	epochs	3.0
1137.674679698639	0.22583999999983462	epochs	2.0
1137.674679698639	0.11439999999993233	epochs	3.0
1137.789079698639	0.11143999999990228	epochs	3.0
1137.9005196986388	0.21464000000014494	epochs	2.0
1137.9005196986388	0.1086400000001504	epochs	3.0
1138.009159698639	0.10599999999999454	epochs	3.0
1138.115159698639	0.20447999999987587	epochs	2.0
1138.115159698639	0.10343999999986409	epochs	3.0
1138.2185996986389	0.10104000000001179	epochs	3.0
1138.3196396986389	0.19535999999993692	epochs	2.0
1138.3196396986389	0.0987999999999829	epochs	3.0
1138.4184396986388	0.09655999999995402	epochs	3.0
1138.5149996986388	0.18695999999999913	epochs	2.0
1138.5149996986388	0.09448000000020329	epochs	3.0
1138.609479698639	0.09247999999979584	epochs	3.0
1138.7019596986388	0.1792000000000371	epochs	2.0
1138.7019596986388	0.0904800000000705	epochs	3.0
1138.7924396986389	0.0887199999999666	epochs	3.0
1138.8811596986388	0.17208000000005086	epochs	2.0
1138.8811596986388	0.08688000000006468	epochs	3.0
1138.968039698639	0.08519999999998618	epochs	3.0
1139.053239698639	0.165520000000015	epochs	2.0
1139.053239698639	0.08359999999993306	epochs	3.0
1139.1368396986388	0.08192000000008193	epochs	3.0
1139.218759698639	0.1595199999999295	epochs	2.0
1139.218759698639	0.0804800000000796	epochs	3.0
1139.299239698639	0.0790399999998499	epochs	3.0
1139.3782796986388	0.15376000000014756	epochs	2.0
1139.3782796986388	0.07760000000007494	epochs	3.0
1139.455879698639	0.07616000000007261	epochs	3.0
1139.532039698639	0.14855999999986125	epochs	2.0
1139.532039698639	0.07495999999991909	epochs	3.0
1139.606999698639	0.07359999999994216	epochs	3.0
1139.6805996986388	0.14368000000013126	epochs	2.0
1139.6805996986388	0.0724800000000414	epochs	3.0
1139.7530796986389	0.07120000000008986	epochs	3.0
1139.824279698639	0.1390400000000227	epochs	2.0
1139.824279698639	0.07007999999996173	epochs	3.0
1139.894359698639	0.06896000000006097	epochs	3.0
1139.963319698639	0.13472000000001572	epochs	2.0
1139.963319698639	0.06791999999995824	epochs	3.0
1140.031239698639	0.06680000000005748	epochs	3.0
1140.098039698639	0.13071999999988293	epochs	2.0
1140.098039698639	0.06583999999998014	epochs	3.0
1140.163879698639	0.0648799999999028	epochs	3.0
1140.228759698639	0.1268000000000029	epochs	2.0
1140.228759698639	0.06384000000002743	epochs	3.0
1140.292599698639	0.06295999999997548	epochs	3.0
1140.355559698639	0.12328000000002248	epochs	2.0
1140.355559698639	0.06207999999992353	epochs	3.0
1140.4176396986388	0.06120000000009895	epochs	3.0
1140.478839698639	0.11984000000006745	epochs	2.0
1140.478839698639	0.060320000000047	epochs	3.0
1140.539159698639	0.059520000000020445	epochs	3.0
1140.598679698639	0.11663999999996122	epochs	2.0
1140.598679698639	0.05871999999999389	epochs	3.0
1140.657399698639	0.05791999999996733	epochs	3.0
1140.715319698639	0.11359999999990578	epochs	2.0
1140.715319698639	0.05719999999996617	epochs	3.0
1140.772519698639	0.05639999999993961	epochs	3.0
1140.8289196986389	0.1107200000001285	epochs	2.0
1140.8289196986389	0.05568000000016582	epochs	3.0
1140.884599698639	0.055039999999962674	epochs	3.0
1140.939639698639	0.10791999999992186	epochs	2.0
1140.939639698639	0.05423999999993612	epochs	3.0
1140.993879698639	0.05367999999998574	epochs	3.0
1141.047559698639	0.10527999999999338	epochs	2.0
1141.047559698639	0.052959999999984575	epochs	3.0
1141.100519698639	0.052320000000008804	epochs	3.0
1141.152839698639	0.10287999999991371	epochs	2.0
1141.152839698639	0.051760000000058426	epochs	3.0
1141.204599698639	0.05111999999985528	epochs	3.0
1141.2557196986388	0.10040000000003602	epochs	2.0
1141.2557196986388	0.050480000000106884	epochs	3.0
1141.306199698639	0.04991999999992913	epochs	3.0
1141.3561196986388	0.09824000000003252	epochs	2.0
1141.3561196986388	0.049359999999978754	epochs	3.0
1141.4054796986388	0.04888000000005377	epochs	3.0
1141.4543596986389	0.09600000000000364	epochs	2.0
1141.4543596986389	0.048240000000078	epochs	3.0
1141.502599698639	0.04775999999992564	epochs	3.0
1141.5503596986389	0.09392000000002554	epochs	2.0
1141.5503596986389	0.04719999999997526	epochs	3.0
1141.5975596986389	0.04672000000005028	epochs	3.0
1141.644279698639	0.09192000000007283	epochs	2.0
1141.644279698639	0.0461600000000999	epochs	3.0
1141.690439698639	0.04575999999997293	epochs	3.0
1141.736199698639	0.09007999999994354	epochs	2.0
1141.736199698639	0.045279999999820575	epochs	3.0
1141.7814796986388	0.044800000000122964	epochs	3.0
1141.826279698639	0.08816000000001623	epochs	2.0
1141.826279698639	0.044319999999970605	epochs	3.0
1141.870599698639	0.04384000000004562	epochs	3.0
1141.914439698639	0.08647999999993772	epochs	2.0
1141.914439698639	0.043439999999918655	epochs	3.0
1141.9578796986389	0.04304000000001906	epochs	3.0
1142.0009196986389	0.08472000000006119	epochs	2.0
1142.0009196986389	0.04256000000009408	epochs	3.0
1142.043479698639	0.04215999999996711	epochs	3.0
1142.085639698639	0.08320000000003347	epochs	2.0
1142.085639698639	0.04176000000006752	epochs	3.0
1142.127399698639	0.04143999999996595	epochs	3.0
1142.168839698639	0.08151999999995496	epochs	2.0
1142.168839698639	0.040960000000040964	epochs	3.0
1142.209799698639	0.040559999999914	epochs	3.0
1142.250359698639	0.08007999999995263	epochs	2.0
1142.250359698639	0.0402400000000398	epochs	3.0
1142.290599698639	0.039839999999912834	epochs	3.0
1142.3304396986389	0.0786399999999503	epochs	2.0
1142.3304396986389	0.039520000000038635	epochs	3.0
1142.369959698639	0.03911999999991167	epochs	3.0
1142.4090796986388	0.07720000000017535	epochs	2.0
1142.4090796986388	0.03880000000003747	epochs	3.0
1142.4478796986389	0.03840000000013788	epochs	3.0
1142.486279698639	0.07591999999999643	epochs	2.0
1142.486279698639	0.038159999999834326	epochs	3.0
1142.5244396986388	0.03776000000016211	epochs	3.0
1142.562199698639	0.0745600000000195	epochs	2.0
1142.562199698639	0.03743999999983316	epochs	3.0
1142.5996396986388	0.03712000000018634	epochs	3.0
1142.636759698639	0.07335999999986598	epochs	2.0
1142.636759698639	0.03679999999985739	epochs	3.0
1142.6735596986389	0.036560000000008586	epochs	3.0
1142.710119698639	0.07207999999991443	epochs	2.0
1142.710119698639	0.036160000000108994	epochs	3.0
1142.746279698639	0.03591999999980544	epochs	3.0
1142.7821996986388	0.07088000000021566	epochs	2.0
1142.7821996986388	0.035600000000158616	epochs	3.0
1142.817799698639	0.035280000000057044	epochs	3.0
1142.853079698639	0.06983999999988555	epochs	2.0
1142.853079698639	0.035039999999980864	epochs	3.0
1142.888119698639	0.034799999999904685	epochs	3.0
1142.922919698639	0.0686399999999594	epochs	2.0
1142.922919698639	0.034480000000030486	epochs	3.0
1142.957399698639	0.034159999999928914	epochs	3.0
1142.9915596986389	0.06760000000008404	epochs	2.0
1142.9915596986389	0.03392000000008011	epochs	3.0
1143.025479698639	0.03368000000000393	epochs	3.0
1143.059159698639	0.0665599999999813	epochs	2.0
1143.059159698639	0.03343999999992775	epochs	3.0
1143.0925996986389	0.03312000000005355	epochs	3.0
1143.125719698639	0.06559999999990396	epochs	2.0
1143.125719698639	0.032960000000002765	epochs	3.0
1143.158679698639	0.03263999999990119	epochs	3.0
1143.1913196986388	0.0645600000000286	epochs	2.0
1143.1913196986388	0.03240000000005239	epochs	3.0
1143.223719698639	0.03215999999997621	epochs	3.0
1143.2558796986389	0.06367999999997664	epochs	2.0
1143.2558796986389	0.032000000000152795	epochs	3.0
1143.287879698639	0.03167999999982385	epochs	3.0
1143.3195596986388	0.06272000000012667	epochs	2.0
1143.3195596986388	0.03143999999997504	epochs	3.0
1143.3509996986388	0.03128000000015163	epochs	3.0
1143.382279698639	0.06183999999984735	epochs	2.0
1143.382279698639	0.031039999999848078	epochs	3.0
1143.4133196986388	0.030799999999999272	epochs	3.0
1143.4441196986388	0.060960000000022774	epochs	2.0
1143.4441196986388	0.030560000000150467	epochs	3.0
1143.474679698639	0.030399999999872307	epochs	3.0
1143.5050796986388	0.060159999999996217	epochs	2.0
1143.5050796986388	0.0301600000000235	epochs	3.0
1143.5352396986389	0.029999999999972715	epochs	3.0
1143.5652396986388	0.05928000000017164	epochs	2.0
1143.5652396986388	0.029680000000098516	epochs	3.0
1143.594919698639	0.029600000000073123	epochs	3.0
1143.624519698639	0.05847999999991771	epochs	2.0
1143.624519698639	0.029359999999996944	epochs	3.0
1143.653879698639	0.029119999999920765	epochs	3.0
1143.682999698639	0.057759999999916545	epochs	2.0
1143.682999698639	0.028960000000097352	epochs	3.0
1143.711959698639	0.028799999999819192	epochs	3.0
1143.7407596986388	0.05696000000011736	epochs	2.0
1143.7407596986388	0.028559999999970387	epochs	3.0
1143.7693196986388	0.028400000000146974	epochs	3.0
1143.797719698639	0.05623999999988882	epochs	2.0
1143.797719698639	0.02815999999984342	epochs	3.0
1143.8258796986388	0.028080000000045402	epochs	3.0
1143.8539596986388	0.05544000000008964	epochs	2.0
1143.8539596986388	0.027839999999969223	epochs	3.0
1143.8817996986388	0.027600000000120417	epochs	3.0
1143.909399698639	0.05487999999991189	epochs	2.0
1143.909399698639	0.027520000000095024	epochs	3.0
1143.936919698639	0.027359999999816864	epochs	3.0
1143.9642796986388	0.054080000000112705	epochs	2.0
1143.9642796986388	0.02711999999996806	epochs	3.0
1143.9913996986388	0.026960000000144646	epochs	3.0
1144.018359698639	0.05343999999990956	epochs	2.0
1144.018359698639	0.026799999999866486	epochs	3.0
1144.0451596986388	0.026640000000043074	epochs	3.0
1144.0717996986389	0.05287999999995918	epochs	2.0
1144.0717996986389	0.026479999999992287	epochs	3.0
1144.0982796986389	0.026399999999966894	epochs	3.0
1144.1246796986388	0.05216000000018539	epochs	2.0
1144.1246796986388	0.02616000000011809	epochs	3.0
1144.150839698639	0.026000000000067303	epochs	3.0
1144.176839698639	0.05151999999998225	epochs	2.0
1144.176839698639	0.025839999999789143	epochs	3.0
1144.2026796986388	0.025680000000193104	epochs	3.0
1144.228359698639	0.05096000000003187	epochs	2.0
1144.228359698639	0.025599999999940337	epochs	3.0
1144.253959698639	0.02536000000009153	epochs	3.0
1144.279319698639	0.05039999999985412	epochs	2.0
1144.279319698639	0.025279999999838765	epochs	3.0
1144.3045996986389	0.025120000000015352	epochs	3.0
1144.3297196986389	0.04976000000010572	epochs	2.0
1144.3297196986389	0.024959999999964566	epochs	3.0
1144.3546796986388	0.024800000000141154	epochs	3.0
1144.379479698639	0.04919999999992797	epochs	2.0
1144.379479698639	0.024639999999862994	epochs	3.0
1144.4041196986389	0.024560000000064974	epochs	3.0
1144.428679698639	0.04872000000000298	epochs	2.0
1144.428679698639	0.024400000000014188	epochs	3.0
1144.453079698639	0.024319999999988795	epochs	3.0
1144.477399698639	0.04808000000002721	epochs	2.0
1144.477399698639	0.024079999999912616	epochs	3.0
1144.5014796986388	0.024000000000114596	epochs	3.0
1144.525479698639	0.047599999999874854	epochs	2.0
1144.525479698639	0.02384000000006381	epochs	3.0
1144.549319698639	0.023759999999811043	epochs	3.0
1144.5730796986388	0.04712000000017724	epochs	2.0
1144.5730796986388	0.02359999999998763	epochs	3.0
1144.5966796986388	0.02352000000018961	epochs	3.0
1144.620199698639	0.04655999999999949	epochs	2.0
1144.620199698639	0.02335999999991145	epochs	3.0
1144.643559698639	0.02320000000008804	epochs	3.0
1144.666759698639	0.04607999999984713	epochs	2.0
1144.666759698639	0.023119999999835272	epochs	3.0
1144.6898796986388	0.02296000000001186	epochs	3.0
1144.7128396986388	0.04560000000014952	epochs	2.0
1144.7128396986388	0.022879999999986467	epochs	3.0
1144.7357196986388	0.022720000000163054	epochs	3.0
1144.758439698639	0.04511999999999716	epochs	2.0
1144.758439698639	0.022639999999910287	epochs	3.0
1144.781079698639	0.022480000000086875	epochs	3.0
1144.803559698639	0.044639999999844804	epochs	2.0
1144.803559698639	0.022399999999834108	epochs	3.0
1144.8259596986388	0.022240000000010696	epochs	3.0
1144.8481996986388	0.044240000000172586	epochs	2.0
1144.8481996986388	0.022159999999985303	epochs	3.0
1144.8703596986388	0.022080000000187283	epochs	3.0
1144.892439698639	0.04376000000002023	epochs	2.0
1144.892439698639	0.021919999999909123	epochs	3.0
1144.914359698639	0.021840000000111104	epochs	3.0
1144.936199698639	0.04335999999989326	epochs	2.0
1144.936199698639	0.021759999999858337	epochs	3.0
1144.957959698639	0.021600000000034925	epochs	3.0
1144.979559698639	0.04287999999996828	epochs	2.0
1144.979559698639	0.02143999999998414	epochs	3.0
1145.000999698639	0.02143999999998414	epochs	3.0
1145.022439698639	0.042480000000068685	epochs	2.0
1145.022439698639	0.021279999999933352	epochs	3.0
1145.0437196986388	0.021200000000135333	epochs	3.0
1145.064919698639	0.04207999999994172	epochs	2.0
1145.064919698639	0.021039999999857173	epochs	3.0
1145.0859596986388	0.021040000000084547	epochs	3.0
1145.106999698639	0.04168000000004213	epochs	2.0
1145.106999698639	0.02088000000003376	epochs	3.0
1145.127879698639	0.020800000000008367	epochs	3.0
1145.148679698639	0.04119999999988977	epochs	2.0
1145.148679698639	0.02063999999995758	epochs	3.0
1145.169319698639	0.020559999999932188	epochs	3.0
1145.1898796986388	0.04088000000001557	epochs	2.0
1145.1898796986388	0.020560000000159562	epochs	3.0
1145.210439698639	0.02031999999985601	epochs	3.0
1145.2307596986388	0.04056000000014137	epochs	2.0
1145.2307596986388	0.020320000000083382	epochs	3.0
1145.251079698639	0.02024000000005799	epochs	3.0
1145.271319698639	0.04007999999998901	epochs	2.0
1145.271319698639	0.020080000000007203	epochs	3.0
1145.291399698639	0.01999999999998181	epochs	3.0
1145.311399698639	0.03975999999988744	epochs	2.0
1145.311399698639	0.019919999999956417	epochs	3.0
1145.331319698639	0.019839999999931024	epochs	3.0
1145.3511596986389	0.03944000000001324	epochs	2.0
1145.3511596986389	0.019760000000133005	epochs	3.0
1145.370919698639	0.019679999999880238	epochs	3.0
1145.3905996986389	0.03904000000011365	epochs	2.0
1145.3905996986389	0.019520000000056825	epochs	3.0
1145.410119698639	0.019520000000056825	epochs	3.0
1145.429639698639	0.038639999999986685	epochs	2.0
1145.429639698639	0.01936000000000604	epochs	3.0
1145.448999698639	0.019279999999980646	epochs	3.0
1145.468279698639	0.038399999999910506	epochs	2.0
1145.468279698639	0.019279999999980646	epochs	3.0
1145.487559698639	0.01911999999992986	epochs	3.0
1145.506679698639	0.038000000000010914	epochs	2.0
1145.506679698639	0.01904000000013184	epochs	3.0
1145.525719698639	0.018959999999879074	epochs	3.0
1145.544679698639	0.03767999999990934	epochs	2.0
1145.544679698639	0.018880000000081054	epochs	3.0
1145.563559698639	0.018799999999828287	epochs	3.0
1145.5823596986388	0.03736000000003514	epochs	2.0
1145.5823596986388	0.018720000000030268	epochs	3.0
1145.6010796986388	0.018640000000004875	epochs	3.0
1145.6197196986388	0.037040000000160944	epochs	2.0
1145.6197196986388	0.018559999999979482	epochs	3.0
1145.6382796986388	0.018480000000181462	epochs	3.0
1145.656759698639	0.036719999999832	epochs	2.0
1145.656759698639	0.018399999999928696	epochs	3.0
1145.675159698639	0.018319999999903303	epochs	3.0
1145.6934796986388	0.03647999999998319	epochs	2.0
1145.6934796986388	0.018240000000105283	epochs	3.0
1145.711719698639	0.01823999999987791	epochs	3.0
1145.7299596986388	0.0360800000000836	epochs	2.0
1145.7299596986388	0.018080000000054497	epochs	3.0
1145.7480396986389	0.018000000000029104	epochs	3.0
1145.766039698639	0.03584000000000742	epochs	2.0
1145.766039698639	0.01792000000000371	epochs	3.0
1145.783959698639	0.01792000000000371	epochs	3.0
1145.801879698639	0.03551999999990585	epochs	2.0
1145.801879698639	0.017759999999952925	epochs	3.0
1145.8196396986389	0.017759999999952925	epochs	3.0
1145.8373996986388	0.03520000000003165	epochs	2.0
1145.8373996986388	0.017680000000154905	epochs	3.0
1145.855079698639	0.017519999999876745	epochs	3.0
1145.8725996986389	0.03495999999995547	epochs	2.0
1145.8725996986389	0.01752000000010412	epochs	3.0
1145.890119698639	0.017439999999851352	epochs	3.0
1145.9075596986388	0.034720000000106666	epochs	2.0
1145.9075596986388	0.017440000000078726	epochs	3.0
1145.9249996986389	0.01728000000002794	epochs	3.0
1145.942279698639	0.03440000000000509	epochs	2.0
1145.942279698639	0.017200000000002547	epochs	3.0
1145.959479698639	0.017200000000002547	epochs	3.0
1145.976679698639	0.034159999999928914	epochs	2.0
1145.976679698639	0.017119999999977153	epochs	3.0
1145.993799698639	0.01703999999995176	epochs	3.0
1146.0108396986388	0.033840000000054715	epochs	2.0
1146.0108396986388	0.01696000000015374	epochs	3.0
1146.027799698639	0.016879999999900974	epochs	3.0
1146.044679698639	0.033599999999978536	epochs	2.0
1146.044679698639	0.016800000000102955	epochs	3.0
1146.061479698639	0.01679999999987558	epochs	3.0
1146.0782796986389	0.03336000000012973	epochs	2.0
1146.0782796986389	0.01672000000007756	epochs	3.0
1146.094999698639	0.01664000000005217	epochs	3.0
1146.111639698639	0.03311999999982618	epochs	2.0
1146.111639698639	0.016559999999799402	epochs	3.0
1146.1281996986388	0.016560000000026776	epochs	3.0
1146.1447596986388	0.03280000000017935	epochs	2.0
1146.1447596986388	0.01639999999997599	epochs	3.0
1146.1611596986388	0.016400000000203363	epochs	3.0
1146.177559698639	0.0325599999998758	epochs	2.0
1146.177559698639	0.016319999999950596	epochs	3.0
1146.193879698639	0.016239999999925203	epochs	3.0
1146.210119698639	0.03240000000005239	epochs	2.0
1146.210119698639	0.016239999999925203	epochs	3.0
1146.2263596986388	0.016160000000127184	epochs	3.0
1146.242519698639	0.032079999999950815	epochs	2.0
1146.242519698639	0.016079999999874417	epochs	3.0
1146.2585996986388	0.016000000000076398	epochs	3.0
1146.274599698639	0.0319200000001274	epochs	2.0
1146.274599698639	0.016000000000076398	epochs	3.0
1146.290599698639	0.015920000000051004	epochs	3.0
1146.306519698639	0.031599999999798456	epochs	2.0
1146.306519698639	0.015839999999798238	epochs	3.0
1146.3223596986388	0.01576000000000022	epochs	3.0
1146.3381196986388	0.03144000000020242	epochs	2.0
1146.3381196986388	0.01576000000000022	epochs	3.0
1146.3538796986388	0.0156800000002022	epochs	3.0
1146.369559698639	0.031199999999898864	epochs	2.0
1146.369559698639	0.015599999999949432	epochs	3.0
1146.385159698639	0.015599999999949432	epochs	3.0
1146.400759698639	0.03096000000005006	epochs	2.0
1146.400759698639	0.015519999999924039	epochs	3.0
1146.4162796986388	0.01544000000012602	epochs	3.0
1146.431719698639	0.03071999999997388	epochs	2.0
1146.431719698639	0.015439999999898646	epochs	3.0
1146.4471596986389	0.015280000000075233	epochs	3.0
1146.462439698639	0.030559999999923093	epochs	2.0
1146.462439698639	0.015359999999873253	epochs	3.0
1146.4777996986388	0.01520000000004984	epochs	3.0
1146.4929996986389	0.030320000000074288	epochs	2.0
1146.4929996986389	0.01520000000004984	epochs	3.0
1146.508199698639	0.015120000000024447	epochs	3.0
1146.523319698639	0.030079999999998108	epochs	2.0
1146.523319698639	0.015120000000024447	epochs	3.0
1146.538439698639	0.014959999999973661	epochs	3.0
1146.553399698639	0.029919999999947322	epochs	2.0
1146.553399698639	0.015039999999999054	epochs	3.0
1146.568439698639	0.014879999999948268	epochs	3.0
1146.583319698639	0.029680000000098516	epochs	2.0
1146.583319698639	0.014879999999948268	epochs	3.0
1146.5981996986388	0.014800000000150249	epochs	3.0
1146.612999698639	0.029519999999820357	epochs	2.0
1146.612999698639	0.014799999999922875	epochs	3.0
1146.627799698639	0.014719999999897482	epochs	3.0
1146.6425196986388	0.029280000000198925	epochs	2.0
1146.6425196986388	0.014720000000124855	epochs	3.0
1146.657239698639	0.01456000000007407	epochs	3.0
1146.671799698639	0.029119999999920765	epochs	2.0
1146.671799698639	0.014639999999872089	epochs	3.0
1146.6864396986389	0.014480000000048676	epochs	3.0
1146.700919698639	0.028960000000097352	epochs	2.0
1146.700919698639	0.014480000000048676	epochs	3.0
1146.715399698639	0.014480000000048676	epochs	3.0
1146.729879698639	0.02863999999999578	epochs	2.0
1146.729879698639	0.01431999999999789	epochs	3.0
1146.744199698639	0.01431999999999789	epochs	3.0
1146.758519698639	0.028559999999970387	epochs	2.0
1146.758519698639	0.01431999999999789	epochs	3.0
1146.772839698639	0.014239999999972497	epochs	3.0
1146.787079698639	0.028319999999894208	epochs	2.0
1146.787079698639	0.014159999999947104	epochs	3.0
1146.801239698639	0.014159999999947104	epochs	3.0
1146.8153996986389	0.028160000000070795	epochs	2.0
1146.8153996986389	0.014159999999947104	epochs	3.0
1146.8295596986388	0.014000000000123691	epochs	3.0
1146.843559698639	0.02800000000002001	epochs	2.0
1146.843559698639	0.013999999999896318	epochs	3.0
1146.8575596986389	0.014000000000123691	epochs	3.0
1146.871559698639	0.02775999999994383	epochs	2.0
1146.871559698639	0.013919999999870925	epochs	3.0
1146.8854796986388	0.013840000000072905	epochs	3.0
1146.899319698639	0.027679999999918437	epochs	2.0
1146.899319698639	0.013840000000072905	epochs	3.0
1146.913159698639	0.013839999999845531	epochs	3.0
1146.9269996986388	0.02744000000006963	epochs	2.0
1146.9269996986388	0.013760000000047512	epochs	3.0
1146.9407596986389	0.013680000000022119	epochs	3.0
1146.954439698639	0.027280000000018845	epochs	2.0
1146.954439698639	0.013680000000022119	epochs	3.0
1146.968119698639	0.013599999999996726	epochs	3.0
1146.981719698639	0.02711999999996806	epochs	2.0
1146.981719698639	0.013519999999971333	epochs	3.0
1146.995239698639	0.013599999999996726	epochs	3.0
1147.008839698639	0.026880000000119253	epochs	2.0
1147.008839698639	0.01343999999994594	epochs	3.0
1147.0222796986388	0.013440000000173313	epochs	3.0
1147.035719698639	0.026799999999866486	epochs	2.0
1147.035719698639	0.01343999999994594	epochs	3.0
1147.049159698639	0.013359999999920547	epochs	3.0
1147.0625196986389	0.02656000000001768	epochs	2.0
1147.0625196986389	0.013280000000122527	epochs	3.0
1147.075799698639	0.013279999999895153	epochs	3.0
1147.089079698639	0.026479999999992287	epochs	2.0
1147.089079698639	0.013280000000122527	epochs	3.0
1147.102359698639	0.01319999999986976	epochs	3.0
1147.115559698639	0.026239999999916108	epochs	2.0
1147.115559698639	0.013120000000071741	epochs	3.0
1147.128679698639	0.013119999999844367	epochs	3.0
1147.1417996986388	0.02616000000011809	epochs	2.0
1147.1417996986388	0.013120000000071741	epochs	3.0
1147.1549196986389	0.013040000000046348	epochs	3.0
1147.167959698639	0.026000000000067303	epochs	2.0
1147.167959698639	0.013040000000046348	epochs	3.0
1147.180999698639	0.012960000000020955	epochs	3.0
1147.193959698639	0.025759999999991123	epochs	2.0
1147.193959698639	0.012879999999995562	epochs	3.0
1147.206839698639	0.012879999999995562	epochs	3.0
1147.219719698639	0.02567999999996573	epochs	2.0
1147.219719698639	0.012879999999995562	epochs	3.0
1147.232599698639	0.012799999999970169	epochs	3.0
1147.245399698639	0.025519999999914944	epochs	2.0
1147.245399698639	0.012799999999970169	epochs	3.0
1147.258199698639	0.012719999999944775	epochs	3.0
1147.2709196986389	0.02536000000009153	epochs	2.0
1147.2709196986389	0.012719999999944775	epochs	3.0
1147.2836396986388	0.012640000000146756	epochs	3.0
1147.296279698639	0.025200000000040745	epochs	2.0
1147.296279698639	0.012639999999919382	epochs	3.0
1147.3089196986389	0.012560000000121363	epochs	3.0
1147.321479698639	0.0245599999998376	epochs	2.0
1147.3453216986388	0.5	epochs	-1.0
1147.3460396986388	0.5143199999999979	epochs	1.0
1147.8603596986388	0.4855999999999767	epochs	0.0
1176.388000011444	0.1050399999999172	epochs	0.0
1176.388000011444	0.047520000000076834	epochs	1.0
1176.4355200114442	0.010080000000016298	epochs	1.0
1176.4456000114442	0.04743999999982407	epochs	1.0
1176.493040011444	0.2299199999999928	epochs	0.0
1176.493040011444	0.0500000000001819	epochs	1.0
1176.5430400114442	0.009999999999990905	epochs	1.0
1176.5530400114442	0.049999999999954525	epochs	1.0
1176.6030400114441	0.009999999999990905	epochs	1.0
1176.6130400114441	0.049999999999954525	epochs	1.0
1176.663040011444	0.009999999999990905	epochs	1.0
1176.673040011444	0.04991999999992913	epochs	1.0
