onset	duration	nwb_table	treelevel
622.3819999694824	0.10000000000002274	epochs	0.0
622.3819999694824	0.04499999999995907	epochs	1.0
622.4269999694824	0.010005000000091968	epochs	1.0
622.4370049694825	0.044994999999971697	epochs	1.0
622.4819999694824	0.7049949999999399	epochs	0.0
622.4819999694824	0.5	epochs	-1.0
622.4819999694824	0.5	epochs	1.0
622.9819999694824	0.05999999999994543	epochs	-1.0
622.9819999694824	0.024999999999977263	epochs	-1.0
622.9819999694824	0.024999999999977263	epochs	1.0
623.0069999694824	0.009999999999990905	epochs	-1.0
623.0069999694824	0.009999999999990905	epochs	1.0
623.0169999694824	0.024999999999977263	epochs	-1.0
623.0169999694824	0.024999999999977263	epochs	1.0
623.0419999694824	0.06000000000005912	epochs	-1.0
623.0419999694824	0.024999999999977263	epochs	-1.0
623.0419999694824	0.024999999999977263	epochs	1.0
623.0669999694824	0.010000000000104592	epochs	-1.0
623.0669999694824	0.010000000000104592	epochs	1.0
623.0769999694825	0.024999999999977263	epochs	-1.0
623.0769999694825	0.024999999999977263	epochs	1.0
623.1019999694824	0.05999999999994543	epochs	-1.0
623.1019999694824	0.024999999999977263	epochs	-1.0
623.1019999694824	0.024999999999977263	epochs	1.0
623.1269999694824	0.009999999999990905	epochs	-1.0
623.1269999694824	0.009999999999990905	epochs	1.0
623.1369999694824	0.024999999999977263	epochs	-1.0
623.1369999694824	0.024999999999977263	epochs	1.0
623.1619999694824	0.024994999999989886	epochs	1.0
675.4219999313354	0.10000000000002274	epochs	0.0
675.4219999313354	0.04499999999995907	epochs	1.0
675.4669999313354	0.010005000000091968	epochs	1.0
675.4770049313355	0.044994999999971697	epochs	1.0
675.5219999313355	61.384995	epochs	0.0
675.5219999313355	0.5	epochs	-1.0
675.5219999313355	0.5	epochs	-1.0
675.5219999313355	0.5	epochs	1.0
676.0219999313355	0.05999999999994543	epochs	-1.0
676.0219999313355	0.024999999999977263	epochs	-1.0
676.0219999313355	0.024999999999977263	epochs	1.0
676.0469999313354	0.009999999999990905	epochs	-1.0
676.0469999313354	0.009999999999990905	epochs	1.0
676.0569999313354	0.024999999999977263	epochs	-1.0
676.0569999313354	0.024999999999977263	epochs	1.0
676.0819999313354	0.06000000000005912	epochs	-1.0
676.0819999313354	0.024999999999977263	epochs	-1.0
676.0819999313354	0.024999999999977263	epochs	1.0
676.1069999313354	0.010000000000104592	epochs	-1.0
676.1069999313354	0.010000000000104592	epochs	1.0
676.1169999313355	0.024999999999977263	epochs	-1.0
676.1169999313355	0.024999999999977263	epochs	1.0
676.1419999313355	0.05999999999994543	epochs	-1.0
676.1419999313355	0.024999999999977263	epochs	-1.0
676.1419999313355	0.024999999999977263	epochs	1.0
676.1669999313355	0.009999999999990905	epochs	-1.0
676.1669999313355	0.009999999999990905	epochs	1.0
676.1769999313354	0.024999999999977263	epochs	-1.0
676.1769999313354	0.024999999999977263	epochs	1.0
676.2019999313354	60.0	epochs	1.0
736.2019999313354	0.5	epochs	-1.0
736.2019999313354	0.5	epochs	-1.0
736.2019999313354	0.5	epochs	1.0
736.7019999313354	0.06000000000005912	epochs	-1.0
736.7019999313354	0.024999999999977263	epochs	-1.0
736.7019999313354	0.024999999999977263	epochs	1.0
736.7269999313354	0.010000000000104592	epochs	-1.0
736.7269999313354	0.010000000000104592	epochs	1.0
736.7369999313355	0.024999999999977263	epochs	-1.0
736.7369999313355	0.024999999999977263	epochs	1.0
736.7619999313355	0.05999999999994543	epochs	-1.0
736.7619999313355	0.024999999999977263	epochs	-1.0
736.7619999313355	0.024999999999977263	epochs	1.0
736.7869999313355	0.009999999999990905	epochs	-1.0
736.7869999313355	0.009999999999990905	epochs	1.0
736.7969999313354	0.024999999999977263	epochs	-1.0
736.7969999313354	0.024999999999977263	epochs	1.0
736.8219999313354	0.06000000000005912	epochs	-1.0
736.8219999313354	0.024999999999977263	epochs	-1.0
736.8219999313354	0.024999999999977263	epochs	1.0
736.8469999313354	0.009999999999990905	epochs	-1.0
736.8469999313354	0.009999999999990905	epochs	1.0
736.8569999313354	0.02500000000009095	epochs	-1.0
736.8569999313354	0.02500000000009095	epochs	1.0
736.8819999313355	0.024994999999989886	epochs	1.0
779.1389999389648	0.10000000000002274	epochs	0.0
779.1389999389648	0.04499999999995907	epochs	1.0
779.1839999389648	0.010005000000091968	epochs	1.0
779.1940049389649	0.044994999999971697	epochs	1.0
779.2389999389649	0.7049949999999399	epochs	0.0
779.2389999389649	0.5	epochs	-1.0
779.2389999389649	0.5	epochs	-1.0
779.2389999389649	0.5	epochs	1.0
779.7389999389649	0.05999999999994543	epochs	-1.0
779.7389999389649	0.024999999999977263	epochs	-1.0
779.7389999389649	0.024999999999977263	epochs	1.0
779.7639999389648	0.009999999999990905	epochs	-1.0
779.7639999389648	0.009999999999990905	epochs	1.0
779.7739999389648	0.024999999999977263	epochs	-1.0
779.7739999389648	0.024999999999977263	epochs	1.0
779.7989999389648	0.06000000000005912	epochs	-1.0
779.7989999389648	0.024999999999977263	epochs	-1.0
779.7989999389648	0.024999999999977263	epochs	1.0
779.8239999389648	0.010000000000104592	epochs	-1.0
779.8239999389648	0.010000000000104592	epochs	1.0
779.8339999389649	0.024999999999977263	epochs	-1.0
779.8339999389649	0.024999999999977263	epochs	1.0
779.8589999389649	0.05999999999994543	epochs	-1.0
779.8589999389649	0.024999999999977263	epochs	-1.0
779.8589999389649	0.024999999999977263	epochs	1.0
779.8839999389648	0.009999999999990905	epochs	-1.0
779.8839999389648	0.009999999999990905	epochs	1.0
779.8939999389648	0.024999999999977263	epochs	-1.0
779.8939999389648	0.024999999999977263	epochs	1.0
779.9189999389648	0.024994999999989886	epochs	1.0
814.941999912262	0.10000000000002274	epochs	0.0
814.941999912262	0.04499999999995907	epochs	1.0
814.9869999122619	0.010020000000054097	epochs	1.0
814.997019912262	0.04498000000000957	epochs	1.0
815.041999912262	5.999979999999937	epochs	0.0
815.041999912262	0.5	epochs	-1.0
815.041999912262	0.5	epochs	-1.0
815.041999912262	0.5	epochs	1.0
815.541999912262	5.0	epochs	1.0
820.541999912262	0.4999799999999368	epochs	-1.0
820.541999912262	0.4999799999999368	epochs	1.0
848.1110000610352	0.10000000000002274	epochs	0.0
848.1110000610352	0.04499999999995907	epochs	1.0
848.1560000610351	0.010020000000054097	epochs	1.0
848.1660200610352	0.04498000000000957	epochs	1.0
848.2110000610352	2.519959999999969	epochs	0.0
848.2110000610352	0.5	epochs	-1.0
848.2110000610352	0.5	epochs	1.0
848.7110000610352	1.0	epochs	1.0
849.7110000610352	1.0199599999999691	epochs	1.0
850.2110000610352	0.5	epochs	-1.0
850.7309600610351	0.9800199999999677	epochs	0.0
851.9609999656677	0.10000000000002274	epochs	0.0
851.9609999656677	0.04499999999995907	epochs	1.0
852.0059999656677	0.010020000000054097	epochs	1.0
852.0160199656677	0.04498000000000957	epochs	1.0
852.0609999656677	2.520219999999995	epochs	0.0
852.0609999656677	0.5	epochs	-1.0
852.0609999656677	0.5	epochs	1.0
852.5609999656677	1.0	epochs	1.0
853.5609999656677	1.0202199999999948	epochs	1.0
854.0609999656677	0.5	epochs	-1.0
854.5812199656677	0.979759999999942	epochs	0.0
855.7589998245239	0.10000000000002274	epochs	0.0
855.7589998245239	0.04499999999995907	epochs	1.0
855.8039998245239	0.010020000000054097	epochs	1.0
855.8140198245239	0.04498000000000957	epochs	1.0
855.858999824524	0.5394800000000259	epochs	0.0
855.858999824524	0.5	epochs	-1.0
855.858999824524	0.5	epochs	1.0
856.358999824524	0.03948000000002594	epochs	1.0
856.398479824524	2.960499999999911	epochs	0.0
857.6259999275208	0.10000000000002274	epochs	0.0
857.6259999275208	0.04499999999995907	epochs	1.0
857.6709999275207	0.010020000000054097	epochs	1.0
857.6810199275208	0.04498000000000957	epochs	1.0
857.7259999275208	0.5393599999999878	epochs	0.0
857.7259999275208	0.5	epochs	-1.0
857.7259999275208	0.5	epochs	1.0
858.2259999275208	0.03935999999998785	epochs	1.0
858.2653599275208	2.960619999999949	epochs	0.0
859.4759998321533	0.10000000000002274	epochs	0.0
859.4759998321533	0.04499999999995907	epochs	1.0
859.5209998321533	0.010020000000054097	epochs	1.0
859.5310198321533	0.04498000000000957	epochs	1.0
859.5759998321533	2.5196999999999434	epochs	0.0
859.5759998321533	0.5	epochs	-1.0
859.5759998321533	0.5	epochs	1.0
860.0759998321533	1.0	epochs	1.0
861.0759998321533	1.0196999999999434	epochs	1.0
861.5759998321533	0.5	epochs	-1.0
862.0956998321533	0.9802799999999934	epochs	0.0
863.3259997367859	0.10000000000002274	epochs	0.0
863.3259997367859	0.04499999999995907	epochs	1.0
863.3709997367858	0.010020000000054097	epochs	1.0
863.3810197367859	0.04498000000000957	epochs	1.0
863.4259997367859	2.5194400000000314	epochs	0.0
863.4259997367859	0.5	epochs	-1.0
863.4259997367859	0.5	epochs	1.0
863.9259997367859	1.0	epochs	1.0
864.9259997367859	1.0194400000000314	epochs	1.0
865.4259997367859	0.5	epochs	-1.0
865.9454397367859	0.9805399999999054	epochs	0.0
867.25	0.10000000000002274	epochs	0.0
867.25	0.04499999999995907	epochs	1.0
867.295	0.010020000000054097	epochs	1.0
867.30502	0.04498000000000957	epochs	1.0
867.35	2.5192200000000184	epochs	0.0
867.35	0.5	epochs	-1.0
867.35	0.5	epochs	1.0
867.85	1.0	epochs	1.0
868.85	1.0192200000000184	epochs	1.0
869.35	0.5	epochs	-1.0
869.86922	0.9807599999999184	epochs	0.0
891.9270000457764	0.15297999999995682	epochs	0.0
891.9270000457764	0.049999999999954525	epochs	1.0
891.9770000457763	0.0030000000000427463	epochs	1.0
891.9800000457764	0.09997999999995955	epochs	1.0
893.4939999580383	0.15297999999995682	epochs	0.0
893.4939999580383	0.049999999999954525	epochs	1.0
893.5439999580383	0.0030000000000427463	epochs	1.0
893.5469999580383	0.09997999999995955	epochs	1.0
894.9609999656677	0.15297999999995682	epochs	0.0
894.9609999656677	0.049999999999954525	epochs	1.0
895.0109999656677	0.0030000000000427463	epochs	1.0
895.0139999656677	0.09997999999995955	epochs	1.0
896.4589996337891	0.15297999999995682	epochs	0.0
896.4589996337891	0.049999999999954525	epochs	1.0
896.508999633789	0.0030000000000427463	epochs	1.0
896.5119996337891	0.09997999999995955	epochs	1.0
897.9919996261597	0.15297999999995682	epochs	0.0
897.9919996261597	0.049999999999954525	epochs	1.0
898.0419996261596	0.0030000000000427463	epochs	1.0
898.0449996261597	0.09997999999995955	epochs	1.0
899.5089998245239	0.15297999999995682	epochs	0.0
899.5089998245239	0.049999999999954525	epochs	1.0
899.5589998245239	0.0030000000000427463	epochs	1.0
899.5619998245239	0.09997999999995955	epochs	1.0
901.0590000152588	0.15297999999995682	epochs	0.0
901.0590000152588	0.049999999999954525	epochs	1.0
901.1090000152587	0.0030000000000427463	epochs	1.0
901.1120000152588	0.09997999999995955	epochs	1.0
902.5749998092651	0.15297999999995682	epochs	0.0
902.5749998092651	0.049999999999954525	epochs	1.0
902.6249998092651	0.0030000000000427463	epochs	1.0
902.6279998092651	0.09997999999995955	epochs	1.0
904.1089997291565	0.15297999999995682	epochs	0.0
904.1089997291565	0.049999999999954525	epochs	1.0
904.1589997291564	0.0030000000000427463	epochs	1.0
904.1619997291565	0.09997999999995955	epochs	1.0
905.6749997138977	0.15297999999995682	epochs	0.0
905.6749997138977	0.049999999999954525	epochs	1.0
905.7249997138977	0.0030000000000427463	epochs	1.0
905.7279997138977	0.09997999999995955	epochs	1.0
907.2239999771118	0.15297999999995682	epochs	0.0
907.2239999771118	0.049999999999954525	epochs	1.0
907.2739999771118	0.0030000000000427463	epochs	1.0
907.2769999771118	0.09997999999995955	epochs	1.0
908.8239998817444	0.15297999999995682	epochs	0.0
908.8239998817444	0.049999999999954525	epochs	1.0
908.8739998817443	0.0030000000000427463	epochs	1.0
908.8769998817444	0.09997999999995955	epochs	1.0
910.4569997787476	0.10000000000002274	epochs	0.0
910.4569997787476	0.04499999999995907	epochs	1.0
910.5019997787475	0.010020000000054097	epochs	1.0
910.5120197787476	0.04498000000000957	epochs	1.0
910.5569997787476	1.5597799999999324	epochs	0.0
910.5569997787476	0.5	epochs	-1.0
910.5569997787476	0.5	epochs	1.0
911.0569997787476	0.0029999999999290594	epochs	1.0
911.0599997787475	1.0567800000000034	epochs	1.0
911.5599997787475	0.5	epochs	-1.0
912.1167797787475	0.04320000000006985	epochs	0.0
913.5899996757507	0.10000000000002274	epochs	0.0
913.5899996757507	0.04499999999995907	epochs	1.0
913.6349996757507	0.010020000000054097	epochs	1.0
913.6450196757507	0.04498000000000957	epochs	1.0
913.6899996757508	1.5599200000000337	epochs	0.0
913.6899996757508	0.5	epochs	-1.0
913.6899996757508	0.5	epochs	1.0
914.1899996757508	0.0029999999999290594	epochs	1.0
914.1929996757507	1.0569200000001047	epochs	1.0
914.6929996757507	0.5	epochs	-1.0
915.2499196757508	0.04305999999996857	epochs	0.0
916.6570000648499	0.10000000000002274	epochs	0.0
916.6570000648499	0.04499999999995907	epochs	1.0
916.7020000648498	0.010020000000054097	epochs	1.0
916.7120200648499	0.04498000000000957	epochs	1.0
916.7570000648499	1.5591600000000199	epochs	0.0
916.7570000648499	0.5	epochs	-1.0
916.7570000648499	0.5	epochs	1.0
917.2570000648499	0.0029999999999290594	epochs	1.0
917.2600000648498	1.0561600000000908	epochs	1.0
917.7600000648498	0.5	epochs	-1.0
918.3161600648499	0.04381999999998243	epochs	0.0
919.7579998970032	0.10000000000002274	epochs	0.0
919.7579998970032	0.04499999999995907	epochs	1.0
919.8029998970031	0.010020000000054097	epochs	1.0
919.8130198970032	0.04498000000000957	epochs	1.0
919.8579998970032	0.5002399999999625	epochs	0.0
919.8579998970032	0.5	epochs	-1.0
919.8579998970032	0.5	epochs	1.0
920.3579998970032	0.00023999999996249244	epochs	1.0
920.3582398970032	1.1027400000000398	epochs	0.0
922.0239996910095	0.10000000000002274	epochs	0.0
922.0239996910095	0.04499999999995907	epochs	1.0
922.0689996910095	0.010020000000054097	epochs	1.0
922.0790196910095	0.04498000000000957	epochs	1.0
922.1239996910095	0.539859999999976	epochs	0.0
922.1239996910095	0.5	epochs	-1.0
922.1239996910095	0.5	epochs	1.0
922.6239996910095	0.0029999999999290594	epochs	1.0
922.6269996910095	0.036860000000046966	epochs	1.0
922.6638596910095	1.0631200000000263	epochs	0.0
924.3409996032715	0.10000000000002274	epochs	0.0
924.3409996032715	0.04499999999995907	epochs	1.0
924.3859996032714	0.010020000000054097	epochs	1.0
924.3960196032715	0.04498000000000957	epochs	1.0
924.4409996032715	1.5596799999999575	epochs	0.0
924.4409996032715	0.5	epochs	-1.0
924.4409996032715	0.5	epochs	1.0
924.9409996032715	0.0029999999999290594	epochs	1.0
924.9439996032714	1.0566800000000285	epochs	1.0
925.4439996032714	0.5	epochs	-1.0
926.0006796032715	0.04330000000004475	epochs	0.0
927.5179996490479	0.10000000000002274	epochs	0.0
927.5179996490479	0.04499999999995907	epochs	1.0
927.5629996490478	0.010020000000054097	epochs	1.0
927.5730196490479	0.04498000000000957	epochs	1.0
927.6179996490479	0.5396200000000135	epochs	0.0
927.6179996490479	0.5	epochs	-1.0
927.6179996490479	0.5	epochs	1.0
928.1179996490479	0.0029999999999290594	epochs	1.0
928.1209996490478	0.036620000000084474	epochs	1.0
928.1576196490479	1.0633599999999888	epochs	0.0
929.9010000228882	0.10000000000002274	epochs	0.0
929.9010000228882	0.04499999999995907	epochs	1.0
929.9460000228881	0.010020000000054097	epochs	1.0
929.9560200228882	0.04498000000000957	epochs	1.0
930.0010000228882	1.5590399999999818	epochs	0.0
930.0010000228882	0.5	epochs	-1.0
930.0010000228882	0.5	epochs	1.0
930.5010000228882	0.0029999999999290594	epochs	1.0
930.5040000228881	1.0560400000000527	epochs	1.0
931.0040000228881	0.5	epochs	-1.0
931.5600400228882	0.04394000000002052	epochs	0.0
933.1009998321533	0.10000000000002274	epochs	0.0
933.1009998321533	0.04499999999995907	epochs	1.0
933.1459998321533	0.010020000000054097	epochs	1.0
933.1560198321533	0.04498000000000957	epochs	1.0
933.2009998321533	1.5592799999999443	epochs	0.0
933.2009998321533	0.5	epochs	-1.0
933.2009998321533	0.5	epochs	1.0
933.7009998321533	0.0029999999999290594	epochs	1.0
933.7039998321533	1.0562800000000152	epochs	1.0
934.2039998321533	0.5	epochs	-1.0
934.7602798321533	0.043700000000058026	epochs	0.0
950.8779997825623	0.15297999999995682	epochs	0.0
950.8779997825623	0.049999999999954525	epochs	1.0
950.9279997825622	0.0030000000000427463	epochs	1.0
950.9309997825623	0.09997999999995955	epochs	1.0
952.6609997749329	0.15297999999995682	epochs	0.0
952.6609997749329	0.049999999999954525	epochs	1.0
952.7109997749328	0.0030000000000427463	epochs	1.0
952.7139997749329	0.09997999999995955	epochs	1.0
954.4439997673035	0.15297999999995682	epochs	0.0
954.4439997673035	0.049999999999954525	epochs	1.0
954.4939997673034	0.0030000000000427463	epochs	1.0
954.4969997673035	0.09997999999995955	epochs	1.0
956.2439999580383	0.15297999999995682	epochs	0.0
956.2439999580383	0.049999999999954525	epochs	1.0
956.2939999580383	0.0030000000000427463	epochs	1.0
956.2969999580383	0.09997999999995955	epochs	1.0
958.0559997558594	0.15297999999995682	epochs	0.0
958.0559997558594	0.049999999999954525	epochs	1.0
958.1059997558593	0.0030000000000427463	epochs	1.0
958.1089997558594	0.09997999999995955	epochs	1.0
959.8719997406006	0.15297999999995682	epochs	0.0
959.8719997406006	0.049999999999954525	epochs	1.0
959.9219997406005	0.0030000000000427463	epochs	1.0
959.9249997406006	0.09997999999995955	epochs	1.0
961.6889996528625	0.15297999999995682	epochs	0.0
961.6889996528625	0.049999999999954525	epochs	1.0
961.7389996528625	0.0030000000000427463	epochs	1.0
961.7419996528625	0.09997999999995955	epochs	1.0
963.655999660492	0.15297999999995682	epochs	0.0
963.655999660492	0.049999999999954525	epochs	1.0
963.7059996604919	0.0030000000000427463	epochs	1.0
963.7089996604919	0.09997999999995955	epochs	1.0
965.4889998435974	0.15297999999995682	epochs	0.0
965.4889998435974	0.049999999999954525	epochs	1.0
965.5389998435974	0.0030000000000427463	epochs	1.0
965.5419998435974	0.09997999999995955	epochs	1.0
967.405999660492	0.15297999999995682	epochs	0.0
967.405999660492	0.049999999999954525	epochs	1.0
967.4559996604919	0.0030000000000427463	epochs	1.0
967.4589996604919	0.09997999999995955	epochs	1.0
969.3680000305176	0.10000000000002274	epochs	0.0
969.3680000305176	0.04499999999995907	epochs	1.0
969.4130000305175	0.010020000000054097	epochs	1.0
969.4230200305176	0.04498000000000957	epochs	1.0
969.4680000305176	1.5596799999999575	epochs	0.0
969.4680000305176	0.5	epochs	-1.0
969.4680000305176	0.5	epochs	1.0
969.9680000305176	0.0029999999999290594	epochs	1.0
969.9710000305175	1.0566800000000285	epochs	1.0
970.4710000305175	0.5	epochs	-1.0
971.0276800305176	0.04330000000004475	epochs	0.0
972.7179999351501	0.10000000000002274	epochs	0.0
972.7179999351501	0.04499999999995907	epochs	1.0
972.7629999351501	0.010020000000054097	epochs	1.0
972.7730199351502	0.04498000000000957	epochs	1.0
972.8179999351502	0.5389999999999873	epochs	0.0
972.8179999351502	0.5	epochs	-1.0
972.8179999351502	0.5	epochs	1.0
973.3179999351502	0.0029999999999290594	epochs	1.0
973.3209999351501	0.03600000000005821	epochs	1.0
973.3569999351502	1.063980000000015	epochs	0.0
975.2349996566772	0.10000000000002274	epochs	0.0
975.2349996566772	0.04499999999995907	epochs	1.0
975.2799996566772	0.010020000000054097	epochs	1.0
975.2900196566773	0.04498000000000957	epochs	1.0
975.3349996566773	1.5586600000000317	epochs	0.0
975.3349996566773	0.5	epochs	-1.0
975.3349996566773	0.5	epochs	1.0
975.8349996566773	0.0029999999999290594	epochs	1.0
975.8379996566772	1.0556600000001026	epochs	1.0
976.3379996566772	0.5	epochs	-1.0
976.8936596566773	0.044319999999970605	epochs	0.0
978.6180000305176	0.10000000000002274	epochs	0.0
978.6180000305176	0.04499999999995907	epochs	1.0
978.6630000305175	0.010020000000054097	epochs	1.0
978.6730200305176	0.04498000000000957	epochs	1.0
978.7180000305176	1.5598999999999705	epochs	0.0
978.7180000305176	0.5	epochs	-1.0
978.7180000305176	0.5	epochs	1.0
979.2180000305176	0.0029999999999290594	epochs	1.0
979.2210000305175	1.0569000000000415	epochs	1.0
979.7210000305175	0.5	epochs	-1.0
980.2779000305176	0.04308000000003176	epochs	0.0
982.0179996490479	0.10000000000002274	epochs	0.0
982.0179996490479	0.04499999999995907	epochs	1.0
982.0629996490478	0.010020000000054097	epochs	1.0
982.0730196490479	0.04498000000000957	epochs	1.0
982.1179996490479	1.55953999999997	epochs	0.0
982.1179996490479	0.5	epochs	-1.0
982.1179996490479	0.5	epochs	1.0
982.6179996490479	0.0029999999999290594	epochs	1.0
982.6209996490478	1.056540000000041	epochs	1.0
983.1209996490478	0.5	epochs	-1.0
983.6775396490478	0.04344000000003234	epochs	0.0
985.5019998550415	0.6499800000000278	epochs	0.0
985.5019998550415	0.049999999999954525	epochs	1.0
985.5519998550415	0.5	epochs	1.0
986.0519998550415	0.09998000000007323	epochs	1.0
988.0019998550415	0.6499800000000278	epochs	0.0
988.0019998550415	0.049999999999954525	epochs	1.0
988.0519998550415	0.5	epochs	1.0
988.5519998550415	0.09998000000007323	epochs	1.0
990.4709997177124	0.6499800000000278	epochs	0.0
990.4709997177124	0.049999999999954525	epochs	1.0
990.5209997177124	0.5	epochs	1.0
991.0209997177124	0.09998000000007323	epochs	1.0
993.0379996299744	0.10000000000002274	epochs	0.0
993.0379996299744	0.04499999999995907	epochs	1.0
993.0829996299743	0.010020000000054097	epochs	1.0
993.0930196299744	0.04498000000000957	epochs	1.0
993.1379996299744	2.519080000000031	epochs	0.0
993.1379996299744	0.5	epochs	-1.0
993.1379996299744	0.5	epochs	1.0
993.6379996299744	1.0	epochs	1.0
994.6379996299744	1.0190800000000309	epochs	1.0
995.1379996299744	0.5	epochs	-1.0
995.6570796299744	2.980899999999906	epochs	0.0
998.2039999961853	0.10000000000002274	epochs	0.0
998.2039999961853	0.04499999999995907	epochs	1.0
998.2489999961853	0.010020000000054097	epochs	1.0
998.2590199961853	0.04498000000000957	epochs	1.0
998.3039999961853	0.5399800000000141	epochs	0.0
998.3039999961853	0.5	epochs	-1.0
998.3039999961853	0.5	epochs	1.0
998.8039999961853	0.039980000000014115	epochs	1.0
998.8439799961853	4.959999999999923	epochs	0.0
1003.3249998092651	0.10000000000002274	epochs	0.0
1003.3249998092651	0.04499999999995907	epochs	1.0
1003.3699998092651	0.010020000000054097	epochs	1.0
1003.3800198092651	0.04498000000000957	epochs	1.0
1003.4249998092652	2.5189599999999928	epochs	0.0
1003.4249998092652	0.5	epochs	-1.0
1003.4249998092652	0.5	epochs	1.0
1003.9249998092652	1.0	epochs	1.0
1004.9249998092652	1.0189599999999928	epochs	1.0
1005.4249998092652	0.5	epochs	-1.0
1005.9439598092652	2.981019999999944	epochs	0.0
1008.4919996261597	0.10000000000002274	epochs	0.0
1008.4919996261597	0.04499999999995907	epochs	1.0
1008.5369996261596	0.010020000000054097	epochs	1.0
1008.5470196261597	0.04498000000000957	epochs	1.0
1008.5919996261597	0.539639999999963	epochs	0.0
1008.5919996261597	0.5	epochs	-1.0
1008.5919996261597	0.5	epochs	1.0
1009.0919996261597	0.03963999999996304	epochs	1.0
1009.1316396261597	4.960339999999974	epochs	0.0
1013.5879998207092	0.10000000000002274	epochs	0.0
1013.5879998207092	0.04499999999995907	epochs	1.0
1013.6329998207092	0.010020000000054097	epochs	1.0
1013.6430198207092	0.04498000000000957	epochs	1.0
1013.6879998207093	2.520059999999944	epochs	0.0
1013.6879998207093	0.5	epochs	-1.0
1013.6879998207093	0.5	epochs	1.0
1014.1879998207093	1.0	epochs	1.0
1015.1879998207093	1.020059999999944	epochs	1.0
1015.6879998207093	0.5	epochs	-1.0
1016.2080598207092	2.979919999999993	epochs	0.0
1018.7249999046326	0.10000000000002274	epochs	0.0
1018.7249999046326	0.04499999999995907	epochs	1.0
1018.7699999046325	0.010020000000054097	epochs	1.0
1018.7800199046326	0.04498000000000957	epochs	1.0
1018.8249999046326	2.5203199999999697	epochs	0.0
1018.8249999046326	0.5	epochs	-1.0
1018.8249999046326	0.5	epochs	1.0
1019.3249999046326	1.0	epochs	1.0
1020.3249999046326	1.0203199999999697	epochs	1.0
1020.8249999046326	0.5	epochs	-1.0
1021.3453199046326	2.979659999999967	epochs	0.0
1023.8919997215271	0.10000000000002274	epochs	0.0
1023.8919997215271	0.04499999999995907	epochs	1.0
1023.9369997215271	0.010020000000054097	epochs	1.0
1023.9470197215271	0.04498000000000957	epochs	1.0
1023.9919997215271	2.5202000000000453	epochs	0.0
1023.9919997215271	0.4999999999998863	epochs	-1.0
1023.9919997215271	0.4999999999998863	epochs	1.0
1024.491999721527	1.0	epochs	1.0
1025.491999721527	1.020200000000159	epochs	1.0
1025.991999721527	0.5	epochs	-1.0
1026.5121997215272	2.9797799999998915	epochs	0.0
1029.079999923706	0.09999999999990905	epochs	0.0
1029.079999923706	0.04500000000007276	epochs	1.0
1029.1249999237061	0.01001999999994041	epochs	1.0
1029.135019923706	0.04497999999989588	epochs	1.0
1029.179999923706	2.519800000000032	epochs	0.0
1029.179999923706	0.5	epochs	-1.0
1029.179999923706	0.5	epochs	1.0
1029.679999923706	1.0	epochs	1.0
1030.679999923706	1.019800000000032	epochs	1.0
1031.179999923706	0.5	epochs	-1.0
1031.699799923706	2.9801800000000185	epochs	0.0
1034.1970000267029	0.09999999999990905	epochs	0.0
1034.1970000267029	0.04500000000007276	epochs	1.0
1034.242000026703	0.01001999999994041	epochs	1.0
1034.252020026703	0.04497999999989588	epochs	1.0
1034.2970000267028	2.5202200000001085	epochs	0.0
1034.2970000267028	0.5	epochs	-1.0
1034.2970000267028	0.5	epochs	1.0
1034.7970000267028	1.0	epochs	1.0
1035.7970000267028	1.0202200000001085	epochs	1.0
1036.2970000267028	0.5	epochs	-1.0
1036.817220026703	2.979759999999942	epochs	0.0
1039.2760000228882	0.09999999999990905	epochs	0.0
1039.2760000228882	0.04500000000007276	epochs	1.0
1039.3210000228883	0.01001999999994041	epochs	1.0
1039.3310200228882	0.04497999999989588	epochs	1.0
1039.376000022888	2.519700000000057	epochs	0.0
1039.376000022888	0.5	epochs	-1.0
1039.376000022888	0.5	epochs	1.0
1039.876000022888	1.0	epochs	1.0
1040.876000022888	1.0197000000000571	epochs	1.0
1041.376000022888	0.5	epochs	-1.0
1041.8957000228881	2.9802799999999934	epochs	0.0
1044.508999824524	0.09999999999990905	epochs	0.0
1044.508999824524	0.04500000000007276	epochs	1.0
1044.553999824524	0.01001999999994041	epochs	1.0
1044.564019824524	0.04497999999989588	epochs	1.0
1044.6089998245238	2.5198400000001584	epochs	0.0
1044.6089998245238	0.5	epochs	-1.0
1044.6089998245238	0.5	epochs	1.0
1045.1089998245238	1.0	epochs	1.0
1046.1089998245238	1.0198400000001584	epochs	1.0
1046.6089998245238	0.5	epochs	-1.0
1047.128839824524	3.980139999999892	epochs	0.0
1049.566999912262	0.09999999999990905	epochs	0.0
1049.566999912262	0.04500000000007276	epochs	1.0
1049.611999912262	0.01001999999994041	epochs	1.0
1049.622019912262	0.04497999999989588	epochs	1.0
1049.6669999122619	3.019660000000158	epochs	0.0
1049.6669999122619	0.5	epochs	-1.0
1049.6669999122619	0.5	epochs	1.0
1050.1669999122619	1.0	epochs	1.0
1051.1669999122619	1.519660000000158	epochs	1.0
1051.6669999122619	0.5	epochs	-1.0
1052.1669999122619	0.5	epochs	-1.0
1052.686659912262	3.4803199999998924	epochs	0.0
1055.266999721527	0.09999999999990905	epochs	0.0
1055.266999721527	0.04500000000007276	epochs	1.0
1055.3119997215272	0.01001999999994041	epochs	1.0
1055.322019721527	0.04497999999989588	epochs	1.0
1055.366999721527	3.519760000000133	epochs	0.0
1055.366999721527	0.5	epochs	-1.0
1055.366999721527	0.5	epochs	1.0
1055.866999721527	1.0	epochs	1.0
1056.866999721527	2.019760000000133	epochs	1.0
1057.366999721527	0.5	epochs	-1.0
1057.866999721527	0.5	epochs	-1.0
1058.366999721527	0.5	epochs	-1.0
1058.8867597215271	2.9802199999999175	epochs	0.0
1061.526999950409	0.09999999999990905	epochs	0.0
1061.526999950409	0.04500000000007276	epochs	1.0
1061.571999950409	0.01001999999994041	epochs	1.0
1061.582019950409	0.04497999999989588	epochs	1.0
1061.6269999504088	4.019580000000133	epochs	0.0
1061.6269999504088	0.5	epochs	-1.0
1061.6269999504088	0.5	epochs	1.0
1062.1269999504088	1.0	epochs	1.0
1063.1269999504088	2.5195800000001327	epochs	1.0
1063.6269999504088	0.5	epochs	-1.0
1064.1269999504088	0.5	epochs	-1.0
1064.6269999504088	0.5	epochs	-1.0
1065.1269999504088	0.5	epochs	-1.0
1065.646579950409	2.480399999999918	epochs	0.0
1068.976999759674	0.09999999999990905	epochs	0.0
1068.976999759674	0.04500000000007276	epochs	1.0
1069.0219997596741	0.01001999999994041	epochs	1.0
1069.032019759674	0.04497999999989588	epochs	1.0
1069.076999759674	6.039520000000039	epochs	0.0
1069.076999759674	0.5	epochs	-1.0
1069.076999759674	0.5	epochs	1.0
1069.576999759674	1.0	epochs	1.0
1070.576999759674	4.539520000000039	epochs	1.0
1071.076999759674	0.5	epochs	-1.0
1071.576999759674	0.5	epochs	-1.0
1072.076999759674	0.5	epochs	-1.0
1072.576999759674	0.5	epochs	-1.0
1073.076999759674	0.5	epochs	-1.0
1073.576999759674	0.5	epochs	-1.0
1074.076999759674	0.5	epochs	-1.0
1074.576999759674	0.5	epochs	-1.0
1075.116519759674	4.460460000000012	epochs	0.0
1084.1219997406006	0.09999999999990905	epochs	0.0
1084.1219997406006	0.04500000000007276	epochs	1.0
1084.1669997406007	0.01001999999994041	epochs	1.0
1084.1770197406006	0.04497999999989588	epochs	1.0
1084.2219997406005	6.559360000000197	epochs	0.0
1084.2219997406005	0.5	epochs	-1.0
1084.2219997406005	0.5	epochs	1.0
1084.7219997406005	1.0	epochs	1.0
1085.7219997406005	5.059360000000197	epochs	1.0
1086.2219997406005	0.5	epochs	-1.0
1086.7219997406005	0.5	epochs	-1.0
1087.2219997406005	0.5	epochs	-1.0
1087.7219997406005	0.5	epochs	-1.0
1088.2219997406005	0.5	epochs	-1.0
1088.7219997406005	0.5	epochs	-1.0
1089.2219997406005	0.5	epochs	-1.0
1089.7219997406005	0.5	epochs	-1.0
1090.2219997406005	0.5	epochs	-1.0
1090.7813597406007	3.9406199999998535	epochs	0.0
1099.3319997787476	0.09999999999990905	epochs	0.0
1099.3319997787476	0.04500000000007276	epochs	1.0
1099.3769997787476	0.01001999999994041	epochs	1.0
1099.3870197787476	0.04497999999989588	epochs	1.0
1099.4319997787475	4.019700000000057	epochs	0.0
1099.4319997787475	0.5	epochs	-1.0
1099.4319997787475	0.5	epochs	1.0
1099.9319997787475	1.0	epochs	1.0
1100.9319997787475	2.519700000000057	epochs	1.0
1101.4319997787475	0.5	epochs	-1.0
1101.9319997787475	0.5	epochs	-1.0
1102.4319997787475	0.5	epochs	-1.0
1102.9319997787475	0.5	epochs	-1.0
1103.4516997787475	6.480279999999993	epochs	0.0
1114.5429997444153	0.09999999999990905	epochs	0.0
1114.5429997444153	0.04500000000007276	epochs	1.0
1114.5879997444154	0.01001999999994041	epochs	1.0
1114.5980197444153	0.04497999999989588	epochs	1.0
1114.6429997444152	8.519720000000007	epochs	0.0
1114.6429997444152	0.5	epochs	-1.0
1114.6429997444152	0.5	epochs	1.0
1115.1429997444152	1.0	epochs	1.0
1116.1429997444152	7.019720000000007	epochs	1.0
1116.6429997444152	0.5	epochs	-1.0
1117.1429997444152	0.5	epochs	-1.0
1117.6429997444152	0.5	epochs	-1.0
1118.1429997444152	0.5	epochs	-1.0
1118.6429997444152	0.5	epochs	-1.0
1119.1429997444152	0.5	epochs	-1.0
1119.6429997444152	0.5	epochs	-1.0
1120.1429997444152	0.5	epochs	-1.0
1120.6429997444152	0.5	epochs	-1.0
1121.1429997444152	0.5	epochs	-1.0
1121.6429997444152	0.5	epochs	-1.0
1122.1429997444152	0.5	epochs	-1.0
1122.6429997444152	0.5	epochs	-1.0
1123.1627197444152	1.9802600000000439	epochs	0.0
1129.6609997749329	0.09999999999990905	epochs	0.0
1129.6609997749329	0.04500000000007276	epochs	1.0
1129.705999774933	0.01001999999994041	epochs	1.0
1129.7160197749329	0.04497999999989588	epochs	1.0
1129.7609997749328	10.49998000000005	epochs	0.0
1129.7609997749328	0.5	epochs	-1.0
1129.7609997749328	0.5	epochs	1.0
1130.2609997749328	1.0	epochs	1.0
1131.2609997749328	8.99998000000005	epochs	1.0
1131.7609997749328	0.5	epochs	-1.0
1132.2609997749328	0.5	epochs	-1.0
1132.7609997749328	0.5	epochs	-1.0
1133.2609997749328	0.5	epochs	-1.0
1133.7609997749328	0.5	epochs	-1.0
1134.2609997749328	0.5	epochs	-1.0
1134.7609997749328	0.5	epochs	-1.0
1135.2609997749328	0.5	epochs	-1.0
1135.7609997749328	0.5	epochs	-1.0
1136.2609997749328	0.5	epochs	-1.0
1136.7609997749328	0.5	epochs	-1.0
1137.2609997749328	0.5	epochs	-1.0
1137.7609997749328	0.5	epochs	-1.0
1138.2609997749328	0.5	epochs	-1.0
1138.7609997749328	0.5	epochs	-1.0
1139.2609997749328	0.5	epochs	-1.0
1144.8819999694824	0.09999999999990905	epochs	0.0
1144.8819999694824	0.04500000000007276	epochs	1.0
1144.9269999694825	0.01001999999994041	epochs	1.0
1144.9370199694824	0.04497999999989588	epochs	1.0
1144.9819999694823	10.49998000000005	epochs	0.0
1144.9819999694823	0.5	epochs	-1.0
1144.9819999694823	0.5	epochs	1.0
1145.4819999694823	1.0	epochs	1.0
1146.4819999694823	8.99998000000005	epochs	1.0
1146.9819999694823	0.5	epochs	-1.0
1147.4819999694823	0.5	epochs	-1.0
1147.9819999694823	0.5	epochs	-1.0
1148.4819999694823	0.5	epochs	-1.0
1148.9819999694823	0.5	epochs	-1.0
1149.4819999694823	0.5	epochs	-1.0
1149.9819999694823	0.5	epochs	-1.0
1150.4819999694823	0.5	epochs	-1.0
1150.9819999694823	0.5	epochs	-1.0
1151.4819999694823	0.5	epochs	-1.0
1151.9819999694823	0.5	epochs	-1.0
1152.4819999694823	0.5	epochs	-1.0
1152.9819999694823	0.5	epochs	-1.0
1153.4819999694823	0.5	epochs	-1.0
1153.9819999694823	0.5	epochs	-1.0
1154.4819999694823	0.5	epochs	-1.0
1159.9719996452332	0.09999999999990905	epochs	0.0
1159.9719996452332	0.04500000000007276	epochs	1.0
1160.0169996452332	0.01001999999994041	epochs	1.0
1160.0270196452332	0.04497999999989588	epochs	1.0
1160.071999645233	8.519340000000057	epochs	0.0
1160.071999645233	0.5	epochs	-1.0
1160.071999645233	0.5	epochs	1.0
1160.571999645233	1.0	epochs	1.0
1161.571999645233	7.0193400000000565	epochs	1.0
1162.071999645233	0.5	epochs	-1.0
1162.571999645233	0.5	epochs	-1.0
1163.071999645233	0.5	epochs	-1.0
1163.571999645233	0.5	epochs	-1.0
1164.071999645233	0.5	epochs	-1.0
1164.571999645233	0.5	epochs	-1.0
1165.071999645233	0.5	epochs	-1.0
1165.571999645233	0.5	epochs	-1.0
1166.071999645233	0.5	epochs	-1.0
1166.571999645233	0.5	epochs	-1.0
1167.071999645233	0.5	epochs	-1.0
1167.571999645233	0.5	epochs	-1.0
1168.071999645233	0.5	epochs	-1.0
1168.5913396452331	1.980639999999994	epochs	0.0
1175.1479997634888	0.09999999999990905	epochs	0.0
1175.1479997634888	0.04500000000007276	epochs	1.0
1175.1929997634888	0.01001999999994041	epochs	1.0
1175.2030197634888	0.04497999999989588	epochs	1.0
1175.2479997634887	10.49998000000005	epochs	0.0
1175.2479997634887	0.5	epochs	-1.0
1175.2479997634887	0.5	epochs	1.0
1175.7479997634887	1.0	epochs	1.0
1176.7479997634887	8.99998000000005	epochs	1.0
1177.2479997634887	0.5	epochs	-1.0
1177.7479997634887	0.5	epochs	-1.0
1178.2479997634887	0.5	epochs	-1.0
1178.7479997634887	0.5	epochs	-1.0
1179.2479997634887	0.5	epochs	-1.0
1179.7479997634887	0.5	epochs	-1.0
1180.2479997634887	0.5	epochs	-1.0
1180.7479997634887	0.5	epochs	-1.0
1181.2479997634887	0.5	epochs	-1.0
1181.7479997634887	0.5	epochs	-1.0
1182.2479997634887	0.5	epochs	-1.0
1182.7479997634887	0.5	epochs	-1.0
1183.2479997634887	0.5	epochs	-1.0
1183.7479997634887	0.5	epochs	-1.0
1184.2479997634887	0.5	epochs	-1.0
1184.7479997634887	0.5	epochs	-1.0
1190.2649998664856	0.09999999999990905	epochs	0.0
1190.2649998664856	0.04500000000007276	epochs	1.0
1190.3099998664857	0.01001999999994041	epochs	1.0
1190.3200198664856	0.04497999999989588	epochs	1.0
1190.3649998664855	10.49998000000005	epochs	0.0
1190.3649998664855	0.5	epochs	-1.0
1190.3649998664855	0.5	epochs	1.0
1190.8649998664855	1.0	epochs	1.0
1191.8649998664855	8.99998000000005	epochs	1.0
1192.3649998664855	0.5	epochs	-1.0
1192.8649998664855	0.5	epochs	-1.0
1193.3649998664855	0.5	epochs	-1.0
1193.8649998664855	0.5	epochs	-1.0
1194.3649998664855	0.5	epochs	-1.0
1194.8649998664855	0.5	epochs	-1.0
1195.3649998664855	0.5	epochs	-1.0
1195.8649998664855	0.5	epochs	-1.0
1196.3649998664855	0.5	epochs	-1.0
1196.8649998664855	0.5	epochs	-1.0
1197.3649998664855	0.5	epochs	-1.0
1197.8649998664855	0.5	epochs	-1.0
1198.3649998664855	0.5	epochs	-1.0
1198.8649998664855	0.5	epochs	-1.0
1199.3649998664855	0.5	epochs	-1.0
1199.8649998664855	0.5	epochs	-1.0
1205.3889999389648	0.09999999999990905	epochs	0.0
1205.3889999389648	0.04500000000007276	epochs	1.0
1205.433999938965	0.01001999999994041	epochs	1.0
1205.4440199389649	0.04497999999989588	epochs	1.0
1205.4889999389648	10.49998000000005	epochs	0.0
1205.4889999389648	0.5	epochs	-1.0
1205.4889999389648	0.5	epochs	1.0
1205.9889999389648	1.0	epochs	1.0
1206.9889999389648	8.99998000000005	epochs	1.0
1207.4889999389648	0.5	epochs	-1.0
1207.9889999389648	0.5	epochs	-1.0
1208.4889999389648	0.5	epochs	-1.0
1208.9889999389648	0.5	epochs	-1.0
1209.4889999389648	0.5	epochs	-1.0
1209.9889999389648	0.5	epochs	-1.0
1210.4889999389648	0.5	epochs	-1.0
1210.9889999389648	0.5	epochs	-1.0
1211.4889999389648	0.5	epochs	-1.0
1211.9889999389648	0.5	epochs	-1.0
1212.4889999389648	0.5	epochs	-1.0
1212.9889999389648	0.5	epochs	-1.0
1213.4889999389648	0.5	epochs	-1.0
1213.9889999389648	0.5	epochs	-1.0
1214.4889999389648	0.5	epochs	-1.0
1214.9889999389648	0.5	epochs	-1.0
1220.5209999084473	0.09999999999990905	epochs	0.0
1220.5209999084473	0.04500000000007276	epochs	1.0
1220.5659999084473	0.01001999999994041	epochs	1.0
1220.5760199084473	0.04497999999989588	epochs	1.0
1220.6209999084472	10.49998000000005	epochs	0.0
1220.6209999084472	0.5	epochs	-1.0
1220.6209999084472	0.5	epochs	1.0
1221.1209999084472	1.0	epochs	1.0
1222.1209999084472	8.99998000000005	epochs	1.0
1222.6209999084472	0.5	epochs	-1.0
1223.1209999084472	0.5	epochs	-1.0
1223.6209999084472	0.5	epochs	-1.0
1224.1209999084472	0.5	epochs	-1.0
1224.6209999084472	0.5	epochs	-1.0
1225.1209999084472	0.5	epochs	-1.0
1225.6209999084472	0.5	epochs	-1.0
1226.1209999084472	0.5	epochs	-1.0
1226.6209999084472	0.5	epochs	-1.0
1227.1209999084472	0.5	epochs	-1.0
1227.6209999084472	0.5	epochs	-1.0
1228.1209999084472	0.5	epochs	-1.0
1228.6209999084472	0.5	epochs	-1.0
1229.1209999084472	0.5	epochs	-1.0
1229.6209999084472	0.5	epochs	-1.0
1230.1209999084472	0.5	epochs	-1.0
1235.7739996910095	0.09999999999990905	epochs	0.0
1235.7739996910095	0.04500000000007276	epochs	1.0
1235.8189996910096	0.01001999999994041	epochs	1.0
1235.8290196910095	0.04497999999989588	epochs	1.0
1235.8739996910094	10.49998000000005	epochs	0.0
1235.8739996910094	0.5	epochs	-1.0
1235.8739996910094	0.5	epochs	1.0
1236.3739996910094	1.0	epochs	1.0
1237.3739996910094	8.99998000000005	epochs	1.0
1237.8739996910094	0.5	epochs	-1.0
1238.3739996910094	0.5	epochs	-1.0
1238.8739996910094	0.5	epochs	-1.0
1239.3739996910094	0.5	epochs	-1.0
1239.8739996910094	0.5	epochs	-1.0
1240.3739996910094	0.5	epochs	-1.0
1240.8739996910094	0.5	epochs	-1.0
1241.3739996910094	0.5	epochs	-1.0
1241.8739996910094	0.5	epochs	-1.0
1242.3739996910094	0.5	epochs	-1.0
1242.8739996910094	0.5	epochs	-1.0
1243.3739996910094	0.5	epochs	-1.0
1243.8739996910094	0.5	epochs	-1.0
1244.3739996910094	0.5	epochs	-1.0
1244.8739996910094	0.5	epochs	-1.0
1245.3739996910094	0.5	epochs	-1.0
1251.0209999084473	0.09999999999990905	epochs	0.0
1251.0209999084473	0.04500000000007276	epochs	1.0
1251.0659999084473	0.01001999999994041	epochs	1.0
1251.0760199084473	0.04497999999989588	epochs	1.0
1251.1209999084472	10.49998000000005	epochs	0.0
1251.1209999084472	0.5	epochs	-1.0
1251.1209999084472	0.5	epochs	1.0
1251.6209999084472	1.0	epochs	1.0
1252.6209999084472	8.99998000000005	epochs	1.0
1253.1209999084472	0.5	epochs	-1.0
1253.6209999084472	0.5	epochs	-1.0
1254.1209999084472	0.5	epochs	-1.0
1254.6209999084472	0.5	epochs	-1.0
1255.1209999084472	0.5	epochs	-1.0
1255.6209999084472	0.5	epochs	-1.0
1256.1209999084472	0.5	epochs	-1.0
1256.6209999084472	0.5	epochs	-1.0
1257.1209999084472	0.5	epochs	-1.0
1257.6209999084472	0.5	epochs	-1.0
1258.1209999084472	0.5	epochs	-1.0
1258.6209999084472	0.5	epochs	-1.0
1259.1209999084472	0.5	epochs	-1.0
1259.6209999084472	0.5	epochs	-1.0
1260.1209999084472	0.5	epochs	-1.0
1260.6209999084472	0.5	epochs	-1.0
1266.2129998207092	0.09999999999990905	epochs	0.0
1266.2129998207092	0.04500000000007276	epochs	1.0
1266.2579998207093	0.01001999999994041	epochs	1.0
1266.2680198207092	0.04497999999989588	epochs	1.0
1266.3129998207091	10.49998000000005	epochs	0.0
1266.3129998207091	0.5	epochs	-1.0
1266.3129998207091	0.5	epochs	1.0
1266.8129998207091	1.0	epochs	1.0
1267.8129998207091	8.99998000000005	epochs	1.0
1268.3129998207091	0.5	epochs	-1.0
1268.8129998207091	0.5	epochs	-1.0
1269.3129998207091	0.5	epochs	-1.0
1269.8129998207091	0.5	epochs	-1.0
1270.3129998207091	0.5	epochs	-1.0
1270.8129998207091	0.5	epochs	-1.0
1271.3129998207091	0.5	epochs	-1.0
1271.8129998207091	0.5	epochs	-1.0
1272.3129998207091	0.5	epochs	-1.0
1272.8129998207091	0.5	epochs	-1.0
1273.3129998207091	0.5	epochs	-1.0
1273.8129998207091	0.5	epochs	-1.0
1274.3129998207091	0.5	epochs	-1.0
1274.8129998207091	0.5	epochs	-1.0
1275.3129998207091	0.5	epochs	-1.0
1275.8129998207091	0.5	epochs	-1.0
1281.3550000190735	0.09999999999990905	epochs	0.0
1281.3550000190735	0.04500000000007276	epochs	1.0
1281.4000000190736	0.01001999999994041	epochs	1.0
1281.4100200190735	0.04497999999989588	epochs	1.0
1281.4550000190734	10.49998000000005	epochs	0.0
1281.4550000190734	0.5	epochs	-1.0
1281.4550000190734	0.5	epochs	1.0
1281.9550000190734	1.0	epochs	1.0
1282.9550000190734	8.99998000000005	epochs	1.0
1283.4550000190734	0.5	epochs	-1.0
1283.9550000190734	0.5	epochs	-1.0
1284.4550000190734	0.5	epochs	-1.0
1284.9550000190734	0.5	epochs	-1.0
1285.4550000190734	0.5	epochs	-1.0
1285.9550000190734	0.5	epochs	-1.0
1286.4550000190734	0.5	epochs	-1.0
1286.9550000190734	0.5	epochs	-1.0
1287.4550000190734	0.5	epochs	-1.0
1287.9550000190734	0.5	epochs	-1.0
1288.4550000190734	0.5	epochs	-1.0
1288.9550000190734	0.5	epochs	-1.0
1289.4550000190734	0.5	epochs	-1.0
1289.9550000190734	0.5	epochs	-1.0
1290.4550000190734	0.5	epochs	-1.0
1290.9550000190734	0.5	epochs	-1.0
1296.5339999198914	0.09999999999990905	epochs	0.0
1296.5339999198914	0.04500000000007276	epochs	1.0
1296.5789999198914	0.01001999999994041	epochs	1.0
1296.5890199198914	0.04497999999989588	epochs	1.0
1296.6339999198913	10.49998000000005	epochs	0.0
1296.6339999198913	0.5	epochs	-1.0
1296.6339999198913	0.5	epochs	1.0
1297.1339999198913	1.0	epochs	1.0
1298.1339999198913	8.99998000000005	epochs	1.0
1298.6339999198913	0.5	epochs	-1.0
1299.1339999198913	0.5	epochs	-1.0
1299.6339999198913	0.5	epochs	-1.0
1300.1339999198913	0.5	epochs	-1.0
1300.6339999198913	0.5	epochs	-1.0
1301.1339999198913	0.5	epochs	-1.0
1301.6339999198913	0.5	epochs	-1.0
1302.1339999198913	0.5	epochs	-1.0
1302.6339999198913	0.5	epochs	-1.0
1303.1339999198913	0.5	epochs	-1.0
1303.6339999198913	0.5	epochs	-1.0
1304.1339999198913	0.5	epochs	-1.0
1304.6339999198913	0.5	epochs	-1.0
1305.1339999198913	0.5	epochs	-1.0
1305.6339999198913	0.5	epochs	-1.0
1306.1339999198913	0.5	epochs	-1.0
1311.668999671936	0.09999999999990905	epochs	0.0
1311.668999671936	0.04500000000007276	epochs	1.0
1311.713999671936	0.01001999999994041	epochs	1.0
1311.724019671936	0.04497999999989588	epochs	1.0
1311.768999671936	10.49998000000005	epochs	0.0
1311.768999671936	0.5	epochs	-1.0
1311.768999671936	0.5	epochs	1.0
1312.268999671936	1.0	epochs	1.0
1313.268999671936	8.99998000000005	epochs	1.0
1313.768999671936	0.5	epochs	-1.0
1314.268999671936	0.5	epochs	-1.0
1314.768999671936	0.5	epochs	-1.0
1315.268999671936	0.5	epochs	-1.0
1315.768999671936	0.5	epochs	-1.0
1316.268999671936	0.5	epochs	-1.0
1316.768999671936	0.5	epochs	-1.0
1317.268999671936	0.5	epochs	-1.0
1317.768999671936	0.5	epochs	-1.0
1318.268999671936	0.5	epochs	-1.0
1318.768999671936	0.5	epochs	-1.0
1319.268999671936	0.5	epochs	-1.0
1319.768999671936	0.5	epochs	-1.0
1320.268999671936	0.5	epochs	-1.0
1320.768999671936	0.5	epochs	-1.0
1321.268999671936	0.5	epochs	-1.0
1326.875	0.09999999999990905	epochs	0.0
1326.875	0.04500000000007276	epochs	1.0
1326.92	0.01001999999994041	epochs	1.0
1326.93002	0.04497999999989588	epochs	1.0
1326.975	9.539340000000038	epochs	0.0
1326.975	0.5	epochs	-1.0
1326.975	0.5	epochs	1.0
1327.475	1.0	epochs	1.0
1328.475	8.039340000000038	epochs	1.0
1328.975	0.5	epochs	-1.0
1329.475	0.5	epochs	-1.0
1329.975	0.5	epochs	-1.0
1330.475	0.5	epochs	-1.0
1330.975	0.5	epochs	-1.0
1331.475	0.5	epochs	-1.0
1331.975	0.5	epochs	-1.0
1332.475	0.5	epochs	-1.0
1332.975	0.5	epochs	-1.0
1333.475	0.5	epochs	-1.0
1333.975	0.5	epochs	-1.0
1334.475	0.5	epochs	-1.0
1334.975	0.5	epochs	-1.0
1335.475	0.5	epochs	-1.0
1335.975	0.5	epochs	-1.0
1336.51434	0.9606400000000122	epochs	0.0
1342.0920000076294	0.09999999999990905	epochs	0.0
1342.0920000076294	0.04500000000007276	epochs	1.0
1342.1370000076295	0.01001999999994041	epochs	1.0
1342.1470200076294	0.04497999999989588	epochs	1.0
1342.1920000076293	10.49998000000005	epochs	0.0
1342.1920000076293	0.5	epochs	-1.0
1342.1920000076293	0.5	epochs	1.0
1342.6920000076293	1.0	epochs	1.0
1343.6920000076293	8.99998000000005	epochs	1.0
1344.1920000076293	0.5	epochs	-1.0
1344.6920000076293	0.5	epochs	-1.0
1345.1920000076293	0.5	epochs	-1.0
1345.6920000076293	0.5	epochs	-1.0
1346.1920000076293	0.5	epochs	-1.0
1346.6920000076293	0.5	epochs	-1.0
1347.1920000076293	0.5	epochs	-1.0
1347.6920000076293	0.5	epochs	-1.0
1348.1920000076293	0.5	epochs	-1.0
1348.6920000076293	0.5	epochs	-1.0
1349.1920000076293	0.5	epochs	-1.0
1349.6920000076293	0.5	epochs	-1.0
1350.1920000076293	0.5	epochs	-1.0
1350.6920000076293	0.5	epochs	-1.0
1351.1920000076293	0.5	epochs	-1.0
1351.6920000076293	0.5	epochs	-1.0
1357.2929997444153	0.09999999999990905	epochs	0.0
1357.2929997444153	0.04500000000007276	epochs	1.0
1357.3379997444154	0.01001999999994041	epochs	1.0
1357.3480197444153	0.04497999999989588	epochs	1.0
1357.3929997444152	10.49998000000005	epochs	0.0
1357.3929997444152	0.5	epochs	-1.0
1357.3929997444152	0.5	epochs	1.0
1357.8929997444152	1.0	epochs	1.0
1358.8929997444152	8.99998000000005	epochs	1.0
1359.3929997444152	0.5	epochs	-1.0
1359.8929997444152	0.5	epochs	-1.0
1360.3929997444152	0.5	epochs	-1.0
1360.8929997444152	0.5	epochs	-1.0
1361.3929997444152	0.5	epochs	-1.0
1361.8929997444152	0.5	epochs	-1.0
1362.3929997444152	0.5	epochs	-1.0
1362.8929997444152	0.5	epochs	-1.0
1363.3929997444152	0.5	epochs	-1.0
1363.8929997444152	0.5	epochs	-1.0
1364.3929997444152	0.5	epochs	-1.0
1364.8929997444152	0.5	epochs	-1.0
1365.3929997444152	0.5	epochs	-1.0
1365.8929997444152	0.5	epochs	-1.0
1366.3929997444152	0.5	epochs	-1.0
1366.8929997444152	0.5	epochs	-1.0
1372.9530000686646	0.09999999999990905	epochs	0.0
1372.9530000686646	0.04500000000007276	epochs	1.0
1372.9980000686646	0.01001999999994041	epochs	1.0
1373.0080200686646	0.04497999999989588	epochs	1.0
1373.0530000686645	7.499960000000101	epochs	0.0
1373.0530000686645	0.5	epochs	-1.0
1373.0530000686645	0.5	epochs	1.0
1373.5530000686645	6.999960000000101	epochs	1.0
1379.5528600686646	1.000099999999975	epochs	-1.0
1379.5528600686646	0.039800000000013824	epochs	-1.0
1380.0503600686645	0.5	epochs	-1.0
1380.5529600686646	12.00001999999995	epochs	0.0
1386.2259998321533	0.09999999999990905	epochs	0.0
1386.2259998321533	0.04500000000007276	epochs	1.0
1386.2709998321534	0.01001999999994041	epochs	1.0
1386.2810198321533	0.04497999999989588	epochs	1.0
1386.3259998321532	6.899400000000014	epochs	0.0
1386.3259998321532	0.5	epochs	-1.0
1386.3259998321532	0.5	epochs	1.0
1386.8259998321532	6.399400000000014	epochs	1.0
1392.2260598321534	0.9993399999998474	epochs	-1.0
1392.2260598321534	0.03903999999988628	epochs	-1.0
1392.7235598321533	0.5	epochs	-1.0
1393.2253998321532	12.600580000000036	epochs	0.0
1397.450999736786	0.09999999999990905	epochs	0.0
1397.450999736786	0.04500000000007276	epochs	1.0
1397.495999736786	0.01001999999994041	epochs	1.0
1397.506019736786	0.04497999999989588	epochs	1.0
1397.5509997367858	6.839780000000019	epochs	0.0
1397.5509997367858	0.5	epochs	-1.0
1397.5509997367858	0.5	epochs	1.0
1398.0509997367858	6.339780000000019	epochs	1.0
1403.3910597367858	0.9997200000000248	epochs	-1.0
1403.3910597367858	0.03904000000011365	epochs	-1.0
1403.888559736786	0.5	epochs	-1.0
1404.3907797367858	12.660200000000032	epochs	0.0
1408.8550000190735	0.09999999999990905	epochs	0.0
1408.8550000190735	0.04500000000007276	epochs	1.0
1408.9000000190736	0.01001999999994041	epochs	1.0
1408.9100200190735	0.04497999999989588	epochs	1.0
1408.9550000190734	8.299400000000105	epochs	0.0
1408.9550000190734	0.5	epochs	-1.0
1408.9550000190734	0.5	epochs	1.0
1409.4550000190734	7.799400000000105	epochs	1.0
1416.2545600190736	0.9998399999999492	epochs	-1.0
1416.2545600190736	0.04079999999999018	epochs	-1.0
1416.7512200190736	0.5	epochs	-1.0
1417.2544000190735	11.200579999999945	epochs	0.0
1421.7879996299744	0.09999999999990905	epochs	0.0
1421.7879996299744	0.04500000000007276	epochs	1.0
1421.8329996299744	0.01001999999994041	epochs	1.0
1421.8430196299744	0.04497999999989588	epochs	1.0
1421.8879996299743	11.69936000000007	epochs	0.0
1421.8879996299743	0.5	epochs	-1.0
1421.8879996299743	0.5	epochs	1.0
1422.3879996299743	11.19936000000007	epochs	1.0
1432.5877796299744	0.9995799999999235	epochs	-1.0
1432.5877796299744	0.03929999999991196	epochs	-1.0
1433.0827796299743	0.5	epochs	-1.0
1433.5873596299743	7.800619999999981	epochs	0.0
1438.1840000152588	0.09999999999990905	epochs	0.0
1438.1840000152588	0.04500000000007276	epochs	1.0
1438.2290000152589	0.01001999999994041	epochs	1.0
1438.2390200152588	0.04497999999989588	epochs	1.0
1438.2840000152587	17.51984000000016	epochs	0.0
1438.2840000152587	0.5	epochs	-1.0
1438.2840000152587	0.5	epochs	1.0
1438.7840000152587	16.0	epochs	1.0
1454.7840000152587	1.0198400000001584	epochs	1.0
1455.2740000152587	0.5	epochs	-1.0
1455.8038400152589	1.980139999999892	epochs	0.0
1473.356999874115	0.09999999999990905	epochs	0.0
1473.356999874115	0.044959999999946376	epochs	1.0
1473.401959874115	0.010080000000016298	epochs	1.0
1473.412039874115	0.044959999999946376	epochs	1.0
1473.456999874115	2.0	epochs	0.0
1475.456999874115	0.5195200000000568	epochs	0.0
1475.456999874115	0.5195200000000568	epochs	1.0
1475.456999874115	0.5	epochs	-1.0
1475.956999874115	0.019520000000056825	epochs	-1.0
1475.976519874115	21.480400000000145	epochs	0.0
1482.7569999694824	0.09999999999990905	epochs	0.0
1482.7569999694824	0.044959999999946376	epochs	1.0
1482.8019599694824	0.010080000000016298	epochs	1.0
1482.8120399694824	0.044959999999946376	epochs	1.0
1482.8569999694823	2.0	epochs	0.0
1484.8569999694823	5.360080000000153	epochs	0.0
1484.8569999694823	1.0	epochs	1.0
1484.8569999694823	0.5	epochs	-1.0
1485.3569999694823	4.860080000000153	epochs	-1.0
1485.8569999694823	4.360080000000153	epochs	1.0
1485.8569999694823	8.000000002539309e-05	epochs	2.0
1485.8570799694824	4.356719999999996	epochs	-1.0
1485.8570799694824	1.9745600000001104	epochs	2.0
1485.8570799694824	1.098560000000134	epochs	3.0
1486.9556399694825	0.8759999999999764	epochs	3.0
1487.8316399694825	1.3523999999999887	epochs	2.0
1487.8316399694825	0.7286400000000413	epochs	3.0
1488.5602799694825	0.6237599999999475	epochs	3.0
1489.1840399694825	1.0297599999998965	epochs	2.0
1489.1840399694825	0.5453600000000733	epochs	3.0
1489.7293999694825	0.4843999999998232	epochs	3.0
1490.2137999694824	0.003280000000131622	epochs	2.0
1490.2137999694824	0.003280000000131622	epochs	3.0
1490.2170799694825	16.63984000000005	epochs	0.0
1495.4199995994568	0.09999999999990905	epochs	0.0
1495.4199995994568	0.044959999999946376	epochs	1.0
1495.4649595994567	0.010080000000016298	epochs	1.0
1495.4750395994567	0.044959999999946376	epochs	1.0
1495.5199995994567	2.0	epochs	0.0
1497.5199995994567	21.519760000000133	epochs	0.0
1497.5199995994567	1.0	epochs	1.0
1497.5199995994567	0.5	epochs	-1.0
1498.0199995994567	19.999520000000075	epochs	-1.0
1498.5199995994567	20.0	epochs	1.0
1498.5199995994567	8.000000002539309e-05	epochs	2.0
1498.5200795994567	4.356719999999996	epochs	-1.0
1498.5200795994567	1.9745600000001104	epochs	2.0
1498.5200795994567	1.098560000000134	epochs	3.0
1499.6186395994569	0.8759999999999764	epochs	3.0
1500.4946395994568	1.3523999999999887	epochs	2.0
1500.4946395994568	0.7286400000000413	epochs	3.0
1501.2232795994569	0.6237599999999475	epochs	3.0
1501.8470395994568	1.0297599999998965	epochs	2.0
1501.8470395994568	0.5453600000000733	epochs	3.0
1502.392399599457	0.4843999999998232	epochs	3.0
1502.8767995994567	0.8317600000000311	epochs	2.0
1502.8767995994567	0.435760000000073	epochs	3.0
1503.3125595994568	0.39599999999995816	epochs	3.0
1503.7085595994567	0.697840000000042	epochs	2.0
1503.7085595994567	0.362880000000132	epochs	3.0
1504.0714395994569	0.33495999999991	epochs	3.0
1504.4063995994568	0.6010400000000118	epochs	2.0
1504.4063995994568	0.3108799999999974	epochs	3.0
1504.7172795994568	0.2901600000000144	epochs	3.0
1505.0074395994568	0.5278399999999692	epochs	2.0
1505.0074395994568	0.2719199999999091	epochs	3.0
1505.2793595994567	0.2559200000000601	epochs	3.0
1505.5352795994568	0.47064000000000306	epochs	2.0
1505.5352795994568	0.2416800000000876	epochs	3.0
1505.7769595994569	0.22895999999991545	epochs	3.0
1506.0059195994568	0.42455999999992855	epochs	2.0
1506.0059195994568	0.2174400000001242	epochs	3.0
1506.223359599457	0.20711999999980435	epochs	3.0
1506.4304795994567	0.3867200000001958	epochs	2.0
1506.4304795994567	0.1976799999999912	epochs	3.0
1506.6281595994567	0.1890400000002046	epochs	3.0
1506.817199599457	0.3551199999999426	epochs	2.0
1506.817199599457	0.1811999999999898	epochs	3.0
1506.998399599457	0.17391999999995278	epochs	3.0
1507.1723195994568	0.3282400000000507	epochs	2.0
1507.1723195994568	0.16719999999986612	epochs	3.0
1507.3395195994567	0.1610400000001846	epochs	3.0
1507.500559599457	0.3051999999997861	epochs	2.0
1507.500559599457	0.1552799999999479	epochs	3.0
1507.6558395994568	0.14991999999983818	epochs	3.0
1507.8057595994567	0.28512000000000626	epochs	2.0
1507.8057595994567	0.1448800000000574	epochs	3.0
1507.9506395994567	0.14023999999994885	epochs	3.0
1508.0908795994567	0.2675200000001041	epochs	2.0
1508.0908795994567	0.13584000000014385	epochs	3.0
1508.2267195994568	0.13167999999996027	epochs	3.0
1508.3583995994568	0.2520799999999781	epochs	2.0
1508.3583995994568	0.12784000000010565	epochs	3.0
1508.486239599457	0.12423999999987245	epochs	3.0
1508.6104795994568	0.23816000000010717	epochs	2.0
1508.6104795994568	0.1207200000001194	epochs	3.0
1508.7311995994569	0.11743999999998778	epochs	3.0
1508.8486395994569	0.22583999999983462	epochs	2.0
1508.8486395994569	0.11439999999993233	epochs	3.0
1508.9630395994568	0.11143999999990228	epochs	3.0
1509.0744795994567	0.21464000000014494	epochs	2.0
1509.0744795994567	0.1086400000001504	epochs	3.0
1509.1831195994569	0.10599999999999454	epochs	3.0
1509.2891195994569	0.20447999999987587	epochs	2.0
1509.2891195994569	0.10343999999986409	epochs	3.0
1509.3925595994567	0.10104000000001179	epochs	3.0
1509.4935995994567	0.1953600000001643	epochs	2.0
1509.4935995994567	0.0987999999999829	epochs	3.0
1509.5923995994567	0.09656000000018139	epochs	3.0
1509.688959599457	0.18695999999999913	epochs	2.0
1509.688959599457	0.09447999999997592	epochs	3.0
1509.7834395994569	0.09248000000002321	epochs	3.0
1509.875919599457	0.17919999999980973	epochs	2.0
1509.875919599457	0.09047999999984313	epochs	3.0
1509.9663995994567	0.0887199999999666	epochs	3.0
1510.0551195994567	0.17208000000005086	epochs	2.0
1510.0551195994567	0.08688000000006468	epochs	3.0
1510.1419995994568	0.08519999999998618	epochs	3.0
1510.2271995994568	0.165520000000015	epochs	2.0
1510.2271995994568	0.08359999999993306	epochs	3.0
1510.3107995994567	0.08192000000008193	epochs	3.0
1510.3927195994568	0.1595199999999295	epochs	2.0
1510.3927195994568	0.0804800000000796	epochs	3.0
1510.4731995994568	0.0790399999998499	epochs	3.0
1510.5522395994567	0.15376000000014756	epochs	2.0
1510.5522395994567	0.07760000000007494	epochs	3.0
1510.6298395994568	0.07616000000007261	epochs	3.0
1510.7059995994568	0.14855999999986125	epochs	2.0
1510.7059995994568	0.07495999999991909	epochs	3.0
1510.7809595994568	0.07359999999994216	epochs	3.0
1510.8545595994567	0.14368000000013126	epochs	2.0
1510.8545595994567	0.0724800000000414	epochs	3.0
1510.9270395994567	0.07120000000008986	epochs	3.0
1510.9982395994568	0.1390400000000227	epochs	2.0
1510.9982395994568	0.07007999999996173	epochs	3.0
1511.0683195994568	0.06896000000006097	epochs	3.0
1511.1372795994569	0.13472000000001572	epochs	2.0
1511.1372795994569	0.06791999999995824	epochs	3.0
1511.2051995994568	0.06680000000005748	epochs	3.0
1511.2719995994569	0.13071999999988293	epochs	2.0
1511.2719995994569	0.06583999999998014	epochs	3.0
1511.3378395994569	0.0648799999999028	epochs	3.0
1511.4027195994568	0.1268000000000029	epochs	2.0
1511.4027195994568	0.06384000000002743	epochs	3.0
1511.4665595994568	0.06295999999997548	epochs	3.0
1511.5295195994568	0.12328000000002248	epochs	2.0
1511.5295195994568	0.06207999999992353	epochs	3.0
1511.5915995994567	0.06120000000009895	epochs	3.0
1511.6527995994568	0.11984000000006745	epochs	2.0
1511.6527995994568	0.060320000000047	epochs	3.0
1511.7131195994568	0.059520000000020445	epochs	3.0
1511.7726395994569	0.11663999999996122	epochs	2.0
1511.7726395994569	0.05871999999999389	epochs	3.0
1511.8313595994568	0.05791999999996733	epochs	3.0
1511.8892795994568	0.11359999999990578	epochs	2.0
1511.8892795994568	0.05719999999996617	epochs	3.0
1511.9464795994568	0.05639999999993961	epochs	3.0
1512.0028795994567	0.1107200000001285	epochs	2.0
1512.0028795994567	0.05568000000016582	epochs	3.0
1512.0585595994569	0.055039999999962674	epochs	3.0
1512.1135995994568	0.10791999999992186	epochs	2.0
1512.1135995994568	0.05423999999993612	epochs	3.0
1512.1678395994568	0.05367999999998574	epochs	3.0
1512.2215195994568	0.10527999999999338	epochs	2.0
1512.2215195994568	0.052959999999984575	epochs	3.0
1512.2744795994568	0.052320000000008804	epochs	3.0
1512.3267995994568	0.10287999999991371	epochs	2.0
1512.3267995994568	0.051760000000058426	epochs	3.0
1512.3785595994568	0.05111999999985528	epochs	3.0
1512.4296795994567	0.10040000000003602	epochs	2.0
1512.4296795994567	0.050480000000106884	epochs	3.0
1512.4801595994568	0.04991999999992913	epochs	3.0
1512.5300795994567	0.09824000000003252	epochs	2.0
1512.5300795994567	0.049359999999978754	epochs	3.0
1512.5794395994567	0.04888000000005377	epochs	3.0
1512.6283195994567	0.09600000000000364	epochs	2.0
1512.6283195994567	0.048240000000078	epochs	3.0
1512.6765595994568	0.04775999999992564	epochs	3.0
1512.7243195994567	0.09392000000002554	epochs	2.0
1512.7243195994567	0.04719999999997526	epochs	3.0
1512.7715195994567	0.04672000000005028	epochs	3.0
1512.8182395994568	0.09192000000007283	epochs	2.0
1512.8182395994568	0.0461600000000999	epochs	3.0
1512.8643995994569	0.04575999999997293	epochs	3.0
1512.9101595994568	0.09007999999994354	epochs	2.0
1512.9101595994568	0.04528000000004795	epochs	3.0
1512.955439599457	0.04479999999989559	epochs	3.0
1513.0002395994568	0.08816000000001623	epochs	2.0
1513.0002395994568	0.044319999999970605	epochs	3.0
1513.0445595994568	0.04384000000004562	epochs	3.0
1513.0883995994568	0.08647999999993772	epochs	2.0
1513.0883995994568	0.043439999999918655	epochs	3.0
1513.1318395994567	0.04304000000001906	epochs	3.0
1513.1748795994567	0.08472000000006119	epochs	2.0
1513.1748795994567	0.04256000000009408	epochs	3.0
1513.2174395994568	0.04215999999996711	epochs	3.0
1513.2595995994568	0.08320000000003347	epochs	2.0
1513.2595995994568	0.04176000000006752	epochs	3.0
1513.3013595994569	0.04143999999996595	epochs	3.0
1513.3427995994568	0.08151999999995496	epochs	2.0
1513.3427995994568	0.040960000000040964	epochs	3.0
1513.3837595994569	0.040559999999914	epochs	3.0
1513.4243195994568	0.08007999999995263	epochs	2.0
1513.4243195994568	0.0402400000000398	epochs	3.0
1513.4645595994568	0.039839999999912834	epochs	3.0
1513.5043995994567	0.0786399999999503	epochs	2.0
1513.5043995994567	0.039520000000038635	epochs	3.0
1513.5439195994568	0.03911999999991167	epochs	3.0
1513.5830395994567	0.07720000000017535	epochs	2.0
1513.5830395994567	0.03880000000003747	epochs	3.0
1513.6218395994567	0.03840000000013788	epochs	3.0
1513.6602395994569	0.07591999999999643	epochs	2.0
1513.6602395994569	0.038159999999834326	epochs	3.0
1513.6983995994567	0.03776000000016211	epochs	3.0
1513.7361595994569	0.0745600000000195	epochs	2.0
1513.7361595994569	0.03743999999983316	epochs	3.0
1513.7735995994567	0.03712000000018634	epochs	3.0
1513.810719599457	0.07335999999986598	epochs	2.0
1513.810719599457	0.03679999999985739	epochs	3.0
1513.8475195994567	0.036560000000008586	epochs	3.0
1513.8840795994568	0.07208000000014181	epochs	2.0
1513.8840795994568	0.036160000000108994	epochs	3.0
1513.9202395994569	0.035920000000032815	epochs	3.0
1513.956159599457	0.07087999999998829	epochs	2.0
1513.956159599457	0.03559999999993124	epochs	3.0
1513.9917595994568	0.035280000000057044	epochs	3.0
1514.0270395994569	0.06983999999988555	epochs	2.0
1514.0270395994569	0.035039999999980864	epochs	3.0
1514.0620795994569	0.034799999999904685	epochs	3.0
1514.0968795994568	0.0686399999999594	epochs	2.0
1514.0968795994568	0.034480000000030486	epochs	3.0
1514.1313595994568	0.034159999999928914	epochs	3.0
1514.1655195994567	0.06760000000008404	epochs	2.0
1514.1655195994567	0.03392000000008011	epochs	3.0
1514.1994395994568	0.03368000000000393	epochs	3.0
1514.2331195994568	0.0665599999999813	epochs	2.0
1514.2331195994568	0.03343999999992775	epochs	3.0
1514.2665595994567	0.03312000000005355	epochs	3.0
1514.2996795994568	0.06559999999990396	epochs	2.0
1514.2996795994568	0.032960000000002765	epochs	3.0
1514.3326395994568	0.03263999999990119	epochs	3.0
1514.3652795994567	0.0645600000000286	epochs	2.0
1514.3652795994567	0.03240000000005239	epochs	3.0
1514.3976795994568	0.03215999999997621	epochs	3.0
1514.4298395994567	0.06367999999997664	epochs	2.0
1514.4298395994567	0.032000000000152795	epochs	3.0
1514.4618395994569	0.03167999999982385	epochs	3.0
1514.4935195994567	0.06272000000012667	epochs	2.0
1514.4935195994567	0.03143999999997504	epochs	3.0
1514.5249595994567	0.03128000000015163	epochs	3.0
1514.5562395994568	0.06183999999984735	epochs	2.0
1514.5562395994568	0.031039999999848078	epochs	3.0
1514.5872795994567	0.030799999999999272	epochs	3.0
1514.6180795994567	0.060960000000022774	epochs	2.0
1514.6180795994567	0.030560000000150467	epochs	3.0
1514.6486395994568	0.030399999999872307	epochs	3.0
1514.6790395994567	0.060159999999996217	epochs	2.0
1514.6790395994567	0.0301600000000235	epochs	3.0
1514.7091995994567	0.029999999999972715	epochs	3.0
1514.7391995994567	0.05928000000017164	epochs	2.0
1514.7391995994567	0.029680000000098516	epochs	3.0
1514.7688795994568	0.029600000000073123	epochs	3.0
1514.7984795994569	0.05847999999991771	epochs	2.0
1514.7984795994569	0.029359999999996944	epochs	3.0
1514.8278395994569	0.029119999999920765	epochs	3.0
1514.8569595994568	0.057759999999916545	epochs	2.0
1514.8569595994568	0.028960000000097352	epochs	3.0
1514.8859195994569	0.028799999999819192	epochs	3.0
1514.9147195994567	0.05696000000011736	epochs	2.0
1514.9147195994567	0.028559999999970387	epochs	3.0
1514.9432795994567	0.028400000000146974	epochs	3.0
1514.9716795994568	0.05623999999988882	epochs	2.0
1514.9716795994568	0.028160000000070795	epochs	3.0
1514.999839599457	0.02807999999981803	epochs	3.0
1515.0279195994567	0.05544000000008964	epochs	2.0
1515.0279195994567	0.027839999999969223	epochs	3.0
1515.0557595994567	0.027600000000120417	epochs	3.0
1515.0833595994568	0.05487999999991189	epochs	2.0
1515.0833595994568	0.027520000000095024	epochs	3.0
1515.110879599457	0.027359999999816864	epochs	3.0
1515.1382395994567	0.054080000000112705	epochs	2.0
1515.1382395994567	0.02711999999996806	epochs	3.0
1515.1653595994567	0.026960000000144646	epochs	3.0
1515.1923195994568	0.05343999999990956	epochs	2.0
1515.1923195994568	0.026799999999866486	epochs	3.0
1515.2191195994567	0.026640000000043074	epochs	3.0
1515.2457595994567	0.05287999999995918	epochs	2.0
1515.2457595994567	0.026479999999992287	epochs	3.0
1515.2722395994567	0.026399999999966894	epochs	3.0
1515.2986395994567	0.05216000000018539	epochs	2.0
1515.2986395994567	0.02616000000011809	epochs	3.0
1515.3247995994568	0.026000000000067303	epochs	3.0
1515.3507995994569	0.05151999999998225	epochs	2.0
1515.3507995994569	0.025840000000016516	epochs	3.0
1515.376639599457	0.02567999999996573	epochs	3.0
1515.4023195994569	0.05096000000003187	epochs	2.0
1515.4023195994569	0.025599999999940337	epochs	3.0
1515.4279195994568	0.02536000000009153	epochs	3.0
1515.453279599457	0.05039999999985412	epochs	2.0
1515.453279599457	0.025279999999838765	epochs	3.0
1515.4785595994567	0.025120000000015352	epochs	3.0
1515.5036795994567	0.04976000000010572	epochs	2.0
1515.5036795994567	0.024959999999964566	epochs	3.0
1515.5286395994567	0.024800000000141154	epochs	3.0
1515.5534395994569	0.04919999999992797	epochs	2.0
1515.5534395994569	0.024639999999862994	epochs	3.0
1515.5780795994567	0.024560000000064974	epochs	3.0
1515.6026395994568	0.04872000000000298	epochs	2.0
1515.6026395994568	0.024400000000014188	epochs	3.0
1515.6270395994568	0.024319999999988795	epochs	3.0
1515.6513595994568	0.04808000000002721	epochs	2.0
1515.6513595994568	0.024079999999912616	epochs	3.0
1515.6754395994567	0.024000000000114596	epochs	3.0
1515.6994395994568	0.047599999999874854	epochs	2.0
1515.6994395994568	0.02384000000006381	epochs	3.0
1515.7232795994569	0.023759999999811043	epochs	3.0
1515.7470395994567	0.04712000000017724	epochs	2.0
1515.7470395994567	0.023600000000215005	epochs	3.0
1515.770639599457	0.023519999999962238	epochs	3.0
1515.7941595994569	0.04655999999999949	epochs	2.0
1515.7941595994569	0.02335999999991145	epochs	3.0
1515.8175195994568	0.02320000000008804	epochs	3.0
1515.8407195994569	0.04607999999984713	epochs	2.0
1515.8407195994569	0.023119999999835272	epochs	3.0
1515.8638395994567	0.02296000000001186	epochs	3.0
1515.8867995994567	0.04560000000014952	epochs	2.0
1515.8867995994567	0.022879999999986467	epochs	3.0
1515.9096795994567	0.022720000000163054	epochs	3.0
1515.9323995994569	0.04511999999999716	epochs	2.0
1515.9323995994569	0.022639999999910287	epochs	3.0
1515.9550395994568	0.022480000000086875	epochs	3.0
1515.9775195994569	0.044639999999844804	epochs	2.0
1515.9775195994569	0.022399999999834108	epochs	3.0
1515.9999195994567	0.022240000000010696	epochs	3.0
1516.0221595994567	0.044240000000172586	epochs	2.0
1516.0221595994567	0.022159999999985303	epochs	3.0
1516.0443195994567	0.022080000000187283	epochs	3.0
1516.0663995994569	0.04376000000002023	epochs	2.0
1516.0663995994569	0.021919999999909123	epochs	3.0
1516.0883195994568	0.021840000000111104	epochs	3.0
1516.110159599457	0.04335999999989326	epochs	2.0
1516.110159599457	0.021759999999858337	epochs	3.0
1516.1319195994568	0.021600000000034925	epochs	3.0
1516.1535195994568	0.04287999999996828	epochs	2.0
1516.1535195994568	0.02143999999998414	epochs	3.0
1516.1749595994568	0.02143999999998414	epochs	3.0
1516.1963995994568	0.042480000000068685	epochs	2.0
1516.1963995994568	0.021279999999933352	epochs	3.0
1516.2176795994567	0.021200000000135333	epochs	3.0
1516.2388795994568	0.04207999999994172	epochs	2.0
1516.2388795994568	0.021039999999857173	epochs	3.0
1516.2599195994567	0.021040000000084547	epochs	3.0
1516.2809595994568	0.04168000000004213	epochs	2.0
1516.2809595994568	0.02088000000003376	epochs	3.0
1516.3018395994568	0.020800000000008367	epochs	3.0
1516.3226395994568	0.04119999999988977	epochs	2.0
1516.3226395994568	0.02063999999995758	epochs	3.0
1516.3432795994568	0.020559999999932188	epochs	3.0
1516.3638395994567	0.04088000000001557	epochs	2.0
1516.3638395994567	0.020560000000159562	epochs	3.0
1516.3843995994569	0.02031999999985601	epochs	3.0
1516.4047195994567	0.04056000000014137	epochs	2.0
1516.4047195994567	0.020320000000083382	epochs	3.0
1516.4250395994568	0.02024000000005799	epochs	3.0
1516.4452795994569	0.04007999999998901	epochs	2.0
1516.4452795994569	0.020080000000007203	epochs	3.0
1516.4653595994569	0.01999999999998181	epochs	3.0
1516.4853595994568	0.03975999999988744	epochs	2.0
1516.4853595994568	0.019919999999956417	epochs	3.0
1516.5052795994568	0.019839999999931024	epochs	3.0
1516.5251195994567	0.03944000000001324	epochs	2.0
1516.5251195994567	0.019760000000133005	epochs	3.0
1516.5448795994569	0.019679999999880238	epochs	3.0
1516.5645595994567	0.03904000000011365	epochs	2.0
1516.5645595994567	0.019520000000056825	epochs	3.0
1516.5840795994568	0.019520000000056825	epochs	3.0
1516.6035995994569	0.038639999999986685	epochs	2.0
1516.6035995994569	0.01936000000000604	epochs	3.0
1516.6229595994569	0.019279999999980646	epochs	3.0
1516.6422395994568	0.038399999999910506	epochs	2.0
1516.6422395994568	0.019279999999980646	epochs	3.0
1516.6615195994568	0.01911999999992986	epochs	3.0
1516.6806395994568	0.038000000000010914	epochs	2.0
1516.6806395994568	0.01904000000013184	epochs	3.0
1516.6996795994569	0.018959999999879074	epochs	3.0
1516.7186395994568	0.03767999999990934	epochs	2.0
1516.7186395994568	0.018880000000081054	epochs	3.0
1516.7375195994568	0.018799999999828287	epochs	3.0
1516.7563195994567	0.03736000000003514	epochs	2.0
1516.7563195994567	0.018720000000030268	epochs	3.0
1516.7750395994567	0.018640000000004875	epochs	3.0
1516.7936795994567	0.037040000000160944	epochs	2.0
1516.7936795994567	0.018559999999979482	epochs	3.0
1516.8122395994567	0.018480000000181462	epochs	3.0
1516.8307195994569	0.036719999999832	epochs	2.0
1516.8307195994569	0.018399999999928696	epochs	3.0
1516.8491195994568	0.018319999999903303	epochs	3.0
1516.8674395994567	0.03647999999998319	epochs	2.0
1516.8674395994567	0.018240000000105283	epochs	3.0
1516.8856795994568	0.01823999999987791	epochs	3.0
1516.9039195994567	0.0360800000000836	epochs	2.0
1516.9039195994567	0.018080000000054497	epochs	3.0
1516.9219995994567	0.018000000000029104	epochs	3.0
1516.9399995994568	0.03584000000000742	epochs	2.0
1516.9399995994568	0.01792000000000371	epochs	3.0
1516.9579195994568	0.01792000000000371	epochs	3.0
1516.9758395994568	0.03551999999990585	epochs	2.0
1516.9758395994568	0.017759999999952925	epochs	3.0
1516.9935995994567	0.017759999999952925	epochs	3.0
1517.0113595994567	0.03520000000003165	epochs	2.0
1517.0113595994567	0.017680000000154905	epochs	3.0
1517.0290395994568	0.017519999999876745	epochs	3.0
1517.0465595994567	0.034960000000182845	epochs	2.0
1517.0465595994567	0.01752000000010412	epochs	3.0
1517.0640795994568	0.017440000000078726	epochs	3.0
1517.081519599457	0.03471999999987929	epochs	2.0
1517.081519599457	0.017439999999851352	epochs	3.0
1517.0989595994567	0.01728000000002794	epochs	3.0
1517.1162395994568	0.03440000000000509	epochs	2.0
1517.1162395994568	0.017200000000002547	epochs	3.0
1517.1334395994568	0.017200000000002547	epochs	3.0
1517.1506395994568	0.034159999999928914	epochs	2.0
1517.1506395994568	0.017119999999977153	epochs	3.0
1517.1677595994568	0.01703999999995176	epochs	3.0
1517.1847995994567	0.033840000000054715	epochs	2.0
1517.1847995994567	0.01696000000015374	epochs	3.0
1517.2017595994569	0.016879999999900974	epochs	3.0
1517.2186395994568	0.033599999999978536	epochs	2.0
1517.2186395994568	0.016800000000102955	epochs	3.0
1517.2354395994569	0.01679999999987558	epochs	3.0
1517.2522395994567	0.03336000000012973	epochs	2.0
1517.2522395994567	0.01672000000007756	epochs	3.0
1517.2689595994568	0.01664000000005217	epochs	3.0
1517.2855995994569	0.03311999999982618	epochs	2.0
1517.2855995994569	0.016560000000026776	epochs	3.0
1517.302159599457	0.016559999999799402	epochs	3.0
1517.3187195994567	0.03280000000017935	epochs	2.0
1517.3187195994567	0.016400000000203363	epochs	3.0
1517.335119599457	0.01639999999997599	epochs	3.0
1517.3515195994569	0.0325599999998758	epochs	2.0
1517.3515195994569	0.016319999999950596	epochs	3.0
1517.3678395994568	0.016239999999925203	epochs	3.0
1517.3840795994568	0.03240000000005239	epochs	2.0
1517.3840795994568	0.016239999999925203	epochs	3.0
1517.4003195994567	0.016160000000127184	epochs	3.0
1517.4164795994568	0.032079999999950815	epochs	2.0
1517.4164795994568	0.016079999999874417	epochs	3.0
1517.4325595994567	0.016000000000076398	epochs	3.0
1517.4485595994568	0.0319200000001274	epochs	2.0
1517.4485595994568	0.016000000000076398	epochs	3.0
1517.4645595994568	0.015920000000051004	epochs	3.0
1517.4804795994569	0.031599999999798456	epochs	2.0
1517.4804795994569	0.015839999999798238	epochs	3.0
1517.4963195994567	0.01576000000000022	epochs	3.0
1517.5120795994567	0.03144000000020242	epochs	2.0
1517.5120795994567	0.01576000000000022	epochs	3.0
1517.5278395994567	0.0156800000002022	epochs	3.0
1517.5435195994569	0.031199999999898864	epochs	2.0
1517.5435195994569	0.015599999999949432	epochs	3.0
1517.5591195994568	0.015599999999949432	epochs	3.0
1517.5747195994568	0.03096000000005006	epochs	2.0
1517.5747195994568	0.015519999999924039	epochs	3.0
1517.5902395994567	0.01544000000012602	epochs	3.0
1517.6056795994568	0.03071999999997388	epochs	2.0
1517.6056795994568	0.015439999999898646	epochs	3.0
1517.6211195994567	0.015280000000075233	epochs	3.0
1517.6363995994568	0.030559999999923093	epochs	2.0
1517.6363995994568	0.015359999999873253	epochs	3.0
1517.6517595994567	0.01520000000004984	epochs	3.0
1517.6669595994567	0.030320000000074288	epochs	2.0
1517.6669595994567	0.01520000000004984	epochs	3.0
1517.6821595994568	0.015120000000024447	epochs	3.0
1517.6972795994568	0.030079999999998108	epochs	2.0
1517.6972795994568	0.015120000000024447	epochs	3.0
1517.7123995994568	0.014959999999973661	epochs	3.0
1517.7273595994568	0.029919999999947322	epochs	2.0
1517.7273595994568	0.015039999999999054	epochs	3.0
1517.7423995994568	0.014879999999948268	epochs	3.0
1517.7572795994568	0.029680000000098516	epochs	2.0
1517.7572795994568	0.014879999999948268	epochs	3.0
1517.7721595994567	0.014800000000150249	epochs	3.0
1517.7869595994568	0.02952000000004773	epochs	2.0
1517.7869595994568	0.014799999999922875	epochs	3.0
1517.8017595994568	0.014720000000124855	epochs	3.0
1517.816479599457	0.02927999999997155	epochs	2.0
1517.816479599457	0.014719999999897482	epochs	3.0
1517.8311995994568	0.01456000000007407	epochs	3.0
1517.8457595994569	0.029119999999920765	epochs	2.0
1517.8457595994569	0.014639999999872089	epochs	3.0
1517.8603995994567	0.014480000000048676	epochs	3.0
1517.8748795994568	0.028960000000097352	epochs	2.0
1517.8748795994568	0.014480000000048676	epochs	3.0
1517.8893595994568	0.014480000000048676	epochs	3.0
1517.903839599457	0.02863999999999578	epochs	2.0
1517.903839599457	0.01431999999999789	epochs	3.0
1517.9181595994569	0.01431999999999789	epochs	3.0
1517.9324795994569	0.028559999999970387	epochs	2.0
1517.9324795994569	0.01431999999999789	epochs	3.0
1517.9467995994569	0.014239999999972497	epochs	3.0
1517.9610395994569	0.028319999999894208	epochs	2.0
1517.9610395994569	0.014159999999947104	epochs	3.0
1517.9751995994568	0.014159999999947104	epochs	3.0
1517.9893595994567	0.028160000000070795	epochs	2.0
1517.9893595994567	0.014159999999947104	epochs	3.0
1518.0035195994567	0.014000000000123691	epochs	3.0
1518.0175195994568	0.02800000000002001	epochs	2.0
1518.0175195994568	0.013999999999896318	epochs	3.0
1518.0315195994567	0.014000000000123691	epochs	3.0
1518.0455195994568	0.02775999999994383	epochs	2.0
1518.0455195994568	0.013919999999870925	epochs	3.0
1518.0594395994567	0.013840000000072905	epochs	3.0
1518.0732795994568	0.027679999999918437	epochs	2.0
1518.0732795994568	0.013840000000072905	epochs	3.0
1518.0871195994569	0.013839999999845531	epochs	3.0
1518.1009595994567	0.02744000000006963	epochs	2.0
1518.1009595994567	0.013760000000047512	epochs	3.0
1518.1147195994567	0.013680000000022119	epochs	3.0
1518.1283995994568	0.027280000000018845	epochs	2.0
1518.1283995994568	0.013680000000022119	epochs	3.0
1518.1420795994568	0.013599999999996726	epochs	3.0
1518.1556795994568	0.02711999999996806	epochs	2.0
1518.1556795994568	0.013519999999971333	epochs	3.0
1518.1691995994568	0.013599999999996726	epochs	3.0
1518.1827995994568	0.026880000000119253	epochs	2.0
1518.1827995994568	0.01343999999994594	epochs	3.0
1518.1962395994567	0.013440000000173313	epochs	3.0
1518.2096795994569	0.026799999999866486	epochs	2.0
1518.2096795994569	0.01343999999994594	epochs	3.0
1518.2231195994568	0.013359999999920547	epochs	3.0
1518.2364795994567	0.02656000000001768	epochs	2.0
1518.2364795994567	0.013280000000122527	epochs	3.0
1518.2497595994569	0.013279999999895153	epochs	3.0
1518.2630395994568	0.026479999999992287	epochs	2.0
1518.2630395994568	0.013280000000122527	epochs	3.0
1518.2763195994569	0.01319999999986976	epochs	3.0
1518.2895195994568	0.026240000000143482	epochs	2.0
1518.2895195994568	0.013120000000071741	epochs	3.0
1518.3026395994568	0.013120000000071741	epochs	3.0
1518.315759599457	0.026159999999890715	epochs	2.0
1518.315759599457	0.013119999999844367	epochs	3.0
1518.3288795994567	0.013040000000046348	epochs	3.0
1518.3419195994568	0.026000000000067303	epochs	2.0
1518.3419195994568	0.013040000000046348	epochs	3.0
1518.3549595994568	0.012960000000020955	epochs	3.0
1518.3679195994569	0.025759999999991123	epochs	2.0
1518.3679195994569	0.012879999999995562	epochs	3.0
1518.3807995994569	0.012879999999995562	epochs	3.0
1518.3936795994568	0.02567999999996573	epochs	2.0
1518.3936795994568	0.012879999999995562	epochs	3.0
1518.4065595994568	0.012799999999970169	epochs	3.0
1518.4193595994568	0.025519999999914944	epochs	2.0
1518.4193595994568	0.012799999999970169	epochs	3.0
1518.4321595994568	0.012719999999944775	epochs	3.0
1518.4448795994567	0.02536000000009153	epochs	2.0
1518.4448795994567	0.01272000000017215	epochs	3.0
1518.457599599457	0.012639999999919382	epochs	3.0
1518.4702395994568	0.025200000000040745	epochs	2.0
1518.4702395994568	0.012639999999919382	epochs	3.0
1518.4828795994567	0.012560000000121363	epochs	3.0
1518.4954395994569	0.0245599999998376	epochs	2.0
1518.5195195994568	0.5	epochs	-1.0
1518.5199995994567	0.519760000000133	epochs	1.0
1519.0397595994568	0.480160000000069	epochs	0.0
1524.7999997138977	0.09999999999990905	epochs	0.0
1524.7999997138977	0.044959999999946376	epochs	1.0
1524.8449597138977	0.010080000000016298	epochs	1.0
1524.8550397138977	0.044959999999946376	epochs	1.0
1524.8999997138976	2.0	epochs	0.0
1526.8999997138976	0.5186400000000049	epochs	0.0
1526.8999997138976	0.5186400000000049	epochs	1.0
1526.8999997138976	0.5	epochs	-1.0
1527.3999997138976	0.018640000000004875	epochs	-1.0
1527.4186397138976	21.481280000000197	epochs	0.0
1532.2509999275208	0.09999999999990905	epochs	0.0
1532.2509999275208	0.044959999999946376	epochs	1.0
1532.2959599275207	0.010080000000016298	epochs	1.0
1532.3060399275207	0.044959999999946376	epochs	1.0
1532.3509999275207	2.0	epochs	0.0
1534.3509999275207	0.5186400000000049	epochs	0.0
1534.3509999275207	0.5186400000000049	epochs	1.0
1534.3509999275207	0.5	epochs	-1.0
1534.8509999275207	0.018640000000004875	epochs	-1.0
1534.8696399275207	21.481280000000197	epochs	0.0
1539.753999710083	0.09999999999990905	epochs	0.0
1539.753999710083	0.044959999999946376	epochs	1.0
1539.798959710083	0.010080000000016298	epochs	1.0
1539.809039710083	0.044959999999946376	epochs	1.0
1539.853999710083	2.0	epochs	0.0
1541.853999710083	0.5187200000000303	epochs	0.0
1541.853999710083	0.5187200000000303	epochs	1.0
1541.853999710083	0.5	epochs	-1.0
1542.353999710083	0.018720000000030268	epochs	-1.0
1542.372719710083	21.48120000000017	epochs	0.0
1547.33899974823	0.09999999999990905	epochs	0.0
1547.33899974823	0.044959999999946376	epochs	1.0
1547.38395974823	0.010080000000016298	epochs	1.0
1547.39403974823	0.044959999999946376	epochs	1.0
1547.43899974823	2.0	epochs	0.0
1549.43899974823	0.5191200000001572	epochs	0.0
1549.43899974823	0.5191200000001572	epochs	1.0
1549.43899974823	0.5	epochs	-1.0
1549.93899974823	0.019120000000157233	epochs	-1.0
1549.95811974823	21.480800000000045	epochs	0.0
1554.9719996452332	0.09999999999990905	epochs	0.0
1554.9719996452332	0.044959999999946376	epochs	1.0
1555.016959645233	0.010080000000016298	epochs	1.0
1555.0270396452331	0.044959999999946376	epochs	1.0
1555.071999645233	2.0	epochs	0.0
1557.071999645233	0.5190400000001318	epochs	0.0
1557.071999645233	0.5190400000001318	epochs	1.0
1557.071999645233	0.5	epochs	-1.0
1557.571999645233	0.01904000000013184	epochs	-1.0
1557.5910396452332	21.48088000000007	epochs	0.0
1562.6770000457764	0.09999999999990905	epochs	0.0
1562.6770000457764	0.044959999999946376	epochs	1.0
1562.7219600457763	0.010080000000016298	epochs	1.0
1562.7320400457763	0.044959999999946376	epochs	1.0
1562.7770000457763	2.0	epochs	0.0
1564.7770000457763	21.999920000000202	epochs	0.0
1564.7770000457763	1.0	epochs	1.0
1564.7770000457763	0.5	epochs	-1.0
1565.2770000457763	19.999520000000075	epochs	-1.0
1565.7770000457763	20.0	epochs	1.0
1565.7770000457763	8.000000002539309e-05	epochs	2.0
1565.7770800457763	4.356719999999996	epochs	-1.0
1565.7770800457763	1.9745600000001104	epochs	2.0
1565.7770800457763	1.098560000000134	epochs	3.0
1566.8756400457764	0.8759999999999764	epochs	3.0
1567.7516400457764	1.3523999999999887	epochs	2.0
1567.7516400457764	0.7286400000000413	epochs	3.0
1568.4802800457765	0.6237599999999475	epochs	3.0
1569.1040400457764	1.0297599999998965	epochs	2.0
1569.1040400457764	0.5453600000000733	epochs	3.0
1569.6494000457765	0.4843999999998232	epochs	3.0
1570.1338000457763	0.8317600000000311	epochs	2.0
1570.1338000457763	0.435760000000073	epochs	3.0
1570.5695600457764	0.39599999999995816	epochs	3.0
1570.9655600457763	0.697840000000042	epochs	2.0
1570.9655600457763	0.362880000000132	epochs	3.0
1571.3284400457765	0.33495999999991	epochs	3.0
1571.6634000457764	0.6010400000000118	epochs	2.0
1571.6634000457764	0.3108799999999974	epochs	3.0
1571.9742800457764	0.2901600000000144	epochs	3.0
1572.2644400457764	0.5278399999999692	epochs	2.0
1572.2644400457764	0.2719199999999091	epochs	3.0
1572.5363600457763	0.2559200000000601	epochs	3.0
1572.7922800457764	0.47064000000000306	epochs	2.0
1572.7922800457764	0.2416800000000876	epochs	3.0
1573.0339600457764	0.22895999999991545	epochs	3.0
1573.2629200457764	0.42455999999992855	epochs	2.0
1573.2629200457764	0.2174400000001242	epochs	3.0
1573.4803600457765	0.20711999999980435	epochs	3.0
1573.6874800457763	0.3867200000001958	epochs	2.0
1573.6874800457763	0.1976799999999912	epochs	3.0
1573.8851600457763	0.1890400000002046	epochs	3.0
1574.0742000457765	0.3551199999999426	epochs	2.0
1574.0742000457765	0.1811999999999898	epochs	3.0
1574.2554000457765	0.17391999999995278	epochs	3.0
1574.4293200457764	0.3282400000000507	epochs	2.0
1574.4293200457764	0.16719999999986612	epochs	3.0
1574.5965200457763	0.1610400000001846	epochs	3.0
1574.7575600457765	0.3051999999997861	epochs	2.0
1574.7575600457765	0.1552799999999479	epochs	3.0
1574.9128400457764	0.14991999999983818	epochs	3.0
1575.0627600457763	0.28512000000000626	epochs	2.0
1575.0627600457763	0.1448800000000574	epochs	3.0
1575.2076400457763	0.14023999999994885	epochs	3.0
1575.3478800457763	0.2675200000001041	epochs	2.0
1575.3478800457763	0.13584000000014385	epochs	3.0
1575.4837200457764	0.13167999999996027	epochs	3.0
1575.6154000457764	0.2520799999999781	epochs	2.0
1575.6154000457764	0.12784000000010565	epochs	3.0
1575.7432400457765	0.12423999999987245	epochs	3.0
1575.8674800457763	0.23816000000010717	epochs	2.0
1575.8674800457763	0.1207200000001194	epochs	3.0
1575.9882000457765	0.11743999999998778	epochs	3.0
1576.1056400457765	0.22583999999983462	epochs	2.0
1576.1056400457765	0.11439999999993233	epochs	3.0
1576.2200400457764	0.11143999999990228	epochs	3.0
1576.3314800457763	0.21464000000014494	epochs	2.0
1576.3314800457763	0.1086400000001504	epochs	3.0
1576.4401200457764	0.10599999999999454	epochs	3.0
1576.5461200457764	0.20447999999987587	epochs	2.0
1576.5461200457764	0.10343999999986409	epochs	3.0
1576.6495600457763	0.10104000000001179	epochs	3.0
1576.7506000457763	0.1953600000001643	epochs	2.0
1576.7506000457763	0.0987999999999829	epochs	3.0
1576.8494000457763	0.09656000000018139	epochs	3.0
1576.9459600457765	0.18695999999999913	epochs	2.0
1576.9459600457765	0.09447999999997592	epochs	3.0
1577.0404400457764	0.09248000000002321	epochs	3.0
1577.1329200457765	0.17919999999980973	epochs	2.0
1577.1329200457765	0.09047999999984313	epochs	3.0
1577.2234000457763	0.0887199999999666	epochs	3.0
1577.3121200457763	0.17208000000005086	epochs	2.0
1577.3121200457763	0.08688000000006468	epochs	3.0
1577.3990000457763	0.08519999999998618	epochs	3.0
1577.4842000457763	0.165520000000015	epochs	2.0
1577.4842000457763	0.08359999999993306	epochs	3.0
1577.5678000457763	0.08192000000008193	epochs	3.0
1577.6497200457763	0.1595199999999295	epochs	2.0
1577.6497200457763	0.0804800000000796	epochs	3.0
1577.7302000457764	0.0790399999998499	epochs	3.0
1577.8092400457763	0.15376000000014756	epochs	2.0
1577.8092400457763	0.07760000000007494	epochs	3.0
1577.8868400457764	0.07616000000007261	epochs	3.0
1577.9630000457764	0.14855999999986125	epochs	2.0
1577.9630000457764	0.07495999999991909	epochs	3.0
1578.0379600457763	0.07359999999994216	epochs	3.0
1578.1115600457763	0.14368000000013126	epochs	2.0
1578.1115600457763	0.0724800000000414	epochs	3.0
1578.1840400457763	0.07120000000008986	epochs	3.0
1578.2552400457764	0.1390400000000227	epochs	2.0
1578.2552400457764	0.07007999999996173	epochs	3.0
1578.3253200457764	0.06896000000006097	epochs	3.0
1578.3942800457764	0.13472000000001572	epochs	2.0
1578.3942800457764	0.06791999999995824	epochs	3.0
1578.4622000457764	0.06680000000005748	epochs	3.0
1578.5290000457765	0.13071999999988293	epochs	2.0
1578.5290000457765	0.06583999999998014	epochs	3.0
1578.5948400457764	0.0648799999999028	epochs	3.0
1578.6597200457763	0.1268000000000029	epochs	2.0
1578.6597200457763	0.06384000000002743	epochs	3.0
1578.7235600457764	0.06295999999997548	epochs	3.0
1578.7865200457763	0.12328000000002248	epochs	2.0
1578.7865200457763	0.06207999999992353	epochs	3.0
1578.8486000457763	0.06120000000009895	epochs	3.0
1578.9098000457764	0.11984000000006745	epochs	2.0
1578.9098000457764	0.060320000000047	epochs	3.0
1578.9701200457764	0.059520000000020445	epochs	3.0
1579.0296400457764	0.11663999999996122	epochs	2.0
1579.0296400457764	0.05871999999999389	epochs	3.0
1579.0883600457764	0.05791999999996733	epochs	3.0
1579.1462800457764	0.11359999999990578	epochs	2.0
1579.1462800457764	0.05719999999996617	epochs	3.0
1579.2034800457764	0.05639999999993961	epochs	3.0
1579.2598800457763	0.1107200000001285	epochs	2.0
1579.2598800457763	0.05568000000016582	epochs	3.0
1579.3155600457765	0.055039999999962674	epochs	3.0
1579.3706000457764	0.10791999999992186	epochs	2.0
1579.3706000457764	0.05423999999993612	epochs	3.0
1579.4248400457764	0.05367999999998574	epochs	3.0
1579.4785200457763	0.10527999999999338	epochs	2.0
1579.4785200457763	0.052959999999984575	epochs	3.0
1579.5314800457763	0.052320000000008804	epochs	3.0
1579.5838000457763	0.10287999999991371	epochs	2.0
1579.5838000457763	0.051760000000058426	epochs	3.0
1579.6355600457764	0.05111999999985528	epochs	3.0
1579.6866800457763	0.10040000000003602	epochs	2.0
1579.6866800457763	0.050480000000106884	epochs	3.0
1579.7371600457764	0.04991999999992913	epochs	3.0
1579.7870800457763	0.09824000000003252	epochs	2.0
1579.7870800457763	0.049359999999978754	epochs	3.0
1579.8364400457763	0.04888000000005377	epochs	3.0
1579.8853200457763	0.09600000000000364	epochs	2.0
1579.8853200457763	0.048240000000078	epochs	3.0
1579.9335600457764	0.04775999999992564	epochs	3.0
1579.9813200457763	0.09392000000002554	epochs	2.0
1579.9813200457763	0.04719999999997526	epochs	3.0
1580.0285200457763	0.04672000000005028	epochs	3.0
1580.0752400457764	0.09192000000007283	epochs	2.0
1580.0752400457764	0.0461600000000999	epochs	3.0
1580.1214000457765	0.04575999999997293	epochs	3.0
1580.1671600457764	0.09007999999994354	epochs	2.0
1580.1671600457764	0.04528000000004795	epochs	3.0
1580.2124400457765	0.04479999999989559	epochs	3.0
1580.2572400457764	0.08816000000001623	epochs	2.0
1580.2572400457764	0.044319999999970605	epochs	3.0
1580.3015600457763	0.04384000000004562	epochs	3.0
1580.3454000457764	0.08647999999993772	epochs	2.0
1580.3454000457764	0.043439999999918655	epochs	3.0
1580.3888400457763	0.04304000000001906	epochs	3.0
1580.4318800457763	0.08472000000006119	epochs	2.0
1580.4318800457763	0.04256000000009408	epochs	3.0
1580.4744400457764	0.04215999999996711	epochs	3.0
1580.5166000457764	0.08320000000003347	epochs	2.0
1580.5166000457764	0.04176000000006752	epochs	3.0
1580.5583600457765	0.04143999999996595	epochs	3.0
1580.5998000457764	0.08151999999995496	epochs	2.0
1580.5998000457764	0.040960000000040964	epochs	3.0
1580.6407600457765	0.040559999999914	epochs	3.0
1580.6813200457764	0.08007999999995263	epochs	2.0
1580.6813200457764	0.0402400000000398	epochs	3.0
1580.7215600457764	0.039839999999912834	epochs	3.0
1580.7614000457763	0.0786399999999503	epochs	2.0
1580.7614000457763	0.039520000000038635	epochs	3.0
1580.8009200457764	0.03911999999991167	epochs	3.0
1580.8400400457763	0.07720000000017535	epochs	2.0
1580.8400400457763	0.03880000000003747	epochs	3.0
1580.8788400457763	0.03840000000013788	epochs	3.0
1580.9172400457765	0.07591999999999643	epochs	2.0
1580.9172400457765	0.038159999999834326	epochs	3.0
1580.9554000457763	0.03776000000016211	epochs	3.0
1580.9931600457764	0.0745600000000195	epochs	2.0
1580.9931600457764	0.03743999999983316	epochs	3.0
1581.0306000457763	0.03712000000018634	epochs	3.0
1581.0677200457765	0.07335999999986598	epochs	2.0
1581.0677200457765	0.03679999999985739	epochs	3.0
1581.1045200457763	0.036560000000008586	epochs	3.0
1581.1410800457763	0.07208000000014181	epochs	2.0
1581.1410800457763	0.036160000000108994	epochs	3.0
1581.1772400457764	0.035920000000032815	epochs	3.0
1581.2131600457765	0.07087999999998829	epochs	2.0
1581.2131600457765	0.03559999999993124	epochs	3.0
1581.2487600457764	0.035280000000057044	epochs	3.0
1581.2840400457765	0.06983999999988555	epochs	2.0
1581.2840400457765	0.035039999999980864	epochs	3.0
1581.3190800457764	0.034799999999904685	epochs	3.0
1581.3538800457764	0.0686399999999594	epochs	2.0
1581.3538800457764	0.034480000000030486	epochs	3.0
1581.3883600457764	0.034159999999928914	epochs	3.0
1581.4225200457763	0.06760000000008404	epochs	2.0
1581.4225200457763	0.03392000000008011	epochs	3.0
1581.4564400457764	0.03368000000000393	epochs	3.0
1581.4901200457764	0.0665599999999813	epochs	2.0
1581.4901200457764	0.03343999999992775	epochs	3.0
1581.5235600457763	0.03312000000005355	epochs	3.0
1581.5566800457764	0.06559999999990396	epochs	2.0
1581.5566800457764	0.032960000000002765	epochs	3.0
1581.5896400457764	0.03263999999990119	epochs	3.0
1581.6222800457763	0.0645600000000286	epochs	2.0
1581.6222800457763	0.03240000000005239	epochs	3.0
1581.6546800457763	0.03215999999997621	epochs	3.0
1581.6868400457763	0.06367999999997664	epochs	2.0
1581.6868400457763	0.032000000000152795	epochs	3.0
1581.7188400457765	0.03167999999982385	epochs	3.0
1581.7505200457763	0.06272000000012667	epochs	2.0
1581.7505200457763	0.03143999999997504	epochs	3.0
1581.7819600457763	0.03128000000015163	epochs	3.0
1581.8132400457764	0.06183999999984735	epochs	2.0
1581.8132400457764	0.031039999999848078	epochs	3.0
1581.8442800457763	0.030799999999999272	epochs	3.0
1581.8750800457763	0.060960000000022774	epochs	2.0
1581.8750800457763	0.030560000000150467	epochs	3.0
1581.9056400457764	0.030399999999872307	epochs	3.0
1581.9360400457763	0.060159999999996217	epochs	2.0
1581.9360400457763	0.0301600000000235	epochs	3.0
1581.9662000457763	0.029999999999972715	epochs	3.0
1581.9962000457763	0.05928000000017164	epochs	2.0
1581.9962000457763	0.029680000000098516	epochs	3.0
1582.0258800457764	0.029600000000073123	epochs	3.0
1582.0554800457764	0.05847999999991771	epochs	2.0
1582.0554800457764	0.029359999999996944	epochs	3.0
1582.0848400457764	0.029119999999920765	epochs	3.0
1582.1139600457764	0.057759999999916545	epochs	2.0
1582.1139600457764	0.028960000000097352	epochs	3.0
1582.1429200457765	0.028799999999819192	epochs	3.0
1582.1717200457763	0.05696000000011736	epochs	2.0
1582.1717200457763	0.028559999999970387	epochs	3.0
1582.2002800457763	0.028400000000146974	epochs	3.0
1582.2286800457764	0.05623999999988882	epochs	2.0
1582.2286800457764	0.028160000000070795	epochs	3.0
1582.2568400457765	0.02807999999981803	epochs	3.0
1582.2849200457763	0.05544000000008964	epochs	2.0
1582.2849200457763	0.027839999999969223	epochs	3.0
1582.3127600457763	0.027600000000120417	epochs	3.0
1582.3403600457764	0.05487999999991189	epochs	2.0
1582.3403600457764	0.027520000000095024	epochs	3.0
1582.3678800457765	0.027359999999816864	epochs	3.0
1582.3952400457763	0.054080000000112705	epochs	2.0
1582.3952400457763	0.02711999999996806	epochs	3.0
1582.4223600457763	0.026960000000144646	epochs	3.0
1582.4493200457764	0.05343999999990956	epochs	2.0
1582.4493200457764	0.026799999999866486	epochs	3.0
1582.4761200457763	0.026640000000043074	epochs	3.0
1582.5027600457763	0.05287999999995918	epochs	2.0
1582.5027600457763	0.026479999999992287	epochs	3.0
1582.5292400457763	0.026399999999966894	epochs	3.0
1582.5556400457763	0.05216000000018539	epochs	2.0
1582.5556400457763	0.02616000000011809	epochs	3.0
1582.5818000457764	0.026000000000067303	epochs	3.0
1582.6078000457765	0.05151999999998225	epochs	2.0
1582.6078000457765	0.025840000000016516	epochs	3.0
1582.6336400457765	0.02567999999996573	epochs	3.0
1582.6593200457764	0.05096000000003187	epochs	2.0
1582.6593200457764	0.025599999999940337	epochs	3.0
1582.6849200457764	0.02536000000009153	epochs	3.0
1582.7102800457765	0.05039999999985412	epochs	2.0
1582.7102800457765	0.025279999999838765	epochs	3.0
1582.7355600457763	0.025120000000015352	epochs	3.0
1582.7606800457763	0.04976000000010572	epochs	2.0
1582.7606800457763	0.024959999999964566	epochs	3.0
1582.7856400457763	0.024800000000141154	epochs	3.0
1582.8104400457764	0.04919999999992797	epochs	2.0
1582.8104400457764	0.024639999999862994	epochs	3.0
1582.8350800457763	0.024560000000064974	epochs	3.0
1582.8596400457764	0.04872000000000298	epochs	2.0
1582.8596400457764	0.024400000000014188	epochs	3.0
1582.8840400457764	0.024319999999988795	epochs	3.0
1582.9083600457764	0.04808000000002721	epochs	2.0
1582.9083600457764	0.024079999999912616	epochs	3.0
1582.9324400457763	0.024000000000114596	epochs	3.0
1582.9564400457764	0.047599999999874854	epochs	2.0
1582.9564400457764	0.02384000000006381	epochs	3.0
1582.9802800457765	0.023759999999811043	epochs	3.0
1583.0040400457763	0.04712000000017724	epochs	2.0
1583.0040400457763	0.023600000000215005	epochs	3.0
1583.0276400457765	0.023519999999962238	epochs	3.0
1583.0511600457764	0.04655999999999949	epochs	2.0
1583.0511600457764	0.02335999999991145	epochs	3.0
1583.0745200457764	0.02320000000008804	epochs	3.0
1583.0977200457764	0.04607999999984713	epochs	2.0
1583.0977200457764	0.023119999999835272	epochs	3.0
1583.1208400457763	0.02296000000001186	epochs	3.0
1583.1438000457763	0.04560000000014952	epochs	2.0
1583.1438000457763	0.022879999999986467	epochs	3.0
1583.1666800457763	0.022720000000163054	epochs	3.0
1583.1894000457764	0.04511999999999716	epochs	2.0
1583.1894000457764	0.022639999999910287	epochs	3.0
1583.2120400457763	0.022480000000086875	epochs	3.0
1583.2345200457764	0.044639999999844804	epochs	2.0
1583.2345200457764	0.022399999999834108	epochs	3.0
1583.2569200457763	0.022240000000010696	epochs	3.0
1583.2791600457763	0.044240000000172586	epochs	2.0
1583.2791600457763	0.022159999999985303	epochs	3.0
1583.3013200457763	0.022080000000187283	epochs	3.0
1583.3234000457765	0.04376000000002023	epochs	2.0
1583.3234000457765	0.021919999999909123	epochs	3.0
1583.3453200457764	0.021840000000111104	epochs	3.0
1583.3671600457765	0.04335999999989326	epochs	2.0
1583.3671600457765	0.021759999999858337	epochs	3.0
1583.3889200457763	0.021600000000034925	epochs	3.0
1583.4105200457764	0.04287999999996828	epochs	2.0
1583.4105200457764	0.02143999999998414	epochs	3.0
1583.4319600457763	0.02143999999998414	epochs	3.0
1583.4534000457763	0.042480000000068685	epochs	2.0
1583.4534000457763	0.021279999999933352	epochs	3.0
1583.4746800457763	0.021200000000135333	epochs	3.0
1583.4958800457764	0.04207999999994172	epochs	2.0
1583.4958800457764	0.021039999999857173	epochs	3.0
1583.5169200457763	0.021040000000084547	epochs	3.0
1583.5379600457763	0.04168000000004213	epochs	2.0
1583.5379600457763	0.02088000000003376	epochs	3.0
1583.5588400457764	0.020800000000008367	epochs	3.0
1583.5796400457764	0.04119999999988977	epochs	2.0
1583.5796400457764	0.02063999999995758	epochs	3.0
1583.6002800457763	0.020559999999932188	epochs	3.0
1583.6208400457763	0.04088000000001557	epochs	2.0
1583.6208400457763	0.020560000000159562	epochs	3.0
1583.6414000457764	0.02031999999985601	epochs	3.0
1583.6617200457763	0.04056000000014137	epochs	2.0
1583.6617200457763	0.020320000000083382	epochs	3.0
1583.6820400457764	0.02024000000005799	epochs	3.0
1583.7022800457764	0.04007999999998901	epochs	2.0
1583.7022800457764	0.020080000000007203	epochs	3.0
1583.7223600457764	0.01999999999998181	epochs	3.0
1583.7423600457764	0.03975999999988744	epochs	2.0
1583.7423600457764	0.019919999999956417	epochs	3.0
1583.7622800457764	0.019839999999931024	epochs	3.0
1583.7821200457763	0.03944000000001324	epochs	2.0
1583.7821200457763	0.019760000000133005	epochs	3.0
1583.8018800457764	0.019679999999880238	epochs	3.0
1583.8215600457763	0.03904000000011365	epochs	2.0
1583.8215600457763	0.019520000000056825	epochs	3.0
1583.8410800457764	0.019520000000056825	epochs	3.0
1583.8606000457764	0.038639999999986685	epochs	2.0
1583.8606000457764	0.01936000000000604	epochs	3.0
1583.8799600457764	0.019279999999980646	epochs	3.0
1583.8992400457764	0.038399999999910506	epochs	2.0
1583.8992400457764	0.019279999999980646	epochs	3.0
1583.9185200457764	0.01911999999992986	epochs	3.0
1583.9376400457763	0.038000000000010914	epochs	2.0
1583.9376400457763	0.01904000000013184	epochs	3.0
1583.9566800457765	0.018959999999879074	epochs	3.0
1583.9756400457763	0.03767999999990934	epochs	2.0
1583.9756400457763	0.018880000000081054	epochs	3.0
1583.9945200457764	0.018799999999828287	epochs	3.0
1584.0133200457763	0.03736000000003514	epochs	2.0
1584.0133200457763	0.018720000000030268	epochs	3.0
1584.0320400457763	0.018640000000004875	epochs	3.0
1584.0506800457763	0.037040000000160944	epochs	2.0
1584.0506800457763	0.018559999999979482	epochs	3.0
1584.0692400457763	0.018480000000181462	epochs	3.0
1584.0877200457765	0.036719999999832	epochs	2.0
1584.0877200457765	0.018399999999928696	epochs	3.0
1584.1061200457764	0.018319999999903303	epochs	3.0
1584.1244400457763	0.03647999999998319	epochs	2.0
1584.1244400457763	0.018240000000105283	epochs	3.0
1584.1426800457764	0.01823999999987791	epochs	3.0
1584.1609200457763	0.0360800000000836	epochs	2.0
1584.1609200457763	0.018080000000054497	epochs	3.0
1584.1790000457763	0.018000000000029104	epochs	3.0
1584.1970000457763	0.03584000000000742	epochs	2.0
1584.1970000457763	0.01792000000000371	epochs	3.0
1584.2149200457764	0.01792000000000371	epochs	3.0
1584.2328400457764	0.03551999999990585	epochs	2.0
1584.2328400457764	0.017759999999952925	epochs	3.0
1584.2506000457763	0.017759999999952925	epochs	3.0
1584.2683600457763	0.03520000000003165	epochs	2.0
1584.2683600457763	0.017680000000154905	epochs	3.0
1584.2860400457764	0.017519999999876745	epochs	3.0
1584.3035600457763	0.034960000000182845	epochs	2.0
1584.3035600457763	0.01752000000010412	epochs	3.0
1584.3210800457764	0.017440000000078726	epochs	3.0
1584.3385200457765	0.03471999999987929	epochs	2.0
1584.3385200457765	0.017439999999851352	epochs	3.0
1584.3559600457763	0.01728000000002794	epochs	3.0
1584.3732400457764	0.03440000000000509	epochs	2.0
1584.3732400457764	0.017200000000002547	epochs	3.0
1584.3904400457764	0.017200000000002547	epochs	3.0
1584.4076400457764	0.034159999999928914	epochs	2.0
1584.4076400457764	0.017119999999977153	epochs	3.0
1584.4247600457763	0.01703999999995176	epochs	3.0
1584.4418000457763	0.033840000000054715	epochs	2.0
1584.4418000457763	0.01696000000015374	epochs	3.0
1584.4587600457764	0.016879999999900974	epochs	3.0
1584.4756400457763	0.033599999999978536	epochs	2.0
1584.4756400457763	0.016800000000102955	epochs	3.0
1584.4924400457764	0.01679999999987558	epochs	3.0
1584.5092400457763	0.03336000000012973	epochs	2.0
1584.5092400457763	0.01672000000007756	epochs	3.0
1584.5259600457764	0.01664000000005217	epochs	3.0
1584.5426000457765	0.03311999999982618	epochs	2.0
1584.5426000457765	0.016560000000026776	epochs	3.0
1584.5591600457765	0.016559999999799402	epochs	3.0
1584.5757200457763	0.03280000000017935	epochs	2.0
1584.5757200457763	0.016400000000203363	epochs	3.0
1584.5921200457765	0.01639999999997599	epochs	3.0
1584.6085200457765	0.0325599999998758	epochs	2.0
1584.6085200457765	0.016319999999950596	epochs	3.0
1584.6248400457764	0.016239999999925203	epochs	3.0
1584.6410800457763	0.03240000000005239	epochs	2.0
1584.6410800457763	0.016239999999925203	epochs	3.0
1584.6573200457763	0.016160000000127184	epochs	3.0
1584.6734800457764	0.032079999999950815	epochs	2.0
1584.6734800457764	0.016079999999874417	epochs	3.0
1584.6895600457763	0.016000000000076398	epochs	3.0
1584.7055600457763	0.0319200000001274	epochs	2.0
1584.7055600457763	0.016000000000076398	epochs	3.0
1584.7215600457764	0.015920000000051004	epochs	3.0
1584.7374800457765	0.031599999999798456	epochs	2.0
1584.7374800457765	0.015839999999798238	epochs	3.0
1584.7533200457763	0.01576000000000022	epochs	3.0
1584.7690800457763	0.03144000000020242	epochs	2.0
1584.7690800457763	0.01576000000000022	epochs	3.0
1584.7848400457763	0.0156800000002022	epochs	3.0
1584.8005200457765	0.031199999999898864	epochs	2.0
1584.8005200457765	0.015599999999949432	epochs	3.0
1584.8161200457764	0.015599999999949432	epochs	3.0
1584.8317200457764	0.03096000000005006	epochs	2.0
1584.8317200457764	0.015519999999924039	epochs	3.0
1584.8472400457763	0.01544000000012602	epochs	3.0
1584.8626800457764	0.03071999999997388	epochs	2.0
1584.8626800457764	0.015439999999898646	epochs	3.0
1584.8781200457763	0.015280000000075233	epochs	3.0
1584.8934000457764	0.030559999999923093	epochs	2.0
1584.8934000457764	0.015359999999873253	epochs	3.0
1584.9087600457763	0.01520000000004984	epochs	3.0
1584.9239600457763	0.030320000000074288	epochs	2.0
1584.9239600457763	0.01520000000004984	epochs	3.0
1584.9391600457764	0.015120000000024447	epochs	3.0
1584.9542800457764	0.030079999999998108	epochs	2.0
1584.9542800457764	0.015120000000024447	epochs	3.0
1584.9694000457764	0.014959999999973661	epochs	3.0
1584.9843600457764	0.029919999999947322	epochs	2.0
1584.9843600457764	0.015039999999999054	epochs	3.0
1584.9994000457764	0.014879999999948268	epochs	3.0
1585.0142800457763	0.029680000000098516	epochs	2.0
1585.0142800457763	0.014879999999948268	epochs	3.0
1585.0291600457763	0.014800000000150249	epochs	3.0
1585.0439600457764	0.02952000000004773	epochs	2.0
1585.0439600457764	0.014799999999922875	epochs	3.0
1585.0587600457764	0.014720000000124855	epochs	3.0
1585.0734800457765	0.02927999999997155	epochs	2.0
1585.0734800457765	0.014719999999897482	epochs	3.0
1585.0882000457764	0.01456000000007407	epochs	3.0
1585.1027600457764	0.029119999999920765	epochs	2.0
1585.1027600457764	0.014639999999872089	epochs	3.0
1585.1174000457763	0.014480000000048676	epochs	3.0
1585.1318800457764	0.028960000000097352	epochs	2.0
1585.1318800457764	0.014480000000048676	epochs	3.0
1585.1463600457764	0.014480000000048676	epochs	3.0
1585.1608400457765	0.02863999999999578	epochs	2.0
1585.1608400457765	0.01431999999999789	epochs	3.0
1585.1751600457765	0.01431999999999789	epochs	3.0
1585.1894800457765	0.028559999999970387	epochs	2.0
1585.1894800457765	0.01431999999999789	epochs	3.0
1585.2038000457765	0.014239999999972497	epochs	3.0
1585.2180400457764	0.028319999999894208	epochs	2.0
1585.2180400457764	0.014159999999947104	epochs	3.0
1585.2322000457764	0.014159999999947104	epochs	3.0
1585.2463600457763	0.028160000000070795	epochs	2.0
1585.2463600457763	0.014159999999947104	epochs	3.0
1585.2605200457763	0.014000000000123691	epochs	3.0
1585.2745200457764	0.02800000000002001	epochs	2.0
1585.2745200457764	0.013999999999896318	epochs	3.0
1585.2885200457763	0.014000000000123691	epochs	3.0
1585.3025200457764	0.02775999999994383	epochs	2.0
1585.3025200457764	0.013919999999870925	epochs	3.0
1585.3164400457763	0.013840000000072905	epochs	3.0
1585.3302800457764	0.027679999999918437	epochs	2.0
1585.3302800457764	0.013840000000072905	epochs	3.0
1585.3441200457764	0.013839999999845531	epochs	3.0
1585.3579600457763	0.02744000000006963	epochs	2.0
1585.3579600457763	0.013760000000047512	epochs	3.0
1585.3717200457763	0.013680000000022119	epochs	3.0
1585.3854000457764	0.027280000000018845	epochs	2.0
1585.3854000457764	0.013680000000022119	epochs	3.0
1585.3990800457764	0.013599999999996726	epochs	3.0
1585.4126800457764	0.02711999999996806	epochs	2.0
1585.4126800457764	0.013519999999971333	epochs	3.0
1585.4262000457763	0.013599999999996726	epochs	3.0
1585.4398000457763	0.026880000000119253	epochs	2.0
1585.4398000457763	0.01343999999994594	epochs	3.0
1585.4532400457763	0.013440000000173313	epochs	3.0
1585.4666800457765	0.026799999999866486	epochs	2.0
1585.4666800457765	0.01343999999994594	epochs	3.0
1585.4801200457764	0.013359999999920547	epochs	3.0
1585.4934800457763	0.02656000000001768	epochs	2.0
1585.4934800457763	0.013280000000122527	epochs	3.0
1585.5067600457764	0.013279999999895153	epochs	3.0
1585.5200400457763	0.026479999999992287	epochs	2.0
1585.5200400457763	0.013280000000122527	epochs	3.0
1585.5333200457765	0.01319999999986976	epochs	3.0
1585.5465200457763	0.026240000000143482	epochs	2.0
1585.5465200457763	0.013120000000071741	epochs	3.0
1585.5596400457764	0.013120000000071741	epochs	3.0
1585.5727600457765	0.026159999999890715	epochs	2.0
1585.5727600457765	0.013119999999844367	epochs	3.0
1585.5858800457763	0.013040000000046348	epochs	3.0
1585.5989200457764	0.026000000000067303	epochs	2.0
1585.5989200457764	0.013040000000046348	epochs	3.0
1585.6119600457764	0.012960000000020955	epochs	3.0
1585.6249200457764	0.025759999999991123	epochs	2.0
1585.6249200457764	0.012879999999995562	epochs	3.0
1585.6378000457764	0.012879999999995562	epochs	3.0
1585.6506800457764	0.02567999999996573	epochs	2.0
1585.6506800457764	0.012879999999995562	epochs	3.0
1585.6635600457764	0.012799999999970169	epochs	3.0
1585.6763600457764	0.025519999999914944	epochs	2.0
1585.6763600457764	0.012799999999970169	epochs	3.0
1585.6891600457764	0.012719999999944775	epochs	3.0
1585.7018800457763	0.02536000000009153	epochs	2.0
1585.7018800457763	0.01272000000017215	epochs	3.0
1585.7146000457765	0.012639999999919382	epochs	3.0
1585.7272400457764	0.025200000000040745	epochs	2.0
1585.7272400457764	0.012639999999919382	epochs	3.0
1585.7398800457763	0.012560000000121363	epochs	3.0
1585.7524400457764	0.0245599999998376	epochs	2.0
1585.7765200457764	0.5	epochs	-1.0
1585.7770000457763	0.999920000000202	epochs	1.0
1586.2765200457764	0.5	epochs	-1.0
1592.8599996566772	0.09999999999990905	epochs	0.0
1592.8599996566772	0.044959999999946376	epochs	1.0
1592.9049596566772	0.010080000000016298	epochs	1.0
1592.9150396566772	0.044959999999946376	epochs	1.0
1592.9599996566772	2.0	epochs	0.0
1594.9599996566772	0.5195200000000568	epochs	0.0
1594.9599996566772	0.5195200000000568	epochs	1.0
1594.9599996566772	0.5	epochs	-1.0
1595.4599996566772	0.019520000000056825	epochs	-1.0
1595.4795196566772	21.480400000000145	epochs	0.0
1612.7030000686646	0.09999999999990905	epochs	0.0
1612.7030000686646	0.044959999999946376	epochs	1.0
1612.7479600686645	0.010080000000016298	epochs	1.0
1612.7580400686645	0.044959999999946376	epochs	1.0
1612.8030000686645	0.2299199999999928	epochs	0.0
1612.8030000686645	0.0500000000001819	epochs	1.0
1612.8530000686646	0.009999999999990905	epochs	1.0
1612.8630000686646	0.049999999999954525	epochs	1.0
1612.9130000686646	0.009999999999990905	epochs	1.0
1612.9230000686646	0.049999999999954525	epochs	1.0
1612.9730000686645	0.009999999999990905	epochs	1.0
1612.9830000686645	0.04991999999992913	epochs	1.0
