onset	duration	nwb_table	treelevel
8.254000186920166	0.09999999999999964	epochs	0.0
8.254000186920166	0.04499999999999993	epochs	1.0
8.299000186920166	0.010004999999999598	epochs	1.0
8.309005186920166	0.04499500000000012	epochs	1.0
8.354000186920166	0.7049950000000003	epochs	0.0
8.354000186920166	0.5	epochs	-1.0
8.354000186920166	0.5	epochs	-1.0
8.354000186920166	0.5	epochs	1.0
8.854000186920166	0.0600000000000005	epochs	-1.0
8.854000186920166	0.025000000000000355	epochs	-1.0
8.854000186920166	0.025000000000000355	epochs	1.0
8.879000186920166	0.009999999999999787	epochs	-1.0
8.879000186920166	0.009999999999999787	epochs	1.0
8.889000186920166	0.025000000000000355	epochs	-1.0
8.889000186920166	0.025000000000000355	epochs	1.0
8.914000186920166	0.0600000000000005	epochs	-1.0
8.914000186920166	0.025000000000000355	epochs	-1.0
8.914000186920166	0.025000000000000355	epochs	1.0
8.939000186920167	0.009999999999999787	epochs	-1.0
8.939000186920167	0.009999999999999787	epochs	1.0
8.949000186920166	0.025000000000000355	epochs	-1.0
8.949000186920166	0.025000000000000355	epochs	1.0
8.974000186920167	0.05999999999999872	epochs	-1.0
8.974000186920167	0.02499999999999858	epochs	-1.0
8.974000186920167	0.02499999999999858	epochs	1.0
8.999000186920165	0.010000000000001563	epochs	-1.0
8.999000186920165	0.010000000000001563	epochs	1.0
9.009000186920167	0.02499999999999858	epochs	-1.0
9.009000186920167	0.02499999999999858	epochs	1.0
9.034000186920165	0.024995000000000545	epochs	1.0
230.1740002632141	0.09999999999999432	epochs	0.0
230.1740002632141	0.044999999999987494	epochs	1.0
230.2190002632141	0.010005000000006703	epochs	1.0
230.2290052632141	0.04499500000000012	epochs	1.0
230.2740002632141	0.7049949999999967	epochs	0.0
230.2740002632141	0.5	epochs	-1.0
230.2740002632141	0.5	epochs	1.0
230.7740002632141	0.060000000000002274	epochs	-1.0
230.7740002632141	0.025000000000005684	epochs	-1.0
230.7740002632141	0.025000000000005684	epochs	1.0
230.7990002632141	0.009999999999990905	epochs	-1.0
230.7990002632141	0.009999999999990905	epochs	1.0
230.8090002632141	0.025000000000005684	epochs	-1.0
230.8090002632141	0.025000000000005684	epochs	1.0
230.8340002632141	0.060000000000002274	epochs	-1.0
230.8340002632141	0.025000000000005684	epochs	-1.0
230.8340002632141	0.025000000000005684	epochs	1.0
230.8590002632141	0.009999999999990905	epochs	-1.0
230.8590002632141	0.009999999999990905	epochs	1.0
230.8690002632141	0.025000000000005684	epochs	-1.0
230.8690002632141	0.025000000000005684	epochs	1.0
230.8940002632141	0.060000000000002274	epochs	-1.0
230.8940002632141	0.025000000000005684	epochs	-1.0
230.8940002632141	0.025000000000005684	epochs	1.0
230.91900026321412	0.009999999999990905	epochs	-1.0
230.91900026321412	0.009999999999990905	epochs	1.0
230.9290002632141	0.025000000000005684	epochs	-1.0
230.9290002632141	0.025000000000005684	epochs	1.0
230.9540002632141	0.024994999999989886	epochs	1.0
296.6230001449585	0.10000000000002274	epochs	0.0
296.6230001449585	0.045000000000015916	epochs	1.0
296.6680001449585	0.010004999999978281	epochs	1.0
296.6780051449585	0.04499500000002854	epochs	1.0
296.7230001449585	61.384995	epochs	0.0
296.7230001449585	0.5	epochs	-1.0
296.7230001449585	0.5	epochs	-1.0
296.7230001449585	0.5	epochs	1.0
297.2230001449585	0.060000000000002274	epochs	-1.0
297.2230001449585	0.024999999999977263	epochs	-1.0
297.2230001449585	0.024999999999977263	epochs	1.0
297.2480001449585	0.009999999999990905	epochs	-1.0
297.2480001449585	0.009999999999990905	epochs	1.0
297.2580001449585	0.025000000000034106	epochs	-1.0
297.2580001449585	0.025000000000034106	epochs	1.0
297.2830001449585	0.060000000000002274	epochs	-1.0
297.2830001449585	0.024999999999977263	epochs	-1.0
297.2830001449585	0.024999999999977263	epochs	1.0
297.3080001449585	0.009999999999990905	epochs	-1.0
297.3080001449585	0.009999999999990905	epochs	1.0
297.3180001449585	0.025000000000034106	epochs	-1.0
297.3180001449585	0.025000000000034106	epochs	1.0
297.3430001449585	0.05999999999994543	epochs	-1.0
297.3430001449585	0.024999999999977263	epochs	-1.0
297.3430001449585	0.024999999999977263	epochs	1.0
297.3680001449585	0.009999999999990905	epochs	-1.0
297.3680001449585	0.009999999999990905	epochs	1.0
297.3780001449585	0.024999999999977263	epochs	-1.0
297.3780001449585	0.024999999999977263	epochs	1.0
297.40300014495847	60.0	epochs	1.0
357.40300014495847	0.5	epochs	-1.0
357.40300014495847	0.5	epochs	-1.0
357.40300014495847	0.5	epochs	1.0
357.90300014495847	0.06000000000005912	epochs	-1.0
357.90300014495847	0.025000000000034106	epochs	-1.0
357.90300014495847	0.025000000000034106	epochs	1.0
357.9280001449585	0.009999999999990905	epochs	-1.0
357.9280001449585	0.009999999999990905	epochs	1.0
357.9380001449585	0.025000000000034106	epochs	-1.0
357.9380001449585	0.025000000000034106	epochs	1.0
357.9630001449585	0.05999999999994543	epochs	-1.0
357.9630001449585	0.024999999999977263	epochs	-1.0
357.9630001449585	0.024999999999977263	epochs	1.0
357.9880001449585	0.009999999999990905	epochs	-1.0
357.9880001449585	0.009999999999990905	epochs	1.0
357.9980001449585	0.024999999999977263	epochs	-1.0
357.9980001449585	0.024999999999977263	epochs	1.0
358.0230001449585	0.060000000000002274	epochs	-1.0
358.0230001449585	0.025000000000034106	epochs	-1.0
358.0230001449585	0.025000000000034106	epochs	1.0
358.0480001449585	0.009999999999990905	epochs	-1.0
358.0480001449585	0.009999999999990905	epochs	1.0
358.0580001449585	0.024999999999977263	epochs	-1.0
358.0580001449585	0.024999999999977263	epochs	1.0
358.0830001449585	0.02499500000004673	epochs	1.0
397.78000020980835	0.10000000000002274	epochs	0.0
397.78000020980835	0.045000000000015916	epochs	1.0
397.82500020980837	0.010004999999978281	epochs	1.0
397.83500520980834	0.04499500000002854	epochs	1.0
397.8800002098084	0.7049949999999967	epochs	0.0
397.8800002098084	0.5	epochs	-1.0
397.8800002098084	0.5	epochs	-1.0
397.8800002098084	0.5	epochs	1.0
398.3800002098084	0.060000000000002274	epochs	-1.0
398.3800002098084	0.024999999999977263	epochs	-1.0
398.3800002098084	0.024999999999977263	epochs	1.0
398.40500020980835	0.009999999999990905	epochs	-1.0
398.40500020980835	0.009999999999990905	epochs	1.0
398.41500020980834	0.025000000000034106	epochs	-1.0
398.41500020980834	0.025000000000034106	epochs	1.0
398.4400002098084	0.060000000000002274	epochs	-1.0
398.4400002098084	0.024999999999977263	epochs	-1.0
398.4400002098084	0.024999999999977263	epochs	1.0
398.46500020980835	0.009999999999990905	epochs	-1.0
398.46500020980835	0.009999999999990905	epochs	1.0
398.47500020980834	0.025000000000034106	epochs	-1.0
398.47500020980834	0.025000000000034106	epochs	1.0
398.5000002098084	0.05999999999994543	epochs	-1.0
398.5000002098084	0.024999999999977263	epochs	-1.0
398.5000002098084	0.024999999999977263	epochs	1.0
398.52500020980835	0.009999999999990905	epochs	-1.0
398.52500020980835	0.009999999999990905	epochs	1.0
398.53500020980835	0.024999999999977263	epochs	-1.0
398.53500020980835	0.024999999999977263	epochs	1.0
398.5600002098083	0.02499500000004673	epochs	1.0
481.7890000343323	0.1048200000000179	epochs	0.0
481.7890000343323	0.0473999999999819	epochs	1.0
481.83640003433226	0.010019999999997253	epochs	1.0
481.84642003433225	0.047400000000038744	epochs	1.0
481.8938200343323	5.999979999999994	epochs	0.0
481.8938200343323	0.5	epochs	1.0
481.8938218343323	0.5	epochs	-1.0
481.8938218343323	0.5	epochs	-1.0
482.3938200343323	5.0	epochs	1.0
487.3938200343323	0.49997999999999365	epochs	1.0
487.3938218343323	0.4999781999999868	epochs	-1.0
496.5970001220703	0.1048200000000179	epochs	0.0
496.5970001220703	0.0473999999999819	epochs	1.0
496.6444001220703	0.010019999999997253	epochs	1.0
496.6544201220703	0.047400000000038744	epochs	1.0
496.70182012207033	2.556060000000002	epochs	0.0
496.70182012207033	0.5	epochs	1.0
496.70182192207034	0.5	epochs	-1.0
497.20182012207033	1.0	epochs	1.0
498.20182012207033	1.0560600000000022	epochs	1.0
498.70182192207034	0.5	epochs	-1.0
499.25788012207033	0.9439199999999914	epochs	0.0
500.4130001068115	0.1048200000000179	epochs	0.0
500.4130001068115	0.0473999999999819	epochs	1.0
500.4604001068115	0.010019999999997253	epochs	1.0
500.4704201068115	0.047400000000038744	epochs	1.0
500.51782010681154	2.556039999999996	epochs	0.0
500.51782010681154	0.5	epochs	1.0
500.51782190681155	0.5	epochs	-1.0
501.01782010681154	1.0	epochs	1.0
502.01782010681154	1.0560399999999959	epochs	1.0
502.51782190681155	0.5	epochs	-1.0
503.07386010681154	0.9439399999999978	epochs	0.0
504.2300000190735	0.1048200000000179	epochs	0.0
504.2300000190735	0.0473999999999819	epochs	1.0
504.27740001907347	0.010019999999997253	epochs	1.0
504.28742001907347	0.047400000000038744	epochs	1.0
504.3348200190735	2.556060000000002	epochs	0.0
504.3348200190735	0.5	epochs	1.0
504.3348218190735	0.5	epochs	-1.0
504.8348200190735	1.0	epochs	1.0
505.8348200190735	1.0560600000000022	epochs	1.0
506.3348218190735	0.5	epochs	-1.0
506.8908800190735	0.9439199999999914	epochs	0.0
508.0700001716614	0.1048200000000179	epochs	0.0
508.0700001716614	0.0473999999999819	epochs	1.0
508.11740017166136	0.010019999999997253	epochs	1.0
508.12742017166136	0.047400000000038744	epochs	1.0
508.1748201716614	2.555059999999969	epochs	0.0
508.1748201716614	0.5	epochs	1.0
508.1748219716614	0.5	epochs	-1.0
508.6748201716614	1.0	epochs	1.0
509.6748201716614	1.055059999999969	epochs	1.0
510.1748219716614	0.5	epochs	-1.0
510.72988017166136	0.9449200000000246	epochs	0.0
511.95300006866455	0.1048200000000179	epochs	0.0
511.95300006866455	0.047400000000038744	epochs	1.0
512.0004000686646	0.01001999999994041	epochs	1.0
512.0104200686645	0.047400000000038744	epochs	1.0
512.0578200686646	2.556060000000002	epochs	0.0
512.0578200686646	0.5	epochs	1.0
512.0578218686645	0.5	epochs	-1.0
512.5578200686646	1.0	epochs	1.0
513.5578200686646	1.0560600000000022	epochs	1.0
514.0578218686645	0.5	epochs	-1.0
514.6138800686646	0.9439199999999346	epochs	0.0
515.8619999885559	0.15297999999995682	epochs	0.0
515.8619999885559	0.049999999999954525	epochs	1.0
515.9119999885559	0.0030000000000427463	epochs	1.0
515.9149999885559	0.09997999999995955	epochs	1.0
517.295000076294	0.15297999999995682	epochs	0.0
517.295000076294	0.049999999999954525	epochs	1.0
517.3450000762939	0.0030000000000427463	epochs	1.0
517.3480000762939	0.09997999999995955	epochs	1.0
518.7450003623962	0.15297999999995682	epochs	0.0
518.7450003623962	0.049999999999954525	epochs	1.0
518.7950003623962	0.0030000000000427463	epochs	1.0
518.7980003623962	0.09997999999995955	epochs	1.0
520.2290000915527	0.15297999999995682	epochs	0.0
520.2290000915527	0.049999999999954525	epochs	1.0
520.2790000915527	0.0030000000000427463	epochs	1.0
520.2820000915527	0.09997999999995955	epochs	1.0
521.679000377655	0.15297999999995682	epochs	0.0
521.679000377655	0.049999999999954525	epochs	1.0
521.729000377655	0.0030000000000427463	epochs	1.0
521.732000377655	0.09997999999995955	epochs	1.0
523.1950001716614	0.15297999999995682	epochs	0.0
523.1950001716614	0.049999999999954525	epochs	1.0
523.2450001716613	0.0030000000000427463	epochs	1.0
523.2480001716614	0.09997999999995955	epochs	1.0
524.6620001792908	0.15297999999995682	epochs	0.0
524.6620001792908	0.049999999999954525	epochs	1.0
524.7120001792907	0.0030000000000427463	epochs	1.0
524.7150001792908	0.09997999999995955	epochs	1.0
526.1620001792908	0.15297999999995682	epochs	0.0
526.1620001792908	0.049999999999954525	epochs	1.0
526.2120001792907	0.0030000000000427463	epochs	1.0
526.2150001792908	0.09997999999995955	epochs	1.0
527.6620001792908	0.15297999999995682	epochs	0.0
527.6620001792908	0.049999999999954525	epochs	1.0
527.7120001792907	0.0030000000000427463	epochs	1.0
527.7150001792908	0.09997999999995955	epochs	1.0
529.1960000991821	0.15297999999995682	epochs	0.0
529.1960000991821	0.049999999999954525	epochs	1.0
529.2460000991821	0.0030000000000427463	epochs	1.0
529.2490000991821	0.09997999999995955	epochs	1.0
530.7120003700256	0.15297999999995682	epochs	0.0
530.7120003700256	0.049999999999954525	epochs	1.0
530.7620003700256	0.0030000000000427463	epochs	1.0
530.7650003700256	0.09997999999995955	epochs	1.0
532.2620000839233	0.15297999999995682	epochs	0.0
532.2620000839233	0.049999999999954525	epochs	1.0
532.3120000839233	0.0030000000000427463	epochs	1.0
532.3150000839233	0.09997999999995955	epochs	1.0
533.8289999961853	0.15297999999995682	epochs	0.0
533.8289999961853	0.049999999999954525	epochs	1.0
533.8789999961853	0.0030000000000427463	epochs	1.0
533.8819999961853	0.09997999999995955	epochs	1.0
535.4120001792908	0.15297999999995682	epochs	0.0
535.4120001792908	0.049999999999954525	epochs	1.0
535.4620001792907	0.0030000000000427463	epochs	1.0
535.4650001792908	0.09997999999995955	epochs	1.0
537.0350003242493	0.15297999999995682	epochs	0.0
537.0350003242493	0.049999999999954525	epochs	1.0
537.0850003242492	0.0030000000000427463	epochs	1.0
537.0880003242493	0.09997999999995955	epochs	1.0
538.6350002288818	0.15297999999995682	epochs	0.0
538.6350002288818	0.049999999999954525	epochs	1.0
538.6850002288818	0.0030000000000427463	epochs	1.0
538.6880002288818	0.09997999999995955	epochs	1.0
540.2850003242493	0.15297999999995682	epochs	0.0
540.2850003242493	0.049999999999954525	epochs	1.0
540.3350003242492	0.0030000000000427463	epochs	1.0
540.3380003242493	0.09997999999995955	epochs	1.0
541.9349999427795	0.15297999999995682	epochs	0.0
541.9349999427795	0.049999999999954525	epochs	1.0
541.9849999427795	0.0030000000000427463	epochs	1.0
541.9879999427795	0.09997999999995955	epochs	1.0
543.6350002288818	0.15297999999995682	epochs	0.0
543.6350002288818	0.049999999999954525	epochs	1.0
543.6850002288818	0.0030000000000427463	epochs	1.0
543.6880002288818	0.09997999999995955	epochs	1.0
545.3520002365112	0.15297999999995682	epochs	0.0
545.3520002365112	0.049999999999954525	epochs	1.0
545.4020002365112	0.0030000000000427463	epochs	1.0
545.4050002365112	0.09997999999995955	epochs	1.0
547.0710000991821	0.15297999999995682	epochs	0.0
547.0710000991821	0.049999999999954525	epochs	1.0
547.1210000991821	0.0030000000000427463	epochs	1.0
547.1240000991821	0.09997999999995955	epochs	1.0
548.8210000991821	0.15297999999995682	epochs	0.0
548.8210000991821	0.049999999999954525	epochs	1.0
548.8710000991821	0.0030000000000427463	epochs	1.0
548.8740000991821	0.09997999999995955	epochs	1.0
550.5880002975464	0.15297999999995682	epochs	0.0
550.5880002975464	0.049999999999954525	epochs	1.0
550.6380002975463	0.0030000000000427463	epochs	1.0
550.6410002975464	0.09997999999995955	epochs	1.0
552.371000289917	0.15297999999995682	epochs	0.0
552.371000289917	0.049999999999954525	epochs	1.0
552.421000289917	0.0030000000000427463	epochs	1.0
552.424000289917	0.09997999999995955	epochs	1.0
554.188000202179	0.15297999999995682	epochs	0.0
554.188000202179	0.049999999999954525	epochs	1.0
554.2380002021789	0.0030000000000427463	epochs	1.0
554.241000202179	0.09997999999995955	epochs	1.0
556.0209999084473	0.1048200000000179	epochs	0.0
556.0209999084473	0.047400000000038744	epochs	1.0
556.0683999084473	0.01001999999994041	epochs	1.0
556.0784199084472	0.047400000000038744	epochs	1.0
556.1258199084473	1.5350599999999304	epochs	0.0
556.1258199084473	0.5	epochs	1.0
556.1258217084472	0.5	epochs	-1.0
556.6258199084473	0.0029999999999290594	epochs	1.0
556.6288199084472	1.0320600000000013	epochs	1.0
557.1288217084473	0.5	epochs	-1.0
557.6608799084472	0.06792000000007192	epochs	0.0
559.375	0.1048200000000179	epochs	0.0
559.375	0.047400000000038744	epochs	1.0
559.4224	0.01001999999994041	epochs	1.0
559.43242	0.047400000000038744	epochs	1.0
559.47982	1.5550600000000259	epochs	0.0
559.47982	0.5	epochs	1.0
559.4798218	0.5	epochs	-1.0
559.97982	0.0029999999999290594	epochs	1.0
559.98282	1.0520600000000968	epochs	1.0
560.4828218	0.5	epochs	-1.0
561.03488	0.047919999999976426	epochs	0.0
562.5920000076294	0.1048200000000179	epochs	0.0
562.5920000076294	0.047400000000038744	epochs	1.0
562.6394000076294	0.01001999999994041	epochs	1.0
562.6494200076294	0.047400000000038744	epochs	1.0
562.6968200076294	1.5360399999999572	epochs	0.0
562.6968200076294	0.5	epochs	1.0
562.6968218076294	0.5	epochs	-1.0
563.1968200076294	0.0029999999999290594	epochs	1.0
563.1998200076293	1.0330400000000282	epochs	1.0
563.6998218076294	0.5	epochs	-1.0
564.2328600076294	0.06694000000004507	epochs	0.0
565.808000087738	0.1048200000000179	epochs	0.0
565.808000087738	0.047400000000038744	epochs	1.0
565.8554000877381	0.01001999999994041	epochs	1.0
565.865420087738	0.047400000000038744	epochs	1.0
565.912820087738	1.5350399999999809	epochs	0.0
565.912820087738	0.5	epochs	1.0
565.912821887738	0.5	epochs	-1.0
566.412820087738	0.0029999999999290594	epochs	1.0
566.415820087738	1.0320400000000518	epochs	1.0
566.915821887738	0.5	epochs	-1.0
567.447860087738	0.06794000000002143	epochs	0.0
569.1240000724792	0.6499800000000278	epochs	0.0
569.1240000724792	0.049999999999954525	epochs	1.0
569.1740000724792	0.5	epochs	1.0
569.6740000724792	0.09998000000007323	epochs	1.0
571.4409999847412	0.6499800000000278	epochs	0.0
571.4409999847412	0.049999999999954525	epochs	1.0
571.4909999847412	0.5	epochs	1.0
571.9909999847412	0.09998000000007323	epochs	1.0
573.7910003662109	0.6499800000000278	epochs	0.0
573.7910003662109	0.049999999999954525	epochs	1.0
573.8410003662109	0.5	epochs	1.0
574.3410003662109	0.09998000000007323	epochs	1.0
576.1579999923706	0.6499800000000278	epochs	0.0
576.1579999923706	0.049999999999954525	epochs	1.0
576.2079999923706	0.5	epochs	1.0
576.7079999923706	0.09998000000007323	epochs	1.0
578.5170001983643	0.6499800000000278	epochs	0.0
578.5170001983643	0.049999999999954525	epochs	1.0
578.5670001983642	0.5	epochs	1.0
579.0670001983642	0.09998000000007323	epochs	1.0
580.9170002937317	0.6499800000000278	epochs	0.0
580.9170002937317	0.049999999999954525	epochs	1.0
580.9670002937316	0.5	epochs	1.0
581.4670002937316	0.09998000000007323	epochs	1.0
583.3000001907349	0.6499800000000278	epochs	0.0
583.3000001907349	0.049999999999954525	epochs	1.0
583.3500001907348	0.5	epochs	1.0
583.8500001907348	0.09998000000007323	epochs	1.0
585.7170000076294	0.6499800000000278	epochs	0.0
585.7170000076294	0.049999999999954525	epochs	1.0
585.7670000076293	0.5	epochs	1.0
586.2670000076293	0.09998000000007323	epochs	1.0
588.1480002403259	0.6499800000000278	epochs	0.0
588.1480002403259	0.049999999999954525	epochs	1.0
588.1980002403259	0.5	epochs	1.0
588.6980002403259	0.09998000000007323	epochs	1.0
590.6319999694824	0.1048200000000179	epochs	0.0
590.6319999694824	0.047400000000038744	epochs	1.0
590.6793999694825	0.01001999999994041	epochs	1.0
590.6894199694824	0.047400000000038744	epochs	1.0
590.7368199694824	2.5150599999999486	epochs	0.0
590.7368199694824	0.5	epochs	1.0
590.7368217694824	0.5	epochs	-1.0
591.2368199694824	1.0	epochs	1.0
592.2368199694824	1.0150599999999486	epochs	1.0
592.7368217694824	0.5	epochs	-1.0
593.2518799694824	2.9849199999999882	epochs	0.0
595.7980003356934	0.1048200000000179	epochs	0.0
595.7980003356934	0.047400000000038744	epochs	1.0
595.8454003356934	0.01001999999994041	epochs	1.0
595.8554203356933	0.047400000000038744	epochs	1.0
595.9028203356934	2.555060000000026	epochs	0.0
595.9028203356934	0.5	epochs	1.0
595.9028221356933	0.5	epochs	-1.0
596.4028203356934	1.0	epochs	1.0
597.4028203356934	1.0550600000000259	epochs	1.0
597.9028221356933	0.5	epochs	-1.0
598.4578803356934	2.944919999999911	epochs	0.0
600.9500002861023	0.1048200000000179	epochs	0.0
600.9500002861023	0.047400000000038744	epochs	1.0
600.9974002861023	0.01001999999994041	epochs	1.0
601.0074202861023	0.047400000000038744	epochs	1.0
601.0548202861023	2.555060000000026	epochs	0.0
601.0548202861023	0.5	epochs	1.0
601.0548220861023	0.5	epochs	-1.0
601.5548202861023	1.0	epochs	1.0
602.5548202861023	1.0550600000000259	epochs	1.0
603.0548220861023	0.5	epochs	-1.0
603.6098802861023	3.944919999999911	epochs	0.0
605.5170001983643	0.1048200000000179	epochs	0.0
605.5170001983643	0.047400000000038744	epochs	1.0
605.5644001983643	0.01001999999994041	epochs	1.0
605.5744201983642	0.047400000000038744	epochs	1.0
605.6218201983643	2.5551000000000386	epochs	0.0
605.6218201983643	0.5	epochs	1.0
605.6218219983642	0.5	epochs	-1.0
606.1218201983643	1.0	epochs	1.0
607.1218201983643	1.0551000000000386	epochs	1.0
607.6218219983642	0.5	epochs	-1.0
608.1769201983643	3.9448799999998982	epochs	0.0
610.1150002479553	0.1048200000000179	epochs	0.0
610.1150002479553	0.047400000000038744	epochs	1.0
610.1624002479554	0.01001999999994041	epochs	1.0
610.1724202479553	0.047400000000038744	epochs	1.0
610.2198202479553	2.555060000000026	epochs	0.0
610.2198202479553	0.5	epochs	1.0
610.2198220479553	0.5	epochs	-1.0
610.7198202479553	1.0	epochs	1.0
611.7198202479553	1.0550600000000259	epochs	1.0
612.2198220479553	0.5	epochs	-1.0
612.7748802479554	3.944919999999911	epochs	0.0
614.6979999542236	0.1048200000000179	epochs	0.0
614.6979999542236	0.047400000000038744	epochs	1.0
614.7453999542237	0.01001999999994041	epochs	1.0
614.7554199542236	0.047400000000038744	epochs	1.0
614.8028199542237	2.5550399999999627	epochs	0.0
614.8028199542237	0.5	epochs	1.0
614.8028217542236	0.5	epochs	-1.0
615.3028199542237	1.0	epochs	1.0
616.3028199542237	1.0550399999999627	epochs	1.0
616.8028217542236	0.5	epochs	-1.0
617.3578599542236	3.944939999999974	epochs	0.0
619.9679999351501	0.1048200000000179	epochs	0.0
619.9679999351501	0.047400000000038744	epochs	1.0
620.0153999351502	0.01001999999994041	epochs	1.0
620.0254199351501	0.047400000000038744	epochs	1.0
620.0728199351502	2.556060000000002	epochs	0.0
620.0728199351502	0.5	epochs	1.0
620.0728217351501	0.5	epochs	-1.0
620.5728199351502	1.0	epochs	1.0
621.5728199351502	1.0560600000000022	epochs	1.0
622.0728217351501	0.5	epochs	-1.0
622.6288799351502	7.943919999999935	epochs	0.0
635.1480002403259	0.1048200000000179	epochs	0.0
635.1480002403259	0.047400000000038744	epochs	1.0
635.195400240326	0.01001999999994041	epochs	1.0
635.2054202403259	0.047400000000038744	epochs	1.0
635.252820240326	2.555060000000026	epochs	0.0
635.252820240326	0.5	epochs	1.0
635.2528220403259	0.5	epochs	-1.0
635.752820240326	1.0	epochs	1.0
636.752820240326	1.0550600000000259	epochs	1.0
637.2528220403259	0.5	epochs	-1.0
637.807880240326	7.944919999999911	epochs	0.0
650.3880000114441	0.1048200000000179	epochs	0.0
650.3880000114441	0.047400000000038744	epochs	1.0
650.4354000114441	0.01001999999994041	epochs	1.0
650.4454200114441	0.047400000000038744	epochs	1.0
650.4928200114441	2.556060000000002	epochs	0.0
650.4928200114441	0.5	epochs	1.0
650.4928218114441	0.5	epochs	-1.0
650.9928200114441	1.0	epochs	1.0
651.9928200114441	1.0560600000000022	epochs	1.0
652.4928218114441	0.5	epochs	-1.0
653.0488800114441	7.943919999999935	epochs	0.0
665.5750002861023	0.1048200000000179	epochs	0.0
665.5750002861023	0.047400000000038744	epochs	1.0
665.6224002861023	0.01001999999994041	epochs	1.0
665.6324202861023	0.047400000000038744	epochs	1.0
665.6798202861023	3.015139999999974	epochs	0.0
665.6798202861023	0.5	epochs	1.0
665.6798220861023	0.5	epochs	-1.0
666.1798202861023	1.0	epochs	1.0
667.1798202861023	1.515139999999974	epochs	1.0
667.6798220861023	0.5	epochs	-1.0
668.1798220861023	0.5	epochs	-1.0
668.6949602861023	7.484839999999963	epochs	0.0
680.7390003204346	0.1048200000000179	epochs	0.0
680.7390003204346	0.047400000000038744	epochs	1.0
680.7864003204346	0.01001999999994041	epochs	1.0
680.7964203204345	0.047400000000038744	epochs	1.0
680.8438203204346	3.0150599999999486	epochs	0.0
680.8438203204346	0.5	epochs	1.0
680.8438221204345	0.5	epochs	-1.0
681.3438203204346	1.0	epochs	1.0
682.3438203204346	1.5150599999999486	epochs	1.0
682.8438221204345	0.5	epochs	-1.0
683.3438221204345	0.5	epochs	-1.0
683.8588803204345	7.484919999999988	epochs	0.0
695.941999912262	0.1048200000000179	epochs	0.0
695.941999912262	0.047400000000038744	epochs	1.0
695.989399912262	0.01001999999994041	epochs	1.0
695.9994199122619	0.047400000000038744	epochs	1.0
696.046819912262	3.0150800000000118	epochs	0.0
696.046819912262	0.5	epochs	1.0
696.0468217122619	0.5	epochs	-1.0
696.546819912262	1.0	epochs	1.0
697.546819912262	1.5150800000000118	epochs	1.0
698.0468217122619	0.5	epochs	-1.0
698.5468217122619	0.5	epochs	-1.0
699.061899912262	7.484899999999925	epochs	0.0
711.1170001029968	0.1048200000000179	epochs	0.0
711.1170001029968	0.047400000000038744	epochs	1.0
711.1644001029969	0.01001999999994041	epochs	1.0
711.1744201029968	0.047400000000038744	epochs	1.0
711.2218201029968	3.015039999999999	epochs	0.0
711.2218201029968	0.5	epochs	1.0
711.2218219029968	0.5	epochs	-1.0
711.7218201029968	1.0	epochs	1.0
712.7218201029968	1.515039999999999	epochs	1.0
713.2218219029968	0.5	epochs	-1.0
713.7218219029968	0.5	epochs	-1.0
714.2368601029968	7.484939999999938	epochs	0.0
726.2880001068115	0.1048200000000179	epochs	0.0
726.2880001068115	0.047400000000038744	epochs	1.0
726.3354001068116	0.01001999999994041	epochs	1.0
726.3454201068115	0.047400000000038744	epochs	1.0
726.3928201068115	2.555060000000026	epochs	0.0
726.3928201068115	0.5	epochs	1.0
726.3928219068115	0.5	epochs	-1.0
726.8928201068115	1.0	epochs	1.0
727.8928201068115	1.0550600000000259	epochs	1.0
728.3928219068115	0.5	epochs	-1.0
728.9478801068116	7.944919999999911	epochs	0.0
741.451000213623	0.1048200000000179	epochs	0.0
741.451000213623	0.047400000000038744	epochs	1.0
741.4984002136231	0.01001999999994041	epochs	1.0
741.508420213623	0.047400000000038744	epochs	1.0
741.5558202136231	2.556039999999939	epochs	0.0
741.5558202136231	0.5	epochs	1.0
741.555822013623	0.5	epochs	-1.0
742.0558202136231	1.0	epochs	1.0
743.0558202136231	1.056039999999939	epochs	1.0
743.555822013623	0.5	epochs	-1.0
744.111860213623	7.943939999999998	epochs	0.0
756.566999912262	0.1048200000000179	epochs	0.0
756.566999912262	0.047400000000038744	epochs	1.0
756.614399912262	0.01001999999994041	epochs	1.0
756.6244199122619	0.047400000000038744	epochs	1.0
756.671819912262	2.5551399999999376	epochs	0.0
756.671819912262	0.5	epochs	1.0
756.6718217122619	0.5	epochs	-1.0
757.171819912262	1.0	epochs	1.0
758.171819912262	1.0551399999999376	epochs	1.0
758.6718217122619	0.5	epochs	-1.0
759.2269599122619	7.944839999999999	epochs	0.0
771.8460001945496	0.1048200000000179	epochs	0.0
771.8460001945496	0.047400000000038744	epochs	1.0
771.8934001945496	0.01001999999994041	epochs	1.0
771.9034201945495	0.047400000000038744	epochs	1.0
771.9508201945496	15.875859999999989	epochs	0.0
771.9508201945496	0.5	epochs	1.0
771.9508219945495	0.5	epochs	-1.0
772.4508201945496	15.375859999999989	epochs	1.0
786.3258201945496	1.5008599999999888	epochs	-1.0
786.3258201945496	0.03984000000002652	epochs	-1.0
786.8233219945496	0.5	epochs	-1.0
787.3233219945496	0.5	epochs	-1.0
787.8266801945496	3.624119999999948	epochs	0.0
790.6740002632141	0.1048200000000179	epochs	0.0
790.6740002632141	0.047400000000038744	epochs	1.0
790.7214002632142	0.01001999999994041	epochs	1.0
790.7314202632141	0.047400000000038744	epochs	1.0
790.7788202632141	14.515879999999925	epochs	0.0
790.7788202632141	0.5	epochs	1.0
790.7788220632141	0.5	epochs	-1.0
791.2788202632141	14.015879999999925	epochs	1.0
804.2948402632142	0.9998599999998987	epochs	-1.0
804.2948402632142	0.03989999999998872	epochs	-1.0
804.7923420632142	0.5	epochs	-1.0
805.294700263214	4.984100000000012	epochs	0.0
807.933000087738	0.1048200000000179	epochs	0.0
807.933000087738	0.047400000000038744	epochs	1.0
807.9804000877381	0.01001999999994041	epochs	1.0
807.990420087738	0.047400000000038744	epochs	1.0
808.037820087738	14.116880000000037	epochs	0.0
808.037820087738	0.5	epochs	1.0
808.037821887738	0.5	epochs	-1.0
808.537820087738	13.616880000000037	epochs	1.0
821.1538000877381	1.0009000000000015	epochs	-1.0
821.1538000877381	0.039959999999950924	epochs	-1.0
821.651301887738	0.5	epochs	-1.0
822.1547000877381	5.383099999999899	epochs	0.0
824.9730000495911	0.1048200000000179	epochs	0.0
824.9730000495911	0.047400000000038744	epochs	1.0
825.0204000495911	0.01001999999994041	epochs	1.0
825.030420049591	0.047400000000038744	epochs	1.0
825.0778200495911	17.476879999999937	epochs	0.0
825.0778200495911	0.5	epochs	1.0
825.077821849591	0.5	epochs	-1.0
825.5778200495911	16.0	epochs	1.0
841.553800049591	1.0009000000000015	epochs	-1.0
841.553800049591	0.03989999999998872	epochs	-1.0
841.5778200495911	0.9768799999999374	epochs	1.0
842.0504618495911	0.5	epochs	-1.0
842.554700049591	2.0230999999999995	epochs	0.0
845.4190001487732	0.1048200000000179	epochs	0.0
845.4190001487732	0.047400000000038744	epochs	1.0
845.4664001487732	0.01001999999994041	epochs	1.0
845.4764201487732	0.047400000000038744	epochs	1.0
845.5238201487732	18.034999999999968	epochs	0.0
845.5238201487732	0.5	epochs	1.0
845.5238219487732	0.5	epochs	-1.0
846.0238201487732	16.0	epochs	1.0
862.0238201487732	1.5349999999999682	epochs	1.0
862.5188219487732	0.5	epochs	-1.0
863.0188219487732	0.5	epochs	-1.0
863.5588201487732	1.4649799999999686	epochs	0.0
866.4710001945496	0.1048200000000179	epochs	0.0
866.4710001945496	0.047400000000038744	epochs	1.0
866.5184001945496	0.01001999999994041	epochs	1.0
866.5284201945495	0.047400000000038744	epochs	1.0
866.5758201945496	17.49598000000003	epochs	0.0
866.5758201945496	0.5	epochs	1.0
866.5758219945495	0.5	epochs	-1.0
867.0758201945496	16.0	epochs	1.0
883.0758201945496	0.9959800000000314	epochs	1.0
883.5658219945495	0.5	epochs	-1.0
884.0718001945496	2.0039999999999054	epochs	0.0
922.2960000038147	0.10479999999995471	epochs	0.0
922.2960000038147	0.04736000000002605	epochs	1.0
922.3433600038147	0.010080000000016298	epochs	1.0
922.3534400038147	0.04735999999991236	epochs	1.0
922.4008000038147	2.0	epochs	0.0
924.4008000038147	21.5548	epochs	0.0
924.4008000038147	1.0	epochs	1.0
924.4008218038147	0.5	epochs	-1.0
924.9008218038147	19.999680000000012	epochs	-1.0
925.4008000038147	20.0	epochs	1.0
925.4008000038147	8.000000002539309e-05	epochs	2.0
925.4008800038147	4.356719999999996	epochs	-1.0
925.4008800038147	1.9745599999999968	epochs	2.0
925.4008800038147	1.0985600000000204	epochs	3.0
926.4994400038147	0.8759999999999764	epochs	3.0
927.3754400038147	1.3523999999999887	epochs	2.0
927.3754400038147	0.7286400000000413	epochs	3.0
928.1040800038147	0.6237599999999475	epochs	3.0
928.7278400038147	1.0297600000000102	epochs	2.0
928.7278400038147	0.5453600000000733	epochs	3.0
929.2732000038147	0.4843999999999369	epochs	3.0
929.7576000038147	0.8317600000000311	epochs	2.0
929.7576000038147	0.435760000000073	epochs	3.0
930.1933600038147	0.39599999999995816	epochs	3.0
930.5893600038147	0.697840000000042	epochs	2.0
930.5893600038147	0.3628800000000183	epochs	3.0
930.9522400038147	0.3349600000000237	epochs	3.0
931.2872000038147	0.6010399999998981	epochs	2.0
931.2872000038147	0.3108799999999974	epochs	3.0
931.5980800038147	0.2901599999999007	epochs	3.0
931.8882400038146	0.5278400000000829	epochs	2.0
931.8882400038146	0.2719200000000228	epochs	3.0
932.1601600038147	0.2559200000000601	epochs	3.0
932.4160800038147	0.47064000000000306	epochs	2.0
932.4160800038147	0.24167999999997392	epochs	3.0
932.6577600038147	0.22896000000002914	epochs	3.0
932.8867200038147	0.42455999999992855	epochs	2.0
932.8867200038147	0.2174400000000105	epochs	3.0
933.1041600038147	0.20711999999991804	epochs	3.0
933.3112800038147	0.3867200000000821	epochs	2.0
933.3112800038147	0.1976799999999912	epochs	3.0
933.5089600038147	0.1890400000000909	epochs	3.0
933.6980000038147	0.3551199999999426	epochs	2.0
933.6980000038147	0.1811999999999898	epochs	3.0
933.8792000038147	0.17391999999995278	epochs	3.0
934.0531200038147	0.3282400000000507	epochs	2.0
934.0531200038147	0.1671999999999798	epochs	3.0
934.2203200038147	0.1610400000000709	epochs	3.0
934.3813600038147	0.30520000000001346	epochs	2.0
934.3813600038147	0.1552799999999479	epochs	3.0
934.5366400038147	0.14992000000006556	epochs	3.0
934.6865600038147	0.28512000000000626	epochs	2.0
934.6865600038147	0.14487999999994372	epochs	3.0
934.8314400038147	0.14024000000006254	epochs	3.0
934.9716800038148	0.26751999999999043	epochs	2.0
934.9716800038148	0.13583999999991647	epochs	3.0
935.1075200038147	0.13168000000007396	epochs	3.0
935.2392000038147	0.2520799999999781	epochs	2.0
935.2392000038147	0.12783999999999196	epochs	3.0
935.3670400038147	0.12423999999998614	epochs	3.0
935.4912800038147	0.2381599999999935	epochs	2.0
935.4912800038147	0.12072000000000571	epochs	3.0
935.6120000038147	0.11743999999998778	epochs	3.0
935.7294400038147	0.2258399999999483	epochs	2.0
935.7294400038147	0.11439999999993233	epochs	3.0
935.8438400038146	0.11144000000001597	epochs	3.0
935.9552800038147	0.21464000000003125	epochs	2.0
935.9552800038147	0.10864000000003671	epochs	3.0
936.0639200038147	0.10599999999999454	epochs	3.0
936.1699200038147	0.20447999999998956	epochs	2.0
936.1699200038147	0.10343999999997777	epochs	3.0
936.2733600038147	0.10104000000001179	epochs	3.0
936.3744000038147	0.1953600000000506	epochs	2.0
936.3744000038147	0.0987999999999829	epochs	3.0
936.4732000038147	0.0965600000000677	epochs	3.0
936.5697600038147	0.18695999999999913	epochs	2.0
936.5697600038147	0.09447999999997592	epochs	3.0
936.6642400038147	0.09248000000002321	epochs	3.0
936.7567200038147	0.17919999999992342	epochs	2.0
936.7567200038147	0.09047999999995682	epochs	3.0
936.8472000038147	0.0887199999999666	epochs	3.0
936.9359200038147	0.17208000000005086	epochs	2.0
936.9359200038147	0.08688000000006468	epochs	3.0
937.0228000038147	0.08519999999998618	epochs	3.0
937.1080000038147	0.165520000000015	epochs	2.0
937.1080000038147	0.08359999999993306	epochs	3.0
937.1916000038146	0.08192000000008193	epochs	3.0
937.2735200038147	0.1595199999999295	epochs	2.0
937.2735200038147	0.08047999999996591	epochs	3.0
937.3540000038147	0.07903999999996358	epochs	3.0
937.4330400038147	0.15376000000003387	epochs	2.0
937.4330400038147	0.07760000000007494	epochs	3.0
937.5106400038147	0.07615999999995893	epochs	3.0
937.5868000038147	0.14855999999997493	epochs	2.0
937.5868000038147	0.07496000000003278	epochs	3.0
937.6617600038147	0.07359999999994216	epochs	3.0
937.7353600038147	0.14368000000001757	epochs	2.0
937.7353600038147	0.0724800000000414	epochs	3.0
937.8078400038147	0.07119999999997617	epochs	3.0
937.8790400038147	0.1390400000000227	epochs	2.0
937.8790400038147	0.07007999999996173	epochs	3.0
937.9491200038146	0.06896000000006097	epochs	3.0
938.0180800038147	0.13472000000001572	epochs	2.0
938.0180800038147	0.06791999999995824	epochs	3.0
938.0860000038147	0.06680000000005748	epochs	3.0
938.1528000038147	0.13071999999999662	epochs	2.0
938.1528000038147	0.06583999999998014	epochs	3.0
938.2186400038147	0.06488000000001648	epochs	3.0
938.2835200038147	0.1268000000000029	epochs	2.0
938.2835200038147	0.06384000000002743	epochs	3.0
938.3473600038147	0.06295999999997548	epochs	3.0
938.4103200038147	0.12328000000002248	epochs	2.0
938.4103200038147	0.062080000000037217	epochs	3.0
938.4724000038148	0.061199999999985266	epochs	3.0
938.5336000038147	0.11983999999995376	epochs	2.0
938.5336000038147	0.060319999999933316	epochs	3.0
938.5939200038147	0.059520000000020445	epochs	3.0
938.6534400038147	0.11663999999996122	epochs	2.0
938.6534400038147	0.05871999999999389	epochs	3.0
938.7121600038147	0.05791999999996733	epochs	3.0
938.7700800038147	0.11360000000001946	epochs	2.0
938.7700800038147	0.057200000000079854	epochs	3.0
938.8272800038147	0.05639999999993961	epochs	3.0
938.8836800038147	0.1107200000000148	epochs	2.0
938.8836800038147	0.05568000000005213	epochs	3.0
938.9393600038147	0.055039999999962674	epochs	3.0
938.9944000038147	0.10792000000003554	epochs	2.0
938.9944000038147	0.054240000000049804	epochs	3.0
939.0486400038147	0.05367999999998574	epochs	3.0
939.1023200038147	0.10527999999999338	epochs	2.0
939.1023200038147	0.052959999999984575	epochs	3.0
939.1552800038147	0.052320000000008804	epochs	3.0
939.2076000038147	0.1028800000000274	epochs	2.0
939.2076000038147	0.05175999999994474	epochs	3.0
939.2593600038147	0.051120000000082655	epochs	3.0
939.3104800038147	0.10039999999992233	epochs	2.0
939.3104800038147	0.0504799999999932	epochs	3.0
939.3609600038147	0.04991999999992913	epochs	3.0
939.4108800038147	0.09824000000003252	epochs	2.0
939.4108800038147	0.049359999999978754	epochs	3.0
939.4602400038146	0.04888000000005377	epochs	3.0
939.5091200038147	0.09600000000000364	epochs	2.0
939.5091200038147	0.04823999999996431	epochs	3.0
939.5573600038147	0.04776000000003933	epochs	3.0
939.6051200038147	0.09392000000002554	epochs	2.0
939.6051200038147	0.04719999999997526	epochs	3.0
939.6523200038147	0.04672000000005028	epochs	3.0
939.6990400038147	0.09191999999995915	epochs	2.0
939.6990400038147	0.04615999999998621	epochs	3.0
939.7452000038147	0.04575999999997293	epochs	3.0
939.7909600038147	0.09008000000005723	epochs	2.0
939.7909600038147	0.04528000000004795	epochs	3.0
939.8362400038147	0.04480000000000928	epochs	3.0
939.8810400038147	0.08815999999990254	epochs	2.0
939.8810400038147	0.044319999999970605	epochs	3.0
939.9253600038147	0.04383999999993193	epochs	3.0
939.9692000038146	0.0864800000000514	epochs	2.0
939.9692000038146	0.04344000000003234	epochs	3.0
940.0126400038147	0.04304000000001906	epochs	3.0
940.0556800038147	0.0847199999999475	epochs	2.0
940.0556800038147	0.04255999999998039	epochs	3.0
940.0982400038147	0.04215999999996711	epochs	3.0
940.1404000038146	0.08320000000003347	epochs	2.0
940.1404000038146	0.04176000000006752	epochs	3.0
940.1821600038147	0.04143999999996595	epochs	3.0
940.2236000038147	0.08152000000006865	epochs	2.0
940.2236000038147	0.040960000000040964	epochs	3.0
940.2645600038147	0.040560000000027685	epochs	3.0
940.3051200038147	0.08007999999995263	epochs	2.0
940.3051200038147	0.04023999999992611	epochs	3.0
940.3453600038147	0.03984000000002652	epochs	3.0
940.3852000038147	0.0786399999999503	epochs	2.0
940.3852000038147	0.039520000000038635	epochs	3.0
940.4247200038147	0.03911999999991167	epochs	3.0
940.4638400038147	0.07720000000006166	epochs	2.0
940.4638400038147	0.03880000000003747	epochs	3.0
940.5026400038147	0.03840000000002419	epochs	3.0
940.5410400038147	0.07591999999999643	epochs	2.0
940.5410400038147	0.03815999999994801	epochs	3.0
940.5792000038147	0.03776000000004842	epochs	3.0
940.6169600038147	0.0745600000000195	epochs	2.0
940.6169600038147	0.03743999999994685	epochs	3.0
940.6544000038147	0.03712000000007265	epochs	3.0
940.6915200038147	0.07335999999997966	epochs	2.0
940.6915200038147	0.03679999999997108	epochs	3.0
940.7283200038147	0.036560000000008586	epochs	3.0
940.7648800038147	0.07208000000002812	epochs	2.0
940.7648800038147	0.03615999999999531	epochs	3.0
940.8010400038147	0.035920000000032815	epochs	3.0
940.8369600038147	0.07087999999998829	epochs	2.0
940.8369600038147	0.03559999999993124	epochs	3.0
940.8725600038147	0.035280000000057044	epochs	3.0
940.9078400038147	0.06983999999999924	epochs	2.0
940.9078400038147	0.035039999999980864	epochs	3.0
940.9428800038147	0.03480000000001837	epochs	3.0
940.9776800038147	0.0686399999999594	epochs	2.0
940.9776800038147	0.0344799999999168	epochs	3.0
941.0121600038146	0.0341600000000426	epochs	3.0
941.0463200038147	0.06759999999997035	epochs	2.0
941.0463200038147	0.03391999999996642	epochs	3.0
941.0802400038147	0.03368000000000393	epochs	3.0
941.1139200038147	0.06656000000009499	epochs	2.0
941.1139200038147	0.03344000000004144	epochs	3.0
941.1473600038147	0.03312000000005355	epochs	3.0
941.1804800038148	0.06559999999990396	epochs	2.0
941.1804800038148	0.03295999999988908	epochs	3.0
941.2134400038146	0.03264000000001488	epochs	3.0
941.2460800038147	0.0645600000000286	epochs	2.0
941.2460800038147	0.03240000000005239	epochs	3.0
941.2784800038147	0.03215999999997621	epochs	3.0
941.3106400038147	0.06367999999997664	epochs	2.0
941.3106400038147	0.03200000000003911	epochs	3.0
941.3426400038147	0.031679999999937536	epochs	3.0
941.3743200038147	0.06272000000001299	epochs	2.0
941.3743200038147	0.03144000000008873	epochs	3.0
941.4057600038147	0.03127999999992426	epochs	3.0
941.4370400038147	0.061840000000074724	epochs	2.0
941.4370400038147	0.03104000000007545	epochs	3.0
941.4680800038147	0.030799999999999272	epochs	3.0
941.4988800038147	0.06095999999990909	epochs	2.0
941.4988800038147	0.030559999999923093	epochs	3.0
941.5294400038147	0.030399999999985994	epochs	3.0
941.5598400038147	0.060159999999996217	epochs	2.0
941.5598400038147	0.0301600000000235	epochs	3.0
941.5900000038147	0.029999999999972715	epochs	3.0
941.6200000038147	0.05928000000005795	epochs	2.0
941.6200000038147	0.029680000000098516	epochs	3.0
941.6496800038148	0.029599999999959437	epochs	3.0
941.6792800038147	0.058480000000031396	epochs	2.0
941.6792800038147	0.029359999999996944	epochs	3.0
941.7086400038147	0.02912000000003445	epochs	3.0
941.7377600038147	0.057759999999916545	epochs	2.0
941.7377600038147	0.028959999999983665	epochs	3.0
941.7667200038147	0.02879999999993288	epochs	3.0
941.7955200038147	0.056960000000003674	epochs	2.0
941.7955200038147	0.028560000000084074	epochs	3.0
941.8240800038147	0.0283999999999196	epochs	3.0
941.8524800038147	0.05624000000000251	epochs	2.0
941.8524800038147	0.028160000000070795	epochs	3.0
941.8806400038147	0.028079999999931715	epochs	3.0
941.9087200038147	0.05543999999997595	epochs	2.0
941.9087200038147	0.02784000000008291	epochs	3.0
941.9365600038147	0.027599999999893043	epochs	3.0
941.9641600038146	0.054880000000025575	epochs	2.0
941.9641600038146	0.027520000000095024	epochs	3.0
941.9916800038147	0.02735999999993055	epochs	3.0
942.0190400038147	0.05407999999999902	epochs	2.0
942.0190400038147	0.027120000000081745	epochs	3.0
942.0461600038147	0.026959999999917272	epochs	3.0
942.0731200038147	0.05344000000002325	epochs	2.0
942.0731200038147	0.026799999999980173	epochs	3.0
942.0999200038146	0.026640000000043074	epochs	3.0
942.1265600038147	0.05287999999995918	epochs	2.0
942.1265600038147	0.026479999999992287	epochs	3.0
942.1530400038147	0.026399999999966894	epochs	3.0
942.1794400038146	0.052160000000071705	epochs	2.0
942.1794400038146	0.026160000000004402	epochs	3.0
942.2056000038147	0.026000000000067303	epochs	3.0
942.2316000038147	0.05151999999998225	epochs	2.0
942.2316000038147	0.025840000000016516	epochs	3.0
942.2574400038147	0.02567999999996573	epochs	3.0
942.2831200038147	0.05096000000003187	epochs	2.0
942.2831200038147	0.025599999999940337	epochs	3.0
942.3087200038146	0.02536000000009153	epochs	3.0
942.3340800038147	0.050399999999967804	epochs	2.0
942.3340800038147	0.02527999999995245	epochs	3.0
942.3593600038147	0.025120000000015352	epochs	3.0
942.3844800038147	0.04975999999999203	epochs	2.0
942.3844800038147	0.024959999999964566	epochs	3.0
942.4094400038147	0.024800000000027467	epochs	3.0
942.4342400038147	0.049200000000041655	epochs	2.0
942.4342400038147	0.02463999999997668	epochs	3.0
942.4588800038147	0.024560000000064974	epochs	3.0
942.4834400038147	0.04872000000000298	epochs	2.0
942.4834400038147	0.024400000000014188	epochs	3.0
942.5078400038147	0.024319999999988795	epochs	3.0
942.5321600038147	0.048079999999913525	epochs	2.0
942.5321600038147	0.024079999999912616	epochs	3.0
942.5562400038147	0.02400000000000091	epochs	3.0
942.5802400038147	0.04760000000010223	epochs	2.0
942.5802400038147	0.02384000000006381	epochs	3.0
942.6040800038147	0.023760000000038417	epochs	3.0
942.6278400038148	0.04711999999994987	epochs	2.0
942.6278400038148	0.02359999999998763	epochs	3.0
942.6514400038147	0.023519999999962238	epochs	3.0
942.6749600038147	0.04655999999999949	epochs	2.0
942.6749600038147	0.02336000000002514	epochs	3.0
942.6983200038147	0.023199999999974352	epochs	3.0
942.7215200038147	0.04607999999996082	epochs	2.0
942.7215200038147	0.02311999999994896	epochs	3.0
942.7446400038147	0.02296000000001186	epochs	3.0
942.7676000038147	0.045600000000035834	epochs	2.0
942.7676000038147	0.022879999999986467	epochs	3.0
942.7904800038147	0.022720000000049367	epochs	3.0
942.8132000038147	0.04511999999999716	epochs	2.0
942.8132000038147	0.022640000000023974	epochs	3.0
942.8358400038147	0.022479999999973188	epochs	3.0
942.8583200038147	0.04463999999995849	epochs	2.0
942.8583200038147	0.022399999999947795	epochs	3.0
942.8807200038146	0.022240000000010696	epochs	3.0
942.9029600038147	0.0442400000000589	epochs	2.0
942.9029600038147	0.02216000000009899	epochs	3.0
942.9251200038148	0.02207999999995991	epochs	3.0
942.9472000038147	0.04376000000002023	epochs	2.0
942.9472000038147	0.02192000000002281	epochs	3.0
942.9691200038147	0.021839999999997417	epochs	3.0
942.9909600038147	0.04336000000000695	epochs	2.0
942.9909600038147	0.021759999999972024	epochs	3.0
943.0127200038147	0.021600000000034925	epochs	3.0
943.0343200038147	0.04287999999996828	epochs	2.0
943.0343200038147	0.02143999999998414	epochs	3.0
943.0557600038147	0.02143999999998414	epochs	3.0
943.0772000038147	0.042479999999955	epochs	2.0
943.0772000038147	0.021279999999933352	epochs	3.0
943.0984800038146	0.021200000000021646	epochs	3.0
943.1196800038147	0.042080000000055406	epochs	2.0
943.1196800038147	0.021040000000084547	epochs	3.0
943.1407200038147	0.02103999999997086	epochs	3.0
943.1617600038147	0.04167999999992844	epochs	2.0
943.1617600038147	0.020879999999920074	epochs	3.0
943.1826400038146	0.020800000000008367	epochs	3.0
943.2034400038146	0.041200000000003456	epochs	2.0
943.2034400038146	0.020640000000071268	epochs	3.0
943.2240800038147	0.020559999999932188	epochs	3.0
943.2446400038147	0.04088000000001557	epochs	2.0
943.2446400038147	0.020560000000045875	epochs	3.0
943.2652000038147	0.020319999999969696	epochs	3.0
943.2855200038147	0.040560000000027685	epochs	2.0
943.2855200038147	0.020320000000083382	epochs	3.0
943.3058400038148	0.020239999999944303	epochs	3.0
943.3260800038147	0.04007999999998901	epochs	2.0
943.3260800038147	0.020080000000007203	epochs	3.0
943.3461600038147	0.01999999999998181	epochs	3.0
943.3661600038147	0.03976000000000113	epochs	2.0
943.3661600038147	0.019919999999956417	epochs	3.0
943.3860800038146	0.01984000000004471	epochs	3.0
943.4059200038147	0.03944000000001324	epochs	2.0
943.4059200038147	0.019760000000019318	epochs	3.0
943.4256800038147	0.019679999999993925	epochs	3.0
943.4453600038147	0.039039999999999964	epochs	2.0
943.4453600038147	0.01951999999994314	epochs	3.0
943.4648800038146	0.019520000000056825	epochs	3.0
943.4844000038147	0.038639999999986685	epochs	2.0
943.4844000038147	0.01936000000000604	epochs	3.0
943.5037600038147	0.019279999999980646	epochs	3.0
943.5230400038147	0.03840000000002419	epochs	2.0
943.5230400038147	0.019279999999980646	epochs	3.0
943.5423200038147	0.019120000000043547	epochs	3.0
943.5614400038147	0.038000000000010914	epochs	2.0
943.5614400038147	0.019040000000018154	epochs	3.0
943.5804800038147	0.01895999999999276	epochs	3.0
943.5994400038147	0.03768000000002303	epochs	2.0
943.5994400038147	0.018879999999967367	epochs	3.0
943.6183200038147	0.01880000000005566	epochs	3.0
943.6371200038147	0.037359999999921456	epochs	2.0
943.6371200038147	0.01871999999991658	epochs	3.0
943.6558400038147	0.018640000000004875	epochs	3.0
943.6744800038147	0.03704000000004726	epochs	2.0
943.6744800038147	0.018559999999979482	epochs	3.0
943.6930400038146	0.018480000000067776	epochs	3.0
943.7115200038147	0.036719999999945685	epochs	2.0
943.7115200038147	0.018399999999928696	epochs	3.0
943.7299200038146	0.01832000000001699	epochs	3.0
943.7482400038147	0.03648000000009688	epochs	2.0
943.7482400038147	0.018239999999991596	epochs	3.0
943.7664800038146	0.018240000000105283	epochs	3.0
943.7847200038148	0.036079999999969914	epochs	2.0
943.7847200038148	0.01807999999994081	epochs	3.0
943.8028000038147	0.018000000000029104	epochs	3.0
943.8208000038147	0.03584000000000742	epochs	2.0
943.8208000038147	0.01792000000000371	epochs	3.0
943.8387200038147	0.01792000000000371	epochs	3.0
943.8566400038147	0.035520000000019536	epochs	2.0
943.8566400038147	0.017759999999952925	epochs	3.0
943.8744000038147	0.01776000000006661	epochs	3.0
943.8921600038148	0.035199999999917964	epochs	2.0
943.8921600038148	0.01767999999992753	epochs	3.0
943.9098400038147	0.017519999999990432	epochs	3.0
943.9273600038147	0.03496000000006916	epochs	2.0
943.9273600038147	0.017519999999990432	epochs	3.0
943.9448800038147	0.017440000000078726	epochs	3.0
943.9623200038147	0.03471999999999298	epochs	2.0
943.9623200038147	0.01743999999996504	epochs	3.0
943.9797600038147	0.01728000000002794	epochs	3.0
943.9970400038147	0.03440000000000509	epochs	2.0
943.9970400038147	0.017200000000002547	epochs	3.0
944.0142400038147	0.017200000000002547	epochs	3.0
944.0314400038147	0.034159999999928914	epochs	2.0
944.0314400038147	0.017119999999977153	epochs	3.0
944.0485600038147	0.01703999999995176	epochs	3.0
944.0656000038147	0.033840000000054715	epochs	2.0
944.0656000038147	0.016960000000040054	epochs	3.0
944.0825600038147	0.01688000000001466	epochs	3.0
944.0994400038147	0.033599999999978536	epochs	2.0
944.0994400038147	0.016799999999989268	epochs	3.0
944.1162400038147	0.016799999999989268	epochs	3.0
944.1330400038147	0.033360000000016043	epochs	2.0
944.1330400038147	0.016719999999963875	epochs	3.0
944.1497600038147	0.01664000000005217	epochs	3.0
944.1664000038147	0.033119999999939864	epochs	2.0
944.1664000038147	0.016560000000026776	epochs	3.0
944.1829600038147	0.01655999999991309	epochs	3.0
944.1995200038147	0.032800000000065666	epochs	2.0
944.1995200038147	0.016400000000089676	epochs	3.0
944.2159200038147	0.01639999999997599	epochs	3.0
944.2323200038147	0.032559999999989486	epochs	2.0
944.2323200038147	0.016319999999950596	epochs	3.0
944.2486400038147	0.01624000000003889	epochs	3.0
944.2648800038147	0.0323999999999387	epochs	2.0
944.2648800038147	0.01624000000003889	epochs	3.0
944.2811200038147	0.01615999999989981	epochs	3.0
944.2972800038146	0.0320800000000645	epochs	2.0
944.2972800038146	0.01608000000010179	epochs	3.0
944.3133600038148	0.01599999999996271	epochs	3.0
944.3293600038147	0.031920000000013715	epochs	2.0
944.3293600038147	0.01599999999996271	epochs	3.0
944.3453600038147	0.015920000000051004	epochs	3.0
944.3612800038147	0.03160000000002583	epochs	2.0
944.3612800038147	0.01584000000002561	epochs	3.0
944.3771200038148	0.01576000000000022	epochs	3.0
944.3928800038148	0.03143999999997504	epochs	2.0
944.3928800038148	0.01576000000000022	epochs	3.0
944.4086400038148	0.015679999999974825	epochs	3.0
944.4243200038147	0.03120000000001255	epochs	2.0
944.4243200038147	0.015599999999949432	epochs	3.0
944.4399200038147	0.015600000000063119	epochs	3.0
944.4555200038147	0.030959999999936372	epochs	2.0
944.4555200038147	0.015519999999924039	epochs	3.0
944.4710400038147	0.015440000000012333	epochs	3.0
944.4864800038147	0.03071999999997388	epochs	2.0
944.4864800038147	0.015440000000012333	epochs	3.0
944.5019200038147	0.015279999999961547	epochs	3.0
944.5172000038147	0.03056000000003678	epochs	2.0
944.5172000038147	0.015360000000100626	epochs	3.0
944.5325600038148	0.015199999999936153	epochs	3.0
944.5477600038147	0.0303199999999606	epochs	2.0
944.5477600038147	0.01520000000004984	epochs	3.0
944.5629600038147	0.01511999999991076	epochs	3.0
944.5780800038146	0.030079999999998108	epochs	2.0
944.5780800038146	0.015120000000024447	epochs	3.0
944.5932000038147	0.014959999999973661	epochs	3.0
944.6081600038146	0.02992000000006101	epochs	2.0
944.6081600038146	0.015039999999999054	epochs	3.0
944.6232000038146	0.014880000000061955	epochs	3.0
944.6380800038147	0.02967999999998483	epochs	2.0
944.6380800038147	0.014879999999948268	epochs	3.0
944.6529600038147	0.014800000000036562	epochs	3.0
944.6677600038147	0.02952000000004773	epochs	2.0
944.6677600038147	0.014800000000036562	epochs	3.0
944.6825600038147	0.014720000000011169	epochs	3.0
944.6972800038147	0.02927999999997155	epochs	2.0
944.6972800038147	0.014720000000011169	epochs	3.0
944.7120000038148	0.014559999999960382	epochs	3.0
944.7265600038147	0.02912000000003445	epochs	2.0
944.7265600038147	0.014639999999985776	epochs	3.0
944.7412000038147	0.014480000000048676	epochs	3.0
944.7556800038147	0.028959999999983665	epochs	2.0
944.7556800038147	0.01447999999993499	epochs	3.0
944.7701600038147	0.014480000000048676	epochs	3.0
944.7846400038147	0.02863999999999578	epochs	2.0
944.7846400038147	0.01431999999999789	epochs	3.0
944.7989600038147	0.01431999999999789	epochs	3.0
944.8132800038147	0.028559999999970387	epochs	2.0
944.8132800038147	0.01431999999999789	epochs	3.0
944.8276000038147	0.014239999999972497	epochs	3.0
944.8418400038147	0.028320000000007894	epochs	2.0
944.8418400038147	0.014159999999947104	epochs	3.0
944.8560000038146	0.01416000000006079	epochs	3.0
944.8701600038147	0.028159999999957108	epochs	2.0
944.8701600038147	0.014159999999947104	epochs	3.0
944.8843200038147	0.014000000000010004	epochs	3.0
944.8983200038147	0.02800000000002001	epochs	2.0
944.8983200038147	0.014000000000010004	epochs	3.0
944.9123200038147	0.014000000000010004	epochs	3.0
944.9263200038147	0.027760000000057516	epochs	2.0
944.9263200038147	0.013919999999984611	epochs	3.0
944.9402400038147	0.013840000000072905	epochs	3.0
944.9540800038147	0.027679999999918437	epochs	2.0
944.9540800038147	0.013839999999959218	epochs	3.0
944.9679200038147	0.013839999999959218	epochs	3.0
944.9817600038147	0.02744000000006963	epochs	2.0
944.9817600038147	0.013760000000047512	epochs	3.0
944.9955200038147	0.013680000000022119	epochs	3.0
945.0092000038147	0.027280000000018845	epochs	2.0
945.0092000038147	0.013680000000022119	epochs	3.0
945.0228800038147	0.013599999999996726	epochs	3.0
945.0364800038147	0.02711999999996806	epochs	2.0
945.0364800038147	0.013519999999971333	epochs	3.0
945.0500000038147	0.013599999999996726	epochs	3.0
945.0636000038147	0.026880000000005566	epochs	2.0
945.0636000038147	0.01343999999994594	epochs	3.0
945.0770400038147	0.013440000000059626	epochs	3.0
945.0904800038147	0.026799999999980173	epochs	2.0
945.0904800038147	0.01343999999994594	epochs	3.0
945.1039200038147	0.013360000000034233	epochs	3.0
945.1172800038147	0.02656000000001768	epochs	2.0
945.1172800038147	0.01328000000000884	epochs	3.0
945.1305600038147	0.01328000000000884	epochs	3.0
945.1438400038147	0.026479999999992287	epochs	2.0
945.1438400038147	0.01328000000000884	epochs	3.0
945.1571200038147	0.013199999999983447	epochs	3.0
945.1703200038147	0.026240000000029795	epochs	2.0
945.1703200038147	0.013119999999958054	epochs	3.0
945.1834400038147	0.013120000000071741	epochs	3.0
945.1965600038147	0.026160000000004402	epochs	2.0
945.1965600038147	0.013119999999958054	epochs	3.0
945.2096800038147	0.013040000000046348	epochs	3.0
945.2227200038147	0.025999999999953616	epochs	2.0
945.2227200038147	0.013039999999932661	epochs	3.0
945.2357600038147	0.012960000000020955	epochs	3.0
945.2487200038147	0.025759999999991123	epochs	2.0
945.2487200038147	0.012879999999995562	epochs	3.0
945.2616000038147	0.012879999999995562	epochs	3.0
945.2744800038147	0.02567999999996573	epochs	2.0
945.2744800038147	0.012879999999995562	epochs	3.0
945.2873600038147	0.012799999999970169	epochs	3.0
945.3001600038147	0.02552000000002863	epochs	2.0
945.3001600038147	0.012800000000083855	epochs	3.0
945.3129600038147	0.012719999999944775	epochs	3.0
945.3256800038147	0.025359999999977845	epochs	2.0
945.3256800038147	0.012720000000058462	epochs	3.0
945.3384000038147	0.012639999999919382	epochs	3.0
945.3510400038147	0.025200000000040745	epochs	2.0
945.3510400038147	0.01264000000003307	epochs	3.0
945.3636800038147	0.012560000000007676	epochs	3.0
945.3762400038147	0.024559999999951287	epochs	2.0
945.4005018038147	0.5	epochs	-1.0
945.4008000038147	0.5548000000000002	epochs	1.0
945.9556000038147	0.4451200000000881	epochs	0.0
949.2410001754761	0.10479999999995471	epochs	0.0
949.2410001754761	0.04736000000002605	epochs	1.0
949.2883601754761	0.010080000000016298	epochs	1.0
949.2984401754761	0.04735999999991236	epochs	1.0
949.345800175476	2.0	epochs	0.0
951.345800175476	21.535760000000096	epochs	0.0
951.345800175476	1.0	epochs	1.0
951.345821975476	0.5	epochs	-1.0
951.845821975476	19.999680000000012	epochs	-1.0
952.345800175476	20.0	epochs	1.0
952.345800175476	8.000000002539309e-05	epochs	2.0
952.345880175476	4.356719999999996	epochs	-1.0
952.345880175476	1.9745599999999968	epochs	2.0
952.345880175476	1.0985600000000204	epochs	3.0
953.4444401754761	0.8759999999999764	epochs	3.0
954.320440175476	1.3523999999999887	epochs	2.0
954.320440175476	0.7286400000000413	epochs	3.0
955.0490801754761	0.6237599999999475	epochs	3.0
955.672840175476	1.0297600000000102	epochs	2.0
955.672840175476	0.5453600000000733	epochs	3.0
956.2182001754761	0.4843999999999369	epochs	3.0
956.702600175476	0.8317600000000311	epochs	2.0
956.702600175476	0.435760000000073	epochs	3.0
957.1383601754761	0.39599999999995816	epochs	3.0
957.5343601754761	0.697840000000042	epochs	2.0
957.5343601754761	0.3628800000000183	epochs	3.0
957.8972401754761	0.3349600000000237	epochs	3.0
958.2322001754761	0.6010399999998981	epochs	2.0
958.2322001754761	0.3108799999999974	epochs	3.0
958.5430801754761	0.2901599999999007	epochs	3.0
958.833240175476	0.5278400000000829	epochs	2.0
958.833240175476	0.2719200000000228	epochs	3.0
959.105160175476	0.2559200000000601	epochs	3.0
959.3610801754761	0.47064000000000306	epochs	2.0
959.3610801754761	0.24167999999997392	epochs	3.0
959.6027601754761	0.22896000000002914	epochs	3.0
959.8317201754761	0.42455999999992855	epochs	2.0
959.8317201754761	0.2174400000000105	epochs	3.0
960.0491601754761	0.20711999999991804	epochs	3.0
960.256280175476	0.3867200000000821	epochs	2.0
960.256280175476	0.1976799999999912	epochs	3.0
960.453960175476	0.1890400000000909	epochs	3.0
960.6430001754761	0.3551199999999426	epochs	2.0
960.6430001754761	0.1811999999999898	epochs	3.0
960.8242001754761	0.17391999999995278	epochs	3.0
960.9981201754761	0.3282400000000507	epochs	2.0
960.9981201754761	0.1671999999999798	epochs	3.0
961.165320175476	0.1610400000000709	epochs	3.0
961.3263601754761	0.30520000000001346	epochs	2.0
961.3263601754761	0.1552799999999479	epochs	3.0
961.4816401754761	0.14992000000006556	epochs	3.0
961.6315601754761	0.28512000000000626	epochs	2.0
961.6315601754761	0.14487999999994372	epochs	3.0
961.7764401754761	0.14024000000006254	epochs	3.0
961.9166801754761	0.26751999999999043	epochs	2.0
961.9166801754761	0.13583999999991647	epochs	3.0
962.052520175476	0.13168000000007396	epochs	3.0
962.1842001754761	0.2520799999999781	epochs	2.0
962.1842001754761	0.12783999999999196	epochs	3.0
962.3120401754761	0.12423999999998614	epochs	3.0
962.4362801754761	0.2381599999999935	epochs	2.0
962.4362801754761	0.12072000000000571	epochs	3.0
962.5570001754761	0.11743999999998778	epochs	3.0
962.6744401754761	0.2258399999999483	epochs	2.0
962.6744401754761	0.11439999999993233	epochs	3.0
962.788840175476	0.11144000000001597	epochs	3.0
962.900280175476	0.21464000000003125	epochs	2.0
962.900280175476	0.10864000000003671	epochs	3.0
963.0089201754761	0.10599999999999454	epochs	3.0
963.1149201754761	0.20447999999998956	epochs	2.0
963.1149201754761	0.10343999999997777	epochs	3.0
963.218360175476	0.10104000000001179	epochs	3.0
963.3194001754761	0.1953600000000506	epochs	2.0
963.3194001754761	0.0987999999999829	epochs	3.0
963.418200175476	0.0965600000000677	epochs	3.0
963.5147601754761	0.18695999999999913	epochs	2.0
963.5147601754761	0.09447999999997592	epochs	3.0
963.6092401754761	0.09248000000002321	epochs	3.0
963.7017201754761	0.17919999999992342	epochs	2.0
963.7017201754761	0.09047999999995682	epochs	3.0
963.7922001754761	0.0887199999999666	epochs	3.0
963.880920175476	0.17208000000005086	epochs	2.0
963.880920175476	0.08688000000006468	epochs	3.0
963.9678001754761	0.08519999999998618	epochs	3.0
964.0530001754761	0.165520000000015	epochs	2.0
964.0530001754761	0.08359999999993306	epochs	3.0
964.136600175476	0.08192000000008193	epochs	3.0
964.2185201754761	0.1595199999999295	epochs	2.0
964.2185201754761	0.08047999999996591	epochs	3.0
964.2990001754761	0.07903999999996358	epochs	3.0
964.378040175476	0.15376000000003387	epochs	2.0
964.378040175476	0.07760000000007494	epochs	3.0
964.4556401754761	0.07615999999995893	epochs	3.0
964.5318001754761	0.14855999999997493	epochs	2.0
964.5318001754761	0.07496000000003278	epochs	3.0
964.6067601754761	0.07359999999994216	epochs	3.0
964.680360175476	0.14368000000001757	epochs	2.0
964.680360175476	0.0724800000000414	epochs	3.0
964.7528401754761	0.07119999999997617	epochs	3.0
964.8240401754761	0.1390400000000227	epochs	2.0
964.8240401754761	0.07007999999996173	epochs	3.0
964.894120175476	0.06896000000006097	epochs	3.0
964.9630801754761	0.13472000000001572	epochs	2.0
964.9630801754761	0.06791999999995824	epochs	3.0
965.031000175476	0.06680000000005748	epochs	3.0
965.0978001754761	0.13071999999999662	epochs	2.0
965.0978001754761	0.06583999999998014	epochs	3.0
965.1636401754761	0.06488000000001648	epochs	3.0
965.2285201754761	0.1268000000000029	epochs	2.0
965.2285201754761	0.06384000000002743	epochs	3.0
965.2923601754761	0.06295999999997548	epochs	3.0
965.3553201754761	0.12328000000002248	epochs	2.0
965.3553201754761	0.062080000000037217	epochs	3.0
965.4174001754761	0.061199999999985266	epochs	3.0
965.4786001754761	0.11983999999995376	epochs	2.0
965.4786001754761	0.060319999999933316	epochs	3.0
965.538920175476	0.059520000000020445	epochs	3.0
965.5984401754761	0.11663999999996122	epochs	2.0
965.5984401754761	0.05871999999999389	epochs	3.0
965.6571601754761	0.05791999999996733	epochs	3.0
965.715080175476	0.11360000000001946	epochs	2.0
965.715080175476	0.057200000000079854	epochs	3.0
965.7722801754761	0.05639999999993961	epochs	3.0
965.828680175476	0.1107200000000148	epochs	2.0
965.828680175476	0.05568000000005213	epochs	3.0
965.8843601754761	0.055039999999962674	epochs	3.0
965.9394001754761	0.10792000000003554	epochs	2.0
965.9394001754761	0.054240000000049804	epochs	3.0
965.9936401754761	0.05367999999998574	epochs	3.0
966.0473201754761	0.10527999999999338	epochs	2.0
966.0473201754761	0.052959999999984575	epochs	3.0
966.1002801754761	0.052320000000008804	epochs	3.0
966.1526001754761	0.1028800000000274	epochs	2.0
966.1526001754761	0.05175999999994474	epochs	3.0
966.204360175476	0.051120000000082655	epochs	3.0
966.2554801754761	0.10039999999992233	epochs	2.0
966.2554801754761	0.0504799999999932	epochs	3.0
966.3059601754761	0.04991999999992913	epochs	3.0
966.355880175476	0.09824000000003252	epochs	2.0
966.355880175476	0.049359999999978754	epochs	3.0
966.405240175476	0.04888000000005377	epochs	3.0
966.4541201754761	0.09600000000000364	epochs	2.0
966.4541201754761	0.04823999999996431	epochs	3.0
966.502360175476	0.04776000000003933	epochs	3.0
966.5501201754761	0.09392000000002554	epochs	2.0
966.5501201754761	0.04719999999997526	epochs	3.0
966.597320175476	0.04672000000005028	epochs	3.0
966.6440401754761	0.09191999999995915	epochs	2.0
966.6440401754761	0.04615999999998621	epochs	3.0
966.6902001754761	0.04575999999997293	epochs	3.0
966.7359601754761	0.09008000000005723	epochs	2.0
966.7359601754761	0.04528000000004795	epochs	3.0
966.7812401754761	0.04480000000000928	epochs	3.0
966.8260401754761	0.08815999999990254	epochs	2.0
966.8260401754761	0.044319999999970605	epochs	3.0
966.8703601754761	0.04383999999993193	epochs	3.0
966.914200175476	0.0864800000000514	epochs	2.0
966.914200175476	0.04344000000003234	epochs	3.0
966.9576401754761	0.04304000000001906	epochs	3.0
967.0006801754761	0.0847199999999475	epochs	2.0
967.0006801754761	0.04255999999998039	epochs	3.0
967.0432401754761	0.04215999999996711	epochs	3.0
967.085400175476	0.08320000000003347	epochs	2.0
967.085400175476	0.04176000000006752	epochs	3.0
967.1271601754761	0.04143999999996595	epochs	3.0
967.1686001754761	0.08152000000006865	epochs	2.0
967.1686001754761	0.040960000000040964	epochs	3.0
967.2095601754761	0.040560000000027685	epochs	3.0
967.2501201754761	0.08007999999995263	epochs	2.0
967.2501201754761	0.04023999999992611	epochs	3.0
967.290360175476	0.03984000000002652	epochs	3.0
967.3302001754761	0.0786399999999503	epochs	2.0
967.3302001754761	0.039520000000038635	epochs	3.0
967.3697201754761	0.03911999999991167	epochs	3.0
967.408840175476	0.07720000000006166	epochs	2.0
967.408840175476	0.03880000000003747	epochs	3.0
967.4476401754761	0.03840000000002419	epochs	3.0
967.4860401754761	0.07591999999999643	epochs	2.0
967.4860401754761	0.03815999999994801	epochs	3.0
967.524200175476	0.03776000000004842	epochs	3.0
967.5619601754761	0.0745600000000195	epochs	2.0
967.5619601754761	0.03743999999994685	epochs	3.0
967.599400175476	0.03712000000007265	epochs	3.0
967.6365201754761	0.07335999999997966	epochs	2.0
967.6365201754761	0.03679999999997108	epochs	3.0
967.6733201754761	0.036560000000008586	epochs	3.0
967.7098801754761	0.07208000000002812	epochs	2.0
967.7098801754761	0.03615999999999531	epochs	3.0
967.7460401754761	0.035920000000032815	epochs	3.0
967.7819601754761	0.07087999999998829	epochs	2.0
967.7819601754761	0.03559999999993124	epochs	3.0
967.817560175476	0.035280000000057044	epochs	3.0
967.8528401754761	0.06983999999999924	epochs	2.0
967.8528401754761	0.035039999999980864	epochs	3.0
967.8878801754761	0.03480000000001837	epochs	3.0
967.9226801754761	0.0686399999999594	epochs	2.0
967.9226801754761	0.0344799999999168	epochs	3.0
967.957160175476	0.0341600000000426	epochs	3.0
967.9913201754761	0.06759999999997035	epochs	2.0
967.9913201754761	0.03391999999996642	epochs	3.0
968.025240175476	0.03368000000000393	epochs	3.0
968.058920175476	0.06656000000009499	epochs	2.0
968.058920175476	0.03344000000004144	epochs	3.0
968.0923601754761	0.03312000000005355	epochs	3.0
968.1254801754761	0.06559999999990396	epochs	2.0
968.1254801754761	0.03295999999988908	epochs	3.0
968.158440175476	0.03264000000001488	epochs	3.0
968.191080175476	0.0645600000000286	epochs	2.0
968.191080175476	0.03240000000005239	epochs	3.0
968.2234801754761	0.03215999999997621	epochs	3.0
968.2556401754761	0.06367999999997664	epochs	2.0
968.2556401754761	0.03200000000003911	epochs	3.0
968.2876401754761	0.031679999999937536	epochs	3.0
968.319320175476	0.06272000000001299	epochs	2.0
968.319320175476	0.03144000000008873	epochs	3.0
968.3507601754761	0.03127999999992426	epochs	3.0
968.382040175476	0.061840000000074724	epochs	2.0
968.382040175476	0.03104000000007545	epochs	3.0
968.4130801754761	0.030799999999999272	epochs	3.0
968.4438801754761	0.06095999999990909	epochs	2.0
968.4438801754761	0.030559999999923093	epochs	3.0
968.474440175476	0.030399999999985994	epochs	3.0
968.504840175476	0.060159999999996217	epochs	2.0
968.504840175476	0.0301600000000235	epochs	3.0
968.5350001754761	0.029999999999972715	epochs	3.0
968.565000175476	0.05928000000005795	epochs	2.0
968.565000175476	0.029680000000098516	epochs	3.0
968.5946801754761	0.029599999999959437	epochs	3.0
968.6242801754761	0.058480000000031396	epochs	2.0
968.6242801754761	0.029359999999996944	epochs	3.0
968.6536401754761	0.02912000000003445	epochs	3.0
968.6827601754761	0.057759999999916545	epochs	2.0
968.6827601754761	0.028959999999983665	epochs	3.0
968.7117201754761	0.02879999999993288	epochs	3.0
968.740520175476	0.056960000000003674	epochs	2.0
968.740520175476	0.028560000000084074	epochs	3.0
968.7690801754761	0.0283999999999196	epochs	3.0
968.797480175476	0.05624000000000251	epochs	2.0
968.797480175476	0.028160000000070795	epochs	3.0
968.8256401754761	0.028079999999931715	epochs	3.0
968.853720175476	0.05543999999997595	epochs	2.0
968.853720175476	0.02784000000008291	epochs	3.0
968.8815601754761	0.027599999999893043	epochs	3.0
968.909160175476	0.054880000000025575	epochs	2.0
968.909160175476	0.027520000000095024	epochs	3.0
968.9366801754761	0.02735999999993055	epochs	3.0
968.964040175476	0.05407999999999902	epochs	2.0
968.964040175476	0.027120000000081745	epochs	3.0
968.9911601754761	0.026959999999917272	epochs	3.0
969.018120175476	0.05344000000002325	epochs	2.0
969.018120175476	0.026799999999980173	epochs	3.0
969.044920175476	0.026640000000043074	epochs	3.0
969.0715601754761	0.05287999999995918	epochs	2.0
969.0715601754761	0.026479999999992287	epochs	3.0
969.0980401754761	0.026399999999966894	epochs	3.0
969.124440175476	0.052160000000071705	epochs	2.0
969.124440175476	0.026160000000004402	epochs	3.0
969.150600175476	0.026000000000067303	epochs	3.0
969.1766001754761	0.05151999999998225	epochs	2.0
969.1766001754761	0.025840000000016516	epochs	3.0
969.2024401754761	0.02567999999996573	epochs	3.0
969.2281201754761	0.05096000000003187	epochs	2.0
969.2281201754761	0.025599999999940337	epochs	3.0
969.253720175476	0.02536000000009153	epochs	3.0
969.2790801754761	0.050399999999967804	epochs	2.0
969.2790801754761	0.02527999999995245	epochs	3.0
969.3043601754761	0.025120000000015352	epochs	3.0
969.3294801754761	0.04975999999999203	epochs	2.0
969.3294801754761	0.024959999999964566	epochs	3.0
969.354440175476	0.024800000000027467	epochs	3.0
969.3792401754761	0.049200000000041655	epochs	2.0
969.3792401754761	0.02463999999997668	epochs	3.0
969.403880175476	0.024560000000064974	epochs	3.0
969.4284401754761	0.04872000000000298	epochs	2.0
969.4284401754761	0.024400000000014188	epochs	3.0
969.4528401754761	0.024319999999988795	epochs	3.0
969.4771601754761	0.048079999999913525	epochs	2.0
969.4771601754761	0.024079999999912616	epochs	3.0
969.501240175476	0.02400000000000091	epochs	3.0
969.525240175476	0.04760000000010223	epochs	2.0
969.525240175476	0.02384000000006381	epochs	3.0
969.5490801754761	0.023760000000038417	epochs	3.0
969.5728401754761	0.04711999999994987	epochs	2.0
969.5728401754761	0.02359999999998763	epochs	3.0
969.5964401754761	0.023519999999962238	epochs	3.0
969.6199601754761	0.04655999999999949	epochs	2.0
969.6199601754761	0.02336000000002514	epochs	3.0
969.6433201754761	0.023199999999974352	epochs	3.0
969.6665201754761	0.04607999999996082	epochs	2.0
969.6665201754761	0.02311999999994896	epochs	3.0
969.689640175476	0.02296000000001186	epochs	3.0
969.712600175476	0.045600000000035834	epochs	2.0
969.712600175476	0.022879999999986467	epochs	3.0
969.735480175476	0.022720000000049367	epochs	3.0
969.7582001754761	0.04511999999999716	epochs	2.0
969.7582001754761	0.022640000000023974	epochs	3.0
969.7808401754761	0.022479999999973188	epochs	3.0
969.8033201754761	0.04463999999995849	epochs	2.0
969.8033201754761	0.022399999999947795	epochs	3.0
969.825720175476	0.022240000000010696	epochs	3.0
969.847960175476	0.0442400000000589	epochs	2.0
969.847960175476	0.02216000000009899	epochs	3.0
969.8701201754761	0.02207999999995991	epochs	3.0
969.8922001754761	0.04376000000002023	epochs	2.0
969.8922001754761	0.02192000000002281	epochs	3.0
969.9141201754761	0.021839999999997417	epochs	3.0
969.9359601754761	0.04336000000000695	epochs	2.0
969.9359601754761	0.021759999999972024	epochs	3.0
969.9577201754761	0.021600000000034925	epochs	3.0
969.9793201754761	0.04287999999996828	epochs	2.0
969.9793201754761	0.02143999999998414	epochs	3.0
970.0007601754761	0.02143999999998414	epochs	3.0
970.0222001754761	0.042479999999955	epochs	2.0
970.0222001754761	0.021279999999933352	epochs	3.0
970.043480175476	0.021200000000021646	epochs	3.0
970.064680175476	0.042080000000055406	epochs	2.0
970.064680175476	0.021040000000084547	epochs	3.0
970.0857201754761	0.02103999999997086	epochs	3.0
970.1067601754761	0.04167999999992844	epochs	2.0
970.1067601754761	0.020879999999920074	epochs	3.0
970.127640175476	0.020800000000008367	epochs	3.0
970.148440175476	0.041200000000003456	epochs	2.0
970.148440175476	0.020640000000071268	epochs	3.0
970.1690801754761	0.020559999999932188	epochs	3.0
970.189640175476	0.04088000000001557	epochs	2.0
970.189640175476	0.020560000000045875	epochs	3.0
970.2102001754761	0.020319999999969696	epochs	3.0
970.230520175476	0.040560000000027685	epochs	2.0
970.230520175476	0.020320000000083382	epochs	3.0
970.2508401754761	0.020239999999944303	epochs	3.0
970.2710801754761	0.04007999999998901	epochs	2.0
970.2710801754761	0.020080000000007203	epochs	3.0
970.2911601754761	0.01999999999998181	epochs	3.0
970.3111601754761	0.03976000000000113	epochs	2.0
970.3111601754761	0.019919999999956417	epochs	3.0
970.331080175476	0.01984000000004471	epochs	3.0
970.3509201754761	0.03944000000001324	epochs	2.0
970.3509201754761	0.019760000000019318	epochs	3.0
970.3706801754761	0.019679999999993925	epochs	3.0
970.3903601754761	0.039039999999999964	epochs	2.0
970.3903601754761	0.01951999999994314	epochs	3.0
970.409880175476	0.019520000000056825	epochs	3.0
970.4294001754761	0.038639999999986685	epochs	2.0
970.4294001754761	0.01936000000000604	epochs	3.0
970.4487601754761	0.019279999999980646	epochs	3.0
970.4680401754761	0.03840000000002419	epochs	2.0
970.4680401754761	0.019279999999980646	epochs	3.0
970.487320175476	0.019120000000043547	epochs	3.0
970.5064401754761	0.038000000000010914	epochs	2.0
970.5064401754761	0.019040000000018154	epochs	3.0
970.5254801754761	0.01895999999999276	epochs	3.0
970.5444401754761	0.03768000000002303	epochs	2.0
970.5444401754761	0.018879999999967367	epochs	3.0
970.5633201754761	0.01880000000005566	epochs	3.0
970.5821201754761	0.037359999999921456	epochs	2.0
970.5821201754761	0.01871999999991658	epochs	3.0
970.600840175476	0.018640000000004875	epochs	3.0
970.619480175476	0.03704000000004726	epochs	2.0
970.619480175476	0.018559999999979482	epochs	3.0
970.638040175476	0.018480000000067776	epochs	3.0
970.6565201754761	0.036719999999945685	epochs	2.0
970.6565201754761	0.018399999999928696	epochs	3.0
970.674920175476	0.01832000000001699	epochs	3.0
970.693240175476	0.03648000000009688	epochs	2.0
970.693240175476	0.018239999999991596	epochs	3.0
970.711480175476	0.018240000000105283	epochs	3.0
970.7297201754761	0.036079999999969914	epochs	2.0
970.7297201754761	0.01807999999994081	epochs	3.0
970.7478001754761	0.018000000000029104	epochs	3.0
970.7658001754761	0.03584000000000742	epochs	2.0
970.7658001754761	0.01792000000000371	epochs	3.0
970.7837201754761	0.01792000000000371	epochs	3.0
970.8016401754761	0.035520000000019536	epochs	2.0
970.8016401754761	0.017759999999952925	epochs	3.0
970.8194001754761	0.01776000000006661	epochs	3.0
970.8371601754761	0.035199999999917964	epochs	2.0
970.8371601754761	0.01767999999992753	epochs	3.0
970.854840175476	0.017519999999990432	epochs	3.0
970.872360175476	0.03496000000006916	epochs	2.0
970.872360175476	0.017519999999990432	epochs	3.0
970.889880175476	0.017440000000078726	epochs	3.0
970.9073201754761	0.03471999999999298	epochs	2.0
970.9073201754761	0.01743999999996504	epochs	3.0
970.9247601754761	0.01728000000002794	epochs	3.0
970.9420401754761	0.03440000000000509	epochs	2.0
970.9420401754761	0.017200000000002547	epochs	3.0
970.9592401754761	0.017200000000002547	epochs	3.0
970.9764401754761	0.034159999999928914	epochs	2.0
970.9764401754761	0.017119999999977153	epochs	3.0
970.9935601754761	0.01703999999995176	epochs	3.0
971.010600175476	0.033840000000054715	epochs	2.0
971.010600175476	0.016960000000040054	epochs	3.0
971.0275601754761	0.01688000000001466	epochs	3.0
971.0444401754761	0.033599999999978536	epochs	2.0
971.0444401754761	0.016799999999989268	epochs	3.0
971.0612401754761	0.016799999999989268	epochs	3.0
971.0780401754761	0.033360000000016043	epochs	2.0
971.0780401754761	0.016719999999963875	epochs	3.0
971.094760175476	0.01664000000005217	epochs	3.0
971.1114001754761	0.033119999999939864	epochs	2.0
971.1114001754761	0.016560000000026776	epochs	3.0
971.1279601754761	0.01655999999991309	epochs	3.0
971.144520175476	0.032800000000065666	epochs	2.0
971.144520175476	0.016400000000089676	epochs	3.0
971.1609201754761	0.01639999999997599	epochs	3.0
971.1773201754761	0.032559999999989486	epochs	2.0
971.1773201754761	0.016319999999950596	epochs	3.0
971.193640175476	0.01624000000003889	epochs	3.0
971.2098801754761	0.0323999999999387	epochs	2.0
971.2098801754761	0.01624000000003889	epochs	3.0
971.2261201754761	0.01615999999989981	epochs	3.0
971.242280175476	0.0320800000000645	epochs	2.0
971.242280175476	0.01608000000010179	epochs	3.0
971.2583601754761	0.01599999999996271	epochs	3.0
971.2743601754761	0.031920000000013715	epochs	2.0
971.2743601754761	0.01599999999996271	epochs	3.0
971.290360175476	0.015920000000051004	epochs	3.0
971.3062801754761	0.03160000000002583	epochs	2.0
971.3062801754761	0.01584000000002561	epochs	3.0
971.3221201754761	0.01576000000000022	epochs	3.0
971.3378801754761	0.03143999999997504	epochs	2.0
971.3378801754761	0.01576000000000022	epochs	3.0
971.3536401754761	0.015679999999974825	epochs	3.0
971.3693201754761	0.03120000000001255	epochs	2.0
971.3693201754761	0.015599999999949432	epochs	3.0
971.384920175476	0.015600000000063119	epochs	3.0
971.4005201754761	0.030959999999936372	epochs	2.0
971.4005201754761	0.015519999999924039	epochs	3.0
971.416040175476	0.015440000000012333	epochs	3.0
971.431480175476	0.03071999999997388	epochs	2.0
971.431480175476	0.015440000000012333	epochs	3.0
971.4469201754761	0.015279999999961547	epochs	3.0
971.462200175476	0.03056000000003678	epochs	2.0
971.462200175476	0.015360000000100626	epochs	3.0
971.4775601754761	0.015199999999936153	epochs	3.0
971.4927601754761	0.0303199999999606	epochs	2.0
971.4927601754761	0.01520000000004984	epochs	3.0
971.5079601754761	0.01511999999991076	epochs	3.0
971.523080175476	0.030079999999998108	epochs	2.0
971.523080175476	0.015120000000024447	epochs	3.0
971.538200175476	0.014959999999973661	epochs	3.0
971.553160175476	0.02992000000006101	epochs	2.0
971.553160175476	0.015039999999999054	epochs	3.0
971.568200175476	0.014880000000061955	epochs	3.0
971.5830801754761	0.02967999999998483	epochs	2.0
971.5830801754761	0.014879999999948268	epochs	3.0
971.597960175476	0.014800000000036562	epochs	3.0
971.6127601754761	0.02952000000004773	epochs	2.0
971.6127601754761	0.014800000000036562	epochs	3.0
971.6275601754761	0.014720000000011169	epochs	3.0
971.6422801754761	0.02927999999997155	epochs	2.0
971.6422801754761	0.014720000000011169	epochs	3.0
971.6570001754761	0.014559999999960382	epochs	3.0
971.6715601754761	0.02912000000003445	epochs	2.0
971.6715601754761	0.014639999999985776	epochs	3.0
971.6862001754761	0.014480000000048676	epochs	3.0
971.7006801754761	0.028959999999983665	epochs	2.0
971.7006801754761	0.01447999999993499	epochs	3.0
971.7151601754761	0.014480000000048676	epochs	3.0
971.7296401754761	0.02863999999999578	epochs	2.0
971.7296401754761	0.01431999999999789	epochs	3.0
971.7439601754761	0.01431999999999789	epochs	3.0
971.7582801754761	0.028559999999970387	epochs	2.0
971.7582801754761	0.01431999999999789	epochs	3.0
971.7726001754761	0.014239999999972497	epochs	3.0
971.7868401754761	0.028320000000007894	epochs	2.0
971.7868401754761	0.014159999999947104	epochs	3.0
971.801000175476	0.01416000000006079	epochs	3.0
971.8151601754761	0.028159999999957108	epochs	2.0
971.8151601754761	0.014159999999947104	epochs	3.0
971.829320175476	0.014000000000010004	epochs	3.0
971.843320175476	0.02800000000002001	epochs	2.0
971.843320175476	0.014000000000010004	epochs	3.0
971.857320175476	0.014000000000010004	epochs	3.0
971.8713201754761	0.027760000000057516	epochs	2.0
971.8713201754761	0.013919999999984611	epochs	3.0
971.885240175476	0.013840000000072905	epochs	3.0
971.8990801754761	0.027679999999918437	epochs	2.0
971.8990801754761	0.013839999999959218	epochs	3.0
971.9129201754761	0.013839999999959218	epochs	3.0
971.926760175476	0.02744000000006963	epochs	2.0
971.926760175476	0.013760000000047512	epochs	3.0
971.9405201754761	0.013680000000022119	epochs	3.0
971.9542001754761	0.027280000000018845	epochs	2.0
971.9542001754761	0.013680000000022119	epochs	3.0
971.9678801754761	0.013599999999996726	epochs	3.0
971.9814801754761	0.02711999999996806	epochs	2.0
971.9814801754761	0.013519999999971333	epochs	3.0
971.9950001754761	0.013599999999996726	epochs	3.0
972.0086001754761	0.026880000000005566	epochs	2.0
972.0086001754761	0.01343999999994594	epochs	3.0
972.022040175476	0.013440000000059626	epochs	3.0
972.0354801754761	0.026799999999980173	epochs	2.0
972.0354801754761	0.01343999999994594	epochs	3.0
972.048920175476	0.013360000000034233	epochs	3.0
972.0622801754761	0.02656000000001768	epochs	2.0
972.0622801754761	0.01328000000000884	epochs	3.0
972.0755601754761	0.01328000000000884	epochs	3.0
972.0888401754761	0.026479999999992287	epochs	2.0
972.0888401754761	0.01328000000000884	epochs	3.0
972.1021201754761	0.013199999999983447	epochs	3.0
972.1153201754761	0.026240000000029795	epochs	2.0
972.1153201754761	0.013119999999958054	epochs	3.0
972.128440175476	0.013120000000071741	epochs	3.0
972.1415601754761	0.026160000000004402	epochs	2.0
972.1415601754761	0.013119999999958054	epochs	3.0
972.1546801754761	0.013040000000046348	epochs	3.0
972.1677201754761	0.025999999999953616	epochs	2.0
972.1677201754761	0.013039999999932661	epochs	3.0
972.180760175476	0.012960000000020955	epochs	3.0
972.1937201754761	0.025759999999991123	epochs	2.0
972.1937201754761	0.012879999999995562	epochs	3.0
972.2066001754761	0.012879999999995562	epochs	3.0
972.2194801754761	0.02567999999996573	epochs	2.0
972.2194801754761	0.012879999999995562	epochs	3.0
972.2323601754761	0.012799999999970169	epochs	3.0
972.245160175476	0.02552000000002863	epochs	2.0
972.245160175476	0.012800000000083855	epochs	3.0
972.2579601754761	0.012719999999944775	epochs	3.0
972.2706801754761	0.025359999999977845	epochs	2.0
972.2706801754761	0.012720000000058462	epochs	3.0
972.2834001754761	0.012639999999919382	epochs	3.0
972.296040175476	0.025200000000040745	epochs	2.0
972.296040175476	0.01264000000003307	epochs	3.0
972.3086801754761	0.012560000000007676	epochs	3.0
972.3212401754761	0.024559999999951287	epochs	2.0
972.345501975476	0.5	epochs	-1.0
972.345800175476	0.5357600000000957	epochs	1.0
972.8815601754761	0.4641599999999926	epochs	0.0
975.9990000724792	0.10479999999995471	epochs	0.0
975.9990000724792	0.04736000000002605	epochs	1.0
976.0463600724793	0.010080000000016298	epochs	1.0
976.0564400724793	0.04735999999991236	epochs	1.0
976.1038000724792	2.0	epochs	0.0
978.1038000724792	21.51576	epochs	0.0
978.1038000724792	1.0	epochs	1.0
978.1038218724792	0.5	epochs	-1.0
978.6038218724792	19.999680000000012	epochs	-1.0
979.1038000724792	20.0	epochs	1.0
979.1038000724792	8.000000002539309e-05	epochs	2.0
979.1038800724792	4.356719999999996	epochs	-1.0
979.1038800724792	1.9745599999999968	epochs	2.0
979.1038800724792	1.0985600000000204	epochs	3.0
980.2024400724792	0.8759999999999764	epochs	3.0
981.0784400724792	1.3523999999999887	epochs	2.0
981.0784400724792	0.7286400000000413	epochs	3.0
981.8070800724793	0.6237599999999475	epochs	3.0
982.4308400724792	1.0297600000000102	epochs	2.0
982.4308400724792	0.5453600000000733	epochs	3.0
982.9762000724793	0.4843999999999369	epochs	3.0
983.4606000724792	0.8317600000000311	epochs	2.0
983.4606000724792	0.435760000000073	epochs	3.0
983.8963600724793	0.39599999999995816	epochs	3.0
984.2923600724793	0.697840000000042	epochs	2.0
984.2923600724793	0.3628800000000183	epochs	3.0
984.6552400724793	0.3349600000000237	epochs	3.0
984.9902000724793	0.6010399999998981	epochs	2.0
984.9902000724793	0.3108799999999974	epochs	3.0
985.3010800724793	0.2901599999999007	epochs	3.0
985.5912400724792	0.5278400000000829	epochs	2.0
985.5912400724792	0.2719200000000228	epochs	3.0
985.8631600724792	0.2559200000000601	epochs	3.0
986.1190800724793	0.47064000000000306	epochs	2.0
986.1190800724793	0.24167999999997392	epochs	3.0
986.3607600724793	0.22896000000002914	epochs	3.0
986.5897200724793	0.42455999999992855	epochs	2.0
986.5897200724793	0.2174400000000105	epochs	3.0
986.8071600724793	0.20711999999991804	epochs	3.0
987.0142800724792	0.3867200000000821	epochs	2.0
987.0142800724792	0.1976799999999912	epochs	3.0
987.2119600724792	0.1890400000000909	epochs	3.0
987.4010000724793	0.3551199999999426	epochs	2.0
987.4010000724793	0.1811999999999898	epochs	3.0
987.5822000724793	0.17391999999995278	epochs	3.0
987.7561200724792	0.3282400000000507	epochs	2.0
987.7561200724792	0.1671999999999798	epochs	3.0
987.9233200724792	0.1610400000000709	epochs	3.0
988.0843600724793	0.30520000000001346	epochs	2.0
988.0843600724793	0.1552799999999479	epochs	3.0
988.2396400724792	0.14992000000006556	epochs	3.0
988.3895600724793	0.28512000000000626	epochs	2.0
988.3895600724793	0.14487999999994372	epochs	3.0
988.5344400724792	0.14024000000006254	epochs	3.0
988.6746800724793	0.26751999999999043	epochs	2.0
988.6746800724793	0.13583999999991647	epochs	3.0
988.8105200724792	0.13168000000007396	epochs	3.0
988.9422000724793	0.2520799999999781	epochs	2.0
988.9422000724793	0.12783999999999196	epochs	3.0
989.0700400724793	0.12423999999998614	epochs	3.0
989.1942800724793	0.2381599999999935	epochs	2.0
989.1942800724793	0.12072000000000571	epochs	3.0
989.3150000724793	0.11743999999998778	epochs	3.0
989.4324400724793	0.2258399999999483	epochs	2.0
989.4324400724793	0.11439999999993233	epochs	3.0
989.5468400724792	0.11144000000001597	epochs	3.0
989.6582800724792	0.21464000000003125	epochs	2.0
989.6582800724792	0.10864000000003671	epochs	3.0
989.7669200724793	0.10599999999999454	epochs	3.0
989.8729200724792	0.20447999999998956	epochs	2.0
989.8729200724792	0.10343999999997777	epochs	3.0
989.9763600724792	0.10104000000001179	epochs	3.0
990.0774000724792	0.1953600000000506	epochs	2.0
990.0774000724792	0.0987999999999829	epochs	3.0
990.1762000724792	0.0965600000000677	epochs	3.0
990.2727600724793	0.18695999999999913	epochs	2.0
990.2727600724793	0.09447999999997592	epochs	3.0
990.3672400724793	0.09248000000002321	epochs	3.0
990.4597200724793	0.17919999999992342	epochs	2.0
990.4597200724793	0.09047999999995682	epochs	3.0
990.5502000724792	0.0887199999999666	epochs	3.0
990.6389200724792	0.17208000000005086	epochs	2.0
990.6389200724792	0.08688000000006468	epochs	3.0
990.7258000724793	0.08519999999998618	epochs	3.0
990.8110000724793	0.165520000000015	epochs	2.0
990.8110000724793	0.08359999999993306	epochs	3.0
990.8946000724792	0.08192000000008193	epochs	3.0
990.9765200724793	0.1595199999999295	epochs	2.0
990.9765200724793	0.08047999999996591	epochs	3.0
991.0570000724792	0.07903999999996358	epochs	3.0
991.1360400724792	0.15376000000003387	epochs	2.0
991.1360400724792	0.07760000000007494	epochs	3.0
991.2136400724793	0.07615999999995893	epochs	3.0
991.2898000724792	0.14855999999997493	epochs	2.0
991.2898000724792	0.07496000000003278	epochs	3.0
991.3647600724793	0.07359999999994216	epochs	3.0
991.4383600724792	0.14368000000001757	epochs	2.0
991.4383600724792	0.0724800000000414	epochs	3.0
991.5108400724793	0.07119999999997617	epochs	3.0
991.5820400724792	0.1390400000000227	epochs	2.0
991.5820400724792	0.07007999999996173	epochs	3.0
991.6521200724792	0.06896000000006097	epochs	3.0
991.7210800724793	0.13472000000001572	epochs	2.0
991.7210800724793	0.06791999999995824	epochs	3.0
991.7890000724792	0.06680000000005748	epochs	3.0
991.8558000724793	0.13071999999999662	epochs	2.0
991.8558000724793	0.06583999999998014	epochs	3.0
991.9216400724792	0.06488000000001648	epochs	3.0
991.9865200724793	0.1268000000000029	epochs	2.0
991.9865200724793	0.06384000000002743	epochs	3.0
992.0503600724793	0.06295999999997548	epochs	3.0
992.1133200724793	0.12328000000002248	epochs	2.0
992.1133200724793	0.062080000000037217	epochs	3.0
992.1754000724793	0.061199999999985266	epochs	3.0
992.2366000724793	0.11983999999995376	epochs	2.0
992.2366000724793	0.060319999999933316	epochs	3.0
992.2969200724792	0.059520000000020445	epochs	3.0
992.3564400724792	0.11663999999996122	epochs	2.0
992.3564400724792	0.05871999999999389	epochs	3.0
992.4151600724792	0.05791999999996733	epochs	3.0
992.4730800724792	0.11360000000001946	epochs	2.0
992.4730800724792	0.057200000000079854	epochs	3.0
992.5302800724793	0.05639999999993961	epochs	3.0
992.5866800724792	0.1107200000000148	epochs	2.0
992.5866800724792	0.05568000000005213	epochs	3.0
992.6423600724793	0.055039999999962674	epochs	3.0
992.6974000724792	0.10792000000003554	epochs	2.0
992.6974000724792	0.054240000000049804	epochs	3.0
992.7516400724793	0.05367999999998574	epochs	3.0
992.8053200724793	0.10527999999999338	epochs	2.0
992.8053200724793	0.052959999999984575	epochs	3.0
992.8582800724793	0.052320000000008804	epochs	3.0
992.9106000724793	0.1028800000000274	epochs	2.0
992.9106000724793	0.05175999999994474	epochs	3.0
992.9623600724792	0.051120000000082655	epochs	3.0
993.0134800724793	0.10039999999992233	epochs	2.0
993.0134800724793	0.0504799999999932	epochs	3.0
993.0639600724793	0.04991999999992913	epochs	3.0
993.1138800724792	0.09824000000003252	epochs	2.0
993.1138800724792	0.049359999999978754	epochs	3.0
993.1632400724792	0.04888000000005377	epochs	3.0
993.2121200724793	0.09600000000000364	epochs	2.0
993.2121200724793	0.04823999999996431	epochs	3.0
993.2603600724792	0.04776000000003933	epochs	3.0
993.3081200724793	0.09392000000002554	epochs	2.0
993.3081200724793	0.04719999999997526	epochs	3.0
993.3553200724792	0.04672000000005028	epochs	3.0
993.4020400724793	0.09191999999995915	epochs	2.0
993.4020400724793	0.04615999999998621	epochs	3.0
993.4482000724793	0.04575999999997293	epochs	3.0
993.4939600724792	0.09008000000005723	epochs	2.0
993.4939600724792	0.04528000000004795	epochs	3.0
993.5392400724793	0.04480000000000928	epochs	3.0
993.5840400724793	0.08815999999990254	epochs	2.0
993.5840400724793	0.044319999999970605	epochs	3.0
993.6283600724793	0.04383999999993193	epochs	3.0
993.6722000724792	0.0864800000000514	epochs	2.0
993.6722000724792	0.04344000000003234	epochs	3.0
993.7156400724792	0.04304000000001906	epochs	3.0
993.7586800724793	0.0847199999999475	epochs	2.0
993.7586800724793	0.04255999999998039	epochs	3.0
993.8012400724792	0.04215999999996711	epochs	3.0
993.8434000724792	0.08320000000003347	epochs	2.0
993.8434000724792	0.04176000000006752	epochs	3.0
993.8851600724793	0.04143999999996595	epochs	3.0
993.9266000724792	0.08152000000006865	epochs	2.0
993.9266000724792	0.040960000000040964	epochs	3.0
993.9675600724793	0.040560000000027685	epochs	3.0
994.0081200724793	0.08007999999995263	epochs	2.0
994.0081200724793	0.04023999999992611	epochs	3.0
994.0483600724792	0.03984000000002652	epochs	3.0
994.0882000724793	0.0786399999999503	epochs	2.0
994.0882000724793	0.039520000000038635	epochs	3.0
994.1277200724793	0.03911999999991167	epochs	3.0
994.1668400724792	0.07720000000006166	epochs	2.0
994.1668400724792	0.03880000000003747	epochs	3.0
994.2056400724792	0.03840000000002419	epochs	3.0
994.2440400724793	0.07591999999999643	epochs	2.0
994.2440400724793	0.03815999999994801	epochs	3.0
994.2822000724792	0.03776000000004842	epochs	3.0
994.3199600724793	0.0745600000000195	epochs	2.0
994.3199600724793	0.03743999999994685	epochs	3.0
994.3574000724792	0.03712000000007265	epochs	3.0
994.3945200724793	0.07335999999997966	epochs	2.0
994.3945200724793	0.03679999999997108	epochs	3.0
994.4313200724793	0.036560000000008586	epochs	3.0
994.4678800724793	0.07208000000002812	epochs	2.0
994.4678800724793	0.03615999999999531	epochs	3.0
994.5040400724793	0.035920000000032815	epochs	3.0
994.5399600724793	0.07087999999998829	epochs	2.0
994.5399600724793	0.03559999999993124	epochs	3.0
994.5755600724792	0.035280000000057044	epochs	3.0
994.6108400724793	0.06983999999999924	epochs	2.0
994.6108400724793	0.035039999999980864	epochs	3.0
994.6458800724793	0.03480000000001837	epochs	3.0
994.6806800724793	0.0686399999999594	epochs	2.0
994.6806800724793	0.0344799999999168	epochs	3.0
994.7151600724792	0.0341600000000426	epochs	3.0
994.7493200724792	0.06759999999997035	epochs	2.0
994.7493200724792	0.03391999999996642	epochs	3.0
994.7832400724792	0.03368000000000393	epochs	3.0
994.8169200724792	0.06656000000009499	epochs	2.0
994.8169200724792	0.03344000000004144	epochs	3.0
994.8503600724792	0.03312000000005355	epochs	3.0
994.8834800724793	0.06559999999990396	epochs	2.0
994.8834800724793	0.03295999999988908	epochs	3.0
994.9164400724792	0.03264000000001488	epochs	3.0
994.9490800724792	0.0645600000000286	epochs	2.0
994.9490800724792	0.03240000000005239	epochs	3.0
994.9814800724793	0.03215999999997621	epochs	3.0
995.0136400724792	0.06367999999997664	epochs	2.0
995.0136400724792	0.03200000000003911	epochs	3.0
995.0456400724793	0.031679999999937536	epochs	3.0
995.0773200724792	0.06272000000001299	epochs	2.0
995.0773200724792	0.03144000000008873	epochs	3.0
995.1087600724793	0.03127999999992426	epochs	3.0
995.1400400724792	0.061840000000074724	epochs	2.0
995.1400400724792	0.03104000000007545	epochs	3.0
995.1710800724793	0.030799999999999272	epochs	3.0
995.2018800724793	0.06095999999990909	epochs	2.0
995.2018800724793	0.030559999999923093	epochs	3.0
995.2324400724792	0.030399999999985994	epochs	3.0
995.2628400724792	0.060159999999996217	epochs	2.0
995.2628400724792	0.0301600000000235	epochs	3.0
995.2930000724792	0.029999999999972715	epochs	3.0
995.3230000724792	0.05928000000005795	epochs	2.0
995.3230000724792	0.029680000000098516	epochs	3.0
995.3526800724793	0.029599999999959437	epochs	3.0
995.3822800724793	0.058480000000031396	epochs	2.0
995.3822800724793	0.029359999999996944	epochs	3.0
995.4116400724793	0.02912000000003445	epochs	3.0
995.4407600724793	0.057759999999916545	epochs	2.0
995.4407600724793	0.028959999999983665	epochs	3.0
995.4697200724793	0.02879999999993288	epochs	3.0
995.4985200724792	0.056960000000003674	epochs	2.0
995.4985200724792	0.028560000000084074	epochs	3.0
995.5270800724793	0.0283999999999196	epochs	3.0
995.5554800724792	0.05624000000000251	epochs	2.0
995.5554800724792	0.028160000000070795	epochs	3.0
995.5836400724793	0.028079999999931715	epochs	3.0
995.6117200724792	0.05543999999997595	epochs	2.0
995.6117200724792	0.02784000000008291	epochs	3.0
995.6395600724793	0.027599999999893043	epochs	3.0
995.6671600724792	0.054880000000025575	epochs	2.0
995.6671600724792	0.027520000000095024	epochs	3.0
995.6946800724793	0.02735999999993055	epochs	3.0
995.7220400724792	0.05407999999999902	epochs	2.0
995.7220400724792	0.027120000000081745	epochs	3.0
995.7491600724793	0.026959999999917272	epochs	3.0
995.7761200724792	0.05344000000002325	epochs	2.0
995.7761200724792	0.026799999999980173	epochs	3.0
995.8029200724792	0.026640000000043074	epochs	3.0
995.8295600724792	0.05287999999995918	epochs	2.0
995.8295600724792	0.026479999999992287	epochs	3.0
995.8560400724792	0.026399999999966894	epochs	3.0
995.8824400724792	0.052160000000071705	epochs	2.0
995.8824400724792	0.026160000000004402	epochs	3.0
995.9086000724792	0.026000000000067303	epochs	3.0
995.9346000724793	0.05151999999998225	epochs	2.0
995.9346000724793	0.025840000000016516	epochs	3.0
995.9604400724793	0.02567999999996573	epochs	3.0
995.9861200724793	0.05096000000003187	epochs	2.0
995.9861200724793	0.025599999999940337	epochs	3.0
996.0117200724792	0.02536000000009153	epochs	3.0
996.0370800724793	0.050399999999967804	epochs	2.0
996.0370800724793	0.02527999999995245	epochs	3.0
996.0623600724792	0.025120000000015352	epochs	3.0
996.0874800724793	0.04975999999999203	epochs	2.0
996.0874800724793	0.024959999999964566	epochs	3.0
996.1124400724792	0.024800000000027467	epochs	3.0
996.1372400724792	0.049200000000041655	epochs	2.0
996.1372400724792	0.02463999999997668	epochs	3.0
996.1618800724792	0.024560000000064974	epochs	3.0
996.1864400724793	0.04872000000000298	epochs	2.0
996.1864400724793	0.024400000000014188	epochs	3.0
996.2108400724793	0.024319999999988795	epochs	3.0
996.2351600724793	0.048079999999913525	epochs	2.0
996.2351600724793	0.024079999999912616	epochs	3.0
996.2592400724792	0.02400000000000091	epochs	3.0
996.2832400724792	0.04760000000010223	epochs	2.0
996.2832400724792	0.02384000000006381	epochs	3.0
996.3070800724793	0.023760000000038417	epochs	3.0
996.3308400724793	0.04711999999994987	epochs	2.0
996.3308400724793	0.02359999999998763	epochs	3.0
996.3544400724793	0.023519999999962238	epochs	3.0
996.3779600724793	0.04655999999999949	epochs	2.0
996.3779600724793	0.02336000000002514	epochs	3.0
996.4013200724793	0.023199999999974352	epochs	3.0
996.4245200724793	0.04607999999996082	epochs	2.0
996.4245200724793	0.02311999999994896	epochs	3.0
996.4476400724792	0.02296000000001186	epochs	3.0
996.4706000724792	0.045600000000035834	epochs	2.0
996.4706000724792	0.022879999999986467	epochs	3.0
996.4934800724792	0.022720000000049367	epochs	3.0
996.5162000724793	0.04511999999999716	epochs	2.0
996.5162000724793	0.022640000000023974	epochs	3.0
996.5388400724793	0.022479999999973188	epochs	3.0
996.5613200724792	0.04463999999995849	epochs	2.0
996.5613200724792	0.022399999999947795	epochs	3.0
996.5837200724792	0.022240000000010696	epochs	3.0
996.6059600724792	0.0442400000000589	epochs	2.0
996.6059600724792	0.02216000000009899	epochs	3.0
996.6281200724793	0.02207999999995991	epochs	3.0
996.6502000724793	0.04376000000002023	epochs	2.0
996.6502000724793	0.02192000000002281	epochs	3.0
996.6721200724793	0.021839999999997417	epochs	3.0
996.6939600724793	0.04336000000000695	epochs	2.0
996.6939600724793	0.021759999999972024	epochs	3.0
996.7157200724793	0.021600000000034925	epochs	3.0
996.7373200724793	0.04287999999996828	epochs	2.0
996.7373200724793	0.02143999999998414	epochs	3.0
996.7587600724793	0.02143999999998414	epochs	3.0
996.7802000724793	0.042479999999955	epochs	2.0
996.7802000724793	0.021279999999933352	epochs	3.0
996.8014800724792	0.021200000000021646	epochs	3.0
996.8226800724792	0.042080000000055406	epochs	2.0
996.8226800724792	0.021040000000084547	epochs	3.0
996.8437200724793	0.02103999999997086	epochs	3.0
996.8647600724793	0.04167999999992844	epochs	2.0
996.8647600724793	0.020879999999920074	epochs	3.0
996.8856400724792	0.020800000000008367	epochs	3.0
996.9064400724792	0.041200000000003456	epochs	2.0
996.9064400724792	0.020640000000071268	epochs	3.0
996.9270800724793	0.020559999999932188	epochs	3.0
996.9476400724792	0.04088000000001557	epochs	2.0
996.9476400724792	0.020560000000045875	epochs	3.0
996.9682000724792	0.020319999999969696	epochs	3.0
996.9885200724792	0.040560000000027685	epochs	2.0
996.9885200724792	0.020320000000083382	epochs	3.0
997.0088400724793	0.020239999999944303	epochs	3.0
997.0290800724792	0.04007999999998901	epochs	2.0
997.0290800724792	0.020080000000007203	epochs	3.0
997.0491600724793	0.01999999999998181	epochs	3.0
997.0691600724792	0.03976000000000113	epochs	2.0
997.0691600724792	0.019919999999956417	epochs	3.0
997.0890800724792	0.01984000000004471	epochs	3.0
997.1089200724792	0.03944000000001324	epochs	2.0
997.1089200724792	0.019760000000019318	epochs	3.0
997.1286800724793	0.019679999999993925	epochs	3.0
997.1483600724792	0.039039999999999964	epochs	2.0
997.1483600724792	0.01951999999994314	epochs	3.0
997.1678800724792	0.019520000000056825	epochs	3.0
997.1874000724792	0.038639999999986685	epochs	2.0
997.1874000724792	0.01936000000000604	epochs	3.0
997.2067600724793	0.019279999999980646	epochs	3.0
997.2260400724792	0.03840000000002419	epochs	2.0
997.2260400724792	0.019279999999980646	epochs	3.0
997.2453200724792	0.019120000000043547	epochs	3.0
997.2644400724793	0.038000000000010914	epochs	2.0
997.2644400724793	0.019040000000018154	epochs	3.0
997.2834800724793	0.01895999999999276	epochs	3.0
997.3024400724793	0.03768000000002303	epochs	2.0
997.3024400724793	0.018879999999967367	epochs	3.0
997.3213200724792	0.01880000000005566	epochs	3.0
997.3401200724793	0.037359999999921456	epochs	2.0
997.3401200724793	0.01871999999991658	epochs	3.0
997.3588400724792	0.018640000000004875	epochs	3.0
997.3774800724792	0.03704000000004726	epochs	2.0
997.3774800724792	0.018559999999979482	epochs	3.0
997.3960400724792	0.018480000000067776	epochs	3.0
997.4145200724793	0.036719999999945685	epochs	2.0
997.4145200724793	0.018399999999928696	epochs	3.0
997.4329200724792	0.01832000000001699	epochs	3.0
997.4512400724792	0.03648000000009688	epochs	2.0
997.4512400724792	0.018239999999991596	epochs	3.0
997.4694800724792	0.018240000000105283	epochs	3.0
997.4877200724793	0.036079999999969914	epochs	2.0
997.4877200724793	0.01807999999994081	epochs	3.0
997.5058000724792	0.018000000000029104	epochs	3.0
997.5238000724793	0.03584000000000742	epochs	2.0
997.5238000724793	0.01792000000000371	epochs	3.0
997.5417200724793	0.01792000000000371	epochs	3.0
997.5596400724793	0.035520000000019536	epochs	2.0
997.5596400724793	0.017759999999952925	epochs	3.0
997.5774000724792	0.01776000000006661	epochs	3.0
997.5951600724793	0.035199999999917964	epochs	2.0
997.5951600724793	0.01767999999992753	epochs	3.0
997.6128400724792	0.017519999999990432	epochs	3.0
997.6303600724792	0.03496000000006916	epochs	2.0
997.6303600724792	0.017519999999990432	epochs	3.0
997.6478800724792	0.017440000000078726	epochs	3.0
997.6653200724793	0.03471999999999298	epochs	2.0
997.6653200724793	0.01743999999996504	epochs	3.0
997.6827600724793	0.01728000000002794	epochs	3.0
997.7000400724793	0.03440000000000509	epochs	2.0
997.7000400724793	0.017200000000002547	epochs	3.0
997.7172400724793	0.017200000000002547	epochs	3.0
997.7344400724793	0.034159999999928914	epochs	2.0
997.7344400724793	0.017119999999977153	epochs	3.0
997.7515600724793	0.01703999999995176	epochs	3.0
997.7686000724792	0.033840000000054715	epochs	2.0
997.7686000724792	0.016960000000040054	epochs	3.0
997.7855600724793	0.01688000000001466	epochs	3.0
997.8024400724793	0.033599999999978536	epochs	2.0
997.8024400724793	0.016799999999989268	epochs	3.0
997.8192400724793	0.016799999999989268	epochs	3.0
997.8360400724792	0.033360000000016043	epochs	2.0
997.8360400724792	0.016719999999963875	epochs	3.0
997.8527600724792	0.01664000000005217	epochs	3.0
997.8694000724793	0.033119999999939864	epochs	2.0
997.8694000724793	0.016560000000026776	epochs	3.0
997.8859600724793	0.01655999999991309	epochs	3.0
997.9025200724792	0.032800000000065666	epochs	2.0
997.9025200724792	0.016400000000089676	epochs	3.0
997.9189200724793	0.01639999999997599	epochs	3.0
997.9353200724793	0.032559999999989486	epochs	2.0
997.9353200724793	0.016319999999950596	epochs	3.0
997.9516400724792	0.01624000000003889	epochs	3.0
997.9678800724793	0.0323999999999387	epochs	2.0
997.9678800724793	0.01624000000003889	epochs	3.0
997.9841200724793	0.01615999999989981	epochs	3.0
998.0002800724792	0.0320800000000645	epochs	2.0
998.0002800724792	0.01608000000010179	epochs	3.0
998.0163600724793	0.01599999999996271	epochs	3.0
998.0323600724793	0.031920000000013715	epochs	2.0
998.0323600724793	0.01599999999996271	epochs	3.0
998.0483600724792	0.015920000000051004	epochs	3.0
998.0642800724793	0.03160000000002583	epochs	2.0
998.0642800724793	0.01584000000002561	epochs	3.0
998.0801200724793	0.01576000000000022	epochs	3.0
998.0958800724793	0.03143999999997504	epochs	2.0
998.0958800724793	0.01576000000000022	epochs	3.0
998.1116400724793	0.015679999999974825	epochs	3.0
998.1273200724793	0.03120000000001255	epochs	2.0
998.1273200724793	0.015599999999949432	epochs	3.0
998.1429200724792	0.015600000000063119	epochs	3.0
998.1585200724793	0.030959999999936372	epochs	2.0
998.1585200724793	0.015519999999924039	epochs	3.0
998.1740400724792	0.015440000000012333	epochs	3.0
998.1894800724792	0.03071999999997388	epochs	2.0
998.1894800724792	0.015440000000012333	epochs	3.0
998.2049200724792	0.015279999999961547	epochs	3.0
998.2202000724792	0.03056000000003678	epochs	2.0
998.2202000724792	0.015360000000100626	epochs	3.0
998.2355600724793	0.015199999999936153	epochs	3.0
998.2507600724792	0.0303199999999606	epochs	2.0
998.2507600724792	0.01520000000004984	epochs	3.0
998.2659600724793	0.01511999999991076	epochs	3.0
998.2810800724792	0.030079999999998108	epochs	2.0
998.2810800724792	0.015120000000024447	epochs	3.0
998.2962000724792	0.014959999999973661	epochs	3.0
998.3111600724792	0.02992000000006101	epochs	2.0
998.3111600724792	0.015039999999999054	epochs	3.0
998.3262000724792	0.014880000000061955	epochs	3.0
998.3410800724793	0.02967999999998483	epochs	2.0
998.3410800724793	0.014879999999948268	epochs	3.0
998.3559600724792	0.014800000000036562	epochs	3.0
998.3707600724792	0.02952000000004773	epochs	2.0
998.3707600724792	0.014800000000036562	epochs	3.0
998.3855600724793	0.014720000000011169	epochs	3.0
998.4002800724793	0.02927999999997155	epochs	2.0
998.4002800724793	0.014720000000011169	epochs	3.0
998.4150000724793	0.014559999999960382	epochs	3.0
998.4295600724793	0.02912000000003445	epochs	2.0
998.4295600724793	0.014639999999985776	epochs	3.0
998.4442000724792	0.014480000000048676	epochs	3.0
998.4586800724793	0.028959999999983665	epochs	2.0
998.4586800724793	0.01447999999993499	epochs	3.0
998.4731600724792	0.014480000000048676	epochs	3.0
998.4876400724793	0.02863999999999578	epochs	2.0
998.4876400724793	0.01431999999999789	epochs	3.0
998.5019600724793	0.01431999999999789	epochs	3.0
998.5162800724793	0.028559999999970387	epochs	2.0
998.5162800724793	0.01431999999999789	epochs	3.0
998.5306000724793	0.014239999999972497	epochs	3.0
998.5448400724792	0.028320000000007894	epochs	2.0
998.5448400724792	0.014159999999947104	epochs	3.0
998.5590000724792	0.01416000000006079	epochs	3.0
998.5731600724793	0.028159999999957108	epochs	2.0
998.5731600724793	0.014159999999947104	epochs	3.0
998.5873200724792	0.014000000000010004	epochs	3.0
998.6013200724792	0.02800000000002001	epochs	2.0
998.6013200724792	0.014000000000010004	epochs	3.0
998.6153200724792	0.014000000000010004	epochs	3.0
998.6293200724792	0.027760000000057516	epochs	2.0
998.6293200724792	0.013919999999984611	epochs	3.0
998.6432400724792	0.013840000000072905	epochs	3.0
998.6570800724793	0.027679999999918437	epochs	2.0
998.6570800724793	0.013839999999959218	epochs	3.0
998.6709200724792	0.013839999999959218	epochs	3.0
998.6847600724792	0.02744000000006963	epochs	2.0
998.6847600724792	0.013760000000047512	epochs	3.0
998.6985200724793	0.013680000000022119	epochs	3.0
998.7122000724793	0.027280000000018845	epochs	2.0
998.7122000724793	0.013680000000022119	epochs	3.0
998.7258800724793	0.013599999999996726	epochs	3.0
998.7394800724793	0.02711999999996806	epochs	2.0
998.7394800724793	0.013519999999971333	epochs	3.0
998.7530000724793	0.013599999999996726	epochs	3.0
998.7666000724793	0.026880000000005566	epochs	2.0
998.7666000724793	0.01343999999994594	epochs	3.0
998.7800400724792	0.013440000000059626	epochs	3.0
998.7934800724793	0.026799999999980173	epochs	2.0
998.7934800724793	0.01343999999994594	epochs	3.0
998.8069200724792	0.013360000000034233	epochs	3.0
998.8202800724792	0.02656000000001768	epochs	2.0
998.8202800724792	0.01328000000000884	epochs	3.0
998.8335600724793	0.01328000000000884	epochs	3.0
998.8468400724793	0.026479999999992287	epochs	2.0
998.8468400724793	0.01328000000000884	epochs	3.0
998.8601200724793	0.013199999999983447	epochs	3.0
998.8733200724793	0.026240000000029795	epochs	2.0
998.8733200724793	0.013119999999958054	epochs	3.0
998.8864400724792	0.013120000000071741	epochs	3.0
998.8995600724793	0.026160000000004402	epochs	2.0
998.8995600724793	0.013119999999958054	epochs	3.0
998.9126800724792	0.013040000000046348	epochs	3.0
998.9257200724793	0.025999999999953616	epochs	2.0
998.9257200724793	0.013039999999932661	epochs	3.0
998.9387600724792	0.012960000000020955	epochs	3.0
998.9517200724792	0.025759999999991123	epochs	2.0
998.9517200724792	0.012879999999995562	epochs	3.0
998.9646000724792	0.012879999999995562	epochs	3.0
998.9774800724792	0.02567999999996573	epochs	2.0
998.9774800724792	0.012879999999995562	epochs	3.0
998.9903600724792	0.012799999999970169	epochs	3.0
999.0031600724792	0.02552000000002863	epochs	2.0
999.0031600724792	0.012800000000083855	epochs	3.0
999.0159600724793	0.012719999999944775	epochs	3.0
999.0286800724792	0.025359999999977845	epochs	2.0
999.0286800724792	0.012720000000058462	epochs	3.0
999.0414000724793	0.012639999999919382	epochs	3.0
999.0540400724792	0.025200000000040745	epochs	2.0
999.0540400724792	0.01264000000003307	epochs	3.0
999.0666800724792	0.012560000000007676	epochs	3.0
999.0792400724793	0.024559999999951287	epochs	2.0
999.1035018724792	0.5	epochs	-1.0
999.1038000724792	0.5157600000000002	epochs	1.0
999.6195600724792	0.4841600000000881	epochs	0.0
1011.3940000534058	0.10479999999995471	epochs	0.0
1011.3940000534058	0.04736000000002605	epochs	1.0
1011.4413600534058	0.010080000000016298	epochs	1.0
1011.4514400534058	0.04735999999991236	epochs	1.0
1011.4988000534057	2.0	epochs	0.0
1013.4988000534057	21.514800000000037	epochs	0.0
1013.4988000534057	1.0	epochs	1.0
1013.4988218534057	0.5	epochs	-1.0
1013.9988218534057	19.999680000000012	epochs	-1.0
1014.4988000534057	20.000000000000114	epochs	1.0
1014.4988000534057	8.000000002539309e-05	epochs	2.0
1014.4988800534057	4.356719999999996	epochs	-1.0
1014.4988800534057	1.9745599999999968	epochs	2.0
1014.4988800534057	1.0985600000000204	epochs	3.0
1015.5974400534058	0.8759999999999764	epochs	3.0
1016.4734400534057	1.3523999999999887	epochs	2.0
1016.4734400534057	0.7286400000000413	epochs	3.0
1017.2020800534058	0.6237599999999475	epochs	3.0
1017.8258400534057	1.0297600000000102	epochs	2.0
1017.8258400534057	0.5453600000000733	epochs	3.0
1018.3712000534058	0.4843999999999369	epochs	3.0
1018.8556000534057	0.8317600000000311	epochs	2.0
1018.8556000534057	0.435760000000073	epochs	3.0
1019.2913600534058	0.39599999999995816	epochs	3.0
1019.6873600534058	0.697840000000042	epochs	2.0
1019.6873600534058	0.3628800000000183	epochs	3.0
1020.0502400534058	0.3349600000000237	epochs	3.0
1020.3852000534058	0.6010399999998981	epochs	2.0
1020.3852000534058	0.3108799999999974	epochs	3.0
1020.6960800534058	0.2901599999999007	epochs	3.0
1020.9862400534057	0.5278400000000829	epochs	2.0
1020.9862400534057	0.2719200000000228	epochs	3.0
1021.2581600534057	0.2559200000000601	epochs	3.0
1021.5140800534058	0.47064000000000306	epochs	2.0
1021.5140800534058	0.24167999999997392	epochs	3.0
1021.7557600534058	0.22896000000002914	epochs	3.0
1021.9847200534058	0.42455999999992855	epochs	2.0
1021.9847200534058	0.2174400000000105	epochs	3.0
1022.2021600534058	0.20711999999991804	epochs	3.0
1022.4092800534057	0.3867200000000821	epochs	2.0
1022.4092800534057	0.1976799999999912	epochs	3.0
1022.6069600534057	0.1890400000000909	epochs	3.0
1022.7960000534058	0.3551199999999426	epochs	2.0
1022.7960000534058	0.1811999999999898	epochs	3.0
1022.9772000534058	0.17391999999995278	epochs	3.0
1023.1511200534057	0.3282400000000507	epochs	2.0
1023.1511200534057	0.1671999999999798	epochs	3.0
1023.3183200534057	0.1610400000000709	epochs	3.0
1023.4793600534058	0.30520000000001346	epochs	2.0
1023.4793600534058	0.1552799999999479	epochs	3.0
1023.6346400534057	0.14992000000006556	epochs	3.0
1023.7845600534058	0.28512000000000626	epochs	2.0
1023.7845600534058	0.14487999999994372	epochs	3.0
1023.9294400534058	0.14024000000006254	epochs	3.0
1024.0696800534058	0.26751999999987675	epochs	2.0
1024.0696800534058	0.13583999999991647	epochs	3.0
1024.2055200534057	0.13167999999996027	epochs	3.0
1024.3372000534057	0.2520799999999781	epochs	2.0
1024.3372000534057	0.12784000000010565	epochs	3.0
1024.4650400534058	0.12423999999987245	epochs	3.0
1024.5892800534057	0.23816000000010717	epochs	2.0
1024.5892800534057	0.1207200000001194	epochs	3.0
1024.7100000534058	0.11743999999998778	epochs	3.0
1024.8274400534058	0.225840000000062	epochs	2.0
1024.8274400534058	0.11439999999993233	epochs	3.0
1024.9418400534057	0.11144000000012966	epochs	3.0
1025.0532800534058	0.21463999999991756	epochs	2.0
1025.0532800534058	0.10863999999992302	epochs	3.0
1025.1619200534058	0.10599999999999454	epochs	3.0
1025.2679200534058	0.20448000000010325	epochs	2.0
1025.2679200534058	0.10344000000009146	epochs	3.0
1025.3713600534059	0.10104000000001179	epochs	3.0
1025.4724000534059	0.19535999999993692	epochs	2.0
1025.4724000534059	0.0987999999999829	epochs	3.0
1025.5712000534058	0.09655999999995402	epochs	3.0
1025.6677600534058	0.18695999999999913	epochs	2.0
1025.6677600534058	0.09447999999997592	epochs	3.0
1025.7622400534058	0.09248000000002321	epochs	3.0
1025.8547200534058	0.1792000000000371	epochs	2.0
1025.8547200534058	0.0904800000000705	epochs	3.0
1025.9452000534059	0.0887199999999666	epochs	3.0
1026.0339200534058	0.17207999999982349	epochs	2.0
1026.0339200534058	0.08687999999983731	epochs	3.0
1026.1208000534057	0.08519999999998618	epochs	3.0
1026.2060000534057	0.165520000000015	epochs	2.0
1026.2060000534057	0.08360000000016043	epochs	3.0
1026.2896000534058	0.08191999999985455	epochs	3.0
1026.3715200534057	0.15952000000015687	epochs	2.0
1026.3715200534057	0.0804800000000796	epochs	3.0
1026.4520000534058	0.07904000000007727	epochs	3.0
1026.5310400534058	0.15375999999992018	epochs	2.0
1026.5310400534058	0.07759999999984757	epochs	3.0
1026.6086400534057	0.07616000000007261	epochs	3.0
1026.6848000534058	0.14856000000008862	epochs	2.0
1026.6848000534058	0.07495999999991909	epochs	3.0
1026.7597600534057	0.07360000000016953	epochs	3.0
1026.8333600534058	0.14367999999990388	epochs	2.0
1026.8333600534058	0.07247999999981403	epochs	3.0
1026.9058400534057	0.07120000000008986	epochs	3.0
1026.9770400534057	0.1390400000000227	epochs	2.0
1026.9770400534057	0.07007999999996173	epochs	3.0
1027.0471200534057	0.06896000000006097	epochs	3.0
1027.1160800534058	0.13472000000001572	epochs	2.0
1027.1160800534058	0.06791999999995824	epochs	3.0
1027.1840000534057	0.06680000000005748	epochs	3.0
1027.2508000534058	0.13071999999988293	epochs	2.0
1027.2508000534058	0.06583999999998014	epochs	3.0
1027.3166400534058	0.0648799999999028	epochs	3.0
1027.3815200534057	0.1268000000000029	epochs	2.0
1027.3815200534057	0.06384000000002743	epochs	3.0
1027.4453600534057	0.06295999999997548	epochs	3.0
1027.5083200534057	0.12328000000002248	epochs	2.0
1027.5083200534057	0.0620800000001509	epochs	3.0
1027.5704000534058	0.06119999999987158	epochs	3.0
1027.6316000534057	0.11984000000006745	epochs	2.0
1027.6316000534057	0.060320000000047	epochs	3.0
1027.6919200534057	0.059520000000020445	epochs	3.0
1027.7514400534058	0.11663999999996122	epochs	2.0
1027.7514400534058	0.05871999999999389	epochs	3.0
1027.8101600534058	0.05791999999996733	epochs	3.0
1027.8680800534057	0.11360000000013315	epochs	2.0
1027.8680800534057	0.05719999999996617	epochs	3.0
1027.9252800534057	0.05640000000016698	epochs	3.0
1027.9816800534059	0.11071999999990112	epochs	2.0
1027.9816800534059	0.055679999999938445	epochs	3.0
1028.0373600534058	0.055039999999962674	epochs	3.0
1028.0924000534058	0.10791999999992186	epochs	2.0
1028.0924000534058	0.05423999999993612	epochs	3.0
1028.1466400534057	0.05367999999998574	epochs	3.0
1028.2003200534057	0.10527999999999338	epochs	2.0
1028.2003200534057	0.052959999999984575	epochs	3.0
1028.2532800534057	0.052320000000008804	epochs	3.0
1028.3056000534057	0.10288000000014108	epochs	2.0
1028.3056000534057	0.051760000000058426	epochs	3.0
1028.3573600534057	0.051120000000082655	epochs	3.0
1028.4084800534058	0.10040000000003602	epochs	2.0
1028.4084800534058	0.05047999999987951	epochs	3.0
1028.4589600534057	0.049920000000156506	epochs	3.0
1028.5088800534058	0.09823999999980515	epochs	2.0
1028.5088800534058	0.049359999999978754	epochs	3.0
1028.5582400534058	0.048879999999826396	epochs	3.0
1028.6071200534057	0.09600000000000364	epochs	2.0
1028.6071200534057	0.048240000000078	epochs	3.0
1028.6553600534057	0.04775999999992564	epochs	3.0
1028.7031200534057	0.09392000000002554	epochs	2.0
1028.7031200534057	0.047200000000202635	epochs	3.0
1028.7503200534059	0.0467199999998229	epochs	3.0
1028.7970400534057	0.09192000000007283	epochs	2.0
1028.7970400534057	0.0461600000000999	epochs	3.0
1028.8432000534058	0.04575999999997293	epochs	3.0
1028.8889600534058	0.09007999999994354	epochs	2.0
1028.8889600534058	0.04528000000004795	epochs	3.0
1028.9342400534058	0.04479999999989559	epochs	3.0
1028.9790400534057	0.08816000000001623	epochs	2.0
1028.9790400534057	0.044319999999970605	epochs	3.0
1029.0233600534057	0.04384000000004562	epochs	3.0
1029.0672000534057	0.08647999999993772	epochs	2.0
1029.0672000534057	0.04344000000014603	epochs	3.0
1029.1106400534059	0.04303999999979169	epochs	3.0
1029.1536800534057	0.08472000000006119	epochs	2.0
1029.1536800534057	0.04256000000009408	epochs	3.0
1029.1962400534057	0.04215999999996711	epochs	3.0
1029.2384000534057	0.08320000000003347	epochs	2.0
1029.2384000534057	0.04176000000006752	epochs	3.0
1029.2801600534058	0.04143999999996595	epochs	3.0
1029.3216000534057	0.08151999999995496	epochs	2.0
1029.3216000534057	0.040960000000040964	epochs	3.0
1029.3625600534058	0.040559999999914	epochs	3.0
1029.4031200534057	0.08007999999995263	epochs	2.0
1029.4031200534057	0.0402400000000398	epochs	3.0
1029.4433600534057	0.039839999999912834	epochs	3.0
1029.4832000534057	0.07864000000017768	epochs	2.0
1029.4832000534057	0.039520000000038635	epochs	3.0
1029.5227200534057	0.039120000000139044	epochs	3.0
1029.5618400534058	0.07719999999994798	epochs	2.0
1029.5618400534058	0.03880000000003747	epochs	3.0
1029.6006400534059	0.038399999999910506	epochs	3.0
1029.6390400534058	0.07591999999999643	epochs	2.0
1029.6390400534058	0.0381600000000617	epochs	3.0
1029.6772000534058	0.037759999999934735	epochs	3.0
1029.7149600534058	0.0745600000000195	epochs	2.0
1029.7149600534058	0.037440000000060536	epochs	3.0
1029.7524000534058	0.037119999999958964	epochs	3.0
1029.7895200534058	0.07335999999986598	epochs	2.0
1029.7895200534058	0.03679999999985739	epochs	3.0
1029.8263200534057	0.036560000000008586	epochs	3.0
1029.8628800534057	0.07208000000014181	epochs	2.0
1029.8628800534057	0.036160000000108994	epochs	3.0
1029.8990400534058	0.035920000000032815	epochs	3.0
1029.9349600534058	0.07087999999998829	epochs	2.0
1029.9349600534058	0.03559999999993124	epochs	3.0
1029.9705600534057	0.035280000000057044	epochs	3.0
1030.0058400534058	0.06983999999988555	epochs	2.0
1030.0058400534058	0.035039999999980864	epochs	3.0
1030.0408800534058	0.034799999999904685	epochs	3.0
1030.0756800534057	0.06864000000018677	epochs	2.0
1030.0756800534057	0.034480000000030486	epochs	3.0
1030.1101600534057	0.03416000000015629	epochs	3.0
1030.1443200534059	0.06759999999985666	epochs	2.0
1030.1443200534059	0.033919999999852735	epochs	3.0
1030.1782400534057	0.03368000000000393	epochs	3.0
1030.2119200534057	0.0665599999999813	epochs	2.0
1030.2119200534057	0.03344000000015512	epochs	3.0
1030.2453600534059	0.03311999999982618	epochs	3.0
1030.2784800534057	0.06560000000013133	epochs	2.0
1030.2784800534057	0.032960000000002765	epochs	3.0
1030.3114400534057	0.032640000000128566	epochs	3.0
1030.3440800534058	0.0645600000000286	epochs	2.0
1030.3440800534058	0.03239999999982501	epochs	3.0
1030.3764800534057	0.03216000000020358	epochs	3.0
1030.4086400534059	0.06367999999997664	epochs	2.0
1030.4086400534059	0.03199999999992542	epochs	3.0
1030.4406400534058	0.03168000000005122	epochs	3.0
1030.4723200534058	0.0627199999998993	epochs	2.0
1030.4723200534058	0.03143999999997504	epochs	3.0
1030.5037600534058	0.03127999999992426	epochs	3.0
1030.5350400534057	0.061840000000074724	epochs	2.0
1030.5350400534057	0.03104000000007545	epochs	3.0
1030.5660800534058	0.030799999999999272	epochs	3.0
1030.5968800534058	0.060960000000022774	epochs	2.0
1030.5968800534058	0.030559999999923093	epochs	3.0
1030.6274400534057	0.03040000000009968	epochs	3.0
1030.6578400534058	0.060159999999996217	epochs	2.0
1030.6578400534058	0.0301600000000235	epochs	3.0
1030.6880000534059	0.029999999999972715	epochs	3.0
1030.7180000534058	0.059279999999944266	epochs	2.0
1030.7180000534058	0.029679999999871143	epochs	3.0
1030.7476800534057	0.029600000000073123	epochs	3.0
1030.7772800534058	0.05847999999991771	epochs	2.0
1030.7772800534058	0.029359999999996944	epochs	3.0
1030.8066400534058	0.029119999999920765	epochs	3.0
1030.8357600534057	0.05776000000014392	epochs	2.0
1030.8357600534057	0.028960000000097352	epochs	3.0
1030.8647200534058	0.028800000000046566	epochs	3.0
1030.8935200534058	0.05695999999988999	epochs	2.0
1030.8935200534058	0.028559999999970387	epochs	3.0
1030.9220800534058	0.0283999999999196	epochs	3.0
1030.9504800534057	0.0562400000001162	epochs	2.0
1030.9504800534057	0.028160000000070795	epochs	3.0
1030.9786400534058	0.028080000000045402	epochs	3.0
1031.0067200534058	0.055439999999862266	epochs	2.0
1031.0067200534058	0.027839999999969223	epochs	3.0
1031.0345600534058	0.027599999999893043	epochs	3.0
1031.0621600534057	0.05488000000013926	epochs	2.0
1031.0621600534057	0.027520000000095024	epochs	3.0
1031.0896800534058	0.027360000000044238	epochs	3.0
1031.1170400534058	0.05407999999988533	epochs	2.0
1031.1170400534058	0.02711999999996806	epochs	3.0
1031.1441600534058	0.026959999999917272	epochs	3.0
1031.1711200534057	0.053440000000136934	epochs	2.0
1031.1711200534057	0.02680000000009386	epochs	3.0
1031.1979200534058	0.026640000000043074	epochs	3.0
1031.2245600534059	0.05287999999995918	epochs	2.0
1031.2245600534059	0.026479999999992287	epochs	3.0
1031.2510400534059	0.026399999999966894	epochs	3.0
1031.2774400534058	0.05215999999995802	epochs	2.0
1031.2774400534058	0.026159999999890715	epochs	3.0
1031.3036000534057	0.026000000000067303	epochs	3.0
1031.3296000534058	0.05151999999998225	epochs	2.0
1031.3296000534058	0.025840000000016516	epochs	3.0
1031.3554400534058	0.02567999999996573	epochs	3.0
1031.3811200534058	0.05096000000003187	epochs	2.0
1031.3811200534058	0.025599999999940337	epochs	3.0
1031.4067200534057	0.02536000000009153	epochs	3.0
1031.4320800534058	0.05039999999985412	epochs	2.0
1031.4320800534058	0.02528000000006614	epochs	3.0
1031.4573600534059	0.02511999999978798	epochs	3.0
1031.4824800534057	0.04976000000010572	epochs	2.0
1031.4824800534057	0.02496000000019194	epochs	3.0
1031.5074400534058	0.02479999999991378	epochs	3.0
1031.5322400534058	0.04919999999992797	epochs	2.0
1031.5322400534058	0.024640000000090367	epochs	3.0
1031.5568800534058	0.0245599999998376	epochs	3.0
1031.5814400534057	0.04872000000000298	epochs	2.0
1031.5814400534057	0.024400000000014188	epochs	3.0
1031.6058400534057	0.024319999999988795	epochs	3.0
1031.6301600534057	0.04808000000002721	epochs	2.0
1031.6301600534057	0.02408000000013999	epochs	3.0
1031.6542400534058	0.023999999999887223	epochs	3.0
1031.6782400534057	0.04760000000010223	epochs	2.0
1031.6782400534057	0.02384000000006381	epochs	3.0
1031.7020800534058	0.023760000000038417	epochs	3.0
1031.7258400534058	0.04711999999994987	epochs	2.0
1031.7258400534058	0.02359999999998763	epochs	3.0
1031.7494400534058	0.023519999999962238	epochs	3.0
1031.7729600534058	0.04655999999999949	epochs	2.0
1031.7729600534058	0.02335999999991145	epochs	3.0
1031.7963200534057	0.02320000000008804	epochs	3.0
1031.8195200534058	0.046080000000074506	epochs	2.0
1031.8195200534058	0.023120000000062646	epochs	3.0
1031.8426400534058	0.02296000000001186	epochs	3.0
1031.8656000534058	0.04559999999992215	epochs	2.0
1031.8656000534058	0.022879999999986467	epochs	3.0
1031.8884800534058	0.02271999999993568	epochs	3.0
1031.9112000534058	0.04511999999999716	epochs	2.0
1031.9112000534058	0.022639999999910287	epochs	3.0
1031.9338400534057	0.022480000000086875	epochs	3.0
1031.9563200534058	0.04464000000007218	epochs	2.0
1031.9563200534058	0.022400000000061482	epochs	3.0
1031.9787200534058	0.022240000000010696	epochs	3.0
1032.0009600534058	0.04423999999994521	epochs	2.0
1032.0009600534058	0.022159999999985303	epochs	3.0
1032.0231200534058	0.02207999999995991	epochs	3.0
1032.0452000534058	0.04376000000002023	epochs	2.0
1032.0452000534058	0.021919999999909123	epochs	3.0
1032.0671200534057	0.021840000000111104	epochs	3.0
1032.0889600534058	0.04335999999989326	epochs	2.0
1032.0889600534058	0.021759999999858337	epochs	3.0
1032.1107200534057	0.021600000000034925	epochs	3.0
1032.1323200534057	0.04287999999996828	epochs	2.0
1032.1323200534057	0.02143999999998414	epochs	3.0
1032.1537600534057	0.02143999999998414	epochs	3.0
1032.1752000534057	0.042480000000068685	epochs	2.0
1032.1752000534057	0.021280000000160726	epochs	3.0
1032.1964800534058	0.02119999999990796	epochs	3.0
1032.2176800534057	0.04207999999994172	epochs	2.0
1032.2176800534057	0.021040000000084547	epochs	3.0
1032.2387200534058	0.021039999999857173	epochs	3.0
1032.2597600534057	0.04168000000004213	epochs	2.0
1032.2597600534057	0.02088000000003376	epochs	3.0
1032.2806400534057	0.020800000000008367	epochs	3.0
1032.3014400534057	0.04120000000011714	epochs	2.0
1032.3014400534057	0.02063999999995758	epochs	3.0
1032.3220800534057	0.020560000000159562	epochs	3.0
1032.3426400534058	0.04088000000001557	epochs	2.0
1032.3426400534058	0.020559999999932188	epochs	3.0
1032.3632000534058	0.020320000000083382	epochs	3.0
1032.3835200534058	0.040559999999914	epochs	2.0
1032.3835200534058	0.02031999999985601	epochs	3.0
1032.4038400534057	0.02024000000005799	epochs	3.0
1032.4240800534058	0.04007999999998901	epochs	2.0
1032.4240800534058	0.020080000000007203	epochs	3.0
1032.4441600534058	0.01999999999998181	epochs	3.0
1032.4641600534057	0.039760000000114815	epochs	2.0
1032.4641600534057	0.019919999999956417	epochs	3.0
1032.4840800534057	0.019840000000158398	epochs	3.0
1032.5039200534059	0.03943999999978587	epochs	2.0
1032.5039200534059	0.01975999999990563	epochs	3.0
1032.5236800534058	0.019679999999880238	epochs	3.0
1032.5433600534056	0.03904000000011365	epochs	2.0
1032.5433600534056	0.019520000000056825	epochs	3.0
1032.5628800534057	0.019520000000056825	epochs	3.0
1032.5824000534058	0.038639999999986685	epochs	2.0
1032.5824000534058	0.01936000000000604	epochs	3.0
1032.6017600534058	0.019279999999980646	epochs	3.0
1032.6210400534057	0.038399999999910506	epochs	2.0
1032.6210400534057	0.019279999999980646	epochs	3.0
1032.6403200534057	0.01911999999992986	epochs	3.0
1032.6594400534057	0.038000000000010914	epochs	2.0
1032.6594400534057	0.01904000000013184	epochs	3.0
1032.6784800534058	0.018959999999879074	epochs	3.0
1032.6974400534057	0.037680000000136715	epochs	2.0
1032.6974400534057	0.018880000000081054	epochs	3.0
1032.7163200534058	0.01880000000005566	epochs	3.0
1032.7351200534058	0.03736000000003514	epochs	2.0
1032.7351200534058	0.018720000000030268	epochs	3.0
1032.7538400534058	0.018640000000004875	epochs	3.0
1032.7724800534058	0.03703999999993357	epochs	2.0
1032.7724800534058	0.018559999999979482	epochs	3.0
1032.7910400534058	0.01847999999995409	epochs	3.0
1032.8095200534058	0.03672000000005937	epochs	2.0
1032.8095200534058	0.018399999999928696	epochs	3.0
1032.8279200534057	0.018320000000130676	epochs	3.0
1032.8462400534058	0.03647999999998319	epochs	2.0
1032.8462400534058	0.01823999999987791	epochs	3.0
1032.8644800534057	0.018240000000105283	epochs	3.0
1032.8827200534058	0.03607999999985623	epochs	2.0
1032.8827200534058	0.018080000000054497	epochs	3.0
1032.9008000534059	0.01799999999980173	epochs	3.0
1032.9188000534057	0.03584000000000742	epochs	2.0
1032.9188000534057	0.01792000000000371	epochs	3.0
1032.9367200534057	0.01792000000000371	epochs	3.0
1032.9546400534057	0.03552000000013322	epochs	2.0
1032.9546400534057	0.017760000000180298	epochs	3.0
1032.9724000534059	0.017759999999952925	epochs	3.0
1032.9901600534058	0.03520000000003165	epochs	2.0
1032.9901600534058	0.01767999999992753	epochs	3.0
1033.0078400534057	0.01752000000010412	epochs	3.0
1033.0253600534058	0.03495999999995547	epochs	2.0
1033.0253600534058	0.017519999999876745	epochs	3.0
1033.0428800534057	0.017440000000078726	epochs	3.0
1033.0603200534058	0.03471999999987929	epochs	2.0
1033.0603200534058	0.017439999999851352	epochs	3.0
1033.0777600534057	0.01728000000002794	epochs	3.0
1033.0950400534057	0.03440000000000509	epochs	2.0
1033.0950400534057	0.017200000000002547	epochs	3.0
1033.1122400534057	0.017200000000002547	epochs	3.0
1033.1294400534057	0.03416000000015629	epochs	2.0
1033.1294400534057	0.017119999999977153	epochs	3.0
1033.1465600534057	0.017040000000179134	epochs	3.0
1033.1636000534058	0.03383999999982734	epochs	2.0
1033.1636000534058	0.016959999999926367	epochs	3.0
1033.1805600534058	0.016879999999900974	epochs	3.0
1033.1974400534057	0.033599999999978536	epochs	2.0
1033.1974400534057	0.016800000000102955	epochs	3.0
1033.2142400534058	0.01679999999987558	epochs	3.0
1033.2310400534056	0.03336000000012973	epochs	2.0
1033.2310400534056	0.01672000000007756	epochs	3.0
1033.2477600534057	0.01664000000005217	epochs	3.0
1033.2644000534058	0.03312000000005355	epochs	2.0
1033.2644000534058	0.016560000000026776	epochs	3.0
1033.2809600534058	0.016560000000026776	epochs	3.0
1033.2975200534058	0.03279999999995198	epochs	2.0
1033.2975200534058	0.01639999999997599	epochs	3.0
1033.3139200534058	0.01639999999997599	epochs	3.0
1033.3303200534058	0.0325599999998758	epochs	2.0
1033.3303200534058	0.016319999999950596	epochs	3.0
1033.3466400534057	0.016239999999925203	epochs	3.0
1033.3628800534057	0.03240000000005239	epochs	2.0
1033.3628800534057	0.016240000000152577	epochs	3.0
1033.3791200534058	0.01615999999989981	epochs	3.0
1033.3952800534057	0.032079999999950815	epochs	2.0
1033.3952800534057	0.01608000000010179	epochs	3.0
1033.4113600534058	0.015999999999849024	epochs	3.0
1033.4273600534057	0.0319200000001274	epochs	2.0
1033.4273600534057	0.016000000000076398	epochs	3.0
1033.4433600534057	0.015920000000051004	epochs	3.0
1033.4592800534058	0.03160000000002583	epochs	2.0
1033.4592800534058	0.01584000000002561	epochs	3.0
1033.4751200534058	0.01576000000000022	epochs	3.0
1033.4908800534058	0.03143999999997504	epochs	2.0
1033.4908800534058	0.01576000000000022	epochs	3.0
1033.5066400534058	0.015679999999974825	epochs	3.0
1033.5223200534058	0.031199999999898864	epochs	2.0
1033.5223200534058	0.015599999999949432	epochs	3.0
1033.5379200534057	0.015599999999949432	epochs	3.0
1033.5535200534057	0.03096000000005006	epochs	2.0
1033.5535200534057	0.015520000000151413	epochs	3.0
1033.5690400534058	0.015439999999898646	epochs	3.0
1033.5844800534057	0.03071999999997388	epochs	2.0
1033.5844800534057	0.01544000000012602	epochs	3.0
1033.5999200534059	0.01527999999984786	epochs	3.0
1033.6152000534057	0.030560000000150467	epochs	2.0
1033.6152000534057	0.015360000000100626	epochs	3.0
1033.6305600534058	0.01520000000004984	epochs	3.0
1033.6457600534059	0.030319999999846914	epochs	2.0
1033.6457600534059	0.015199999999822467	epochs	3.0
1033.6609600534057	0.015120000000024447	epochs	3.0
1033.6760800534057	0.030079999999998108	epochs	2.0
1033.6760800534057	0.015120000000024447	epochs	3.0
1033.6912000534057	0.014959999999973661	epochs	3.0
1033.7061600534057	0.029919999999947322	epochs	2.0
1033.7061600534057	0.015039999999999054	epochs	3.0
1033.7212000534057	0.014879999999948268	epochs	3.0
1033.7360800534057	0.029680000000098516	epochs	2.0
1033.7360800534057	0.014880000000175642	epochs	3.0
1033.7509600534058	0.014799999999922875	epochs	3.0
1033.7657600534058	0.02952000000004773	epochs	2.0
1033.7657600534058	0.014799999999922875	epochs	3.0
1033.7805600534057	0.014720000000124855	epochs	3.0
1033.7952800534058	0.02927999999997155	epochs	2.0
1033.7952800534058	0.014719999999897482	epochs	3.0
1033.8100000534057	0.01456000000007407	epochs	3.0
1033.8245600534058	0.029119999999920765	epochs	2.0
1033.8245600534058	0.014640000000099462	epochs	3.0
1033.8392000534059	0.014479999999821302	epochs	3.0
1033.8536800534057	0.028960000000097352	epochs	2.0
1033.8536800534057	0.014480000000048676	epochs	3.0
1033.8681600534057	0.014480000000048676	epochs	3.0
1033.8826400534058	0.02863999999999578	epochs	2.0
1033.8826400534058	0.01431999999999789	epochs	3.0
1033.8969600534058	0.01431999999999789	epochs	3.0
1033.9112800534058	0.028559999999970387	epochs	2.0
1033.9112800534058	0.01431999999999789	epochs	3.0
1033.9256000534058	0.014239999999972497	epochs	3.0
1033.9398400534058	0.028319999999894208	epochs	2.0
1033.9398400534058	0.014159999999947104	epochs	3.0
1033.9540000534057	0.014159999999947104	epochs	3.0
1033.9681600534057	0.028160000000070795	epochs	2.0
1033.9681600534057	0.014160000000174477	epochs	3.0
1033.9823200534058	0.013999999999896318	epochs	3.0
1033.9963200534057	0.02800000000002001	epochs	2.0
1033.9963200534057	0.014000000000123691	epochs	3.0
1034.0103200534058	0.013999999999896318	epochs	3.0
1034.0243200534057	0.02775999999994383	epochs	2.0
1034.0243200534057	0.013920000000098298	epochs	3.0
1034.0382400534058	0.013839999999845531	epochs	3.0
1034.0520800534057	0.02768000000014581	epochs	2.0
1034.0520800534057	0.013840000000072905	epochs	3.0
1034.0659200534058	0.013840000000072905	epochs	3.0
1034.0797600534058	0.027439999999842257	epochs	2.0
1034.0797600534058	0.013759999999820138	epochs	3.0
1034.0935200534057	0.013680000000022119	epochs	3.0
1034.1072000534057	0.027280000000018845	epochs	2.0
1034.1072000534057	0.013680000000022119	epochs	3.0
1034.1208800534057	0.013599999999996726	epochs	3.0
1034.1344800534057	0.02711999999996806	epochs	2.0
1034.1344800534057	0.013519999999971333	epochs	3.0
1034.1480000534057	0.013599999999996726	epochs	3.0
1034.1616000534057	0.026880000000119253	epochs	2.0
1034.1616000534057	0.013440000000173313	epochs	3.0
1034.1750400534058	0.01343999999994594	epochs	3.0
1034.1884800534058	0.02680000000009386	epochs	2.0
1034.1884800534058	0.01343999999994594	epochs	3.0
1034.2019200534057	0.01336000000014792	epochs	3.0
1034.2152800534059	0.026559999999790307	epochs	2.0
1034.2152800534059	0.013279999999895153	epochs	3.0
1034.2285600534058	0.013279999999895153	epochs	3.0
1034.2418400534057	0.026479999999992287	epochs	2.0
1034.2418400534057	0.013280000000122527	epochs	3.0
1034.2551200534058	0.01319999999986976	epochs	3.0
1034.2683200534057	0.026240000000143482	epochs	2.0
1034.2683200534057	0.013120000000071741	epochs	3.0
1034.2814400534057	0.013120000000071741	epochs	3.0
1034.2945600534058	0.026159999999890715	epochs	2.0
1034.2945600534058	0.013120000000071741	epochs	3.0
1034.3076800534059	0.013039999999818974	epochs	3.0
1034.3207200534057	0.026000000000067303	epochs	2.0
1034.3207200534057	0.013040000000046348	epochs	3.0
1034.3337600534057	0.012960000000020955	epochs	3.0
1034.3467200534058	0.025759999999991123	epochs	2.0
1034.3467200534058	0.012879999999995562	epochs	3.0
1034.3596000534058	0.012879999999995562	epochs	3.0
1034.3724800534058	0.02567999999996573	epochs	2.0
1034.3724800534058	0.012879999999995562	epochs	3.0
1034.3853600534057	0.012799999999970169	epochs	3.0
1034.3981600534057	0.025520000000142318	epochs	2.0
1034.3981600534057	0.012799999999970169	epochs	3.0
1034.4109600534057	0.01272000000017215	epochs	3.0
1034.4236800534059	0.025359999999864158	epochs	2.0
1034.4236800534059	0.012719999999944775	epochs	3.0
1034.4364000534058	0.012639999999919382	epochs	3.0
1034.4490400534057	0.025200000000040745	epochs	2.0
1034.4490400534057	0.012640000000146756	epochs	3.0
1034.4616800534059	0.01255999999989399	epochs	3.0
1034.4742400534058	0.024560000000064974	epochs	2.0
1034.4985018534057	0.5	epochs	-1.0
1034.4988000534058	0.5147999999999229	epochs	1.0
1035.0136000534058	0.48512000000005173	epochs	0.0
1038.188000202179	0.1048000000000684	epochs	0.0
1038.188000202179	0.04736000000002605	epochs	1.0
1038.235360202179	0.010080000000016298	epochs	1.0
1038.245440202179	0.04736000000002605	epochs	1.0
1038.292800202179	2.0	epochs	0.0
1040.292800202179	21.514799999999923	epochs	0.0
1040.292800202179	1.0	epochs	1.0
1040.292822002179	0.5	epochs	-1.0
1040.792822002179	19.9996799999999	epochs	-1.0
1041.292800202179	20.0	epochs	1.0
1041.292800202179	8.000000002539309e-05	epochs	2.0
1041.292880202179	4.356719999999996	epochs	-1.0
1041.292880202179	1.974559999999883	epochs	2.0
1041.292880202179	1.0985599999999067	epochs	3.0
1042.391440202179	0.8759999999999764	epochs	3.0
1043.267440202179	1.3523999999999887	epochs	2.0
1043.267440202179	0.7286400000000413	epochs	3.0
1043.996080202179	0.6237599999999475	epochs	3.0
1044.619840202179	1.029760000000124	epochs	2.0
1044.619840202179	0.5453600000000733	epochs	3.0
1045.165200202179	0.48440000000005057	epochs	3.0
1045.649600202179	0.8317599999998038	epochs	2.0
1045.649600202179	0.4357599999998456	epochs	3.0
1046.085360202179	0.39599999999995816	epochs	3.0
1046.4813602021788	0.697840000000042	epochs	2.0
1046.4813602021788	0.362880000000132	epochs	3.0
1046.844240202179	0.33495999999991	epochs	3.0
1047.179200202179	0.6010400000000118	epochs	2.0
1047.179200202179	0.3108799999999974	epochs	3.0
1047.490080202179	0.2901600000000144	epochs	3.0
1047.780240202179	0.5278399999999692	epochs	2.0
1047.780240202179	0.2719200000001365	epochs	3.0
1048.052160202179	0.2559199999998327	epochs	3.0
1048.3080802021789	0.47064000000000306	epochs	2.0
1048.3080802021789	0.2416800000000876	epochs	3.0
1048.549760202179	0.22895999999991545	epochs	3.0
1048.7787202021789	0.4245600000001559	epochs	2.0
1048.7787202021789	0.2174400000001242	epochs	3.0
1048.996160202179	0.20712000000003172	epochs	3.0
1049.203280202179	0.3867199999999684	epochs	2.0
1049.203280202179	0.1976799999999912	epochs	3.0
1049.400960202179	0.18903999999997723	epochs	3.0
1049.590000202179	0.3551199999999426	epochs	2.0
1049.590000202179	0.1811999999999898	epochs	3.0
1049.771200202179	0.17391999999995278	epochs	3.0
1049.945120202179	0.3282400000000507	epochs	2.0
1049.945120202179	0.1672000000000935	epochs	3.0
1050.112320202179	0.16103999999995722	epochs	3.0
1050.273360202179	0.30520000000001346	epochs	2.0
1050.273360202179	0.1552799999999479	epochs	3.0
1050.428640202179	0.14992000000006556	epochs	3.0
1050.578560202179	0.28512000000000626	epochs	2.0
1050.578560202179	0.1448800000000574	epochs	3.0
1050.723440202179	0.14023999999994885	epochs	3.0
1050.863680202179	0.26751999999987675	epochs	2.0
1050.863680202179	0.13583999999991647	epochs	3.0
1050.999520202179	0.13167999999996027	epochs	3.0
1051.131200202179	0.2520799999999781	epochs	2.0
1051.131200202179	0.12784000000010565	epochs	3.0
1051.259040202179	0.12423999999987245	epochs	3.0
1051.3832802021789	0.23816000000010717	epochs	2.0
1051.3832802021789	0.1207200000001194	epochs	3.0
1051.504000202179	0.11743999999998778	epochs	3.0
1051.621440202179	0.225840000000062	epochs	2.0
1051.621440202179	0.11439999999993233	epochs	3.0
1051.735840202179	0.11144000000012966	epochs	3.0
1051.847280202179	0.21463999999991756	epochs	2.0
1051.847280202179	0.10863999999992302	epochs	3.0
1051.955920202179	0.10599999999999454	epochs	3.0
1052.061920202179	0.20448000000010325	epochs	2.0
1052.061920202179	0.10344000000009146	epochs	3.0
1052.165360202179	0.10104000000001179	epochs	3.0
1052.266400202179	0.19535999999993692	epochs	2.0
1052.266400202179	0.0987999999999829	epochs	3.0
1052.365200202179	0.09655999999995402	epochs	3.0
1052.461760202179	0.18695999999999913	epochs	2.0
1052.461760202179	0.09447999999997592	epochs	3.0
1052.556240202179	0.09248000000002321	epochs	3.0
1052.648720202179	0.1792000000000371	epochs	2.0
1052.648720202179	0.0904800000000705	epochs	3.0
1052.739200202179	0.0887199999999666	epochs	3.0
1052.827920202179	0.17207999999982349	epochs	2.0
1052.827920202179	0.08687999999983731	epochs	3.0
1052.9148002021789	0.08519999999998618	epochs	3.0
1053.0000002021789	0.165520000000015	epochs	2.0
1053.0000002021789	0.08360000000016043	epochs	3.0
1053.083600202179	0.08191999999985455	epochs	3.0
1053.1655202021789	0.15952000000015687	epochs	2.0
1053.1655202021789	0.0804800000000796	epochs	3.0
1053.246000202179	0.07904000000007727	epochs	3.0
1053.325040202179	0.15375999999992018	epochs	2.0
1053.325040202179	0.07759999999984757	epochs	3.0
1053.4026402021789	0.07616000000007261	epochs	3.0
1053.478800202179	0.14856000000008862	epochs	2.0
1053.478800202179	0.07495999999991909	epochs	3.0
1053.5537602021789	0.07360000000016953	epochs	3.0
1053.627360202179	0.14367999999990388	epochs	2.0
1053.627360202179	0.07247999999981403	epochs	3.0
1053.6998402021788	0.07120000000008986	epochs	3.0
1053.771040202179	0.1390400000000227	epochs	2.0
1053.771040202179	0.07007999999996173	epochs	3.0
1053.841120202179	0.06896000000006097	epochs	3.0
1053.910080202179	0.13472000000001572	epochs	2.0
1053.910080202179	0.06791999999995824	epochs	3.0
1053.978000202179	0.06680000000005748	epochs	3.0
1054.044800202179	0.13071999999988293	epochs	2.0
1054.044800202179	0.06583999999998014	epochs	3.0
1054.110640202179	0.0648799999999028	epochs	3.0
1054.1755202021789	0.1268000000000029	epochs	2.0
1054.1755202021789	0.06384000000002743	epochs	3.0
1054.239360202179	0.06295999999997548	epochs	3.0
1054.3023202021789	0.12328000000002248	epochs	2.0
1054.3023202021789	0.0620800000001509	epochs	3.0
1054.364400202179	0.06119999999987158	epochs	3.0
1054.4256002021789	0.11984000000006745	epochs	2.0
1054.4256002021789	0.060320000000047	epochs	3.0
1054.485920202179	0.059520000000020445	epochs	3.0
1054.545440202179	0.11663999999996122	epochs	2.0
1054.545440202179	0.05871999999999389	epochs	3.0
1054.604160202179	0.05791999999996733	epochs	3.0
1054.662080202179	0.11360000000013315	epochs	2.0
1054.662080202179	0.05719999999996617	epochs	3.0
1054.7192802021789	0.05640000000016698	epochs	3.0
1054.775680202179	0.11071999999990112	epochs	2.0
1054.775680202179	0.055679999999938445	epochs	3.0
1054.831360202179	0.055039999999962674	epochs	3.0
1054.886400202179	0.10791999999992186	epochs	2.0
1054.886400202179	0.05423999999993612	epochs	3.0
1054.9406402021789	0.05367999999998574	epochs	3.0
1054.9943202021789	0.10527999999999338	epochs	2.0
1054.9943202021789	0.052959999999984575	epochs	3.0
1055.0472802021789	0.052320000000008804	epochs	3.0
1055.0996002021789	0.10288000000014108	epochs	2.0
1055.0996002021789	0.051760000000058426	epochs	3.0
1055.151360202179	0.051120000000082655	epochs	3.0
1055.202480202179	0.10040000000003602	epochs	2.0
1055.202480202179	0.05047999999987951	epochs	3.0
1055.2529602021789	0.049920000000156506	epochs	3.0
1055.302880202179	0.09823999999980515	epochs	2.0
1055.302880202179	0.049359999999978754	epochs	3.0
1055.352240202179	0.048879999999826396	epochs	3.0
1055.4011202021788	0.09600000000000364	epochs	2.0
1055.4011202021788	0.048240000000078	epochs	3.0
1055.449360202179	0.04775999999992564	epochs	3.0
1055.4971202021788	0.09392000000002554	epochs	2.0
1055.4971202021788	0.047200000000202635	epochs	3.0
1055.544320202179	0.0467199999998229	epochs	3.0
1055.5910402021789	0.09192000000007283	epochs	2.0
1055.5910402021789	0.0461600000000999	epochs	3.0
1055.637200202179	0.04575999999997293	epochs	3.0
1055.682960202179	0.09007999999994354	epochs	2.0
1055.682960202179	0.04528000000004795	epochs	3.0
1055.728240202179	0.04479999999989559	epochs	3.0
1055.773040202179	0.08816000000001623	epochs	2.0
1055.773040202179	0.044319999999970605	epochs	3.0
1055.8173602021789	0.04384000000004562	epochs	3.0
1055.861200202179	0.08647999999993772	epochs	2.0
1055.861200202179	0.04344000000014603	epochs	3.0
1055.904640202179	0.04303999999979169	epochs	3.0
1055.9476802021788	0.08472000000006119	epochs	2.0
1055.9476802021788	0.04256000000009408	epochs	3.0
1055.990240202179	0.04215999999996711	epochs	3.0
1056.032400202179	0.08320000000003347	epochs	2.0
1056.032400202179	0.04176000000006752	epochs	3.0
1056.074160202179	0.04143999999996595	epochs	3.0
1056.115600202179	0.08151999999995496	epochs	2.0
1056.115600202179	0.040960000000040964	epochs	3.0
1056.156560202179	0.040559999999914	epochs	3.0
1056.197120202179	0.08007999999995263	epochs	2.0
1056.197120202179	0.0402400000000398	epochs	3.0
1056.237360202179	0.039839999999912834	epochs	3.0
1056.2772002021788	0.07864000000017768	epochs	2.0
1056.2772002021788	0.039520000000038635	epochs	3.0
1056.3167202021789	0.039120000000139044	epochs	3.0
1056.355840202179	0.07719999999994798	epochs	2.0
1056.355840202179	0.03880000000003747	epochs	3.0
1056.394640202179	0.038399999999910506	epochs	3.0
1056.433040202179	0.07591999999999643	epochs	2.0
1056.433040202179	0.0381600000000617	epochs	3.0
1056.471200202179	0.037759999999934735	epochs	3.0
1056.508960202179	0.0745600000000195	epochs	2.0
1056.508960202179	0.037440000000060536	epochs	3.0
1056.546400202179	0.037119999999958964	epochs	3.0
1056.583520202179	0.07335999999986598	epochs	2.0
1056.583520202179	0.03679999999985739	epochs	3.0
1056.6203202021788	0.036560000000008586	epochs	3.0
1056.6568802021789	0.07208000000014181	epochs	2.0
1056.6568802021789	0.036160000000108994	epochs	3.0
1056.693040202179	0.035920000000032815	epochs	3.0
1056.728960202179	0.07087999999998829	epochs	2.0
1056.728960202179	0.03559999999993124	epochs	3.0
1056.764560202179	0.035280000000057044	epochs	3.0
1056.799840202179	0.06983999999988555	epochs	2.0
1056.799840202179	0.035039999999980864	epochs	3.0
1056.834880202179	0.034799999999904685	epochs	3.0
1056.8696802021789	0.06864000000018677	epochs	2.0
1056.8696802021789	0.034480000000030486	epochs	3.0
1056.904160202179	0.03416000000015629	epochs	3.0
1056.938320202179	0.06759999999985666	epochs	2.0
1056.938320202179	0.033919999999852735	epochs	3.0
1056.972240202179	0.03368000000000393	epochs	3.0
1057.005920202179	0.0665599999999813	epochs	2.0
1057.005920202179	0.03344000000015512	epochs	3.0
1057.039360202179	0.03311999999982618	epochs	3.0
1057.072480202179	0.06560000000013133	epochs	2.0
1057.072480202179	0.032960000000002765	epochs	3.0
1057.105440202179	0.032640000000128566	epochs	3.0
1057.138080202179	0.0645600000000286	epochs	2.0
1057.138080202179	0.03239999999982501	epochs	3.0
1057.1704802021789	0.03216000000020358	epochs	3.0
1057.202640202179	0.06367999999997664	epochs	2.0
1057.202640202179	0.03199999999992542	epochs	3.0
1057.234640202179	0.03168000000005122	epochs	3.0
1057.266320202179	0.0627199999998993	epochs	2.0
1057.266320202179	0.03143999999997504	epochs	3.0
1057.297760202179	0.03127999999992426	epochs	3.0
1057.329040202179	0.061840000000074724	epochs	2.0
1057.329040202179	0.03104000000007545	epochs	3.0
1057.360080202179	0.030799999999999272	epochs	3.0
1057.390880202179	0.060960000000022774	epochs	2.0
1057.390880202179	0.030559999999923093	epochs	3.0
1057.421440202179	0.03040000000009968	epochs	3.0
1057.451840202179	0.060159999999996217	epochs	2.0
1057.451840202179	0.0301600000000235	epochs	3.0
1057.482000202179	0.029999999999972715	epochs	3.0
1057.512000202179	0.059279999999944266	epochs	2.0
1057.512000202179	0.029679999999871143	epochs	3.0
1057.541680202179	0.029600000000073123	epochs	3.0
1057.571280202179	0.05847999999991771	epochs	2.0
1057.571280202179	0.029359999999996944	epochs	3.0
1057.600640202179	0.029119999999920765	epochs	3.0
1057.6297602021789	0.05776000000014392	epochs	2.0
1057.6297602021789	0.028960000000097352	epochs	3.0
1057.658720202179	0.028800000000046566	epochs	3.0
1057.687520202179	0.05695999999988999	epochs	2.0
1057.687520202179	0.028559999999970387	epochs	3.0
1057.716080202179	0.0283999999999196	epochs	3.0
1057.744480202179	0.0562400000001162	epochs	2.0
1057.744480202179	0.028160000000070795	epochs	3.0
1057.772640202179	0.028080000000045402	epochs	3.0
1057.800720202179	0.055439999999862266	epochs	2.0
1057.800720202179	0.027839999999969223	epochs	3.0
1057.828560202179	0.027599999999893043	epochs	3.0
1057.856160202179	0.05488000000013926	epochs	2.0
1057.856160202179	0.027520000000095024	epochs	3.0
1057.883680202179	0.027360000000044238	epochs	3.0
1057.911040202179	0.05407999999988533	epochs	2.0
1057.911040202179	0.02711999999996806	epochs	3.0
1057.938160202179	0.026959999999917272	epochs	3.0
1057.965120202179	0.053440000000136934	epochs	2.0
1057.965120202179	0.02680000000009386	epochs	3.0
1057.991920202179	0.026640000000043074	epochs	3.0
1058.018560202179	0.05287999999995918	epochs	2.0
1058.018560202179	0.026479999999992287	epochs	3.0
1058.045040202179	0.026399999999966894	epochs	3.0
1058.071440202179	0.05215999999995802	epochs	2.0
1058.071440202179	0.026159999999890715	epochs	3.0
1058.097600202179	0.026000000000067303	epochs	3.0
1058.123600202179	0.05151999999998225	epochs	2.0
1058.123600202179	0.025840000000016516	epochs	3.0
1058.149440202179	0.02567999999996573	epochs	3.0
1058.175120202179	0.05096000000003187	epochs	2.0
1058.175120202179	0.025599999999940337	epochs	3.0
1058.200720202179	0.02536000000009153	epochs	3.0
1058.226080202179	0.05039999999985412	epochs	2.0
1058.226080202179	0.02528000000006614	epochs	3.0
1058.251360202179	0.02511999999978798	epochs	3.0
1058.2764802021788	0.04976000000010572	epochs	2.0
1058.2764802021788	0.02496000000019194	epochs	3.0
1058.301440202179	0.02479999999991378	epochs	3.0
1058.326240202179	0.04919999999992797	epochs	2.0
1058.326240202179	0.024640000000090367	epochs	3.0
1058.350880202179	0.0245599999998376	epochs	3.0
1058.3754402021789	0.04872000000000298	epochs	2.0
1058.3754402021789	0.024400000000014188	epochs	3.0
1058.399840202179	0.024319999999988795	epochs	3.0
1058.4241602021789	0.04808000000002721	epochs	2.0
1058.4241602021789	0.02408000000013999	epochs	3.0
1058.448240202179	0.023999999999887223	epochs	3.0
1058.472240202179	0.04760000000010223	epochs	2.0
1058.472240202179	0.02384000000006381	epochs	3.0
1058.496080202179	0.023760000000038417	epochs	3.0
1058.519840202179	0.04711999999994987	epochs	2.0
1058.519840202179	0.02359999999998763	epochs	3.0
1058.543440202179	0.023519999999962238	epochs	3.0
1058.566960202179	0.04655999999999949	epochs	2.0
1058.566960202179	0.02335999999991145	epochs	3.0
1058.5903202021789	0.02320000000008804	epochs	3.0
1058.613520202179	0.046080000000074506	epochs	2.0
1058.613520202179	0.023120000000062646	epochs	3.0
1058.636640202179	0.02296000000001186	epochs	3.0
1058.659600202179	0.04559999999992215	epochs	2.0
1058.659600202179	0.022879999999986467	epochs	3.0
1058.682480202179	0.02271999999993568	epochs	3.0
1058.705200202179	0.04511999999999716	epochs	2.0
1058.705200202179	0.022639999999910287	epochs	3.0
1058.7278402021789	0.022480000000086875	epochs	3.0
1058.750320202179	0.04464000000007218	epochs	2.0
1058.750320202179	0.022400000000061482	epochs	3.0
1058.772720202179	0.022240000000010696	epochs	3.0
1058.794960202179	0.04423999999994521	epochs	2.0
1058.794960202179	0.022159999999985303	epochs	3.0
1058.817120202179	0.02207999999995991	epochs	3.0
1058.839200202179	0.04376000000002023	epochs	2.0
1058.839200202179	0.021919999999909123	epochs	3.0
1058.8611202021789	0.021840000000111104	epochs	3.0
1058.882960202179	0.04335999999989326	epochs	2.0
1058.882960202179	0.021759999999858337	epochs	3.0
1058.9047202021789	0.021600000000034925	epochs	3.0
1058.9263202021789	0.04287999999996828	epochs	2.0
1058.9263202021789	0.02143999999998414	epochs	3.0
1058.9477602021789	0.02143999999998414	epochs	3.0
1058.9692002021789	0.042480000000068685	epochs	2.0
1058.9692002021789	0.021280000000160726	epochs	3.0
1058.990480202179	0.02119999999990796	epochs	3.0
1059.011680202179	0.04207999999994172	epochs	2.0
1059.011680202179	0.021040000000084547	epochs	3.0
1059.032720202179	0.021039999999857173	epochs	3.0
1059.0537602021789	0.04168000000004213	epochs	2.0
1059.0537602021789	0.02088000000003376	epochs	3.0
1059.074640202179	0.020800000000008367	epochs	3.0
1059.095440202179	0.04120000000011714	epochs	2.0
1059.095440202179	0.02063999999995758	epochs	3.0
1059.1160802021789	0.020560000000159562	epochs	3.0
1059.136640202179	0.04088000000001557	epochs	2.0
1059.136640202179	0.020559999999932188	epochs	3.0
1059.157200202179	0.020320000000083382	epochs	3.0
1059.177520202179	0.040559999999914	epochs	2.0
1059.177520202179	0.02031999999985601	epochs	3.0
1059.197840202179	0.02024000000005799	epochs	3.0
1059.218080202179	0.04007999999998901	epochs	2.0
1059.218080202179	0.020080000000007203	epochs	3.0
1059.238160202179	0.01999999999998181	epochs	3.0
1059.258160202179	0.039760000000114815	epochs	2.0
1059.258160202179	0.019919999999956417	epochs	3.0
1059.278080202179	0.019840000000158398	epochs	3.0
1059.297920202179	0.03943999999978587	epochs	2.0
1059.297920202179	0.01975999999990563	epochs	3.0
1059.317680202179	0.019679999999880238	epochs	3.0
1059.3373602021788	0.03904000000011365	epochs	2.0
1059.3373602021788	0.019520000000056825	epochs	3.0
1059.356880202179	0.019520000000056825	epochs	3.0
1059.376400202179	0.038639999999986685	epochs	2.0
1059.376400202179	0.01936000000000604	epochs	3.0
1059.395760202179	0.019279999999980646	epochs	3.0
1059.415040202179	0.038399999999910506	epochs	2.0
1059.415040202179	0.019279999999980646	epochs	3.0
1059.434320202179	0.01911999999992986	epochs	3.0
1059.4534402021789	0.038000000000010914	epochs	2.0
1059.4534402021789	0.01904000000013184	epochs	3.0
1059.472480202179	0.018959999999879074	epochs	3.0
1059.4914402021789	0.037680000000136715	epochs	2.0
1059.4914402021789	0.018880000000081054	epochs	3.0
1059.510320202179	0.01880000000005566	epochs	3.0
1059.529120202179	0.03736000000003514	epochs	2.0
1059.529120202179	0.018720000000030268	epochs	3.0
1059.547840202179	0.018640000000004875	epochs	3.0
1059.566480202179	0.03703999999993357	epochs	2.0
1059.566480202179	0.018559999999979482	epochs	3.0
1059.585040202179	0.01847999999995409	epochs	3.0
1059.603520202179	0.03672000000005937	epochs	2.0
1059.603520202179	0.018399999999928696	epochs	3.0
1059.621920202179	0.018320000000130676	epochs	3.0
1059.640240202179	0.03647999999998319	epochs	2.0
1059.640240202179	0.01823999999987791	epochs	3.0
1059.658480202179	0.018240000000105283	epochs	3.0
1059.676720202179	0.03607999999985623	epochs	2.0
1059.676720202179	0.018080000000054497	epochs	3.0
1059.694800202179	0.01799999999980173	epochs	3.0
1059.7128002021789	0.03584000000000742	epochs	2.0
1059.7128002021789	0.01792000000000371	epochs	3.0
1059.7307202021789	0.01792000000000371	epochs	3.0
1059.7486402021789	0.03552000000013322	epochs	2.0
1059.7486402021789	0.017760000000180298	epochs	3.0
1059.766400202179	0.017759999999952925	epochs	3.0
1059.784160202179	0.03520000000003165	epochs	2.0
1059.784160202179	0.01767999999992753	epochs	3.0
1059.801840202179	0.01752000000010412	epochs	3.0
1059.819360202179	0.03495999999995547	epochs	2.0
1059.819360202179	0.017519999999876745	epochs	3.0
1059.836880202179	0.017440000000078726	epochs	3.0
1059.854320202179	0.03471999999987929	epochs	2.0
1059.854320202179	0.017439999999851352	epochs	3.0
1059.8717602021788	0.01728000000002794	epochs	3.0
1059.8890402021789	0.03440000000000509	epochs	2.0
1059.8890402021789	0.017200000000002547	epochs	3.0
1059.9062402021789	0.017200000000002547	epochs	3.0
1059.9234402021789	0.03416000000015629	epochs	2.0
1059.9234402021789	0.017119999999977153	epochs	3.0
1059.9405602021789	0.017040000000179134	epochs	3.0
1059.957600202179	0.03383999999982734	epochs	2.0
1059.957600202179	0.016959999999926367	epochs	3.0
1059.974560202179	0.016879999999900974	epochs	3.0
1059.9914402021789	0.033599999999978536	epochs	2.0
1059.9914402021789	0.016800000000102955	epochs	3.0
1060.008240202179	0.01679999999987558	epochs	3.0
1060.0250402021788	0.03336000000012973	epochs	2.0
1060.0250402021788	0.01672000000007756	epochs	3.0
1060.041760202179	0.01664000000005217	epochs	3.0
1060.058400202179	0.03312000000005355	epochs	2.0
1060.058400202179	0.016560000000026776	epochs	3.0
1060.074960202179	0.016560000000026776	epochs	3.0
1060.091520202179	0.03279999999995198	epochs	2.0
1060.091520202179	0.01639999999997599	epochs	3.0
1060.107920202179	0.01639999999997599	epochs	3.0
1060.124320202179	0.0325599999998758	epochs	2.0
1060.124320202179	0.016319999999950596	epochs	3.0
1060.140640202179	0.016239999999925203	epochs	3.0
1060.1568802021789	0.03240000000005239	epochs	2.0
1060.1568802021789	0.016240000000152577	epochs	3.0
1060.173120202179	0.01615999999989981	epochs	3.0
1060.189280202179	0.032079999999950815	epochs	2.0
1060.189280202179	0.01608000000010179	epochs	3.0
1060.205360202179	0.015999999999849024	epochs	3.0
1060.2213602021789	0.0319200000001274	epochs	2.0
1060.2213602021789	0.016000000000076398	epochs	3.0
1060.237360202179	0.015920000000051004	epochs	3.0
1060.253280202179	0.03160000000002583	epochs	2.0
1060.253280202179	0.01584000000002561	epochs	3.0
1060.269120202179	0.01576000000000022	epochs	3.0
1060.284880202179	0.03143999999997504	epochs	2.0
1060.284880202179	0.01576000000000022	epochs	3.0
1060.300640202179	0.015679999999974825	epochs	3.0
1060.316320202179	0.031199999999898864	epochs	2.0
1060.316320202179	0.015599999999949432	epochs	3.0
1060.331920202179	0.015599999999949432	epochs	3.0
1060.3475202021789	0.03096000000005006	epochs	2.0
1060.3475202021789	0.015520000000151413	epochs	3.0
1060.363040202179	0.015439999999898646	epochs	3.0
1060.378480202179	0.03071999999997388	epochs	2.0
1060.378480202179	0.01544000000012602	epochs	3.0
1060.393920202179	0.01527999999984786	epochs	3.0
1060.409200202179	0.030560000000150467	epochs	2.0
1060.409200202179	0.015360000000100626	epochs	3.0
1060.424560202179	0.01520000000004984	epochs	3.0
1060.439760202179	0.030319999999846914	epochs	2.0
1060.439760202179	0.015199999999822467	epochs	3.0
1060.4549602021789	0.015120000000024447	epochs	3.0
1060.470080202179	0.030079999999998108	epochs	2.0
1060.470080202179	0.015120000000024447	epochs	3.0
1060.485200202179	0.014959999999973661	epochs	3.0
1060.500160202179	0.029919999999947322	epochs	2.0
1060.500160202179	0.015039999999999054	epochs	3.0
1060.515200202179	0.014879999999948268	epochs	3.0
1060.5300802021789	0.029680000000098516	epochs	2.0
1060.5300802021789	0.014880000000175642	epochs	3.0
1060.544960202179	0.014799999999922875	epochs	3.0
1060.559760202179	0.02952000000004773	epochs	2.0
1060.559760202179	0.014799999999922875	epochs	3.0
1060.5745602021789	0.014720000000124855	epochs	3.0
1060.589280202179	0.02927999999997155	epochs	2.0
1060.589280202179	0.014719999999897482	epochs	3.0
1060.604000202179	0.01456000000007407	epochs	3.0
1060.618560202179	0.029119999999920765	epochs	2.0
1060.618560202179	0.014640000000099462	epochs	3.0
1060.633200202179	0.014479999999821302	epochs	3.0
1060.647680202179	0.028960000000097352	epochs	2.0
1060.647680202179	0.014480000000048676	epochs	3.0
1060.662160202179	0.014480000000048676	epochs	3.0
1060.676640202179	0.02863999999999578	epochs	2.0
1060.676640202179	0.01431999999999789	epochs	3.0
1060.690960202179	0.01431999999999789	epochs	3.0
1060.705280202179	0.028559999999970387	epochs	2.0
1060.705280202179	0.01431999999999789	epochs	3.0
1060.719600202179	0.014239999999972497	epochs	3.0
1060.733840202179	0.028319999999894208	epochs	2.0
1060.733840202179	0.014159999999947104	epochs	3.0
1060.748000202179	0.014159999999947104	epochs	3.0
1060.7621602021788	0.028160000000070795	epochs	2.0
1060.7621602021788	0.014160000000174477	epochs	3.0
1060.776320202179	0.013999999999896318	epochs	3.0
1060.790320202179	0.02800000000002001	epochs	2.0
1060.790320202179	0.014000000000123691	epochs	3.0
1060.804320202179	0.013999999999896318	epochs	3.0
1060.818320202179	0.02775999999994383	epochs	2.0
1060.818320202179	0.013920000000098298	epochs	3.0
1060.832240202179	0.013839999999845531	epochs	3.0
1060.8460802021789	0.02768000000014581	epochs	2.0
1060.8460802021789	0.013840000000072905	epochs	3.0
1060.859920202179	0.013840000000072905	epochs	3.0
1060.873760202179	0.027439999999842257	epochs	2.0
1060.873760202179	0.013759999999820138	epochs	3.0
1060.8875202021788	0.013680000000022119	epochs	3.0
1060.9012002021789	0.027280000000018845	epochs	2.0
1060.9012002021789	0.013680000000022119	epochs	3.0
1060.914880202179	0.013599999999996726	epochs	3.0
1060.928480202179	0.02711999999996806	epochs	2.0
1060.928480202179	0.013519999999971333	epochs	3.0
1060.9420002021789	0.013599999999996726	epochs	3.0
1060.9556002021789	0.026880000000119253	epochs	2.0
1060.9556002021789	0.013440000000173313	epochs	3.0
1060.969040202179	0.01343999999994594	epochs	3.0
1060.982480202179	0.02680000000009386	epochs	2.0
1060.982480202179	0.01343999999994594	epochs	3.0
1060.995920202179	0.01336000000014792	epochs	3.0
1061.009280202179	0.026559999999790307	epochs	2.0
1061.009280202179	0.013279999999895153	epochs	3.0
1061.022560202179	0.013279999999895153	epochs	3.0
1061.0358402021789	0.026479999999992287	epochs	2.0
1061.0358402021789	0.013280000000122527	epochs	3.0
1061.049120202179	0.01319999999986976	epochs	3.0
1061.0623202021789	0.026240000000143482	epochs	2.0
1061.0623202021789	0.013120000000071741	epochs	3.0
1061.075440202179	0.013120000000071741	epochs	3.0
1061.088560202179	0.026159999999890715	epochs	2.0
1061.088560202179	0.013120000000071741	epochs	3.0
1061.101680202179	0.013039999999818974	epochs	3.0
1061.114720202179	0.026000000000067303	epochs	2.0
1061.114720202179	0.013040000000046348	epochs	3.0
1061.127760202179	0.012960000000020955	epochs	3.0
1061.140720202179	0.025759999999991123	epochs	2.0
1061.140720202179	0.012879999999995562	epochs	3.0
1061.153600202179	0.012879999999995562	epochs	3.0
1061.166480202179	0.02567999999996573	epochs	2.0
1061.166480202179	0.012879999999995562	epochs	3.0
1061.179360202179	0.012799999999970169	epochs	3.0
1061.192160202179	0.025520000000142318	epochs	2.0
1061.192160202179	0.012799999999970169	epochs	3.0
1061.2049602021789	0.01272000000017215	epochs	3.0
1061.217680202179	0.025359999999864158	epochs	2.0
1061.217680202179	0.012719999999944775	epochs	3.0
1061.230400202179	0.012639999999919382	epochs	3.0
1061.243040202179	0.025200000000040745	epochs	2.0
1061.243040202179	0.012640000000146756	epochs	3.0
1061.255680202179	0.01255999999989399	epochs	3.0
1061.268240202179	0.024560000000064974	epochs	2.0
1061.292502002179	0.5	epochs	-1.0
1061.292800202179	0.5147999999999229	epochs	1.0
1061.807600202179	0.48512000000005173	epochs	0.0
1065.0	0.1048000000000684	epochs	0.0
1065.0	0.04736000000002605	epochs	1.0
1065.04736	0.010080000000016298	epochs	1.0
1065.05744	0.04736000000002605	epochs	1.0
1065.1048	2.0	epochs	0.0
1067.1048	21.555759999999964	epochs	0.0
1067.1048	1.0	epochs	1.0
1067.1048218	0.5	epochs	-1.0
1067.6048218	19.9996799999999	epochs	-1.0
1068.1048	20.0	epochs	1.0
1068.1048	8.000000002539309e-05	epochs	2.0
1068.10488	4.356719999999996	epochs	-1.0
1068.10488	1.974559999999883	epochs	2.0
1068.10488	1.0985599999999067	epochs	3.0
1069.20344	0.8759999999999764	epochs	3.0
1070.07944	1.3523999999999887	epochs	2.0
1070.07944	0.7286400000000413	epochs	3.0
1070.80808	0.6237599999999475	epochs	3.0
1071.43184	1.029760000000124	epochs	2.0
1071.43184	0.5453600000000733	epochs	3.0
1071.9772	0.48440000000005057	epochs	3.0
1072.4616	0.8317599999998038	epochs	2.0
1072.4616	0.4357599999998456	epochs	3.0
1072.89736	0.39599999999995816	epochs	3.0
1073.29336	0.697840000000042	epochs	2.0
1073.29336	0.362880000000132	epochs	3.0
1073.65624	0.33495999999991	epochs	3.0
1073.9912	0.6010400000000118	epochs	2.0
1073.9912	0.3108799999999974	epochs	3.0
1074.30208	0.2901600000000144	epochs	3.0
1074.59224	0.5278399999999692	epochs	2.0
1074.59224	0.2719200000001365	epochs	3.0
1074.86416	0.2559199999998327	epochs	3.0
1075.12008	0.47064000000000306	epochs	2.0
1075.12008	0.2416800000000876	epochs	3.0
1075.36176	0.22895999999991545	epochs	3.0
1075.59072	0.4245600000001559	epochs	2.0
1075.59072	0.2174400000001242	epochs	3.0
1075.80816	0.20712000000003172	epochs	3.0
1076.01528	0.3867199999999684	epochs	2.0
1076.01528	0.1976799999999912	epochs	3.0
1076.21296	0.18903999999997723	epochs	3.0
1076.402	0.3551199999999426	epochs	2.0
1076.402	0.1811999999999898	epochs	3.0
1076.5832	0.17391999999995278	epochs	3.0
1076.75712	0.3282400000000507	epochs	2.0
1076.75712	0.1672000000000935	epochs	3.0
1076.92432	0.16103999999995722	epochs	3.0
1077.08536	0.30520000000001346	epochs	2.0
1077.08536	0.1552799999999479	epochs	3.0
1077.24064	0.14992000000006556	epochs	3.0
1077.39056	0.28512000000000626	epochs	2.0
1077.39056	0.1448800000000574	epochs	3.0
1077.53544	0.14023999999994885	epochs	3.0
1077.67568	0.26751999999987675	epochs	2.0
1077.67568	0.13583999999991647	epochs	3.0
1077.81152	0.13167999999996027	epochs	3.0
1077.9432	0.2520799999999781	epochs	2.0
1077.9432	0.12784000000010565	epochs	3.0
1078.07104	0.12423999999987245	epochs	3.0
1078.19528	0.23816000000010717	epochs	2.0
1078.19528	0.1207200000001194	epochs	3.0
1078.316	0.11743999999998778	epochs	3.0
1078.43344	0.225840000000062	epochs	2.0
1078.43344	0.11439999999993233	epochs	3.0
1078.54784	0.11144000000012966	epochs	3.0
1078.65928	0.21463999999991756	epochs	2.0
1078.65928	0.10863999999992302	epochs	3.0
1078.76792	0.10599999999999454	epochs	3.0
1078.87392	0.20448000000010325	epochs	2.0
1078.87392	0.10344000000009146	epochs	3.0
1078.97736	0.10104000000001179	epochs	3.0
1079.0784	0.19535999999993692	epochs	2.0
1079.0784	0.0987999999999829	epochs	3.0
1079.1772	0.09655999999995402	epochs	3.0
1079.27376	0.18695999999999913	epochs	2.0
1079.27376	0.09447999999997592	epochs	3.0
1079.36824	0.09248000000002321	epochs	3.0
1079.46072	0.1792000000000371	epochs	2.0
1079.46072	0.0904800000000705	epochs	3.0
1079.5512	0.0887199999999666	epochs	3.0
1079.63992	0.17207999999982349	epochs	2.0
1079.63992	0.08687999999983731	epochs	3.0
1079.7268	0.08519999999998618	epochs	3.0
1079.812	0.165520000000015	epochs	2.0
1079.812	0.08360000000016043	epochs	3.0
1079.8956	0.08191999999985455	epochs	3.0
1079.97752	0.15952000000015687	epochs	2.0
1079.97752	0.0804800000000796	epochs	3.0
1080.058	0.07904000000007727	epochs	3.0
1080.13704	0.15375999999992018	epochs	2.0
1080.13704	0.07759999999984757	epochs	3.0
1080.21464	0.07616000000007261	epochs	3.0
1080.2908	0.14856000000008862	epochs	2.0
1080.2908	0.07495999999991909	epochs	3.0
1080.36576	0.07360000000016953	epochs	3.0
1080.43936	0.14367999999990388	epochs	2.0
1080.43936	0.07247999999981403	epochs	3.0
1080.51184	0.07120000000008986	epochs	3.0
1080.58304	0.1390400000000227	epochs	2.0
1080.58304	0.07007999999996173	epochs	3.0
1080.65312	0.06896000000006097	epochs	3.0
1080.72208	0.13472000000001572	epochs	2.0
1080.72208	0.06791999999995824	epochs	3.0
1080.79	0.06680000000005748	epochs	3.0
1080.8568	0.13071999999988293	epochs	2.0
1080.8568	0.06583999999998014	epochs	3.0
1080.92264	0.0648799999999028	epochs	3.0
1080.98752	0.1268000000000029	epochs	2.0
1080.98752	0.06384000000002743	epochs	3.0
1081.05136	0.06295999999997548	epochs	3.0
1081.11432	0.12328000000002248	epochs	2.0
1081.11432	0.0620800000001509	epochs	3.0
1081.1764	0.06119999999987158	epochs	3.0
1081.2376	0.11984000000006745	epochs	2.0
1081.2376	0.060320000000047	epochs	3.0
1081.29792	0.059520000000020445	epochs	3.0
1081.35744	0.11663999999996122	epochs	2.0
1081.35744	0.05871999999999389	epochs	3.0
1081.41616	0.05791999999996733	epochs	3.0
1081.47408	0.11360000000013315	epochs	2.0
1081.47408	0.05719999999996617	epochs	3.0
1081.53128	0.05640000000016698	epochs	3.0
1081.58768	0.11071999999990112	epochs	2.0
1081.58768	0.055679999999938445	epochs	3.0
1081.64336	0.055039999999962674	epochs	3.0
1081.6984	0.10791999999992186	epochs	2.0
1081.6984	0.05423999999993612	epochs	3.0
1081.75264	0.05367999999998574	epochs	3.0
1081.80632	0.10527999999999338	epochs	2.0
1081.80632	0.052959999999984575	epochs	3.0
1081.85928	0.052320000000008804	epochs	3.0
1081.9116	0.10288000000014108	epochs	2.0
1081.9116	0.051760000000058426	epochs	3.0
1081.96336	0.051120000000082655	epochs	3.0
1082.01448	0.10040000000003602	epochs	2.0
1082.01448	0.05047999999987951	epochs	3.0
1082.06496	0.049920000000156506	epochs	3.0
1082.11488	0.09823999999980515	epochs	2.0
1082.11488	0.049359999999978754	epochs	3.0
1082.16424	0.048879999999826396	epochs	3.0
1082.21312	0.09600000000000364	epochs	2.0
1082.21312	0.048240000000078	epochs	3.0
1082.26136	0.04775999999992564	epochs	3.0
1082.30912	0.09392000000002554	epochs	2.0
1082.30912	0.047200000000202635	epochs	3.0
1082.35632	0.0467199999998229	epochs	3.0
1082.40304	0.09192000000007283	epochs	2.0
1082.40304	0.0461600000000999	epochs	3.0
1082.4492	0.04575999999997293	epochs	3.0
1082.49496	0.09007999999994354	epochs	2.0
1082.49496	0.04528000000004795	epochs	3.0
1082.54024	0.04479999999989559	epochs	3.0
1082.58504	0.08816000000001623	epochs	2.0
1082.58504	0.044319999999970605	epochs	3.0
1082.62936	0.04384000000004562	epochs	3.0
1082.6732	0.08647999999993772	epochs	2.0
1082.6732	0.04344000000014603	epochs	3.0
1082.71664	0.04303999999979169	epochs	3.0
1082.75968	0.08472000000006119	epochs	2.0
1082.75968	0.04256000000009408	epochs	3.0
1082.80224	0.04215999999996711	epochs	3.0
1082.8444	0.08320000000003347	epochs	2.0
1082.8444	0.04176000000006752	epochs	3.0
1082.88616	0.04143999999996595	epochs	3.0
1082.9276	0.08151999999995496	epochs	2.0
1082.9276	0.040960000000040964	epochs	3.0
1082.96856	0.040559999999914	epochs	3.0
1083.00912	0.08007999999995263	epochs	2.0
1083.00912	0.0402400000000398	epochs	3.0
1083.04936	0.039839999999912834	epochs	3.0
1083.0892	0.07864000000017768	epochs	2.0
1083.0892	0.039520000000038635	epochs	3.0
1083.12872	0.039120000000139044	epochs	3.0
1083.16784	0.07719999999994798	epochs	2.0
1083.16784	0.03880000000003747	epochs	3.0
1083.20664	0.038399999999910506	epochs	3.0
1083.24504	0.07591999999999643	epochs	2.0
1083.24504	0.0381600000000617	epochs	3.0
1083.2832	0.037759999999934735	epochs	3.0
1083.32096	0.0745600000000195	epochs	2.0
1083.32096	0.037440000000060536	epochs	3.0
1083.3584	0.037119999999958964	epochs	3.0
1083.39552	0.07335999999986598	epochs	2.0
1083.39552	0.03679999999985739	epochs	3.0
1083.43232	0.036560000000008586	epochs	3.0
1083.46888	0.07208000000014181	epochs	2.0
1083.46888	0.036160000000108994	epochs	3.0
1083.50504	0.035920000000032815	epochs	3.0
1083.54096	0.07087999999998829	epochs	2.0
1083.54096	0.03559999999993124	epochs	3.0
1083.57656	0.035280000000057044	epochs	3.0
1083.61184	0.06983999999988555	epochs	2.0
1083.61184	0.035039999999980864	epochs	3.0
1083.64688	0.034799999999904685	epochs	3.0
1083.68168	0.06864000000018677	epochs	2.0
1083.68168	0.034480000000030486	epochs	3.0
1083.71616	0.03416000000015629	epochs	3.0
1083.75032	0.06759999999985666	epochs	2.0
1083.75032	0.033919999999852735	epochs	3.0
1083.78424	0.03368000000000393	epochs	3.0
1083.81792	0.0665599999999813	epochs	2.0
1083.81792	0.03344000000015512	epochs	3.0
1083.85136	0.03311999999982618	epochs	3.0
1083.88448	0.06560000000013133	epochs	2.0
1083.88448	0.032960000000002765	epochs	3.0
1083.91744	0.032640000000128566	epochs	3.0
1083.95008	0.0645600000000286	epochs	2.0
1083.95008	0.03239999999982501	epochs	3.0
1083.98248	0.03216000000020358	epochs	3.0
1084.01464	0.06367999999997664	epochs	2.0
1084.01464	0.03199999999992542	epochs	3.0
1084.04664	0.03168000000005122	epochs	3.0
1084.07832	0.0627199999998993	epochs	2.0
1084.07832	0.03143999999997504	epochs	3.0
1084.10976	0.03127999999992426	epochs	3.0
1084.14104	0.061840000000074724	epochs	2.0
1084.14104	0.03104000000007545	epochs	3.0
1084.17208	0.030799999999999272	epochs	3.0
1084.20288	0.060960000000022774	epochs	2.0
1084.20288	0.030559999999923093	epochs	3.0
1084.23344	0.03040000000009968	epochs	3.0
1084.26384	0.060159999999996217	epochs	2.0
1084.26384	0.0301600000000235	epochs	3.0
1084.294	0.029999999999972715	epochs	3.0
1084.324	0.059279999999944266	epochs	2.0
1084.324	0.029679999999871143	epochs	3.0
1084.35368	0.029600000000073123	epochs	3.0
1084.38328	0.05847999999991771	epochs	2.0
1084.38328	0.029359999999996944	epochs	3.0
1084.41264	0.029119999999920765	epochs	3.0
1084.44176	0.05776000000014392	epochs	2.0
1084.44176	0.028960000000097352	epochs	3.0
1084.47072	0.028800000000046566	epochs	3.0
1084.49952	0.05695999999988999	epochs	2.0
1084.49952	0.028559999999970387	epochs	3.0
1084.52808	0.0283999999999196	epochs	3.0
1084.55648	0.0562400000001162	epochs	2.0
1084.55648	0.028160000000070795	epochs	3.0
1084.58464	0.028080000000045402	epochs	3.0
1084.61272	0.055439999999862266	epochs	2.0
1084.61272	0.027839999999969223	epochs	3.0
1084.64056	0.027599999999893043	epochs	3.0
1084.66816	0.05488000000013926	epochs	2.0
1084.66816	0.027520000000095024	epochs	3.0
1084.69568	0.027360000000044238	epochs	3.0
1084.72304	0.05407999999988533	epochs	2.0
1084.72304	0.02711999999996806	epochs	3.0
1084.75016	0.026959999999917272	epochs	3.0
1084.77712	0.053440000000136934	epochs	2.0
1084.77712	0.02680000000009386	epochs	3.0
1084.80392	0.026640000000043074	epochs	3.0
1084.83056	0.05287999999995918	epochs	2.0
1084.83056	0.026479999999992287	epochs	3.0
1084.85704	0.026399999999966894	epochs	3.0
1084.88344	0.05215999999995802	epochs	2.0
1084.88344	0.026159999999890715	epochs	3.0
1084.9096	0.026000000000067303	epochs	3.0
1084.9356	0.05151999999998225	epochs	2.0
1084.9356	0.025840000000016516	epochs	3.0
1084.96144	0.02567999999996573	epochs	3.0
1084.98712	0.05096000000003187	epochs	2.0
1084.98712	0.025599999999940337	epochs	3.0
1085.01272	0.02536000000009153	epochs	3.0
1085.03808	0.05039999999985412	epochs	2.0
1085.03808	0.02528000000006614	epochs	3.0
1085.06336	0.02511999999978798	epochs	3.0
1085.08848	0.04976000000010572	epochs	2.0
1085.08848	0.02496000000019194	epochs	3.0
1085.11344	0.02479999999991378	epochs	3.0
1085.13824	0.04919999999992797	epochs	2.0
1085.13824	0.024640000000090367	epochs	3.0
1085.16288	0.0245599999998376	epochs	3.0
1085.18744	0.04872000000000298	epochs	2.0
1085.18744	0.024400000000014188	epochs	3.0
1085.21184	0.024319999999988795	epochs	3.0
1085.23616	0.04808000000002721	epochs	2.0
1085.23616	0.02408000000013999	epochs	3.0
1085.26024	0.023999999999887223	epochs	3.0
1085.28424	0.04760000000010223	epochs	2.0
1085.28424	0.02384000000006381	epochs	3.0
1085.30808	0.023760000000038417	epochs	3.0
1085.33184	0.04711999999994987	epochs	2.0
1085.33184	0.02359999999998763	epochs	3.0
1085.35544	0.023519999999962238	epochs	3.0
1085.37896	0.04655999999999949	epochs	2.0
1085.37896	0.02335999999991145	epochs	3.0
1085.40232	0.02320000000008804	epochs	3.0
1085.42552	0.046080000000074506	epochs	2.0
1085.42552	0.023120000000062646	epochs	3.0
1085.44864	0.02296000000001186	epochs	3.0
1085.4716	0.04559999999992215	epochs	2.0
1085.4716	0.022879999999986467	epochs	3.0
1085.49448	0.02271999999993568	epochs	3.0
1085.5172	0.04511999999999716	epochs	2.0
1085.5172	0.022639999999910287	epochs	3.0
1085.53984	0.022480000000086875	epochs	3.0
1085.56232	0.04464000000007218	epochs	2.0
1085.56232	0.022400000000061482	epochs	3.0
1085.58472	0.022240000000010696	epochs	3.0
1085.60696	0.04423999999994521	epochs	2.0
1085.60696	0.022159999999985303	epochs	3.0
1085.62912	0.02207999999995991	epochs	3.0
1085.6512	0.04376000000002023	epochs	2.0
1085.6512	0.021919999999909123	epochs	3.0
1085.67312	0.021840000000111104	epochs	3.0
1085.69496	0.04335999999989326	epochs	2.0
1085.69496	0.021759999999858337	epochs	3.0
1085.71672	0.021600000000034925	epochs	3.0
1085.73832	0.04287999999996828	epochs	2.0
1085.73832	0.02143999999998414	epochs	3.0
1085.75976	0.02143999999998414	epochs	3.0
1085.7812	0.042480000000068685	epochs	2.0
1085.7812	0.021280000000160726	epochs	3.0
1085.80248	0.02119999999990796	epochs	3.0
1085.82368	0.04207999999994172	epochs	2.0
1085.82368	0.021040000000084547	epochs	3.0
1085.84472	0.021039999999857173	epochs	3.0
1085.86576	0.04168000000004213	epochs	2.0
1085.86576	0.02088000000003376	epochs	3.0
1085.88664	0.020800000000008367	epochs	3.0
1085.90744	0.04120000000011714	epochs	2.0
1085.90744	0.02063999999995758	epochs	3.0
1085.92808	0.020560000000159562	epochs	3.0
1085.94864	0.04088000000001557	epochs	2.0
1085.94864	0.020559999999932188	epochs	3.0
1085.9692	0.020320000000083382	epochs	3.0
1085.98952	0.040559999999914	epochs	2.0
1085.98952	0.02031999999985601	epochs	3.0
1086.00984	0.02024000000005799	epochs	3.0
1086.03008	0.04007999999998901	epochs	2.0
1086.03008	0.020080000000007203	epochs	3.0
1086.05016	0.01999999999998181	epochs	3.0
1086.07016	0.039760000000114815	epochs	2.0
1086.07016	0.019919999999956417	epochs	3.0
1086.09008	0.019840000000158398	epochs	3.0
1086.10992	0.03943999999978587	epochs	2.0
1086.10992	0.01975999999990563	epochs	3.0
1086.12968	0.019679999999880238	epochs	3.0
1086.14936	0.03904000000011365	epochs	2.0
1086.14936	0.019520000000056825	epochs	3.0
1086.16888	0.019520000000056825	epochs	3.0
1086.1884	0.038639999999986685	epochs	2.0
1086.1884	0.01936000000000604	epochs	3.0
1086.20776	0.019279999999980646	epochs	3.0
1086.22704	0.038399999999910506	epochs	2.0
1086.22704	0.019279999999980646	epochs	3.0
1086.24632	0.01911999999992986	epochs	3.0
1086.26544	0.038000000000010914	epochs	2.0
1086.26544	0.01904000000013184	epochs	3.0
1086.28448	0.018959999999879074	epochs	3.0
1086.30344	0.037680000000136715	epochs	2.0
1086.30344	0.018880000000081054	epochs	3.0
1086.32232	0.01880000000005566	epochs	3.0
1086.34112	0.03736000000003514	epochs	2.0
1086.34112	0.018720000000030268	epochs	3.0
1086.35984	0.018640000000004875	epochs	3.0
1086.37848	0.03703999999993357	epochs	2.0
1086.37848	0.018559999999979482	epochs	3.0
1086.39704	0.01847999999995409	epochs	3.0
1086.41552	0.03672000000005937	epochs	2.0
1086.41552	0.018399999999928696	epochs	3.0
1086.43392	0.018320000000130676	epochs	3.0
1086.45224	0.03647999999998319	epochs	2.0
1086.45224	0.01823999999987791	epochs	3.0
1086.47048	0.018240000000105283	epochs	3.0
1086.48872	0.03607999999985623	epochs	2.0
1086.48872	0.018080000000054497	epochs	3.0
1086.5068	0.01799999999980173	epochs	3.0
1086.5248	0.03584000000000742	epochs	2.0
1086.5248	0.01792000000000371	epochs	3.0
1086.54272	0.01792000000000371	epochs	3.0
1086.56064	0.03552000000013322	epochs	2.0
1086.56064	0.017760000000180298	epochs	3.0
1086.5784	0.017759999999952925	epochs	3.0
1086.59616	0.03520000000003165	epochs	2.0
1086.59616	0.01767999999992753	epochs	3.0
1086.61384	0.01752000000010412	epochs	3.0
1086.63136	0.03495999999995547	epochs	2.0
1086.63136	0.017519999999876745	epochs	3.0
1086.64888	0.017440000000078726	epochs	3.0
1086.66632	0.03471999999987929	epochs	2.0
1086.66632	0.017439999999851352	epochs	3.0
1086.68376	0.01728000000002794	epochs	3.0
1086.70104	0.03440000000000509	epochs	2.0
1086.70104	0.017200000000002547	epochs	3.0
1086.71824	0.017200000000002547	epochs	3.0
1086.73544	0.03416000000015629	epochs	2.0
1086.73544	0.017119999999977153	epochs	3.0
1086.75256	0.017040000000179134	epochs	3.0
1086.7696	0.03383999999982734	epochs	2.0
1086.7696	0.016959999999926367	epochs	3.0
1086.78656	0.016879999999900974	epochs	3.0
1086.80344	0.033599999999978536	epochs	2.0
1086.80344	0.016800000000102955	epochs	3.0
1086.82024	0.01679999999987558	epochs	3.0
1086.83704	0.03336000000012973	epochs	2.0
1086.83704	0.01672000000007756	epochs	3.0
1086.85376	0.01664000000005217	epochs	3.0
1086.8704	0.03312000000005355	epochs	2.0
1086.8704	0.016560000000026776	epochs	3.0
1086.88696	0.016560000000026776	epochs	3.0
1086.90352	0.03279999999995198	epochs	2.0
1086.90352	0.01639999999997599	epochs	3.0
1086.91992	0.01639999999997599	epochs	3.0
1086.93632	0.0325599999998758	epochs	2.0
1086.93632	0.016319999999950596	epochs	3.0
1086.95264	0.016239999999925203	epochs	3.0
1086.96888	0.03240000000005239	epochs	2.0
1086.96888	0.016240000000152577	epochs	3.0
1086.98512	0.01615999999989981	epochs	3.0
1087.00128	0.032079999999950815	epochs	2.0
1087.00128	0.01608000000010179	epochs	3.0
1087.01736	0.015999999999849024	epochs	3.0
1087.03336	0.0319200000001274	epochs	2.0
1087.03336	0.016000000000076398	epochs	3.0
1087.04936	0.015920000000051004	epochs	3.0
1087.06528	0.03160000000002583	epochs	2.0
1087.06528	0.01584000000002561	epochs	3.0
1087.08112	0.01576000000000022	epochs	3.0
1087.09688	0.03143999999997504	epochs	2.0
1087.09688	0.01576000000000022	epochs	3.0
1087.11264	0.015679999999974825	epochs	3.0
1087.12832	0.031199999999898864	epochs	2.0
1087.12832	0.015599999999949432	epochs	3.0
1087.14392	0.015599999999949432	epochs	3.0
1087.15952	0.03096000000005006	epochs	2.0
1087.15952	0.015520000000151413	epochs	3.0
1087.17504	0.015439999999898646	epochs	3.0
1087.19048	0.03071999999997388	epochs	2.0
1087.19048	0.01544000000012602	epochs	3.0
1087.20592	0.01527999999984786	epochs	3.0
1087.2212	0.030560000000150467	epochs	2.0
1087.2212	0.015360000000100626	epochs	3.0
1087.23656	0.01520000000004984	epochs	3.0
1087.25176	0.030319999999846914	epochs	2.0
1087.25176	0.015199999999822467	epochs	3.0
1087.26696	0.015120000000024447	epochs	3.0
1087.28208	0.030079999999998108	epochs	2.0
1087.28208	0.015120000000024447	epochs	3.0
1087.2972	0.014959999999973661	epochs	3.0
1087.31216	0.029919999999947322	epochs	2.0
1087.31216	0.015039999999999054	epochs	3.0
1087.3272	0.014879999999948268	epochs	3.0
1087.34208	0.029680000000098516	epochs	2.0
1087.34208	0.014880000000175642	epochs	3.0
1087.35696	0.014799999999922875	epochs	3.0
1087.37176	0.02952000000004773	epochs	2.0
1087.37176	0.014799999999922875	epochs	3.0
1087.38656	0.014720000000124855	epochs	3.0
1087.40128	0.02927999999997155	epochs	2.0
1087.40128	0.014719999999897482	epochs	3.0
1087.416	0.01456000000007407	epochs	3.0
1087.43056	0.029119999999920765	epochs	2.0
1087.43056	0.014640000000099462	epochs	3.0
1087.4452	0.014479999999821302	epochs	3.0
1087.45968	0.028960000000097352	epochs	2.0
1087.45968	0.014480000000048676	epochs	3.0
1087.47416	0.014480000000048676	epochs	3.0
1087.48864	0.02863999999999578	epochs	2.0
1087.48864	0.01431999999999789	epochs	3.0
1087.50296	0.01431999999999789	epochs	3.0
1087.51728	0.028559999999970387	epochs	2.0
1087.51728	0.01431999999999789	epochs	3.0
1087.5316	0.014239999999972497	epochs	3.0
1087.54584	0.028319999999894208	epochs	2.0
1087.54584	0.014159999999947104	epochs	3.0
1087.56	0.014159999999947104	epochs	3.0
1087.57416	0.028160000000070795	epochs	2.0
1087.57416	0.014160000000174477	epochs	3.0
1087.58832	0.013999999999896318	epochs	3.0
1087.60232	0.02800000000002001	epochs	2.0
1087.60232	0.014000000000123691	epochs	3.0
1087.61632	0.013999999999896318	epochs	3.0
1087.63032	0.02775999999994383	epochs	2.0
1087.63032	0.013920000000098298	epochs	3.0
1087.64424	0.013839999999845531	epochs	3.0
1087.65808	0.02768000000014581	epochs	2.0
1087.65808	0.013840000000072905	epochs	3.0
1087.67192	0.013840000000072905	epochs	3.0
1087.68576	0.027439999999842257	epochs	2.0
1087.68576	0.013759999999820138	epochs	3.0
1087.69952	0.013680000000022119	epochs	3.0
1087.7132	0.027280000000018845	epochs	2.0
1087.7132	0.013680000000022119	epochs	3.0
1087.72688	0.013599999999996726	epochs	3.0
1087.74048	0.02711999999996806	epochs	2.0
1087.74048	0.013519999999971333	epochs	3.0
1087.754	0.013599999999996726	epochs	3.0
1087.7676	0.026880000000119253	epochs	2.0
1087.7676	0.013440000000173313	epochs	3.0
1087.78104	0.01343999999994594	epochs	3.0
1087.79448	0.02680000000009386	epochs	2.0
1087.79448	0.01343999999994594	epochs	3.0
1087.80792	0.01336000000014792	epochs	3.0
1087.8212800000001	0.026559999999790307	epochs	2.0
1087.8212800000001	0.013279999999895153	epochs	3.0
1087.83456	0.013279999999895153	epochs	3.0
1087.84784	0.026479999999992287	epochs	2.0
1087.84784	0.013280000000122527	epochs	3.0
1087.86112	0.01319999999986976	epochs	3.0
1087.87432	0.026240000000143482	epochs	2.0
1087.87432	0.013120000000071741	epochs	3.0
1087.88744	0.013120000000071741	epochs	3.0
1087.90056	0.026159999999890715	epochs	2.0
1087.90056	0.013120000000071741	epochs	3.0
1087.91368	0.013039999999818974	epochs	3.0
1087.92672	0.026000000000067303	epochs	2.0
1087.92672	0.013040000000046348	epochs	3.0
1087.93976	0.012960000000020955	epochs	3.0
1087.95272	0.025759999999991123	epochs	2.0
1087.95272	0.012879999999995562	epochs	3.0
1087.9656	0.012879999999995562	epochs	3.0
1087.97848	0.02567999999996573	epochs	2.0
1087.97848	0.012879999999995562	epochs	3.0
1087.99136	0.012799999999970169	epochs	3.0
1088.00416	0.025520000000142318	epochs	2.0
1088.00416	0.012799999999970169	epochs	3.0
1088.01696	0.01272000000017215	epochs	3.0
1088.02968	0.025359999999864158	epochs	2.0
1088.02968	0.012719999999944775	epochs	3.0
1088.0424	0.012639999999919382	epochs	3.0
1088.05504	0.025200000000040745	epochs	2.0
1088.05504	0.012640000000146756	epochs	3.0
1088.06768	0.01255999999989399	epochs	3.0
1088.08024	0.024560000000064974	epochs	2.0
1088.1045018	0.5	epochs	-1.0
1088.1048	0.5557599999999638	epochs	1.0
1088.66056	0.44416000000001077	epochs	0.0
1099.763000011444	0.1048000000000684	epochs	0.0
1099.763000011444	0.04736000000002605	epochs	1.0
1099.8103600114441	0.010080000000016298	epochs	1.0
1099.8204400114441	0.04736000000002605	epochs	1.0
1099.8678000114442	2.0	epochs	0.0
1101.8678000114442	0.5548799999999119	epochs	0.0
1101.8678000114442	0.5548799999999119	epochs	1.0
1101.8678218114442	0.5	epochs	-1.0
1102.3678218114442	0.054858199999898716	epochs	-1.0
1102.422680011444	21.445040000000063	epochs	0.0
1105.6960000991821	0.1048000000000684	epochs	0.0
1105.6960000991821	0.04736000000002605	epochs	1.0
1105.7433600991822	0.010080000000016298	epochs	1.0
1105.7534400991822	0.04736000000002605	epochs	1.0
1105.8008000991822	2.0	epochs	0.0
1107.8008000991822	0.5548799999999119	epochs	0.0
1107.8008000991822	0.5548799999999119	epochs	1.0
1107.8008218991822	0.5	epochs	-1.0
1108.3008218991822	0.054858199999898716	epochs	-1.0
1108.355680099182	21.445040000000063	epochs	0.0
1111.6620001792908	0.1048000000000684	epochs	0.0
1111.6620001792908	0.04736000000002605	epochs	1.0
1111.7093601792908	0.010080000000016298	epochs	1.0
1111.7194401792908	0.04736000000002605	epochs	1.0
1111.7668001792908	2.0	epochs	0.0
1113.7668001792908	0.5558399999999892	epochs	0.0
1113.7668001792908	0.5558399999999892	epochs	1.0
1113.7668219792909	0.5	epochs	-1.0
1114.2668219792909	0.05581819999997606	epochs	-1.0
1114.3226401792908	21.444079999999985	epochs	0.0
1117.6779999732971	0.1048000000000684	epochs	0.0
1117.6779999732971	0.04736000000002605	epochs	1.0
1117.7253599732971	0.010080000000016298	epochs	1.0
1117.7354399732972	0.04736000000002605	epochs	1.0
1117.7827999732972	2.0	epochs	0.0
1119.7827999732972	0.5148799999999483	epochs	0.0
1119.7827999732972	0.5148799999999483	epochs	1.0
1119.7828217732972	0.5	epochs	-1.0
1120.2828217732972	0.014858199999935096	epochs	-1.0
1120.2976799732971	21.485040000000026	epochs	0.0
1123.6500000953674	8.000000002539309e-05	epochs	0.0
1123.6500000953674	8.000000002539309e-05	epochs	1.0
1123.6500800953675	24.104640000000018	epochs	0.0
1137.5529999732971	0.1048000000000684	epochs	0.0
1137.5529999732971	0.04736000000002605	epochs	1.0
1137.6003599732971	0.010080000000016298	epochs	1.0
1137.6104399732972	0.04736000000002605	epochs	1.0
1137.6577999732972	2.0	epochs	0.0
1139.6577999732972	0.2299199999999928	epochs	0.0
1139.6577999732972	0.049999999999954525	epochs	1.0
1139.7077999732971	0.009999999999990905	epochs	1.0
1139.7177999732971	0.049999999999954525	epochs	1.0
1139.767799973297	0.009999999999990905	epochs	1.0
1139.777799973297	0.049999999999954525	epochs	1.0
1139.827799973297	0.009999999999990905	epochs	1.0
1139.837799973297	0.049920000000156506	epochs	1.0
1792.5920000076294	0.1048000000000684	epochs	0.0
1792.5920000076294	0.04736000000002605	epochs	1.0
1792.6393600076294	0.010080000000016298	epochs	1.0
1792.6494400076294	0.04736000000002605	epochs	1.0
1792.6968000076295	2.0	epochs	0.0
1794.6968000076295	2.9999199999999746	epochs	0.0
1794.6968000076295	1.0	epochs	1.0
1795.6968000076295	1.0	epochs	1.0
1796.6968000076295	0.9999199999999746	epochs	1.0
1800.228000164032	0.1048000000000684	epochs	0.0
1800.228000164032	0.04736000000002605	epochs	1.0
1800.275360164032	0.010080000000016298	epochs	1.0
1800.285440164032	0.04736000000002605	epochs	1.0
1800.332800164032	2.0	epochs	0.0
1802.332800164032	2.9999199999999746	epochs	0.0
1802.332800164032	1.0	epochs	1.0
1803.332800164032	1.0	epochs	1.0
1804.332800164032	0.9999199999999746	epochs	1.0
1807.8460001945496	0.1048000000000684	epochs	0.0
1807.8460001945496	0.04736000000002605	epochs	1.0
1807.8933601945496	0.010080000000016298	epochs	1.0
1807.9034401945496	0.04736000000002605	epochs	1.0
1807.9508001945496	2.0	epochs	0.0
1809.9508001945496	2.9999199999999746	epochs	0.0
1809.9508001945496	1.0	epochs	1.0
1810.9508001945496	1.0	epochs	1.0
1811.9508001945496	0.9999199999999746	epochs	1.0
1815.4580001831055	0.1048000000000684	epochs	0.0
1815.4580001831055	0.04736000000002605	epochs	1.0
1815.5053601831055	0.010080000000016298	epochs	1.0
1815.5154401831055	0.04736000000002605	epochs	1.0
1815.5628001831055	2.0	epochs	0.0
1817.5628001831055	2.9999199999999746	epochs	0.0
1817.5628001831055	1.0	epochs	1.0
1818.5628001831055	1.0	epochs	1.0
1819.5628001831055	0.9999199999999746	epochs	1.0
1823.0750002861023	0.1048000000000684	epochs	0.0
1823.0750002861023	0.04736000000002605	epochs	1.0
1823.1223602861023	0.010080000000016298	epochs	1.0
1823.1324402861023	0.04736000000002605	epochs	1.0
1823.1798002861024	2.0	epochs	0.0
1825.1798002861024	2.9999199999999746	epochs	0.0
1825.1798002861024	1.0	epochs	1.0
1826.1798002861024	1.0	epochs	1.0
1827.1798002861024	0.9999199999999746	epochs	1.0
1830.6930003166199	0.1048000000000684	epochs	0.0
1830.6930003166199	0.04736000000002605	epochs	1.0
1830.74036031662	0.010080000000016298	epochs	1.0
1830.75044031662	0.04736000000002605	epochs	1.0
1830.79780031662	2.0	epochs	0.0
1832.79780031662	2.9999199999999746	epochs	0.0
1832.79780031662	1.0	epochs	1.0
1833.79780031662	1.0	epochs	1.0
1834.79780031662	0.9999199999999746	epochs	1.0
1838.366000175476	0.1048000000000684	epochs	0.0
1838.366000175476	0.04736000000002605	epochs	1.0
1838.413360175476	0.010080000000016298	epochs	1.0
1838.4234401754761	0.04736000000002605	epochs	1.0
1838.4708001754761	2.0	epochs	0.0
1840.4708001754761	2.9999199999999746	epochs	0.0
1840.4708001754761	1.0	epochs	1.0
1841.4708001754761	1.0	epochs	1.0
1842.4708001754761	0.9999199999999746	epochs	1.0
1846.045000076294	0.1048000000000684	epochs	0.0
1846.045000076294	0.04736000000002605	epochs	1.0
1846.092360076294	0.010080000000016298	epochs	1.0
1846.102440076294	0.04736000000002605	epochs	1.0
1846.149800076294	2.0	epochs	0.0
1848.149800076294	2.9999199999999746	epochs	0.0
1848.149800076294	1.0	epochs	1.0
1849.149800076294	1.0	epochs	1.0
1850.149800076294	0.9999199999999746	epochs	1.0
1853.6950001716614	0.1048000000000684	epochs	0.0
1853.6950001716614	0.04736000000002605	epochs	1.0
1853.7423601716614	0.010080000000016298	epochs	1.0
1853.7524401716614	0.04736000000002605	epochs	1.0
1853.7998001716614	2.0	epochs	0.0
1855.7998001716614	2.9999199999999746	epochs	0.0
1855.7998001716614	1.0	epochs	1.0
1856.7998001716614	1.0	epochs	1.0
1857.7998001716614	0.9999199999999746	epochs	1.0
1861.4590001106262	0.1048000000000684	epochs	0.0
1861.4590001106262	0.04736000000002605	epochs	1.0
1861.5063601106262	0.010080000000016298	epochs	1.0
1861.5164401106263	0.04736000000002605	epochs	1.0
1861.5638001106263	2.0	epochs	0.0
1863.5638001106263	2.9999199999999746	epochs	0.0
1863.5638001106263	1.0	epochs	1.0
1864.5638001106263	1.0	epochs	1.0
1865.5638001106263	0.9999199999999746	epochs	1.0
1869.1970000267029	0.1048000000000684	epochs	0.0
1869.1970000267029	0.04736000000002605	epochs	1.0
1869.244360026703	0.010080000000016298	epochs	1.0
1869.254440026703	0.04736000000002605	epochs	1.0
1869.301800026703	2.0	epochs	0.0
1871.301800026703	2.9999199999999746	epochs	0.0
1871.301800026703	1.0	epochs	1.0
1872.301800026703	1.0	epochs	1.0
1873.301800026703	0.9999199999999746	epochs	1.0
1876.9539999961853	0.1048000000000684	epochs	0.0
1876.9539999961853	0.04736000000002605	epochs	1.0
1877.0013599961853	0.010080000000016298	epochs	1.0
1877.0114399961853	0.04736000000002605	epochs	1.0
1877.0587999961854	2.0	epochs	0.0
1879.0587999961854	2.9999199999999746	epochs	0.0
1879.0587999961854	1.0	epochs	1.0
1880.0587999961854	1.0	epochs	1.0
1881.0587999961854	0.9999199999999746	epochs	1.0
1884.6870002746582	0.1048000000000684	epochs	0.0
1884.6870002746582	0.04736000000002605	epochs	1.0
1884.7343602746582	0.010080000000016298	epochs	1.0
1884.7444402746582	0.04736000000002605	epochs	1.0
1884.7918002746583	2.0	epochs	0.0
1886.7918002746583	2.9999199999999746	epochs	0.0
1886.7918002746583	1.0	epochs	1.0
1887.7918002746583	1.0	epochs	1.0
1888.7918002746583	0.9999199999999746	epochs	1.0
1892.4739999771118	0.1048000000000684	epochs	0.0
1892.4739999771118	0.04736000000002605	epochs	1.0
1892.5213599771118	0.010080000000016298	epochs	1.0
1892.5314399771119	0.04736000000002605	epochs	1.0
1892.5787999771119	2.0	epochs	0.0
1894.5787999771119	2.9999199999999746	epochs	0.0
1894.5787999771119	1.0	epochs	1.0
1895.5787999771119	1.0	epochs	1.0
1896.5787999771119	0.9999199999999746	epochs	1.0
1900.2390003204346	0.1048000000000684	epochs	0.0
1900.2390003204346	0.04736000000002605	epochs	1.0
1900.2863603204346	0.010080000000016298	epochs	1.0
1900.2964403204346	0.04736000000002605	epochs	1.0
1900.3438003204346	2.0	epochs	0.0
1902.3438003204346	2.9999199999999746	epochs	0.0
1902.3438003204346	1.0	epochs	1.0
1903.3438003204346	1.0	epochs	1.0
1904.3438003204346	0.9999199999999746	epochs	1.0
1908.0520000457764	0.1048000000000684	epochs	0.0
1908.0520000457764	0.04736000000002605	epochs	1.0
1908.0993600457764	0.010080000000016298	epochs	1.0
1908.1094400457764	0.04736000000002605	epochs	1.0
1908.1568000457764	2.0	epochs	0.0
1910.1568000457764	2.9999199999999746	epochs	0.0
1910.1568000457764	1.0	epochs	1.0
1911.1568000457764	1.0	epochs	1.0
1912.1568000457764	0.9999199999999746	epochs	1.0
1915.8190002441406	0.1048000000000684	epochs	0.0
1915.8190002441406	0.04736000000002605	epochs	1.0
1915.8663602441407	0.010080000000016298	epochs	1.0
1915.8764402441407	0.04736000000002605	epochs	1.0
1915.9238002441407	2.0	epochs	0.0
1917.9238002441407	2.9999199999999746	epochs	0.0
1917.9238002441407	1.0	epochs	1.0
1918.9238002441407	1.0	epochs	1.0
1919.9238002441407	0.9999199999999746	epochs	1.0
1923.6240000724792	0.1048000000000684	epochs	0.0
1923.6240000724792	0.04736000000002605	epochs	1.0
1923.6713600724793	0.010080000000016298	epochs	1.0
1923.6814400724793	0.04736000000002605	epochs	1.0
1923.7288000724793	2.0	epochs	0.0
1925.7288000724793	2.9999199999999746	epochs	0.0
1925.7288000724793	1.0	epochs	1.0
1926.7288000724793	1.0	epochs	1.0
1927.7288000724793	0.9999199999999746	epochs	1.0
1931.454999923706	0.1048000000000684	epochs	0.0
1931.454999923706	0.04736000000002605	epochs	1.0
1931.502359923706	0.010080000000016298	epochs	1.0
1931.512439923706	0.04736000000002605	epochs	1.0
1931.5597999237061	2.0	epochs	0.0
1933.5597999237061	2.9999199999999746	epochs	0.0
1933.5597999237061	1.0	epochs	1.0
1934.5597999237061	1.0	epochs	1.0
1935.5597999237061	0.9999199999999746	epochs	1.0
1939.2930002212524	0.1048000000000684	epochs	0.0
1939.2930002212524	0.04736000000002605	epochs	1.0
1939.3403602212525	0.010080000000016298	epochs	1.0
1939.3504402212525	0.04736000000002605	epochs	1.0
1939.3978002212525	2.0	epochs	0.0
1941.3978002212525	2.9999199999999746	epochs	0.0
1941.3978002212525	0.8999999999998636	epochs	1.0
1942.2978002212524	0.10000000000013642	epochs	1.0
1942.3978002212525	1.0	epochs	1.0
1943.3978002212525	0.9999199999999746	epochs	1.0
1947.143000125885	0.1048000000000684	epochs	0.0
1947.143000125885	0.04736000000002605	epochs	1.0
1947.190360125885	0.010080000000016298	epochs	1.0
1947.200440125885	0.04736000000002605	epochs	1.0
1947.247800125885	2.0	epochs	0.0
1949.247800125885	2.9999199999999746	epochs	0.0
1949.247800125885	0.8999999999998636	epochs	1.0
1950.147800125885	0.10000000000013642	epochs	1.0
1950.247800125885	1.0	epochs	1.0
1951.247800125885	0.9999199999999746	epochs	1.0
1954.9840002059937	0.1048000000000684	epochs	0.0
1954.9840002059937	0.04736000000002605	epochs	1.0
1955.0313602059937	0.010080000000016298	epochs	1.0
1955.0414402059937	0.04736000000002605	epochs	1.0
1955.0888002059937	2.0	epochs	0.0
1957.0888002059937	2.9999199999999746	epochs	0.0
1957.0888002059937	0.8999999999998636	epochs	1.0
1957.9888002059936	0.10000000000013642	epochs	1.0
1958.0888002059937	1.0	epochs	1.0
1959.0888002059937	0.9999199999999746	epochs	1.0
1962.8340001106262	0.1048000000000684	epochs	0.0
1962.8340001106262	0.04736000000002605	epochs	1.0
1962.8813601106262	0.010080000000016298	epochs	1.0
1962.8914401106263	0.04736000000002605	epochs	1.0
1962.9388001106263	2.0	epochs	0.0
1964.9388001106263	2.9999199999999746	epochs	0.0
1964.9388001106263	0.8999999999998636	epochs	1.0
1965.8388001106262	0.10000000000013642	epochs	1.0
1965.9388001106263	1.0	epochs	1.0
1966.9388001106263	0.9999199999999746	epochs	1.0
1970.7200002670288	0.1048000000000684	epochs	0.0
1970.7200002670288	0.04736000000002605	epochs	1.0
1970.7673602670288	0.010080000000016298	epochs	1.0
1970.7774402670289	0.04736000000002605	epochs	1.0
1970.8248002670289	2.0	epochs	0.0
1972.8248002670289	2.9999199999999746	epochs	0.0
1972.8248002670289	0.8999999999998636	epochs	1.0
1973.7248002670287	0.10000000000013642	epochs	1.0
1973.8248002670289	1.0	epochs	1.0
1974.8248002670289	0.9999199999999746	epochs	1.0
1978.603000164032	0.1048000000000684	epochs	0.0
1978.603000164032	0.04736000000002605	epochs	1.0
1978.650360164032	0.010080000000016298	epochs	1.0
1978.660440164032	0.04736000000002605	epochs	1.0
1978.707800164032	2.0	epochs	0.0
1980.707800164032	2.9999199999999746	epochs	0.0
1980.707800164032	0.8999999999998636	epochs	1.0
1981.607800164032	0.10000000000013642	epochs	1.0
1981.707800164032	1.0	epochs	1.0
1982.707800164032	0.9999199999999746	epochs	1.0
1986.4879999160767	0.1048000000000684	epochs	0.0
1986.4879999160767	0.04736000000002605	epochs	1.0
1986.5353599160767	0.010080000000016298	epochs	1.0
1986.5454399160767	0.04736000000002605	epochs	1.0
1986.5927999160767	2.0	epochs	0.0
1988.5927999160767	2.9999199999999746	epochs	0.0
1988.5927999160767	0.8999999999998636	epochs	1.0
1989.4927999160766	0.10000000000013642	epochs	1.0
1989.5927999160767	1.0	epochs	1.0
1990.5927999160767	0.9999199999999746	epochs	1.0
1994.4079999923706	0.1048000000000684	epochs	0.0
1994.4079999923706	0.04736000000002605	epochs	1.0
1994.4553599923706	0.010080000000016298	epochs	1.0
1994.4654399923706	0.04736000000002605	epochs	1.0
1994.5127999923707	2.0	epochs	0.0
1996.5127999923707	2.9999199999999746	epochs	0.0
1996.5127999923707	0.8999999999998636	epochs	1.0
1997.4127999923705	0.10000000000013642	epochs	1.0
1997.5127999923707	1.0	epochs	1.0
1998.5127999923707	0.9999199999999746	epochs	1.0
2002.326000213623	0.1048000000000684	epochs	0.0
2002.326000213623	0.04736000000002605	epochs	1.0
2002.373360213623	0.010080000000016298	epochs	1.0
2002.383440213623	0.04736000000002605	epochs	1.0
2002.4308002136231	2.0	epochs	0.0
2004.4308002136231	2.9999199999999746	epochs	0.0
2004.4308002136231	0.8999999999998636	epochs	1.0
2005.330800213623	0.10000000000013642	epochs	1.0
2005.4308002136231	1.0	epochs	1.0
2006.4308002136231	0.9999199999999746	epochs	1.0
2010.2430000305176	0.1048000000000684	epochs	0.0
2010.2430000305176	0.04736000000002605	epochs	1.0
2010.2903600305176	0.010080000000016298	epochs	1.0
2010.3004400305176	0.04736000000002605	epochs	1.0
2010.3478000305176	2.0	epochs	0.0
2012.3478000305176	2.9999199999999746	epochs	0.0
2012.3478000305176	1.0	epochs	1.0
2013.3478000305176	1.0	epochs	1.0
2014.3478000305176	0.9999199999999746	epochs	1.0
2018.2420001029968	0.1048000000000684	epochs	0.0
2018.2420001029968	0.04736000000002605	epochs	1.0
2018.2893601029969	0.010080000000016298	epochs	1.0
2018.2994401029969	0.04736000000002605	epochs	1.0
2018.346800102997	2.0	epochs	0.0
2020.346800102997	2.9999199999999746	epochs	0.0
2020.346800102997	1.0	epochs	1.0
2021.346800102997	1.0	epochs	1.0
2022.346800102997	0.9999199999999746	epochs	1.0
2026.1640000343323	0.1048000000000684	epochs	0.0
2026.1640000343323	0.04736000000002605	epochs	1.0
2026.2113600343323	0.010080000000016298	epochs	1.0
2026.2214400343323	0.04736000000002605	epochs	1.0
2026.2688000343323	2.0	epochs	0.0
2028.2688000343323	2.9999199999999746	epochs	0.0
2028.2688000343323	1.0	epochs	1.0
2029.2688000343323	1.0	epochs	1.0
2030.2688000343323	0.9999199999999746	epochs	1.0
2034.1440000534058	0.1048000000000684	epochs	0.0
2034.1440000534058	0.04736000000002605	epochs	1.0
2034.1913600534058	0.010080000000016298	epochs	1.0
2034.2014400534058	0.04736000000002605	epochs	1.0
2034.2488000534058	2.0	epochs	0.0
2036.2488000534058	2.9999199999999746	epochs	0.0
2036.2488000534058	1.0	epochs	1.0
2037.2488000534058	1.0	epochs	1.0
2038.2488000534058	0.9999199999999746	epochs	1.0
2042.0770001411438	0.1048000000000684	epochs	0.0
2042.0770001411438	0.04736000000002605	epochs	1.0
2042.1243601411438	0.010080000000016298	epochs	1.0
2042.1344401411438	0.04736000000002605	epochs	1.0
2042.1818001411439	2.0	epochs	0.0
2044.1818001411439	2.9999199999999746	epochs	0.0
2044.1818001411439	1.0	epochs	1.0
2045.1818001411439	1.0	epochs	1.0
2046.1818001411439	0.9999199999999746	epochs	1.0
2050.072000026703	0.1048000000000684	epochs	0.0
2050.072000026703	0.04736000000002605	epochs	1.0
2050.119360026703	0.010080000000016298	epochs	1.0
2050.129440026703	0.04736000000002605	epochs	1.0
2050.176800026703	2.0	epochs	0.0
2052.176800026703	2.9999199999997472	epochs	0.0
2052.176800026703	1.0	epochs	1.0
2053.176800026703	1.0	epochs	1.0
2054.176800026703	0.9999199999997472	epochs	1.0
2058.0880002975464	0.1048000000000684	epochs	0.0
2058.0880002975464	0.04736000000002605	epochs	1.0
2058.1353602975464	0.010080000000016298	epochs	1.0
2058.1454402975464	0.04736000000002605	epochs	1.0
2058.1928002975465	2.0	epochs	0.0
2060.1928002975465	2.9999199999997472	epochs	0.0
2060.1928002975465	1.0	epochs	1.0
2061.1928002975465	1.0	epochs	1.0
2062.1928002975465	0.9999199999997472	epochs	1.0
2066.0650000572205	0.1048000000000684	epochs	0.0
2066.0650000572205	0.04736000000002605	epochs	1.0
2066.1123600572205	0.010080000000016298	epochs	1.0
2066.1224400572205	0.04736000000002605	epochs	1.0
2066.1698000572205	2.0	epochs	0.0
2068.1698000572205	2.9999199999997472	epochs	0.0
2068.1698000572205	1.0	epochs	1.0
2069.1698000572205	1.0	epochs	1.0
2070.1698000572205	0.9999199999997472	epochs	1.0
2074.1150002479553	0.1048000000000684	epochs	0.0
2074.1150002479553	0.04736000000002605	epochs	1.0
2074.1623602479553	0.010080000000016298	epochs	1.0
2074.1724402479554	0.04736000000002605	epochs	1.0
2074.2198002479554	2.0	epochs	0.0
2076.2198002479554	2.9999199999997472	epochs	0.0
2076.2198002479554	1.0	epochs	1.0
2077.2198002479554	1.0	epochs	1.0
2078.2198002479554	0.9999199999997472	epochs	1.0
2082.15700006485	0.1048000000000684	epochs	0.0
2082.15700006485	0.04736000000002605	epochs	1.0
2082.20436006485	0.010080000000016298	epochs	1.0
2082.21444006485	0.04736000000002605	epochs	1.0
2082.26180006485	2.0	epochs	0.0
2084.26180006485	2.9999199999997472	epochs	0.0
2084.26180006485	1.0	epochs	1.0
2085.26180006485	1.0	epochs	1.0
2086.26180006485	0.9999199999997472	epochs	1.0
2090.183000087738	0.1048000000000684	epochs	0.0
2090.183000087738	0.04736000000002605	epochs	1.0
2090.230360087738	0.010080000000016298	epochs	1.0
2090.240440087738	0.04736000000002605	epochs	1.0
2090.287800087738	2.0	epochs	0.0
2092.287800087738	2.9999199999997472	epochs	0.0
2092.287800087738	1.0	epochs	1.0
2093.287800087738	1.0	epochs	1.0
2094.287800087738	0.9999199999997472	epochs	1.0
2098.2390003204346	0.1048000000000684	epochs	0.0
2098.2390003204346	0.04736000000002605	epochs	1.0
2098.2863603204346	0.010080000000016298	epochs	1.0
2098.2964403204346	0.04736000000002605	epochs	1.0
2098.3438003204346	2.0	epochs	0.0
2100.3438003204346	2.9999199999997472	epochs	0.0
2100.3438003204346	1.0	epochs	1.0
2101.3438003204346	1.0	epochs	1.0
2102.3438003204346	0.9999199999997472	epochs	1.0
2106.2709999084473	0.1048000000000684	epochs	0.0
2106.2709999084473	0.04736000000002605	epochs	1.0
2106.3183599084473	0.010080000000016298	epochs	1.0
2106.3284399084473	0.04736000000002605	epochs	1.0
2106.3757999084473	2.0	epochs	0.0
2108.3757999084473	2.9999199999997472	epochs	0.0
2108.3757999084473	1.0	epochs	1.0
2109.3757999084473	1.0	epochs	1.0
2110.3757999084473	0.9999199999997472	epochs	1.0
2114.388000011444	0.1048000000000684	epochs	0.0
2114.388000011444	0.04736000000002605	epochs	1.0
2114.435360011444	0.010080000000016298	epochs	1.0
2114.445440011444	0.04736000000002605	epochs	1.0
2114.492800011444	2.0	epochs	0.0
2116.492800011444	2.9999199999997472	epochs	0.0
2116.492800011444	1.0	epochs	1.0
2117.492800011444	1.0	epochs	1.0
2118.492800011444	0.9999199999997472	epochs	1.0
2122.5380001068115	0.1048000000000684	epochs	0.0
2122.5380001068115	0.04736000000002605	epochs	1.0
2122.5853601068115	0.010080000000016298	epochs	1.0
2122.5954401068116	0.04736000000002605	epochs	1.0
2122.6428001068116	2.0	epochs	0.0
2124.6428001068116	2.9999199999997472	epochs	0.0
2124.6428001068116	1.0	epochs	1.0
2125.6428001068116	1.0	epochs	1.0
2126.6428001068116	0.9999199999997472	epochs	1.0
2130.6490001678467	0.1048000000000684	epochs	0.0
2130.6490001678467	0.04736000000002605	epochs	1.0
2130.6963601678467	0.010080000000016298	epochs	1.0
2130.7064401678467	0.04736000000002605	epochs	1.0
2130.7538001678467	2.0	epochs	0.0
2132.7538001678467	2.9999199999997472	epochs	0.0
2132.7538001678467	1.0	epochs	1.0
2133.7538001678467	1.0	epochs	1.0
2134.7538001678467	0.9999199999997472	epochs	1.0
2138.7980003356934	0.1048000000000684	epochs	0.0
2138.7980003356934	0.04736000000002605	epochs	1.0
2138.8453603356934	0.010080000000016298	epochs	1.0
2138.8554403356934	0.04736000000002605	epochs	1.0
2138.9028003356934	2.0	epochs	0.0
2140.9028003356934	2.9999199999997472	epochs	0.0
2140.9028003356934	1.0	epochs	1.0
2141.9028003356934	1.0	epochs	1.0
2142.9028003356934	0.9999199999997472	epochs	1.0
2146.9000000953674	0.1048000000000684	epochs	0.0
2146.9000000953674	0.04736000000002605	epochs	1.0
2146.9473600953675	0.010080000000016298	epochs	1.0
2146.9574400953675	0.04736000000002605	epochs	1.0
2147.0048000953675	2.0	epochs	0.0
2149.0048000953675	2.9999199999997472	epochs	0.0
2149.0048000953675	1.0	epochs	1.0
2150.0048000953675	1.0	epochs	1.0
2151.0048000953675	0.9999199999997472	epochs	1.0
2155.0910000801086	0.1048000000000684	epochs	0.0
2155.0910000801086	0.04736000000002605	epochs	1.0
2155.1383600801087	0.010080000000016298	epochs	1.0
2155.1484400801087	0.04736000000002605	epochs	1.0
2155.1958000801087	2.0	epochs	0.0
2157.1958000801087	2.9999199999997472	epochs	0.0
2157.1958000801087	1.0	epochs	1.0
2158.1958000801087	1.0	epochs	1.0
2159.1958000801087	0.9999199999997472	epochs	1.0
2163.291000366211	0.1048000000000684	epochs	0.0
2163.291000366211	0.04736000000002605	epochs	1.0
2163.338360366211	0.010080000000016298	epochs	1.0
2163.348440366211	0.04736000000002605	epochs	1.0
2163.395800366211	2.0	epochs	0.0
2165.395800366211	2.9999199999997472	epochs	0.0
2165.395800366211	1.0	epochs	1.0
2166.395800366211	1.0	epochs	1.0
2167.395800366211	0.9999199999997472	epochs	1.0
2171.454999923706	0.1048000000000684	epochs	0.0
2171.454999923706	0.04736000000002605	epochs	1.0
2171.502359923706	0.010080000000016298	epochs	1.0
2171.512439923706	0.04736000000002605	epochs	1.0
2171.559799923706	2.0	epochs	0.0
2173.559799923706	3.649919999999838	epochs	0.0
2173.559799923706	2.0	epochs	1.0
2175.559799923706	0.29999999999972715	epochs	1.0
2175.859799923706	0.005040000000008149	epochs	1.0
2175.864839923706	0.3000000000001819	epochs	1.0
2176.164839923706	1.0	epochs	1.0
2177.164839923706	0.04487999999992098	epochs	1.0
2180.316999912262	0.1048000000000684	epochs	0.0
2180.316999912262	0.04736000000002605	epochs	1.0
2180.364359912262	0.010080000000016298	epochs	1.0
2180.374439912262	0.04736000000002605	epochs	1.0
2180.421799912262	2.0	epochs	0.0
2182.421799912262	3.649919999999838	epochs	0.0
2182.421799912262	2.0	epochs	1.0
2184.421799912262	0.29999999999972715	epochs	1.0
2184.7217999122618	0.010000000000218279	epochs	1.0
2184.731799912262	0.3000000000001819	epochs	1.0
2185.031799912262	1.0	epochs	1.0
2186.031799912262	0.03991999999971085	epochs	1.0
2189.2070002555847	0.1048000000000684	epochs	0.0
2189.2070002555847	0.04736000000002605	epochs	1.0
2189.2543602555847	0.010080000000016298	epochs	1.0
2189.2644402555848	0.04736000000002605	epochs	1.0
2189.311800255585	2.0	epochs	0.0
2191.311800255585	3.649919999999838	epochs	0.0
2191.311800255585	2.0	epochs	1.0
2193.311800255585	0.29999999999972715	epochs	1.0
2193.6118002555845	0.015040000000226428	epochs	1.0
2193.6268402555847	0.3000000000001819	epochs	1.0
2193.926840255585	1.0	epochs	1.0
2194.926840255585	0.034879999999702704	epochs	1.0
2198.098000049591	0.1048000000000684	epochs	0.0
2198.098000049591	0.04736000000002605	epochs	1.0
2198.145360049591	0.010080000000016298	epochs	1.0
2198.155440049591	0.04736000000002605	epochs	1.0
2198.202800049591	2.0	epochs	0.0
2200.202800049591	3.649919999999838	epochs	0.0
2200.202800049591	2.0	epochs	1.0
2202.202800049591	0.29999999999972715	epochs	1.0
2202.502800049591	0.01999999999998181	epochs	1.0
2202.522800049591	0.3000000000001819	epochs	1.0
2202.822800049591	1.0	epochs	1.0
2203.822800049591	0.029919999999947322	epochs	1.0
2207.0030002593994	0.1048000000000684	epochs	0.0
2207.0030002593994	0.04736000000002605	epochs	1.0
2207.0503602593994	0.010080000000016298	epochs	1.0
2207.0604402593995	0.04736000000002605	epochs	1.0
2207.1078002593995	2.0	epochs	0.0
2209.1078002593995	3.649919999999838	epochs	0.0
2209.1078002593995	2.0	epochs	1.0
2211.1078002593995	0.29999999999972715	epochs	1.0
2211.407800259399	0.02503999999998996	epochs	1.0
2211.432840259399	0.3000000000001819	epochs	1.0
2211.7328402593994	1.0	epochs	1.0
2212.7328402593994	0.024879999999939173	epochs	1.0
2215.937000274658	0.1048000000000684	epochs	0.0
2215.937000274658	0.04736000000002605	epochs	1.0
2215.9843602746582	0.010080000000016298	epochs	1.0
2215.9944402746582	0.04736000000002605	epochs	1.0
2216.0418002746583	2.0	epochs	0.0
2218.0418002746583	3.649919999999838	epochs	0.0
2218.0418002746583	2.0	epochs	1.0
2220.0418002746583	0.29999999999972715	epochs	1.0
2220.341800274658	0.03000000000020009	epochs	1.0
2220.371800274658	0.3000000000001819	epochs	1.0
2220.6718002746584	1.0	epochs	1.0
2221.6718002746584	0.019919999999729043	epochs	1.0
2224.925000190735	0.1048000000000684	epochs	0.0
2224.925000190735	0.04736000000002605	epochs	1.0
2224.972360190735	0.010080000000016298	epochs	1.0
2224.982440190735	0.04736000000002605	epochs	1.0
2225.029800190735	2.0	epochs	0.0
2227.029800190735	3.649919999999838	epochs	0.0
2227.029800190735	2.0	epochs	1.0
2229.029800190735	0.29999999999972715	epochs	1.0
2229.3298001907347	0.03504000000020824	epochs	1.0
2229.364840190735	0.3000000000001819	epochs	1.0
2229.664840190735	1.0	epochs	1.0
2230.664840190735	0.014879999999720894	epochs	1.0
2233.8629999160767	0.1048000000000684	epochs	0.0
2233.8629999160767	0.04736000000002605	epochs	1.0
2233.9103599160767	0.010080000000016298	epochs	1.0
2233.9204399160767	0.04736000000002605	epochs	1.0
2233.9677999160767	2.0	epochs	0.0
2235.9677999160767	3.649919999999838	epochs	0.0
2235.9677999160767	2.0	epochs	1.0
2237.9677999160767	0.29999999999972715	epochs	1.0
2238.2677999160765	0.04000000000041837	epochs	1.0
2238.307799916077	0.29999999999972715	epochs	1.0
2238.6077999160766	1.0	epochs	1.0
2239.6077999160766	0.009919999999965512	epochs	1.0
2242.8510003089905	0.1048000000000684	epochs	0.0
2242.8510003089905	0.04736000000002605	epochs	1.0
2242.8983603089905	0.010080000000016298	epochs	1.0
2242.9084403089905	0.04736000000002605	epochs	1.0
2242.9558003089905	2.0	epochs	0.0
2244.9558003089905	3.649919999999838	epochs	0.0
2244.9558003089905	2.0	epochs	1.0
2246.9558003089905	0.29999999999972715	epochs	1.0
2247.2558003089903	0.04504000000042652	epochs	1.0
2247.3008403089907	0.29999999999972715	epochs	1.0
2247.6008403089904	1.0	epochs	1.0
2248.6008403089904	0.004879999999957363	epochs	1.0
2251.901000022888	0.1048000000000684	epochs	0.0
2251.901000022888	0.04736000000002605	epochs	1.0
2251.948360022888	0.010080000000016298	epochs	1.0
2251.958440022888	0.04736000000002605	epochs	1.0
2252.0058000228883	2.0	epochs	0.0
2254.0058000228883	3.649919999999838	epochs	0.0
2254.0058000228883	2.0	epochs	1.0
2256.0058000228883	0.29999999999972715	epochs	1.0
2256.305800022888	0.0500000000001819	epochs	1.0
2256.355800022888	0.3000000000001819	epochs	1.0
2256.6558000228883	0.9999199999997472	epochs	1.0
2260.9100003242493	0.1048000000000684	epochs	0.0
2260.9100003242493	0.04736000000002605	epochs	1.0
2260.9573603242493	0.010080000000016298	epochs	1.0
2260.9674403242493	0.04736000000002605	epochs	1.0
2261.0148003242493	2.0	epochs	0.0
2263.0148003242493	4.099920000000111	epochs	0.0
2263.0148003242493	2.0	epochs	1.0
2265.0148003242493	0.29999999999972715	epochs	1.0
2265.314800324249	0.1000000000003638	epochs	1.0
2265.4148003242494	0.29999999999972715	epochs	1.0
2265.714800324249	1.0	epochs	1.0
2266.714800324249	0.39992000000029293	epochs	1.0
2270.3470001220703	0.1048000000000684	epochs	0.0
2270.3470001220703	0.04736000000002605	epochs	1.0
2270.3943601220703	0.010080000000016298	epochs	1.0
2270.4044401220704	0.04736000000002605	epochs	1.0
2270.4518001220704	2.0	epochs	0.0
2272.4518001220704	4.099920000000111	epochs	0.0
2272.4518001220704	2.0	epochs	1.0
2274.4518001220704	0.29999999999972715	epochs	1.0
2274.75180012207	0.20000000000027285	epochs	1.0
2274.9518001220704	0.29999999999972715	epochs	1.0
2275.25180012207	1.0	epochs	1.0
2276.25180012207	0.2999200000003839	epochs	1.0
2279.813000202179	0.1048000000000684	epochs	0.0
2279.813000202179	0.04736000000002605	epochs	1.0
2279.860360202179	0.010080000000016298	epochs	1.0
2279.870440202179	0.04736000000002605	epochs	1.0
2279.917800202179	2.0	epochs	0.0
2281.917800202179	4.099920000000111	epochs	0.0
2281.917800202179	2.0	epochs	1.0
2283.917800202179	0.29999999999972715	epochs	1.0
2284.2178002021788	0.3000000000001819	epochs	1.0
2284.517800202179	0.3000000000001819	epochs	1.0
2284.817800202179	1.0	epochs	1.0
2285.817800202179	0.19992000000002008	epochs	1.0
2289.3070001602173	0.1048000000000684	epochs	0.0
2289.3070001602173	0.04736000000002605	epochs	1.0
2289.3543601602173	0.010080000000016298	epochs	1.0
2289.3644401602173	0.04736000000002605	epochs	1.0
2289.4118001602174	2.0	epochs	0.0
2291.4118001602174	4.099920000000111	epochs	0.0
2291.4118001602174	2.0	epochs	1.0
2293.4118001602174	0.29999999999972715	epochs	1.0
2293.711800160217	0.40000000000009095	epochs	1.0
2294.111800160217	0.3000000000001819	epochs	1.0
2294.4118001602174	1.0	epochs	1.0
2295.4118001602174	0.09992000000011103	epochs	1.0
2298.8020000457764	0.1048000000000684	epochs	0.0
2298.8020000457764	0.04736000000002605	epochs	1.0
2298.8493600457764	0.010080000000016298	epochs	1.0
2298.8594400457764	0.04736000000002605	epochs	1.0
2298.9068000457764	2.0	epochs	0.0
2300.9068000457764	4.099920000000111	epochs	0.0
2300.9068000457764	2.0	epochs	1.0
2302.9068000457764	0.29999999999972715	epochs	1.0
2303.206800045776	0.5	epochs	1.0
2303.706800045776	0.3000000000001819	epochs	1.0
2304.0068000457763	0.999920000000202	epochs	1.0
2308.385000228882	0.1048000000000684	epochs	0.0
2308.385000228882	0.04736000000002605	epochs	1.0
2308.432360228882	0.010080000000016298	epochs	1.0
2308.442440228882	0.04736000000002605	epochs	1.0
2308.489800228882	2.0	epochs	0.0
2310.489800228882	7.599920000000111	epochs	0.0
2310.489800228882	2.0	epochs	1.0
2312.489800228882	0.29999999999972715	epochs	1.0
2312.7898002288816	1.0	epochs	1.0
2313.7898002288816	0.3000000000001819	epochs	1.0
2314.089800228882	1.0	epochs	1.0
2315.089800228882	2.999920000000202	epochs	1.0
2321.3920001983643	0.1048000000000684	epochs	0.0
2321.3920001983643	0.04736000000002605	epochs	1.0
2321.4393601983643	0.010080000000016298	epochs	1.0
2321.4494401983643	0.04736000000002605	epochs	1.0
2321.4968001983643	2.0	epochs	0.0
2323.4968001983643	7.599920000000111	epochs	0.0
2323.4968001983643	2.0	epochs	1.0
2325.4968001983643	0.29999999999972715	epochs	1.0
2325.796800198364	2.0	epochs	1.0
2327.796800198364	0.3000000000001819	epochs	1.0
2328.0968001983642	1.0	epochs	1.0
2329.0968001983642	1.999920000000202	epochs	1.0
2334.454999923706	0.1048000000000684	epochs	0.0
2334.454999923706	0.04736000000002605	epochs	1.0
2334.502359923706	0.010080000000016298	epochs	1.0
2334.512439923706	0.04736000000002605	epochs	1.0
2334.559799923706	2.0	epochs	0.0
2336.559799923706	7.599920000000111	epochs	0.0
2336.559799923706	2.0	epochs	1.0
2338.559799923706	0.29999999999972715	epochs	1.0
2338.859799923706	3.0	epochs	1.0
2341.859799923706	0.3000000000001819	epochs	1.0
2342.159799923706	1.0	epochs	1.0
2343.159799923706	0.999920000000202	epochs	1.0
2347.5390000343323	0.1048000000000684	epochs	0.0
2347.5390000343323	0.04736000000002605	epochs	1.0
2347.5863600343323	0.010080000000016298	epochs	1.0
2347.5964400343323	0.04736000000002605	epochs	1.0
2347.6438000343323	2.0	epochs	0.0
2349.6438000343323	7.599920000000111	epochs	0.0
2349.6438000343323	2.0	epochs	1.0
2351.6438000343323	0.29999999999972715	epochs	1.0
2351.943800034332	4.0	epochs	1.0
2355.943800034332	0.3000000000001819	epochs	1.0
2356.2438000343323	0.999920000000202	epochs	1.0
2368.776000022888	0.1048000000000684	epochs	0.0
2368.776000022888	0.04736000000002605	epochs	1.0
2368.823360022888	0.010080000000016298	epochs	1.0
2368.833440022888	0.04736000000002605	epochs	1.0
2368.8808000228883	2.0	epochs	0.0
2370.8808000228883	0.22991999999976542	epochs	0.0
2370.8808000228883	0.04999999999972715	epochs	1.0
2370.930800022888	0.010000000000218279	epochs	1.0
2370.940800022888	0.0500000000001819	epochs	1.0
2370.9908000228884	0.009999999999763531	epochs	1.0
2371.000800022888	0.0500000000001819	epochs	1.0
2371.0508000228883	0.009999999999763531	epochs	1.0
2371.060800022888	0.04991999999992913	epochs	1.0
