onset	duration	nwb_table	treelevel
23.555999755859375	0.10000000000000142	epochs	0.0
23.555999755859375	0.045000000000001705	epochs	1.0
23.600999755859377	0.010004999999999598	epochs	1.0
23.611004755859376	0.04499500000000012	epochs	1.0
23.655999755859376	0.7049950000000003	epochs	0.0
23.655999755859376	0.5	epochs	-1.0
23.655999755859376	0.5	epochs	-1.0
23.655999755859376	0.5	epochs	1.0
24.155999755859376	0.05999999999999872	epochs	-1.0
24.155999755859376	0.02499999999999858	epochs	-1.0
24.155999755859376	0.02499999999999858	epochs	1.0
24.180999755859375	0.010000000000001563	epochs	-1.0
24.180999755859375	0.010000000000001563	epochs	1.0
24.190999755859377	0.02499999999999858	epochs	-1.0
24.190999755859377	0.02499999999999858	epochs	1.0
24.215999755859375	0.05999999999999872	epochs	-1.0
24.215999755859375	0.02499999999999858	epochs	-1.0
24.215999755859375	0.02499999999999858	epochs	1.0
24.240999755859374	0.010000000000001563	epochs	-1.0
24.240999755859374	0.010000000000001563	epochs	1.0
24.250999755859375	0.02499999999999858	epochs	-1.0
24.250999755859375	0.02499999999999858	epochs	1.0
24.275999755859374	0.060000000000002274	epochs	-1.0
24.275999755859374	0.02500000000000213	epochs	-1.0
24.275999755859374	0.02500000000000213	epochs	1.0
24.300999755859376	0.00999999999999801	epochs	-1.0
24.300999755859376	0.00999999999999801	epochs	1.0
24.310999755859374	0.02500000000000213	epochs	-1.0
24.310999755859374	0.02500000000000213	epochs	1.0
24.335999755859376	0.024995000000000545	epochs	1.0
541.7890000343323	0.10000000000002274	epochs	0.0
541.7890000343323	0.04499999999995907	epochs	1.0
541.8340000343322	0.010005000000091968	epochs	1.0
541.8440050343323	0.044994999999971697	epochs	1.0
541.8890000343323	0.7049949999999399	epochs	0.0
541.8890000343323	0.5	epochs	-1.0
541.8890000343323	0.5	epochs	1.0
542.3890000343323	0.05999999999994543	epochs	-1.0
542.3890000343323	0.024999999999977263	epochs	-1.0
542.3890000343323	0.024999999999977263	epochs	1.0
542.4140000343323	0.009999999999990905	epochs	-1.0
542.4140000343323	0.009999999999990905	epochs	1.0
542.4240000343323	0.024999999999977263	epochs	-1.0
542.4240000343323	0.024999999999977263	epochs	1.0
542.4490000343322	0.06000000000005912	epochs	-1.0
542.4490000343322	0.024999999999977263	epochs	-1.0
542.4490000343322	0.024999999999977263	epochs	1.0
542.4740000343322	0.010000000000104592	epochs	-1.0
542.4740000343322	0.010000000000104592	epochs	1.0
542.4840000343323	0.024999999999977263	epochs	-1.0
542.4840000343323	0.024999999999977263	epochs	1.0
542.5090000343323	0.05999999999994543	epochs	-1.0
542.5090000343323	0.024999999999977263	epochs	-1.0
542.5090000343323	0.024999999999977263	epochs	1.0
542.5340000343323	0.009999999999990905	epochs	-1.0
542.5340000343323	0.009999999999990905	epochs	1.0
542.5440000343323	0.024999999999977263	epochs	-1.0
542.5440000343323	0.024999999999977263	epochs	1.0
542.5690000343322	0.024994999999989886	epochs	1.0
617.3420000076294	0.10000000000002274	epochs	0.0
617.3420000076294	0.04499999999995907	epochs	1.0
617.3870000076294	0.010005000000091968	epochs	1.0
617.3970050076294	0.044994999999971697	epochs	1.0
617.4420000076294	61.384995	epochs	0.0
617.4420000076294	0.5	epochs	-1.0
617.4420000076294	0.5	epochs	-1.0
617.4420000076294	0.5	epochs	1.0
617.9420000076294	0.05999999999994543	epochs	-1.0
617.9420000076294	0.024999999999977263	epochs	-1.0
617.9420000076294	0.024999999999977263	epochs	1.0
617.9670000076294	0.009999999999990905	epochs	-1.0
617.9670000076294	0.009999999999990905	epochs	1.0
617.9770000076294	0.024999999999977263	epochs	-1.0
617.9770000076294	0.024999999999977263	epochs	1.0
618.0020000076294	0.06000000000005912	epochs	-1.0
618.0020000076294	0.024999999999977263	epochs	-1.0
618.0020000076294	0.024999999999977263	epochs	1.0
618.0270000076293	0.010000000000104592	epochs	-1.0
618.0270000076293	0.010000000000104592	epochs	1.0
618.0370000076294	0.024999999999977263	epochs	-1.0
618.0370000076294	0.024999999999977263	epochs	1.0
618.0620000076294	0.05999999999994543	epochs	-1.0
618.0620000076294	0.024999999999977263	epochs	-1.0
618.0620000076294	0.024999999999977263	epochs	1.0
618.0870000076294	0.009999999999990905	epochs	-1.0
618.0870000076294	0.009999999999990905	epochs	1.0
618.0970000076294	0.024999999999977263	epochs	-1.0
618.0970000076294	0.024999999999977263	epochs	1.0
618.1220000076294	60.0	epochs	1.0
678.1220000076294	0.5	epochs	-1.0
678.1220000076294	0.5	epochs	-1.0
678.1220000076294	0.5	epochs	1.0
678.6220000076294	0.06000000000005912	epochs	-1.0
678.6220000076294	0.024999999999977263	epochs	-1.0
678.6220000076294	0.024999999999977263	epochs	1.0
678.6470000076293	0.010000000000104592	epochs	-1.0
678.6470000076293	0.010000000000104592	epochs	1.0
678.6570000076294	0.024999999999977263	epochs	-1.0
678.6570000076294	0.024999999999977263	epochs	1.0
678.6820000076294	0.05999999999994543	epochs	-1.0
678.6820000076294	0.024999999999977263	epochs	-1.0
678.6820000076294	0.024999999999977263	epochs	1.0
678.7070000076294	0.009999999999990905	epochs	-1.0
678.7070000076294	0.009999999999990905	epochs	1.0
678.7170000076294	0.024999999999977263	epochs	-1.0
678.7170000076294	0.024999999999977263	epochs	1.0
678.7420000076294	0.06000000000005912	epochs	-1.0
678.7420000076294	0.024999999999977263	epochs	-1.0
678.7420000076294	0.024999999999977263	epochs	1.0
678.7670000076293	0.009999999999990905	epochs	-1.0
678.7670000076293	0.009999999999990905	epochs	1.0
678.7770000076293	0.02500000000009095	epochs	-1.0
678.7770000076293	0.02500000000009095	epochs	1.0
678.8020000076294	0.024994999999989886	epochs	1.0
712.1849999427795	0.10000000000002274	epochs	0.0
712.1849999427795	0.04499999999995907	epochs	1.0
712.2299999427795	0.010005000000091968	epochs	1.0
712.2400049427796	0.044994999999971697	epochs	1.0
712.2849999427796	61.384995	epochs	0.0
712.2849999427796	0.5	epochs	-1.0
712.2849999427796	0.5	epochs	-1.0
712.2849999427796	0.5	epochs	1.0
712.7849999427796	0.05999999999994543	epochs	-1.0
712.7849999427796	0.024999999999977263	epochs	-1.0
712.7849999427796	0.024999999999977263	epochs	1.0
712.8099999427795	0.009999999999990905	epochs	-1.0
712.8099999427795	0.009999999999990905	epochs	1.0
712.8199999427795	0.024999999999977263	epochs	-1.0
712.8199999427795	0.024999999999977263	epochs	1.0
712.8449999427795	0.06000000000005912	epochs	-1.0
712.8449999427795	0.024999999999977263	epochs	-1.0
712.8449999427795	0.024999999999977263	epochs	1.0
712.8699999427795	0.010000000000104592	epochs	-1.0
712.8699999427795	0.010000000000104592	epochs	1.0
712.8799999427796	0.024999999999977263	epochs	-1.0
712.8799999427796	0.024999999999977263	epochs	1.0
712.9049999427796	0.05999999999994543	epochs	-1.0
712.9049999427796	0.024999999999977263	epochs	-1.0
712.9049999427796	0.024999999999977263	epochs	1.0
712.9299999427795	0.009999999999990905	epochs	-1.0
712.9299999427795	0.009999999999990905	epochs	1.0
712.9399999427795	0.024999999999977263	epochs	-1.0
712.9399999427795	0.024999999999977263	epochs	1.0
712.9649999427795	60.0	epochs	1.0
772.9649999427795	0.5	epochs	-1.0
772.9649999427795	0.5	epochs	-1.0
772.9649999427795	0.5	epochs	1.0
773.4649999427795	0.06000000000005912	epochs	-1.0
773.4649999427795	0.024999999999977263	epochs	-1.0
773.4649999427795	0.024999999999977263	epochs	1.0
773.4899999427795	0.010000000000104592	epochs	-1.0
773.4899999427795	0.010000000000104592	epochs	1.0
773.4999999427796	0.024999999999977263	epochs	-1.0
773.4999999427796	0.024999999999977263	epochs	1.0
773.5249999427796	0.05999999999994543	epochs	-1.0
773.5249999427796	0.024999999999977263	epochs	-1.0
773.5249999427796	0.024999999999977263	epochs	1.0
773.5499999427796	0.009999999999990905	epochs	-1.0
773.5499999427796	0.009999999999990905	epochs	1.0
773.5599999427795	0.024999999999977263	epochs	-1.0
773.5599999427795	0.024999999999977263	epochs	1.0
773.5849999427795	0.06000000000005912	epochs	-1.0
773.5849999427795	0.024999999999977263	epochs	-1.0
773.5849999427795	0.024999999999977263	epochs	1.0
773.6099999427795	0.009999999999990905	epochs	-1.0
773.6099999427795	0.009999999999990905	epochs	1.0
773.6199999427795	0.02500000000009095	epochs	-1.0
773.6199999427795	0.02500000000009095	epochs	1.0
773.6449999427796	0.024994999999989886	epochs	1.0
817.4499998092651	0.10000000000002274	epochs	0.0
817.4499998092651	0.04499999999995907	epochs	1.0
817.4949998092651	0.010005000000091968	epochs	1.0
817.5050048092652	0.044994999999971697	epochs	1.0
817.5499998092652	0.7049949999999399	epochs	0.0
817.5499998092652	0.5	epochs	-1.0
817.5499998092652	0.5	epochs	-1.0
817.5499998092652	0.5	epochs	1.0
818.0499998092652	0.05999999999994543	epochs	-1.0
818.0499998092652	0.024999999999977263	epochs	-1.0
818.0499998092652	0.024999999999977263	epochs	1.0
818.0749998092651	0.009999999999990905	epochs	-1.0
818.0749998092651	0.009999999999990905	epochs	1.0
818.0849998092651	0.024999999999977263	epochs	-1.0
818.0849998092651	0.024999999999977263	epochs	1.0
818.1099998092651	0.06000000000005912	epochs	-1.0
818.1099998092651	0.024999999999977263	epochs	-1.0
818.1099998092651	0.024999999999977263	epochs	1.0
818.1349998092651	0.010000000000104592	epochs	-1.0
818.1349998092651	0.010000000000104592	epochs	1.0
818.1449998092652	0.024999999999977263	epochs	-1.0
818.1449998092652	0.024999999999977263	epochs	1.0
818.1699998092652	0.05999999999994543	epochs	-1.0
818.1699998092652	0.024999999999977263	epochs	-1.0
818.1699998092652	0.024999999999977263	epochs	1.0
818.1949998092651	0.009999999999990905	epochs	-1.0
818.1949998092651	0.009999999999990905	epochs	1.0
818.2049998092651	0.024999999999977263	epochs	-1.0
818.2049998092651	0.024999999999977263	epochs	1.0
818.2299998092651	0.024994999999989886	epochs	1.0
902.7480001449585	0.055979999999976826	epochs	0.0
902.7480001449585	0.022979999999961365	epochs	1.0
902.7709801449585	0.010020000000054097	epochs	1.0
902.7810001449585	0.022979999999961365	epochs	1.0
902.8039801449585	5.9999800000000505	epochs	0.0
902.8039801449585	0.5	epochs	1.0
902.8039911449584	0.5	epochs	-1.0
902.8039911449584	0.5	epochs	-1.0
903.3039801449585	5.0	epochs	1.0
908.3039801449585	0.4999800000000505	epochs	1.0
908.3039911449584	0.49996900000007827	epochs	-1.0
925.4089999198914	0.055979999999976826	epochs	0.0
925.4089999198914	0.022979999999961365	epochs	1.0
925.4319799198913	0.010020000000054097	epochs	1.0
925.4419999198914	0.022979999999961365	epochs	1.0
925.4649799198913	2.503500000000031	epochs	0.0
925.4649799198913	0.5	epochs	1.0
925.4649909198913	0.5	epochs	-1.0
925.9649799198913	1.0	epochs	1.0
926.9649799198913	1.003500000000031	epochs	1.0
927.4649909198913	0.5	epochs	-1.0
927.9684799198914	0.9964800000000196	epochs	0.0
928.3259997367859	0.055979999999976826	epochs	0.0
928.3259997367859	0.022979999999961365	epochs	1.0
928.3489797367859	0.010020000000054097	epochs	1.0
928.3589997367859	0.022979999999961365	epochs	1.0
928.3819797367859	2.5031000000000176	epochs	0.0
928.3819797367859	0.5	epochs	1.0
928.3819907367858	0.5	epochs	-1.0
928.8819797367859	1.0	epochs	1.0
929.8819797367859	1.0031000000000176	epochs	1.0
930.3819907367858	0.5	epochs	-1.0
930.8850797367859	0.9968800000000329	epochs	0.0
931.2160000801086	0.055979999999976826	epochs	0.0
931.2160000801086	0.022979999999961365	epochs	1.0
931.2389800801086	0.010020000000054097	epochs	1.0
931.2490000801087	0.022979999999961365	epochs	1.0
931.2719800801086	2.503060000000005	epochs	0.0
931.2719800801086	0.5	epochs	1.0
931.2719910801086	0.5	epochs	-1.0
931.7719800801086	1.0	epochs	1.0
932.7719800801086	1.003060000000005	epochs	1.0
933.2719910801086	0.5	epochs	-1.0
933.7750400801086	0.9969200000000455	epochs	0.0
934.0989999771118	0.055979999999976826	epochs	0.0
934.0989999771118	0.022979999999961365	epochs	1.0
934.1219799771118	0.010020000000054097	epochs	1.0
934.1319999771118	0.022979999999961365	epochs	1.0
934.1549799771118	2.5038600000000315	epochs	0.0
934.1549799771118	0.5	epochs	1.0
934.1549909771118	0.5	epochs	-1.0
934.6549799771118	1.0	epochs	1.0
935.6549799771118	1.0038600000000315	epochs	1.0
936.1549909771118	0.5	epochs	-1.0
936.6588399771118	0.996120000000019	epochs	0.0
936.9990000724792	0.055979999999976826	epochs	0.0
936.9990000724792	0.022979999999961365	epochs	1.0
937.0219800724792	0.010020000000054097	epochs	1.0
937.0320000724793	0.022979999999961365	epochs	1.0
937.0549800724792	2.5040599999999813	epochs	0.0
937.0549800724792	0.5	epochs	1.0
937.0549910724792	0.5	epochs	-1.0
937.5549800724792	1.0	epochs	1.0
938.5549800724792	1.0040599999999813	epochs	1.0
939.0549910724792	0.5	epochs	-1.0
939.5590400724792	0.9959200000000692	epochs	0.0
939.9660000801086	0.15297999999995682	epochs	0.0
939.9660000801086	0.049999999999954525	epochs	1.0
940.0160000801086	0.0030000000000427463	epochs	1.0
940.0190000801086	0.09997999999995955	epochs	1.0
940.5320000648499	0.15297999999995682	epochs	0.0
940.5320000648499	0.049999999999954525	epochs	1.0
940.5820000648498	0.0030000000000427463	epochs	1.0
940.5850000648499	0.09997999999995955	epochs	1.0
941.0659999847412	0.15297999999995682	epochs	0.0
941.0659999847412	0.049999999999954525	epochs	1.0
941.1159999847412	0.0030000000000427463	epochs	1.0
941.1189999847412	0.09997999999995955	epochs	1.0
941.6019997596741	0.15297999999995682	epochs	0.0
941.6019997596741	0.049999999999954525	epochs	1.0
941.651999759674	0.0030000000000427463	epochs	1.0
941.6549997596741	0.09997999999995955	epochs	1.0
942.1360001564026	0.15297999999995682	epochs	0.0
942.1360001564026	0.049999999999954525	epochs	1.0
942.1860001564025	0.0030000000000427463	epochs	1.0
942.1890001564026	0.09997999999995955	epochs	1.0
942.6360001564026	0.15297999999995682	epochs	0.0
942.6360001564026	0.049999999999954525	epochs	1.0
942.6860001564025	0.0030000000000427463	epochs	1.0
942.6890001564026	0.09997999999995955	epochs	1.0
943.1859998703003	0.15297999999995682	epochs	0.0
943.1859998703003	0.049999999999954525	epochs	1.0
943.2359998703002	0.0030000000000427463	epochs	1.0
943.2389998703003	0.09997999999995955	epochs	1.0
943.7189998626709	0.15297999999995682	epochs	0.0
943.7189998626709	0.049999999999954525	epochs	1.0
943.7689998626709	0.0030000000000427463	epochs	1.0
943.7719998626709	0.09997999999995955	epochs	1.0
944.2519998550415	0.15297999999995682	epochs	0.0
944.2519998550415	0.049999999999954525	epochs	1.0
944.3019998550415	0.0030000000000427463	epochs	1.0
944.3049998550415	0.09997999999995955	epochs	1.0
944.7859997749329	0.15297999999995682	epochs	0.0
944.7859997749329	0.049999999999954525	epochs	1.0
944.8359997749328	0.0030000000000427463	epochs	1.0
944.8389997749329	0.09997999999995955	epochs	1.0
945.3359999656677	0.15297999999995682	epochs	0.0
945.3359999656677	0.049999999999954525	epochs	1.0
945.3859999656677	0.0030000000000427463	epochs	1.0
945.3889999656677	0.09997999999995955	epochs	1.0
945.9019999504089	0.055979999999976826	epochs	0.0
945.9019999504089	0.022979999999961365	epochs	1.0
945.9249799504089	0.010020000000054097	epochs	1.0
945.934999950409	0.022979999999961365	epochs	1.0
945.9579799504089	1.5037600000000566	epochs	0.0
945.9579799504089	0.5	epochs	1.0
945.9579909504089	0.5	epochs	-1.0
946.4579799504089	0.0030000000000427463	epochs	1.0
946.460979950409	1.0007600000000139	epochs	1.0
946.9609909504089	0.5	epochs	-1.0
947.461739950409	0.09921999999994568	epochs	0.0
947.9689998626709	0.055979999999976826	epochs	0.0
947.9689998626709	0.022979999999961365	epochs	1.0
947.9919798626709	0.010020000000054097	epochs	1.0
948.0019998626709	0.022979999999961365	epochs	1.0
948.0249798626709	1.5031400000000303	epochs	0.0
948.0249798626709	0.5	epochs	1.0
948.0249908626708	0.5	epochs	-1.0
948.5249798626709	0.0030000000000427463	epochs	1.0
948.5279798626709	1.0001399999999876	epochs	1.0
949.0279908626709	0.5	epochs	-1.0
949.5281198626709	0.09983999999997195	epochs	0.0
950.1519999504089	0.6499800000000278	epochs	0.0
950.1519999504089	0.049999999999954525	epochs	1.0
950.2019999504089	0.5	epochs	1.0
950.7019999504089	0.09998000000007323	epochs	1.0
951.3099999427795	0.6499800000000278	epochs	0.0
951.3099999427795	0.049999999999954525	epochs	1.0
951.3599999427795	0.5	epochs	1.0
951.8599999427795	0.09998000000007323	epochs	1.0
952.3940000534058	0.6499800000000278	epochs	0.0
952.3940000534058	0.049999999999954525	epochs	1.0
952.4440000534057	0.5	epochs	1.0
952.9440000534057	0.09998000000007323	epochs	1.0
953.5440001487732	0.6499800000000278	epochs	0.0
953.5440001487732	0.049999999999954525	epochs	1.0
953.5940001487731	0.5	epochs	1.0
954.0940001487731	0.09998000000007323	epochs	1.0
954.6599998474121	0.6499800000000278	epochs	0.0
954.6599998474121	0.049999999999954525	epochs	1.0
954.7099998474121	0.5	epochs	1.0
955.2099998474121	0.09998000000007323	epochs	1.0
955.7769999504089	0.6499800000000278	epochs	0.0
955.7769999504089	0.049999999999954525	epochs	1.0
955.8269999504089	0.5	epochs	1.0
956.3269999504089	0.09998000000007323	epochs	1.0
956.9099998474121	0.055979999999976826	epochs	0.0
956.9099998474121	0.022979999999961365	epochs	1.0
956.9329798474121	0.010020000000054097	epochs	1.0
956.9429998474121	0.022979999999961365	epochs	1.0
956.9659798474121	3.5244800000000396	epochs	0.0
956.9659798474121	0.5	epochs	1.0
956.9659908474121	0.5	epochs	-1.0
957.4659798474121	1.0	epochs	1.0
958.4659798474121	2.0244800000000396	epochs	1.0
958.9659908474121	0.5	epochs	-1.0
959.4659908474121	0.5	epochs	-1.0
959.9659908474121	0.5	epochs	-1.0
960.4904598474121	1.975500000000011	epochs	0.0
962.0269999504089	0.055979999999976826	epochs	0.0
962.0269999504089	0.022979999999961365	epochs	1.0
962.0499799504089	0.010020000000054097	epochs	1.0
962.059999950409	0.022979999999961365	epochs	1.0
962.0829799504089	2.5036999999999807	epochs	0.0
962.0829799504089	0.5	epochs	1.0
962.0829909504089	0.5	epochs	-1.0
962.5829799504089	1.0	epochs	1.0
963.5829799504089	1.0036999999999807	epochs	1.0
964.0829909504089	0.5	epochs	-1.0
964.5866799504089	2.9962800000000698	epochs	0.0
967.1609997749329	0.055979999999976826	epochs	0.0
967.1609997749329	0.022979999999961365	epochs	1.0
967.1839797749328	0.010020000000054097	epochs	1.0
967.1939997749329	0.022979999999961365	epochs	1.0
967.2169797749328	2.50315999999998	epochs	0.0
967.2169797749328	0.5	epochs	1.0
967.2169907749328	0.5	epochs	-1.0
967.7169797749328	1.0	epochs	1.0
968.7169797749328	1.0031599999999798	epochs	1.0
969.2169907749328	0.5	epochs	-1.0
969.7201397749328	3.9968200000000706	epochs	0.0
970.2610001564026	0.055979999999976826	epochs	0.0
970.2610001564026	0.022979999999961365	epochs	1.0
970.2839801564025	0.010020000000054097	epochs	1.0
970.2940001564026	0.022979999999961365	epochs	1.0
970.3169801564026	2.5034200000000055	epochs	0.0
970.3169801564026	0.5	epochs	1.0
970.3169911564025	0.5	epochs	-1.0
970.8169801564026	1.0	epochs	1.0
971.8169801564026	1.0034200000000055	epochs	1.0
972.3169911564025	0.5	epochs	-1.0
972.8204001564026	3.996560000000045	epochs	0.0
973.3550000190735	0.055979999999976826	epochs	0.0
973.3550000190735	0.022979999999961365	epochs	1.0
973.3779800190734	0.010020000000054097	epochs	1.0
973.3880000190735	0.022979999999961365	epochs	1.0
973.4109800190735	3.0232600000000502	epochs	0.0
973.4109800190735	0.5	epochs	1.0
973.4109910190734	0.5	epochs	-1.0
973.9109800190735	1.0	epochs	1.0
974.9109800190735	1.5232600000000502	epochs	1.0
975.4109910190734	0.5	epochs	-1.0
975.9109910190734	0.5	epochs	-1.0
976.4342400190735	3.4767200000000003	epochs	0.0
977.0720000267029	0.055979999999976826	epochs	0.0
977.0720000267029	0.022979999999961365	epochs	1.0
977.0949800267028	0.010020000000054097	epochs	1.0
977.1050000267029	0.022979999999961365	epochs	1.0
977.1279800267029	3.0242000000000644	epochs	0.0
977.1279800267029	0.5	epochs	1.0
977.1279910267028	0.5	epochs	-1.0
977.6279800267029	1.0	epochs	1.0
978.6279800267029	1.5242000000000644	epochs	1.0
979.1279910267028	0.5	epochs	-1.0
979.6279910267028	0.5	epochs	-1.0
980.1521800267029	3.475779999999986	epochs	0.0
981.1380000114441	0.055979999999976826	epochs	0.0
981.1380000114441	0.022979999999961365	epochs	1.0
981.160980011444	0.010020000000054097	epochs	1.0
981.1710000114441	0.022979999999961365	epochs	1.0
981.1939800114441	2.502860000000055	epochs	0.0
981.1939800114441	0.5	epochs	1.0
981.193991011444	0.5	epochs	-1.0
981.6939800114441	1.0	epochs	1.0
982.6939800114441	1.0028600000000552	epochs	1.0
983.193991011444	0.5	epochs	-1.0
983.6968400114441	7.997119999999995	epochs	0.0
996.308000087738	0.055979999999976826	epochs	0.0
996.308000087738	0.022979999999961365	epochs	1.0
996.330980087738	0.010020000000054097	epochs	1.0
996.341000087738	0.022979999999961365	epochs	1.0
996.363980087738	3.0038000000000693	epochs	0.0
996.363980087738	0.5	epochs	1.0
996.363991087738	0.5	epochs	-1.0
996.863980087738	1.0	epochs	1.0
997.863980087738	1.5038000000000693	epochs	1.0
998.363991087738	0.5	epochs	-1.0
998.863991087738	0.5	epochs	-1.0
999.3677800877381	7.496179999999981	epochs	0.0
1011.4749999046326	0.055979999999976826	epochs	0.0
1011.4749999046326	0.022979999999961365	epochs	1.0
1011.4979799046325	0.010020000000054097	epochs	1.0
1011.5079999046326	0.022979999999961365	epochs	1.0
1011.5309799046325	4.023140000000012	epochs	0.0
1011.5309799046325	0.5	epochs	1.0
1011.5309909046325	0.5	epochs	-1.0
1012.0309799046325	1.0	epochs	1.0
1013.0309799046325	2.523140000000012	epochs	1.0
1013.5309909046325	0.5	epochs	-1.0
1014.0309909046325	0.5	epochs	-1.0
1014.5309909046325	0.5	epochs	-1.0
1015.0309909046325	0.5	epochs	-1.0
1015.5541199046326	6.476840000000038	epochs	0.0
1026.625	0.05598000000009051	epochs	0.0
1026.625	0.022979999999961365	epochs	1.0
1026.64798	0.01001999999994041	epochs	1.0
1026.658	0.02298000000018874	epochs	1.0
1026.68098	0.5438399999998182	epochs	0.0
1026.68098	0.5	epochs	1.0
1026.680991	0.5	epochs	-1.0
1027.18098	0.04383999999981825	epochs	1.0
1027.22482	9.956140000000005	epochs	0.0
1056.7560000419617	0.05598000000009051	epochs	0.0
1056.7560000419617	0.022979999999961365	epochs	1.0
1056.7789800419616	0.01001999999994041	epochs	1.0
1056.7890000419616	0.02298000000018874	epochs	1.0
1056.8119800419618	3.5233200000000124	epochs	0.0
1056.8119800419618	0.5	epochs	1.0
1056.8119910419616	0.5	epochs	-1.0
1057.3119800419618	1.0	epochs	1.0
1058.3119800419618	2.0233200000000124	epochs	1.0
1058.8119910419616	0.5	epochs	-1.0
1059.3119910419616	0.5	epochs	-1.0
1059.8119910419616	0.5	epochs	-1.0
1060.3353000419618	6.976659999999811	epochs	0.0
1071.9120001792908	0.05598000000009051	epochs	0.0
1071.9120001792908	0.022979999999961365	epochs	1.0
1071.9349801792907	0.01001999999994041	epochs	1.0
1071.9450001792907	0.02298000000018874	epochs	1.0
1071.9679801792909	0.5429599999999937	epochs	0.0
1071.9679801792909	0.5	epochs	1.0
1071.9679911792907	0.5	epochs	-1.0
1072.4679801792909	0.04295999999999367	epochs	1.0
1072.5109401792909	9.95701999999983	epochs	0.0
1087.1180000305176	0.05598000000009051	epochs	0.0
1087.1180000305176	0.022979999999961365	epochs	1.0
1087.1409800305175	0.01001999999994041	epochs	1.0
1087.1510000305175	0.02298000000018874	epochs	1.0
1087.1739800305177	3.5239799999999377	epochs	0.0
1087.1739800305177	0.5	epochs	1.0
1087.1739910305175	0.5	epochs	-1.0
1087.6739800305177	1.0	epochs	1.0
1088.6739800305177	2.0239799999999377	epochs	1.0
1089.1739910305175	0.5	epochs	-1.0
1089.6739910305175	0.5	epochs	-1.0
1090.1739910305175	0.5	epochs	-1.0
1090.6979600305176	6.975999999999885	epochs	0.0
1102.2870001792908	0.05598000000009051	epochs	0.0
1102.2870001792908	0.022979999999961365	epochs	1.0
1102.3099801792907	0.01001999999994041	epochs	1.0
1102.3200001792907	0.02298000000018874	epochs	1.0
1102.3429801792909	3.0241799999998875	epochs	0.0
1102.3429801792909	0.5	epochs	1.0
1102.3429911792907	0.5	epochs	-1.0
1102.8429801792909	1.0	epochs	1.0
1103.8429801792909	1.5241799999998875	epochs	1.0
1104.3429911792907	0.5	epochs	-1.0
1104.8429911792907	0.5	epochs	-1.0
1105.3671601792907	7.475799999999936	epochs	0.0
1117.4860000610352	0.05598000000009051	epochs	0.0
1117.4860000610352	0.022979999999961365	epochs	1.0
1117.5089800610351	0.01001999999994041	epochs	1.0
1117.519000061035	0.02298000000018874	epochs	1.0
1117.5419800610352	3.5235799999998108	epochs	0.0
1117.5419800610352	0.5	epochs	1.0
1117.541991061035	0.5	epochs	-1.0
1118.0419800610352	1.0	epochs	1.0
1119.0419800610352	2.0235799999998108	epochs	1.0
1119.541991061035	0.5	epochs	-1.0
1120.041991061035	0.5	epochs	-1.0
1120.541991061035	0.5	epochs	-1.0
1121.065560061035	6.976400000000012	epochs	0.0
1132.6040000915527	0.05598000000009051	epochs	0.0
1132.6040000915527	0.022979999999961365	epochs	1.0
1132.6269800915527	0.01001999999994041	epochs	1.0
1132.6370000915526	0.02298000000018874	epochs	1.0
1132.6599800915528	3.003439999999955	epochs	0.0
1132.6599800915528	0.5	epochs	1.0
1132.6599910915527	0.5	epochs	-1.0
1133.1599800915528	1.0	epochs	1.0
1134.1599800915528	1.503439999999955	epochs	1.0
1134.6599910915527	0.5	epochs	-1.0
1135.1599910915527	0.5	epochs	-1.0
1135.6634200915528	7.496539999999868	epochs	0.0
1147.7870001792908	0.05598000000009051	epochs	0.0
1147.7870001792908	0.022979999999961365	epochs	1.0
1147.8099801792907	0.01001999999994041	epochs	1.0
1147.8200001792907	0.02298000000018874	epochs	1.0
1147.8429801792909	3.503679999999804	epochs	0.0
1147.8429801792909	0.5	epochs	1.0
1147.8429911792907	0.5	epochs	-1.0
1148.3429801792909	1.0	epochs	1.0
1149.3429801792909	2.003679999999804	epochs	1.0
1149.8429911792907	0.5	epochs	-1.0
1150.3429911792907	0.5	epochs	-1.0
1150.8429911792907	0.5	epochs	-1.0
1151.3466601792907	6.996300000000019	epochs	0.0
1162.9250001907349	0.05598000000009051	epochs	0.0
1162.9250001907349	0.022979999999961365	epochs	1.0
1162.9479801907348	0.01001999999994041	epochs	1.0
1162.9580001907348	0.02298000000018874	epochs	1.0
1162.980980190735	3.0036599999998543	epochs	0.0
1162.980980190735	0.5	epochs	1.0
1162.9809911907348	0.5	epochs	-1.0
1163.480980190735	1.0	epochs	1.0
1164.480980190735	1.5036599999998543	epochs	1.0
1164.9809911907348	0.5	epochs	-1.0
1165.4809911907348	0.5	epochs	-1.0
1165.9846401907348	7.496319999999969	epochs	0.0
1178.103000164032	0.05598000000009051	epochs	0.0
1178.103000164032	0.022979999999961365	epochs	1.0
1178.125980164032	0.01001999999994041	epochs	1.0
1178.1360001640319	0.02298000000018874	epochs	1.0
1178.158980164032	3.5038999999999305	epochs	0.0
1178.158980164032	0.5	epochs	1.0
1178.158991164032	0.5	epochs	-1.0
1178.658980164032	1.0	epochs	1.0
1179.658980164032	2.0038999999999305	epochs	1.0
1180.158991164032	0.5	epochs	-1.0
1180.658991164032	0.5	epochs	-1.0
1181.158991164032	0.5	epochs	-1.0
1181.662880164032	6.996079999999893	epochs	0.0
1193.308000087738	0.05598000000009051	epochs	0.0
1193.308000087738	0.022979999999961365	epochs	1.0
1193.330980087738	0.01001999999994041	epochs	1.0
1193.341000087738	0.02298000000018874	epochs	1.0
1193.3639800877381	19.499979999999823	epochs	0.0
1193.3639800877381	0.5	epochs	1.0
1193.363991087738	0.5	epochs	-1.0
1193.8639800877381	16.0	epochs	1.0
1199.907100087738	12.956860000000006	epochs	-1.0
1199.907100087738	0.03966000000013992	epochs	-1.0
1200.404611087738	0.5	epochs	-1.0
1200.904611087738	0.5	epochs	-1.0
1201.404611087738	0.5	epochs	-1.0
1201.904611087738	0.5	epochs	-1.0
1202.404611087738	0.5	epochs	-1.0
1202.904611087738	0.5	epochs	-1.0
1203.404611087738	0.5	epochs	-1.0
1203.904611087738	0.5	epochs	-1.0
1204.404611087738	0.5	epochs	-1.0
1204.904611087738	0.5	epochs	-1.0
1205.404611087738	0.5	epochs	-1.0
1205.904611087738	0.5	epochs	-1.0
1206.404611087738	0.5	epochs	-1.0
1206.904611087738	0.5	epochs	-1.0
1207.404611087738	0.5	epochs	-1.0
1207.904611087738	0.5	epochs	-1.0
1208.404611087738	0.5	epochs	-1.0
1208.904611087738	0.5	epochs	-1.0
1209.404611087738	0.5	epochs	-1.0
1209.8639800877381	2.999979999999823	epochs	1.0
1209.904611087738	0.5	epochs	-1.0
1210.404611087738	0.5	epochs	-1.0
1210.904611087738	0.5	epochs	-1.0
1211.404611087738	0.5	epochs	-1.0
1211.904611087738	0.5	epochs	-1.0
1214.1310000419617	0.05598000000009051	epochs	0.0
1214.1310000419617	0.022979999999961365	epochs	1.0
1214.1539800419616	0.01001999999994041	epochs	1.0
1214.1640000419616	0.02298000000018874	epochs	1.0
1214.1869800419618	0.5429199999998673	epochs	0.0
1214.1869800419618	0.5	epochs	1.0
1214.1869910419616	0.5	epochs	-1.0
1214.6869800419618	0.04291999999986729	epochs	1.0
1214.7299000419616	18.957059999999956	epochs	0.0
1243.2919998168945	0.05598000000009051	epochs	0.0
1243.2919998168945	0.022979999999961365	epochs	1.0
1243.3149798168945	0.01001999999994041	epochs	1.0
1243.3249998168944	0.02298000000018874	epochs	1.0
1243.3479798168946	8.103200000000015	epochs	0.0
1243.3479798168946	0.5	epochs	1.0
1243.3479908168945	0.5	epochs	-1.0
1243.8479798168946	7.603200000000015	epochs	1.0
1249.4507998168945	2.0003800000001775	epochs	-1.0
1249.4507998168945	0.03963999999996304	epochs	-1.0
1249.9483108168945	0.5	epochs	-1.0
1250.4483108168945	0.5	epochs	-1.0
1250.9483108168945	0.5	epochs	-1.0
1251.4511798168946	11.396779999999808	epochs	0.0
1252.5110001564026	0.05598000000009051	epochs	0.0
1252.5110001564026	0.022979999999961365	epochs	1.0
1252.5339801564025	0.01001999999994041	epochs	1.0
1252.5440001564025	0.02298000000018874	epochs	1.0
1252.5669801564027	7.603399999999965	epochs	0.0
1252.5669801564027	0.5	epochs	1.0
1252.5669911564025	0.5	epochs	-1.0
1253.0669801564027	7.103399999999965	epochs	1.0
1258.6703201564026	1.5000600000000759	epochs	-1.0
1258.6703201564026	0.039559999999937645	epochs	-1.0
1259.1678311564026	0.5	epochs	-1.0
1259.6678311564026	0.5	epochs	-1.0
1260.1703801564026	11.896579999999858	epochs	0.0
1261.2439999580383	0.05598000000009051	epochs	0.0
1261.2439999580383	0.022979999999961365	epochs	1.0
1261.2669799580383	0.01001999999994041	epochs	1.0
1261.2769999580382	0.02298000000018874	epochs	1.0
1261.2999799580384	14.603560000000016	epochs	0.0
1261.2999799580384	0.5	epochs	1.0
1261.2999909580383	0.5	epochs	-1.0
1261.7999799580384	14.103560000000016	epochs	1.0
1267.3839599580383	8.519580000000133	epochs	-1.0
1267.3839599580383	0.03991999999993823	epochs	-1.0
1267.8814709580383	0.5	epochs	-1.0
1268.3814709580383	0.5	epochs	-1.0
1268.8814709580383	0.5	epochs	-1.0
1269.3814709580383	0.5	epochs	-1.0
1269.8814709580383	0.5	epochs	-1.0
1270.3814709580383	0.5	epochs	-1.0
1270.8814709580383	0.5	epochs	-1.0
1271.3814709580383	0.5	epochs	-1.0
1271.8814709580383	0.5	epochs	-1.0
1272.3814709580383	0.5	epochs	-1.0
1272.8814709580383	0.5	epochs	-1.0
1273.3814709580383	0.5	epochs	-1.0
1273.8814709580383	0.5	epochs	-1.0
1274.3814709580383	0.5	epochs	-1.0
1274.8814709580383	0.5	epochs	-1.0
1275.3814709580383	0.5	epochs	-1.0
1275.9035399580384	4.896419999999807	epochs	0.0
1289.0910000801086	0.05598000000009051	epochs	0.0
1289.0910000801086	0.022979999999961365	epochs	1.0
1289.1139800801086	0.01001999999994041	epochs	1.0
1289.1240000801085	0.02298000000018874	epochs	1.0
1289.1469800801087	13.843579999999974	epochs	0.0
1289.1469800801087	0.5	epochs	1.0
1289.1469910801086	0.5	epochs	-1.0
1289.6469800801087	13.343579999999974	epochs	1.0
1296.9905400801085	6.000020000000177	epochs	-1.0
1296.9905400801085	0.03986000000008971	epochs	-1.0
1297.4872110801086	0.5	epochs	-1.0
1297.9872110801086	0.5	epochs	-1.0
1298.4872110801086	0.5	epochs	-1.0
1298.9872110801086	0.5	epochs	-1.0
1299.4872110801086	0.5	epochs	-1.0
1299.9872110801086	0.5	epochs	-1.0
1300.4872110801086	0.5	epochs	-1.0
1300.9872110801086	0.5	epochs	-1.0
1301.4872110801086	0.5	epochs	-1.0
1301.9872110801086	0.5	epochs	-1.0
1302.4872110801086	0.5	epochs	-1.0
1302.9905600801087	5.656399999999849	epochs	0.0
1304.146999835968	0.05598000000009051	epochs	0.0
1304.146999835968	0.022979999999961365	epochs	1.0
1304.169979835968	0.01001999999994041	epochs	1.0
1304.179999835968	0.02298000000018874	epochs	1.0
1304.202979835968	13.804079999999885	epochs	0.0
1304.202979835968	0.5	epochs	1.0
1304.202990835968	0.5	epochs	-1.0
1304.702979835968	13.304079999999885	epochs	1.0
1315.487259835968	2.519800000000032	epochs	-1.0
1315.487259835968	0.04006000000003951	epochs	-1.0
1315.982270835968	0.5	epochs	-1.0
1316.482270835968	0.5	epochs	-1.0
1316.982270835968	0.5	epochs	-1.0
1317.482270835968	0.5	epochs	-1.0
1318.007059835968	5.695899999999938	epochs	0.0
1319.1529998779297	0.05598000000009051	epochs	0.0
1319.1529998779297	0.022979999999961365	epochs	1.0
1319.1759798779296	0.01001999999994041	epochs	1.0
1319.1859998779296	0.02298000000018874	epochs	1.0
1319.2089798779298	19.02335999999991	epochs	0.0
1319.2089798779298	0.5	epochs	1.0
1319.2089908779296	0.5	epochs	-1.0
1319.7089798779298	16.0	epochs	1.0
1335.7089798779298	2.5233599999999115	epochs	1.0
1336.1989908779296	0.5	epochs	-1.0
1336.6989908779296	0.5	epochs	-1.0
1337.1989908779296	0.5	epochs	-1.0
1337.6989908779296	0.5	epochs	-1.0
1338.2323398779297	0.47661999999991167	epochs	0.0
1368.8179998397827	0.055920000000014625	epochs	0.0
1368.8179998397827	0.02296000000001186	epochs	1.0
1368.8409598397827	0.010080000000016298	epochs	1.0
1368.8510398397827	0.022879999999986467	epochs	1.0
1368.8739198397827	2.0	epochs	0.0
1370.8739198397827	0.5035199999999804	epochs	0.0
1370.8739198397827	0.5035199999999804	epochs	1.0
1370.8739908397827	0.5	epochs	-1.0
1371.3739908397827	0.0034490000000459986	epochs	-1.0
1371.3774398397827	21.496399999999994	epochs	0.0
1373.2179999351501	0.055920000000014625	epochs	0.0
1373.2179999351501	0.02296000000001186	epochs	1.0
1373.2409599351502	0.010080000000016298	epochs	1.0
1373.2510399351502	0.022879999999986467	epochs	1.0
1373.2739199351502	2.0	epochs	0.0
1375.2739199351502	0.5037600000000566	epochs	0.0
1375.2739199351502	0.5037600000000566	epochs	1.0
1375.27399093515	0.5	epochs	-1.0
1375.77399093515	0.003689000000122178	epochs	-1.0
1375.7776799351502	21.496159999999918	epochs	0.0
1377.018000125885	0.055920000000014625	epochs	0.0
1377.018000125885	0.02296000000001186	epochs	1.0
1377.040960125885	0.010080000000016298	epochs	1.0
1377.051040125885	0.022879999999986467	epochs	1.0
1377.073920125885	2.0	epochs	0.0
1379.073920125885	0.5036000000000058	epochs	0.0
1379.073920125885	0.5036000000000058	epochs	1.0
1379.073991125885	0.5	epochs	-1.0
1379.573991125885	0.0035290000000713917	epochs	-1.0
1379.577520125885	21.49631999999997	epochs	0.0
1380.816999912262	0.055920000000014625	epochs	0.0
1380.816999912262	0.02296000000001186	epochs	1.0
1380.839959912262	0.010080000000016298	epochs	1.0
1380.850039912262	0.022879999999986467	epochs	1.0
1380.872919912262	2.0	epochs	0.0
1382.872919912262	0.5032799999999042	epochs	0.0
1382.872919912262	0.5032799999999042	epochs	1.0
1382.872990912262	0.5	epochs	-1.0
1383.372990912262	0.0032089999999698193	epochs	-1.0
1383.3761999122619	21.49664000000007	epochs	0.0
1384.7329998016357	0.055920000000014625	epochs	0.0
1384.7329998016357	0.02296000000001186	epochs	1.0
1384.7559598016358	0.010080000000016298	epochs	1.0
1384.7660398016358	0.022879999999986467	epochs	1.0
1384.7889198016358	2.0	epochs	0.0
1386.7889198016358	0.50391999999988	epochs	0.0
1386.7889198016358	0.50391999999988	epochs	1.0
1386.7889908016357	0.5	epochs	-1.0
1387.2889908016357	0.0038489999999455904	epochs	-1.0
1387.2928398016356	21.496000000000095	epochs	0.0
1388.5999999046326	0.055920000000014625	epochs	0.0
1388.5999999046326	0.02296000000001186	epochs	1.0
1388.6229599046326	0.010080000000016298	epochs	1.0
1388.6330399046326	0.022879999999986467	epochs	1.0
1388.6559199046326	2.0	epochs	0.0
1390.6559199046326	0.5035199999999804	epochs	0.0
1390.6559199046326	0.5035199999999804	epochs	1.0
1390.6559909046325	0.5	epochs	-1.0
1391.1559909046325	0.0034490000000459986	epochs	-1.0
1391.1594399046326	21.496399999999994	epochs	0.0
1392.508999824524	0.055920000000014625	epochs	0.0
1392.508999824524	0.02296000000001186	epochs	1.0
1392.531959824524	0.010080000000016298	epochs	1.0
1392.542039824524	0.022879999999986467	epochs	1.0
1392.564919824524	2.0	epochs	0.0
1394.564919824524	5.402640000000019	epochs	0.0
1394.564919824524	1.0	epochs	1.0
1394.5649908245239	0.5	epochs	-1.0
1395.0649908245239	4.902569000000085	epochs	-1.0
1395.564919824524	4.402640000000019	epochs	1.0
1395.564919824524	8.000000002539309e-05	epochs	2.0
1395.564999824524	4.356719999999996	epochs	-1.0
1395.564999824524	1.974559999999883	epochs	2.0
1395.564999824524	1.0985599999999067	epochs	3.0
1396.6635598245239	0.8759999999999764	epochs	3.0
1397.5395598245238	1.3523999999999887	epochs	2.0
1397.5395598245238	0.7286400000000413	epochs	3.0
1398.268199824524	0.6237599999999475	epochs	3.0
1398.8919598245238	1.029760000000124	epochs	2.0
1398.8919598245238	0.5453600000000733	epochs	3.0
1399.437319824524	0.48440000000005057	epochs	3.0
1399.921719824524	0.045839999999998327	epochs	2.0
1399.921719824524	0.045839999999998327	epochs	3.0
1399.967559824524	16.597279999999955	epochs	0.0
1401.2760000228882	0.055920000000014625	epochs	0.0
1401.2760000228882	0.02296000000001186	epochs	1.0
1401.2989600228882	0.010080000000016298	epochs	1.0
1401.3090400228882	0.022879999999986467	epochs	1.0
1401.3319200228882	2.0	epochs	0.0
1403.3319200228882	21.503279999999904	epochs	0.0
1403.3319200228882	1.0	epochs	1.0
1403.3319910228881	0.5	epochs	-1.0
1403.8319910228881	19.99904000000015	epochs	-1.0
1404.3319200228882	20.0	epochs	1.0
1404.3319200228882	8.000000002539309e-05	epochs	2.0
1404.3320000228882	4.356719999999996	epochs	-1.0
1404.3320000228882	1.974559999999883	epochs	2.0
1404.3320000228882	1.0985599999999067	epochs	3.0
1405.4305600228881	0.8759999999999764	epochs	3.0
1406.306560022888	1.3523999999999887	epochs	2.0
1406.306560022888	0.7286400000000413	epochs	3.0
1407.0352000228881	0.6237599999999475	epochs	3.0
1407.658960022888	1.029760000000124	epochs	2.0
1407.658960022888	0.5453600000000733	epochs	3.0
1408.2043200228882	0.48440000000005057	epochs	3.0
1408.6887200228882	0.8317600000000311	epochs	2.0
1408.6887200228882	0.435760000000073	epochs	3.0
1409.1244800228883	0.39599999999995816	epochs	3.0
1409.5204800228883	0.697840000000042	epochs	2.0
1409.5204800228883	0.3628799999999046	epochs	3.0
1409.8833600228882	0.33496000000013737	epochs	3.0
1410.2183200228883	0.6010399999997844	epochs	2.0
1410.2183200228883	0.3108799999999974	epochs	3.0
1410.5292000228883	0.29015999999978703	epochs	3.0
1410.819360022888	0.5278400000001966	epochs	2.0
1410.819360022888	0.2719200000001365	epochs	3.0
1411.0912800228882	0.2559200000000601	epochs	3.0
1411.3472000228883	0.47064000000000306	epochs	2.0
1411.3472000228883	0.24167999999986023	epochs	3.0
1411.5888800228881	0.22896000000014283	epochs	3.0
1411.8178400228883	0.42455999999992855	epochs	2.0
1411.8178400228883	0.21743999999989683	epochs	3.0
1412.0352800228882	0.20712000000003172	epochs	3.0
1412.2424000228882	0.3867199999999684	epochs	2.0
1412.2424000228882	0.1976799999999912	epochs	3.0
1412.4400800228882	0.18903999999997723	epochs	3.0
1412.6291200228882	0.3551199999999426	epochs	2.0
1412.6291200228882	0.1811999999999898	epochs	3.0
1412.8103200228882	0.17391999999995278	epochs	3.0
1412.9842400228881	0.3282400000000507	epochs	2.0
1412.9842400228881	0.1672000000000935	epochs	3.0
1413.1514400228882	0.16103999999995722	epochs	3.0
1413.3124800228882	0.30520000000001346	epochs	2.0
1413.3124800228882	0.1552799999999479	epochs	3.0
1413.4677600228881	0.14992000000006556	epochs	3.0
1413.6176800228882	0.28512000000000626	epochs	2.0
1413.6176800228882	0.1448800000000574	epochs	3.0
1413.7625600228882	0.14023999999994885	epochs	3.0
1413.9028000228882	0.2675200000001041	epochs	2.0
1413.9028000228882	0.13583999999991647	epochs	3.0
1414.038640022888	0.13168000000018765	epochs	3.0
1414.1703200228883	0.2520799999999781	epochs	2.0
1414.1703200228883	0.12783999999987827	epochs	3.0
1414.2981600228882	0.12424000000009983	epochs	3.0
1414.4224000228883	0.2381599999998798	epochs	2.0
1414.4224000228883	0.12071999999989202	epochs	3.0
1414.5431200228882	0.11743999999998778	epochs	3.0
1414.6605600228881	0.225840000000062	epochs	2.0
1414.6605600228881	0.11439999999993233	epochs	3.0
1414.774960022888	0.11144000000012966	epochs	3.0
1414.8864000228882	0.21463999999991756	epochs	2.0
1414.8864000228882	0.10863999999992302	epochs	3.0
1414.9950400228881	0.10599999999999454	epochs	3.0
1415.1010400228881	0.20448000000010325	epochs	2.0
1415.1010400228881	0.10344000000009146	epochs	3.0
1415.2044800228882	0.10104000000001179	epochs	3.0
1415.3055200228882	0.19535999999993692	epochs	2.0
1415.3055200228882	0.0987999999999829	epochs	3.0
1415.4043200228882	0.09655999999995402	epochs	3.0
1415.5008800228882	0.18695999999999913	epochs	2.0
1415.5008800228882	0.09447999999997592	epochs	3.0
1415.5953600228881	0.09248000000002321	epochs	3.0
1415.6878400228882	0.1792000000000371	epochs	2.0
1415.6878400228882	0.0904800000000705	epochs	3.0
1415.7783200228882	0.0887199999999666	epochs	3.0
1415.8670400228882	0.17208000000005086	epochs	2.0
1415.8670400228882	0.08688000000006468	epochs	3.0
1415.9539200228883	0.08519999999998618	epochs	3.0
1416.0391200228883	0.165520000000015	epochs	2.0
1416.0391200228883	0.08359999999993306	epochs	3.0
1416.1227200228882	0.08192000000008193	epochs	3.0
1416.2046400228883	0.1595199999999295	epochs	2.0
1416.2046400228883	0.08047999999985223	epochs	3.0
1416.2851200228881	0.07904000000007727	epochs	3.0
1416.3641600228882	0.15375999999992018	epochs	2.0
1416.3641600228882	0.07760000000007494	epochs	3.0
1416.4417600228883	0.07615999999984524	epochs	3.0
1416.5179200228881	0.14856000000008862	epochs	2.0
1416.5179200228881	0.07496000000014647	epochs	3.0
1416.5928800228883	0.07359999999994216	epochs	3.0
1416.6664800228882	0.14367999999990388	epochs	2.0
1416.6664800228882	0.0724800000000414	epochs	3.0
1416.7389600228883	0.07119999999986248	epochs	3.0
1416.810160022888	0.1390400000000227	epochs	2.0
1416.810160022888	0.07007999999996173	epochs	3.0
1416.880240022888	0.06896000000006097	epochs	3.0
1416.9492000228881	0.13472000000001572	epochs	2.0
1416.9492000228881	0.06791999999995824	epochs	3.0
1417.017120022888	0.06680000000005748	epochs	3.0
1417.0839200228882	0.1307200000001103	epochs	2.0
1417.0839200228882	0.06583999999998014	epochs	3.0
1417.1497600228881	0.06488000000013017	epochs	3.0
1417.2146400228883	0.1268000000000029	epochs	2.0
1417.2146400228883	0.06384000000002743	epochs	3.0
1417.2784800228883	0.06295999999997548	epochs	3.0
1417.3414400228883	0.12328000000002248	epochs	2.0
1417.3414400228883	0.06207999999992353	epochs	3.0
1417.4035200228882	0.06120000000009895	epochs	3.0
1417.4647200228883	0.11983999999984007	epochs	2.0
1417.4647200228883	0.06031999999981963	epochs	3.0
1417.525040022888	0.059520000000020445	epochs	3.0
1417.5845600228881	0.11663999999996122	epochs	2.0
1417.5845600228881	0.05871999999999389	epochs	3.0
1417.6432800228881	0.05791999999996733	epochs	3.0
1417.701200022888	0.11360000000013315	epochs	2.0
1417.701200022888	0.05720000000019354	epochs	3.0
1417.7584000228883	0.05639999999993961	epochs	3.0
1417.8148000228882	0.11071999999990112	epochs	2.0
1417.8148000228882	0.055679999999938445	epochs	3.0
1417.8704800228882	0.055039999999962674	epochs	3.0
1417.9255200228881	0.10792000000014923	epochs	2.0
1417.9255200228881	0.05424000000016349	epochs	3.0
1417.9797600228883	0.05367999999998574	epochs	3.0
1418.0334400228883	0.10527999999999338	epochs	2.0
1418.0334400228883	0.052959999999984575	epochs	3.0
1418.0864000228883	0.052320000000008804	epochs	3.0
1418.1387200228883	0.10287999999991371	epochs	2.0
1418.1387200228883	0.05175999999983105	epochs	3.0
1418.190480022888	0.051120000000082655	epochs	3.0
1418.2416000228882	0.10040000000003602	epochs	2.0
1418.2416000228882	0.050480000000106884	epochs	3.0
1418.2920800228883	0.04991999999992913	epochs	3.0
1418.3420000228882	0.09824000000003252	epochs	2.0
1418.3420000228882	0.049359999999978754	epochs	3.0
1418.3913600228882	0.04888000000005377	epochs	3.0
1418.4402400228882	0.09600000000000364	epochs	2.0
1418.4402400228882	0.048239999999850625	epochs	3.0
1418.488480022888	0.04776000000015301	epochs	3.0
1418.5362400228883	0.09392000000002554	epochs	2.0
1418.5362400228883	0.04719999999997526	epochs	3.0
1418.5834400228882	0.04672000000005028	epochs	3.0
1418.6301600228883	0.09191999999984546	epochs	2.0
1418.6301600228883	0.046159999999872525	epochs	3.0
1418.6763200228881	0.04575999999997293	epochs	3.0
1418.7220800228881	0.09008000000017091	epochs	2.0
1418.7220800228881	0.04528000000004795	epochs	3.0
1418.7673600228882	0.044800000000122964	epochs	3.0
1418.8121600228883	0.08815999999978885	epochs	2.0
1418.8121600228883	0.044319999999970605	epochs	3.0
1418.8564800228883	0.04383999999981825	epochs	3.0
1418.900320022888	0.08648000000016509	epochs	2.0
1418.900320022888	0.04344000000014603	epochs	3.0
1418.9437600228882	0.04304000000001906	epochs	3.0
1418.9868000228882	0.08471999999983382	epochs	2.0
1418.9868000228882	0.042559999999866704	epochs	3.0
1419.029360022888	0.04215999999996711	epochs	3.0
1419.071520022888	0.08320000000003347	epochs	2.0
1419.071520022888	0.04176000000006752	epochs	3.0
1419.1132800228881	0.04143999999996595	epochs	3.0
1419.1547200228881	0.08151999999995496	epochs	2.0
1419.1547200228881	0.040960000000040964	epochs	3.0
1419.1956800228882	0.040559999999914	epochs	3.0
1419.236240022888	0.08008000000018001	epochs	2.0
1419.236240022888	0.0402400000000398	epochs	3.0
1419.276480022888	0.03984000000014021	epochs	3.0
1419.3163200228882	0.0786399999999503	epochs	2.0
1419.3163200228882	0.039520000000038635	epochs	3.0
1419.3558400228883	0.03911999999991167	epochs	3.0
1419.3949600228882	0.07719999999994798	epochs	2.0
1419.3949600228882	0.03880000000003747	epochs	3.0
1419.4337600228882	0.038399999999910506	epochs	3.0
1419.4721600228881	0.07591999999999643	epochs	2.0
1419.4721600228881	0.0381600000000617	epochs	3.0
1419.5103200228882	0.037759999999934735	epochs	3.0
1419.5480800228881	0.0745600000000195	epochs	2.0
1419.5480800228881	0.037440000000060536	epochs	3.0
1419.5855200228882	0.037119999999958964	epochs	3.0
1419.6226400228882	0.07336000000009335	epochs	2.0
1419.6226400228882	0.036800000000084765	epochs	3.0
1419.6594400228882	0.036560000000008586	epochs	3.0
1419.6960000228883	0.07207999999991443	epochs	2.0
1419.6960000228883	0.03615999999988162	epochs	3.0
1419.7321600228881	0.035920000000032815	epochs	3.0
1419.7680800228882	0.07087999999998829	epochs	2.0
1419.7680800228882	0.03559999999993124	epochs	3.0
1419.803680022888	0.035280000000057044	epochs	3.0
1419.8389600228882	0.06984000000011292	epochs	2.0
1419.8389600228882	0.035039999999980864	epochs	3.0
1419.8740000228881	0.03480000000013206	epochs	3.0
1419.9088000228883	0.0686399999999594	epochs	2.0
1419.9088000228883	0.03447999999980311	epochs	3.0
1419.943280022888	0.03416000000015629	epochs	3.0
1419.9774400228882	0.06759999999985666	epochs	2.0
1419.9774400228882	0.033919999999852735	epochs	3.0
1420.011360022888	0.03368000000000393	epochs	3.0
1420.045040022888	0.0665599999999813	epochs	2.0
1420.045040022888	0.03344000000015512	epochs	3.0
1420.0784800228882	0.03311999999982618	epochs	3.0
1420.111600022888	0.06560000000013133	epochs	2.0
1420.111600022888	0.032960000000002765	epochs	3.0
1420.144560022888	0.032640000000128566	epochs	3.0
1420.1772000228882	0.0645600000000286	epochs	2.0
1420.1772000228882	0.03240000000005239	epochs	3.0
1420.2096000228883	0.03215999999997621	epochs	3.0
1420.2417600228882	0.06367999999997664	epochs	2.0
1420.2417600228882	0.03199999999992542	epochs	3.0
1420.2737600228882	0.03168000000005122	epochs	3.0
1420.3054400228882	0.0627199999998993	epochs	2.0
1420.3054400228882	0.03143999999997504	epochs	3.0
1420.3368800228882	0.03127999999992426	epochs	3.0
1420.368160022888	0.061840000000074724	epochs	2.0
1420.368160022888	0.03104000000007545	epochs	3.0
1420.3992000228882	0.030799999999999272	epochs	3.0
1420.4300000228882	0.060960000000022774	epochs	2.0
1420.4300000228882	0.030559999999923093	epochs	3.0
1420.460560022888	0.03040000000009968	epochs	3.0
1420.4909600228882	0.060159999999996217	epochs	2.0
1420.4909600228882	0.0301600000000235	epochs	3.0
1420.5211200228882	0.029999999999972715	epochs	3.0
1420.5511200228882	0.059279999999944266	epochs	2.0
1420.5511200228882	0.029679999999871143	epochs	3.0
1420.580800022888	0.029600000000073123	epochs	3.0
1420.6104000228881	0.05848000000014508	epochs	2.0
1420.6104000228881	0.029359999999996944	epochs	3.0
1420.6397600228881	0.02912000000014814	epochs	3.0
1420.6688800228883	0.057759999999916545	epochs	2.0
1420.6688800228883	0.02895999999986998	epochs	3.0
1420.6978400228882	0.028800000000046566	epochs	3.0
1420.7266400228882	0.05695999999988999	epochs	2.0
1420.7266400228882	0.028559999999970387	epochs	3.0
1420.7552000228882	0.0283999999999196	epochs	3.0
1420.783600022888	0.0562400000001162	epochs	2.0
1420.783600022888	0.028160000000070795	epochs	3.0
1420.8117600228882	0.028080000000045402	epochs	3.0
1420.8398400228882	0.055439999999862266	epochs	2.0
1420.8398400228882	0.027839999999969223	epochs	3.0
1420.8676800228882	0.027599999999893043	epochs	3.0
1420.895280022888	0.05488000000013926	epochs	2.0
1420.895280022888	0.027520000000095024	epochs	3.0
1420.9228000228882	0.027360000000044238	epochs	3.0
1420.9501600228882	0.05407999999988533	epochs	2.0
1420.9501600228882	0.02711999999996806	epochs	3.0
1420.9772800228882	0.026959999999917272	epochs	3.0
1421.004240022888	0.053440000000136934	epochs	2.0
1421.004240022888	0.02680000000009386	epochs	3.0
1421.0310400228882	0.026640000000043074	epochs	3.0
1421.0576800228882	0.05287999999995918	epochs	2.0
1421.0576800228882	0.026479999999992287	epochs	3.0
1421.0841600228882	0.026399999999966894	epochs	3.0
1421.1105600228882	0.05215999999995802	epochs	2.0
1421.1105600228882	0.026159999999890715	epochs	3.0
1421.136720022888	0.026000000000067303	epochs	3.0
1421.1627200228882	0.05151999999998225	epochs	2.0
1421.1627200228882	0.025840000000016516	epochs	3.0
1421.1885600228882	0.02567999999996573	epochs	3.0
1421.2142400228881	0.05096000000003187	epochs	2.0
1421.2142400228881	0.025599999999940337	epochs	3.0
1421.239840022888	0.02536000000009153	epochs	3.0
1421.2652000228882	0.05040000000008149	epochs	2.0
1421.2652000228882	0.02528000000006614	epochs	3.0
1421.2904800228882	0.025120000000015352	epochs	3.0
1421.3156000228882	0.049759999999878346	epochs	2.0
1421.3156000228882	0.024959999999964566	epochs	3.0
1421.3405600228882	0.02479999999991378	epochs	3.0
1421.3653600228881	0.04920000000015534	epochs	2.0
1421.3653600228881	0.024640000000090367	epochs	3.0
1421.3900000228882	0.024560000000064974	epochs	3.0
1421.4145600228883	0.04872000000000298	epochs	2.0
1421.4145600228883	0.024400000000014188	epochs	3.0
1421.4389600228883	0.024319999999988795	epochs	3.0
1421.4632800228883	0.04807999999979984	epochs	2.0
1421.4632800228883	0.024079999999912616	epochs	3.0
1421.4873600228882	0.023999999999887223	epochs	3.0
1421.511360022888	0.04760000000010223	epochs	2.0
1421.511360022888	0.02384000000006381	epochs	3.0
1421.5352000228881	0.023760000000038417	epochs	3.0
1421.5589600228882	0.04711999999994987	epochs	2.0
1421.5589600228882	0.02359999999998763	epochs	3.0
1421.5825600228882	0.023519999999962238	epochs	3.0
1421.6060800228881	0.04655999999999949	epochs	2.0
1421.6060800228881	0.023360000000138825	epochs	3.0
1421.6294400228883	0.023199999999860665	epochs	3.0
1421.6526400228881	0.046080000000074506	epochs	2.0
1421.6526400228881	0.023120000000062646	epochs	3.0
1421.6757600228882	0.02296000000001186	epochs	3.0
1421.6987200228882	0.04559999999992215	epochs	2.0
1421.6987200228882	0.022879999999986467	epochs	3.0
1421.7216000228882	0.02271999999993568	epochs	3.0
1421.7443200228881	0.04511999999999716	epochs	2.0
1421.7443200228881	0.02264000000013766	epochs	3.0
1421.7669600228883	0.0224799999998595	epochs	3.0
1421.7894400228881	0.04464000000007218	epochs	2.0
1421.7894400228881	0.022400000000061482	epochs	3.0
1421.8118400228882	0.022240000000010696	epochs	3.0
1421.8340800228882	0.04423999999994521	epochs	2.0
1421.8340800228882	0.022159999999985303	epochs	3.0
1421.8562400228882	0.02207999999995991	epochs	3.0
1421.8783200228881	0.04376000000002023	epochs	2.0
1421.8783200228881	0.021920000000136497	epochs	3.0
1421.9002400228883	0.02183999999988373	epochs	3.0
1421.9220800228882	0.043360000000120635	epochs	2.0
1421.9220800228882	0.02176000000008571	epochs	3.0
1421.9438400228883	0.021600000000034925	epochs	3.0
1421.9654400228883	0.04287999999996828	epochs	2.0
1421.9654400228883	0.02143999999998414	epochs	3.0
1421.9868800228883	0.02143999999998414	epochs	3.0
1422.0083200228883	0.04247999999984131	epochs	2.0
1422.0083200228883	0.021279999999933352	epochs	3.0
1422.0296000228882	0.02119999999990796	epochs	3.0
1422.050800022888	0.04208000000016909	epochs	2.0
1422.050800022888	0.021040000000084547	epochs	3.0
1422.0718400228882	0.021040000000084547	epochs	3.0
1422.0928800228883	0.041679999999814754	epochs	2.0
1422.0928800228883	0.020879999999806387	epochs	3.0
1422.113760022888	0.020800000000008367	epochs	3.0
1422.134560022888	0.04120000000011714	epochs	2.0
1422.134560022888	0.020640000000184955	epochs	3.0
1422.1552000228883	0.020559999999932188	epochs	3.0
1422.1757600228882	0.04088000000001557	epochs	2.0
1422.1757600228882	0.020559999999932188	epochs	3.0
1422.1963200228881	0.020320000000083382	epochs	3.0
1422.2166400228882	0.040559999999914	epochs	2.0
1422.2166400228882	0.02031999999985601	epochs	3.0
1422.236960022888	0.02024000000005799	epochs	3.0
1422.2572000228881	0.04007999999998901	epochs	2.0
1422.2572000228881	0.020080000000007203	epochs	3.0
1422.2772800228881	0.01999999999998181	epochs	3.0
1422.2972800228881	0.039760000000114815	epochs	2.0
1422.2972800228881	0.019919999999956417	epochs	3.0
1422.317200022888	0.019840000000158398	epochs	3.0
1422.3370400228882	0.03944000000001324	epochs	2.0
1422.3370400228882	0.01975999999990563	epochs	3.0
1422.3568000228881	0.01968000000010761	epochs	3.0
1422.3764800228882	0.03903999999988628	epochs	2.0
1422.3764800228882	0.01951999999982945	epochs	3.0
1422.396000022888	0.019520000000056825	epochs	3.0
1422.4155200228881	0.038639999999986685	epochs	2.0
1422.4155200228881	0.01936000000000604	epochs	3.0
1422.4348800228881	0.019279999999980646	epochs	3.0
1422.4541600228881	0.03840000000013788	epochs	2.0
1422.4541600228881	0.019279999999980646	epochs	3.0
1422.473440022888	0.019120000000157233	epochs	3.0
1422.4925600228883	0.038000000000010914	epochs	2.0
1422.4925600228883	0.019039999999904467	epochs	3.0
1422.5116000228882	0.018960000000106447	epochs	3.0
1422.5305600228883	0.03767999999990934	epochs	2.0
1422.5305600228883	0.01887999999985368	epochs	3.0
1422.5494400228881	0.01880000000005566	epochs	3.0
1422.5682400228882	0.03736000000003514	epochs	2.0
1422.5682400228882	0.018720000000030268	epochs	3.0
1422.5869600228882	0.018640000000004875	epochs	3.0
1422.6056000228882	0.03703999999993357	epochs	2.0
1422.6056000228882	0.018559999999979482	epochs	3.0
1422.6241600228882	0.01847999999995409	epochs	3.0
1422.6426400228881	0.03672000000005937	epochs	2.0
1422.6426400228881	0.018399999999928696	epochs	3.0
1422.661040022888	0.018320000000130676	epochs	3.0
1422.6793600228882	0.03647999999998319	epochs	2.0
1422.6793600228882	0.01823999999987791	epochs	3.0
1422.697600022888	0.018240000000105283	epochs	3.0
1422.7158400228882	0.0360800000000836	epochs	2.0
1422.7158400228882	0.018080000000054497	epochs	3.0
1422.7339200228882	0.018000000000029104	epochs	3.0
1422.7519200228883	0.03584000000000742	epochs	2.0
1422.7519200228883	0.01792000000000371	epochs	3.0
1422.7698400228883	0.01792000000000371	epochs	3.0
1422.7877600228883	0.03551999999990585	epochs	2.0
1422.7877600228883	0.017759999999952925	epochs	3.0
1422.8055200228882	0.017759999999952925	epochs	3.0
1422.8232800228882	0.03520000000003165	epochs	2.0
1422.8232800228882	0.01767999999992753	epochs	3.0
1422.840960022888	0.01752000000010412	epochs	3.0
1422.8584800228882	0.03495999999995547	epochs	2.0
1422.8584800228882	0.017519999999876745	epochs	3.0
1422.876000022888	0.017440000000078726	epochs	3.0
1422.8934400228882	0.034720000000106666	epochs	2.0
1422.8934400228882	0.017440000000078726	epochs	3.0
1422.9108800228883	0.01728000000002794	epochs	3.0
1422.9281600228883	0.03440000000000509	epochs	2.0
1422.9281600228883	0.017200000000002547	epochs	3.0
1422.9453600228883	0.017200000000002547	epochs	3.0
1422.9625600228883	0.034159999999928914	epochs	2.0
1422.9625600228883	0.017119999999977153	epochs	3.0
1422.9796800228883	0.01703999999995176	epochs	3.0
1422.9967200228882	0.033840000000054715	epochs	2.0
1422.9967200228882	0.016959999999926367	epochs	3.0
1423.0136800228881	0.016880000000128348	epochs	3.0
1423.0305600228883	0.033599999999978536	epochs	2.0
1423.0305600228883	0.01679999999987558	epochs	3.0
1423.0473600228881	0.016800000000102955	epochs	3.0
1423.0641600228882	0.03335999999990236	epochs	2.0
1423.0641600228882	0.016719999999850188	epochs	3.0
1423.080880022888	0.01664000000005217	epochs	3.0
1423.0975200228881	0.03312000000005355	epochs	2.0
1423.0975200228881	0.016560000000026776	epochs	3.0
1423.1140800228882	0.016560000000026776	epochs	3.0
1423.1306400228882	0.03279999999995198	epochs	2.0
1423.1306400228882	0.01639999999997599	epochs	3.0
1423.1470400228882	0.01639999999997599	epochs	3.0
1423.1634400228882	0.03256000000010317	epochs	2.0
1423.1634400228882	0.016319999999950596	epochs	3.0
1423.179760022888	0.016240000000152577	epochs	3.0
1423.1960000228883	0.03239999999982501	epochs	2.0
1423.1960000228883	0.016239999999925203	epochs	3.0
1423.2122400228882	0.01615999999989981	epochs	3.0
1423.228400022888	0.03208000000017819	epochs	2.0
1423.228400022888	0.01608000000010179	epochs	3.0
1423.2444800228882	0.016000000000076398	epochs	3.0
1423.2604800228883	0.03191999999990003	epochs	2.0
1423.2604800228883	0.015999999999849024	epochs	3.0
1423.276480022888	0.015920000000051004	epochs	3.0
1423.2924000228882	0.03160000000002583	epochs	2.0
1423.2924000228882	0.01584000000002561	epochs	3.0
1423.3082400228882	0.01576000000000022	epochs	3.0
1423.3240000228882	0.03143999999997504	epochs	2.0
1423.3240000228882	0.01576000000000022	epochs	3.0
1423.3397600228882	0.015679999999974825	epochs	3.0
1423.3554400228882	0.031200000000126238	epochs	2.0
1423.3554400228882	0.015599999999949432	epochs	3.0
1423.371040022888	0.015600000000176806	epochs	3.0
1423.3866400228883	0.030959999999822685	epochs	2.0
1423.3866400228883	0.015519999999924039	epochs	3.0
1423.4021600228882	0.015439999999898646	epochs	3.0
1423.417600022888	0.03071999999997388	epochs	2.0
1423.417600022888	0.01544000000012602	epochs	3.0
1423.4330400228882	0.01527999999984786	epochs	3.0
1423.448320022888	0.030560000000150467	epochs	2.0
1423.448320022888	0.015360000000100626	epochs	3.0
1423.4636800228882	0.01520000000004984	epochs	3.0
1423.4788800228882	0.030319999999846914	epochs	2.0
1423.4788800228882	0.01520000000004984	epochs	3.0
1423.4940800228883	0.015119999999797074	epochs	3.0
1423.509200022888	0.030079999999998108	epochs	2.0
1423.509200022888	0.015120000000024447	epochs	3.0
1423.524320022888	0.014959999999973661	epochs	3.0
1423.539280022888	0.029920000000174696	epochs	2.0
1423.539280022888	0.015039999999999054	epochs	3.0
1423.554320022888	0.014880000000175642	epochs	3.0
1423.5692000228883	0.029679999999871143	epochs	2.0
1423.5692000228883	0.014879999999948268	epochs	3.0
1423.5840800228882	0.014799999999922875	epochs	3.0
1423.5988800228881	0.02952000000004773	epochs	2.0
1423.5988800228881	0.014800000000150249	epochs	3.0
1423.6136800228883	0.014719999999897482	epochs	3.0
1423.6284000228882	0.02927999999997155	epochs	2.0
1423.6284000228882	0.014719999999897482	epochs	3.0
1423.643120022888	0.01456000000007407	epochs	3.0
1423.6576800228881	0.02912000000014814	epochs	2.0
1423.6576800228881	0.014640000000099462	epochs	3.0
1423.6723200228882	0.014480000000048676	epochs	3.0
1423.6868000228883	0.02895999999986998	epochs	2.0
1423.6868000228883	0.014479999999821302	epochs	3.0
1423.701280022888	0.014480000000048676	epochs	3.0
1423.7157600228882	0.02863999999999578	epochs	2.0
1423.7157600228882	0.01431999999999789	epochs	3.0
1423.7300800228882	0.01431999999999789	epochs	3.0
1423.7444000228882	0.028559999999970387	epochs	2.0
1423.7444000228882	0.01431999999999789	epochs	3.0
1423.7587200228882	0.014239999999972497	epochs	3.0
1423.7729600228881	0.02832000000012158	epochs	2.0
1423.7729600228881	0.014159999999947104	epochs	3.0
1423.787120022888	0.014160000000174477	epochs	3.0
1423.8012800228882	0.02815999999984342	epochs	2.0
1423.8012800228882	0.014159999999947104	epochs	3.0
1423.8154400228882	0.013999999999896318	epochs	3.0
1423.829440022888	0.02800000000002001	epochs	2.0
1423.829440022888	0.014000000000123691	epochs	3.0
1423.8434400228882	0.013999999999896318	epochs	3.0
1423.857440022888	0.027760000000171203	epochs	2.0
1423.857440022888	0.013920000000098298	epochs	3.0
1423.8713600228882	0.013840000000072905	epochs	3.0
1423.8852000228883	0.027679999999918437	epochs	2.0
1423.8852000228883	0.013839999999845531	epochs	3.0
1423.8990400228881	0.013840000000072905	epochs	3.0
1423.9128800228882	0.02744000000006963	epochs	2.0
1423.9128800228882	0.013760000000047512	epochs	3.0
1423.9266400228883	0.013680000000022119	epochs	3.0
1423.9403200228883	0.027280000000018845	epochs	2.0
1423.9403200228883	0.013680000000022119	epochs	3.0
1423.9540000228883	0.013599999999996726	epochs	3.0
1423.9676000228883	0.02711999999996806	epochs	2.0
1423.9676000228883	0.013519999999971333	epochs	3.0
1423.9811200228883	0.013599999999996726	epochs	3.0
1423.9947200228883	0.02687999999989188	epochs	2.0
1423.9947200228883	0.01343999999994594	epochs	3.0
1424.0081600228882	0.01343999999994594	epochs	3.0
1424.0216000228882	0.02680000000009386	epochs	2.0
1424.0216000228882	0.01343999999994594	epochs	3.0
1424.035040022888	0.01336000000014792	epochs	3.0
1424.0484000228882	0.02656000000001768	epochs	2.0
1424.0484000228882	0.013279999999895153	epochs	3.0
1424.0616800228881	0.013280000000122527	epochs	3.0
1424.0749600228883	0.026479999999992287	epochs	2.0
1424.0749600228883	0.013279999999895153	epochs	3.0
1424.0882400228882	0.013200000000097134	epochs	3.0
1424.1014400228883	0.026239999999916108	epochs	2.0
1424.1014400228883	0.013119999999844367	epochs	3.0
1424.114560022888	0.013120000000071741	epochs	3.0
1424.1276800228882	0.02616000000011809	epochs	2.0
1424.1276800228882	0.013120000000071741	epochs	3.0
1424.1408000228882	0.013040000000046348	epochs	3.0
1424.1538400228883	0.02599999999983993	epochs	2.0
1424.1538400228883	0.013039999999818974	epochs	3.0
1424.166880022888	0.012960000000020955	epochs	3.0
1424.1798400228881	0.025759999999991123	epochs	2.0
1424.1798400228881	0.012879999999995562	epochs	3.0
1424.1927200228881	0.012879999999995562	epochs	3.0
1424.2056000228881	0.02567999999996573	epochs	2.0
1424.2056000228881	0.012879999999995562	epochs	3.0
1424.2184800228881	0.012799999999970169	epochs	3.0
1424.231280022888	0.025520000000142318	epochs	2.0
1424.231280022888	0.012800000000197542	epochs	3.0
1424.2440800228883	0.012719999999944775	epochs	3.0
1424.2568000228882	0.025359999999864158	epochs	2.0
1424.2568000228882	0.012719999999944775	epochs	3.0
1424.2695200228882	0.012639999999919382	epochs	3.0
1424.282160022888	0.025200000000040745	epochs	2.0
1424.282160022888	0.012640000000146756	epochs	3.0
1424.2948000228882	0.01255999999989399	epochs	3.0
1424.3073600228881	0.024560000000064974	epochs	2.0
1424.3310310228883	0.5	epochs	-1.0
1424.3319200228882	0.5032799999999042	epochs	1.0
1424.835200022888	0.49664000000007036	epochs	0.0
1426.4159998893738	0.055920000000014625	epochs	0.0
1426.4159998893738	0.02296000000001186	epochs	1.0
1426.4389598893738	0.010080000000016298	epochs	1.0
1426.4490398893738	0.022879999999986467	epochs	1.0
1426.4719198893738	2.0	epochs	0.0
1428.4719198893738	21.50312000000008	epochs	0.0
1428.4719198893738	1.0	epochs	1.0
1428.4719908893737	0.5	epochs	-1.0
1428.9719908893737	19.99904000000015	epochs	-1.0
1429.4719198893738	20.0	epochs	1.0
1429.4719198893738	8.000000002539309e-05	epochs	2.0
1429.4719998893738	4.356719999999996	epochs	-1.0
1429.4719998893738	1.974559999999883	epochs	2.0
1429.4719998893738	1.0985599999999067	epochs	3.0
1430.5705598893737	0.8759999999999764	epochs	3.0
1431.4465598893737	1.3523999999999887	epochs	2.0
1431.4465598893737	0.7286400000000413	epochs	3.0
1432.1751998893737	0.6237599999999475	epochs	3.0
1432.7989598893737	1.029760000000124	epochs	2.0
1432.7989598893737	0.5453600000000733	epochs	3.0
1433.3443198893738	0.48440000000005057	epochs	3.0
1433.8287198893738	0.8317600000000311	epochs	2.0
1433.8287198893738	0.435760000000073	epochs	3.0
1434.264479889374	0.39599999999995816	epochs	3.0
1434.6604798893738	0.697840000000042	epochs	2.0
1434.6604798893738	0.3628799999999046	epochs	3.0
1435.0233598893738	0.33496000000013737	epochs	3.0
1435.358319889374	0.6010399999997844	epochs	2.0
1435.358319889374	0.3108799999999974	epochs	3.0
1435.6691998893739	0.29015999999978703	epochs	3.0
1435.9593598893737	0.5278400000001966	epochs	2.0
1435.9593598893737	0.2719200000001365	epochs	3.0
1436.2312798893738	0.2559200000000601	epochs	3.0
1436.4871998893739	0.47064000000000306	epochs	2.0
1436.4871998893739	0.24167999999986023	epochs	3.0
1436.7288798893737	0.22896000000014283	epochs	3.0
1436.9578398893739	0.42455999999992855	epochs	2.0
1436.9578398893739	0.21743999999989683	epochs	3.0
1437.1752798893738	0.20712000000003172	epochs	3.0
1437.3823998893738	0.3867199999999684	epochs	2.0
1437.3823998893738	0.1976799999999912	epochs	3.0
1437.5800798893738	0.18903999999997723	epochs	3.0
1437.7691198893738	0.3551199999999426	epochs	2.0
1437.7691198893738	0.1811999999999898	epochs	3.0
1437.9503198893738	0.17391999999995278	epochs	3.0
1438.1242398893737	0.3282400000000507	epochs	2.0
1438.1242398893737	0.1672000000000935	epochs	3.0
1438.2914398893738	0.16103999999995722	epochs	3.0
1438.4524798893738	0.30520000000001346	epochs	2.0
1438.4524798893738	0.1552799999999479	epochs	3.0
1438.6077598893737	0.14992000000006556	epochs	3.0
1438.7576798893738	0.28512000000000626	epochs	2.0
1438.7576798893738	0.1448800000000574	epochs	3.0
1438.9025598893738	0.14023999999994885	epochs	3.0
1439.0427998893738	0.2675200000001041	epochs	2.0
1439.0427998893738	0.13583999999991647	epochs	3.0
1439.1786398893737	0.13168000000018765	epochs	3.0
1439.310319889374	0.2520799999999781	epochs	2.0
1439.310319889374	0.12783999999987827	epochs	3.0
1439.4381598893738	0.12424000000009983	epochs	3.0
1439.5623998893739	0.2381599999998798	epochs	2.0
1439.5623998893739	0.12071999999989202	epochs	3.0
1439.6831198893738	0.11743999999998778	epochs	3.0
1439.8005598893737	0.225840000000062	epochs	2.0
1439.8005598893737	0.11439999999993233	epochs	3.0
1439.9149598893737	0.11144000000012966	epochs	3.0
1440.0263998893738	0.21463999999991756	epochs	2.0
1440.0263998893738	0.10863999999992302	epochs	3.0
1440.1350398893737	0.10599999999999454	epochs	3.0
1440.2410398893737	0.20448000000010325	epochs	2.0
1440.2410398893737	0.10344000000009146	epochs	3.0
1440.3444798893738	0.10104000000001179	epochs	3.0
1440.4455198893738	0.19535999999993692	epochs	2.0
1440.4455198893738	0.0987999999999829	epochs	3.0
1440.5443198893738	0.09655999999995402	epochs	3.0
1440.6408798893738	0.18695999999999913	epochs	2.0
1440.6408798893738	0.09447999999997592	epochs	3.0
1440.7353598893737	0.09248000000002321	epochs	3.0
1440.8278398893738	0.1792000000000371	epochs	2.0
1440.8278398893738	0.0904800000000705	epochs	3.0
1440.9183198893738	0.0887199999999666	epochs	3.0
1441.0070398893738	0.17208000000005086	epochs	2.0
1441.0070398893738	0.08688000000006468	epochs	3.0
1441.0939198893739	0.08519999999998618	epochs	3.0
1441.1791198893739	0.165520000000015	epochs	2.0
1441.1791198893739	0.08359999999993306	epochs	3.0
1441.2627198893738	0.08192000000008193	epochs	3.0
1441.3446398893739	0.1595199999999295	epochs	2.0
1441.3446398893739	0.08047999999985223	epochs	3.0
1441.4251198893737	0.07904000000007727	epochs	3.0
1441.5041598893738	0.15375999999992018	epochs	2.0
1441.5041598893738	0.07760000000007494	epochs	3.0
1441.5817598893739	0.07615999999984524	epochs	3.0
1441.6579198893737	0.14856000000008862	epochs	2.0
1441.6579198893737	0.07496000000014647	epochs	3.0
1441.7328798893739	0.07359999999994216	epochs	3.0
1441.8064798893738	0.14367999999990388	epochs	2.0
1441.8064798893738	0.0724800000000414	epochs	3.0
1441.8789598893738	0.07119999999986248	epochs	3.0
1441.9501598893737	0.1390400000000227	epochs	2.0
1441.9501598893737	0.07007999999996173	epochs	3.0
1442.0202398893737	0.06896000000006097	epochs	3.0
1442.0891998893737	0.13472000000001572	epochs	2.0
1442.0891998893737	0.06791999999995824	epochs	3.0
1442.1571198893737	0.06680000000005748	epochs	3.0
1442.2239198893737	0.1307200000001103	epochs	2.0
1442.2239198893737	0.06583999999998014	epochs	3.0
1442.2897598893737	0.06488000000013017	epochs	3.0
1442.3546398893739	0.1268000000000029	epochs	2.0
1442.3546398893739	0.06384000000002743	epochs	3.0
1442.4184798893739	0.06295999999997548	epochs	3.0
1442.4814398893739	0.12328000000002248	epochs	2.0
1442.4814398893739	0.06207999999992353	epochs	3.0
1442.5435198893738	0.06120000000009895	epochs	3.0
1442.6047198893739	0.11983999999984007	epochs	2.0
1442.6047198893739	0.06031999999981963	epochs	3.0
1442.6650398893737	0.059520000000020445	epochs	3.0
1442.7245598893737	0.11663999999996122	epochs	2.0
1442.7245598893737	0.05871999999999389	epochs	3.0
1442.7832798893737	0.05791999999996733	epochs	3.0
1442.8411998893737	0.11360000000013315	epochs	2.0
1442.8411998893737	0.05720000000019354	epochs	3.0
1442.8983998893739	0.05639999999993961	epochs	3.0
1442.9547998893738	0.11071999999990112	epochs	2.0
1442.9547998893738	0.055679999999938445	epochs	3.0
1443.0104798893738	0.055039999999962674	epochs	3.0
1443.0655198893737	0.10792000000014923	epochs	2.0
1443.0655198893737	0.05424000000016349	epochs	3.0
1443.1197598893739	0.05367999999998574	epochs	3.0
1443.1734398893739	0.10527999999999338	epochs	2.0
1443.1734398893739	0.052959999999984575	epochs	3.0
1443.2263998893739	0.052320000000008804	epochs	3.0
1443.2787198893739	0.10287999999991371	epochs	2.0
1443.2787198893739	0.05175999999983105	epochs	3.0
1443.3304798893737	0.051120000000082655	epochs	3.0
1443.3815998893738	0.10040000000003602	epochs	2.0
1443.3815998893738	0.050480000000106884	epochs	3.0
1443.4320798893739	0.04991999999992913	epochs	3.0
1443.4819998893738	0.09824000000003252	epochs	2.0
1443.4819998893738	0.049359999999978754	epochs	3.0
1443.5313598893738	0.04888000000005377	epochs	3.0
1443.5802398893738	0.09600000000000364	epochs	2.0
1443.5802398893738	0.048239999999850625	epochs	3.0
1443.6284798893737	0.04776000000015301	epochs	3.0
1443.6762398893738	0.09392000000002554	epochs	2.0
1443.6762398893738	0.04719999999997526	epochs	3.0
1443.7234398893738	0.04672000000005028	epochs	3.0
1443.7701598893739	0.09191999999984546	epochs	2.0
1443.7701598893739	0.046159999999872525	epochs	3.0
1443.8163198893737	0.04575999999997293	epochs	3.0
1443.8620798893737	0.09008000000017091	epochs	2.0
1443.8620798893737	0.04528000000004795	epochs	3.0
1443.9073598893738	0.044800000000122964	epochs	3.0
1443.952159889374	0.08815999999978885	epochs	2.0
1443.952159889374	0.044319999999970605	epochs	3.0
1443.9964798893739	0.04383999999981825	epochs	3.0
1444.0403198893737	0.08648000000016509	epochs	2.0
1444.0403198893737	0.04344000000014603	epochs	3.0
1444.0837598893738	0.04304000000001906	epochs	3.0
1444.1267998893738	0.08471999999983382	epochs	2.0
1444.1267998893738	0.042559999999866704	epochs	3.0
1444.1693598893737	0.04215999999996711	epochs	3.0
1444.2115198893737	0.08320000000003347	epochs	2.0
1444.2115198893737	0.04176000000006752	epochs	3.0
1444.2532798893737	0.04143999999996595	epochs	3.0
1444.2947198893737	0.08151999999995496	epochs	2.0
1444.2947198893737	0.040960000000040964	epochs	3.0
1444.3356798893738	0.040559999999914	epochs	3.0
1444.3762398893737	0.08008000000018001	epochs	2.0
1444.3762398893737	0.0402400000000398	epochs	3.0
1444.4164798893737	0.03984000000014021	epochs	3.0
1444.4563198893738	0.0786399999999503	epochs	2.0
1444.4563198893738	0.039520000000038635	epochs	3.0
1444.4958398893739	0.03911999999991167	epochs	3.0
1444.5349598893738	0.07719999999994798	epochs	2.0
1444.5349598893738	0.03880000000003747	epochs	3.0
1444.5737598893738	0.038399999999910506	epochs	3.0
1444.6121598893737	0.07591999999999643	epochs	2.0
1444.6121598893737	0.0381600000000617	epochs	3.0
1444.6503198893738	0.037759999999934735	epochs	3.0
1444.6880798893737	0.0745600000000195	epochs	2.0
1444.6880798893737	0.037440000000060536	epochs	3.0
1444.7255198893738	0.037119999999958964	epochs	3.0
1444.7626398893738	0.07336000000009335	epochs	2.0
1444.7626398893738	0.036800000000084765	epochs	3.0
1444.7994398893738	0.036560000000008586	epochs	3.0
1444.8359998893739	0.07207999999991443	epochs	2.0
1444.8359998893739	0.03615999999988162	epochs	3.0
1444.8721598893737	0.035920000000032815	epochs	3.0
1444.9080798893738	0.07087999999998829	epochs	2.0
1444.9080798893738	0.03559999999993124	epochs	3.0
1444.9436798893737	0.035280000000057044	epochs	3.0
1444.9789598893738	0.06984000000011292	epochs	2.0
1444.9789598893738	0.035039999999980864	epochs	3.0
1445.0139998893737	0.03480000000013206	epochs	3.0
1445.0487998893739	0.0686399999999594	epochs	2.0
1445.0487998893739	0.03447999999980311	epochs	3.0
1445.0832798893737	0.03416000000015629	epochs	3.0
1445.1174398893738	0.06759999999985666	epochs	2.0
1445.1174398893738	0.033919999999852735	epochs	3.0
1445.1513598893737	0.03368000000000393	epochs	3.0
1445.1850398893737	0.0665599999999813	epochs	2.0
1445.1850398893737	0.03344000000015512	epochs	3.0
1445.2184798893738	0.03311999999982618	epochs	3.0
1445.2515998893737	0.06560000000013133	epochs	2.0
1445.2515998893737	0.032960000000002765	epochs	3.0
1445.2845598893737	0.032640000000128566	epochs	3.0
1445.3171998893738	0.0645600000000286	epochs	2.0
1445.3171998893738	0.03240000000005239	epochs	3.0
1445.3495998893738	0.03215999999997621	epochs	3.0
1445.3817598893738	0.06367999999997664	epochs	2.0
1445.3817598893738	0.03199999999992542	epochs	3.0
1445.4137598893738	0.03168000000005122	epochs	3.0
1445.4454398893738	0.0627199999998993	epochs	2.0
1445.4454398893738	0.03143999999997504	epochs	3.0
1445.4768798893738	0.03127999999992426	epochs	3.0
1445.5081598893737	0.061840000000074724	epochs	2.0
1445.5081598893737	0.03104000000007545	epochs	3.0
1445.5391998893738	0.030799999999999272	epochs	3.0
1445.5699998893738	0.060960000000022774	epochs	2.0
1445.5699998893738	0.030559999999923093	epochs	3.0
1445.6005598893737	0.03040000000009968	epochs	3.0
1445.6309598893738	0.060159999999996217	epochs	2.0
1445.6309598893738	0.0301600000000235	epochs	3.0
1445.6611198893738	0.029999999999972715	epochs	3.0
1445.6911198893738	0.059279999999944266	epochs	2.0
1445.6911198893738	0.029679999999871143	epochs	3.0
1445.7207998893737	0.029600000000073123	epochs	3.0
1445.7503998893737	0.05848000000014508	epochs	2.0
1445.7503998893737	0.029359999999996944	epochs	3.0
1445.7797598893737	0.02912000000014814	epochs	3.0
1445.8088798893739	0.057759999999916545	epochs	2.0
1445.8088798893739	0.02895999999986998	epochs	3.0
1445.8378398893738	0.028800000000046566	epochs	3.0
1445.8666398893738	0.05695999999988999	epochs	2.0
1445.8666398893738	0.028559999999970387	epochs	3.0
1445.8951998893738	0.0283999999999196	epochs	3.0
1445.9235998893737	0.0562400000001162	epochs	2.0
1445.9235998893737	0.028160000000070795	epochs	3.0
1445.9517598893738	0.028080000000045402	epochs	3.0
1445.9798398893738	0.055439999999862266	epochs	2.0
1445.9798398893738	0.027839999999969223	epochs	3.0
1446.0076798893738	0.027599999999893043	epochs	3.0
1446.0352798893737	0.05488000000013926	epochs	2.0
1446.0352798893737	0.027520000000095024	epochs	3.0
1446.0627998893738	0.027360000000044238	epochs	3.0
1446.0901598893738	0.05407999999988533	epochs	2.0
1446.0901598893738	0.02711999999996806	epochs	3.0
1446.1172798893738	0.026959999999917272	epochs	3.0
1446.1442398893737	0.053440000000136934	epochs	2.0
1446.1442398893737	0.02680000000009386	epochs	3.0
1446.1710398893738	0.026640000000043074	epochs	3.0
1446.1976798893738	0.05287999999995918	epochs	2.0
1446.1976798893738	0.026479999999992287	epochs	3.0
1446.2241598893738	0.026399999999966894	epochs	3.0
1446.2505598893738	0.05215999999995802	epochs	2.0
1446.2505598893738	0.026159999999890715	epochs	3.0
1446.2767198893737	0.026000000000067303	epochs	3.0
1446.3027198893737	0.05151999999998225	epochs	2.0
1446.3027198893737	0.025840000000016516	epochs	3.0
1446.3285598893738	0.02567999999996573	epochs	3.0
1446.3542398893737	0.05096000000003187	epochs	2.0
1446.3542398893737	0.025599999999940337	epochs	3.0
1446.3798398893737	0.02536000000009153	epochs	3.0
1446.4051998893738	0.05040000000008149	epochs	2.0
1446.4051998893738	0.02528000000006614	epochs	3.0
1446.4304798893738	0.025120000000015352	epochs	3.0
1446.4555998893738	0.049759999999878346	epochs	2.0
1446.4555998893738	0.024959999999964566	epochs	3.0
1446.4805598893738	0.02479999999991378	epochs	3.0
1446.5053598893737	0.04920000000015534	epochs	2.0
1446.5053598893737	0.024640000000090367	epochs	3.0
1446.5299998893738	0.024560000000064974	epochs	3.0
1446.5545598893739	0.04872000000000298	epochs	2.0
1446.5545598893739	0.024400000000014188	epochs	3.0
1446.578959889374	0.024319999999988795	epochs	3.0
1446.6032798893739	0.04807999999979984	epochs	2.0
1446.6032798893739	0.024079999999912616	epochs	3.0
1446.6273598893738	0.023999999999887223	epochs	3.0
1446.6513598893737	0.04760000000010223	epochs	2.0
1446.6513598893737	0.02384000000006381	epochs	3.0
1446.6751998893737	0.023760000000038417	epochs	3.0
1446.6989598893738	0.04711999999994987	epochs	2.0
1446.6989598893738	0.02359999999998763	epochs	3.0
1446.7225598893738	0.023519999999962238	epochs	3.0
1446.7460798893737	0.04655999999999949	epochs	2.0
1446.7460798893737	0.023360000000138825	epochs	3.0
1446.7694398893739	0.023199999999860665	epochs	3.0
1446.7926398893737	0.046080000000074506	epochs	2.0
1446.7926398893737	0.023120000000062646	epochs	3.0
1446.8157598893738	0.02296000000001186	epochs	3.0
1446.8387198893738	0.04559999999992215	epochs	2.0
1446.8387198893738	0.022879999999986467	epochs	3.0
1446.8615998893738	0.02271999999993568	epochs	3.0
1446.8843198893737	0.04511999999999716	epochs	2.0
1446.8843198893737	0.02264000000013766	epochs	3.0
1446.9069598893739	0.0224799999998595	epochs	3.0
1446.9294398893737	0.04464000000007218	epochs	2.0
1446.9294398893737	0.022400000000061482	epochs	3.0
1446.9518398893738	0.022240000000010696	epochs	3.0
1446.9740798893738	0.04423999999994521	epochs	2.0
1446.9740798893738	0.022159999999985303	epochs	3.0
1446.9962398893738	0.02207999999995991	epochs	3.0
1447.0183198893737	0.04376000000002023	epochs	2.0
1447.0183198893737	0.021920000000136497	epochs	3.0
1447.0402398893739	0.02183999999988373	epochs	3.0
1447.0620798893738	0.043360000000120635	epochs	2.0
1447.0620798893738	0.02176000000008571	epochs	3.0
1447.0838398893738	0.021600000000034925	epochs	3.0
1447.1054398893739	0.04287999999996828	epochs	2.0
1447.1054398893739	0.02143999999998414	epochs	3.0
1447.1268798893739	0.02143999999998414	epochs	3.0
1447.1483198893739	0.04247999999984131	epochs	2.0
1447.1483198893739	0.021279999999933352	epochs	3.0
1447.1695998893738	0.02119999999990796	epochs	3.0
1447.1907998893737	0.04208000000016909	epochs	2.0
1447.1907998893737	0.021040000000084547	epochs	3.0
1447.2118398893738	0.021040000000084547	epochs	3.0
1447.2328798893739	0.041679999999814754	epochs	2.0
1447.2328798893739	0.020879999999806387	epochs	3.0
1447.2537598893737	0.020800000000008367	epochs	3.0
1447.2745598893737	0.04120000000011714	epochs	2.0
1447.2745598893737	0.020640000000184955	epochs	3.0
1447.2951998893739	0.020559999999932188	epochs	3.0
1447.3157598893738	0.04088000000001557	epochs	2.0
1447.3157598893738	0.020559999999932188	epochs	3.0
1447.3363198893737	0.020320000000083382	epochs	3.0
1447.3566398893738	0.040559999999914	epochs	2.0
1447.3566398893738	0.02031999999985601	epochs	3.0
1447.3769598893737	0.02024000000005799	epochs	3.0
1447.3971998893737	0.04007999999998901	epochs	2.0
1447.3971998893737	0.020080000000007203	epochs	3.0
1447.4172798893737	0.01999999999998181	epochs	3.0
1447.4372798893737	0.039760000000114815	epochs	2.0
1447.4372798893737	0.019919999999956417	epochs	3.0
1447.4571998893737	0.019840000000158398	epochs	3.0
1447.4770398893738	0.03944000000001324	epochs	2.0
1447.4770398893738	0.01975999999990563	epochs	3.0
1447.4967998893737	0.01968000000010761	epochs	3.0
1447.5164798893738	0.03903999999988628	epochs	2.0
1447.5164798893738	0.01951999999982945	epochs	3.0
1447.5359998893737	0.019520000000056825	epochs	3.0
1447.5555198893737	0.038639999999986685	epochs	2.0
1447.5555198893737	0.01936000000000604	epochs	3.0
1447.5748798893737	0.019279999999980646	epochs	3.0
1447.5941598893737	0.03840000000013788	epochs	2.0
1447.5941598893737	0.019279999999980646	epochs	3.0
1447.6134398893737	0.019120000000157233	epochs	3.0
1447.6325598893739	0.038000000000010914	epochs	2.0
1447.6325598893739	0.019039999999904467	epochs	3.0
1447.6515998893738	0.018960000000106447	epochs	3.0
1447.6705598893739	0.03767999999990934	epochs	2.0
1447.6705598893739	0.01887999999985368	epochs	3.0
1447.6894398893737	0.01880000000005566	epochs	3.0
1447.7082398893738	0.03736000000003514	epochs	2.0
1447.7082398893738	0.018720000000030268	epochs	3.0
1447.7269598893738	0.018640000000004875	epochs	3.0
1447.7455998893738	0.03703999999993357	epochs	2.0
1447.7455998893738	0.018559999999979482	epochs	3.0
1447.7641598893738	0.01847999999995409	epochs	3.0
1447.7826398893737	0.03672000000005937	epochs	2.0
1447.7826398893737	0.018399999999928696	epochs	3.0
1447.8010398893737	0.018320000000130676	epochs	3.0
1447.8193598893738	0.03647999999998319	epochs	2.0
1447.8193598893738	0.01823999999987791	epochs	3.0
1447.8375998893737	0.018240000000105283	epochs	3.0
1447.8558398893738	0.0360800000000836	epochs	2.0
1447.8558398893738	0.018080000000054497	epochs	3.0
1447.8739198893738	0.018000000000029104	epochs	3.0
1447.8919198893739	0.03584000000000742	epochs	2.0
1447.8919198893739	0.01792000000000371	epochs	3.0
1447.9098398893739	0.01792000000000371	epochs	3.0
1447.9277598893739	0.03551999999990585	epochs	2.0
1447.9277598893739	0.017759999999952925	epochs	3.0
1447.9455198893738	0.017759999999952925	epochs	3.0
1447.9632798893738	0.03520000000003165	epochs	2.0
1447.9632798893738	0.01767999999992753	epochs	3.0
1447.9809598893737	0.01752000000010412	epochs	3.0
1447.9984798893738	0.03495999999995547	epochs	2.0
1447.9984798893738	0.017519999999876745	epochs	3.0
1448.0159998893737	0.017440000000078726	epochs	3.0
1448.0334398893738	0.034720000000106666	epochs	2.0
1448.0334398893738	0.017440000000078726	epochs	3.0
1448.0508798893738	0.01728000000002794	epochs	3.0
1448.0681598893739	0.03440000000000509	epochs	2.0
1448.0681598893739	0.017200000000002547	epochs	3.0
1448.0853598893739	0.017200000000002547	epochs	3.0
1448.1025598893739	0.034159999999928914	epochs	2.0
1448.1025598893739	0.017119999999977153	epochs	3.0
1448.1196798893739	0.01703999999995176	epochs	3.0
1448.1367198893738	0.033840000000054715	epochs	2.0
1448.1367198893738	0.016959999999926367	epochs	3.0
1448.1536798893737	0.016880000000128348	epochs	3.0
1448.1705598893739	0.033599999999978536	epochs	2.0
1448.1705598893739	0.01679999999987558	epochs	3.0
1448.1873598893737	0.016800000000102955	epochs	3.0
1448.2041598893738	0.03335999999990236	epochs	2.0
1448.2041598893738	0.016719999999850188	epochs	3.0
1448.2208798893737	0.01664000000005217	epochs	3.0
1448.2375198893737	0.03312000000005355	epochs	2.0
1448.2375198893737	0.016560000000026776	epochs	3.0
1448.2540798893738	0.016560000000026776	epochs	3.0
1448.2706398893738	0.03279999999995198	epochs	2.0
1448.2706398893738	0.01639999999997599	epochs	3.0
1448.2870398893738	0.01639999999997599	epochs	3.0
1448.3034398893737	0.03256000000010317	epochs	2.0
1448.3034398893737	0.016319999999950596	epochs	3.0
1448.3197598893737	0.016240000000152577	epochs	3.0
1448.3359998893739	0.03239999999982501	epochs	2.0
1448.3359998893739	0.016239999999925203	epochs	3.0
1448.3522398893738	0.01615999999989981	epochs	3.0
1448.3683998893737	0.03208000000017819	epochs	2.0
1448.3683998893737	0.01608000000010179	epochs	3.0
1448.3844798893738	0.016000000000076398	epochs	3.0
1448.4004798893739	0.03191999999990003	epochs	2.0
1448.4004798893739	0.015999999999849024	epochs	3.0
1448.4164798893737	0.015920000000051004	epochs	3.0
1448.4323998893738	0.03160000000002583	epochs	2.0
1448.4323998893738	0.01584000000002561	epochs	3.0
1448.4482398893738	0.01576000000000022	epochs	3.0
1448.4639998893738	0.03143999999997504	epochs	2.0
1448.4639998893738	0.01576000000000022	epochs	3.0
1448.4797598893738	0.015679999999974825	epochs	3.0
1448.4954398893738	0.031200000000126238	epochs	2.0
1448.4954398893738	0.015599999999949432	epochs	3.0
1448.5110398893737	0.015600000000176806	epochs	3.0
1448.5266398893739	0.030959999999822685	epochs	2.0
1448.5266398893739	0.015519999999924039	epochs	3.0
1448.5421598893738	0.015439999999898646	epochs	3.0
1448.5575998893737	0.03071999999997388	epochs	2.0
1448.5575998893737	0.01544000000012602	epochs	3.0
1448.5730398893738	0.01527999999984786	epochs	3.0
1448.5883198893737	0.030560000000150467	epochs	2.0
1448.5883198893737	0.015360000000100626	epochs	3.0
1448.6036798893738	0.01520000000004984	epochs	3.0
1448.6188798893738	0.030319999999846914	epochs	2.0
1448.6188798893738	0.01520000000004984	epochs	3.0
1448.6340798893739	0.015119999999797074	epochs	3.0
1448.6491998893737	0.030079999999998108	epochs	2.0
1448.6491998893737	0.015120000000024447	epochs	3.0
1448.6643198893737	0.014959999999973661	epochs	3.0
1448.6792798893737	0.029920000000174696	epochs	2.0
1448.6792798893737	0.015039999999999054	epochs	3.0
1448.6943198893737	0.014880000000175642	epochs	3.0
1448.7091998893738	0.029679999999871143	epochs	2.0
1448.7091998893738	0.014879999999948268	epochs	3.0
1448.7240798893738	0.014799999999922875	epochs	3.0
1448.7388798893737	0.02952000000004773	epochs	2.0
1448.7388798893737	0.014800000000150249	epochs	3.0
1448.7536798893739	0.014719999999897482	epochs	3.0
1448.7683998893738	0.02927999999997155	epochs	2.0
1448.7683998893738	0.014719999999897482	epochs	3.0
1448.7831198893737	0.01456000000007407	epochs	3.0
1448.7976798893737	0.02912000000014814	epochs	2.0
1448.7976798893737	0.014640000000099462	epochs	3.0
1448.8123198893738	0.014480000000048676	epochs	3.0
1448.826799889374	0.02895999999986998	epochs	2.0
1448.826799889374	0.014479999999821302	epochs	3.0
1448.8412798893737	0.014480000000048676	epochs	3.0
1448.8557598893738	0.02863999999999578	epochs	2.0
1448.8557598893738	0.01431999999999789	epochs	3.0
1448.8700798893738	0.01431999999999789	epochs	3.0
1448.8843998893738	0.028559999999970387	epochs	2.0
1448.8843998893738	0.01431999999999789	epochs	3.0
1448.8987198893738	0.014239999999972497	epochs	3.0
1448.9129598893737	0.02832000000012158	epochs	2.0
1448.9129598893737	0.014159999999947104	epochs	3.0
1448.9271198893737	0.014160000000174477	epochs	3.0
1448.9412798893738	0.02815999999984342	epochs	2.0
1448.9412798893738	0.014159999999947104	epochs	3.0
1448.9554398893738	0.013999999999896318	epochs	3.0
1448.9694398893737	0.02800000000002001	epochs	2.0
1448.9694398893737	0.014000000000123691	epochs	3.0
1448.9834398893738	0.013999999999896318	epochs	3.0
1448.9974398893737	0.027760000000171203	epochs	2.0
1448.9974398893737	0.013920000000098298	epochs	3.0
1449.0113598893738	0.013840000000072905	epochs	3.0
1449.0251998893739	0.027679999999918437	epochs	2.0
1449.0251998893739	0.013839999999845531	epochs	3.0
1449.0390398893737	0.013840000000072905	epochs	3.0
1449.0528798893738	0.02744000000006963	epochs	2.0
1449.0528798893738	0.013760000000047512	epochs	3.0
1449.0666398893738	0.013680000000022119	epochs	3.0
1449.0803198893739	0.027280000000018845	epochs	2.0
1449.0803198893739	0.013680000000022119	epochs	3.0
1449.093999889374	0.013599999999996726	epochs	3.0
1449.107599889374	0.02711999999996806	epochs	2.0
1449.107599889374	0.013519999999971333	epochs	3.0
1449.1211198893739	0.013599999999996726	epochs	3.0
1449.1347198893739	0.02687999999989188	epochs	2.0
1449.1347198893739	0.01343999999994594	epochs	3.0
1449.1481598893738	0.01343999999994594	epochs	3.0
1449.1615998893737	0.02680000000009386	epochs	2.0
1449.1615998893737	0.01343999999994594	epochs	3.0
1449.1750398893737	0.01336000000014792	epochs	3.0
1449.1883998893738	0.02656000000001768	epochs	2.0
1449.1883998893738	0.013279999999895153	epochs	3.0
1449.2016798893737	0.013280000000122527	epochs	3.0
1449.2149598893739	0.026479999999992287	epochs	2.0
1449.2149598893739	0.013279999999895153	epochs	3.0
1449.2282398893738	0.013200000000097134	epochs	3.0
1449.2414398893739	0.026239999999916108	epochs	2.0
1449.2414398893739	0.013119999999844367	epochs	3.0
1449.2545598893737	0.013120000000071741	epochs	3.0
1449.2676798893738	0.02616000000011809	epochs	2.0
1449.2676798893738	0.013120000000071741	epochs	3.0
1449.2807998893738	0.013040000000046348	epochs	3.0
1449.2938398893739	0.02599999999983993	epochs	2.0
1449.2938398893739	0.013039999999818974	epochs	3.0
1449.3068798893737	0.012960000000020955	epochs	3.0
1449.3198398893737	0.025759999999991123	epochs	2.0
1449.3198398893737	0.012879999999995562	epochs	3.0
1449.3327198893737	0.012879999999995562	epochs	3.0
1449.3455998893737	0.02567999999996573	epochs	2.0
1449.3455998893737	0.012879999999995562	epochs	3.0
1449.3584798893737	0.012799999999970169	epochs	3.0
1449.3712798893737	0.025520000000142318	epochs	2.0
1449.3712798893737	0.012800000000197542	epochs	3.0
1449.3840798893739	0.012719999999944775	epochs	3.0
1449.3967998893738	0.025359999999864158	epochs	2.0
1449.3967998893738	0.012719999999944775	epochs	3.0
1449.4095198893738	0.012639999999919382	epochs	3.0
1449.4221598893737	0.025200000000040745	epochs	2.0
1449.4221598893737	0.012640000000146756	epochs	3.0
1449.4347998893738	0.01255999999989399	epochs	3.0
1449.4473598893737	0.024560000000064974	epochs	2.0
1449.4710308893739	0.5	epochs	-1.0
1449.4719198893738	0.5031200000000808	epochs	1.0
1449.9750398893739	0.49679999999989377	epochs	0.0
1451.3429999351501	0.055920000000014625	epochs	0.0
1451.3429999351501	0.02296000000001186	epochs	1.0
1451.3659599351502	0.010080000000016298	epochs	1.0
1451.3760399351502	0.022879999999986467	epochs	1.0
1451.3989199351502	2.0	epochs	0.0
1453.3989199351502	21.502880000000005	epochs	0.0
1453.3989199351502	1.0	epochs	1.0
1453.39899093515	0.5	epochs	-1.0
1453.89899093515	19.99904000000015	epochs	-1.0
1454.3989199351502	20.0	epochs	1.0
1454.3989199351502	8.000000002539309e-05	epochs	2.0
1454.3989999351502	4.356719999999996	epochs	-1.0
1454.3989999351502	1.974559999999883	epochs	2.0
1454.3989999351502	1.0985599999999067	epochs	3.0
1455.49755993515	0.8759999999999764	epochs	3.0
1456.37355993515	1.3523999999999887	epochs	2.0
1456.37355993515	0.7286400000000413	epochs	3.0
1457.10219993515	0.6237599999999475	epochs	3.0
1457.72595993515	1.029760000000124	epochs	2.0
1457.72595993515	0.5453600000000733	epochs	3.0
1458.2713199351501	0.48440000000005057	epochs	3.0
1458.7557199351502	0.8317600000000311	epochs	2.0
1458.7557199351502	0.435760000000073	epochs	3.0
1459.1914799351503	0.39599999999995816	epochs	3.0
1459.5874799351502	0.697840000000042	epochs	2.0
1459.5874799351502	0.3628799999999046	epochs	3.0
1459.9503599351501	0.33496000000013737	epochs	3.0
1460.2853199351503	0.6010399999997844	epochs	2.0
1460.2853199351503	0.3108799999999974	epochs	3.0
1460.5961999351503	0.29015999999978703	epochs	3.0
1460.88635993515	0.5278400000001966	epochs	2.0
1460.88635993515	0.2719200000001365	epochs	3.0
1461.1582799351502	0.2559200000000601	epochs	3.0
1461.4141999351502	0.47064000000000306	epochs	2.0
1461.4141999351502	0.24167999999986023	epochs	3.0
1461.65587993515	0.22896000000014283	epochs	3.0
1461.8848399351502	0.42455999999992855	epochs	2.0
1461.8848399351502	0.21743999999989683	epochs	3.0
1462.1022799351501	0.20712000000003172	epochs	3.0
1462.3093999351502	0.3867199999999684	epochs	2.0
1462.3093999351502	0.1976799999999912	epochs	3.0
1462.5070799351502	0.18903999999997723	epochs	3.0
1462.6961199351501	0.3551199999999426	epochs	2.0
1462.6961199351501	0.1811999999999898	epochs	3.0
1462.8773199351501	0.17391999999995278	epochs	3.0
1463.05123993515	0.3282400000000507	epochs	2.0
1463.05123993515	0.1672000000000935	epochs	3.0
1463.2184399351502	0.16103999999995722	epochs	3.0
1463.3794799351501	0.30520000000001346	epochs	2.0
1463.3794799351501	0.1552799999999479	epochs	3.0
1463.53475993515	0.14992000000006556	epochs	3.0
1463.6846799351501	0.28512000000000626	epochs	2.0
1463.6846799351501	0.1448800000000574	epochs	3.0
1463.8295599351502	0.14023999999994885	epochs	3.0
1463.9697999351501	0.2675200000001041	epochs	2.0
1463.9697999351501	0.13583999999991647	epochs	3.0
1464.10563993515	0.13168000000018765	epochs	3.0
1464.2373199351503	0.2520799999999781	epochs	2.0
1464.2373199351503	0.12783999999987827	epochs	3.0
1464.3651599351501	0.12424000000009983	epochs	3.0
1464.4893999351502	0.2381599999998798	epochs	2.0
1464.4893999351502	0.12071999999989202	epochs	3.0
1464.6101199351501	0.11743999999998778	epochs	3.0
1464.72755993515	0.225840000000062	epochs	2.0
1464.72755993515	0.11439999999993233	epochs	3.0
1464.84195993515	0.11144000000012966	epochs	3.0
1464.9533999351502	0.21463999999991756	epochs	2.0
1464.9533999351502	0.10863999999992302	epochs	3.0
1465.06203993515	0.10599999999999454	epochs	3.0
1465.16803993515	0.20448000000010325	epochs	2.0
1465.16803993515	0.10344000000009146	epochs	3.0
1465.2714799351502	0.10104000000001179	epochs	3.0
1465.3725199351502	0.19535999999993692	epochs	2.0
1465.3725199351502	0.0987999999999829	epochs	3.0
1465.4713199351502	0.09655999999995402	epochs	3.0
1465.5678799351501	0.18695999999999913	epochs	2.0
1465.5678799351501	0.09447999999997592	epochs	3.0
1465.66235993515	0.09248000000002321	epochs	3.0
1465.7548399351501	0.1792000000000371	epochs	2.0
1465.7548399351501	0.0904800000000705	epochs	3.0
1465.8453199351502	0.0887199999999666	epochs	3.0
1465.9340399351502	0.17208000000005086	epochs	2.0
1465.9340399351502	0.08688000000006468	epochs	3.0
1466.0209199351502	0.08519999999998618	epochs	3.0
1466.1061199351502	0.165520000000015	epochs	2.0
1466.1061199351502	0.08359999999993306	epochs	3.0
1466.1897199351502	0.08192000000008193	epochs	3.0
1466.2716399351502	0.1595199999999295	epochs	2.0
1466.2716399351502	0.08047999999985223	epochs	3.0
1466.35211993515	0.07904000000007727	epochs	3.0
1466.4311599351502	0.15375999999992018	epochs	2.0
1466.4311599351502	0.07760000000007494	epochs	3.0
1466.5087599351502	0.07615999999984524	epochs	3.0
1466.58491993515	0.14856000000008862	epochs	2.0
1466.58491993515	0.07496000000014647	epochs	3.0
1466.6598799351502	0.07359999999994216	epochs	3.0
1466.7334799351502	0.14367999999990388	epochs	2.0
1466.7334799351502	0.0724800000000414	epochs	3.0
1466.8059599351502	0.07119999999986248	epochs	3.0
1466.87715993515	0.1390400000000227	epochs	2.0
1466.87715993515	0.07007999999996173	epochs	3.0
1466.94723993515	0.06896000000006097	epochs	3.0
1467.01619993515	0.13472000000001572	epochs	2.0
1467.01619993515	0.06791999999995824	epochs	3.0
1467.08411993515	0.06680000000005748	epochs	3.0
1467.1509199351501	0.1307200000001103	epochs	2.0
1467.1509199351501	0.06583999999998014	epochs	3.0
1467.21675993515	0.06488000000013017	epochs	3.0
1467.2816399351502	0.1268000000000029	epochs	2.0
1467.2816399351502	0.06384000000002743	epochs	3.0
1467.3454799351503	0.06295999999997548	epochs	3.0
1467.4084399351502	0.12328000000002248	epochs	2.0
1467.4084399351502	0.06207999999992353	epochs	3.0
1467.4705199351502	0.06120000000009895	epochs	3.0
1467.5317199351502	0.11983999999984007	epochs	2.0
1467.5317199351502	0.06031999999981963	epochs	3.0
1467.59203993515	0.059520000000020445	epochs	3.0
1467.65155993515	0.11663999999996122	epochs	2.0
1467.65155993515	0.05871999999999389	epochs	3.0
1467.71027993515	0.05791999999996733	epochs	3.0
1467.76819993515	0.11360000000013315	epochs	2.0
1467.76819993515	0.05720000000019354	epochs	3.0
1467.8253999351502	0.05639999999993961	epochs	3.0
1467.8817999351502	0.11071999999990112	epochs	2.0
1467.8817999351502	0.055679999999938445	epochs	3.0
1467.9374799351501	0.055039999999962674	epochs	3.0
1467.99251993515	0.10792000000014923	epochs	2.0
1467.99251993515	0.05424000000016349	epochs	3.0
1468.0467599351502	0.05367999999998574	epochs	3.0
1468.1004399351502	0.10527999999999338	epochs	2.0
1468.1004399351502	0.052959999999984575	epochs	3.0
1468.1533999351502	0.052320000000008804	epochs	3.0
1468.2057199351502	0.10287999999991371	epochs	2.0
1468.2057199351502	0.05175999999983105	epochs	3.0
1468.25747993515	0.051120000000082655	epochs	3.0
1468.3085999351501	0.10040000000003602	epochs	2.0
1468.3085999351501	0.050480000000106884	epochs	3.0
1468.3590799351502	0.04991999999992913	epochs	3.0
1468.4089999351502	0.09824000000003252	epochs	2.0
1468.4089999351502	0.049359999999978754	epochs	3.0
1468.4583599351502	0.04888000000005377	epochs	3.0
1468.5072399351502	0.09600000000000364	epochs	2.0
1468.5072399351502	0.048239999999850625	epochs	3.0
1468.55547993515	0.04776000000015301	epochs	3.0
1468.6032399351502	0.09392000000002554	epochs	2.0
1468.6032399351502	0.04719999999997526	epochs	3.0
1468.6504399351502	0.04672000000005028	epochs	3.0
1468.6971599351502	0.09191999999984546	epochs	2.0
1468.6971599351502	0.046159999999872525	epochs	3.0
1468.74331993515	0.04575999999997293	epochs	3.0
1468.78907993515	0.09008000000017091	epochs	2.0
1468.78907993515	0.04528000000004795	epochs	3.0
1468.8343599351501	0.044800000000122964	epochs	3.0
1468.8791599351503	0.08815999999978885	epochs	2.0
1468.8791599351503	0.044319999999970605	epochs	3.0
1468.9234799351502	0.04383999999981825	epochs	3.0
1468.96731993515	0.08648000000016509	epochs	2.0
1468.96731993515	0.04344000000014603	epochs	3.0
1469.0107599351502	0.04304000000001906	epochs	3.0
1469.0537999351502	0.08471999999983382	epochs	2.0
1469.0537999351502	0.042559999999866704	epochs	3.0
1469.09635993515	0.04215999999996711	epochs	3.0
1469.13851993515	0.08320000000003347	epochs	2.0
1469.13851993515	0.04176000000006752	epochs	3.0
1469.18027993515	0.04143999999996595	epochs	3.0
1469.22171993515	0.08151999999995496	epochs	2.0
1469.22171993515	0.040960000000040964	epochs	3.0
1469.2626799351501	0.040559999999914	epochs	3.0
1469.30323993515	0.08008000000018001	epochs	2.0
1469.30323993515	0.0402400000000398	epochs	3.0
1469.34347993515	0.03984000000014021	epochs	3.0
1469.3833199351502	0.0786399999999503	epochs	2.0
1469.3833199351502	0.039520000000038635	epochs	3.0
1469.4228399351503	0.03911999999991167	epochs	3.0
1469.4619599351502	0.07719999999994798	epochs	2.0
1469.4619599351502	0.03880000000003747	epochs	3.0
1469.5007599351502	0.038399999999910506	epochs	3.0
1469.53915993515	0.07591999999999643	epochs	2.0
1469.53915993515	0.0381600000000617	epochs	3.0
1469.5773199351502	0.037759999999934735	epochs	3.0
1469.61507993515	0.0745600000000195	epochs	2.0
1469.61507993515	0.037440000000060536	epochs	3.0
1469.6525199351502	0.037119999999958964	epochs	3.0
1469.6896399351501	0.07336000000009335	epochs	2.0
1469.6896399351501	0.036800000000084765	epochs	3.0
1469.7264399351502	0.036560000000008586	epochs	3.0
1469.7629999351502	0.07207999999991443	epochs	2.0
1469.7629999351502	0.03615999999988162	epochs	3.0
1469.79915993515	0.035920000000032815	epochs	3.0
1469.8350799351501	0.07087999999998829	epochs	2.0
1469.8350799351501	0.03559999999993124	epochs	3.0
1469.87067993515	0.035280000000057044	epochs	3.0
1469.9059599351501	0.06984000000011292	epochs	2.0
1469.9059599351501	0.035039999999980864	epochs	3.0
1469.94099993515	0.03480000000013206	epochs	3.0
1469.9757999351502	0.0686399999999594	epochs	2.0
1469.9757999351502	0.03447999999980311	epochs	3.0
1470.01027993515	0.03416000000015629	epochs	3.0
1470.0444399351502	0.06759999999985666	epochs	2.0
1470.0444399351502	0.033919999999852735	epochs	3.0
1470.07835993515	0.03368000000000393	epochs	3.0
1470.11203993515	0.0665599999999813	epochs	2.0
1470.11203993515	0.03344000000015512	epochs	3.0
1470.1454799351502	0.03311999999982618	epochs	3.0
1470.17859993515	0.06560000000013133	epochs	2.0
1470.17859993515	0.032960000000002765	epochs	3.0
1470.21155993515	0.032640000000128566	epochs	3.0
1470.2441999351502	0.0645600000000286	epochs	2.0
1470.2441999351502	0.03240000000005239	epochs	3.0
1470.2765999351502	0.03215999999997621	epochs	3.0
1470.3087599351502	0.06367999999997664	epochs	2.0
1470.3087599351502	0.03199999999992542	epochs	3.0
1470.3407599351501	0.03168000000005122	epochs	3.0
1470.3724399351502	0.0627199999998993	epochs	2.0
1470.3724399351502	0.03143999999997504	epochs	3.0
1470.4038799351501	0.03127999999992426	epochs	3.0
1470.43515993515	0.061840000000074724	epochs	2.0
1470.43515993515	0.03104000000007545	epochs	3.0
1470.4661999351501	0.030799999999999272	epochs	3.0
1470.4969999351501	0.060960000000022774	epochs	2.0
1470.4969999351501	0.030559999999923093	epochs	3.0
1470.52755993515	0.03040000000009968	epochs	3.0
1470.5579599351502	0.060159999999996217	epochs	2.0
1470.5579599351502	0.0301600000000235	epochs	3.0
1470.5881199351502	0.029999999999972715	epochs	3.0
1470.6181199351502	0.059279999999944266	epochs	2.0
1470.6181199351502	0.029679999999871143	epochs	3.0
1470.64779993515	0.029600000000073123	epochs	3.0
1470.67739993515	0.05848000000014508	epochs	2.0
1470.67739993515	0.029359999999996944	epochs	3.0
1470.70675993515	0.02912000000014814	epochs	3.0
1470.7358799351503	0.057759999999916545	epochs	2.0
1470.7358799351503	0.02895999999986998	epochs	3.0
1470.7648399351501	0.028800000000046566	epochs	3.0
1470.7936399351502	0.05695999999988999	epochs	2.0
1470.7936399351502	0.028559999999970387	epochs	3.0
1470.8221999351501	0.0283999999999196	epochs	3.0
1470.85059993515	0.0562400000001162	epochs	2.0
1470.85059993515	0.028160000000070795	epochs	3.0
1470.8787599351501	0.028080000000045402	epochs	3.0
1470.9068399351502	0.055439999999862266	epochs	2.0
1470.9068399351502	0.027839999999969223	epochs	3.0
1470.9346799351501	0.027599999999893043	epochs	3.0
1470.96227993515	0.05488000000013926	epochs	2.0
1470.96227993515	0.027520000000095024	epochs	3.0
1470.9897999351501	0.027360000000044238	epochs	3.0
1471.0171599351502	0.05407999999988533	epochs	2.0
1471.0171599351502	0.02711999999996806	epochs	3.0
1471.0442799351501	0.026959999999917272	epochs	3.0
1471.07123993515	0.053440000000136934	epochs	2.0
1471.07123993515	0.02680000000009386	epochs	3.0
1471.0980399351502	0.026640000000043074	epochs	3.0
1471.1246799351502	0.05287999999995918	epochs	2.0
1471.1246799351502	0.026479999999992287	epochs	3.0
1471.1511599351502	0.026399999999966894	epochs	3.0
1471.1775599351502	0.05215999999995802	epochs	2.0
1471.1775599351502	0.026159999999890715	epochs	3.0
1471.20371993515	0.026000000000067303	epochs	3.0
1471.2297199351501	0.05151999999998225	epochs	2.0
1471.2297199351501	0.025840000000016516	epochs	3.0
1471.2555599351501	0.02567999999996573	epochs	3.0
1471.28123993515	0.05096000000003187	epochs	2.0
1471.28123993515	0.025599999999940337	epochs	3.0
1471.30683993515	0.02536000000009153	epochs	3.0
1471.3321999351501	0.05040000000008149	epochs	2.0
1471.3321999351501	0.02528000000006614	epochs	3.0
1471.3574799351502	0.025120000000015352	epochs	3.0
1471.3825999351502	0.049759999999878346	epochs	2.0
1471.3825999351502	0.024959999999964566	epochs	3.0
1471.4075599351502	0.02479999999991378	epochs	3.0
1471.43235993515	0.04920000000015534	epochs	2.0
1471.43235993515	0.024640000000090367	epochs	3.0
1471.4569999351502	0.024560000000064974	epochs	3.0
1471.4815599351502	0.04872000000000298	epochs	2.0
1471.4815599351502	0.024400000000014188	epochs	3.0
1471.5059599351503	0.024319999999988795	epochs	3.0
1471.5302799351502	0.04807999999979984	epochs	2.0
1471.5302799351502	0.024079999999912616	epochs	3.0
1471.5543599351502	0.023999999999887223	epochs	3.0
1471.57835993515	0.04760000000010223	epochs	2.0
1471.57835993515	0.02384000000006381	epochs	3.0
1471.60219993515	0.023760000000038417	epochs	3.0
1471.6259599351501	0.04711999999994987	epochs	2.0
1471.6259599351501	0.02359999999998763	epochs	3.0
1471.6495599351501	0.023519999999962238	epochs	3.0
1471.67307993515	0.04655999999999949	epochs	2.0
1471.67307993515	0.023360000000138825	epochs	3.0
1471.6964399351502	0.023199999999860665	epochs	3.0
1471.71963993515	0.046080000000074506	epochs	2.0
1471.71963993515	0.023120000000062646	epochs	3.0
1471.7427599351502	0.02296000000001186	epochs	3.0
1471.7657199351502	0.04559999999992215	epochs	2.0
1471.7657199351502	0.022879999999986467	epochs	3.0
1471.7885999351502	0.02271999999993568	epochs	3.0
1471.81131993515	0.04511999999999716	epochs	2.0
1471.81131993515	0.02264000000013766	epochs	3.0
1471.8339599351502	0.0224799999998595	epochs	3.0
1471.85643993515	0.04464000000007218	epochs	2.0
1471.85643993515	0.022400000000061482	epochs	3.0
1471.8788399351502	0.022240000000010696	epochs	3.0
1471.9010799351502	0.04423999999994521	epochs	2.0
1471.9010799351502	0.022159999999985303	epochs	3.0
1471.9232399351501	0.02207999999995991	epochs	3.0
1471.94531993515	0.04376000000002023	epochs	2.0
1471.94531993515	0.021920000000136497	epochs	3.0
1471.9672399351502	0.02183999999988373	epochs	3.0
1471.9890799351501	0.043360000000120635	epochs	2.0
1471.9890799351501	0.02176000000008571	epochs	3.0
1472.0108399351502	0.021600000000034925	epochs	3.0
1472.0324399351503	0.04287999999996828	epochs	2.0
1472.0324399351503	0.02143999999998414	epochs	3.0
1472.0538799351502	0.02143999999998414	epochs	3.0
1472.0753199351502	0.04247999999984131	epochs	2.0
1472.0753199351502	0.021279999999933352	epochs	3.0
1472.0965999351502	0.02119999999990796	epochs	3.0
1472.11779993515	0.04208000000016909	epochs	2.0
1472.11779993515	0.021040000000084547	epochs	3.0
1472.1388399351501	0.021040000000084547	epochs	3.0
1472.1598799351502	0.041679999999814754	epochs	2.0
1472.1598799351502	0.020879999999806387	epochs	3.0
1472.18075993515	0.020800000000008367	epochs	3.0
1472.20155993515	0.04120000000011714	epochs	2.0
1472.20155993515	0.020640000000184955	epochs	3.0
1472.2221999351502	0.020559999999932188	epochs	3.0
1472.2427599351502	0.04088000000001557	epochs	2.0
1472.2427599351502	0.020559999999932188	epochs	3.0
1472.26331993515	0.020320000000083382	epochs	3.0
1472.2836399351502	0.040559999999914	epochs	2.0
1472.2836399351502	0.02031999999985601	epochs	3.0
1472.30395993515	0.02024000000005799	epochs	3.0
1472.32419993515	0.04007999999998901	epochs	2.0
1472.32419993515	0.020080000000007203	epochs	3.0
1472.34427993515	0.01999999999998181	epochs	3.0
1472.36427993515	0.039760000000114815	epochs	2.0
1472.36427993515	0.019919999999956417	epochs	3.0
1472.38419993515	0.019840000000158398	epochs	3.0
1472.4040399351502	0.03944000000001324	epochs	2.0
1472.4040399351502	0.01975999999990563	epochs	3.0
1472.42379993515	0.01968000000010761	epochs	3.0
1472.4434799351502	0.03903999999988628	epochs	2.0
1472.4434799351502	0.01951999999982945	epochs	3.0
1472.46299993515	0.019520000000056825	epochs	3.0
1472.48251993515	0.038639999999986685	epochs	2.0
1472.48251993515	0.01936000000000604	epochs	3.0
1472.50187993515	0.019279999999980646	epochs	3.0
1472.52115993515	0.03840000000013788	epochs	2.0
1472.52115993515	0.019279999999980646	epochs	3.0
1472.54043993515	0.019120000000157233	epochs	3.0
1472.5595599351502	0.038000000000010914	epochs	2.0
1472.5595599351502	0.019039999999904467	epochs	3.0
1472.5785999351501	0.018960000000106447	epochs	3.0
1472.5975599351502	0.03767999999990934	epochs	2.0
1472.5975599351502	0.01887999999985368	epochs	3.0
1472.61643993515	0.01880000000005566	epochs	3.0
1472.6352399351501	0.03736000000003514	epochs	2.0
1472.6352399351501	0.018720000000030268	epochs	3.0
1472.6539599351502	0.018640000000004875	epochs	3.0
1472.6725999351502	0.03703999999993357	epochs	2.0
1472.6725999351502	0.018559999999979482	epochs	3.0
1472.6911599351502	0.01847999999995409	epochs	3.0
1472.70963993515	0.03672000000005937	epochs	2.0
1472.70963993515	0.018399999999928696	epochs	3.0
1472.72803993515	0.018320000000130676	epochs	3.0
1472.7463599351502	0.03647999999998319	epochs	2.0
1472.7463599351502	0.01823999999987791	epochs	3.0
1472.76459993515	0.018240000000105283	epochs	3.0
1472.7828399351502	0.0360800000000836	epochs	2.0
1472.7828399351502	0.018080000000054497	epochs	3.0
1472.8009199351502	0.018000000000029104	epochs	3.0
1472.8189199351502	0.03584000000000742	epochs	2.0
1472.8189199351502	0.01792000000000371	epochs	3.0
1472.8368399351502	0.01792000000000371	epochs	3.0
1472.8547599351502	0.03551999999990585	epochs	2.0
1472.8547599351502	0.017759999999952925	epochs	3.0
1472.8725199351502	0.017759999999952925	epochs	3.0
1472.8902799351501	0.03520000000003165	epochs	2.0
1472.8902799351501	0.01767999999992753	epochs	3.0
1472.90795993515	0.01752000000010412	epochs	3.0
1472.9254799351502	0.03495999999995547	epochs	2.0
1472.9254799351502	0.017519999999876745	epochs	3.0
1472.94299993515	0.017440000000078726	epochs	3.0
1472.9604399351501	0.034720000000106666	epochs	2.0
1472.9604399351501	0.017440000000078726	epochs	3.0
1472.9778799351502	0.01728000000002794	epochs	3.0
1472.9951599351502	0.03440000000000509	epochs	2.0
1472.9951599351502	0.017200000000002547	epochs	3.0
1473.0123599351502	0.017200000000002547	epochs	3.0
1473.0295599351502	0.034159999999928914	epochs	2.0
1473.0295599351502	0.017119999999977153	epochs	3.0
1473.0466799351502	0.01703999999995176	epochs	3.0
1473.0637199351502	0.033840000000054715	epochs	2.0
1473.0637199351502	0.016959999999926367	epochs	3.0
1473.08067993515	0.016880000000128348	epochs	3.0
1473.0975599351502	0.033599999999978536	epochs	2.0
1473.0975599351502	0.01679999999987558	epochs	3.0
1473.11435993515	0.016800000000102955	epochs	3.0
1473.1311599351502	0.03335999999990236	epochs	2.0
1473.1311599351502	0.016719999999850188	epochs	3.0
1473.14787993515	0.01664000000005217	epochs	3.0
1473.16451993515	0.03312000000005355	epochs	2.0
1473.16451993515	0.016560000000026776	epochs	3.0
1473.1810799351501	0.016560000000026776	epochs	3.0
1473.1976399351502	0.03279999999995198	epochs	2.0
1473.1976399351502	0.01639999999997599	epochs	3.0
1473.2140399351501	0.01639999999997599	epochs	3.0
1473.2304399351501	0.03256000000010317	epochs	2.0
1473.2304399351501	0.016319999999950596	epochs	3.0
1473.24675993515	0.016240000000152577	epochs	3.0
1473.2629999351502	0.03239999999982501	epochs	2.0
1473.2629999351502	0.016239999999925203	epochs	3.0
1473.2792399351501	0.01615999999989981	epochs	3.0
1473.29539993515	0.03208000000017819	epochs	2.0
1473.29539993515	0.01608000000010179	epochs	3.0
1473.3114799351501	0.016000000000076398	epochs	3.0
1473.3274799351502	0.03191999999990003	epochs	2.0
1473.3274799351502	0.015999999999849024	epochs	3.0
1473.34347993515	0.015920000000051004	epochs	3.0
1473.3593999351501	0.03160000000002583	epochs	2.0
1473.3593999351501	0.01584000000002561	epochs	3.0
1473.3752399351501	0.01576000000000022	epochs	3.0
1473.3909999351501	0.03143999999997504	epochs	2.0
1473.3909999351501	0.01576000000000022	epochs	3.0
1473.4067599351501	0.015679999999974825	epochs	3.0
1473.4224399351501	0.031200000000126238	epochs	2.0
1473.4224399351501	0.015599999999949432	epochs	3.0
1473.43803993515	0.015600000000176806	epochs	3.0
1473.4536399351502	0.030959999999822685	epochs	2.0
1473.4536399351502	0.015519999999924039	epochs	3.0
1473.4691599351502	0.015439999999898646	epochs	3.0
1473.48459993515	0.03071999999997388	epochs	2.0
1473.48459993515	0.01544000000012602	epochs	3.0
1473.5000399351502	0.01527999999984786	epochs	3.0
1473.51531993515	0.030560000000150467	epochs	2.0
1473.51531993515	0.015360000000100626	epochs	3.0
1473.5306799351501	0.01520000000004984	epochs	3.0
1473.5458799351502	0.030319999999846914	epochs	2.0
1473.5458799351502	0.01520000000004984	epochs	3.0
1473.5610799351502	0.015119999999797074	epochs	3.0
1473.57619993515	0.030079999999998108	epochs	2.0
1473.57619993515	0.015120000000024447	epochs	3.0
1473.59131993515	0.014959999999973661	epochs	3.0
1473.60627993515	0.029920000000174696	epochs	2.0
1473.60627993515	0.015039999999999054	epochs	3.0
1473.62131993515	0.014880000000175642	epochs	3.0
1473.6361999351502	0.029679999999871143	epochs	2.0
1473.6361999351502	0.014879999999948268	epochs	3.0
1473.6510799351502	0.014799999999922875	epochs	3.0
1473.66587993515	0.02952000000004773	epochs	2.0
1473.66587993515	0.014800000000150249	epochs	3.0
1473.6806799351502	0.014719999999897482	epochs	3.0
1473.6953999351501	0.02927999999997155	epochs	2.0
1473.6953999351501	0.014719999999897482	epochs	3.0
1473.71011993515	0.01456000000007407	epochs	3.0
1473.72467993515	0.02912000000014814	epochs	2.0
1473.72467993515	0.014640000000099462	epochs	3.0
1473.7393199351502	0.014480000000048676	epochs	3.0
1473.7537999351503	0.02895999999986998	epochs	2.0
1473.7537999351503	0.014479999999821302	epochs	3.0
1473.76827993515	0.014480000000048676	epochs	3.0
1473.7827599351501	0.02863999999999578	epochs	2.0
1473.7827599351501	0.01431999999999789	epochs	3.0
1473.7970799351501	0.01431999999999789	epochs	3.0
1473.8113999351501	0.028559999999970387	epochs	2.0
1473.8113999351501	0.01431999999999789	epochs	3.0
1473.8257199351501	0.014239999999972497	epochs	3.0
1473.83995993515	0.02832000000012158	epochs	2.0
1473.83995993515	0.014159999999947104	epochs	3.0
1473.85411993515	0.014160000000174477	epochs	3.0
1473.8682799351502	0.02815999999984342	epochs	2.0
1473.8682799351502	0.014159999999947104	epochs	3.0
1473.8824399351502	0.013999999999896318	epochs	3.0
1473.89643993515	0.02800000000002001	epochs	2.0
1473.89643993515	0.014000000000123691	epochs	3.0
1473.9104399351502	0.013999999999896318	epochs	3.0
1473.92443993515	0.027760000000171203	epochs	2.0
1473.92443993515	0.013920000000098298	epochs	3.0
1473.9383599351502	0.013840000000072905	epochs	3.0
1473.9521999351502	0.027679999999918437	epochs	2.0
1473.9521999351502	0.013839999999845531	epochs	3.0
1473.96603993515	0.013840000000072905	epochs	3.0
1473.9798799351502	0.02744000000006963	epochs	2.0
1473.9798799351502	0.013760000000047512	epochs	3.0
1473.9936399351502	0.013680000000022119	epochs	3.0
1474.0073199351502	0.027280000000018845	epochs	2.0
1474.0073199351502	0.013680000000022119	epochs	3.0
1474.0209999351503	0.013599999999996726	epochs	3.0
1474.0345999351503	0.02711999999996806	epochs	2.0
1474.0345999351503	0.013519999999971333	epochs	3.0
1474.0481199351502	0.013599999999996726	epochs	3.0
1474.0617199351502	0.02687999999989188	epochs	2.0
1474.0617199351502	0.01343999999994594	epochs	3.0
1474.0751599351502	0.01343999999994594	epochs	3.0
1474.0885999351501	0.02680000000009386	epochs	2.0
1474.0885999351501	0.01343999999994594	epochs	3.0
1474.10203993515	0.01336000000014792	epochs	3.0
1474.1153999351502	0.02656000000001768	epochs	2.0
1474.1153999351502	0.013279999999895153	epochs	3.0
1474.12867993515	0.013280000000122527	epochs	3.0
1474.1419599351502	0.026479999999992287	epochs	2.0
1474.1419599351502	0.013279999999895153	epochs	3.0
1474.1552399351501	0.013200000000097134	epochs	3.0
1474.1684399351502	0.026239999999916108	epochs	2.0
1474.1684399351502	0.013119999999844367	epochs	3.0
1474.18155993515	0.013120000000071741	epochs	3.0
1474.1946799351501	0.02616000000011809	epochs	2.0
1474.1946799351501	0.013120000000071741	epochs	3.0
1474.2077999351502	0.013040000000046348	epochs	3.0
1474.2208399351503	0.02599999999983993	epochs	2.0
1474.2208399351503	0.013039999999818974	epochs	3.0
1474.23387993515	0.012960000000020955	epochs	3.0
1474.24683993515	0.025759999999991123	epochs	2.0
1474.24683993515	0.012879999999995562	epochs	3.0
1474.25971993515	0.012879999999995562	epochs	3.0
1474.27259993515	0.02567999999996573	epochs	2.0
1474.27259993515	0.012879999999995562	epochs	3.0
1474.28547993515	0.012799999999970169	epochs	3.0
1474.29827993515	0.025520000000142318	epochs	2.0
1474.29827993515	0.012800000000197542	epochs	3.0
1474.3110799351502	0.012719999999944775	epochs	3.0
1474.3237999351502	0.025359999999864158	epochs	2.0
1474.3237999351502	0.012719999999944775	epochs	3.0
1474.3365199351501	0.012639999999919382	epochs	3.0
1474.34915993515	0.025200000000040745	epochs	2.0
1474.34915993515	0.012640000000146756	epochs	3.0
1474.3617999351502	0.01255999999989399	epochs	3.0
1474.37435993515	0.024560000000064974	epochs	2.0
1474.3980309351502	0.5	epochs	-1.0
1474.3989199351502	0.5028800000000047	epochs	1.0
1474.9017999351502	0.49703999999996995	epochs	0.0
1487.6820001602173	0.055920000000014625	epochs	0.0
1487.6820001602173	0.02296000000001186	epochs	1.0
1487.7049601602173	0.010080000000016298	epochs	1.0
1487.7150401602173	0.022879999999986467	epochs	1.0
1487.7379201602173	2.0	epochs	0.0
1489.7379201602173	0.5032799999999042	epochs	0.0
1489.7379201602173	0.5032799999999042	epochs	1.0
1489.7379911602172	0.5	epochs	-1.0
1490.2379911602172	0.0032089999999698193	epochs	-1.0
1490.2412001602172	21.49664000000007	epochs	0.0
1491.5339999198914	0.055920000000014625	epochs	0.0
1491.5339999198914	0.02296000000001186	epochs	1.0
1491.5569599198914	0.010080000000016298	epochs	1.0
1491.5670399198914	0.022879999999986467	epochs	1.0
1491.5899199198914	2.0	epochs	0.0
1493.5899199198914	0.5033599999999296	epochs	0.0
1493.5899199198914	0.5033599999999296	epochs	1.0
1493.5899909198913	0.5	epochs	-1.0
1494.0899909198913	0.0032889999999952124	epochs	-1.0
1494.0932799198913	21.496560000000045	epochs	0.0
1495.3509998321533	0.055920000000014625	epochs	0.0
1495.3509998321533	0.02296000000001186	epochs	1.0
1495.3739598321533	0.010080000000016298	epochs	1.0
1495.3840398321533	0.022879999999986467	epochs	1.0
1495.4069198321533	2.0	epochs	0.0
1497.4069198321533	0.5037600000000566	epochs	0.0
1497.4069198321533	0.5037600000000566	epochs	1.0
1497.4069908321533	0.5	epochs	-1.0
1497.9069908321533	0.003689000000122178	epochs	-1.0
1497.9106798321534	21.496159999999918	epochs	0.0
1499.4840002059937	0.055920000000014625	epochs	0.0
1499.4840002059937	0.02296000000001186	epochs	1.0
1499.5069602059937	0.010080000000016298	epochs	1.0
1499.5170402059937	0.022879999999986467	epochs	1.0
1499.5399202059937	2.0	epochs	0.0
1501.5399202059937	0.5033599999999296	epochs	0.0
1501.5399202059937	0.5033599999999296	epochs	1.0
1501.5399912059936	0.5	epochs	-1.0
1502.0399912059936	0.0032889999999952124	epochs	-1.0
1502.0432802059936	21.496560000000045	epochs	0.0
1503.4679999351501	0.055920000000014625	epochs	0.0
1503.4679999351501	0.02296000000001186	epochs	1.0
1503.4909599351502	0.010080000000016298	epochs	1.0
1503.5010399351502	0.022879999999986467	epochs	1.0
1503.5239199351502	2.0	epochs	0.0
1505.5239199351502	0.5039999999999054	epochs	0.0
1505.5239199351502	0.5039999999999054	epochs	1.0
1505.52399093515	0.5	epochs	-1.0
1506.02399093515	0.0039289999999709835	epochs	-1.0
1506.02791993515	21.49592000000007	epochs	0.0
1507.5339999198914	0.055920000000014625	epochs	0.0
1507.5339999198914	0.02296000000001186	epochs	1.0
1507.5569599198914	0.010080000000016298	epochs	1.0
1507.5670399198914	0.022879999999986467	epochs	1.0
1507.5899199198914	2.0	epochs	0.0
1509.5899199198914	0.5033599999999296	epochs	0.0
1509.5899199198914	0.5033599999999296	epochs	1.0
1509.5899909198913	0.5	epochs	-1.0
1510.0899909198913	0.0032889999999952124	epochs	-1.0
1510.0932799198913	21.496560000000045	epochs	0.0
1511.6719999313354	0.055920000000014625	epochs	0.0
1511.6719999313354	0.02296000000001186	epochs	1.0
1511.6949599313355	0.010080000000016298	epochs	1.0
1511.7050399313355	0.022879999999986467	epochs	1.0
1511.7279199313355	2.0	epochs	0.0
1513.7279199313355	0.5041599999999562	epochs	0.0
1513.7279199313355	0.5041599999999562	epochs	1.0
1513.7279909313354	0.5	epochs	-1.0
1514.2279909313354	0.00408900000002177	epochs	-1.0
1514.2320799313354	21.49576000000002	epochs	0.0
1515.8220000267029	0.055920000000014625	epochs	0.0
1515.8220000267029	0.02296000000001186	epochs	1.0
1515.844960026703	0.010080000000016298	epochs	1.0
1515.855040026703	0.022879999999986467	epochs	1.0
1515.877920026703	2.0	epochs	0.0
1517.877920026703	21.50312000000008	epochs	0.0
1517.877920026703	1.0	epochs	1.0
1517.8779910267028	0.5	epochs	-1.0
1518.3779910267028	19.99928	epochs	-1.0
1518.877920026703	20.0	epochs	1.0
1518.877920026703	8.000000002539309e-05	epochs	2.0
1518.878000026703	4.356719999999996	epochs	-1.0
1518.878000026703	1.974559999999883	epochs	2.0
1518.878000026703	1.0985599999999067	epochs	3.0
1519.9765600267028	0.8759999999999764	epochs	3.0
1520.8525600267028	1.3523999999999887	epochs	2.0
1520.8525600267028	0.7286400000000413	epochs	3.0
1521.5812000267028	0.6237599999999475	epochs	3.0
1522.2049600267028	1.029760000000124	epochs	2.0
1522.2049600267028	0.5453600000000733	epochs	3.0
1522.7503200267029	0.48440000000005057	epochs	3.0
1523.234720026703	0.8317600000000311	epochs	2.0
1523.234720026703	0.435760000000073	epochs	3.0
1523.670480026703	0.39599999999995816	epochs	3.0
1524.066480026703	0.697840000000042	epochs	2.0
1524.066480026703	0.3628799999999046	epochs	3.0
1524.4293600267029	0.33496000000013737	epochs	3.0
1524.764320026703	0.6010399999997844	epochs	2.0
1524.764320026703	0.3108799999999974	epochs	3.0
1525.075200026703	0.29015999999978703	epochs	3.0
1525.3653600267028	0.5278400000001966	epochs	2.0
1525.3653600267028	0.2719200000001365	epochs	3.0
1525.637280026703	0.2559200000000601	epochs	3.0
1525.893200026703	0.47064000000000306	epochs	2.0
1525.893200026703	0.24167999999986023	epochs	3.0
1526.1348800267028	0.22896000000014283	epochs	3.0
1526.363840026703	0.42455999999992855	epochs	2.0
1526.363840026703	0.21743999999989683	epochs	3.0
1526.5812800267029	0.20712000000003172	epochs	3.0
1526.788400026703	0.3867199999999684	epochs	2.0
1526.788400026703	0.1976799999999912	epochs	3.0
1526.986080026703	0.18903999999997723	epochs	3.0
1527.1751200267029	0.3551199999999426	epochs	2.0
1527.1751200267029	0.1811999999999898	epochs	3.0
1527.3563200267029	0.17391999999995278	epochs	3.0
1527.5302400267028	0.3282400000000507	epochs	2.0
1527.5302400267028	0.1672000000000935	epochs	3.0
1527.697440026703	0.16103999999995722	epochs	3.0
1527.8584800267029	0.30520000000001346	epochs	2.0
1527.8584800267029	0.1552799999999479	epochs	3.0
1528.0137600267028	0.14992000000006556	epochs	3.0
1528.1636800267029	0.28512000000000626	epochs	2.0
1528.1636800267029	0.1448800000000574	epochs	3.0
1528.308560026703	0.14023999999994885	epochs	3.0
1528.4488000267029	0.2675200000001041	epochs	2.0
1528.4488000267029	0.13583999999991647	epochs	3.0
1528.5846400267028	0.13168000000018765	epochs	3.0
1528.716320026703	0.2520799999999781	epochs	2.0
1528.716320026703	0.12783999999987827	epochs	3.0
1528.8441600267029	0.12424000000009983	epochs	3.0
1528.968400026703	0.2381599999998798	epochs	2.0
1528.968400026703	0.12071999999989202	epochs	3.0
1529.0891200267029	0.11743999999998778	epochs	3.0
1529.2065600267028	0.225840000000062	epochs	2.0
1529.2065600267028	0.11439999999993233	epochs	3.0
1529.3209600267028	0.11144000000012966	epochs	3.0
1529.432400026703	0.21463999999991756	epochs	2.0
1529.432400026703	0.10863999999992302	epochs	3.0
1529.5410400267028	0.10599999999999454	epochs	3.0
1529.6470400267028	0.20448000000010325	epochs	2.0
1529.6470400267028	0.10344000000009146	epochs	3.0
1529.750480026703	0.10104000000001179	epochs	3.0
1529.851520026703	0.19535999999993692	epochs	2.0
1529.851520026703	0.0987999999999829	epochs	3.0
1529.950320026703	0.09655999999995402	epochs	3.0
1530.0468800267029	0.18695999999999913	epochs	2.0
1530.0468800267029	0.09447999999997592	epochs	3.0
1530.1413600267028	0.09248000000002321	epochs	3.0
1530.2338400267029	0.1792000000000371	epochs	2.0
1530.2338400267029	0.0904800000000705	epochs	3.0
1530.324320026703	0.0887199999999666	epochs	3.0
1530.413040026703	0.17208000000005086	epochs	2.0
1530.413040026703	0.08688000000006468	epochs	3.0
1530.499920026703	0.08519999999998618	epochs	3.0
1530.585120026703	0.165520000000015	epochs	2.0
1530.585120026703	0.08359999999993306	epochs	3.0
1530.6687200267029	0.08192000000008193	epochs	3.0
1530.750640026703	0.1595199999999295	epochs	2.0
1530.750640026703	0.08047999999985223	epochs	3.0
1530.8311200267028	0.07904000000007727	epochs	3.0
1530.910160026703	0.15375999999992018	epochs	2.0
1530.910160026703	0.07760000000007494	epochs	3.0
1530.987760026703	0.07615999999984524	epochs	3.0
1531.0639200267028	0.14856000000008862	epochs	2.0
1531.0639200267028	0.07496000000014647	epochs	3.0
1531.138880026703	0.07359999999994216	epochs	3.0
1531.212480026703	0.14367999999990388	epochs	2.0
1531.212480026703	0.0724800000000414	epochs	3.0
1531.284960026703	0.07119999999986248	epochs	3.0
1531.3561600267028	0.1390400000000227	epochs	2.0
1531.3561600267028	0.07007999999996173	epochs	3.0
1531.4262400267028	0.06896000000006097	epochs	3.0
1531.4952000267028	0.13472000000001572	epochs	2.0
1531.4952000267028	0.06791999999995824	epochs	3.0
1531.5631200267028	0.06680000000005748	epochs	3.0
1531.6299200267028	0.1307200000001103	epochs	2.0
1531.6299200267028	0.06583999999998014	epochs	3.0
1531.6957600267028	0.06488000000013017	epochs	3.0
1531.760640026703	0.1268000000000029	epochs	2.0
1531.760640026703	0.06384000000002743	epochs	3.0
1531.824480026703	0.06295999999997548	epochs	3.0
1531.887440026703	0.12328000000002248	epochs	2.0
1531.887440026703	0.06207999999992353	epochs	3.0
1531.9495200267029	0.06120000000009895	epochs	3.0
1532.010720026703	0.11983999999984007	epochs	2.0
1532.010720026703	0.06031999999981963	epochs	3.0
1532.0710400267028	0.059520000000020445	epochs	3.0
1532.1305600267028	0.11663999999996122	epochs	2.0
1532.1305600267028	0.05871999999999389	epochs	3.0
1532.1892800267028	0.05791999999996733	epochs	3.0
1532.2472000267028	0.11360000000013315	epochs	2.0
1532.2472000267028	0.05720000000019354	epochs	3.0
1532.304400026703	0.05639999999993961	epochs	3.0
1532.360800026703	0.11071999999990112	epochs	2.0
1532.360800026703	0.055679999999938445	epochs	3.0
1532.4164800267029	0.055039999999962674	epochs	3.0
1532.4715200267028	0.10792000000014923	epochs	2.0
1532.4715200267028	0.05424000000016349	epochs	3.0
1532.525760026703	0.05367999999998574	epochs	3.0
1532.579440026703	0.10527999999999338	epochs	2.0
1532.579440026703	0.052959999999984575	epochs	3.0
1532.632400026703	0.052320000000008804	epochs	3.0
1532.684720026703	0.10287999999991371	epochs	2.0
1532.684720026703	0.05175999999983105	epochs	3.0
1532.7364800267028	0.051120000000082655	epochs	3.0
1532.7876000267029	0.10040000000003602	epochs	2.0
1532.7876000267029	0.050480000000106884	epochs	3.0
1532.838080026703	0.04991999999992913	epochs	3.0
1532.888000026703	0.09824000000003252	epochs	2.0
1532.888000026703	0.049359999999978754	epochs	3.0
1532.937360026703	0.04888000000005377	epochs	3.0
1532.986240026703	0.09600000000000364	epochs	2.0
1532.986240026703	0.048239999999850625	epochs	3.0
1533.0344800267028	0.04776000000015301	epochs	3.0
1533.082240026703	0.09392000000002554	epochs	2.0
1533.082240026703	0.04719999999997526	epochs	3.0
1533.129440026703	0.04672000000005028	epochs	3.0
1533.176160026703	0.09191999999984546	epochs	2.0
1533.176160026703	0.046159999999872525	epochs	3.0
1533.2223200267028	0.04575999999997293	epochs	3.0
1533.2680800267028	0.09008000000017091	epochs	2.0
1533.2680800267028	0.04528000000004795	epochs	3.0
1533.3133600267029	0.044800000000122964	epochs	3.0
1533.358160026703	0.08815999999978885	epochs	2.0
1533.358160026703	0.044319999999970605	epochs	3.0
1533.402480026703	0.04383999999981825	epochs	3.0
1533.4463200267028	0.08648000000016509	epochs	2.0
1533.4463200267028	0.04344000000014603	epochs	3.0
1533.489760026703	0.04304000000001906	epochs	3.0
1533.532800026703	0.08471999999983382	epochs	2.0
1533.532800026703	0.042559999999866704	epochs	3.0
1533.5753600267028	0.04215999999996711	epochs	3.0
1533.6175200267028	0.08320000000003347	epochs	2.0
1533.6175200267028	0.04176000000006752	epochs	3.0
1533.6592800267028	0.04143999999996595	epochs	3.0
1533.7007200267028	0.08151999999995496	epochs	2.0
1533.7007200267028	0.040960000000040964	epochs	3.0
1533.7416800267029	0.040559999999914	epochs	3.0
1533.7822400267028	0.08008000000018001	epochs	2.0
1533.7822400267028	0.0402400000000398	epochs	3.0
1533.8224800267028	0.03984000000014021	epochs	3.0
1533.862320026703	0.0786399999999503	epochs	2.0
1533.862320026703	0.039520000000038635	epochs	3.0
1533.901840026703	0.03911999999991167	epochs	3.0
1533.940960026703	0.07719999999994798	epochs	2.0
1533.940960026703	0.03880000000003747	epochs	3.0
1533.979760026703	0.038399999999910506	epochs	3.0
1534.0181600267028	0.07591999999999643	epochs	2.0
1534.0181600267028	0.0381600000000617	epochs	3.0
1534.056320026703	0.037759999999934735	epochs	3.0
1534.0940800267028	0.0745600000000195	epochs	2.0
1534.0940800267028	0.037440000000060536	epochs	3.0
1534.131520026703	0.037119999999958964	epochs	3.0
1534.1686400267029	0.07336000000009335	epochs	2.0
1534.1686400267029	0.036800000000084765	epochs	3.0
1534.205440026703	0.036560000000008586	epochs	3.0
1534.242000026703	0.07207999999991443	epochs	2.0
1534.242000026703	0.03615999999988162	epochs	3.0
1534.2781600267028	0.035920000000032815	epochs	3.0
1534.3140800267029	0.07087999999998829	epochs	2.0
1534.3140800267029	0.03559999999993124	epochs	3.0
1534.3496800267028	0.035280000000057044	epochs	3.0
1534.3849600267029	0.06984000000011292	epochs	2.0
1534.3849600267029	0.035039999999980864	epochs	3.0
1534.4200000267028	0.03480000000013206	epochs	3.0
1534.454800026703	0.0686399999999594	epochs	2.0
1534.454800026703	0.03447999999980311	epochs	3.0
1534.4892800267028	0.03416000000015629	epochs	3.0
1534.523440026703	0.06759999999985666	epochs	2.0
1534.523440026703	0.033919999999852735	epochs	3.0
1534.5573600267028	0.03368000000000393	epochs	3.0
1534.5910400267028	0.0665599999999813	epochs	2.0
1534.5910400267028	0.03344000000015512	epochs	3.0
1534.624480026703	0.03311999999982618	epochs	3.0
1534.6576000267028	0.06560000000013133	epochs	2.0
1534.6576000267028	0.032960000000002765	epochs	3.0
1534.6905600267028	0.032640000000128566	epochs	3.0
1534.723200026703	0.0645600000000286	epochs	2.0
1534.723200026703	0.03240000000005239	epochs	3.0
1534.755600026703	0.03215999999997621	epochs	3.0
1534.787760026703	0.06367999999997664	epochs	2.0
1534.787760026703	0.03199999999992542	epochs	3.0
1534.8197600267029	0.03168000000005122	epochs	3.0
1534.851440026703	0.0627199999998993	epochs	2.0
1534.851440026703	0.03143999999997504	epochs	3.0
1534.8828800267029	0.03127999999992426	epochs	3.0
1534.9141600267028	0.061840000000074724	epochs	2.0
1534.9141600267028	0.03104000000007545	epochs	3.0
1534.9452000267029	0.030799999999999272	epochs	3.0
1534.9760000267029	0.060960000000022774	epochs	2.0
1534.9760000267029	0.030559999999923093	epochs	3.0
1535.0065600267028	0.03040000000009968	epochs	3.0
1535.036960026703	0.060159999999996217	epochs	2.0
1535.036960026703	0.0301600000000235	epochs	3.0
1535.067120026703	0.029999999999972715	epochs	3.0
1535.097120026703	0.059279999999944266	epochs	2.0
1535.097120026703	0.029679999999871143	epochs	3.0
1535.1268000267028	0.029600000000073123	epochs	3.0
1535.1564000267028	0.05848000000014508	epochs	2.0
1535.1564000267028	0.029359999999996944	epochs	3.0
1535.1857600267028	0.02912000000014814	epochs	3.0
1535.214880026703	0.057759999999916545	epochs	2.0
1535.214880026703	0.02895999999986998	epochs	3.0
1535.2438400267029	0.028800000000046566	epochs	3.0
1535.272640026703	0.05695999999988999	epochs	2.0
1535.272640026703	0.028559999999970387	epochs	3.0
1535.3012000267029	0.0283999999999196	epochs	3.0
1535.3296000267028	0.0562400000001162	epochs	2.0
1535.3296000267028	0.028160000000070795	epochs	3.0
1535.3577600267029	0.028080000000045402	epochs	3.0
1535.385840026703	0.055439999999862266	epochs	2.0
1535.385840026703	0.027839999999969223	epochs	3.0
1535.4136800267029	0.027599999999893043	epochs	3.0
1535.4412800267028	0.05488000000013926	epochs	2.0
1535.4412800267028	0.027520000000095024	epochs	3.0
1535.4688000267029	0.027360000000044238	epochs	3.0
1535.496160026703	0.05407999999988533	epochs	2.0
1535.496160026703	0.02711999999996806	epochs	3.0
1535.5232800267029	0.026959999999917272	epochs	3.0
1535.5502400267028	0.053440000000136934	epochs	2.0
1535.5502400267028	0.02680000000009386	epochs	3.0
1535.577040026703	0.026640000000043074	epochs	3.0
1535.603680026703	0.05287999999995918	epochs	2.0
1535.603680026703	0.026479999999992287	epochs	3.0
1535.630160026703	0.026399999999966894	epochs	3.0
1535.656560026703	0.05215999999995802	epochs	2.0
1535.656560026703	0.026159999999890715	epochs	3.0
1535.6827200267028	0.026000000000067303	epochs	3.0
1535.7087200267028	0.05151999999998225	epochs	2.0
1535.7087200267028	0.025840000000016516	epochs	3.0
1535.7345600267029	0.02567999999996573	epochs	3.0
1535.7602400267028	0.05096000000003187	epochs	2.0
1535.7602400267028	0.025599999999940337	epochs	3.0
1535.7858400267028	0.02536000000009153	epochs	3.0
1535.8112000267029	0.05040000000008149	epochs	2.0
1535.8112000267029	0.02528000000006614	epochs	3.0
1535.836480026703	0.025120000000015352	epochs	3.0
1535.861600026703	0.049759999999878346	epochs	2.0
1535.861600026703	0.024959999999964566	epochs	3.0
1535.886560026703	0.02479999999991378	epochs	3.0
1535.9113600267028	0.04920000000015534	epochs	2.0
1535.9113600267028	0.024640000000090367	epochs	3.0
1535.936000026703	0.024560000000064974	epochs	3.0
1535.960560026703	0.04872000000000298	epochs	2.0
1535.960560026703	0.024400000000014188	epochs	3.0
1535.984960026703	0.024319999999988795	epochs	3.0
1536.009280026703	0.04807999999979984	epochs	2.0
1536.009280026703	0.024079999999912616	epochs	3.0
1536.033360026703	0.023999999999887223	epochs	3.0
1536.0573600267028	0.04760000000010223	epochs	2.0
1536.0573600267028	0.02384000000006381	epochs	3.0
1536.0812000267028	0.023760000000038417	epochs	3.0
1536.1049600267029	0.04711999999994987	epochs	2.0
1536.1049600267029	0.02359999999998763	epochs	3.0
1536.1285600267029	0.023519999999962238	epochs	3.0
1536.1520800267028	0.04655999999999949	epochs	2.0
1536.1520800267028	0.023360000000138825	epochs	3.0
1536.175440026703	0.023199999999860665	epochs	3.0
1536.1986400267028	0.046080000000074506	epochs	2.0
1536.1986400267028	0.023120000000062646	epochs	3.0
1536.221760026703	0.02296000000001186	epochs	3.0
1536.244720026703	0.04559999999992215	epochs	2.0
1536.244720026703	0.022879999999986467	epochs	3.0
1536.267600026703	0.02271999999993568	epochs	3.0
1536.2903200267028	0.04511999999999716	epochs	2.0
1536.2903200267028	0.02264000000013766	epochs	3.0
1536.312960026703	0.0224799999998595	epochs	3.0
1536.3354400267028	0.04464000000007218	epochs	2.0
1536.3354400267028	0.022400000000061482	epochs	3.0
1536.357840026703	0.022240000000010696	epochs	3.0
1536.380080026703	0.04423999999994521	epochs	2.0
1536.380080026703	0.022159999999985303	epochs	3.0
1536.4022400267029	0.02207999999995991	epochs	3.0
1536.4243200267028	0.04376000000002023	epochs	2.0
1536.4243200267028	0.021920000000136497	epochs	3.0
1536.446240026703	0.02183999999988373	epochs	3.0
1536.4680800267029	0.043360000000120635	epochs	2.0
1536.4680800267029	0.02176000000008571	epochs	3.0
1536.489840026703	0.021600000000034925	epochs	3.0
1536.511440026703	0.04287999999996828	epochs	2.0
1536.511440026703	0.02143999999998414	epochs	3.0
1536.532880026703	0.02143999999998414	epochs	3.0
1536.554320026703	0.04247999999984131	epochs	2.0
1536.554320026703	0.021279999999933352	epochs	3.0
1536.575600026703	0.02119999999990796	epochs	3.0
1536.5968000267028	0.04208000000016909	epochs	2.0
1536.5968000267028	0.021040000000084547	epochs	3.0
1536.6178400267029	0.021040000000084547	epochs	3.0
1536.638880026703	0.041679999999814754	epochs	2.0
1536.638880026703	0.020879999999806387	epochs	3.0
1536.6597600267028	0.020800000000008367	epochs	3.0
1536.6805600267028	0.04120000000011714	epochs	2.0
1536.6805600267028	0.020640000000184955	epochs	3.0
1536.701200026703	0.020559999999932188	epochs	3.0
1536.721760026703	0.04088000000001557	epochs	2.0
1536.721760026703	0.020559999999932188	epochs	3.0
1536.7423200267028	0.020320000000083382	epochs	3.0
1536.762640026703	0.040559999999914	epochs	2.0
1536.762640026703	0.02031999999985601	epochs	3.0
1536.7829600267028	0.02024000000005799	epochs	3.0
1536.8032000267028	0.04007999999998901	epochs	2.0
1536.8032000267028	0.020080000000007203	epochs	3.0
1536.8232800267028	0.01999999999998181	epochs	3.0
1536.8432800267028	0.039760000000114815	epochs	2.0
1536.8432800267028	0.019919999999956417	epochs	3.0
1536.8632000267028	0.019840000000158398	epochs	3.0
1536.883040026703	0.03944000000001324	epochs	2.0
1536.883040026703	0.01975999999990563	epochs	3.0
1536.9028000267028	0.01968000000010761	epochs	3.0
1536.922480026703	0.03903999999988628	epochs	2.0
1536.922480026703	0.01951999999982945	epochs	3.0
1536.9420000267028	0.019520000000056825	epochs	3.0
1536.9615200267028	0.038639999999986685	epochs	2.0
1536.9615200267028	0.01936000000000604	epochs	3.0
1536.9808800267028	0.019279999999980646	epochs	3.0
1537.0001600267028	0.03840000000013788	epochs	2.0
1537.0001600267028	0.019279999999980646	epochs	3.0
1537.0194400267028	0.019120000000157233	epochs	3.0
1537.038560026703	0.038000000000010914	epochs	2.0
1537.038560026703	0.019039999999904467	epochs	3.0
1537.0576000267029	0.018960000000106447	epochs	3.0
1537.076560026703	0.03767999999990934	epochs	2.0
1537.076560026703	0.01887999999985368	epochs	3.0
1537.0954400267028	0.01880000000005566	epochs	3.0
1537.1142400267029	0.03736000000003514	epochs	2.0
1537.1142400267029	0.018720000000030268	epochs	3.0
1537.132960026703	0.018640000000004875	epochs	3.0
1537.151600026703	0.03703999999993357	epochs	2.0
1537.151600026703	0.018559999999979482	epochs	3.0
1537.170160026703	0.01847999999995409	epochs	3.0
1537.1886400267028	0.03672000000005937	epochs	2.0
1537.1886400267028	0.018399999999928696	epochs	3.0
1537.2070400267028	0.018320000000130676	epochs	3.0
1537.225360026703	0.03647999999998319	epochs	2.0
1537.225360026703	0.01823999999987791	epochs	3.0
1537.2436000267028	0.018240000000105283	epochs	3.0
1537.2618400267029	0.0360800000000836	epochs	2.0
1537.2618400267029	0.018080000000054497	epochs	3.0
1537.279920026703	0.018000000000029104	epochs	3.0
1537.297920026703	0.03584000000000742	epochs	2.0
1537.297920026703	0.01792000000000371	epochs	3.0
1537.315840026703	0.01792000000000371	epochs	3.0
1537.333760026703	0.03551999999990585	epochs	2.0
1537.333760026703	0.017759999999952925	epochs	3.0
1537.351520026703	0.017759999999952925	epochs	3.0
1537.3692800267029	0.03520000000003165	epochs	2.0
1537.3692800267029	0.01767999999992753	epochs	3.0
1537.3869600267028	0.01752000000010412	epochs	3.0
1537.404480026703	0.03495999999995547	epochs	2.0
1537.404480026703	0.017519999999876745	epochs	3.0
1537.4220000267028	0.017440000000078726	epochs	3.0
1537.4394400267029	0.034720000000106666	epochs	2.0
1537.4394400267029	0.017440000000078726	epochs	3.0
1537.456880026703	0.01728000000002794	epochs	3.0
1537.474160026703	0.03440000000000509	epochs	2.0
1537.474160026703	0.017200000000002547	epochs	3.0
1537.491360026703	0.017200000000002547	epochs	3.0
1537.508560026703	0.034159999999928914	epochs	2.0
1537.508560026703	0.017119999999977153	epochs	3.0
1537.525680026703	0.01703999999995176	epochs	3.0
1537.542720026703	0.033840000000054715	epochs	2.0
1537.542720026703	0.016959999999926367	epochs	3.0
1537.5596800267028	0.016880000000128348	epochs	3.0
1537.576560026703	0.033599999999978536	epochs	2.0
1537.576560026703	0.01679999999987558	epochs	3.0
1537.5933600267028	0.016800000000102955	epochs	3.0
1537.610160026703	0.03335999999990236	epochs	2.0
1537.610160026703	0.016719999999850188	epochs	3.0
1537.6268800267028	0.01664000000005217	epochs	3.0
1537.6435200267028	0.03312000000005355	epochs	2.0
1537.6435200267028	0.016560000000026776	epochs	3.0
1537.6600800267029	0.016560000000026776	epochs	3.0
1537.676640026703	0.03279999999995198	epochs	2.0
1537.676640026703	0.01639999999997599	epochs	3.0
1537.6930400267029	0.01639999999997599	epochs	3.0
1537.7094400267029	0.03256000000010317	epochs	2.0
1537.7094400267029	0.016319999999950596	epochs	3.0
1537.7257600267028	0.016240000000152577	epochs	3.0
1537.742000026703	0.03239999999982501	epochs	2.0
1537.742000026703	0.016239999999925203	epochs	3.0
1537.7582400267029	0.01615999999989981	epochs	3.0
1537.7744000267028	0.03208000000017819	epochs	2.0
1537.7744000267028	0.01608000000010179	epochs	3.0
1537.7904800267029	0.016000000000076398	epochs	3.0
1537.806480026703	0.03191999999990003	epochs	2.0
1537.806480026703	0.015999999999849024	epochs	3.0
1537.8224800267028	0.015920000000051004	epochs	3.0
1537.8384000267029	0.03160000000002583	epochs	2.0
1537.8384000267029	0.01584000000002561	epochs	3.0
1537.8542400267029	0.01576000000000022	epochs	3.0
1537.8700000267029	0.03143999999997504	epochs	2.0
1537.8700000267029	0.01576000000000022	epochs	3.0
1537.8857600267029	0.015679999999974825	epochs	3.0
1537.9014400267029	0.031200000000126238	epochs	2.0
1537.9014400267029	0.015599999999949432	epochs	3.0
1537.9170400267028	0.015600000000176806	epochs	3.0
1537.932640026703	0.030959999999822685	epochs	2.0
1537.932640026703	0.015519999999924039	epochs	3.0
1537.948160026703	0.015439999999898646	epochs	3.0
1537.9636000267028	0.03071999999997388	epochs	2.0
1537.9636000267028	0.01544000000012602	epochs	3.0
1537.979040026703	0.01527999999984786	epochs	3.0
1537.9943200267028	0.030560000000150467	epochs	2.0
1537.9943200267028	0.015360000000100626	epochs	3.0
1538.0096800267029	0.01520000000004984	epochs	3.0
1538.024880026703	0.030319999999846914	epochs	2.0
1538.024880026703	0.01520000000004984	epochs	3.0
1538.040080026703	0.015119999999797074	epochs	3.0
1538.0552000267028	0.030079999999998108	epochs	2.0
1538.0552000267028	0.015120000000024447	epochs	3.0
1538.0703200267028	0.014959999999973661	epochs	3.0
1538.0852800267028	0.029920000000174696	epochs	2.0
1538.0852800267028	0.015039999999999054	epochs	3.0
1538.1003200267028	0.014880000000175642	epochs	3.0
1538.115200026703	0.029679999999871143	epochs	2.0
1538.115200026703	0.014879999999948268	epochs	3.0
1538.130080026703	0.014799999999922875	epochs	3.0
1538.1448800267028	0.02952000000004773	epochs	2.0
1538.1448800267028	0.014800000000150249	epochs	3.0
1538.159680026703	0.014719999999897482	epochs	3.0
1538.1744000267029	0.02927999999997155	epochs	2.0
1538.1744000267029	0.014719999999897482	epochs	3.0
1538.1891200267028	0.01456000000007407	epochs	3.0
1538.2036800267028	0.02912000000014814	epochs	2.0
1538.2036800267028	0.014640000000099462	epochs	3.0
1538.218320026703	0.014480000000048676	epochs	3.0
1538.232800026703	0.02895999999986998	epochs	2.0
1538.232800026703	0.014479999999821302	epochs	3.0
1538.2472800267028	0.014480000000048676	epochs	3.0
1538.2617600267029	0.02863999999999578	epochs	2.0
1538.2617600267029	0.01431999999999789	epochs	3.0
1538.2760800267029	0.01431999999999789	epochs	3.0
1538.2904000267029	0.028559999999970387	epochs	2.0
1538.2904000267029	0.01431999999999789	epochs	3.0
1538.3047200267029	0.014239999999972497	epochs	3.0
1538.3189600267028	0.02832000000012158	epochs	2.0
1538.3189600267028	0.014159999999947104	epochs	3.0
1538.3331200267028	0.014160000000174477	epochs	3.0
1538.347280026703	0.02815999999984342	epochs	2.0
1538.347280026703	0.014159999999947104	epochs	3.0
1538.361440026703	0.013999999999896318	epochs	3.0
1538.3754400267028	0.02800000000002001	epochs	2.0
1538.3754400267028	0.014000000000123691	epochs	3.0
1538.389440026703	0.013999999999896318	epochs	3.0
1538.4034400267028	0.027760000000171203	epochs	2.0
1538.4034400267028	0.013920000000098298	epochs	3.0
1538.417360026703	0.013840000000072905	epochs	3.0
1538.431200026703	0.027679999999918437	epochs	2.0
1538.431200026703	0.013839999999845531	epochs	3.0
1538.4450400267028	0.013840000000072905	epochs	3.0
1538.458880026703	0.02744000000006963	epochs	2.0
1538.458880026703	0.013760000000047512	epochs	3.0
1538.472640026703	0.013680000000022119	epochs	3.0
1538.486320026703	0.027280000000018845	epochs	2.0
1538.486320026703	0.013680000000022119	epochs	3.0
1538.500000026703	0.013599999999996726	epochs	3.0
1538.513600026703	0.02711999999996806	epochs	2.0
1538.513600026703	0.013519999999971333	epochs	3.0
1538.527120026703	0.013599999999996726	epochs	3.0
1538.540720026703	0.02687999999989188	epochs	2.0
1538.540720026703	0.01343999999994594	epochs	3.0
1538.554160026703	0.01343999999994594	epochs	3.0
1538.5676000267028	0.02680000000009386	epochs	2.0
1538.5676000267028	0.01343999999994594	epochs	3.0
1538.5810400267028	0.01336000000014792	epochs	3.0
1538.594400026703	0.02656000000001768	epochs	2.0
1538.594400026703	0.013279999999895153	epochs	3.0
1538.6076800267028	0.013280000000122527	epochs	3.0
1538.620960026703	0.026479999999992287	epochs	2.0
1538.620960026703	0.013279999999895153	epochs	3.0
1538.6342400267029	0.013200000000097134	epochs	3.0
1538.647440026703	0.026239999999916108	epochs	2.0
1538.647440026703	0.013119999999844367	epochs	3.0
1538.6605600267028	0.013120000000071741	epochs	3.0
1538.6736800267029	0.02616000000011809	epochs	2.0
1538.6736800267029	0.013120000000071741	epochs	3.0
1538.686800026703	0.013040000000046348	epochs	3.0
1538.699840026703	0.02599999999983993	epochs	2.0
1538.699840026703	0.013039999999818974	epochs	3.0
1538.7128800267028	0.012960000000020955	epochs	3.0
1538.7258400267028	0.025759999999991123	epochs	2.0
1538.7258400267028	0.012879999999995562	epochs	3.0
1538.7387200267028	0.012879999999995562	epochs	3.0
1538.7516000267028	0.02567999999996573	epochs	2.0
1538.7516000267028	0.012879999999995562	epochs	3.0
1538.7644800267028	0.012799999999970169	epochs	3.0
1538.7772800267028	0.025520000000142318	epochs	2.0
1538.7772800267028	0.012800000000197542	epochs	3.0
1538.790080026703	0.012719999999944775	epochs	3.0
1538.802800026703	0.025359999999864158	epochs	2.0
1538.802800026703	0.012719999999944775	epochs	3.0
1538.8155200267029	0.012639999999919382	epochs	3.0
1538.8281600267028	0.025200000000040745	epochs	2.0
1538.8281600267028	0.012640000000146756	epochs	3.0
1538.840800026703	0.01255999999989399	epochs	3.0
1538.8533600267028	0.024560000000064974	epochs	2.0
1538.8772710267028	0.5	epochs	-1.0
1538.877920026703	0.5031200000000808	epochs	1.0
1539.381040026703	0.49679999999989377	epochs	0.0
1541.103000164032	0.055920000000014625	epochs	0.0
1541.103000164032	0.02296000000001186	epochs	1.0
1541.125960164032	0.010080000000016298	epochs	1.0
1541.136040164032	0.022879999999986467	epochs	1.0
1541.158920164032	2.0	epochs	0.0
1543.158920164032	5.4022399999998925	epochs	0.0
1543.158920164032	1.0	epochs	1.0
1543.158991164032	0.5	epochs	-1.0
1543.658991164032	4.902168999999958	epochs	-1.0
1544.158920164032	4.4022399999998925	epochs	1.0
1544.158920164032	8.000000002539309e-05	epochs	2.0
1544.159000164032	4.356719999999996	epochs	-1.0
1544.159000164032	1.974559999999883	epochs	2.0
1544.159000164032	1.0985599999999067	epochs	3.0
1545.257560164032	0.8759999999999764	epochs	3.0
1546.133560164032	1.3523999999999887	epochs	2.0
1546.133560164032	0.7286400000000413	epochs	3.0
1546.862200164032	0.6237599999999475	epochs	3.0
1547.485960164032	1.029760000000124	epochs	2.0
1547.485960164032	0.5453600000000733	epochs	3.0
1548.031320164032	0.48440000000005057	epochs	3.0
1548.515720164032	0.04543999999987136	epochs	2.0
1548.515720164032	0.04543999999987136	epochs	3.0
1548.561160164032	16.597680000000082	epochs	0.0
1550.2399997711182	0.055920000000014625	epochs	0.0
1550.2399997711182	0.02296000000001186	epochs	1.0
1550.2629597711182	0.010080000000016298	epochs	1.0
1550.2730397711182	0.022879999999986467	epochs	1.0
1550.2959197711182	2.0	epochs	0.0
1552.2959197711182	21.522879999999986	epochs	0.0
1552.2959197711182	1.0	epochs	1.0
1552.295990771118	0.5	epochs	-1.0
1552.795990771118	19.99904000000015	epochs	-1.0
1553.2959197711182	20.0	epochs	1.0
1553.2959197711182	8.000000002539309e-05	epochs	2.0
1553.2959997711182	4.356719999999996	epochs	-1.0
1553.2959997711182	1.974559999999883	epochs	2.0
1553.2959997711182	1.0985599999999067	epochs	3.0
1554.394559771118	0.8759999999999764	epochs	3.0
1555.270559771118	1.3523999999999887	epochs	2.0
1555.270559771118	0.7286400000000413	epochs	3.0
1555.9991997711181	0.6237599999999475	epochs	3.0
1556.622959771118	1.029760000000124	epochs	2.0
1556.622959771118	0.5453600000000733	epochs	3.0
1557.1683197711181	0.48440000000005057	epochs	3.0
1557.6527197711182	0.8317600000000311	epochs	2.0
1557.6527197711182	0.435760000000073	epochs	3.0
1558.0884797711183	0.39599999999995816	epochs	3.0
1558.4844797711182	0.697840000000042	epochs	2.0
1558.4844797711182	0.3628799999999046	epochs	3.0
1558.8473597711181	0.33496000000013737	epochs	3.0
1559.1823197711183	0.6010399999997844	epochs	2.0
1559.1823197711183	0.3108799999999974	epochs	3.0
1559.4931997711183	0.29015999999978703	epochs	3.0
1559.783359771118	0.5278400000001966	epochs	2.0
1559.783359771118	0.2719200000001365	epochs	3.0
1560.0552797711182	0.2559200000000601	epochs	3.0
1560.3111997711183	0.47064000000000306	epochs	2.0
1560.3111997711183	0.24167999999986023	epochs	3.0
1560.5528797711181	0.22896000000014283	epochs	3.0
1560.7818397711183	0.42455999999992855	epochs	2.0
1560.7818397711183	0.21743999999989683	epochs	3.0
1560.9992797711182	0.20712000000003172	epochs	3.0
1561.2063997711182	0.3867199999999684	epochs	2.0
1561.2063997711182	0.1976799999999912	epochs	3.0
1561.4040797711182	0.18903999999997723	epochs	3.0
1561.5931197711182	0.3551199999999426	epochs	2.0
1561.5931197711182	0.1811999999999898	epochs	3.0
1561.7743197711181	0.17391999999995278	epochs	3.0
1561.948239771118	0.3282400000000507	epochs	2.0
1561.948239771118	0.1672000000000935	epochs	3.0
1562.1154397711182	0.16103999999995722	epochs	3.0
1562.2764797711181	0.30520000000001346	epochs	2.0
1562.2764797711181	0.1552799999999479	epochs	3.0
1562.431759771118	0.14992000000006556	epochs	3.0
1562.5816797711182	0.28512000000000626	epochs	2.0
1562.5816797711182	0.1448800000000574	epochs	3.0
1562.7265597711182	0.14023999999994885	epochs	3.0
1562.8667997711182	0.2675200000001041	epochs	2.0
1562.8667997711182	0.13583999999991647	epochs	3.0
1563.002639771118	0.13168000000018765	epochs	3.0
1563.1343197711183	0.2520799999999781	epochs	2.0
1563.1343197711183	0.12783999999987827	epochs	3.0
1563.2621597711181	0.12424000000009983	epochs	3.0
1563.3863997711182	0.2381599999998798	epochs	2.0
1563.3863997711182	0.12071999999989202	epochs	3.0
1563.5071197711181	0.11743999999998778	epochs	3.0
1563.6245597711181	0.225840000000062	epochs	2.0
1563.6245597711181	0.11439999999993233	epochs	3.0
1563.738959771118	0.11144000000012966	epochs	3.0
1563.8503997711182	0.21463999999991756	epochs	2.0
1563.8503997711182	0.10863999999992302	epochs	3.0
1563.9590397711181	0.10599999999999454	epochs	3.0
1564.065039771118	0.20448000000010325	epochs	2.0
1564.065039771118	0.10344000000009146	epochs	3.0
1564.1684797711182	0.10104000000001179	epochs	3.0
1564.2695197711182	0.19535999999993692	epochs	2.0
1564.2695197711182	0.0987999999999829	epochs	3.0
1564.3683197711182	0.09655999999995402	epochs	3.0
1564.4648797711181	0.18695999999999913	epochs	2.0
1564.4648797711181	0.09447999999997592	epochs	3.0
1564.5593597711181	0.09248000000002321	epochs	3.0
1564.6518397711181	0.1792000000000371	epochs	2.0
1564.6518397711181	0.0904800000000705	epochs	3.0
1564.7423197711182	0.0887199999999666	epochs	3.0
1564.8310397711182	0.17208000000005086	epochs	2.0
1564.8310397711182	0.08688000000006468	epochs	3.0
1564.9179197711182	0.08519999999998618	epochs	3.0
1565.0031197711182	0.165520000000015	epochs	2.0
1565.0031197711182	0.08359999999993306	epochs	3.0
1565.0867197711182	0.08192000000008193	epochs	3.0
1565.1686397711183	0.1595199999999295	epochs	2.0
1565.1686397711183	0.08047999999985223	epochs	3.0
1565.249119771118	0.07904000000007727	epochs	3.0
1565.3281597711182	0.15375999999992018	epochs	2.0
1565.3281597711182	0.07760000000007494	epochs	3.0
1565.4057597711183	0.07615999999984524	epochs	3.0
1565.481919771118	0.14856000000008862	epochs	2.0
1565.481919771118	0.07496000000014647	epochs	3.0
1565.5568797711182	0.07359999999994216	epochs	3.0
1565.6304797711182	0.14367999999990388	epochs	2.0
1565.6304797711182	0.0724800000000414	epochs	3.0
1565.7029597711182	0.07119999999986248	epochs	3.0
1565.774159771118	0.1390400000000227	epochs	2.0
1565.774159771118	0.07007999999996173	epochs	3.0
1565.844239771118	0.06896000000006097	epochs	3.0
1565.9131997711181	0.13472000000001572	epochs	2.0
1565.9131997711181	0.06791999999995824	epochs	3.0
1565.981119771118	0.06680000000005748	epochs	3.0
1566.0479197711181	0.1307200000001103	epochs	2.0
1566.0479197711181	0.06583999999998014	epochs	3.0
1566.113759771118	0.06488000000013017	epochs	3.0
1566.1786397711182	0.1268000000000029	epochs	2.0
1566.1786397711182	0.06384000000002743	epochs	3.0
1566.2424797711183	0.06295999999997548	epochs	3.0
1566.3054397711182	0.12328000000002248	epochs	2.0
1566.3054397711182	0.06207999999992353	epochs	3.0
1566.3675197711182	0.06120000000009895	epochs	3.0
1566.4287197711183	0.11983999999984007	epochs	2.0
1566.4287197711183	0.06031999999981963	epochs	3.0
1566.489039771118	0.059520000000020445	epochs	3.0
1566.548559771118	0.11663999999996122	epochs	2.0
1566.548559771118	0.05871999999999389	epochs	3.0
1566.607279771118	0.05791999999996733	epochs	3.0
1566.665199771118	0.11360000000013315	epochs	2.0
1566.665199771118	0.05720000000019354	epochs	3.0
1566.7223997711183	0.05639999999993961	epochs	3.0
1566.7787997711182	0.11071999999990112	epochs	2.0
1566.7787997711182	0.055679999999938445	epochs	3.0
1566.8344797711181	0.055039999999962674	epochs	3.0
1566.889519771118	0.10792000000014923	epochs	2.0
1566.889519771118	0.05424000000016349	epochs	3.0
1566.9437597711183	0.05367999999998574	epochs	3.0
1566.9974397711183	0.10527999999999338	epochs	2.0
1566.9974397711183	0.052959999999984575	epochs	3.0
1567.0503997711182	0.052320000000008804	epochs	3.0
1567.1027197711182	0.10287999999991371	epochs	2.0
1567.1027197711182	0.05175999999983105	epochs	3.0
1567.154479771118	0.051120000000082655	epochs	3.0
1567.2055997711182	0.10040000000003602	epochs	2.0
1567.2055997711182	0.050480000000106884	epochs	3.0
1567.2560797711183	0.04991999999992913	epochs	3.0
1567.3059997711182	0.09824000000003252	epochs	2.0
1567.3059997711182	0.049359999999978754	epochs	3.0
1567.3553597711182	0.04888000000005377	epochs	3.0
1567.4042397711182	0.09600000000000364	epochs	2.0
1567.4042397711182	0.048239999999850625	epochs	3.0
1567.452479771118	0.04776000000015301	epochs	3.0
1567.5002397711182	0.09392000000002554	epochs	2.0
1567.5002397711182	0.04719999999997526	epochs	3.0
1567.5474397711182	0.04672000000005028	epochs	3.0
1567.5941597711183	0.09191999999984546	epochs	2.0
1567.5941597711183	0.046159999999872525	epochs	3.0
1567.6403197711181	0.04575999999997293	epochs	3.0
1567.686079771118	0.09008000000017091	epochs	2.0
1567.686079771118	0.04528000000004795	epochs	3.0
1567.7313597711182	0.044800000000122964	epochs	3.0
1567.7761597711183	0.08815999999978885	epochs	2.0
1567.7761597711183	0.044319999999970605	epochs	3.0
1567.8204797711182	0.04383999999981825	epochs	3.0
1567.864319771118	0.08648000000016509	epochs	2.0
1567.864319771118	0.04344000000014603	epochs	3.0
1567.9077597711182	0.04304000000001906	epochs	3.0
1567.9507997711182	0.08471999999983382	epochs	2.0
1567.9507997711182	0.042559999999866704	epochs	3.0
1567.993359771118	0.04215999999996711	epochs	3.0
1568.035519771118	0.08320000000003347	epochs	2.0
1568.035519771118	0.04176000000006752	epochs	3.0
1568.0772797711181	0.04143999999996595	epochs	3.0
1568.118719771118	0.08151999999995496	epochs	2.0
1568.118719771118	0.040960000000040964	epochs	3.0
1568.1596797711181	0.040559999999914	epochs	3.0
1568.200239771118	0.08008000000018001	epochs	2.0
1568.200239771118	0.0402400000000398	epochs	3.0
1568.240479771118	0.03984000000014021	epochs	3.0
1568.2803197711182	0.0786399999999503	epochs	2.0
1568.2803197711182	0.039520000000038635	epochs	3.0
1568.3198397711183	0.03911999999991167	epochs	3.0
1568.3589597711182	0.07719999999994798	epochs	2.0
1568.3589597711182	0.03880000000003747	epochs	3.0
1568.3977597711182	0.038399999999910506	epochs	3.0
1568.4361597711181	0.07591999999999643	epochs	2.0
1568.4361597711181	0.0381600000000617	epochs	3.0
1568.4743197711182	0.037759999999934735	epochs	3.0
1568.5120797711181	0.0745600000000195	epochs	2.0
1568.5120797711181	0.037440000000060536	epochs	3.0
1568.5495197711182	0.037119999999958964	epochs	3.0
1568.5866397711181	0.07336000000009335	epochs	2.0
1568.5866397711181	0.036800000000084765	epochs	3.0
1568.6234397711182	0.036560000000008586	epochs	3.0
1568.6599997711182	0.07207999999991443	epochs	2.0
1568.6599997711182	0.03615999999988162	epochs	3.0
1568.6961597711181	0.035920000000032815	epochs	3.0
1568.7320797711182	0.07087999999998829	epochs	2.0
1568.7320797711182	0.03559999999993124	epochs	3.0
1568.767679771118	0.035280000000057044	epochs	3.0
1568.8029597711181	0.06984000000011292	epochs	2.0
1568.8029597711181	0.035039999999980864	epochs	3.0
1568.8379997711181	0.03480000000013206	epochs	3.0
1568.8727997711183	0.0686399999999594	epochs	2.0
1568.8727997711183	0.03447999999980311	epochs	3.0
1568.907279771118	0.03416000000015629	epochs	3.0
1568.9414397711182	0.06759999999985666	epochs	2.0
1568.9414397711182	0.033919999999852735	epochs	3.0
1568.975359771118	0.03368000000000393	epochs	3.0
1569.009039771118	0.0665599999999813	epochs	2.0
1569.009039771118	0.03344000000015512	epochs	3.0
1569.0424797711182	0.03311999999982618	epochs	3.0
1569.075599771118	0.06560000000013133	epochs	2.0
1569.075599771118	0.032960000000002765	epochs	3.0
1569.108559771118	0.032640000000128566	epochs	3.0
1569.1411997711182	0.0645600000000286	epochs	2.0
1569.1411997711182	0.03240000000005239	epochs	3.0
1569.1735997711182	0.03215999999997621	epochs	3.0
1569.2057597711182	0.06367999999997664	epochs	2.0
1569.2057597711182	0.03199999999992542	epochs	3.0
1569.2377597711181	0.03168000000005122	epochs	3.0
1569.2694397711182	0.0627199999998993	epochs	2.0
1569.2694397711182	0.03143999999997504	epochs	3.0
1569.3008797711182	0.03127999999992426	epochs	3.0
1569.332159771118	0.061840000000074724	epochs	2.0
1569.332159771118	0.03104000000007545	epochs	3.0
1569.3631997711182	0.030799999999999272	epochs	3.0
1569.3939997711182	0.060960000000022774	epochs	2.0
1569.3939997711182	0.030559999999923093	epochs	3.0
1569.424559771118	0.03040000000009968	epochs	3.0
1569.4549597711182	0.060159999999996217	epochs	2.0
1569.4549597711182	0.0301600000000235	epochs	3.0
1569.4851197711182	0.029999999999972715	epochs	3.0
1569.5151197711182	0.059279999999944266	epochs	2.0
1569.5151197711182	0.029679999999871143	epochs	3.0
1569.544799771118	0.029600000000073123	epochs	3.0
1569.5743997711181	0.05848000000014508	epochs	2.0
1569.5743997711181	0.029359999999996944	epochs	3.0
1569.6037597711181	0.02912000000014814	epochs	3.0
1569.6328797711183	0.057759999999916545	epochs	2.0
1569.6328797711183	0.02895999999986998	epochs	3.0
1569.6618397711181	0.028800000000046566	epochs	3.0
1569.6906397711182	0.05695999999988999	epochs	2.0
1569.6906397711182	0.028559999999970387	epochs	3.0
1569.7191997711182	0.0283999999999196	epochs	3.0
1569.747599771118	0.0562400000001162	epochs	2.0
1569.747599771118	0.028160000000070795	epochs	3.0
1569.7757597711181	0.028080000000045402	epochs	3.0
1569.8038397711182	0.055439999999862266	epochs	2.0
1569.8038397711182	0.027839999999969223	epochs	3.0
1569.8316797711182	0.027599999999893043	epochs	3.0
1569.859279771118	0.05488000000013926	epochs	2.0
1569.859279771118	0.027520000000095024	epochs	3.0
1569.8867997711181	0.027360000000044238	epochs	3.0
1569.9141597711182	0.05407999999988533	epochs	2.0
1569.9141597711182	0.02711999999996806	epochs	3.0
1569.9412797711182	0.026959999999917272	epochs	3.0
1569.968239771118	0.053440000000136934	epochs	2.0
1569.968239771118	0.02680000000009386	epochs	3.0
1569.9950397711182	0.026640000000043074	epochs	3.0
1570.0216797711182	0.05287999999995918	epochs	2.0
1570.0216797711182	0.026479999999992287	epochs	3.0
1570.0481597711182	0.026399999999966894	epochs	3.0
1570.0745597711182	0.05215999999995802	epochs	2.0
1570.0745597711182	0.026159999999890715	epochs	3.0
1570.100719771118	0.026000000000067303	epochs	3.0
1570.1267197711181	0.05151999999998225	epochs	2.0
1570.1267197711181	0.025840000000016516	epochs	3.0
1570.1525597711181	0.02567999999996573	epochs	3.0
1570.1782397711181	0.05096000000003187	epochs	2.0
1570.1782397711181	0.025599999999940337	epochs	3.0
1570.203839771118	0.02536000000009153	epochs	3.0
1570.2291997711181	0.05040000000008149	epochs	2.0
1570.2291997711181	0.02528000000006614	epochs	3.0
1570.2544797711182	0.025120000000015352	epochs	3.0
1570.2795997711182	0.049759999999878346	epochs	2.0
1570.2795997711182	0.024959999999964566	epochs	3.0
1570.3045597711182	0.02479999999991378	epochs	3.0
1570.329359771118	0.04920000000015534	epochs	2.0
1570.329359771118	0.024640000000090367	epochs	3.0
1570.3539997711182	0.024560000000064974	epochs	3.0
1570.3785597711183	0.04872000000000298	epochs	2.0
1570.3785597711183	0.024400000000014188	epochs	3.0
1570.4029597711183	0.024319999999988795	epochs	3.0
1570.4272797711183	0.04807999999979984	epochs	2.0
1570.4272797711183	0.024079999999912616	epochs	3.0
1570.4513597711182	0.023999999999887223	epochs	3.0
1570.475359771118	0.04760000000010223	epochs	2.0
1570.475359771118	0.02384000000006381	epochs	3.0
1570.4991997711181	0.023760000000038417	epochs	3.0
1570.5229597711182	0.04711999999994987	epochs	2.0
1570.5229597711182	0.02359999999998763	epochs	3.0
1570.5465597711182	0.023519999999962238	epochs	3.0
1570.5700797711181	0.04655999999999949	epochs	2.0
1570.5700797711181	0.023360000000138825	epochs	3.0
1570.5934397711183	0.023199999999860665	epochs	3.0
1570.6166397711181	0.046080000000074506	epochs	2.0
1570.6166397711181	0.023120000000062646	epochs	3.0
1570.6397597711182	0.02296000000001186	epochs	3.0
1570.6627197711182	0.04559999999992215	epochs	2.0
1570.6627197711182	0.022879999999986467	epochs	3.0
1570.6855997711182	0.02271999999993568	epochs	3.0
1570.708319771118	0.04511999999999716	epochs	2.0
1570.708319771118	0.02264000000013766	epochs	3.0
1570.7309597711183	0.0224799999998595	epochs	3.0
1570.753439771118	0.04464000000007218	epochs	2.0
1570.753439771118	0.022400000000061482	epochs	3.0
1570.7758397711182	0.022240000000010696	epochs	3.0
1570.7980797711182	0.04423999999994521	epochs	2.0
1570.7980797711182	0.022159999999985303	epochs	3.0
1570.8202397711182	0.02207999999995991	epochs	3.0
1570.8423197711181	0.04376000000002023	epochs	2.0
1570.8423197711181	0.021920000000136497	epochs	3.0
1570.8642397711183	0.02183999999988373	epochs	3.0
1570.8860797711181	0.043360000000120635	epochs	2.0
1570.8860797711181	0.02176000000008571	epochs	3.0
1570.9078397711182	0.021600000000034925	epochs	3.0
1570.9294397711183	0.04287999999996828	epochs	2.0
1570.9294397711183	0.02143999999998414	epochs	3.0
1570.9508797711183	0.02143999999998414	epochs	3.0
1570.9723197711182	0.04247999999984131	epochs	2.0
1570.9723197711182	0.021279999999933352	epochs	3.0
1570.9935997711182	0.02119999999990796	epochs	3.0
1571.014799771118	0.04208000000016909	epochs	2.0
1571.014799771118	0.021040000000084547	epochs	3.0
1571.0358397711182	0.021040000000084547	epochs	3.0
1571.0568797711182	0.041679999999814754	epochs	2.0
1571.0568797711182	0.020879999999806387	epochs	3.0
1571.077759771118	0.020800000000008367	epochs	3.0
1571.098559771118	0.04120000000011714	epochs	2.0
1571.098559771118	0.020640000000184955	epochs	3.0
1571.1191997711182	0.020559999999932188	epochs	3.0
1571.1397597711182	0.04088000000001557	epochs	2.0
1571.1397597711182	0.020559999999932188	epochs	3.0
1571.160319771118	0.020320000000083382	epochs	3.0
1571.1806397711182	0.040559999999914	epochs	2.0
1571.1806397711182	0.02031999999985601	epochs	3.0
1571.200959771118	0.02024000000005799	epochs	3.0
1571.221199771118	0.04007999999998901	epochs	2.0
1571.221199771118	0.020080000000007203	epochs	3.0
1571.2412797711181	0.01999999999998181	epochs	3.0
1571.261279771118	0.039760000000114815	epochs	2.0
1571.261279771118	0.019919999999956417	epochs	3.0
1571.281199771118	0.019840000000158398	epochs	3.0
1571.3010397711182	0.03944000000001324	epochs	2.0
1571.3010397711182	0.01975999999990563	epochs	3.0
1571.3207997711181	0.01968000000010761	epochs	3.0
1571.3404797711182	0.03903999999988628	epochs	2.0
1571.3404797711182	0.01951999999982945	epochs	3.0
1571.359999771118	0.019520000000056825	epochs	3.0
1571.379519771118	0.038639999999986685	epochs	2.0
1571.379519771118	0.01936000000000604	epochs	3.0
1571.3988797711181	0.019279999999980646	epochs	3.0
1571.418159771118	0.03840000000013788	epochs	2.0
1571.418159771118	0.019279999999980646	epochs	3.0
1571.437439771118	0.019120000000157233	epochs	3.0
1571.4565597711182	0.038000000000010914	epochs	2.0
1571.4565597711182	0.019039999999904467	epochs	3.0
1571.4755997711181	0.018960000000106447	epochs	3.0
1571.4945597711182	0.03767999999990934	epochs	2.0
1571.4945597711182	0.01887999999985368	epochs	3.0
1571.513439771118	0.01880000000005566	epochs	3.0
1571.5322397711182	0.03736000000003514	epochs	2.0
1571.5322397711182	0.018720000000030268	epochs	3.0
1571.5509597711182	0.018640000000004875	epochs	3.0
1571.5695997711182	0.03703999999993357	epochs	2.0
1571.5695997711182	0.018559999999979482	epochs	3.0
1571.5881597711182	0.01847999999995409	epochs	3.0
1571.6066397711181	0.03672000000005937	epochs	2.0
1571.6066397711181	0.018399999999928696	epochs	3.0
1571.625039771118	0.018320000000130676	epochs	3.0
1571.6433597711182	0.03647999999998319	epochs	2.0
1571.6433597711182	0.01823999999987791	epochs	3.0
1571.661599771118	0.018240000000105283	epochs	3.0
1571.6798397711182	0.0360800000000836	epochs	2.0
1571.6798397711182	0.018080000000054497	epochs	3.0
1571.6979197711182	0.018000000000029104	epochs	3.0
1571.7159197711183	0.03584000000000742	epochs	2.0
1571.7159197711183	0.01792000000000371	epochs	3.0
1571.7338397711183	0.01792000000000371	epochs	3.0
1571.7517597711183	0.03551999999990585	epochs	2.0
1571.7517597711183	0.017759999999952925	epochs	3.0
1571.7695197711182	0.017759999999952925	epochs	3.0
1571.7872797711182	0.03520000000003165	epochs	2.0
1571.7872797711182	0.01767999999992753	epochs	3.0
1571.804959771118	0.01752000000010412	epochs	3.0
1571.8224797711182	0.03495999999995547	epochs	2.0
1571.8224797711182	0.017519999999876745	epochs	3.0
1571.839999771118	0.017440000000078726	epochs	3.0
1571.8574397711182	0.034720000000106666	epochs	2.0
1571.8574397711182	0.017440000000078726	epochs	3.0
1571.8748797711182	0.01728000000002794	epochs	3.0
1571.8921597711183	0.03440000000000509	epochs	2.0
1571.8921597711183	0.017200000000002547	epochs	3.0
1571.9093597711183	0.017200000000002547	epochs	3.0
1571.9265597711183	0.034159999999928914	epochs	2.0
1571.9265597711183	0.017119999999977153	epochs	3.0
1571.9436797711182	0.01703999999995176	epochs	3.0
1571.9607197711182	0.033840000000054715	epochs	2.0
1571.9607197711182	0.016959999999926367	epochs	3.0
1571.9776797711181	0.016880000000128348	epochs	3.0
1571.9945597711182	0.033599999999978536	epochs	2.0
1571.9945597711182	0.01679999999987558	epochs	3.0
1572.0113597711181	0.016800000000102955	epochs	3.0
1572.0281597711182	0.03335999999990236	epochs	2.0
1572.0281597711182	0.016719999999850188	epochs	3.0
1572.044879771118	0.01664000000005217	epochs	3.0
1572.0615197711181	0.03312000000005355	epochs	2.0
1572.0615197711181	0.016560000000026776	epochs	3.0
1572.0780797711182	0.016560000000026776	epochs	3.0
1572.0946397711182	0.03279999999995198	epochs	2.0
1572.0946397711182	0.01639999999997599	epochs	3.0
1572.1110397711182	0.01639999999997599	epochs	3.0
1572.1274397711181	0.03256000000010317	epochs	2.0
1572.1274397711181	0.016319999999950596	epochs	3.0
1572.143759771118	0.016240000000152577	epochs	3.0
1572.1599997711182	0.03239999999982501	epochs	2.0
1572.1599997711182	0.016239999999925203	epochs	3.0
1572.1762397711182	0.01615999999989981	epochs	3.0
1572.192399771118	0.03208000000017819	epochs	2.0
1572.192399771118	0.01608000000010179	epochs	3.0
1572.2084797711182	0.016000000000076398	epochs	3.0
1572.2244797711182	0.03191999999990003	epochs	2.0
1572.2244797711182	0.015999999999849024	epochs	3.0
1572.240479771118	0.015920000000051004	epochs	3.0
1572.2563997711181	0.03160000000002583	epochs	2.0
1572.2563997711181	0.01584000000002561	epochs	3.0
1572.2722397711182	0.01576000000000022	epochs	3.0
1572.2879997711182	0.03143999999997504	epochs	2.0
1572.2879997711182	0.01576000000000022	epochs	3.0
1572.3037597711182	0.015679999999974825	epochs	3.0
1572.3194397711181	0.031200000000126238	epochs	2.0
1572.3194397711181	0.015599999999949432	epochs	3.0
1572.335039771118	0.015600000000176806	epochs	3.0
1572.3506397711183	0.030959999999822685	epochs	2.0
1572.3506397711183	0.015519999999924039	epochs	3.0
1572.3661597711182	0.015439999999898646	epochs	3.0
1572.381599771118	0.03071999999997388	epochs	2.0
1572.381599771118	0.01544000000012602	epochs	3.0
1572.3970397711182	0.01527999999984786	epochs	3.0
1572.412319771118	0.030560000000150467	epochs	2.0
1572.412319771118	0.015360000000100626	epochs	3.0
1572.4276797711182	0.01520000000004984	epochs	3.0
1572.4428797711182	0.030319999999846914	epochs	2.0
1572.4428797711182	0.01520000000004984	epochs	3.0
1572.4580797711183	0.015119999999797074	epochs	3.0
1572.473199771118	0.030079999999998108	epochs	2.0
1572.473199771118	0.015120000000024447	epochs	3.0
1572.488319771118	0.014959999999973661	epochs	3.0
1572.503279771118	0.029920000000174696	epochs	2.0
1572.503279771118	0.015039999999999054	epochs	3.0
1572.518319771118	0.014880000000175642	epochs	3.0
1572.5331997711182	0.029679999999871143	epochs	2.0
1572.5331997711182	0.014879999999948268	epochs	3.0
1572.5480797711182	0.014799999999922875	epochs	3.0
1572.562879771118	0.02952000000004773	epochs	2.0
1572.562879771118	0.014800000000150249	epochs	3.0
1572.5776797711183	0.014719999999897482	epochs	3.0
1572.5923997711182	0.02927999999997155	epochs	2.0
1572.5923997711182	0.014719999999897482	epochs	3.0
1572.607119771118	0.01456000000007407	epochs	3.0
1572.6216797711181	0.02912000000014814	epochs	2.0
1572.6216797711181	0.014640000000099462	epochs	3.0
1572.6363197711182	0.014480000000048676	epochs	3.0
1572.6507997711183	0.02895999999986998	epochs	2.0
1572.6507997711183	0.014479999999821302	epochs	3.0
1572.665279771118	0.014480000000048676	epochs	3.0
1572.6797597711181	0.02863999999999578	epochs	2.0
1572.6797597711181	0.01431999999999789	epochs	3.0
1572.6940797711181	0.01431999999999789	epochs	3.0
1572.7083997711181	0.028559999999970387	epochs	2.0
1572.7083997711181	0.01431999999999789	epochs	3.0
1572.7227197711181	0.014239999999972497	epochs	3.0
1572.736959771118	0.02832000000012158	epochs	2.0
1572.736959771118	0.014159999999947104	epochs	3.0
1572.751119771118	0.014160000000174477	epochs	3.0
1572.7652797711182	0.02815999999984342	epochs	2.0
1572.7652797711182	0.014159999999947104	epochs	3.0
1572.7794397711182	0.013999999999896318	epochs	3.0
1572.793439771118	0.02800000000002001	epochs	2.0
1572.793439771118	0.014000000000123691	epochs	3.0
1572.8074397711182	0.013999999999896318	epochs	3.0
1572.821439771118	0.027760000000171203	epochs	2.0
1572.821439771118	0.013920000000098298	epochs	3.0
1572.8353597711182	0.013840000000072905	epochs	3.0
1572.8491997711183	0.027679999999918437	epochs	2.0
1572.8491997711183	0.013839999999845531	epochs	3.0
1572.863039771118	0.013840000000072905	epochs	3.0
1572.8768797711182	0.02744000000006963	epochs	2.0
1572.8768797711182	0.013760000000047512	epochs	3.0
1572.8906397711182	0.013680000000022119	epochs	3.0
1572.9043197711183	0.027280000000018845	epochs	2.0
1572.9043197711183	0.013680000000022119	epochs	3.0
1572.9179997711183	0.013599999999996726	epochs	3.0
1572.9315997711183	0.02711999999996806	epochs	2.0
1572.9315997711183	0.013519999999971333	epochs	3.0
1572.9451197711182	0.013599999999996726	epochs	3.0
1572.9587197711182	0.02687999999989188	epochs	2.0
1572.9587197711182	0.01343999999994594	epochs	3.0
1572.9721597711182	0.01343999999994594	epochs	3.0
1572.9855997711181	0.02680000000009386	epochs	2.0
1572.9855997711181	0.01343999999994594	epochs	3.0
1572.999039771118	0.01336000000014792	epochs	3.0
1573.0123997711182	0.02656000000001768	epochs	2.0
1573.0123997711182	0.013279999999895153	epochs	3.0
1573.0256797711181	0.013280000000122527	epochs	3.0
1573.0389597711182	0.026479999999992287	epochs	2.0
1573.0389597711182	0.013279999999895153	epochs	3.0
1573.0522397711181	0.013200000000097134	epochs	3.0
1573.0654397711182	0.026239999999916108	epochs	2.0
1573.0654397711182	0.013119999999844367	epochs	3.0
1573.078559771118	0.013120000000071741	epochs	3.0
1573.0916797711182	0.02616000000011809	epochs	2.0
1573.0916797711182	0.013120000000071741	epochs	3.0
1573.1047997711182	0.013040000000046348	epochs	3.0
1573.1178397711183	0.02599999999983993	epochs	2.0
1573.1178397711183	0.013039999999818974	epochs	3.0
1573.130879771118	0.012960000000020955	epochs	3.0
1573.143839771118	0.025759999999991123	epochs	2.0
1573.143839771118	0.012879999999995562	epochs	3.0
1573.156719771118	0.012879999999995562	epochs	3.0
1573.169599771118	0.02567999999996573	epochs	2.0
1573.169599771118	0.012879999999995562	epochs	3.0
1573.182479771118	0.012799999999970169	epochs	3.0
1573.195279771118	0.025520000000142318	epochs	2.0
1573.195279771118	0.012800000000197542	epochs	3.0
1573.2080797711183	0.012719999999944775	epochs	3.0
1573.2207997711182	0.025359999999864158	epochs	2.0
1573.2207997711182	0.012719999999944775	epochs	3.0
1573.2335197711182	0.012639999999919382	epochs	3.0
1573.246159771118	0.025200000000040745	epochs	2.0
1573.246159771118	0.012640000000146756	epochs	3.0
1573.2587997711182	0.01255999999989399	epochs	3.0
1573.2713597711181	0.024560000000064974	epochs	2.0
1573.2950307711183	0.5	epochs	-1.0
1573.2959197711182	0.5228799999999865	epochs	1.0
1573.8187997711182	0.47703999999998814	epochs	0.0
1640.6789999008179	0.055920000000014625	epochs	0.0
1640.6789999008179	0.02296000000001186	epochs	1.0
1640.7019599008179	0.010080000000016298	epochs	1.0
1640.712039900818	0.022879999999986467	epochs	1.0
1640.7349199008179	0.2299199999999928	epochs	0.0
1640.7349199008179	0.049999999999954525	epochs	1.0
1640.7849199008178	0.009999999999990905	epochs	1.0
1640.7949199008178	0.049999999999954525	epochs	1.0
1640.8449199008178	0.009999999999990905	epochs	1.0
1640.8549199008178	0.0500000000001819	epochs	1.0
1640.904919900818	0.009999999999990905	epochs	1.0
1640.914919900818	0.04991999999992913	epochs	1.0
