onset	duration	nwb_table	treelevel
8.830999851226807	0.09999999999999964	epochs	0.0
8.830999851226807	0.04499999999999993	epochs	1.0
8.875999851226807	0.010004999999999598	epochs	1.0
8.886004851226806	0.04499500000000012	epochs	1.0
8.930999851226806	0.7049950000000003	epochs	0.0
8.930999851226806	0.5	epochs	-1.0
8.930999851226806	0.5	epochs	-1.0
8.930999851226806	0.5	epochs	1.0
9.430999851226806	0.0600000000000005	epochs	-1.0
9.430999851226806	0.025000000000000355	epochs	-1.0
9.430999851226806	0.025000000000000355	epochs	1.0
9.455999851226807	0.009999999999999787	epochs	-1.0
9.455999851226807	0.009999999999999787	epochs	1.0
9.465999851226806	0.025000000000000355	epochs	-1.0
9.465999851226806	0.025000000000000355	epochs	1.0
9.490999851226807	0.0600000000000005	epochs	-1.0
9.490999851226807	0.025000000000000355	epochs	-1.0
9.490999851226807	0.025000000000000355	epochs	1.0
9.515999851226807	0.009999999999999787	epochs	-1.0
9.515999851226807	0.009999999999999787	epochs	1.0
9.525999851226807	0.025000000000000355	epochs	-1.0
9.525999851226807	0.025000000000000355	epochs	1.0
9.550999851226807	0.05999999999999872	epochs	-1.0
9.550999851226807	0.02499999999999858	epochs	-1.0
9.550999851226807	0.02499999999999858	epochs	1.0
9.575999851226806	0.010000000000001563	epochs	-1.0
9.575999851226806	0.010000000000001563	epochs	1.0
9.585999851226807	0.02499999999999858	epochs	-1.0
9.585999851226807	0.02499999999999858	epochs	1.0
9.610999851226806	0.024995000000000545	epochs	1.0
254.28800010681152	0.09999999999999432	epochs	0.0
254.28800010681152	0.044999999999987494	epochs	1.0
254.3330001068115	0.010005000000006703	epochs	1.0
254.34300510681152	0.04499500000000012	epochs	1.0
254.38800010681152	0.7049949999999967	epochs	0.0
254.38800010681152	0.5	epochs	-1.0
254.38800010681152	0.5	epochs	1.0
254.88800010681152	0.060000000000002274	epochs	-1.0
254.88800010681152	0.025000000000005684	epochs	-1.0
254.88800010681152	0.025000000000005684	epochs	1.0
254.91300010681152	0.009999999999990905	epochs	-1.0
254.91300010681152	0.009999999999990905	epochs	1.0
254.92300010681151	0.025000000000005684	epochs	-1.0
254.92300010681151	0.025000000000005684	epochs	1.0
254.94800010681152	0.060000000000002274	epochs	-1.0
254.94800010681152	0.025000000000005684	epochs	-1.0
254.94800010681152	0.025000000000005684	epochs	1.0
254.97300010681153	0.009999999999990905	epochs	-1.0
254.97300010681153	0.009999999999990905	epochs	1.0
254.98300010681152	0.025000000000005684	epochs	-1.0
254.98300010681152	0.025000000000005684	epochs	1.0
255.00800010681152	0.060000000000002274	epochs	-1.0
255.00800010681152	0.025000000000005684	epochs	-1.0
255.00800010681152	0.025000000000005684	epochs	1.0
255.03300010681153	0.009999999999990905	epochs	-1.0
255.03300010681153	0.009999999999990905	epochs	1.0
255.04300010681152	0.025000000000005684	epochs	-1.0
255.04300010681152	0.025000000000005684	epochs	1.0
255.06800010681152	0.024994999999989886	epochs	1.0
379.85799980163574	0.10000000000002274	epochs	0.0
379.85799980163574	0.045000000000015916	epochs	1.0
379.90299980163576	0.010004999999978281	epochs	1.0
379.91300480163574	0.04499500000002854	epochs	1.0
379.95799980163576	61.384995	epochs	0.0
379.95799980163576	0.5	epochs	-1.0
379.95799980163576	0.5	epochs	-1.0
379.95799980163576	0.5	epochs	1.0
380.45799980163576	0.060000000000002274	epochs	-1.0
380.45799980163576	0.024999999999977263	epochs	-1.0
380.45799980163576	0.024999999999977263	epochs	1.0
380.48299980163574	0.009999999999990905	epochs	-1.0
380.48299980163574	0.009999999999990905	epochs	1.0
380.49299980163573	0.025000000000034106	epochs	-1.0
380.49299980163573	0.025000000000034106	epochs	1.0
380.51799980163577	0.060000000000002274	epochs	-1.0
380.51799980163577	0.024999999999977263	epochs	-1.0
380.51799980163577	0.024999999999977263	epochs	1.0
380.54299980163574	0.009999999999990905	epochs	-1.0
380.54299980163574	0.009999999999990905	epochs	1.0
380.55299980163574	0.025000000000034106	epochs	-1.0
380.55299980163574	0.025000000000034106	epochs	1.0
380.57799980163577	0.05999999999994543	epochs	-1.0
380.57799980163577	0.024999999999977263	epochs	-1.0
380.57799980163577	0.024999999999977263	epochs	1.0
380.60299980163575	0.009999999999990905	epochs	-1.0
380.60299980163575	0.009999999999990905	epochs	1.0
380.61299980163574	0.024999999999977263	epochs	-1.0
380.61299980163574	0.024999999999977263	epochs	1.0
380.6379998016357	60.0	epochs	1.0
440.6379998016357	0.5	epochs	-1.0
440.6379998016357	0.5	epochs	-1.0
440.6379998016357	0.5	epochs	1.0
441.1379998016357	0.06000000000005912	epochs	-1.0
441.1379998016357	0.025000000000034106	epochs	-1.0
441.1379998016357	0.025000000000034106	epochs	1.0
441.16299980163575	0.009999999999990905	epochs	-1.0
441.16299980163575	0.009999999999990905	epochs	1.0
441.17299980163574	0.025000000000034106	epochs	-1.0
441.17299980163574	0.025000000000034106	epochs	1.0
441.1979998016358	0.05999999999994543	epochs	-1.0
441.1979998016358	0.024999999999977263	epochs	-1.0
441.1979998016358	0.024999999999977263	epochs	1.0
441.22299980163575	0.009999999999990905	epochs	-1.0
441.22299980163575	0.009999999999990905	epochs	1.0
441.23299980163574	0.024999999999977263	epochs	-1.0
441.23299980163574	0.024999999999977263	epochs	1.0
441.2579998016357	0.060000000000002274	epochs	-1.0
441.2579998016357	0.025000000000034106	epochs	-1.0
441.2579998016357	0.025000000000034106	epochs	1.0
441.28299980163575	0.009999999999990905	epochs	-1.0
441.28299980163575	0.009999999999990905	epochs	1.0
441.29299980163574	0.024999999999977263	epochs	-1.0
441.29299980163574	0.024999999999977263	epochs	1.0
441.3179998016357	0.02499500000004673	epochs	1.0
667.5729999542236	0.10000000000002274	epochs	0.0
667.5729999542236	0.04499999999995907	epochs	1.0
667.6179999542236	0.010005000000091968	epochs	1.0
667.6280049542237	0.044994999999971697	epochs	1.0
667.6729999542237	0.7049949999999399	epochs	0.0
667.6729999542237	0.5	epochs	-1.0
667.6729999542237	0.5	epochs	-1.0
667.6729999542237	0.5	epochs	1.0
668.1729999542237	0.05999999999994543	epochs	-1.0
668.1729999542237	0.024999999999977263	epochs	-1.0
668.1729999542237	0.024999999999977263	epochs	1.0
668.1979999542236	0.009999999999990905	epochs	-1.0
668.1979999542236	0.009999999999990905	epochs	1.0
668.2079999542236	0.024999999999977263	epochs	-1.0
668.2079999542236	0.024999999999977263	epochs	1.0
668.2329999542236	0.06000000000005912	epochs	-1.0
668.2329999542236	0.024999999999977263	epochs	-1.0
668.2329999542236	0.024999999999977263	epochs	1.0
668.2579999542236	0.010000000000104592	epochs	-1.0
668.2579999542236	0.010000000000104592	epochs	1.0
668.2679999542237	0.024999999999977263	epochs	-1.0
668.2679999542237	0.024999999999977263	epochs	1.0
668.2929999542237	0.05999999999994543	epochs	-1.0
668.2929999542237	0.024999999999977263	epochs	-1.0
668.2929999542237	0.024999999999977263	epochs	1.0
668.3179999542236	0.009999999999990905	epochs	-1.0
668.3179999542236	0.009999999999990905	epochs	1.0
668.3279999542236	0.024999999999977263	epochs	-1.0
668.3279999542236	0.024999999999977263	epochs	1.0
668.3529999542236	0.024994999999989886	epochs	1.0
696.4109997749329	0.3571399999999585	epochs	0.0
696.4109997749329	0.1735599999999522	epochs	1.0
696.5845597749328	0.010020000000054097	epochs	1.0
696.5945797749329	0.1735599999999522	epochs	1.0
696.7681397749328	5.9999800000000505	epochs	0.0
696.7681397749328	0.5	epochs	1.0
696.7681426749328	0.5	epochs	-1.0
696.7681426749328	0.5	epochs	-1.0
697.2681397749328	5.0	epochs	1.0
702.2681397749328	0.4999800000000505	epochs	1.0
702.2681426749328	0.4999771000000237	epochs	-1.0
706.8680000305176	0.1470399999999472	epochs	0.0
706.8680000305176	0.068520000000035	epochs	1.0
706.9365200305176	0.01001999999994041	epochs	1.0
706.9465400305176	0.0684999999999718	epochs	1.0
707.0150400305175	0.5530600000000732	epochs	0.0
707.0150400305175	0.5	epochs	1.0
707.0150588305175	0.5	epochs	-1.0
707.5150400305175	0.05306000000007316	epochs	1.0
707.5681000305176	2.9469199999999773	epochs	0.0
708.316999912262	0.1470399999999472	epochs	0.0
708.316999912262	0.068520000000035	epochs	1.0
708.385519912262	0.01001999999994041	epochs	1.0
708.3955399122619	0.0684999999999718	epochs	1.0
708.4640399122619	0.5534800000000359	epochs	0.0
708.4640399122619	0.5	epochs	1.0
708.4640587122619	0.5	epochs	-1.0
708.9640399122619	0.05348000000003594	epochs	1.0
709.017519912262	2.9465000000000146	epochs	0.0
709.7839999198914	0.1470399999999472	epochs	0.0
709.7839999198914	0.068520000000035	epochs	1.0
709.8525199198914	0.01001999999994041	epochs	1.0
709.8625399198913	0.0684999999999718	epochs	1.0
709.9310399198913	2.5132200000000466	epochs	0.0
709.9310399198913	0.5	epochs	1.0
709.9310587198913	0.5	epochs	-1.0
710.4310399198913	1.0	epochs	1.0
711.4310399198913	1.0132200000000466	epochs	1.0
711.9310587198913	0.5	epochs	-1.0
712.4442599198914	0.9867600000000039	epochs	0.0
713.2839999198914	0.1470399999999472	epochs	0.0
713.2839999198914	0.068520000000035	epochs	1.0
713.3525199198914	0.01001999999994041	epochs	1.0
713.3625399198913	0.0684999999999718	epochs	1.0
713.4310399198913	0.5528600000000097	epochs	0.0
713.4310399198913	0.5	epochs	1.0
713.4310587198913	0.5	epochs	-1.0
713.9310399198913	0.05286000000000968	epochs	1.0
713.9838999198913	2.947120000000041	epochs	0.0
714.8340001106262	0.1470399999999472	epochs	0.0
714.8340001106262	0.068520000000035	epochs	1.0
714.9025201106263	0.01001999999994041	epochs	1.0
714.9125401106262	0.0684999999999718	epochs	1.0
714.9810401106262	0.5535399999999981	epochs	0.0
714.9810401106262	0.5	epochs	1.0
714.9810589106262	0.5	epochs	-1.0
715.4810401106262	0.053539999999998145	epochs	1.0
715.5345801106262	2.9464400000000524	epochs	0.0
716.4010000228882	0.1470399999999472	epochs	0.0
716.4010000228882	0.068520000000035	epochs	1.0
716.4695200228882	0.01001999999994041	epochs	1.0
716.4795400228882	0.0684999999999718	epochs	1.0
716.5480400228881	0.5533200000000988	epochs	0.0
716.5480400228881	0.5	epochs	1.0
716.5480588228882	0.5	epochs	-1.0
717.0480400228881	0.053320000000098844	epochs	1.0
717.1013600228882	2.9466599999999517	epochs	0.0
724.4930000305176	0.1470399999999472	epochs	0.0
724.4930000305176	0.068520000000035	epochs	1.0
724.5615200305176	0.01001999999994041	epochs	1.0
724.5715400305176	0.0684999999999718	epochs	1.0
724.6400400305175	0.5526600000000599	epochs	0.0
724.6400400305175	0.5	epochs	1.0
724.6400588305175	0.5	epochs	-1.0
725.1400400305175	0.05266000000005988	epochs	1.0
725.1927000305176	2.9473199999999906	epochs	0.0
726.0929999351501	0.1470399999999472	epochs	0.0
726.0929999351501	0.068520000000035	epochs	1.0
726.1615199351502	0.01001999999994041	epochs	1.0
726.1715399351501	0.0684999999999718	epochs	1.0
726.2400399351501	0.5527000000000726	epochs	0.0
726.2400399351501	0.5	epochs	1.0
726.2400587351501	0.5	epochs	-1.0
726.7400399351501	0.05270000000007258	epochs	1.0
726.7927399351502	2.947279999999978	epochs	0.0
727.6900000572205	0.1470399999999472	epochs	0.0
727.6900000572205	0.068520000000035	epochs	1.0
727.7585200572205	0.01001999999994041	epochs	1.0
727.7685400572204	0.0684999999999718	epochs	1.0
727.8370400572204	0.5532800000000861	epochs	0.0
727.8370400572204	0.5	epochs	1.0
727.8370588572204	0.5	epochs	-1.0
728.3370400572204	0.05328000000008615	epochs	1.0
728.3903200572205	2.9466999999999643	epochs	0.0
729.3559999465942	0.1470399999999472	epochs	0.0
729.3559999465942	0.068520000000035	epochs	1.0
729.4245199465943	0.01001999999994041	epochs	1.0
729.4345399465942	0.0684999999999718	epochs	1.0
729.5030399465942	0.5530600000000732	epochs	0.0
729.5030399465942	0.5	epochs	1.0
729.5030587465942	0.5	epochs	-1.0
730.0030399465942	0.05306000000007316	epochs	1.0
730.0560999465943	2.9469199999999773	epochs	0.0
731.0060000419617	0.1470399999999472	epochs	0.0
731.0060000419617	0.068520000000035	epochs	1.0
731.0745200419617	0.01001999999994041	epochs	1.0
731.0845400419616	0.0684999999999718	epochs	1.0
731.1530400419616	0.5529600000000983	epochs	0.0
731.1530400419616	0.5	epochs	1.0
731.1530588419616	0.5	epochs	-1.0
731.6530400419616	0.05296000000009826	epochs	1.0
731.7060000419617	2.9470199999999522	epochs	0.0
732.7059998512268	0.1470399999999472	epochs	0.0
732.7059998512268	0.068520000000035	epochs	1.0
732.7745198512268	0.01001999999994041	epochs	1.0
732.7845398512268	0.0684999999999718	epochs	1.0
732.8530398512268	0.5529400000000351	epochs	0.0
732.8530398512268	0.5	epochs	1.0
732.8530586512268	0.5	epochs	-1.0
733.3530398512268	0.05294000000003507	epochs	1.0
733.4059798512268	2.9470400000000154	epochs	0.0
734.4899997711182	0.1470399999999472	epochs	0.0
734.4899997711182	0.068520000000035	epochs	1.0
734.5585197711182	0.01001999999994041	epochs	1.0
734.5685397711181	0.0684999999999718	epochs	1.0
734.6370397711181	2.5131400000000212	epochs	0.0
734.6370397711181	0.5	epochs	1.0
734.6370585711181	0.5	epochs	-1.0
735.1370397711181	1.0	epochs	1.0
736.1370397711181	1.0131400000000212	epochs	1.0
736.6370585711181	0.5	epochs	-1.0
737.1501797711181	0.9868400000000292	epochs	0.0
738.1890001296997	0.1470399999999472	epochs	0.0
738.1890001296997	0.068520000000035	epochs	1.0
738.2575201296997	0.01001999999994041	epochs	1.0
738.2675401296997	0.0684999999999718	epochs	1.0
738.3360401296997	0.5525800000000345	epochs	0.0
738.3360401296997	0.5	epochs	1.0
738.3360589296997	0.5	epochs	-1.0
738.8360401296997	0.05258000000003449	epochs	1.0
738.8886201296997	2.947400000000016	epochs	0.0
739.9229998588562	0.1470399999999472	epochs	0.0
739.9229998588562	0.068520000000035	epochs	1.0
739.9915198588562	0.01001999999994041	epochs	1.0
740.0015398588562	0.0684999999999718	epochs	1.0
740.0700398588561	2.513300000000072	epochs	0.0
740.0700398588561	0.5	epochs	1.0
740.0700586588562	0.5	epochs	-1.0
740.5700398588561	1.0	epochs	1.0
741.5700398588561	1.013300000000072	epochs	1.0
742.0700586588562	0.5	epochs	-1.0
742.5833398588562	0.9866799999999785	epochs	0.0
743.6890001296997	0.1470399999999472	epochs	0.0
743.6890001296997	0.068520000000035	epochs	1.0
743.7575201296997	0.01001999999994041	epochs	1.0
743.7675401296997	0.0684999999999718	epochs	1.0
743.8360401296997	2.513300000000072	epochs	0.0
743.8360401296997	0.5	epochs	1.0
743.8360589296997	0.5	epochs	-1.0
744.3360401296997	1.0	epochs	1.0
745.3360401296997	1.013300000000072	epochs	1.0
745.8360589296997	0.5	epochs	-1.0
746.3493401296997	0.9866799999999785	epochs	0.0
747.4730000495911	0.1470399999999472	epochs	0.0
747.4730000495911	0.068520000000035	epochs	1.0
747.5415200495911	0.01001999999994041	epochs	1.0
747.551540049591	0.0684999999999718	epochs	1.0
747.620040049591	2.512760000000071	epochs	0.0
747.620040049591	0.5	epochs	1.0
747.620058849591	0.5	epochs	-1.0
748.120040049591	1.0	epochs	1.0
749.120040049591	1.0127600000000712	epochs	1.0
749.620058849591	0.5	epochs	-1.0
750.1328000495911	0.9872199999999793	epochs	0.0
751.4289999008179	0.15297999999995682	epochs	0.0
751.4289999008179	0.049999999999954525	epochs	1.0
751.4789999008178	0.0030000000000427463	epochs	1.0
751.4819999008179	0.09997999999995955	epochs	1.0
752.8619999885559	0.15297999999995682	epochs	0.0
752.8619999885559	0.049999999999954525	epochs	1.0
752.9119999885559	0.0030000000000427463	epochs	1.0
752.9149999885559	0.09997999999995955	epochs	1.0
754.2449998855591	0.15297999999995682	epochs	0.0
754.2449998855591	0.049999999999954525	epochs	1.0
754.294999885559	0.0030000000000427463	epochs	1.0
754.2979998855591	0.09997999999995955	epochs	1.0
755.6789999008179	0.15297999999995682	epochs	0.0
755.6789999008179	0.049999999999954525	epochs	1.0
755.7289999008178	0.0030000000000427463	epochs	1.0
755.7319999008179	0.09997999999995955	epochs	1.0
757.061999797821	0.15297999999995682	epochs	0.0
757.061999797821	0.049999999999954525	epochs	1.0
757.111999797821	0.0030000000000427463	epochs	1.0
757.114999797821	0.09997999999995955	epochs	1.0
758.503999710083	0.15297999999995682	epochs	0.0
758.503999710083	0.049999999999954525	epochs	1.0
758.553999710083	0.0030000000000427463	epochs	1.0
758.556999710083	0.09997999999995955	epochs	1.0
759.936999797821	0.15297999999995682	epochs	0.0
759.936999797821	0.049999999999954525	epochs	1.0
759.986999797821	0.0030000000000427463	epochs	1.0
759.989999797821	0.09997999999995955	epochs	1.0
761.420000076294	0.1470399999999472	epochs	0.0
761.420000076294	0.068520000000035	epochs	1.0
761.488520076294	0.01001999999994041	epochs	1.0
761.4985400762939	0.0684999999999718	epochs	1.0
761.5670400762939	0.552819999999997	epochs	0.0
761.5670400762939	0.5	epochs	1.0
761.5670588762939	0.5	epochs	-1.0
762.0670400762939	0.0030000000000427463	epochs	1.0
762.0700400762939	0.049819999999954234	epochs	1.0
762.1198600762939	1.0501600000000053	epochs	0.0
763.670000076294	0.1470399999999472	epochs	0.0
763.670000076294	0.068520000000035	epochs	1.0
763.738520076294	0.01001999999994041	epochs	1.0
763.7485400762939	0.0684999999999718	epochs	1.0
763.8170400762939	0.5525800000000345	epochs	0.0
763.8170400762939	0.5	epochs	1.0
763.8170588762939	0.5	epochs	-1.0
764.3170400762939	0.0030000000000427463	epochs	1.0
764.3200400762939	0.04957999999999174	epochs	1.0
764.3696200762939	1.0503999999999678	epochs	0.0
765.7869997024536	0.1470399999999472	epochs	0.0
765.7869997024536	0.068520000000035	epochs	1.0
765.8555197024536	0.01001999999994041	epochs	1.0
765.8655397024536	0.0684999999999718	epochs	1.0
765.9340397024536	0.552560000000085	epochs	0.0
765.9340397024536	0.5	epochs	1.0
765.9340585024536	0.5	epochs	-1.0
766.4340397024536	0.0030000000000427463	epochs	1.0
766.4370397024536	0.04956000000004224	epochs	1.0
766.4865997024536	1.0504199999999173	epochs	0.0
767.9699997901917	0.1470399999999472	epochs	0.0
767.9699997901917	0.068520000000035	epochs	1.0
768.0385197901917	0.01001999999994041	epochs	1.0
768.0485397901916	0.0684999999999718	epochs	1.0
768.1170397901916	1.5127200000000585	epochs	0.0
768.1170397901916	0.5	epochs	1.0
768.1170585901916	0.5	epochs	-1.0
768.6170397901916	0.0030000000000427463	epochs	1.0
768.6200397901916	1.0097200000000157	epochs	1.0
769.1200585901917	0.5	epochs	-1.0
769.6297597901917	0.09025999999994383	epochs	0.0
771.0	0.1470399999999472	epochs	0.0
771.0	0.068520000000035	epochs	1.0
771.06852	0.01001999999994041	epochs	1.0
771.07854	0.0684999999999718	epochs	1.0
771.14704	1.5529800000000478	epochs	0.0
771.14704	0.5	epochs	1.0
771.1470588	0.5	epochs	-1.0
771.64704	0.0030000000000427463	epochs	1.0
771.65004	1.049980000000005	epochs	1.0
772.1500588	0.5	epochs	-1.0
772.70002	0.049999999999954525	epochs	0.0
774.1329998970032	0.6499800000000278	epochs	0.0
774.1329998970032	0.049999999999954525	epochs	1.0
774.1829998970031	0.5	epochs	1.0
774.6829998970031	0.09998000000007323	epochs	1.0
776.2160000801086	0.6499800000000278	epochs	0.0
776.2160000801086	0.049999999999954525	epochs	1.0
776.2660000801086	0.5	epochs	1.0
776.7660000801086	0.09998000000007323	epochs	1.0
778.3499999046326	0.6499800000000278	epochs	0.0
778.3499999046326	0.049999999999954525	epochs	1.0
778.3999999046325	0.5	epochs	1.0
778.8999999046325	0.09998000000007323	epochs	1.0
780.4980001449585	0.6499800000000278	epochs	0.0
780.4980001449585	0.049999999999954525	epochs	1.0
780.5480001449585	0.5	epochs	1.0
781.0480001449585	0.09998000000007323	epochs	1.0
782.6979999542236	0.1470399999999472	epochs	0.0
782.6979999542236	0.068520000000035	epochs	1.0
782.7665199542237	0.01001999999994041	epochs	1.0
782.7765399542236	0.0684999999999718	epochs	1.0
782.8450399542236	0.5529800000000478	epochs	0.0
782.8450399542236	0.5	epochs	1.0
782.8450587542236	0.5	epochs	-1.0
783.3450399542236	0.05298000000004777	epochs	1.0
783.3980199542236	4.947000000000003	epochs	0.0
787.8979997634888	0.1470399999999472	epochs	0.0
787.8979997634888	0.068520000000035	epochs	1.0
787.9665197634888	0.01001999999994041	epochs	1.0
787.9765397634887	0.0684999999999718	epochs	1.0
788.0450397634887	0.55304000000001	epochs	0.0
788.0450397634887	0.5	epochs	1.0
788.0450585634887	0.5	epochs	-1.0
788.5450397634887	0.05304000000000997	epochs	1.0
788.5980797634887	4.9469400000000405	epochs	0.0
807.96399974823	0.1470399999999472	epochs	0.0
807.96399974823	0.068520000000035	epochs	1.0
808.03251974823	0.01001999999994041	epochs	1.0
808.04253974823	0.0684999999999718	epochs	1.0
808.1110397482299	2.513020000000097	epochs	0.0
808.1110397482299	0.5	epochs	1.0
808.11105854823	0.5	epochs	-1.0
808.6110397482299	1.0	epochs	1.0
809.6110397482299	1.0130200000000968	epochs	1.0
810.11105854823	0.5	epochs	-1.0
810.62405974823	2.9869599999999537	epochs	0.0
813.1529998779297	0.1470399999999472	epochs	0.0
813.1529998779297	0.068520000000035	epochs	1.0
813.2215198779297	0.01001999999994041	epochs	1.0
813.2315398779297	0.0684999999999718	epochs	1.0
813.3000398779296	0.5530600000000732	epochs	0.0
813.3000398779296	0.5	epochs	1.0
813.3000586779297	0.5	epochs	-1.0
813.8000398779296	0.05306000000007316	epochs	1.0
813.8530998779297	4.946919999999977	epochs	0.0
818.2859997749329	0.1470399999999472	epochs	0.0
818.2859997749329	0.068520000000035	epochs	1.0
818.3545197749329	0.01001999999994041	epochs	1.0
818.3645397749328	0.0684999999999718	epochs	1.0
818.4330397749328	2.5132600000000593	epochs	0.0
818.4330397749328	0.5	epochs	1.0
818.4330585749328	0.5	epochs	-1.0
818.9330397749328	1.0	epochs	1.0
819.9330397749328	1.0132600000000593	epochs	1.0
820.4330585749328	0.5	epochs	-1.0
820.9462997749329	2.986719999999991	epochs	0.0
823.4699997901917	0.1470399999999472	epochs	0.0
823.4699997901917	0.068520000000035	epochs	1.0
823.5385197901917	0.01001999999994041	epochs	1.0
823.5485397901916	0.0684999999999718	epochs	1.0
823.6170397901916	0.5530800000000227	epochs	0.0
823.6170397901916	0.5	epochs	1.0
823.6170585901916	0.5	epochs	-1.0
824.1170397901916	0.053080000000022665	epochs	1.0
824.1701197901916	4.946900000000028	epochs	0.0
828.5699996948242	0.1470399999999472	epochs	0.0
828.5699996948242	0.068520000000035	epochs	1.0
828.6385196948243	0.01001999999994041	epochs	1.0
828.6485396948242	0.0684999999999718	epochs	1.0
828.7170396948242	0.5529600000000983	epochs	0.0
828.7170396948242	0.5	epochs	1.0
828.7170584948242	0.5	epochs	-1.0
829.2170396948242	0.05296000000009826	epochs	1.0
829.2699996948243	4.947019999999952	epochs	0.0
833.7279996871948	0.1470399999999472	epochs	0.0
833.7279996871948	0.068520000000035	epochs	1.0
833.7965196871949	0.01001999999994041	epochs	1.0
833.8065396871948	0.0684999999999718	epochs	1.0
833.8750396871948	0.5531400000000986	epochs	0.0
833.8750396871948	0.5	epochs	1.0
833.8750584871948	0.5	epochs	-1.0
834.3750396871948	0.05314000000009855	epochs	1.0
834.4281796871949	4.946839999999952	epochs	0.0
838.9449996948242	0.1470399999999472	epochs	0.0
838.9449996948242	0.068520000000035	epochs	1.0
839.0135196948243	0.01001999999994041	epochs	1.0
839.0235396948242	0.0684999999999718	epochs	1.0
839.0920396948242	0.5527000000000726	epochs	0.0
839.0920396948242	0.5	epochs	1.0
839.0920584948242	0.5	epochs	-1.0
839.5920396948242	0.05270000000007258	epochs	1.0
839.6447396948242	4.947279999999978	epochs	0.0
844.1449999809265	0.1470399999999472	epochs	0.0
844.1449999809265	0.068520000000035	epochs	1.0
844.2135199809265	0.01001999999994041	epochs	1.0
844.2235399809265	0.0684999999999718	epochs	1.0
844.2920399809265	0.5527000000000726	epochs	0.0
844.2920399809265	0.5	epochs	1.0
844.2920587809265	0.5	epochs	-1.0
844.7920399809265	0.05270000000007258	epochs	1.0
844.8447399809265	4.947279999999978	epochs	0.0
870.164999961853	0.1470399999999472	epochs	0.0
870.164999961853	0.068520000000035	epochs	1.0
870.2335199618531	0.01001999999994041	epochs	1.0
870.243539961853	0.0684999999999718	epochs	1.0
870.312039961853	0.5532200000000103	epochs	0.0
870.312039961853	0.5	epochs	1.0
870.312058761853	0.5	epochs	-1.0
870.812039961853	0.05322000000001026	epochs	1.0
870.865259961853	4.94676000000004	epochs	0.0
875.3150000572205	0.1470399999999472	epochs	0.0
875.3150000572205	0.068520000000035	epochs	1.0
875.3835200572205	0.01001999999994041	epochs	1.0
875.3935400572204	0.0684999999999718	epochs	1.0
875.4620400572204	0.5533400000000483	epochs	0.0
875.4620400572204	0.5	epochs	1.0
875.4620588572204	0.5	epochs	-1.0
875.9620400572204	0.05334000000004835	epochs	1.0
876.0153800572205	4.946640000000002	epochs	0.0
880.566999912262	0.1470399999999472	epochs	0.0
880.566999912262	0.068520000000035	epochs	1.0
880.635519912262	0.01001999999994041	epochs	1.0
880.6455399122619	0.0684999999999718	epochs	1.0
880.7140399122619	0.5527000000000726	epochs	0.0
880.7140399122619	0.5	epochs	1.0
880.7140587122619	0.5	epochs	-1.0
881.2140399122619	0.05270000000007258	epochs	1.0
881.266739912262	4.947279999999978	epochs	0.0
885.7829999923706	0.1470399999999472	epochs	0.0
885.7829999923706	0.068520000000035	epochs	1.0
885.8515199923706	0.01001999999994041	epochs	1.0
885.8615399923706	0.0684999999999718	epochs	1.0
885.9300399923706	0.5530600000000732	epochs	0.0
885.9300399923706	0.5	epochs	1.0
885.9300587923706	0.5	epochs	-1.0
886.4300399923706	0.05306000000007316	epochs	1.0
886.4830999923706	4.946919999999977	epochs	0.0
890.9489998817444	0.1470399999999472	epochs	0.0
890.9489998817444	0.068520000000035	epochs	1.0
891.0175198817444	0.01001999999994041	epochs	1.0
891.0275398817444	0.0684999999999718	epochs	1.0
891.0960398817443	2.5135400000000345	epochs	0.0
891.0960398817443	0.5	epochs	1.0
891.0960586817444	0.5	epochs	-1.0
891.5960398817443	1.0	epochs	1.0
892.5960398817443	1.0135400000000345	epochs	1.0
893.0960586817444	0.5	epochs	-1.0
893.6095798817444	2.986440000000016	epochs	0.0
896.0989999771118	0.1470399999999472	epochs	0.0
896.0989999771118	0.068520000000035	epochs	1.0
896.1675199771119	0.01001999999994041	epochs	1.0
896.1775399771118	0.0684999999999718	epochs	1.0
896.2460399771118	0.552819999999997	epochs	0.0
896.2460399771118	0.5	epochs	1.0
896.2460587771118	0.5	epochs	-1.0
896.7460399771118	0.05281999999999698	epochs	1.0
896.7988599771118	4.9471600000000535	epochs	0.0
901.253999710083	0.1470399999999472	epochs	0.0
901.253999710083	0.068520000000035	epochs	1.0
901.322519710083	0.01001999999994041	epochs	1.0
901.332539710083	0.0684999999999718	epochs	1.0
901.401039710083	0.5527000000000726	epochs	0.0
901.401039710083	0.5	epochs	1.0
901.401058510083	0.5	epochs	-1.0
901.901039710083	0.05270000000007258	epochs	1.0
901.953739710083	4.947279999999978	epochs	0.0
921.4099998474121	0.1470399999999472	epochs	0.0
921.4099998474121	0.068520000000035	epochs	1.0
921.4785198474121	0.01001999999994041	epochs	1.0
921.4885398474121	0.0684999999999718	epochs	1.0
921.557039847412	3.0126600000000963	epochs	0.0
921.557039847412	0.5	epochs	1.0
921.5570586474121	0.5	epochs	-1.0
922.057039847412	1.0	epochs	1.0
923.057039847412	1.5126600000000963	epochs	1.0
923.5570586474121	0.5	epochs	-1.0
924.0570586474121	0.5	epochs	-1.0
924.5696998474122	2.4873199999999542	epochs	0.0
927.0599999427795	0.1470399999999472	epochs	0.0
927.0599999427795	0.068520000000035	epochs	1.0
927.1285199427796	0.01001999999994041	epochs	1.0
927.1385399427795	0.0684999999999718	epochs	1.0
927.2070399427795	0.5535000000000991	epochs	0.0
927.2070399427795	0.5	epochs	1.0
927.2070587427795	0.5	epochs	-1.0
927.7070399427795	0.053500000000099135	epochs	1.0
927.7605399427796	4.946479999999951	epochs	0.0
932.2420001029968	0.1470399999999472	epochs	0.0
932.2420001029968	0.068520000000035	epochs	1.0
932.3105201029969	0.01001999999994041	epochs	1.0
932.3205401029968	0.0684999999999718	epochs	1.0
932.3890401029968	0.552120000000059	epochs	0.0
932.3890401029968	0.5	epochs	1.0
932.3890589029968	0.5	epochs	-1.0
932.8890401029968	0.05212000000005901	epochs	1.0
932.9411601029968	4.9478599999999915	epochs	0.0
987.0840001106262	0.1470399999999472	epochs	0.0
987.0840001106262	0.068520000000035	epochs	1.0
987.1525201106263	0.01001999999994041	epochs	1.0
987.1625401106262	0.0684999999999718	epochs	1.0
987.2310401106262	4.052300000000059	epochs	0.0
987.2310401106262	0.5	epochs	1.0
987.2310589106262	0.5	epochs	-1.0
987.7310401106262	3.5523000000000593	epochs	1.0
989.2842601106262	1.999080000000049	epochs	-1.0
989.2842601106262	0.039920000000051914	epochs	-1.0
989.7817789106263	0.5	epochs	-1.0
990.2817789106263	0.5	epochs	-1.0
990.7817789106263	0.5	epochs	-1.0
991.2833401106262	15.447679999999991	epochs	0.0
993.8829998970032	0.1470399999999472	epochs	0.0
993.8829998970032	0.068520000000035	epochs	1.0
993.9515198970032	0.01001999999994041	epochs	1.0
993.9615398970031	0.0684999999999718	epochs	1.0
994.0300398970031	4.312860000000001	epochs	0.0
994.0300398970031	0.5	epochs	1.0
994.0300586970031	0.5	epochs	-1.0
994.5300398970031	3.8128600000000006	epochs	1.0
996.3431798970032	1.9997199999999111	epochs	-1.0
996.3431798970032	0.040300000000002	epochs	-1.0
996.8406986970032	0.5	epochs	-1.0
997.3406986970032	0.5	epochs	-1.0
997.8406986970032	0.5	epochs	-1.0
998.3428998970031	15.18712000000005	epochs	0.0
1000.6619997024536	0.1470399999999472	epochs	0.0
1000.6619997024536	0.068520000000035	epochs	1.0
1000.7305197024536	0.01001999999994041	epochs	1.0
1000.7405397024536	0.0684999999999718	epochs	1.0
1000.8090397024536	0.5533200000000988	epochs	0.0
1000.8090397024536	0.5	epochs	1.0
1000.8090585024536	0.5	epochs	-1.0
1001.3090397024536	0.053320000000098844	epochs	1.0
1001.3623597024537	18.94665999999995	epochs	0.0
1029.7119998931885	0.1470400000000609	epochs	0.0
1029.7119998931885	0.068520000000035	epochs	1.0
1029.7805198931885	0.01001999999994041	epochs	1.0
1029.7905398931885	0.06850000000008549	epochs	1.0
1029.8590398931885	3.2530799999999545	epochs	0.0
1029.8590398931885	0.5	epochs	1.0
1029.8590586931884	0.5	epochs	-1.0
1030.3590398931885	2.7530799999999545	epochs	1.0
1032.1124398931884	0.9996800000001258	epochs	-1.0
1032.1124398931884	0.03964000000019041	epochs	-1.0
1032.6099586931884	0.5	epochs	-1.0
1033.1121198931885	16.246900000000096	epochs	0.0
1035.6909999847412	0.1470400000000609	epochs	0.0
1035.6909999847412	0.068520000000035	epochs	1.0
1035.7595199847412	0.01001999999994041	epochs	1.0
1035.7695399847412	0.06850000000008549	epochs	1.0
1035.8380399847413	4.573740000000043	epochs	0.0
1035.8380399847413	0.5	epochs	1.0
1035.8380587847412	0.5	epochs	-1.0
1036.3380399847413	4.073740000000043	epochs	1.0
1038.4114199847413	2.0003600000000006	epochs	-1.0
1038.4114199847413	0.03957999999988715	epochs	-1.0
1038.9080987847412	0.5	epochs	-1.0
1039.4080987847412	0.5	epochs	-1.0
1039.9080987847412	0.5	epochs	-1.0
1040.4117799847413	14.926240000000007	epochs	0.0
1043.0609998703003	0.1470400000000609	epochs	0.0
1043.0609998703003	0.068520000000035	epochs	1.0
1043.1295198703003	0.01001999999994041	epochs	1.0
1043.1395398703003	0.06850000000008549	epochs	1.0
1043.2080398703004	5.113319999999931	epochs	0.0
1043.2080398703004	0.5	epochs	1.0
1043.2080586703003	0.5	epochs	-1.0
1043.7080398703004	4.613319999999931	epochs	1.0
1046.8210598703004	1.5002999999999247	epochs	-1.0
1046.8210598703004	0.04006000000003951	epochs	-1.0
1047.3160786703004	0.5	epochs	-1.0
1047.8160786703004	0.5	epochs	-1.0
1048.3213598703003	14.38666000000012	epochs	0.0
1050.9079999923706	0.1470400000000609	epochs	0.0
1050.9079999923706	0.068520000000035	epochs	1.0
1050.9765199923706	0.01001999999994041	epochs	1.0
1050.9865399923706	0.06850000000008549	epochs	1.0
1051.0550399923707	8.35387999999989	epochs	0.0
1051.0550399923707	0.5	epochs	1.0
1051.0550587923706	0.5	epochs	-1.0
1051.5550399923707	7.85387999999989	epochs	1.0
1058.4084599923706	1.0004599999999755	epochs	-1.0
1058.4084599923706	0.04030000000011569	epochs	-1.0
1058.8984787923705	0.5	epochs	-1.0
1059.4089199923706	11.14610000000016	epochs	0.0
1077.7799997329712	0.6499799999999141	epochs	0.0
1077.7799997329712	0.049999999999954525	epochs	1.0
1077.8299997329711	0.5	epochs	1.0
1078.3299997329711	0.09997999999995955	epochs	1.0
1081.2059998512268	0.6499799999999141	epochs	0.0
1081.2059998512268	0.049999999999954525	epochs	1.0
1081.2559998512268	0.5	epochs	1.0
1081.7559998512268	0.09997999999995955	epochs	1.0
1084.5559997558594	0.6499799999999141	epochs	0.0
1084.5559997558594	0.049999999999954525	epochs	1.0
1084.6059997558593	0.5	epochs	1.0
1085.1059997558593	0.09997999999995955	epochs	1.0
1087.9219999313354	0.6499799999999141	epochs	0.0
1087.9219999313354	0.049999999999954525	epochs	1.0
1087.9719999313354	0.5	epochs	1.0
1088.4719999313354	0.09997999999995955	epochs	1.0
1091.4159998893738	0.6499799999999141	epochs	0.0
1091.4159998893738	0.049999999999954525	epochs	1.0
1091.4659998893737	0.5	epochs	1.0
1091.9659998893737	0.09997999999995955	epochs	1.0
1094.8499999046326	0.6499799999999141	epochs	0.0
1094.8499999046326	0.049999999999954525	epochs	1.0
1094.8999999046325	0.5	epochs	1.0
1095.3999999046325	0.09997999999995955	epochs	1.0
1098.4000000953674	0.1470400000000609	epochs	0.0
1098.4000000953674	0.068520000000035	epochs	1.0
1098.4685200953675	0.01001999999994041	epochs	1.0
1098.4785400953674	0.06850000000008549	epochs	1.0
1098.5470400953675	0.5525599999998576	epochs	0.0
1098.5470400953675	0.5	epochs	1.0
1098.5470588953674	0.5	epochs	-1.0
1099.0470400953675	0.05255999999985761	epochs	1.0
1099.0996000953674	4.947420000000193	epochs	0.0
1118.4800000190735	0.1470400000000609	epochs	0.0
1118.4800000190735	0.068520000000035	epochs	1.0
1118.5485200190735	0.01001999999994041	epochs	1.0
1118.5585400190735	0.06850000000008549	epochs	1.0
1118.6270400190735	0.5530599999999595	epochs	0.0
1118.6270400190735	0.5	epochs	1.0
1118.6270588190735	0.5	epochs	-1.0
1119.1270400190735	0.05305999999995947	epochs	1.0
1119.1801000190735	4.946920000000091	epochs	0.0
1138.6279997825623	0.1470400000000609	epochs	0.0
1138.6279997825623	0.068520000000035	epochs	1.0
1138.6965197825623	0.01001999999994041	epochs	1.0
1138.7065397825622	0.06850000000008549	epochs	1.0
1138.7750397825623	2.51261999999997	epochs	0.0
1138.7750397825623	0.5	epochs	1.0
1138.7750585825622	0.5	epochs	-1.0
1139.2750397825623	1.0	epochs	1.0
1140.2750397825623	1.0126199999999699	epochs	1.0
1140.7750585825622	0.5	epochs	-1.0
1141.2876597825623	2.9873600000000806	epochs	0.0
1144.476999759674	0.1470400000000609	epochs	0.0
1144.476999759674	0.068520000000035	epochs	1.0
1144.545519759674	0.01001999999994041	epochs	1.0
1144.555539759674	0.06850000000008549	epochs	1.0
1144.6240397596741	0.5534399999999096	epochs	0.0
1144.6240397596741	0.5	epochs	1.0
1144.624058559674	0.5	epochs	-1.0
1145.1240397596741	0.05343999999990956	epochs	1.0
1145.177479759674	4.946540000000141	epochs	0.0
1149.5929999351501	0.1470400000000609	epochs	0.0
1149.5929999351501	0.068520000000035	epochs	1.0
1149.6615199351502	0.01001999999994041	epochs	1.0
1149.6715399351501	0.06850000000008549	epochs	1.0
1149.7400399351502	2.513099999999895	epochs	0.0
1149.7400399351502	0.5	epochs	1.0
1149.7400587351501	0.5	epochs	-1.0
1150.2400399351502	1.0	epochs	1.0
1151.2400399351502	1.0130999999998949	epochs	1.0
1151.7400587351501	0.5	epochs	-1.0
1152.25313993515	2.9868800000001556	epochs	0.0
1155.4070000648499	0.1470400000000609	epochs	0.0
1155.4070000648499	0.068520000000035	epochs	1.0
1155.47552006485	0.01001999999994041	epochs	1.0
1155.4855400648498	0.06850000000008549	epochs	1.0
1155.55404006485	3.012899999999945	epochs	0.0
1155.55404006485	0.5	epochs	1.0
1155.5540588648498	0.5	epochs	-1.0
1156.05404006485	1.0	epochs	1.0
1157.05404006485	1.512899999999945	epochs	1.0
1157.5540588648498	0.5	epochs	-1.0
1158.0540588648498	0.5	epochs	-1.0
1158.5669400648499	2.4870800000001054	epochs	0.0
1161.856999874115	0.1470400000000609	epochs	0.0
1161.856999874115	0.068520000000035	epochs	1.0
1161.925519874115	0.01001999999994041	epochs	1.0
1161.935539874115	0.06850000000008549	epochs	1.0
1162.004039874115	0.5528799999999592	epochs	0.0
1162.004039874115	0.5	epochs	1.0
1162.004058674115	0.5	epochs	-1.0
1162.504039874115	0.05287999999995918	epochs	1.0
1162.556919874115	4.947100000000091	epochs	0.0
1166.9649996757507	0.1470400000000609	epochs	0.0
1166.9649996757507	0.068520000000035	epochs	1.0
1167.0335196757508	0.01001999999994041	epochs	1.0
1167.0435396757507	0.06850000000008549	epochs	1.0
1167.1120396757508	2.51337999999987	epochs	0.0
1167.1120396757508	0.5	epochs	1.0
1167.1120584757507	0.5	epochs	-1.0
1167.6120396757508	1.0	epochs	1.0
1168.6120396757508	1.01337999999987	epochs	1.0
1169.1120584757507	0.5	epochs	-1.0
1169.6254196757507	2.9866000000001804	epochs	0.0
1172.9530000686646	0.1470400000000609	epochs	0.0
1172.9530000686646	0.068520000000035	epochs	1.0
1173.0215200686646	0.01001999999994041	epochs	1.0
1173.0315400686645	0.06850000000008549	epochs	1.0
1173.1000400686646	3.512759999999844	epochs	0.0
1173.1000400686646	0.5	epochs	1.0
1173.1000588686645	0.5	epochs	-1.0
1173.6000400686646	1.0	epochs	1.0
1174.6000400686646	2.012759999999844	epochs	1.0
1175.1000588686645	0.5	epochs	-1.0
1175.6000588686645	0.5	epochs	-1.0
1176.1000588686645	0.5	epochs	-1.0
1176.6128000686645	1.9872200000002067	epochs	0.0
1179.9530000686646	0.1470400000000609	epochs	0.0
1179.9530000686646	0.068520000000035	epochs	1.0
1180.0215200686646	0.01001999999994041	epochs	1.0
1180.0315400686645	0.06850000000008549	epochs	1.0
1180.1000400686646	4.032659999999851	epochs	0.0
1180.1000400686646	0.5	epochs	1.0
1180.1000588686645	0.5	epochs	-1.0
1180.6000400686646	1.0	epochs	1.0
1181.6000400686646	2.5326599999998507	epochs	1.0
1182.1000588686645	0.5	epochs	-1.0
1182.6000588686645	0.5	epochs	-1.0
1183.1000588686645	0.5	epochs	-1.0
1183.6000588686645	0.5	epochs	-1.0
1184.1327000686645	1.4673200000001998	epochs	0.0
1195.861999988556	0.1470400000000609	epochs	0.0
1195.861999988556	0.068520000000035	epochs	1.0
1195.930519988556	0.01001999999994041	epochs	1.0
1195.9405399885559	0.06850000000008549	epochs	1.0
1196.009039988556	2.513500000000022	epochs	0.0
1196.009039988556	0.5	epochs	1.0
1196.0090587885559	0.5	epochs	-1.0
1196.509039988556	1.0	epochs	1.0
1197.509039988556	1.0135000000000218	epochs	1.0
1198.0090587885559	0.5	epochs	-1.0
1198.522539988556	2.9864800000000287	epochs	0.0
1202.0289998054504	0.1470400000000609	epochs	0.0
1202.0289998054504	0.068520000000035	epochs	1.0
1202.0975198054505	0.01001999999994041	epochs	1.0
1202.1075398054504	0.06850000000008549	epochs	1.0
1202.1760398054505	2.5132599999999456	epochs	0.0
1202.1760398054505	0.5	epochs	1.0
1202.1760586054504	0.5	epochs	-1.0
1202.6760398054505	1.0	epochs	1.0
1203.6760398054505	1.0132599999999456	epochs	1.0
1204.1760586054504	0.5	epochs	-1.0
1204.6892998054504	2.986720000000105	epochs	0.0
1208.200999736786	0.1470400000000609	epochs	0.0
1208.200999736786	0.068520000000035	epochs	1.0
1208.269519736786	0.01001999999994041	epochs	1.0
1208.2795397367859	0.06850000000008549	epochs	1.0
1208.348039736786	0.5530599999999595	epochs	0.0
1208.348039736786	0.5	epochs	1.0
1208.3480585367859	0.5	epochs	-1.0
1208.848039736786	0.05305999999995947	epochs	1.0
1208.901099736786	4.946920000000091	epochs	0.0
1213.3499999046326	0.1470400000000609	epochs	0.0
1213.3499999046326	0.068520000000035	epochs	1.0
1213.4185199046326	0.01001999999994041	epochs	1.0
1213.4285399046325	0.06850000000008549	epochs	1.0
1213.4970399046326	2.513339999999971	epochs	0.0
1213.4970399046326	0.5	epochs	1.0
1213.4970587046325	0.5	epochs	-1.0
1213.9970399046326	1.0	epochs	1.0
1214.9970399046326	1.013339999999971	epochs	1.0
1215.4970587046325	0.5	epochs	-1.0
1216.0103799046326	2.9866400000000795	epochs	0.0
1219.615999698639	0.1470400000000609	epochs	0.0
1219.615999698639	0.068520000000035	epochs	1.0
1219.684519698639	0.01001999999994041	epochs	1.0
1219.694539698639	0.06850000000008549	epochs	1.0
1219.763039698639	2.513239999999996	epochs	0.0
1219.763039698639	0.5	epochs	1.0
1219.7630584986389	0.5	epochs	-1.0
1220.263039698639	1.0	epochs	1.0
1221.263039698639	1.0132399999999961	epochs	1.0
1221.7630584986389	0.5	epochs	-1.0
1222.276279698639	2.9867400000000544	epochs	0.0
1225.9860000610352	0.1470400000000609	epochs	0.0
1225.9860000610352	0.068520000000035	epochs	1.0
1226.0545200610352	0.01001999999994041	epochs	1.0
1226.0645400610351	0.06850000000008549	epochs	1.0
1226.1330400610352	2.5133599999999205	epochs	0.0
1226.1330400610352	0.5	epochs	1.0
1226.1330588610351	0.5	epochs	-1.0
1226.6330400610352	1.0	epochs	1.0
1227.6330400610352	1.0133599999999205	epochs	1.0
1228.1330588610351	0.5	epochs	-1.0
1228.6464000610351	2.98662000000013	epochs	0.0
1232.401999950409	0.1470400000000609	epochs	0.0
1232.401999950409	0.068520000000035	epochs	1.0
1232.470519950409	0.01001999999994041	epochs	1.0
1232.480539950409	0.06850000000008549	epochs	1.0
1232.549039950409	0.5533799999998337	epochs	0.0
1232.549039950409	0.5	epochs	1.0
1232.549058750409	0.5	epochs	-1.0
1233.049039950409	0.05337999999983367	epochs	1.0
1233.1024199504088	4.946600000000217	epochs	0.0
1237.4800000190735	0.1470400000000609	epochs	0.0
1237.4800000190735	0.068520000000035	epochs	1.0
1237.5485200190735	0.01001999999994041	epochs	1.0
1237.5585400190735	0.06850000000008549	epochs	1.0
1237.6270400190735	2.513339999999971	epochs	0.0
1237.6270400190735	0.5	epochs	1.0
1237.6270588190735	0.5	epochs	-1.0
1238.1270400190735	1.0	epochs	1.0
1239.1270400190735	1.013339999999971	epochs	1.0
1239.6270588190735	0.5	epochs	-1.0
1240.1403800190735	2.9866400000000795	epochs	0.0
1244.0029997825623	0.1470400000000609	epochs	0.0
1244.0029997825623	0.068520000000035	epochs	1.0
1244.0715197825623	0.01001999999994041	epochs	1.0
1244.0815397825622	0.06850000000008549	epochs	1.0
1244.1500397825623	2.513239999999996	epochs	0.0
1244.1500397825623	0.5	epochs	1.0
1244.1500585825622	0.5	epochs	-1.0
1244.6500397825623	1.0	epochs	1.0
1245.6500397825623	1.0132399999999961	epochs	1.0
1246.1500585825622	0.5	epochs	-1.0
1246.6632797825623	2.9867400000000544	epochs	0.0
1250.4530000686646	0.1470400000000609	epochs	0.0
1250.4530000686646	0.068520000000035	epochs	1.0
1250.5215200686646	0.01001999999994041	epochs	1.0
1250.5315400686645	0.06850000000008549	epochs	1.0
1250.6000400686646	4.033479999999827	epochs	0.0
1250.6000400686646	0.5	epochs	1.0
1250.6000588686645	0.5	epochs	-1.0
1251.1000400686646	1.0	epochs	1.0
1252.1000400686646	2.5334799999998268	epochs	1.0
1252.6000588686645	0.5	epochs	-1.0
1253.1000588686645	0.5	epochs	-1.0
1253.6000588686645	0.5	epochs	-1.0
1254.1000588686645	0.5	epochs	-1.0
1254.6335200686644	2.4665000000002237	epochs	0.0
1258.7709999084473	0.1470400000000609	epochs	0.0
1258.7709999084473	0.068520000000035	epochs	1.0
1258.8395199084473	0.01001999999994041	epochs	1.0
1258.8495399084472	0.06850000000008549	epochs	1.0
1258.9180399084473	0.5531999999998334	epochs	0.0
1258.9180399084473	0.5	epochs	1.0
1258.9180587084472	0.5	epochs	-1.0
1259.4180399084473	0.05319999999983338	epochs	1.0
1259.4712399084472	5.946780000000217	epochs	0.0
1269.8829998970032	0.1470400000000609	epochs	0.0
1269.8829998970032	0.068520000000035	epochs	1.0
1269.9515198970032	0.01001999999994041	epochs	1.0
1269.9615398970031	0.06850000000008549	epochs	1.0
1270.0300398970032	5.033079999999927	epochs	0.0
1270.0300398970032	0.5	epochs	1.0
1270.0300586970031	0.5	epochs	-1.0
1270.5300398970032	1.0	epochs	1.0
1271.5300398970032	3.533079999999927	epochs	1.0
1272.0300586970031	0.5	epochs	-1.0
1272.5300586970031	0.5	epochs	-1.0
1273.0300586970031	0.5	epochs	-1.0
1273.5300586970031	0.5	epochs	-1.0
1274.0300586970031	0.5	epochs	-1.0
1274.5300586970031	0.5	epochs	-1.0
1275.0631198970032	1.4669000000001233	epochs	0.0
1279.2389998435974	0.1470400000000609	epochs	0.0
1279.2389998435974	0.068520000000035	epochs	1.0
1279.3075198435974	0.01001999999994041	epochs	1.0
1279.3175398435974	0.06850000000008549	epochs	1.0
1279.3860398435975	0.5533199999999852	epochs	0.0
1279.3860398435975	0.5	epochs	1.0
1279.3860586435974	0.5	epochs	-1.0
1279.8860398435975	0.05331999999998516	epochs	1.0
1279.9393598435975	5.946660000000065	epochs	0.0
1290.3889999389648	0.1470400000000609	epochs	0.0
1290.3889999389648	0.068520000000035	epochs	1.0
1290.4575199389649	0.01001999999994041	epochs	1.0
1290.4675399389648	0.06850000000008549	epochs	1.0
1290.536039938965	3.0127399999998943	epochs	0.0
1290.536039938965	0.5	epochs	1.0
1290.5360587389648	0.5	epochs	-1.0
1291.036039938965	1.0	epochs	1.0
1292.036039938965	1.5127399999998943	epochs	1.0
1292.5360587389648	0.5	epochs	-1.0
1293.0360587389648	0.5	epochs	-1.0
1293.5487799389648	3.487240000000156	epochs	0.0
1297.5640001296997	0.1470400000000609	epochs	0.0
1297.5640001296997	0.068520000000035	epochs	1.0
1297.6325201296997	0.01001999999994041	epochs	1.0
1297.6425401296997	0.06850000000008549	epochs	1.0
1297.7110401296998	3.513500000000022	epochs	0.0
1297.7110401296998	0.5	epochs	1.0
1297.7110589296997	0.5	epochs	-1.0
1298.2110401296998	1.0	epochs	1.0
1299.2110401296998	2.013500000000022	epochs	1.0
1299.7110589296997	0.5	epochs	-1.0
1300.2110589296997	0.5	epochs	-1.0
1300.7110589296997	0.5	epochs	-1.0
1301.2245401296998	2.9864800000000287	epochs	0.0
1307.718999862671	0.1470400000000609	epochs	0.0
1307.718999862671	0.068520000000035	epochs	1.0
1307.787519862671	0.01001999999994041	epochs	1.0
1307.7975398626709	0.06850000000008549	epochs	1.0
1307.866039862671	2.51261999999997	epochs	0.0
1307.866039862671	0.5	epochs	1.0
1307.8660586626709	0.5	epochs	-1.0
1308.366039862671	1.0	epochs	1.0
1309.366039862671	1.0126199999999699	epochs	1.0
1309.8660586626709	0.5	epochs	-1.0
1310.378659862671	7.987360000000081	epochs	0.0
1322.8429999351501	0.1470400000000609	epochs	0.0
1322.8429999351501	0.068520000000035	epochs	1.0
1322.9115199351502	0.01001999999994041	epochs	1.0
1322.9215399351501	0.06850000000008549	epochs	1.0
1322.9900399351502	3.5125399999999445	epochs	0.0
1322.9900399351502	0.5	epochs	1.0
1322.9900587351501	0.5	epochs	-1.0
1323.4900399351502	1.0	epochs	1.0
1324.4900399351502	2.0125399999999445	epochs	1.0
1324.9900587351501	0.5	epochs	-1.0
1325.4900587351501	0.5	epochs	-1.0
1325.9900587351501	0.5	epochs	-1.0
1326.5025799351502	6.987440000000106	epochs	0.0
1338.021999835968	0.1470400000000609	epochs	0.0
1338.021999835968	0.068520000000035	epochs	1.0
1338.090519835968	0.01001999999994041	epochs	1.0
1338.100539835968	0.06850000000008549	epochs	1.0
1338.169039835968	10.49998000000005	epochs	0.0
1338.169039835968	0.5	epochs	1.0
1338.169058635968	0.5	epochs	-1.0
1338.669039835968	1.0	epochs	1.0
1339.669039835968	8.99998000000005	epochs	1.0
1340.169058635968	0.5	epochs	-1.0
1340.669058635968	0.5	epochs	-1.0
1341.169058635968	0.5	epochs	-1.0
1341.669058635968	0.5	epochs	-1.0
1342.169058635968	0.5	epochs	-1.0
1342.669058635968	0.5	epochs	-1.0
1343.169058635968	0.5	epochs	-1.0
1343.669058635968	0.5	epochs	-1.0
1344.169058635968	0.5	epochs	-1.0
1344.669058635968	0.5	epochs	-1.0
1345.169058635968	0.5	epochs	-1.0
1345.669058635968	0.5	epochs	-1.0
1346.169058635968	0.5	epochs	-1.0
1346.669058635968	0.5	epochs	-1.0
1347.169058635968	0.5	epochs	-1.0
1347.669058635968	0.5	epochs	-1.0
1353.6989998817444	0.1470400000000609	epochs	0.0
1353.6989998817444	0.068520000000035	epochs	1.0
1353.7675198817444	0.01001999999994041	epochs	1.0
1353.7775398817444	0.06850000000008549	epochs	1.0
1353.8460398817444	9.013299999999845	epochs	0.0
1353.8460398817444	0.5	epochs	1.0
1353.8460586817444	0.5	epochs	-1.0
1354.3460398817444	1.0	epochs	1.0
1355.3460398817444	7.513299999999845	epochs	1.0
1355.8460586817444	0.5	epochs	-1.0
1356.3460586817444	0.5	epochs	-1.0
1356.8460586817444	0.5	epochs	-1.0
1357.3460586817444	0.5	epochs	-1.0
1357.8460586817444	0.5	epochs	-1.0
1358.3460586817444	0.5	epochs	-1.0
1358.8460586817444	0.5	epochs	-1.0
1359.3460586817444	0.5	epochs	-1.0
1359.8460586817444	0.5	epochs	-1.0
1360.3460586817444	0.5	epochs	-1.0
1360.8460586817444	0.5	epochs	-1.0
1361.3460586817444	0.5	epochs	-1.0
1361.8460586817444	0.5	epochs	-1.0
1362.3460586817444	0.5	epochs	-1.0
1362.8593398817443	1.4866800000002058	epochs	0.0
1368.8109998703003	0.1470400000000609	epochs	0.0
1368.8109998703003	0.068520000000035	epochs	1.0
1368.8795198703003	0.01001999999994041	epochs	1.0
1368.8895398703003	0.06850000000008549	epochs	1.0
1368.9580398703004	10.49998000000005	epochs	0.0
1368.9580398703004	0.5	epochs	1.0
1368.9580586703003	0.5	epochs	-1.0
1369.4580398703004	1.0	epochs	1.0
1370.4580398703004	8.99998000000005	epochs	1.0
1370.9580586703003	0.5	epochs	-1.0
1371.4580586703003	0.5	epochs	-1.0
1371.9580586703003	0.5	epochs	-1.0
1372.4580586703003	0.5	epochs	-1.0
1372.9580586703003	0.5	epochs	-1.0
1373.4580586703003	0.5	epochs	-1.0
1373.9580586703003	0.5	epochs	-1.0
1374.4580586703003	0.5	epochs	-1.0
1374.9580586703003	0.5	epochs	-1.0
1375.4580586703003	0.5	epochs	-1.0
1375.9580586703003	0.5	epochs	-1.0
1376.4580586703003	0.5	epochs	-1.0
1376.9580586703003	0.5	epochs	-1.0
1377.4580586703003	0.5	epochs	-1.0
1377.9580586703003	0.5	epochs	-1.0
1378.4580586703003	0.5	epochs	-1.0
1384.7300000190735	0.1470400000000609	epochs	0.0
1384.7300000190735	0.068520000000035	epochs	1.0
1384.7985200190735	0.01001999999994041	epochs	1.0
1384.8085400190735	0.06850000000008549	epochs	1.0
1384.8770400190735	10.49998000000005	epochs	0.0
1384.8770400190735	0.5	epochs	1.0
1384.8770588190735	0.5	epochs	-1.0
1385.3770400190735	1.0	epochs	1.0
1386.3770400190735	8.99998000000005	epochs	1.0
1386.8770588190735	0.5	epochs	-1.0
1387.3770588190735	0.5	epochs	-1.0
1387.8770588190735	0.5	epochs	-1.0
1388.3770588190735	0.5	epochs	-1.0
1388.8770588190735	0.5	epochs	-1.0
1389.3770588190735	0.5	epochs	-1.0
1389.8770588190735	0.5	epochs	-1.0
1390.3770588190735	0.5	epochs	-1.0
1390.8770588190735	0.5	epochs	-1.0
1391.3770588190735	0.5	epochs	-1.0
1391.8770588190735	0.5	epochs	-1.0
1392.3770588190735	0.5	epochs	-1.0
1392.8770588190735	0.5	epochs	-1.0
1393.3770588190735	0.5	epochs	-1.0
1393.8770588190735	0.5	epochs	-1.0
1394.3770588190735	0.5	epochs	-1.0
1400.7760000228882	0.1470400000000609	epochs	0.0
1400.7760000228882	0.068520000000035	epochs	1.0
1400.8445200228882	0.01001999999994041	epochs	1.0
1400.8545400228882	0.06850000000008549	epochs	1.0
1400.9230400228882	10.033119999999826	epochs	0.0
1400.9230400228882	0.5	epochs	1.0
1400.9230588228882	0.5	epochs	-1.0
1401.4230400228882	1.0	epochs	1.0
1402.4230400228882	8.533119999999826	epochs	1.0
1402.9230588228882	0.5	epochs	-1.0
1403.4230588228882	0.5	epochs	-1.0
1403.9230588228882	0.5	epochs	-1.0
1404.4230588228882	0.5	epochs	-1.0
1404.9230588228882	0.5	epochs	-1.0
1405.4230588228882	0.5	epochs	-1.0
1405.9230588228882	0.5	epochs	-1.0
1406.4230588228882	0.5	epochs	-1.0
1406.9230588228882	0.5	epochs	-1.0
1407.4230588228882	0.5	epochs	-1.0
1407.9230588228882	0.5	epochs	-1.0
1408.4230588228882	0.5	epochs	-1.0
1408.9230588228882	0.5	epochs	-1.0
1409.4230588228882	0.5	epochs	-1.0
1409.9230588228882	0.5	epochs	-1.0
1410.4230588228882	0.5	epochs	-1.0
1410.956160022888	0.4668600000002243	epochs	0.0
1417.034999847412	0.1470400000000609	epochs	0.0
1417.034999847412	0.068520000000035	epochs	1.0
1417.1035198474121	0.01001999999994041	epochs	1.0
1417.113539847412	0.06850000000008549	epochs	1.0
1417.1820398474122	0.5533199999999852	epochs	0.0
1417.1820398474122	0.5	epochs	1.0
1417.182058647412	0.5	epochs	-1.0
1417.6820398474122	0.05331999999998516	epochs	1.0
1417.7353598474122	9.946660000000065	epochs	0.0
1447.0929999351501	0.1470400000000609	epochs	0.0
1447.0929999351501	0.068520000000035	epochs	1.0
1447.1615199351502	0.01001999999994041	epochs	1.0
1447.1715399351501	0.06850000000008549	epochs	1.0
1447.2400399351502	10.49998000000005	epochs	0.0
1447.2400399351502	0.5	epochs	1.0
1447.2400587351501	0.5	epochs	-1.0
1447.7400399351502	1.0	epochs	1.0
1448.7400399351502	8.99998000000005	epochs	1.0
1449.2400587351501	0.5	epochs	-1.0
1449.7400587351501	0.5	epochs	-1.0
1450.2400587351501	0.5	epochs	-1.0
1450.7400587351501	0.5	epochs	-1.0
1451.2400587351501	0.5	epochs	-1.0
1451.7400587351501	0.5	epochs	-1.0
1452.2400587351501	0.5	epochs	-1.0
1452.7400587351501	0.5	epochs	-1.0
1453.2400587351501	0.5	epochs	-1.0
1453.7400587351501	0.5	epochs	-1.0
1454.2400587351501	0.5	epochs	-1.0
1454.7400587351501	0.5	epochs	-1.0
1455.2400587351501	0.5	epochs	-1.0
1455.7400587351501	0.5	epochs	-1.0
1456.2400587351501	0.5	epochs	-1.0
1456.7400587351501	0.5	epochs	-1.0
1463.3420000076294	0.1470400000000609	epochs	0.0
1463.3420000076294	0.068520000000035	epochs	1.0
1463.4105200076294	0.01001999999994041	epochs	1.0
1463.4205400076294	0.06850000000008549	epochs	1.0
1463.4890400076295	10.49998000000005	epochs	0.0
1463.4890400076295	0.5	epochs	1.0
1463.4890588076294	0.5	epochs	-1.0
1463.9890400076295	1.0	epochs	1.0
1464.9890400076295	8.99998000000005	epochs	1.0
1465.4890588076294	0.5	epochs	-1.0
1465.9890588076294	0.5	epochs	-1.0
1466.4890588076294	0.5	epochs	-1.0
1466.9890588076294	0.5	epochs	-1.0
1467.4890588076294	0.5	epochs	-1.0
1467.9890588076294	0.5	epochs	-1.0
1468.4890588076294	0.5	epochs	-1.0
1468.9890588076294	0.5	epochs	-1.0
1469.4890588076294	0.5	epochs	-1.0
1469.9890588076294	0.5	epochs	-1.0
1470.4890588076294	0.5	epochs	-1.0
1470.9890588076294	0.5	epochs	-1.0
1471.4890588076294	0.5	epochs	-1.0
1471.9890588076294	0.5	epochs	-1.0
1472.4890588076294	0.5	epochs	-1.0
1472.9890588076294	0.5	epochs	-1.0
1479.6890001296997	0.1470400000000609	epochs	0.0
1479.6890001296997	0.068520000000035	epochs	1.0
1479.7575201296997	0.01001999999994041	epochs	1.0
1479.7675401296997	0.06850000000008549	epochs	1.0
1479.8360401296998	10.49998000000005	epochs	0.0
1479.8360401296998	0.5	epochs	1.0
1479.8360589296997	0.5	epochs	-1.0
1480.3360401296998	1.0	epochs	1.0
1481.3360401296998	8.99998000000005	epochs	1.0
1481.8360589296997	0.5	epochs	-1.0
1482.3360589296997	0.5	epochs	-1.0
1482.8360589296997	0.5	epochs	-1.0
1483.3360589296997	0.5	epochs	-1.0
1483.8360589296997	0.5	epochs	-1.0
1484.3360589296997	0.5	epochs	-1.0
1484.8360589296997	0.5	epochs	-1.0
1485.3360589296997	0.5	epochs	-1.0
1485.8360589296997	0.5	epochs	-1.0
1486.3360589296997	0.5	epochs	-1.0
1486.8360589296997	0.5	epochs	-1.0
1487.3360589296997	0.5	epochs	-1.0
1487.8360589296997	0.5	epochs	-1.0
1488.3360589296997	0.5	epochs	-1.0
1488.8360589296997	0.5	epochs	-1.0
1489.3360589296997	0.5	epochs	-1.0
1496.4390001296997	0.1470400000000609	epochs	0.0
1496.4390001296997	0.068520000000035	epochs	1.0
1496.5075201296997	0.01001999999994041	epochs	1.0
1496.5175401296997	0.06850000000008549	epochs	1.0
1496.5860401296998	0.5526999999999589	epochs	0.0
1496.5860401296998	0.5	epochs	1.0
1496.5860589296997	0.5	epochs	-1.0
1497.0860401296998	0.05269999999995889	epochs	1.0
1497.1387401296997	9.947280000000092	epochs	0.0
1526.566999912262	0.1470400000000609	epochs	0.0
1526.566999912262	0.068520000000035	epochs	1.0
1526.635519912262	0.01001999999994041	epochs	1.0
1526.645539912262	0.06850000000008549	epochs	1.0
1526.714039912262	10.49998000000005	epochs	0.0
1526.714039912262	0.5	epochs	1.0
1526.714058712262	0.5	epochs	-1.0
1527.214039912262	1.0	epochs	1.0
1528.214039912262	8.99998000000005	epochs	1.0
1528.714058712262	0.5	epochs	-1.0
1529.214058712262	0.5	epochs	-1.0
1529.714058712262	0.5	epochs	-1.0
1530.214058712262	0.5	epochs	-1.0
1530.714058712262	0.5	epochs	-1.0
1531.214058712262	0.5	epochs	-1.0
1531.714058712262	0.5	epochs	-1.0
1532.214058712262	0.5	epochs	-1.0
1532.714058712262	0.5	epochs	-1.0
1533.214058712262	0.5	epochs	-1.0
1533.714058712262	0.5	epochs	-1.0
1534.214058712262	0.5	epochs	-1.0
1534.714058712262	0.5	epochs	-1.0
1535.214058712262	0.5	epochs	-1.0
1535.714058712262	0.5	epochs	-1.0
1536.214058712262	0.5	epochs	-1.0
1543.2699999809265	0.1470400000000609	epochs	0.0
1543.2699999809265	0.068520000000035	epochs	1.0
1543.3385199809265	0.01001999999994041	epochs	1.0
1543.3485399809265	0.06850000000008549	epochs	1.0
1543.4170399809266	10.49998000000005	epochs	0.0
1543.4170399809266	0.5	epochs	1.0
1543.4170587809265	0.5	epochs	-1.0
1543.9170399809266	1.0	epochs	1.0
1544.9170399809266	8.99998000000005	epochs	1.0
1545.4170587809265	0.5	epochs	-1.0
1545.9170587809265	0.5	epochs	-1.0
1546.4170587809265	0.5	epochs	-1.0
1546.9170587809265	0.5	epochs	-1.0
1547.4170587809265	0.5	epochs	-1.0
1547.9170587809265	0.5	epochs	-1.0
1548.4170587809265	0.5	epochs	-1.0
1548.9170587809265	0.5	epochs	-1.0
1549.4170587809265	0.5	epochs	-1.0
1549.9170587809265	0.5	epochs	-1.0
1550.4170587809265	0.5	epochs	-1.0
1550.9170587809265	0.5	epochs	-1.0
1551.4170587809265	0.5	epochs	-1.0
1551.9170587809265	0.5	epochs	-1.0
1552.4170587809265	0.5	epochs	-1.0
1552.9170587809265	0.5	epochs	-1.0
1569.335000038147	0.1470400000000609	epochs	0.0
1569.335000038147	0.06847999999990861	epochs	1.0
1569.4034800381469	0.010080000000016298	epochs	1.0
1569.413560038147	0.06848000000013599	epochs	1.0
1569.482040038147	2.0	epochs	0.0
1571.482040038147	0.5130400000000463	epochs	0.0
1571.482040038147	0.5130400000000463	epochs	1.0
1571.482058838147	0.5	epochs	-1.0
1571.982058838147	0.013021200000139288	epochs	-1.0
1571.995080038147	21.48687999999993	epochs	0.0
1579.5390000343323	0.1470400000000609	epochs	0.0
1579.5390000343323	0.06847999999990861	epochs	1.0
1579.6074800343322	0.010080000000016298	epochs	1.0
1579.6175600343322	0.06848000000013599	epochs	1.0
1579.6860400343323	2.0	epochs	0.0
1581.6860400343323	0.5126399999999194	epochs	0.0
1581.6860400343323	0.5126399999999194	epochs	1.0
1581.6860588343322	0.5	epochs	-1.0
1582.1860588343322	0.012621200000012323	epochs	-1.0
1582.1986800343323	21.487280000000055	epochs	0.0
1587.6939997673035	0.1470400000000609	epochs	0.0
1587.6939997673035	0.06847999999990861	epochs	1.0
1587.7624797673034	0.010080000000016298	epochs	1.0
1587.7725597673034	0.06848000000013599	epochs	1.0
1587.8410397673035	2.0	epochs	0.0
1589.8410397673035	0.5123999999998432	epochs	0.0
1589.8410397673035	0.5123999999998432	epochs	1.0
1589.8410585673034	0.5	epochs	-1.0
1590.3410585673034	0.012381199999936143	epochs	-1.0
1590.3534397673034	21.48752000000013	epochs	0.0
1595.9439997673035	0.1470400000000609	epochs	0.0
1595.9439997673035	0.06847999999990861	epochs	1.0
1596.0124797673034	0.010080000000016298	epochs	1.0
1596.0225597673034	0.06848000000013599	epochs	1.0
1596.0910397673035	2.0	epochs	0.0
1598.0910397673035	21.999919999999975	epochs	0.0
1598.0910397673035	1.0	epochs	1.0
1598.0910585673034	0.5	epochs	-1.0
1598.5910585673034	19.998559999999998	epochs	-1.0
1599.0910397673035	20.0	epochs	1.0
1599.0910397673035	8.000000002539309e-05	epochs	2.0
1599.0911197673036	4.356719999999996	epochs	-1.0
1599.0911197673036	1.974559999999883	epochs	2.0
1599.0911197673036	1.0985599999999067	epochs	3.0
1600.1896797673035	0.8759999999999764	epochs	3.0
1601.0656797673034	1.3523999999999887	epochs	2.0
1601.0656797673034	0.7286400000000413	epochs	3.0
1601.7943197673035	0.6237599999999475	epochs	3.0
1602.4180797673034	1.029760000000124	epochs	2.0
1602.4180797673034	0.5453600000000733	epochs	3.0
1602.9634397673035	0.48440000000005057	epochs	3.0
1603.4478397673035	0.8317599999998038	epochs	2.0
1603.4478397673035	0.4357599999998456	epochs	3.0
1603.8835997673034	0.39599999999995816	epochs	3.0
1604.2795997673034	0.697840000000042	epochs	2.0
1604.2795997673034	0.362880000000132	epochs	3.0
1604.6424797673035	0.33495999999991	epochs	3.0
1604.9774397673034	0.6010400000000118	epochs	2.0
1604.9774397673034	0.3108799999999974	epochs	3.0
1605.2883197673034	0.2901600000000144	epochs	3.0
1605.5784797673034	0.5278399999999692	epochs	2.0
1605.5784797673034	0.2719200000001365	epochs	3.0
1605.8503997673035	0.2559199999998327	epochs	3.0
1606.1063197673034	0.47064000000000306	epochs	2.0
1606.1063197673034	0.2416800000000876	epochs	3.0
1606.3479997673035	0.22895999999991545	epochs	3.0
1606.5769597673034	0.4245600000001559	epochs	2.0
1606.5769597673034	0.2174400000001242	epochs	3.0
1606.7943997673035	0.20712000000003172	epochs	3.0
1607.0015197673035	0.3867199999999684	epochs	2.0
1607.0015197673035	0.1976799999999912	epochs	3.0
1607.1991997673035	0.18903999999997723	epochs	3.0
1607.3882397673035	0.3551199999999426	epochs	2.0
1607.3882397673035	0.1811999999999898	epochs	3.0
1607.5694397673035	0.17391999999995278	epochs	3.0
1607.7433597673034	0.3282400000000507	epochs	2.0
1607.7433597673034	0.1672000000000935	epochs	3.0
1607.9105597673035	0.16103999999995722	epochs	3.0
1608.0715997673035	0.30520000000001346	epochs	2.0
1608.0715997673035	0.1552799999999479	epochs	3.0
1608.2268797673034	0.14992000000006556	epochs	3.0
1608.3767997673035	0.28512000000000626	epochs	2.0
1608.3767997673035	0.1448800000000574	epochs	3.0
1608.5216797673036	0.14023999999994885	epochs	3.0
1608.6619197673035	0.26751999999987675	epochs	2.0
1608.6619197673035	0.13583999999991647	epochs	3.0
1608.7977597673034	0.13167999999996027	epochs	3.0
1608.9294397673034	0.2520799999999781	epochs	2.0
1608.9294397673034	0.12784000000010565	epochs	3.0
1609.0572797673035	0.12423999999987245	epochs	3.0
1609.1815197673034	0.23816000000010717	epochs	2.0
1609.1815197673034	0.1207200000001194	epochs	3.0
1609.3022397673035	0.11743999999998778	epochs	3.0
1609.4196797673035	0.225840000000062	epochs	2.0
1609.4196797673035	0.11439999999993233	epochs	3.0
1609.5340797673034	0.11144000000012966	epochs	3.0
1609.6455197673035	0.21463999999991756	epochs	2.0
1609.6455197673035	0.10863999999992302	epochs	3.0
1609.7541597673035	0.10599999999999454	epochs	3.0
1609.8601597673035	0.20448000000010325	epochs	2.0
1609.8601597673035	0.10344000000009146	epochs	3.0
1609.9635997673035	0.10104000000001179	epochs	3.0
1610.0646397673036	0.19535999999993692	epochs	2.0
1610.0646397673036	0.0987999999999829	epochs	3.0
1610.1634397673035	0.09655999999995402	epochs	3.0
1610.2599997673035	0.18695999999999913	epochs	2.0
1610.2599997673035	0.09447999999997592	epochs	3.0
1610.3544797673035	0.09248000000002321	epochs	3.0
1610.4469597673035	0.1792000000000371	epochs	2.0
1610.4469597673035	0.0904800000000705	epochs	3.0
1610.5374397673036	0.0887199999999666	epochs	3.0
1610.6261597673035	0.17207999999982349	epochs	2.0
1610.6261597673035	0.08687999999983731	epochs	3.0
1610.7130397673034	0.08519999999998618	epochs	3.0
1610.7982397673034	0.165520000000015	epochs	2.0
1610.7982397673034	0.08360000000016043	epochs	3.0
1610.8818397673035	0.08191999999985455	epochs	3.0
1610.9637597673034	0.15952000000015687	epochs	2.0
1610.9637597673034	0.0804800000000796	epochs	3.0
1611.0442397673035	0.07904000000007727	epochs	3.0
1611.1232797673035	0.15375999999992018	epochs	2.0
1611.1232797673035	0.07759999999984757	epochs	3.0
1611.2008797673034	0.07616000000007261	epochs	3.0
1611.2770397673034	0.14856000000008862	epochs	2.0
1611.2770397673034	0.07495999999991909	epochs	3.0
1611.3519997673034	0.07360000000016953	epochs	3.0
1611.4255997673035	0.14367999999990388	epochs	2.0
1611.4255997673035	0.0724800000000414	epochs	3.0
1611.4980797673036	0.07119999999986248	epochs	3.0
1611.5692797673034	0.1390400000000227	epochs	2.0
1611.5692797673034	0.07007999999996173	epochs	3.0
1611.6393597673034	0.06896000000006097	epochs	3.0
1611.7083197673035	0.13472000000001572	epochs	2.0
1611.7083197673035	0.06791999999995824	epochs	3.0
1611.7762397673034	0.06680000000005748	epochs	3.0
1611.8430397673035	0.13071999999988293	epochs	2.0
1611.8430397673035	0.06583999999998014	epochs	3.0
1611.9088797673035	0.0648799999999028	epochs	3.0
1611.9737597673034	0.1268000000000029	epochs	2.0
1611.9737597673034	0.06384000000002743	epochs	3.0
1612.0375997673034	0.06295999999997548	epochs	3.0
1612.1005597673034	0.12328000000002248	epochs	2.0
1612.1005597673034	0.0620800000001509	epochs	3.0
1612.1626397673035	0.06119999999987158	epochs	3.0
1612.2238397673034	0.11984000000006745	epochs	2.0
1612.2238397673034	0.060320000000047	epochs	3.0
1612.2841597673034	0.059520000000020445	epochs	3.0
1612.3436797673035	0.11663999999996122	epochs	2.0
1612.3436797673035	0.05871999999999389	epochs	3.0
1612.4023997673035	0.05791999999996733	epochs	3.0
1612.4603197673034	0.11360000000013315	epochs	2.0
1612.4603197673034	0.05719999999996617	epochs	3.0
1612.5175197673034	0.05640000000016698	epochs	3.0
1612.5739197673036	0.11071999999990112	epochs	2.0
1612.5739197673036	0.055679999999938445	epochs	3.0
1612.6295997673035	0.055039999999962674	epochs	3.0
1612.6846397673035	0.10791999999992186	epochs	2.0
1612.6846397673035	0.05423999999993612	epochs	3.0
1612.7388797673034	0.05367999999998574	epochs	3.0
1612.7925597673034	0.10527999999999338	epochs	2.0
1612.7925597673034	0.052959999999984575	epochs	3.0
1612.8455197673034	0.052320000000008804	epochs	3.0
1612.8978397673034	0.10288000000014108	epochs	2.0
1612.8978397673034	0.051760000000058426	epochs	3.0
1612.9495997673034	0.051120000000082655	epochs	3.0
1613.0007197673035	0.10040000000003602	epochs	2.0
1613.0007197673035	0.05047999999987951	epochs	3.0
1613.0511997673034	0.049920000000156506	epochs	3.0
1613.1011197673035	0.09824000000003252	epochs	2.0
1613.1011197673035	0.049359999999978754	epochs	3.0
1613.1504797673035	0.04888000000005377	epochs	3.0
1613.1993597673036	0.09600000000000364	epochs	2.0
1613.1993597673036	0.048239999999850625	epochs	3.0
1613.2475997673034	0.04776000000015301	epochs	3.0
1613.2953597673036	0.09391999999979816	epochs	2.0
1613.2953597673036	0.04719999999997526	epochs	3.0
1613.3425597673036	0.0467199999998229	epochs	3.0
1613.3892797673034	0.09192000000007283	epochs	2.0
1613.3892797673034	0.0461600000000999	epochs	3.0
1613.4354397673035	0.04575999999997293	epochs	3.0
1613.4811997673035	0.09007999999994354	epochs	2.0
1613.4811997673035	0.04528000000004795	epochs	3.0
1613.5264797673035	0.04479999999989559	epochs	3.0
1613.5712797673034	0.08816000000001623	epochs	2.0
1613.5712797673034	0.044319999999970605	epochs	3.0
1613.6155997673034	0.04384000000004562	epochs	3.0
1613.6594397673034	0.08648000000016509	epochs	2.0
1613.6594397673034	0.04344000000014603	epochs	3.0
1613.7028797673036	0.04304000000001906	epochs	3.0
1613.7459197673036	0.08471999999983382	epochs	2.0
1613.7459197673036	0.042559999999866704	epochs	3.0
1613.7884797673034	0.04215999999996711	epochs	3.0
1613.8306397673034	0.08320000000003347	epochs	2.0
1613.8306397673034	0.04176000000006752	epochs	3.0
1613.8723997673035	0.04143999999996595	epochs	3.0
1613.9138397673034	0.08151999999995496	epochs	2.0
1613.9138397673034	0.040960000000040964	epochs	3.0
1613.9547997673035	0.040559999999914	epochs	3.0
1613.9953597673034	0.08008000000018001	epochs	2.0
1613.9953597673034	0.0402400000000398	epochs	3.0
1614.0355997673034	0.03984000000014021	epochs	3.0
1614.0754397673036	0.0786399999999503	epochs	2.0
1614.0754397673036	0.03951999999981126	epochs	3.0
1614.1149597673034	0.039120000000139044	epochs	3.0
1614.1540797673035	0.07719999999994798	epochs	2.0
1614.1540797673035	0.03880000000003747	epochs	3.0
1614.1928797673036	0.038399999999910506	epochs	3.0
1614.2312797673035	0.07591999999999643	epochs	2.0
1614.2312797673035	0.0381600000000617	epochs	3.0
1614.2694397673035	0.037759999999934735	epochs	3.0
1614.3071997673035	0.0745600000000195	epochs	2.0
1614.3071997673035	0.037440000000060536	epochs	3.0
1614.3446397673035	0.037119999999958964	epochs	3.0
1614.3817597673035	0.07335999999986598	epochs	2.0
1614.3817597673035	0.036800000000084765	epochs	3.0
1614.4185597673036	0.03655999999978121	epochs	3.0
1614.4551197673034	0.07208000000014181	epochs	2.0
1614.4551197673034	0.036160000000108994	epochs	3.0
1614.4912797673035	0.035920000000032815	epochs	3.0
1614.5271997673035	0.07087999999998829	epochs	2.0
1614.5271997673035	0.03559999999993124	epochs	3.0
1614.5627997673034	0.035280000000057044	epochs	3.0
1614.5980797673035	0.06983999999988555	epochs	2.0
1614.5980797673035	0.035039999999980864	epochs	3.0
1614.6331197673035	0.034799999999904685	epochs	3.0
1614.6679197673034	0.06864000000018677	epochs	2.0
1614.6679197673034	0.034480000000030486	epochs	3.0
1614.7023997673034	0.03416000000015629	epochs	3.0
1614.7365597673036	0.06759999999985666	epochs	2.0
1614.7365597673036	0.033919999999852735	epochs	3.0
1614.7704797673034	0.03368000000000393	epochs	3.0
1614.8041597673034	0.0665599999999813	epochs	2.0
1614.8041597673034	0.03344000000015512	epochs	3.0
1614.8375997673036	0.03311999999982618	epochs	3.0
1614.8707197673034	0.06560000000013133	epochs	2.0
1614.8707197673034	0.032960000000002765	epochs	3.0
1614.9036797673034	0.032640000000128566	epochs	3.0
1614.9363197673035	0.0645600000000286	epochs	2.0
1614.9363197673035	0.03239999999982501	epochs	3.0
1614.9687197673034	0.03216000000020358	epochs	3.0
1615.0008797673036	0.06367999999997664	epochs	2.0
1615.0008797673036	0.03199999999992542	epochs	3.0
1615.0328797673035	0.03168000000005122	epochs	3.0
1615.0645597673035	0.0627199999998993	epochs	2.0
1615.0645597673035	0.03143999999997504	epochs	3.0
1615.0959997673035	0.03127999999992426	epochs	3.0
1615.1272797673034	0.061840000000074724	epochs	2.0
1615.1272797673034	0.03104000000007545	epochs	3.0
1615.1583197673035	0.030799999999999272	epochs	3.0
1615.1891197673035	0.060960000000022774	epochs	2.0
1615.1891197673035	0.030559999999923093	epochs	3.0
1615.2196797673034	0.03040000000009968	epochs	3.0
1615.2500797673035	0.060159999999996217	epochs	2.0
1615.2500797673035	0.0301600000000235	epochs	3.0
1615.2802397673036	0.029999999999972715	epochs	3.0
1615.3102397673035	0.059279999999944266	epochs	2.0
1615.3102397673035	0.029679999999871143	epochs	3.0
1615.3399197673034	0.029600000000073123	epochs	3.0
1615.3695197673035	0.05847999999991771	epochs	2.0
1615.3695197673035	0.029359999999996944	epochs	3.0
1615.3988797673035	0.029119999999920765	epochs	3.0
1615.4279997673034	0.05776000000014392	epochs	2.0
1615.4279997673034	0.028960000000097352	epochs	3.0
1615.4569597673035	0.028800000000046566	epochs	3.0
1615.4857597673035	0.05695999999988999	epochs	2.0
1615.4857597673035	0.028559999999970387	epochs	3.0
1615.5143197673035	0.0283999999999196	epochs	3.0
1615.5427197673034	0.0562400000001162	epochs	2.0
1615.5427197673034	0.028160000000070795	epochs	3.0
1615.5708797673035	0.028080000000045402	epochs	3.0
1615.5989597673035	0.055439999999862266	epochs	2.0
1615.5989597673035	0.027839999999969223	epochs	3.0
1615.6267997673035	0.027599999999893043	epochs	3.0
1615.6543997673034	0.05488000000013926	epochs	2.0
1615.6543997673034	0.027520000000095024	epochs	3.0
1615.6819197673035	0.027360000000044238	epochs	3.0
1615.7092797673035	0.05407999999988533	epochs	2.0
1615.7092797673035	0.02711999999996806	epochs	3.0
1615.7363997673035	0.026959999999917272	epochs	3.0
1615.7633597673034	0.053440000000136934	epochs	2.0
1615.7633597673034	0.02680000000009386	epochs	3.0
1615.7901597673035	0.026640000000043074	epochs	3.0
1615.8167997673036	0.05287999999995918	epochs	2.0
1615.8167997673036	0.026479999999992287	epochs	3.0
1615.8432797673036	0.026399999999966894	epochs	3.0
1615.8696797673035	0.05215999999995802	epochs	2.0
1615.8696797673035	0.026159999999890715	epochs	3.0
1615.8958397673034	0.026000000000067303	epochs	3.0
1615.9218397673035	0.05151999999998225	epochs	2.0
1615.9218397673035	0.025840000000016516	epochs	3.0
1615.9476797673035	0.02567999999996573	epochs	3.0
1615.9733597673035	0.05096000000003187	epochs	2.0
1615.9733597673035	0.025599999999940337	epochs	3.0
1615.9989597673034	0.02536000000009153	epochs	3.0
1616.0243197673035	0.05040000000008149	epochs	2.0
1616.0243197673035	0.02528000000006614	epochs	3.0
1616.0495997673036	0.025120000000015352	epochs	3.0
1616.0747197673036	0.049759999999878346	epochs	2.0
1616.0747197673036	0.024959999999964566	epochs	3.0
1616.0996797673035	0.02479999999991378	epochs	3.0
1616.1244797673035	0.04919999999992797	epochs	2.0
1616.1244797673035	0.024640000000090367	epochs	3.0
1616.1491197673035	0.0245599999998376	epochs	3.0
1616.1736797673034	0.04872000000000298	epochs	2.0
1616.1736797673034	0.024400000000014188	epochs	3.0
1616.1980797673034	0.024319999999988795	epochs	3.0
1616.2223997673034	0.04808000000002721	epochs	2.0
1616.2223997673034	0.02408000000013999	epochs	3.0
1616.2464797673035	0.023999999999887223	epochs	3.0
1616.2704797673034	0.04760000000010223	epochs	2.0
1616.2704797673034	0.02384000000006381	epochs	3.0
1616.2943197673035	0.023760000000038417	epochs	3.0
1616.3180797673035	0.04711999999994987	epochs	2.0
1616.3180797673035	0.02359999999998763	epochs	3.0
1616.3416797673035	0.023519999999962238	epochs	3.0
1616.3651997673035	0.04655999999999949	epochs	2.0
1616.3651997673035	0.02335999999991145	epochs	3.0
1616.3885597673034	0.02320000000008804	epochs	3.0
1616.4117597673035	0.046080000000074506	epochs	2.0
1616.4117597673035	0.023120000000062646	epochs	3.0
1616.4348797673035	0.02296000000001186	epochs	3.0
1616.4578397673035	0.04559999999992215	epochs	2.0
1616.4578397673035	0.022879999999986467	epochs	3.0
1616.4807197673035	0.02271999999993568	epochs	3.0
1616.5034397673035	0.04511999999999716	epochs	2.0
1616.5034397673035	0.022639999999910287	epochs	3.0
1616.5260797673034	0.022480000000086875	epochs	3.0
1616.5485597673035	0.04464000000007218	epochs	2.0
1616.5485597673035	0.022400000000061482	epochs	3.0
1616.5709597673035	0.022240000000010696	epochs	3.0
1616.5931997673035	0.04423999999994521	epochs	2.0
1616.5931997673035	0.022159999999985303	epochs	3.0
1616.6153597673035	0.02207999999995991	epochs	3.0
1616.6374397673035	0.04376000000002023	epochs	2.0
1616.6374397673035	0.021919999999909123	epochs	3.0
1616.6593597673034	0.021840000000111104	epochs	3.0
1616.6811997673035	0.04335999999989326	epochs	2.0
1616.6811997673035	0.021759999999858337	epochs	3.0
1616.7029597673034	0.021600000000034925	epochs	3.0
1616.7245597673034	0.04287999999996828	epochs	2.0
1616.7245597673034	0.02143999999998414	epochs	3.0
1616.7459997673034	0.02143999999998414	epochs	3.0
1616.7674397673034	0.042480000000068685	epochs	2.0
1616.7674397673034	0.021280000000160726	epochs	3.0
1616.7887197673035	0.02119999999990796	epochs	3.0
1616.8099197673034	0.04207999999994172	epochs	2.0
1616.8099197673034	0.021040000000084547	epochs	3.0
1616.8309597673035	0.021039999999857173	epochs	3.0
1616.8519997673034	0.04168000000004213	epochs	2.0
1616.8519997673034	0.02088000000003376	epochs	3.0
1616.8728797673034	0.020800000000008367	epochs	3.0
1616.8936797673034	0.04120000000011714	epochs	2.0
1616.8936797673034	0.02063999999995758	epochs	3.0
1616.9143197673034	0.020560000000159562	epochs	3.0
1616.9348797673035	0.04088000000001557	epochs	2.0
1616.9348797673035	0.020559999999932188	epochs	3.0
1616.9554397673035	0.020320000000083382	epochs	3.0
1616.9757597673035	0.040559999999914	epochs	2.0
1616.9757597673035	0.02031999999985601	epochs	3.0
1616.9960797673034	0.02024000000005799	epochs	3.0
1617.0163197673035	0.04007999999998901	epochs	2.0
1617.0163197673035	0.020080000000007203	epochs	3.0
1617.0363997673035	0.01999999999998181	epochs	3.0
1617.0563997673034	0.039760000000114815	epochs	2.0
1617.0563997673034	0.019919999999956417	epochs	3.0
1617.0763197673034	0.019840000000158398	epochs	3.0
1617.0961597673036	0.03944000000001324	epochs	2.0
1617.0961597673036	0.01975999999990563	epochs	3.0
1617.1159197673035	0.01968000000010761	epochs	3.0
1617.1355997673036	0.03903999999988628	epochs	2.0
1617.1355997673036	0.01951999999982945	epochs	3.0
1617.1551197673034	0.019520000000056825	epochs	3.0
1617.1746397673035	0.038639999999986685	epochs	2.0
1617.1746397673035	0.01936000000000604	epochs	3.0
1617.1939997673035	0.019279999999980646	epochs	3.0
1617.2132797673034	0.038399999999910506	epochs	2.0
1617.2132797673034	0.019279999999980646	epochs	3.0
1617.2325597673034	0.01911999999992986	epochs	3.0
1617.2516797673034	0.038000000000010914	epochs	2.0
1617.2516797673034	0.01904000000013184	epochs	3.0
1617.2707197673035	0.018959999999879074	epochs	3.0
1617.2896797673034	0.037680000000136715	epochs	2.0
1617.2896797673034	0.018880000000081054	epochs	3.0
1617.3085597673034	0.01880000000005566	epochs	3.0
1617.3273597673035	0.03736000000003514	epochs	2.0
1617.3273597673035	0.018720000000030268	epochs	3.0
1617.3460797673035	0.018640000000004875	epochs	3.0
1617.3647197673035	0.03703999999993357	epochs	2.0
1617.3647197673035	0.018559999999979482	epochs	3.0
1617.3832797673035	0.01847999999995409	epochs	3.0
1617.4017597673035	0.03672000000005937	epochs	2.0
1617.4017597673035	0.018399999999928696	epochs	3.0
1617.4201597673034	0.018320000000130676	epochs	3.0
1617.4384797673035	0.03647999999998319	epochs	2.0
1617.4384797673035	0.01823999999987791	epochs	3.0
1617.4567197673034	0.018240000000105283	epochs	3.0
1617.4749597673035	0.03607999999985623	epochs	2.0
1617.4749597673035	0.018080000000054497	epochs	3.0
1617.4930397673036	0.01799999999980173	epochs	3.0
1617.5110397673034	0.03584000000000742	epochs	2.0
1617.5110397673034	0.01792000000000371	epochs	3.0
1617.5289597673034	0.01792000000000371	epochs	3.0
1617.5468797673034	0.03552000000013322	epochs	2.0
1617.5468797673034	0.017760000000180298	epochs	3.0
1617.5646397673036	0.017759999999952925	epochs	3.0
1617.5823997673035	0.03520000000003165	epochs	2.0
1617.5823997673035	0.01767999999992753	epochs	3.0
1617.6000797673034	0.01752000000010412	epochs	3.0
1617.6175997673035	0.03495999999995547	epochs	2.0
1617.6175997673035	0.017519999999876745	epochs	3.0
1617.6351197673034	0.017440000000078726	epochs	3.0
1617.6525597673035	0.03471999999987929	epochs	2.0
1617.6525597673035	0.017440000000078726	epochs	3.0
1617.6699997673036	0.017279999999800566	epochs	3.0
1617.6872797673034	0.03440000000000509	epochs	2.0
1617.6872797673034	0.017200000000002547	epochs	3.0
1617.7044797673034	0.017200000000002547	epochs	3.0
1617.7216797673034	0.03416000000015629	epochs	2.0
1617.7216797673034	0.017119999999977153	epochs	3.0
1617.7387997673034	0.017040000000179134	epochs	3.0
1617.7558397673035	0.03383999999982734	epochs	2.0
1617.7558397673035	0.016959999999926367	epochs	3.0
1617.7727997673035	0.016879999999900974	epochs	3.0
1617.7896797673034	0.03360000000020591	epochs	2.0
1617.7896797673034	0.016800000000102955	epochs	3.0
1617.8064797673035	0.016800000000102955	epochs	3.0
1617.8232797673036	0.03335999999990236	epochs	2.0
1617.8232797673036	0.016719999999850188	epochs	3.0
1617.8399997673034	0.01664000000005217	epochs	3.0
1617.8566397673035	0.03312000000005355	epochs	2.0
1617.8566397673035	0.016560000000026776	epochs	3.0
1617.8731997673035	0.016560000000026776	epochs	3.0
1617.8897597673035	0.03279999999995198	epochs	2.0
1617.8897597673035	0.01639999999997599	epochs	3.0
1617.9061597673035	0.01639999999997599	epochs	3.0
1617.9225597673035	0.0325599999998758	epochs	2.0
1617.9225597673035	0.016319999999950596	epochs	3.0
1617.9388797673034	0.016239999999925203	epochs	3.0
1617.9551197673034	0.03240000000005239	epochs	2.0
1617.9551197673034	0.016240000000152577	epochs	3.0
1617.9713597673035	0.01615999999989981	epochs	3.0
1617.9875197673034	0.032079999999950815	epochs	2.0
1617.9875197673034	0.01608000000010179	epochs	3.0
1618.0035997673035	0.015999999999849024	epochs	3.0
1618.0195997673034	0.0319200000001274	epochs	2.0
1618.0195997673034	0.016000000000076398	epochs	3.0
1618.0355997673034	0.015920000000051004	epochs	3.0
1618.0515197673035	0.03160000000002583	epochs	2.0
1618.0515197673035	0.01584000000002561	epochs	3.0
1618.0673597673035	0.01576000000000022	epochs	3.0
1618.0831197673035	0.03143999999997504	epochs	2.0
1618.0831197673035	0.01576000000000022	epochs	3.0
1618.0988797673035	0.015679999999974825	epochs	3.0
1618.1145597673035	0.031199999999898864	epochs	2.0
1618.1145597673035	0.015599999999949432	epochs	3.0
1618.1301597673034	0.015599999999949432	epochs	3.0
1618.1457597673034	0.03096000000005006	epochs	2.0
1618.1457597673034	0.015520000000151413	epochs	3.0
1618.1612797673035	0.015439999999898646	epochs	3.0
1618.1767197673034	0.03071999999997388	epochs	2.0
1618.1767197673034	0.01544000000012602	epochs	3.0
1618.1921597673036	0.01527999999984786	epochs	3.0
1618.2074397673034	0.030560000000150467	epochs	2.0
1618.2074397673034	0.015360000000100626	epochs	3.0
1618.2227997673035	0.01520000000004984	epochs	3.0
1618.2379997673036	0.030319999999846914	epochs	2.0
1618.2379997673036	0.015199999999822467	epochs	3.0
1618.2531997673034	0.015120000000024447	epochs	3.0
1618.2683197673034	0.030079999999998108	epochs	2.0
1618.2683197673034	0.015120000000024447	epochs	3.0
1618.2834397673034	0.014959999999973661	epochs	3.0
1618.2983997673034	0.029919999999947322	epochs	2.0
1618.2983997673034	0.015039999999999054	epochs	3.0
1618.3134397673034	0.014879999999948268	epochs	3.0
1618.3283197673034	0.029680000000098516	epochs	2.0
1618.3283197673034	0.014880000000175642	epochs	3.0
1618.3431997673035	0.014799999999922875	epochs	3.0
1618.3579997673035	0.02952000000004773	epochs	2.0
1618.3579997673035	0.014799999999922875	epochs	3.0
1618.3727997673034	0.014720000000124855	epochs	3.0
1618.3875197673035	0.02927999999997155	epochs	2.0
1618.3875197673035	0.014719999999897482	epochs	3.0
1618.4022397673034	0.01456000000007407	epochs	3.0
1618.4167997673035	0.029119999999920765	epochs	2.0
1618.4167997673035	0.014640000000099462	epochs	3.0
1618.4314397673036	0.014479999999821302	epochs	3.0
1618.4459197673034	0.028960000000097352	epochs	2.0
1618.4459197673034	0.014480000000048676	epochs	3.0
1618.4603997673034	0.014480000000048676	epochs	3.0
1618.4748797673035	0.02863999999999578	epochs	2.0
1618.4748797673035	0.01431999999999789	epochs	3.0
1618.4891997673035	0.01431999999999789	epochs	3.0
1618.5035197673035	0.028559999999970387	epochs	2.0
1618.5035197673035	0.01431999999999789	epochs	3.0
1618.5178397673035	0.014239999999972497	epochs	3.0
1618.5320797673035	0.028319999999894208	epochs	2.0
1618.5320797673035	0.014159999999947104	epochs	3.0
1618.5462397673034	0.014159999999947104	epochs	3.0
1618.5603997673034	0.028160000000070795	epochs	2.0
1618.5603997673034	0.014160000000174477	epochs	3.0
1618.5745597673035	0.013999999999896318	epochs	3.0
1618.5885597673034	0.02800000000002001	epochs	2.0
1618.5885597673034	0.014000000000123691	epochs	3.0
1618.6025597673035	0.013999999999896318	epochs	3.0
1618.6165597673034	0.02775999999994383	epochs	2.0
1618.6165597673034	0.013920000000098298	epochs	3.0
1618.6304797673035	0.013839999999845531	epochs	3.0
1618.6443197673034	0.02768000000014581	epochs	2.0
1618.6443197673034	0.013840000000072905	epochs	3.0
1618.6581597673035	0.013840000000072905	epochs	3.0
1618.6719997673035	0.027439999999842257	epochs	2.0
1618.6719997673035	0.013759999999820138	epochs	3.0
1618.6857597673034	0.013680000000022119	epochs	3.0
1618.6994397673034	0.027280000000018845	epochs	2.0
1618.6994397673034	0.013680000000022119	epochs	3.0
1618.7131197673034	0.013599999999996726	epochs	3.0
1618.7267197673034	0.02711999999996806	epochs	2.0
1618.7267197673034	0.013519999999971333	epochs	3.0
1618.7402397673034	0.013599999999996726	epochs	3.0
1618.7538397673034	0.026880000000119253	epochs	2.0
1618.7538397673034	0.013440000000173313	epochs	3.0
1618.7672797673035	0.01343999999994594	epochs	3.0
1618.7807197673035	0.02680000000009386	epochs	2.0
1618.7807197673035	0.01343999999994594	epochs	3.0
1618.7941597673034	0.01336000000014792	epochs	3.0
1618.8075197673036	0.026559999999790307	epochs	2.0
1618.8075197673036	0.013279999999895153	epochs	3.0
1618.8207997673035	0.013279999999895153	epochs	3.0
1618.8340797673034	0.026479999999992287	epochs	2.0
1618.8340797673034	0.013280000000122527	epochs	3.0
1618.8473597673035	0.01319999999986976	epochs	3.0
1618.8605597673034	0.026240000000143482	epochs	2.0
1618.8605597673034	0.013120000000071741	epochs	3.0
1618.8736797673034	0.013120000000071741	epochs	3.0
1618.8867997673035	0.026159999999890715	epochs	2.0
1618.8867997673035	0.013120000000071741	epochs	3.0
1618.8999197673036	0.013039999999818974	epochs	3.0
1618.9129597673034	0.026000000000067303	epochs	2.0
1618.9129597673034	0.013040000000046348	epochs	3.0
1618.9259997673034	0.012960000000020955	epochs	3.0
1618.9389597673035	0.025759999999991123	epochs	2.0
1618.9389597673035	0.012879999999995562	epochs	3.0
1618.9518397673035	0.012879999999995562	epochs	3.0
1618.9647197673034	0.02567999999996573	epochs	2.0
1618.9647197673034	0.012879999999995562	epochs	3.0
1618.9775997673034	0.012799999999970169	epochs	3.0
1618.9903997673034	0.025520000000142318	epochs	2.0
1618.9903997673034	0.012799999999970169	epochs	3.0
1619.0031997673034	0.01272000000017215	epochs	3.0
1619.0159197673036	0.025359999999864158	epochs	2.0
1619.0159197673036	0.012719999999944775	epochs	3.0
1619.0286397673035	0.012639999999919382	epochs	3.0
1619.0412797673034	0.025200000000040745	epochs	2.0
1619.0412797673034	0.012640000000146756	epochs	3.0
1619.0539197673036	0.01255999999989399	epochs	3.0
1619.0664797673035	0.024560000000064974	epochs	2.0
1619.0896185673034	0.5	epochs	-1.0
1619.0910397673035	0.9999199999999746	epochs	1.0
1619.5896185673034	0.5	epochs	-1.0
1627.2659997940063	0.1470400000000609	epochs	0.0
1627.2659997940063	0.06847999999990861	epochs	1.0
1627.3344797940063	0.010080000000016298	epochs	1.0
1627.3445597940063	0.06848000000013599	epochs	1.0
1627.4130397940064	2.0	epochs	0.0
1629.4130397940064	21.999919999999975	epochs	0.0
1629.4130397940064	1.0	epochs	1.0
1629.4130585940063	0.5	epochs	-1.0
1629.9130585940063	19.998559999999998	epochs	-1.0
1630.4130397940064	20.0	epochs	1.0
1630.4130397940064	8.000000002539309e-05	epochs	2.0
1630.4131197940064	4.356719999999996	epochs	-1.0
1630.4131197940064	1.974559999999883	epochs	2.0
1630.4131197940064	1.0985599999999067	epochs	3.0
1631.5116797940063	0.8759999999999764	epochs	3.0
1632.3876797940063	1.3523999999999887	epochs	2.0
1632.3876797940063	0.7286400000000413	epochs	3.0
1633.1163197940064	0.6237599999999475	epochs	3.0
1633.7400797940063	1.029760000000124	epochs	2.0
1633.7400797940063	0.5453600000000733	epochs	3.0
1634.2854397940064	0.48440000000005057	epochs	3.0
1634.7698397940064	0.8317599999998038	epochs	2.0
1634.7698397940064	0.4357599999998456	epochs	3.0
1635.2055997940063	0.39599999999995816	epochs	3.0
1635.6015997940062	0.697840000000042	epochs	2.0
1635.6015997940062	0.362880000000132	epochs	3.0
1635.9644797940064	0.33495999999991	epochs	3.0
1636.2994397940063	0.6010400000000118	epochs	2.0
1636.2994397940063	0.3108799999999974	epochs	3.0
1636.6103197940063	0.2901600000000144	epochs	3.0
1636.9004797940063	0.5278399999999692	epochs	2.0
1636.9004797940063	0.2719200000001365	epochs	3.0
1637.1723997940064	0.2559199999998327	epochs	3.0
1637.4283197940063	0.47064000000000306	epochs	2.0
1637.4283197940063	0.2416800000000876	epochs	3.0
1637.6699997940063	0.22895999999991545	epochs	3.0
1637.8989597940063	0.4245600000001559	epochs	2.0
1637.8989597940063	0.2174400000001242	epochs	3.0
1638.1163997940064	0.20712000000003172	epochs	3.0
1638.3235197940064	0.3867199999999684	epochs	2.0
1638.3235197940064	0.1976799999999912	epochs	3.0
1638.5211997940064	0.18903999999997723	epochs	3.0
1638.7102397940064	0.3551199999999426	epochs	2.0
1638.7102397940064	0.1811999999999898	epochs	3.0
1638.8914397940064	0.17391999999995278	epochs	3.0
1639.0653597940063	0.3282400000000507	epochs	2.0
1639.0653597940063	0.1672000000000935	epochs	3.0
1639.2325597940064	0.16103999999995722	epochs	3.0
1639.3935997940064	0.30520000000001346	epochs	2.0
1639.3935997940064	0.1552799999999479	epochs	3.0
1639.5488797940063	0.14992000000006556	epochs	3.0
1639.6987997940064	0.28512000000000626	epochs	2.0
1639.6987997940064	0.1448800000000574	epochs	3.0
1639.8436797940064	0.14023999999994885	epochs	3.0
1639.9839197940064	0.26751999999987675	epochs	2.0
1639.9839197940064	0.13583999999991647	epochs	3.0
1640.1197597940063	0.13167999999996027	epochs	3.0
1640.2514397940063	0.2520799999999781	epochs	2.0
1640.2514397940063	0.12784000000010565	epochs	3.0
1640.3792797940064	0.12423999999987245	epochs	3.0
1640.5035197940063	0.23816000000010717	epochs	2.0
1640.5035197940063	0.1207200000001194	epochs	3.0
1640.6242397940064	0.11743999999998778	epochs	3.0
1640.7416797940064	0.225840000000062	epochs	2.0
1640.7416797940064	0.11439999999993233	epochs	3.0
1640.8560797940063	0.11144000000012966	epochs	3.0
1640.9675197940064	0.21463999999991756	epochs	2.0
1640.9675197940064	0.10863999999992302	epochs	3.0
1641.0761597940063	0.10599999999999454	epochs	3.0
1641.1821597940063	0.20448000000010325	epochs	2.0
1641.1821597940063	0.10344000000009146	epochs	3.0
1641.2855997940064	0.10104000000001179	epochs	3.0
1641.3866397940064	0.19535999999993692	epochs	2.0
1641.3866397940064	0.0987999999999829	epochs	3.0
1641.4854397940064	0.09655999999995402	epochs	3.0
1641.5819997940064	0.18695999999999913	epochs	2.0
1641.5819997940064	0.09447999999997592	epochs	3.0
1641.6764797940064	0.09248000000002321	epochs	3.0
1641.7689597940064	0.1792000000000371	epochs	2.0
1641.7689597940064	0.0904800000000705	epochs	3.0
1641.8594397940064	0.0887199999999666	epochs	3.0
1641.9481597940064	0.17207999999982349	epochs	2.0
1641.9481597940064	0.08687999999983731	epochs	3.0
1642.0350397940063	0.08519999999998618	epochs	3.0
1642.1202397940062	0.165520000000015	epochs	2.0
1642.1202397940062	0.08360000000016043	epochs	3.0
1642.2038397940064	0.08191999999985455	epochs	3.0
1642.2857597940063	0.15952000000015687	epochs	2.0
1642.2857597940063	0.0804800000000796	epochs	3.0
1642.3662397940063	0.07904000000007727	epochs	3.0
1642.4452797940064	0.15375999999992018	epochs	2.0
1642.4452797940064	0.07759999999984757	epochs	3.0
1642.5228797940063	0.07616000000007261	epochs	3.0
1642.5990397940063	0.14856000000008862	epochs	2.0
1642.5990397940063	0.07495999999991909	epochs	3.0
1642.6739997940062	0.07360000000016953	epochs	3.0
1642.7475997940064	0.14367999999990388	epochs	2.0
1642.7475997940064	0.0724800000000414	epochs	3.0
1642.8200797940065	0.07119999999986248	epochs	3.0
1642.8912797940063	0.1390400000000227	epochs	2.0
1642.8912797940063	0.07007999999996173	epochs	3.0
1642.9613597940063	0.06896000000006097	epochs	3.0
1643.0303197940063	0.13472000000001572	epochs	2.0
1643.0303197940063	0.06791999999995824	epochs	3.0
1643.0982397940063	0.06680000000005748	epochs	3.0
1643.1650397940064	0.13071999999988293	epochs	2.0
1643.1650397940064	0.06583999999998014	epochs	3.0
1643.2308797940063	0.0648799999999028	epochs	3.0
1643.2957597940062	0.1268000000000029	epochs	2.0
1643.2957597940062	0.06384000000002743	epochs	3.0
1643.3595997940063	0.06295999999997548	epochs	3.0
1643.4225597940062	0.12328000000002248	epochs	2.0
1643.4225597940062	0.0620800000001509	epochs	3.0
1643.4846397940064	0.06119999999987158	epochs	3.0
1643.5458397940063	0.11984000000006745	epochs	2.0
1643.5458397940063	0.060320000000047	epochs	3.0
1643.6061597940063	0.059520000000020445	epochs	3.0
1643.6656797940063	0.11663999999996122	epochs	2.0
1643.6656797940063	0.05871999999999389	epochs	3.0
1643.7243997940063	0.05791999999996733	epochs	3.0
1643.7823197940063	0.11360000000013315	epochs	2.0
1643.7823197940063	0.05719999999996617	epochs	3.0
1643.8395197940063	0.05640000000016698	epochs	3.0
1643.8959197940064	0.11071999999990112	epochs	2.0
1643.8959197940064	0.055679999999938445	epochs	3.0
1643.9515997940064	0.055039999999962674	epochs	3.0
1644.0066397940063	0.10791999999992186	epochs	2.0
1644.0066397940063	0.05423999999993612	epochs	3.0
1644.0608797940063	0.05367999999998574	epochs	3.0
1644.1145597940063	0.10527999999999338	epochs	2.0
1644.1145597940063	0.052959999999984575	epochs	3.0
1644.1675197940062	0.052320000000008804	epochs	3.0
1644.2198397940062	0.10288000000014108	epochs	2.0
1644.2198397940062	0.051760000000058426	epochs	3.0
1644.2715997940063	0.051120000000082655	epochs	3.0
1644.3227197940064	0.10040000000003602	epochs	2.0
1644.3227197940064	0.05047999999987951	epochs	3.0
1644.3731997940063	0.049920000000156506	epochs	3.0
1644.4231197940064	0.09824000000003252	epochs	2.0
1644.4231197940064	0.049359999999978754	epochs	3.0
1644.4724797940064	0.04888000000005377	epochs	3.0
1644.5213597940065	0.09600000000000364	epochs	2.0
1644.5213597940065	0.048239999999850625	epochs	3.0
1644.5695997940063	0.04776000000015301	epochs	3.0
1644.6173597940065	0.09391999999979816	epochs	2.0
1644.6173597940065	0.04719999999997526	epochs	3.0
1644.6645597940064	0.0467199999998229	epochs	3.0
1644.7112797940063	0.09192000000007283	epochs	2.0
1644.7112797940063	0.0461600000000999	epochs	3.0
1644.7574397940064	0.04575999999997293	epochs	3.0
1644.8031997940063	0.09007999999994354	epochs	2.0
1644.8031997940063	0.04528000000004795	epochs	3.0
1644.8484797940064	0.04479999999989559	epochs	3.0
1644.8932797940063	0.08816000000001623	epochs	2.0
1644.8932797940063	0.044319999999970605	epochs	3.0
1644.9375997940062	0.04384000000004562	epochs	3.0
1644.9814397940063	0.08648000000016509	epochs	2.0
1644.9814397940063	0.04344000000014603	epochs	3.0
1645.0248797940064	0.04304000000001906	epochs	3.0
1645.0679197940065	0.08471999999983382	epochs	2.0
1645.0679197940065	0.042559999999866704	epochs	3.0
1645.1104797940063	0.04215999999996711	epochs	3.0
1645.1526397940063	0.08320000000003347	epochs	2.0
1645.1526397940063	0.04176000000006752	epochs	3.0
1645.1943997940064	0.04143999999996595	epochs	3.0
1645.2358397940063	0.08151999999995496	epochs	2.0
1645.2358397940063	0.040960000000040964	epochs	3.0
1645.2767997940064	0.040559999999914	epochs	3.0
1645.3173597940063	0.08008000000018001	epochs	2.0
1645.3173597940063	0.0402400000000398	epochs	3.0
1645.3575997940063	0.03984000000014021	epochs	3.0
1645.3974397940065	0.0786399999999503	epochs	2.0
1645.3974397940065	0.03951999999981126	epochs	3.0
1645.4369597940063	0.039120000000139044	epochs	3.0
1645.4760797940064	0.07719999999994798	epochs	2.0
1645.4760797940064	0.03880000000003747	epochs	3.0
1645.5148797940064	0.038399999999910506	epochs	3.0
1645.5532797940064	0.07591999999999643	epochs	2.0
1645.5532797940064	0.0381600000000617	epochs	3.0
1645.5914397940064	0.037759999999934735	epochs	3.0
1645.6291997940064	0.0745600000000195	epochs	2.0
1645.6291997940064	0.037440000000060536	epochs	3.0
1645.6666397940064	0.037119999999958964	epochs	3.0
1645.7037597940064	0.07335999999986598	epochs	2.0
1645.7037597940064	0.036800000000084765	epochs	3.0
1645.7405597940065	0.03655999999978121	epochs	3.0
1645.7771197940062	0.07208000000014181	epochs	2.0
1645.7771197940062	0.036160000000108994	epochs	3.0
1645.8132797940063	0.035920000000032815	epochs	3.0
1645.8491997940064	0.07087999999998829	epochs	2.0
1645.8491997940064	0.03559999999993124	epochs	3.0
1645.8847997940063	0.035280000000057044	epochs	3.0
1645.9200797940064	0.06983999999988555	epochs	2.0
1645.9200797940064	0.035039999999980864	epochs	3.0
1645.9551197940064	0.034799999999904685	epochs	3.0
1645.9899197940063	0.06864000000018677	epochs	2.0
1645.9899197940063	0.034480000000030486	epochs	3.0
1646.0243997940063	0.03416000000015629	epochs	3.0
1646.0585597940064	0.06759999999985666	epochs	2.0
1646.0585597940064	0.033919999999852735	epochs	3.0
1646.0924797940063	0.03368000000000393	epochs	3.0
1646.1261597940063	0.0665599999999813	epochs	2.0
1646.1261597940063	0.03344000000015512	epochs	3.0
1646.1595997940065	0.03311999999982618	epochs	3.0
1646.1927197940063	0.06560000000013133	epochs	2.0
1646.1927197940063	0.032960000000002765	epochs	3.0
1646.2256797940063	0.032640000000128566	epochs	3.0
1646.2583197940064	0.0645600000000286	epochs	2.0
1646.2583197940064	0.03239999999982501	epochs	3.0
1646.2907197940062	0.03216000000020358	epochs	3.0
1646.3228797940064	0.06367999999997664	epochs	2.0
1646.3228797940064	0.03199999999992542	epochs	3.0
1646.3548797940064	0.03168000000005122	epochs	3.0
1646.3865597940064	0.0627199999998993	epochs	2.0
1646.3865597940064	0.03143999999997504	epochs	3.0
1646.4179997940064	0.03127999999992426	epochs	3.0
1646.4492797940063	0.061840000000074724	epochs	2.0
1646.4492797940063	0.03104000000007545	epochs	3.0
1646.4803197940064	0.030799999999999272	epochs	3.0
1646.5111197940064	0.060960000000022774	epochs	2.0
1646.5111197940064	0.030559999999923093	epochs	3.0
1646.5416797940063	0.03040000000009968	epochs	3.0
1646.5720797940064	0.060159999999996217	epochs	2.0
1646.5720797940064	0.0301600000000235	epochs	3.0
1646.6022397940064	0.029999999999972715	epochs	3.0
1646.6322397940064	0.059279999999944266	epochs	2.0
1646.6322397940064	0.029679999999871143	epochs	3.0
1646.6619197940063	0.029600000000073123	epochs	3.0
1646.6915197940064	0.05847999999991771	epochs	2.0
1646.6915197940064	0.029359999999996944	epochs	3.0
1646.7208797940064	0.029119999999920765	epochs	3.0
1646.7499997940063	0.05776000000014392	epochs	2.0
1646.7499997940063	0.028960000000097352	epochs	3.0
1646.7789597940064	0.028800000000046566	epochs	3.0
1646.8077597940064	0.05695999999988999	epochs	2.0
1646.8077597940064	0.028559999999970387	epochs	3.0
1646.8363197940064	0.0283999999999196	epochs	3.0
1646.8647197940063	0.0562400000001162	epochs	2.0
1646.8647197940063	0.028160000000070795	epochs	3.0
1646.8928797940064	0.028080000000045402	epochs	3.0
1646.9209597940064	0.055439999999862266	epochs	2.0
1646.9209597940064	0.027839999999969223	epochs	3.0
1646.9487997940064	0.027599999999893043	epochs	3.0
1646.9763997940063	0.05488000000013926	epochs	2.0
1646.9763997940063	0.027520000000095024	epochs	3.0
1647.0039197940064	0.027360000000044238	epochs	3.0
1647.0312797940064	0.05407999999988533	epochs	2.0
1647.0312797940064	0.02711999999996806	epochs	3.0
1647.0583997940064	0.026959999999917272	epochs	3.0
1647.0853597940063	0.053440000000136934	epochs	2.0
1647.0853597940063	0.02680000000009386	epochs	3.0
1647.1121597940064	0.026640000000043074	epochs	3.0
1647.1387997940064	0.05287999999995918	epochs	2.0
1647.1387997940064	0.026479999999992287	epochs	3.0
1647.1652797940064	0.026399999999966894	epochs	3.0
1647.1916797940064	0.05215999999995802	epochs	2.0
1647.1916797940064	0.026159999999890715	epochs	3.0
1647.2178397940063	0.026000000000067303	epochs	3.0
1647.2438397940064	0.05151999999998225	epochs	2.0
1647.2438397940064	0.025840000000016516	epochs	3.0
1647.2696797940064	0.02567999999996573	epochs	3.0
1647.2953597940063	0.05096000000003187	epochs	2.0
1647.2953597940063	0.025599999999940337	epochs	3.0
1647.3209597940063	0.02536000000009153	epochs	3.0
1647.3463197940064	0.05040000000008149	epochs	2.0
1647.3463197940064	0.02528000000006614	epochs	3.0
1647.3715997940064	0.025120000000015352	epochs	3.0
1647.3967197940065	0.049759999999878346	epochs	2.0
1647.3967197940065	0.024959999999964566	epochs	3.0
1647.4216797940064	0.02479999999991378	epochs	3.0
1647.4464797940063	0.04919999999992797	epochs	2.0
1647.4464797940063	0.024640000000090367	epochs	3.0
1647.4711197940064	0.0245599999998376	epochs	3.0
1647.4956797940063	0.04872000000000298	epochs	2.0
1647.4956797940063	0.024400000000014188	epochs	3.0
1647.5200797940063	0.024319999999988795	epochs	3.0
1647.5443997940063	0.04808000000002721	epochs	2.0
1647.5443997940063	0.02408000000013999	epochs	3.0
1647.5684797940064	0.023999999999887223	epochs	3.0
1647.5924797940063	0.04760000000010223	epochs	2.0
1647.5924797940063	0.02384000000006381	epochs	3.0
1647.6163197940064	0.023760000000038417	epochs	3.0
1647.6400797940064	0.04711999999994987	epochs	2.0
1647.6400797940064	0.02359999999998763	epochs	3.0
1647.6636797940064	0.023519999999962238	epochs	3.0
1647.6871997940063	0.04655999999999949	epochs	2.0
1647.6871997940063	0.02335999999991145	epochs	3.0
1647.7105597940063	0.02320000000008804	epochs	3.0
1647.7337597940063	0.046080000000074506	epochs	2.0
1647.7337597940063	0.023120000000062646	epochs	3.0
1647.7568797940064	0.02296000000001186	epochs	3.0
1647.7798397940064	0.04559999999992215	epochs	2.0
1647.7798397940064	0.022879999999986467	epochs	3.0
1647.8027197940064	0.02271999999993568	epochs	3.0
1647.8254397940063	0.04511999999999716	epochs	2.0
1647.8254397940063	0.022639999999910287	epochs	3.0
1647.8480797940063	0.022480000000086875	epochs	3.0
1647.8705597940063	0.04464000000007218	epochs	2.0
1647.8705597940063	0.022400000000061482	epochs	3.0
1647.8929597940064	0.022240000000010696	epochs	3.0
1647.9151997940064	0.04423999999994521	epochs	2.0
1647.9151997940064	0.022159999999985303	epochs	3.0
1647.9373597940064	0.02207999999995991	epochs	3.0
1647.9594397940064	0.04376000000002023	epochs	2.0
1647.9594397940064	0.021919999999909123	epochs	3.0
1647.9813597940063	0.021840000000111104	epochs	3.0
1648.0031997940064	0.04335999999989326	epochs	2.0
1648.0031997940064	0.021759999999858337	epochs	3.0
1648.0249597940062	0.021600000000034925	epochs	3.0
1648.0465597940063	0.04287999999996828	epochs	2.0
1648.0465597940063	0.02143999999998414	epochs	3.0
1648.0679997940063	0.02143999999998414	epochs	3.0
1648.0894397940062	0.042480000000068685	epochs	2.0
1648.0894397940062	0.021280000000160726	epochs	3.0
1648.1107197940064	0.02119999999990796	epochs	3.0
1648.1319197940063	0.04207999999994172	epochs	2.0
1648.1319197940063	0.021040000000084547	epochs	3.0
1648.1529597940064	0.021039999999857173	epochs	3.0
1648.1739997940062	0.04168000000004213	epochs	2.0
1648.1739997940062	0.02088000000003376	epochs	3.0
1648.1948797940063	0.020800000000008367	epochs	3.0
1648.2156797940063	0.04120000000011714	epochs	2.0
1648.2156797940063	0.02063999999995758	epochs	3.0
1648.2363197940062	0.020560000000159562	epochs	3.0
1648.2568797940064	0.04088000000001557	epochs	2.0
1648.2568797940064	0.020559999999932188	epochs	3.0
1648.2774397940063	0.020320000000083382	epochs	3.0
1648.2977597940064	0.040559999999914	epochs	2.0
1648.2977597940064	0.02031999999985601	epochs	3.0
1648.3180797940063	0.02024000000005799	epochs	3.0
1648.3383197940063	0.04007999999998901	epochs	2.0
1648.3383197940063	0.020080000000007203	epochs	3.0
1648.3583997940063	0.01999999999998181	epochs	3.0
1648.3783997940063	0.039760000000114815	epochs	2.0
1648.3783997940063	0.019919999999956417	epochs	3.0
1648.3983197940063	0.019840000000158398	epochs	3.0
1648.4181597940064	0.03944000000001324	epochs	2.0
1648.4181597940064	0.01975999999990563	epochs	3.0
1648.4379197940063	0.01968000000010761	epochs	3.0
1648.4575997940065	0.03903999999988628	epochs	2.0
1648.4575997940065	0.01951999999982945	epochs	3.0
1648.4771197940063	0.019520000000056825	epochs	3.0
1648.4966397940063	0.038639999999986685	epochs	2.0
1648.4966397940063	0.01936000000000604	epochs	3.0
1648.5159997940063	0.019279999999980646	epochs	3.0
1648.5352797940063	0.038399999999910506	epochs	2.0
1648.5352797940063	0.019279999999980646	epochs	3.0
1648.5545597940063	0.01911999999992986	epochs	3.0
1648.5736797940062	0.038000000000010914	epochs	2.0
1648.5736797940062	0.01904000000013184	epochs	3.0
1648.5927197940064	0.018959999999879074	epochs	3.0
1648.6116797940062	0.037680000000136715	epochs	2.0
1648.6116797940062	0.018880000000081054	epochs	3.0
1648.6305597940063	0.01880000000005566	epochs	3.0
1648.6493597940064	0.03736000000003514	epochs	2.0
1648.6493597940064	0.018720000000030268	epochs	3.0
1648.6680797940064	0.018640000000004875	epochs	3.0
1648.6867197940064	0.03703999999993357	epochs	2.0
1648.6867197940064	0.018559999999979482	epochs	3.0
1648.7052797940064	0.01847999999995409	epochs	3.0
1648.7237597940064	0.03672000000005937	epochs	2.0
1648.7237597940064	0.018399999999928696	epochs	3.0
1648.7421597940063	0.018320000000130676	epochs	3.0
1648.7604797940064	0.03647999999998319	epochs	2.0
1648.7604797940064	0.01823999999987791	epochs	3.0
1648.7787197940063	0.018240000000105283	epochs	3.0
1648.7969597940064	0.03607999999985623	epochs	2.0
1648.7969597940064	0.018080000000054497	epochs	3.0
1648.8150397940065	0.01799999999980173	epochs	3.0
1648.8330397940063	0.03584000000000742	epochs	2.0
1648.8330397940063	0.01792000000000371	epochs	3.0
1648.8509597940063	0.01792000000000371	epochs	3.0
1648.8688797940063	0.03552000000013322	epochs	2.0
1648.8688797940063	0.017760000000180298	epochs	3.0
1648.8866397940064	0.017759999999952925	epochs	3.0
1648.9043997940064	0.03520000000003165	epochs	2.0
1648.9043997940064	0.01767999999992753	epochs	3.0
1648.9220797940063	0.01752000000010412	epochs	3.0
1648.9395997940064	0.03495999999995547	epochs	2.0
1648.9395997940064	0.017519999999876745	epochs	3.0
1648.9571197940063	0.017440000000078726	epochs	3.0
1648.9745597940064	0.03471999999987929	epochs	2.0
1648.9745597940064	0.017440000000078726	epochs	3.0
1648.9919997940065	0.017279999999800566	epochs	3.0
1649.0092797940063	0.03440000000000509	epochs	2.0
1649.0092797940063	0.017200000000002547	epochs	3.0
1649.0264797940063	0.017200000000002547	epochs	3.0
1649.0436797940063	0.03416000000015629	epochs	2.0
1649.0436797940063	0.017119999999977153	epochs	3.0
1649.0607997940062	0.017040000000179134	epochs	3.0
1649.0778397940064	0.03383999999982734	epochs	2.0
1649.0778397940064	0.016959999999926367	epochs	3.0
1649.0947997940063	0.016879999999900974	epochs	3.0
1649.1116797940062	0.03360000000020591	epochs	2.0
1649.1116797940062	0.016800000000102955	epochs	3.0
1649.1284797940064	0.016800000000102955	epochs	3.0
1649.1452797940065	0.03335999999990236	epochs	2.0
1649.1452797940065	0.016719999999850188	epochs	3.0
1649.1619997940063	0.01664000000005217	epochs	3.0
1649.1786397940064	0.03312000000005355	epochs	2.0
1649.1786397940064	0.016560000000026776	epochs	3.0
1649.1951997940064	0.016560000000026776	epochs	3.0
1649.2117597940064	0.03279999999995198	epochs	2.0
1649.2117597940064	0.01639999999997599	epochs	3.0
1649.2281597940064	0.01639999999997599	epochs	3.0
1649.2445597940064	0.0325599999998758	epochs	2.0
1649.2445597940064	0.016319999999950596	epochs	3.0
1649.2608797940063	0.016239999999925203	epochs	3.0
1649.2771197940062	0.03240000000005239	epochs	2.0
1649.2771197940062	0.016240000000152577	epochs	3.0
1649.2933597940064	0.01615999999989981	epochs	3.0
1649.3095197940063	0.032079999999950815	epochs	2.0
1649.3095197940063	0.01608000000010179	epochs	3.0
1649.3255997940064	0.015999999999849024	epochs	3.0
1649.3415997940062	0.0319200000001274	epochs	2.0
1649.3415997940062	0.016000000000076398	epochs	3.0
1649.3575997940063	0.015920000000051004	epochs	3.0
1649.3735197940064	0.03160000000002583	epochs	2.0
1649.3735197940064	0.01584000000002561	epochs	3.0
1649.3893597940064	0.01576000000000022	epochs	3.0
1649.4051197940064	0.03143999999997504	epochs	2.0
1649.4051197940064	0.01576000000000022	epochs	3.0
1649.4208797940064	0.015679999999974825	epochs	3.0
1649.4365597940064	0.031199999999898864	epochs	2.0
1649.4365597940064	0.015599999999949432	epochs	3.0
1649.4521597940063	0.015599999999949432	epochs	3.0
1649.4677597940063	0.03096000000005006	epochs	2.0
1649.4677597940063	0.015520000000151413	epochs	3.0
1649.4832797940064	0.015439999999898646	epochs	3.0
1649.4987197940063	0.03071999999997388	epochs	2.0
1649.4987197940063	0.01544000000012602	epochs	3.0
1649.5141597940064	0.01527999999984786	epochs	3.0
1649.5294397940063	0.030560000000150467	epochs	2.0
1649.5294397940063	0.015360000000100626	epochs	3.0
1649.5447997940064	0.01520000000004984	epochs	3.0
1649.5599997940064	0.030319999999846914	epochs	2.0
1649.5599997940064	0.015199999999822467	epochs	3.0
1649.5751997940063	0.015120000000024447	epochs	3.0
1649.5903197940063	0.030079999999998108	epochs	2.0
1649.5903197940063	0.015120000000024447	epochs	3.0
1649.6054397940063	0.014959999999973661	epochs	3.0
1649.6203997940063	0.029919999999947322	epochs	2.0
1649.6203997940063	0.015039999999999054	epochs	3.0
1649.6354397940063	0.014879999999948268	epochs	3.0
1649.6503197940062	0.029680000000098516	epochs	2.0
1649.6503197940062	0.014880000000175642	epochs	3.0
1649.6651997940064	0.014799999999922875	epochs	3.0
1649.6799997940063	0.02952000000004773	epochs	2.0
1649.6799997940063	0.014799999999922875	epochs	3.0
1649.6947997940063	0.014720000000124855	epochs	3.0
1649.7095197940064	0.02927999999997155	epochs	2.0
1649.7095197940064	0.014719999999897482	epochs	3.0
1649.7242397940063	0.01456000000007407	epochs	3.0
1649.7387997940064	0.029119999999920765	epochs	2.0
1649.7387997940064	0.014640000000099462	epochs	3.0
1649.7534397940065	0.014479999999821302	epochs	3.0
1649.7679197940063	0.028960000000097352	epochs	2.0
1649.7679197940063	0.014480000000048676	epochs	3.0
1649.7823997940063	0.014480000000048676	epochs	3.0
1649.7968797940064	0.02863999999999578	epochs	2.0
1649.7968797940064	0.01431999999999789	epochs	3.0
1649.8111997940064	0.01431999999999789	epochs	3.0
1649.8255197940064	0.028559999999970387	epochs	2.0
1649.8255197940064	0.01431999999999789	epochs	3.0
1649.8398397940064	0.014239999999972497	epochs	3.0
1649.8540797940063	0.028319999999894208	epochs	2.0
1649.8540797940063	0.014159999999947104	epochs	3.0
1649.8682397940063	0.014159999999947104	epochs	3.0
1649.8823997940062	0.028160000000070795	epochs	2.0
1649.8823997940062	0.014160000000174477	epochs	3.0
1649.8965597940064	0.013999999999896318	epochs	3.0
1649.9105597940063	0.02800000000002001	epochs	2.0
1649.9105597940063	0.014000000000123691	epochs	3.0
1649.9245597940064	0.013999999999896318	epochs	3.0
1649.9385597940063	0.02775999999994383	epochs	2.0
1649.9385597940063	0.013920000000098298	epochs	3.0
1649.9524797940064	0.013839999999845531	epochs	3.0
1649.9663197940063	0.02768000000014581	epochs	2.0
1649.9663197940063	0.013840000000072905	epochs	3.0
1649.9801597940063	0.013840000000072905	epochs	3.0
1649.9939997940064	0.027439999999842257	epochs	2.0
1649.9939997940064	0.013759999999820138	epochs	3.0
1650.0077597940062	0.013680000000022119	epochs	3.0
1650.0214397940063	0.027280000000018845	epochs	2.0
1650.0214397940063	0.013680000000022119	epochs	3.0
1650.0351197940063	0.013599999999996726	epochs	3.0
1650.0487197940063	0.02711999999996806	epochs	2.0
1650.0487197940063	0.013519999999971333	epochs	3.0
1650.0622397940062	0.013599999999996726	epochs	3.0
1650.0758397940062	0.026880000000119253	epochs	2.0
1650.0758397940062	0.013440000000173313	epochs	3.0
1650.0892797940064	0.01343999999994594	epochs	3.0
1650.1027197940064	0.02680000000009386	epochs	2.0
1650.1027197940064	0.01343999999994594	epochs	3.0
1650.1161597940063	0.01336000000014792	epochs	3.0
1650.1295197940065	0.026559999999790307	epochs	2.0
1650.1295197940065	0.013279999999895153	epochs	3.0
1650.1427997940064	0.013279999999895153	epochs	3.0
1650.1560797940062	0.026479999999992287	epochs	2.0
1650.1560797940062	0.013280000000122527	epochs	3.0
1650.1693597940064	0.01319999999986976	epochs	3.0
1650.1825597940062	0.026240000000143482	epochs	2.0
1650.1825597940062	0.013120000000071741	epochs	3.0
1650.1956797940063	0.013120000000071741	epochs	3.0
1650.2087997940064	0.026159999999890715	epochs	2.0
1650.2087997940064	0.013120000000071741	epochs	3.0
1650.2219197940065	0.013039999999818974	epochs	3.0
1650.2349597940063	0.026000000000067303	epochs	2.0
1650.2349597940063	0.013040000000046348	epochs	3.0
1650.2479997940063	0.012960000000020955	epochs	3.0
1650.2609597940063	0.025759999999991123	epochs	2.0
1650.2609597940063	0.012879999999995562	epochs	3.0
1650.2738397940063	0.012879999999995562	epochs	3.0
1650.2867197940063	0.02567999999996573	epochs	2.0
1650.2867197940063	0.012879999999995562	epochs	3.0
1650.2995997940063	0.012799999999970169	epochs	3.0
1650.3123997940063	0.025520000000142318	epochs	2.0
1650.3123997940063	0.012799999999970169	epochs	3.0
1650.3251997940063	0.01272000000017215	epochs	3.0
1650.3379197940064	0.025359999999864158	epochs	2.0
1650.3379197940064	0.012719999999944775	epochs	3.0
1650.3506397940064	0.012639999999919382	epochs	3.0
1650.3632797940063	0.025200000000040745	epochs	2.0
1650.3632797940063	0.012640000000146756	epochs	3.0
1650.3759197940064	0.01255999999989399	epochs	3.0
1650.3884797940063	0.024560000000064974	epochs	2.0
1650.4116185940063	0.5	epochs	-1.0
1650.4130397940064	0.9999199999999746	epochs	1.0
1650.9116185940063	0.5	epochs	-1.0
1657.2620000839233	0.1470400000000609	epochs	0.0
1657.2620000839233	0.06847999999990861	epochs	1.0
1657.3304800839232	0.010080000000016298	epochs	1.0
1657.3405600839233	0.06848000000013599	epochs	1.0
1657.4090400839234	2.0	epochs	0.0
1659.4090400839234	0.5128799999999956	epochs	0.0
1659.4090400839234	0.5128799999999956	epochs	1.0
1659.4090588839233	0.5	epochs	-1.0
1659.9090588839233	0.012861200000088502	epochs	-1.0
1659.9219200839234	21.48703999999998	epochs	0.0
1665.784999847412	0.1470400000000609	epochs	0.0
1665.784999847412	0.06847999999990861	epochs	1.0
1665.853479847412	0.010080000000016298	epochs	1.0
1665.863559847412	0.06848000000013599	epochs	1.0
1665.9320398474122	2.0	epochs	0.0
1667.9320398474122	0.5128799999999956	epochs	0.0
1667.9320398474122	0.5128799999999956	epochs	1.0
1667.932058647412	0.5	epochs	-1.0
1668.432058647412	0.012861200000088502	epochs	-1.0
1668.4449198474122	21.48703999999998	epochs	0.0
1674.3859996795654	0.1470400000000609	epochs	0.0
1674.3859996795654	0.06847999999990861	epochs	1.0
1674.4544796795653	0.010080000000016298	epochs	1.0
1674.4645596795654	0.06848000000013599	epochs	1.0
1674.5330396795655	2.0	epochs	0.0
1676.5330396795655	0.512960000000021	epochs	0.0
1676.5330396795655	0.512960000000021	epochs	1.0
1676.5330584795654	0.5	epochs	-1.0
1677.0330584795654	0.012941200000113895	epochs	-1.0
1677.0459996795655	21.486959999999954	epochs	0.0
1683.0829997062683	0.1470400000000609	epochs	0.0
1683.0829997062683	0.06847999999990861	epochs	1.0
1683.1514797062682	0.010080000000016298	epochs	1.0
1683.1615597062682	0.06848000000013599	epochs	1.0
1683.2300397062684	2.0	epochs	0.0
1685.2300397062684	0.5123200000000452	epochs	0.0
1685.2300397062684	0.5123200000000452	epochs	1.0
1685.2300585062683	0.5	epochs	-1.0
1685.7300585062683	0.012301200000138124	epochs	-1.0
1685.7423597062684	21.48759999999993	epochs	0.0
1691.8459997177124	0.1470400000000609	epochs	0.0
1691.8459997177124	0.06847999999990861	epochs	1.0
1691.9144797177123	0.010080000000016298	epochs	1.0
1691.9245597177123	0.06848000000013599	epochs	1.0
1691.9930397177125	2.0	epochs	0.0
1693.9930397177125	0.5130400000000463	epochs	0.0
1693.9930397177125	0.5130400000000463	epochs	1.0
1693.9930585177124	0.5	epochs	-1.0
1694.4930585177124	0.013021200000139288	epochs	-1.0
1694.5060797177125	21.48687999999993	epochs	0.0
1714.9619998931885	0.1470400000000609	epochs	0.0
1714.9619998931885	0.06847999999990861	epochs	1.0
1715.0304798931884	0.010080000000016298	epochs	1.0
1715.0405598931884	0.06848000000013599	epochs	1.0
1715.1090398931885	0.2299199999999928	epochs	0.0
1715.1090398931885	0.049999999999954525	epochs	1.0
1715.1590398931885	0.009999999999990905	epochs	1.0
1715.1690398931885	0.049999999999954525	epochs	1.0
1715.2190398931884	0.009999999999990905	epochs	1.0
1715.2290398931884	0.049999999999954525	epochs	1.0
1715.2790398931884	0.009999999999990905	epochs	1.0
1715.2890398931884	0.049920000000156506	epochs	1.0
