onset	duration	nwb_table	treelevel
8.407999992370605	0.09999999999999964	epochs	0.0
8.407999992370605	0.04499999999999993	epochs	1.0
8.452999992370605	0.010004999999999598	epochs	1.0
8.463004992370605	0.04499500000000012	epochs	1.0
8.507999992370605	0.7049950000000003	epochs	0.0
8.507999992370605	0.5	epochs	-1.0
8.507999992370605	0.5	epochs	-1.0
8.507999992370605	0.5	epochs	1.0
9.007999992370605	0.0600000000000005	epochs	-1.0
9.007999992370605	0.025000000000000355	epochs	-1.0
9.007999992370605	0.025000000000000355	epochs	1.0
9.032999992370605	0.009999999999999787	epochs	-1.0
9.032999992370605	0.009999999999999787	epochs	1.0
9.042999992370605	0.025000000000000355	epochs	-1.0
9.042999992370605	0.025000000000000355	epochs	1.0
9.067999992370606	0.0600000000000005	epochs	-1.0
9.067999992370606	0.025000000000000355	epochs	-1.0
9.067999992370606	0.025000000000000355	epochs	1.0
9.092999992370606	0.009999999999999787	epochs	-1.0
9.092999992370606	0.009999999999999787	epochs	1.0
9.102999992370606	0.025000000000000355	epochs	-1.0
9.102999992370606	0.025000000000000355	epochs	1.0
9.127999992370606	0.05999999999999872	epochs	-1.0
9.127999992370606	0.02499999999999858	epochs	-1.0
9.127999992370606	0.02499999999999858	epochs	1.0
9.152999992370605	0.010000000000001563	epochs	-1.0
9.152999992370605	0.010000000000001563	epochs	1.0
9.162999992370606	0.02499999999999858	epochs	-1.0
9.162999992370606	0.02499999999999858	epochs	1.0
9.187999992370605	0.024995000000000545	epochs	1.0
2211.440999984741	0.09999999999990905	epochs	0.0
2211.440999984741	0.04500000000007276	epochs	1.0
2211.4859999847413	0.010005000000091968	epochs	1.0
2211.4960049847414	0.04499499999974432	epochs	1.0
2211.540999984741	0.7049950000000536	epochs	0.0
2211.540999984741	0.5	epochs	-1.0
2211.540999984741	0.5	epochs	1.0
2212.040999984741	0.05999999999994543	epochs	-1.0
2212.040999984741	0.02500000000009095	epochs	-1.0
2212.040999984741	0.02500000000009095	epochs	1.0
2212.065999984741	0.010000000000218279	epochs	-1.0
2212.065999984741	0.010000000000218279	epochs	1.0
2212.0759999847414	0.024999999999636202	epochs	-1.0
2212.0759999847414	0.024999999999636202	epochs	1.0
2212.100999984741	0.05999999999994543	epochs	-1.0
2212.100999984741	0.02500000000009095	epochs	-1.0
2212.100999984741	0.02500000000009095	epochs	1.0
2212.125999984741	0.010000000000218279	epochs	-1.0
2212.125999984741	0.010000000000218279	epochs	1.0
2212.1359999847414	0.024999999999636202	epochs	-1.0
2212.1359999847414	0.024999999999636202	epochs	1.0
2212.160999984741	0.06000000000040018	epochs	-1.0
2212.160999984741	0.02500000000009095	epochs	-1.0
2212.160999984741	0.02500000000009095	epochs	1.0
2212.185999984741	0.010000000000218279	epochs	-1.0
2212.185999984741	0.010000000000218279	epochs	1.0
2212.1959999847413	0.02500000000009095	epochs	-1.0
2212.1959999847413	0.02500000000009095	epochs	1.0
2212.2209999847414	0.024994999999762513	epochs	1.0
2246.437000274658	0.09999999999990905	epochs	0.0
2246.437000274658	0.04500000000007276	epochs	1.0
2246.4820002746583	0.010005000000091968	epochs	1.0
2246.4920052746584	0.04499499999974432	epochs	1.0
2246.537000274658	61.38499499999989	epochs	0.0
2246.537000274658	0.5	epochs	-1.0
2246.537000274658	0.5	epochs	-1.0
2246.537000274658	0.5	epochs	1.0
2247.037000274658	0.05999999999994543	epochs	-1.0
2247.037000274658	0.02500000000009095	epochs	-1.0
2247.037000274658	0.02500000000009095	epochs	1.0
2247.062000274658	0.010000000000218279	epochs	-1.0
2247.062000274658	0.010000000000218279	epochs	1.0
2247.0720002746584	0.024999999999636202	epochs	-1.0
2247.0720002746584	0.024999999999636202	epochs	1.0
2247.097000274658	0.05999999999994543	epochs	-1.0
2247.097000274658	0.02500000000009095	epochs	-1.0
2247.097000274658	0.02500000000009095	epochs	1.0
2247.122000274658	0.010000000000218279	epochs	-1.0
2247.122000274658	0.010000000000218279	epochs	1.0
2247.1320002746584	0.024999999999636202	epochs	-1.0
2247.1320002746584	0.024999999999636202	epochs	1.0
2247.157000274658	0.06000000000040018	epochs	-1.0
2247.157000274658	0.02500000000009095	epochs	-1.0
2247.157000274658	0.02500000000009095	epochs	1.0
2247.182000274658	0.010000000000218279	epochs	-1.0
2247.182000274658	0.010000000000218279	epochs	1.0
2247.1920002746583	0.02500000000009095	epochs	-1.0
2247.1920002746583	0.02500000000009095	epochs	1.0
2247.2170002746584	60.0	epochs	1.0
2307.2170002746584	0.5	epochs	-1.0
2307.2170002746584	0.5	epochs	-1.0
2307.2170002746584	0.5	epochs	1.0
2307.7170002746584	0.05999999999994543	epochs	-1.0
2307.7170002746584	0.024999999999636202	epochs	-1.0
2307.7170002746584	0.024999999999636202	epochs	1.0
2307.742000274658	0.010000000000218279	epochs	-1.0
2307.742000274658	0.010000000000218279	epochs	1.0
2307.7520002746583	0.02500000000009095	epochs	-1.0
2307.7520002746583	0.02500000000009095	epochs	1.0
2307.7770002746583	0.05999999999994543	epochs	-1.0
2307.7770002746583	0.024999999999636202	epochs	-1.0
2307.7770002746583	0.024999999999636202	epochs	1.0
2307.802000274658	0.010000000000218279	epochs	-1.0
2307.802000274658	0.010000000000218279	epochs	1.0
2307.812000274658	0.02500000000009095	epochs	-1.0
2307.812000274658	0.02500000000009095	epochs	1.0
2307.8370002746583	0.05999999999994543	epochs	-1.0
2307.8370002746583	0.02500000000009095	epochs	-1.0
2307.8370002746583	0.02500000000009095	epochs	1.0
2307.8620002746584	0.009999999999763531	epochs	-1.0
2307.8620002746584	0.009999999999763531	epochs	1.0
2307.872000274658	0.02500000000009095	epochs	-1.0
2307.872000274658	0.02500000000009095	epochs	1.0
2307.8970002746582	0.024994999999762513	epochs	1.0
2388.834000110626	0.09999999999990905	epochs	0.0
2388.834000110626	0.04500000000007276	epochs	1.0
2388.8790001106263	0.010005000000091968	epochs	1.0
2388.8890051106264	0.04499499999974432	epochs	1.0
2388.934000110626	0.7049950000000536	epochs	0.0
2388.934000110626	0.5	epochs	-1.0
2388.934000110626	0.5	epochs	-1.0
2388.934000110626	0.5	epochs	1.0
2389.434000110626	0.05999999999994543	epochs	-1.0
2389.434000110626	0.02500000000009095	epochs	-1.0
2389.434000110626	0.02500000000009095	epochs	1.0
2389.459000110626	0.010000000000218279	epochs	-1.0
2389.459000110626	0.010000000000218279	epochs	1.0
2389.4690001106264	0.024999999999636202	epochs	-1.0
2389.4690001106264	0.024999999999636202	epochs	1.0
2389.494000110626	0.05999999999994543	epochs	-1.0
2389.494000110626	0.02500000000009095	epochs	-1.0
2389.494000110626	0.02500000000009095	epochs	1.0
2389.519000110626	0.010000000000218279	epochs	-1.0
2389.519000110626	0.010000000000218279	epochs	1.0
2389.5290001106264	0.024999999999636202	epochs	-1.0
2389.5290001106264	0.024999999999636202	epochs	1.0
2389.554000110626	0.06000000000040018	epochs	-1.0
2389.554000110626	0.02500000000009095	epochs	-1.0
2389.554000110626	0.02500000000009095	epochs	1.0
2389.579000110626	0.010000000000218279	epochs	-1.0
2389.579000110626	0.010000000000218279	epochs	1.0
2389.5890001106263	0.02500000000009095	epochs	-1.0
2389.5890001106263	0.02500000000009095	epochs	1.0
2389.6140001106264	0.024994999999762513	epochs	1.0
2423.53200006485	0.09999999999990905	epochs	0.0
2423.53200006485	0.04500000000007276	epochs	1.0
2423.57700006485	0.010019999999713036	epochs	1.0
2423.5870200648496	0.044980000000123255	epochs	1.0
2423.6320000648498	5.9999800000000505	epochs	0.0
2423.6320000648498	0.5	epochs	-1.0
2423.6320000648498	0.5	epochs	-1.0
2423.6320000648498	0.5	epochs	1.0
2424.1320000648498	5.0	epochs	1.0
2429.1320000648498	0.4999800000000505	epochs	-1.0
2429.1320000648498	0.4999800000000505	epochs	1.0
2432.081000328064	0.09999999999990905	epochs	0.0
2432.081000328064	0.04500000000007276	epochs	1.0
2432.126000328064	0.010019999999713036	epochs	1.0
2432.1360203280638	0.044980000000123255	epochs	1.0
2432.181000328064	3.4999800000000505	epochs	0.0
2432.181000328064	0.5	epochs	-1.0
2432.181000328064	0.5	epochs	1.0
2432.681000328064	1.0	epochs	1.0
2433.681000328064	1.9999800000000505	epochs	1.0
2434.181000328064	0.5	epochs	-1.0
2434.681000328064	0.5	epochs	-1.0
2436.4810004234314	0.09999999999990905	epochs	0.0
2436.4810004234314	0.04500000000007276	epochs	1.0
2436.5260004234315	0.010019999999713036	epochs	1.0
2436.536020423431	0.044980000000123255	epochs	1.0
2436.5810004234313	3.4999800000000505	epochs	0.0
2436.5810004234313	0.5	epochs	-1.0
2436.5810004234313	0.5	epochs	1.0
2437.0810004234313	1.0	epochs	1.0
2438.0810004234313	1.9999800000000505	epochs	1.0
2438.5810004234313	0.5	epochs	-1.0
2439.0810004234313	0.5	epochs	-1.0
2440.903000354767	0.09999999999990905	epochs	0.0
2440.903000354767	0.04500000000007276	epochs	1.0
2440.948000354767	0.010019999999713036	epochs	1.0
2440.9580203547666	0.044980000000123255	epochs	1.0
2441.0030003547668	0.5397400000001653	epochs	0.0
2441.0030003547668	0.5	epochs	-1.0
2441.0030003547668	0.5	epochs	1.0
2441.5030003547668	0.03974000000016531	epochs	1.0
2441.542740354767	2.960239999999885	epochs	0.0
2442.302999973297	0.09999999999990905	epochs	0.0
2442.302999973297	0.04500000000007276	epochs	1.0
2442.347999973297	0.010019999999713036	epochs	1.0
2442.358019973297	0.044980000000123255	epochs	1.0
2442.402999973297	2.520039999999881	epochs	0.0
2442.402999973297	0.5	epochs	-1.0
2442.402999973297	0.5	epochs	1.0
2442.902999973297	1.0	epochs	1.0
2443.902999973297	1.0200399999998808	epochs	1.0
2444.402999973297	0.5	epochs	-1.0
2444.923039973297	0.9799400000001697	epochs	0.0
2445.7530002593994	0.09999999999990905	epochs	0.0
2445.7530002593994	0.04500000000007276	epochs	1.0
2445.7980002593995	0.010019999999713036	epochs	1.0
2445.808020259399	0.044980000000123255	epochs	1.0
2445.8530002593993	2.5197800000000825	epochs	0.0
2445.8530002593993	0.5	epochs	-1.0
2445.8530002593993	0.5	epochs	1.0
2446.3530002593993	1.0	epochs	1.0
2447.3530002593993	1.0197800000000825	epochs	1.0
2447.8530002593993	0.5	epochs	-1.0
2448.3727802593994	0.980199999999968	epochs	0.0
2449.2290000915527	0.09999999999990905	epochs	0.0
2449.2290000915527	0.04500000000007276	epochs	1.0
2449.274000091553	0.010019999999713036	epochs	1.0
2449.2840200915525	0.044980000000123255	epochs	1.0
2449.3290000915526	0.5397400000001653	epochs	0.0
2449.3290000915526	0.5	epochs	-1.0
2449.3290000915526	0.5	epochs	1.0
2449.8290000915526	0.03974000000016531	epochs	1.0
2449.868740091553	2.960239999999885	epochs	0.0
2450.696000099182	0.09999999999990905	epochs	0.0
2450.696000099182	0.04500000000007276	epochs	1.0
2450.741000099182	0.010019999999713036	epochs	1.0
2450.751020099182	0.044980000000123255	epochs	1.0
2450.796000099182	2.5604600000001483	epochs	0.0
2450.796000099182	0.5	epochs	-1.0
2450.796000099182	0.5	epochs	1.0
2451.296000099182	1.0	epochs	1.0
2452.296000099182	1.0604600000001483	epochs	1.0
2452.796000099182	0.5	epochs	-1.0
2453.356460099182	0.9395199999999022	epochs	0.0
2454.2130002975464	0.09999999999990905	epochs	0.0
2454.2130002975464	0.04500000000007276	epochs	1.0
2454.2580002975465	0.010019999999713036	epochs	1.0
2454.268020297546	0.044980000000123255	epochs	1.0
2454.3130002975463	0.5003799999999501	epochs	0.0
2454.3130002975463	0.5	epochs	-1.0
2454.3130002975463	0.5	epochs	1.0
2454.8130002975463	0.00037999999995008693	epochs	1.0
2454.8133802975462	2.9996000000001004	epochs	0.0
2455.7130002975464	0.09999999999990905	epochs	0.0
2455.7130002975464	0.04500000000007276	epochs	1.0
2455.7580002975465	0.010019999999713036	epochs	1.0
2455.768020297546	0.044980000000123255	epochs	1.0
2455.8130002975463	2.5605399999999463	epochs	0.0
2455.8130002975463	0.5	epochs	-1.0
2455.8130002975463	0.5	epochs	1.0
2456.3130002975463	1.0	epochs	1.0
2457.3130002975463	1.0605399999999463	epochs	1.0
2457.8130002975463	0.5	epochs	-1.0
2458.3735402975462	0.9394400000001042	epochs	0.0
2459.3280000686646	0.09999999999990905	epochs	0.0
2459.3280000686646	0.04500000000007276	epochs	1.0
2459.3730000686646	0.010019999999713036	epochs	1.0
2459.3830200686643	0.044980000000123255	epochs	1.0
2459.4280000686645	3.020440000000235	epochs	0.0
2459.4280000686645	0.5	epochs	-1.0
2459.4280000686645	0.5	epochs	1.0
2459.9280000686645	1.0	epochs	1.0
2460.9280000686645	1.5204400000002352	epochs	1.0
2461.4280000686645	0.5	epochs	-1.0
2461.9280000686645	0.5	epochs	-1.0
2462.4484400686647	0.47953999999981534	epochs	0.0
2463.5110001564026	0.15297999999984313	epochs	0.0
2463.5110001564026	0.0500000000001819	epochs	1.0
2463.5610001564028	0.0029999999997016857	epochs	1.0
2463.5640001564025	0.09997999999995955	epochs	1.0
2464.794000148773	0.15297999999984313	epochs	0.0
2464.794000148773	0.0500000000001819	epochs	1.0
2464.8440001487734	0.0029999999997016857	epochs	1.0
2464.847000148773	0.09997999999995955	epochs	1.0
2465.9440002441406	0.15297999999984313	epochs	0.0
2465.9440002441406	0.0500000000001819	epochs	1.0
2465.994000244141	0.0029999999997016857	epochs	1.0
2465.9970002441405	0.09997999999995955	epochs	1.0
2467.111000061035	0.15297999999984313	epochs	0.0
2467.111000061035	0.0500000000001819	epochs	1.0
2467.1610000610353	0.0029999999997016857	epochs	1.0
2467.164000061035	0.09997999999995955	epochs	1.0
2468.3280000686646	0.15297999999984313	epochs	0.0
2468.3280000686646	0.0500000000001819	epochs	1.0
2468.3780000686647	0.0029999999997016857	epochs	1.0
2468.3810000686644	0.09997999999995955	epochs	1.0
2469.5060000419617	0.15297999999984313	epochs	0.0
2469.5060000419617	0.0500000000001819	epochs	1.0
2469.556000041962	0.0029999999997016857	epochs	1.0
2469.5590000419616	0.09997999999995955	epochs	1.0
2470.706000328064	0.15297999999984313	epochs	0.0
2470.706000328064	0.0500000000001819	epochs	1.0
2470.756000328064	0.0029999999997016857	epochs	1.0
2470.759000328064	0.09997999999995955	epochs	1.0
2471.9720001220703	0.15297999999984313	epochs	0.0
2471.9720001220703	0.0500000000001819	epochs	1.0
2472.0220001220705	0.0029999999997016857	epochs	1.0
2472.02500012207	0.09997999999995955	epochs	1.0
2473.206000328064	0.15297999999984313	epochs	0.0
2473.206000328064	0.0500000000001819	epochs	1.0
2473.256000328064	0.0029999999997016857	epochs	1.0
2473.259000328064	0.09997999999995955	epochs	1.0
2474.589000225067	0.09999999999990905	epochs	0.0
2474.589000225067	0.04500000000007276	epochs	1.0
2474.634000225067	0.010019999999713036	epochs	1.0
2474.644020225067	0.044980000000123255	epochs	1.0
2474.689000225067	1.5599999999999454	epochs	0.0
2474.689000225067	0.5	epochs	-1.0
2474.689000225067	0.5	epochs	1.0
2475.189000225067	0.003000000000156433	epochs	1.0
2475.192000225067	1.056999999999789	epochs	1.0
2475.692000225067	0.5	epochs	-1.0
2476.249000225067	0.04298000000017055	epochs	0.0
2477.4890003204346	0.09999999999990905	epochs	0.0
2477.4890003204346	0.04500000000007276	epochs	1.0
2477.5340003204346	0.010019999999713036	epochs	1.0
2477.5440203204344	0.044980000000123255	epochs	1.0
2477.5890003204345	0.5005799999998999	epochs	0.0
2477.5890003204345	0.5	epochs	-1.0
2477.5890003204345	0.5	epochs	1.0
2478.0890003204345	0.0005799999998998828	epochs	1.0
2478.0895803204344	1.102400000000216	epochs	0.0
2479.6370000839233	0.09999999999990905	epochs	0.0
2479.6370000839233	0.04500000000007276	epochs	1.0
2479.6820000839234	0.010019999999713036	epochs	1.0
2479.692020083923	0.044980000000123255	epochs	1.0
2479.7370000839232	0.5005000000001019	epochs	0.0
2479.7370000839232	0.5	epochs	-1.0
2479.7370000839232	0.5	epochs	1.0
2480.2370000839232	0.0005000000001018634	epochs	1.0
2480.2375000839234	1.1024800000000141	epochs	0.0
2481.7699999809265	0.09999999999990905	epochs	0.0
2481.7699999809265	0.04500000000007276	epochs	1.0
2481.8149999809266	0.010019999999713036	epochs	1.0
2481.8250199809263	0.044980000000123255	epochs	1.0
2481.8699999809264	1.5597600000000966	epochs	0.0
2481.8699999809264	0.5	epochs	-1.0
2481.8699999809264	0.5	epochs	1.0
2482.3699999809264	0.003000000000156433	epochs	1.0
2482.3729999809266	1.0567599999999402	epochs	1.0
2482.8729999809266	0.5	epochs	-1.0
2483.4297599809265	0.043220000000019354	epochs	0.0
2484.5370001792908	0.09999999999990905	epochs	0.0
2484.5370001792908	0.04500000000007276	epochs	1.0
2484.582000179291	0.010019999999713036	epochs	1.0
2484.5920201792906	0.044980000000123255	epochs	1.0
2484.6370001792907	0.5397400000001653	epochs	0.0
2484.6370001792907	0.5	epochs	-1.0
2484.6370001792907	0.5	epochs	1.0
2485.1370001792907	0.003000000000156433	epochs	1.0
2485.140000179291	0.03674000000000888	epochs	1.0
2485.176740179291	1.0632399999999507	epochs	0.0
2497.821000099182	0.09999999999990905	epochs	0.0
2497.821000099182	0.04500000000007276	epochs	1.0
2497.866000099182	0.010019999999713036	epochs	1.0
2497.876020099182	0.044980000000123255	epochs	1.0
2497.921000099182	0.5004800000001524	epochs	0.0
2497.921000099182	0.5	epochs	-1.0
2497.921000099182	0.5	epochs	1.0
2498.421000099182	0.00048000000015235855	epochs	1.0
2498.421480099182	1.1024999999999636	epochs	0.0
2499.982000350952	0.09999999999990905	epochs	0.0
2499.982000350952	0.04500000000007276	epochs	1.0
2500.027000350952	0.010019999999713036	epochs	1.0
2500.037020350952	0.044980000000123255	epochs	1.0
2500.082000350952	0.5005000000001019	epochs	0.0
2500.082000350952	0.5	epochs	-1.0
2500.082000350952	0.5	epochs	1.0
2500.582000350952	0.0005000000001018634	epochs	1.0
2500.582500350952	1.1024800000000141	epochs	0.0
2502.0820002555847	0.09999999999990905	epochs	0.0
2502.0820002555847	0.04500000000007276	epochs	1.0
2502.127000255585	0.010019999999713036	epochs	1.0
2502.1370202555845	0.044980000000123255	epochs	1.0
2502.1820002555846	1.5597800000000461	epochs	0.0
2502.1820002555846	0.5	epochs	-1.0
2502.1820002555846	0.5	epochs	1.0
2502.6820002555846	0.003000000000156433	epochs	1.0
2502.685000255585	1.0567799999998897	epochs	1.0
2503.185000255585	0.5	epochs	-1.0
2503.7417802555847	0.04320000000006985	epochs	0.0
2504.9660000801086	0.09999999999990905	epochs	0.0
2504.9660000801086	0.04500000000007276	epochs	1.0
2505.0110000801087	0.010019999999713036	epochs	1.0
2505.0210200801084	0.044980000000123255	epochs	1.0
2505.0660000801086	0.5003000000001521	epochs	0.0
2505.0660000801086	0.5	epochs	-1.0
2505.0660000801086	0.5	epochs	1.0
2505.5660000801086	0.0003000000001520675	epochs	1.0
2505.5663000801087	1.102679999999964	epochs	0.0
2507.1319999694824	0.09999999999990905	epochs	0.0
2507.1319999694824	0.04500000000007276	epochs	1.0
2507.1769999694825	0.010019999999713036	epochs	1.0
2507.187019969482	0.044980000000123255	epochs	1.0
2507.2319999694823	0.5002600000002531	epochs	0.0
2507.2319999694823	0.5	epochs	-1.0
2507.2319999694823	0.5	epochs	1.0
2507.7319999694823	0.0002600000002530578	epochs	1.0
2507.7322599694826	1.102719999999863	epochs	0.0
2536.3990001678467	0.6499800000001414	epochs	0.0
2536.3990001678467	0.0500000000001819	epochs	1.0
2536.449000167847	0.5	epochs	1.0
2536.949000167847	0.09997999999995955	epochs	1.0
2538.348999977112	0.6499800000001414	epochs	0.0
2538.348999977112	0.0500000000001819	epochs	1.0
2538.398999977112	0.5	epochs	1.0
2538.898999977112	0.09997999999995955	epochs	1.0
2540.299000263214	0.6499800000001414	epochs	0.0
2540.299000263214	0.0500000000001819	epochs	1.0
2540.3490002632143	0.5	epochs	1.0
2540.8490002632143	0.09997999999995955	epochs	1.0
2542.348999977112	0.09999999999990905	epochs	0.0
2542.348999977112	0.04500000000007276	epochs	1.0
2542.393999977112	0.010019999999713036	epochs	1.0
2542.4040199771116	0.044980000000123255	epochs	1.0
2542.4489999771117	0.5004800000001524	epochs	0.0
2542.4489999771117	0.5	epochs	-1.0
2542.4489999771117	0.5	epochs	1.0
2542.9489999771117	0.00048000000015235855	epochs	1.0
2542.949479977112	4.999499999999898	epochs	0.0
2547.482000350952	0.09999999999990905	epochs	0.0
2547.482000350952	0.04500000000007276	epochs	1.0
2547.527000350952	0.010019999999713036	epochs	1.0
2547.537020350952	0.044980000000123255	epochs	1.0
2547.582000350952	2.5199000000002343	epochs	0.0
2547.582000350952	0.5	epochs	-1.0
2547.582000350952	0.5	epochs	1.0
2548.082000350952	1.0	epochs	1.0
2549.082000350952	1.0199000000002343	epochs	1.0
2549.582000350952	0.5	epochs	-1.0
2550.1019003509523	2.980079999999816	epochs	0.0
2552.6640000343323	0.09999999999990905	epochs	0.0
2552.6640000343323	0.04500000000007276	epochs	1.0
2552.7090000343323	0.010019999999713036	epochs	1.0
2552.719020034332	0.044980000000123255	epochs	1.0
2552.764000034332	2.5002800000002026	epochs	0.0
2552.764000034332	0.5	epochs	-1.0
2552.764000034332	0.5	epochs	1.0
2553.264000034332	1.0	epochs	1.0
2554.264000034332	1.0002800000002026	epochs	1.0
2554.764000034332	0.5	epochs	-1.0
2555.2642800343324	2.999699999999848	epochs	0.0
2557.831000328064	0.09999999999990905	epochs	0.0
2557.831000328064	0.04500000000007276	epochs	1.0
2557.876000328064	0.010019999999713036	epochs	1.0
2557.8860203280638	0.044980000000123255	epochs	1.0
2557.931000328064	2.5196799999998802	epochs	0.0
2557.931000328064	0.5	epochs	-1.0
2557.931000328064	0.5	epochs	1.0
2558.431000328064	1.0	epochs	1.0
2559.431000328064	1.0196799999998802	epochs	1.0
2559.931000328064	0.5	epochs	-1.0
2560.4506803280638	2.9803000000001703	epochs	0.0
2562.9750003814697	0.09999999999990905	epochs	0.0
2562.9750003814697	0.04500000000007276	epochs	1.0
2563.02000038147	0.010019999999713036	epochs	1.0
2563.0300203814695	0.044980000000123255	epochs	1.0
2563.0750003814696	0.5406600000001163	epochs	0.0
2563.0750003814696	0.5	epochs	-1.0
2563.0750003814696	0.5	epochs	1.0
2563.5750003814696	0.04066000000011627	epochs	1.0
2563.6156603814698	4.959319999999934	epochs	0.0
2568.0750002861023	0.09999999999990905	epochs	0.0
2568.0750002861023	0.04500000000007276	epochs	1.0
2568.1200002861024	0.010019999999713036	epochs	1.0
2568.130020286102	0.044980000000123255	epochs	1.0
2568.175000286102	2.5595400000001973	epochs	0.0
2568.175000286102	0.5	epochs	-1.0
2568.175000286102	0.5	epochs	1.0
2568.675000286102	1.0	epochs	1.0
2569.675000286102	1.0595400000001973	epochs	1.0
2570.175000286102	0.5	epochs	-1.0
2570.7345402861024	2.940439999999853	epochs	0.0
2573.2840003967285	0.09999999999990905	epochs	0.0
2573.2840003967285	0.04500000000007276	epochs	1.0
2573.3290003967286	0.010019999999713036	epochs	1.0
2573.3390203967283	0.044980000000123255	epochs	1.0
2573.3840003967284	2.500420000000304	epochs	0.0
2573.3840003967284	0.5	epochs	-1.0
2573.3840003967284	0.5	epochs	1.0
2573.8840003967284	1.0	epochs	1.0
2574.8840003967284	1.0004200000003038	epochs	1.0
2575.3840003967284	0.5	epochs	-1.0
2575.8844203967287	2.9995599999997467	epochs	0.0
2578.518000125885	0.09999999999990905	epochs	0.0
2578.518000125885	0.04500000000007276	epochs	1.0
2578.563000125885	0.010019999999713036	epochs	1.0
2578.573020125885	0.044980000000123255	epochs	1.0
2578.618000125885	2.519720000000234	epochs	0.0
2578.618000125885	0.5	epochs	-1.0
2578.618000125885	0.5	epochs	1.0
2579.118000125885	1.0	epochs	1.0
2580.118000125885	1.019720000000234	epochs	1.0
2580.618000125885	0.5	epochs	-1.0
2581.137720125885	2.9802599999998165	epochs	0.0
2583.7569999694824	0.09999999999990905	epochs	0.0
2583.7569999694824	0.04500000000007276	epochs	1.0
2583.8019999694825	0.010019999999713036	epochs	1.0
2583.812019969482	0.044980000000123255	epochs	1.0
2583.8569999694823	2.500500000000102	epochs	0.0
2583.8569999694823	0.5	epochs	-1.0
2583.8569999694823	0.5	epochs	1.0
2584.3569999694823	1.0	epochs	1.0
2585.3569999694823	1.0005000000001019	epochs	1.0
2585.8569999694823	0.5	epochs	-1.0
2586.3574999694824	2.9994799999999486	epochs	0.0
2588.924000263214	0.09999999999990905	epochs	0.0
2588.924000263214	0.04500000000007276	epochs	1.0
2588.969000263214	0.010019999999713036	epochs	1.0
2588.979020263214	0.044980000000123255	epochs	1.0
2589.024000263214	2.5199400000001333	epochs	0.0
2589.024000263214	0.5	epochs	-1.0
2589.024000263214	0.5	epochs	1.0
2589.524000263214	1.0	epochs	1.0
2590.524000263214	1.0199400000001333	epochs	1.0
2591.024000263214	0.5	epochs	-1.0
2591.543940263214	2.980039999999917	epochs	0.0
2602.934000015259	0.6499800000001414	epochs	0.0
2602.934000015259	0.0500000000001819	epochs	1.0
2602.984000015259	0.5	epochs	1.0
2603.484000015259	0.09997999999995955	epochs	1.0
2605.3010001182556	0.6499800000001414	epochs	0.0
2605.3010001182556	0.0500000000001819	epochs	1.0
2605.351000118256	0.5	epochs	1.0
2605.851000118256	0.09997999999995955	epochs	1.0
2607.6670002937317	0.6499800000001414	epochs	0.0
2607.6670002937317	0.0500000000001819	epochs	1.0
2607.717000293732	0.5	epochs	1.0
2608.217000293732	0.09997999999995955	epochs	1.0
2610.0340003967285	0.6499800000001414	epochs	0.0
2610.0340003967285	0.0500000000001819	epochs	1.0
2610.0840003967287	0.5	epochs	1.0
2610.5840003967287	0.09997999999995955	epochs	1.0
2612.5060000419617	0.09999999999990905	epochs	0.0
2612.5060000419617	0.04500000000007276	epochs	1.0
2612.5510000419617	0.010019999999713036	epochs	1.0
2612.5610200419615	0.044980000000123255	epochs	1.0
2612.6060000419616	2.5001400000001013	epochs	0.0
2612.6060000419616	0.5	epochs	-1.0
2612.6060000419616	0.5	epochs	1.0
2613.1060000419616	1.0	epochs	1.0
2614.1060000419616	1.0001400000001013	epochs	1.0
2614.6060000419616	0.5	epochs	-1.0
2615.1061400419617	2.999839999999949	epochs	0.0
2617.723000049591	0.09999999999990905	epochs	0.0
2617.723000049591	0.04500000000007276	epochs	1.0
2617.768000049591	0.010019999999713036	epochs	1.0
2617.778020049591	0.044980000000123255	epochs	1.0
2617.823000049591	2.500160000000051	epochs	0.0
2617.823000049591	0.5	epochs	-1.0
2617.823000049591	0.5	epochs	1.0
2618.323000049591	1.0	epochs	1.0
2619.323000049591	1.0001600000000508	epochs	1.0
2619.823000049591	0.5	epochs	-1.0
2620.323160049591	2.9998199999999997	epochs	0.0
2622.835000038147	0.09999999999990905	epochs	0.0
2622.835000038147	0.04500000000007276	epochs	1.0
2622.880000038147	0.010019999999713036	epochs	1.0
2622.8900200381468	0.044980000000123255	epochs	1.0
2622.935000038147	2.5599200000001474	epochs	0.0
2622.935000038147	0.5	epochs	-1.0
2622.935000038147	0.5	epochs	1.0
2623.435000038147	1.0	epochs	1.0
2624.435000038147	1.0599200000001474	epochs	1.0
2624.935000038147	0.5	epochs	-1.0
2625.494920038147	2.940059999999903	epochs	0.0
2628.0520000457764	0.09999999999990905	epochs	0.0
2628.0520000457764	0.04500000000007276	epochs	1.0
2628.0970000457764	0.010019999999713036	epochs	1.0
2628.107020045776	0.044980000000123255	epochs	1.0
2628.1520000457763	2.5005200000000514	epochs	0.0
2628.1520000457763	0.5	epochs	-1.0
2628.1520000457763	0.5	epochs	1.0
2628.6520000457763	1.0	epochs	1.0
2629.6520000457763	1.0005200000000514	epochs	1.0
2630.1520000457763	0.5	epochs	-1.0
2630.6525200457763	2.999459999999999	epochs	0.0
2633.2109999656677	0.09999999999990905	epochs	0.0
2633.2109999656677	0.04500000000007276	epochs	1.0
2633.255999965668	0.010019999999713036	epochs	1.0
2633.2660199656675	0.044980000000123255	epochs	1.0
2633.3109999656676	2.5596599999998944	epochs	0.0
2633.3109999656676	0.5	epochs	-1.0
2633.3109999656676	0.5	epochs	1.0
2633.8109999656676	1.0	epochs	1.0
2634.8109999656676	1.0596599999998944	epochs	1.0
2635.3109999656676	0.5	epochs	-1.0
2635.8706599656675	2.940320000000156	epochs	0.0
2638.3110003471375	0.09999999999990905	epochs	0.0
2638.3110003471375	0.04500000000007276	epochs	1.0
2638.3560003471375	0.010019999999713036	epochs	1.0
2638.3660203471372	0.044980000000123255	epochs	1.0
2638.4110003471374	0.5399800000000141	epochs	0.0
2638.4110003471374	0.5	epochs	-1.0
2638.4110003471374	0.5	epochs	1.0
2638.9110003471374	0.039980000000014115	epochs	1.0
2638.9509803471374	4.960000000000036	epochs	0.0
2658.3920001983643	0.09999999999990905	epochs	0.0
2658.3920001983643	0.04500000000007276	epochs	1.0
2658.4370001983643	0.010019999999713036	epochs	1.0
2658.447020198364	0.044980000000123255	epochs	1.0
2658.492000198364	2.5001400000001013	epochs	0.0
2658.492000198364	0.5	epochs	-1.0
2658.492000198364	0.5	epochs	1.0
2658.992000198364	1.0	epochs	1.0
2659.992000198364	1.0001400000001013	epochs	1.0
2660.492000198364	0.5	epochs	-1.0
2660.9921401983643	2.999839999999949	epochs	0.0
2663.5470004081726	0.09999999999990905	epochs	0.0
2663.5470004081726	0.04500000000007276	epochs	1.0
2663.5920004081727	0.010019999999713036	epochs	1.0
2663.6020204081724	0.044980000000123255	epochs	1.0
2663.6470004081725	2.5201600000000326	epochs	0.0
2663.6470004081725	0.5	epochs	-1.0
2663.6470004081725	0.5	epochs	1.0
2664.1470004081725	1.0	epochs	1.0
2665.1470004081725	1.0201600000000326	epochs	1.0
2665.6470004081725	0.5	epochs	-1.0
2666.1671604081725	2.979820000000018	epochs	0.0
2668.7130002975464	0.09999999999990905	epochs	0.0
2668.7130002975464	0.04500000000007276	epochs	1.0
2668.7580002975465	0.010019999999713036	epochs	1.0
2668.768020297546	0.044980000000123255	epochs	1.0
2668.8130002975463	2.520039999999881	epochs	0.0
2668.8130002975463	0.5	epochs	-1.0
2668.8130002975463	0.5	epochs	1.0
2669.3130002975463	1.0	epochs	1.0
2670.3130002975463	1.0200399999998808	epochs	1.0
2670.8130002975463	0.5	epochs	-1.0
2671.333040297546	2.9799400000001697	epochs	0.0
2673.8460001945496	0.09999999999990905	epochs	0.0
2673.8460001945496	0.04500000000007276	epochs	1.0
2673.8910001945496	0.010019999999713036	epochs	1.0
2673.9010201945493	0.044980000000123255	epochs	1.0
2673.9460001945495	2.5001800000000003	epochs	0.0
2673.9460001945495	0.5	epochs	-1.0
2673.9460001945495	0.5	epochs	1.0
2674.4460001945495	1.0	epochs	1.0
2675.4460001945495	1.0001800000000003	epochs	1.0
2675.9460001945495	0.5	epochs	-1.0
2676.4461801945495	3.99980000000005	epochs	0.0
2678.5960001945496	0.09999999999990905	epochs	0.0
2678.5960001945496	0.04500000000007276	epochs	1.0
2678.6410001945496	0.010019999999713036	epochs	1.0
2678.6510201945493	0.044980000000123255	epochs	1.0
2678.6960001945495	2.5195800000001327	epochs	0.0
2678.6960001945495	0.5	epochs	-1.0
2678.6960001945495	0.5	epochs	1.0
2679.1960001945495	1.0	epochs	1.0
2680.1960001945495	1.0195800000001327	epochs	1.0
2680.6960001945495	0.5	epochs	-1.0
2681.2155801945496	3.980399999999918	epochs	0.0
2683.305000305176	0.09999999999990905	epochs	0.0
2683.305000305176	0.04500000000007276	epochs	1.0
2683.350000305176	0.010019999999713036	epochs	1.0
2683.3600203051756	0.044980000000123255	epochs	1.0
2683.4050003051757	2.5596599999998944	epochs	0.0
2683.4050003051757	0.5	epochs	-1.0
2683.4050003051757	0.5	epochs	1.0
2683.9050003051757	1.0	epochs	1.0
2684.9050003051757	1.0596599999998944	epochs	1.0
2685.4050003051757	0.5	epochs	-1.0
2685.9646603051756	3.940320000000156	epochs	0.0
2688.1220002174377	0.09999999999990905	epochs	0.0
2688.1220002174377	0.04500000000007276	epochs	1.0
2688.167000217438	0.010019999999713036	epochs	1.0
2688.1770202174375	0.044980000000123255	epochs	1.0
2688.2220002174377	2.500500000000102	epochs	0.0
2688.2220002174377	0.5	epochs	-1.0
2688.2220002174377	0.5	epochs	1.0
2688.7220002174377	1.0	epochs	1.0
2689.7220002174377	1.0005000000001019	epochs	1.0
2690.2220002174377	0.5	epochs	-1.0
2690.7225002174378	3.9994799999999486	epochs	0.0
2694.192000389099	0.09999999999990905	epochs	0.0
2694.192000389099	0.04500000000007276	epochs	1.0
2694.237000389099	0.010019999999713036	epochs	1.0
2694.247020389099	0.044980000000123255	epochs	1.0
2694.292000389099	0.5396200000000135	epochs	0.0
2694.292000389099	0.5	epochs	-1.0
2694.292000389099	0.5	epochs	1.0
2694.792000389099	0.03962000000001353	epochs	1.0
2694.831620389099	9.960360000000037	epochs	0.0
2724.308000087738	0.09999999999990905	epochs	0.0
2724.308000087738	0.04500000000007276	epochs	1.0
2724.353000087738	0.010019999999713036	epochs	1.0
2724.363020087738	0.044980000000123255	epochs	1.0
2724.408000087738	2.500420000000304	epochs	0.0
2724.408000087738	0.5	epochs	-1.0
2724.408000087738	0.5	epochs	1.0
2724.908000087738	1.0	epochs	1.0
2725.908000087738	1.0004200000003038	epochs	1.0
2726.408000087738	0.5	epochs	-1.0
2726.9084200877383	7.999559999999747	epochs	0.0
2739.434000015259	0.09999999999990905	epochs	0.0
2739.434000015259	0.04500000000007276	epochs	1.0
2739.479000015259	0.010019999999713036	epochs	1.0
2739.4890200152586	0.044980000000123255	epochs	1.0
2739.5340000152587	2.500420000000304	epochs	0.0
2739.5340000152587	0.5	epochs	-1.0
2739.5340000152587	0.5	epochs	1.0
2740.0340000152587	1.0	epochs	1.0
2741.0340000152587	1.0004200000003038	epochs	1.0
2741.5340000152587	0.5	epochs	-1.0
2742.034420015259	7.999559999999747	epochs	0.0
2754.6150002479553	0.09999999999990905	epochs	0.0
2754.6150002479553	0.04500000000007276	epochs	1.0
2754.6600002479554	0.010019999999713036	epochs	1.0
2754.670020247955	0.044980000000123255	epochs	1.0
2754.7150002479552	2.5603000000000975	epochs	0.0
2754.7150002479552	0.5	epochs	-1.0
2754.7150002479552	0.5	epochs	1.0
2755.2150002479552	1.0	epochs	1.0
2756.2150002479552	1.0603000000000975	epochs	1.0
2756.7150002479552	0.5	epochs	-1.0
2757.2753002479553	7.939679999999953	epochs	0.0
2769.7710003852844	0.09999999999990905	epochs	0.0
2769.7710003852844	0.04500000000007276	epochs	1.0
2769.8160003852845	0.010019999999713036	epochs	1.0
2769.826020385284	0.044980000000123255	epochs	1.0
2769.8710003852843	2.560040000000299	epochs	0.0
2769.8710003852843	0.5	epochs	-1.0
2769.8710003852843	0.5	epochs	1.0
2770.3710003852843	1.0	epochs	1.0
2771.3710003852843	1.0600400000002992	epochs	1.0
2771.8710003852843	0.5	epochs	-1.0
2772.4310403852846	7.939939999999751	epochs	0.0
2784.9180002212524	0.09999999999990905	epochs	0.0
2784.9180002212524	0.04500000000007276	epochs	1.0
2784.9630002212525	0.010019999999713036	epochs	1.0
2784.973020221252	0.044980000000123255	epochs	1.0
2785.0180002212524	2.500039999999899	epochs	0.0
2785.0180002212524	0.5	epochs	-1.0
2785.0180002212524	0.5	epochs	1.0
2785.5180002212524	1.0	epochs	1.0
2786.5180002212524	1.000039999999899	epochs	1.0
2787.0180002212524	0.5	epochs	-1.0
2787.5180402212522	7.9999400000001515	epochs	0.0
2800.1000003814697	0.09999999999990905	epochs	0.0
2800.1000003814697	0.04500000000007276	epochs	1.0
2800.14500038147	0.010019999999713036	epochs	1.0
2800.1550203814695	0.044980000000123255	epochs	1.0
2800.2000003814696	2.520559999999932	epochs	0.0
2800.2000003814696	0.5	epochs	-1.0
2800.2000003814696	0.5	epochs	1.0
2800.7000003814696	1.0	epochs	1.0
2801.7000003814696	1.0205599999999322	epochs	1.0
2802.2000003814696	0.5	epochs	-1.0
2802.7205603814696	7.979420000000118	epochs	0.0
2815.2790002822876	0.09999999999990905	epochs	0.0
2815.2790002822876	0.04500000000007276	epochs	1.0
2815.3240002822877	0.010019999999713036	epochs	1.0
2815.3340202822874	0.044980000000123255	epochs	1.0
2815.3790002822875	5.820780000000013	epochs	0.0
2815.3790002822875	0.5	epochs	-1.0
2815.3790002822875	0.5	epochs	1.0
2815.8790002822875	5.320780000000013	epochs	1.0
2820.1995402822877	1.0002399999998488	epochs	-1.0
2820.1995402822877	0.039839999999912834	epochs	-1.0
2820.6970402822876	0.5	epochs	-1.0
2821.1997802822875	13.679200000000037	epochs	0.0
2824.3150000572205	0.09999999999990905	epochs	0.0
2824.3150000572205	0.04500000000007276	epochs	1.0
2824.3600000572205	0.010019999999713036	epochs	1.0
2824.3700200572202	0.044980000000123255	epochs	1.0
2824.4150000572204	5.820140000000265	epochs	0.0
2824.4150000572204	0.5	epochs	-1.0
2824.4150000572204	0.5	epochs	1.0
2824.9150000572204	5.320140000000265	epochs	1.0
2829.2350600572204	1.0000800000002528	epochs	-1.0
2829.2350600572204	0.03956000000016502	epochs	-1.0
2829.7325600572203	0.5	epochs	-1.0
2830.2351400572206	13.679839999999786	epochs	0.0
2833.0030002593994	0.09999999999990905	epochs	0.0
2833.0030002593994	0.04500000000007276	epochs	1.0
2833.0480002593995	0.010019999999713036	epochs	1.0
2833.058020259399	0.044980000000123255	epochs	1.0
2833.1030002593993	7.2202800000000025	epochs	0.0
2833.1030002593993	0.5	epochs	-1.0
2833.1030002593993	0.5	epochs	1.0
2833.6030002593993	6.7202800000000025	epochs	1.0
2837.8230202593995	2.5002599999997983	epochs	-1.0
2837.8230202593995	0.03965999999991254	epochs	-1.0
2838.3205202593995	0.5	epochs	-1.0
2838.8205202593995	0.5	epochs	-1.0
2839.3205202593995	0.5	epochs	-1.0
2839.8205202593995	0.5	epochs	-1.0
2840.3232802593993	12.279700000000048	epochs	0.0
2843.571000099182	0.09999999999990905	epochs	0.0
2843.571000099182	0.04500000000007276	epochs	1.0
2843.616000099182	0.010019999999713036	epochs	1.0
2843.626020099182	0.044980000000123255	epochs	1.0
2843.671000099182	0.5005000000001019	epochs	0.0
2843.671000099182	0.5	epochs	-1.0
2843.671000099182	0.5	epochs	1.0
2844.171000099182	0.0005000000001018634	epochs	1.0
2844.171500099182	18.99947999999995	epochs	0.0
2872.7300000190735	0.09999999999990905	epochs	0.0
2872.7300000190735	0.04500000000007276	epochs	1.0
2872.7750000190736	0.010019999999713036	epochs	1.0
2872.7850200190733	0.044980000000123255	epochs	1.0
2872.8300000190734	7.679300000000239	epochs	0.0
2872.8300000190734	0.5	epochs	-1.0
2872.8300000190734	0.5	epochs	1.0
2873.3300000190734	7.179300000000239	epochs	1.0
2879.5095800190734	0.9997200000002522	epochs	-1.0
2879.5095800190734	0.04032000000006519	epochs	-1.0
2880.0062400190736	0.5	epochs	-1.0
2880.5093000190736	11.820679999999811	epochs	0.0
2883.5510001182556	0.09999999999990905	epochs	0.0
2883.5510001182556	0.04500000000007276	epochs	1.0
2883.5960001182557	0.010019999999713036	epochs	1.0
2883.6060201182554	0.044980000000123255	epochs	1.0
2883.6510001182555	11.420280000000275	epochs	0.0
2883.6510001182555	0.5	epochs	-1.0
2883.6510001182555	0.5	epochs	1.0
2884.1510001182555	10.920280000000275	epochs	1.0
2892.5514801182558	2.519800000000032	epochs	-1.0
2892.5514801182558	0.03955999999971027	epochs	-1.0
2893.0464801182557	0.5	epochs	-1.0
2893.5464801182557	0.5	epochs	-1.0
2894.0464801182557	0.5	epochs	-1.0
2894.5464801182557	0.5	epochs	-1.0
2895.071280118256	8.079699999999775	epochs	0.0
2898.139000415802	0.09999999999990905	epochs	0.0
2898.139000415802	0.04500000000007276	epochs	1.0
2898.184000415802	0.010019999999713036	epochs	1.0
2898.194020415802	0.044980000000123255	epochs	1.0
2898.239000415802	19.49998000000005	epochs	0.0
2898.239000415802	0.5	epochs	-1.0
2898.239000415802	0.5	epochs	1.0
2898.739000415802	16.0	epochs	1.0
2913.879180415802	3.8598000000001775	epochs	-1.0
2913.879180415802	0.039680000000316795	epochs	-1.0
2914.369180415802	0.5	epochs	-1.0
2914.739000415802	2.9999800000000505	epochs	1.0
2914.869180415802	0.5	epochs	-1.0
2915.369180415802	0.5	epochs	-1.0
2915.869180415802	0.5	epochs	-1.0
2916.369180415802	0.5	epochs	-1.0
2916.869180415802	0.5	epochs	-1.0
2920.861999988556	0.09999999999990905	epochs	0.0
2920.861999988556	0.04500000000007276	epochs	1.0
2920.906999988556	0.010019999999713036	epochs	1.0
2920.9170199885557	0.044980000000123255	epochs	1.0
2920.961999988556	19.49998000000005	epochs	0.0
2920.961999988556	0.5	epochs	-1.0
2920.961999988556	0.5	epochs	1.0
2921.461999988556	16.0	epochs	1.0
2936.1421599885557	4.319820000000163	epochs	-1.0
2936.1421599885557	0.03978000000006432	epochs	-1.0
2936.632159988556	0.5	epochs	-1.0
2937.132159988556	0.5	epochs	-1.0
2937.461999988556	2.9999800000000505	epochs	1.0
2937.632159988556	0.5	epochs	-1.0
2938.132159988556	0.5	epochs	-1.0
2938.632159988556	0.5	epochs	-1.0
2939.132159988556	0.5	epochs	-1.0
2939.632159988556	0.5	epochs	-1.0
2943.826000213623	0.09999999999990905	epochs	0.0
2943.826000213623	0.04500000000007276	epochs	1.0
2943.871000213623	0.010019999999713036	epochs	1.0
2943.881020213623	0.044980000000123255	epochs	1.0
2943.926000213623	0.5401200000001154	epochs	0.0
2943.926000213623	0.5	epochs	-1.0
2943.926000213623	0.5	epochs	1.0
2944.426000213623	0.0401200000001154	epochs	1.0
2944.466120213623	18.959859999999935	epochs	0.0
3002.9609999656677	0.09999999999990905	epochs	0.0
3002.9609999656677	0.04500000000007276	epochs	1.0
3003.005999965668	0.010019999999713036	epochs	1.0
3003.0160199656675	0.044980000000123255	epochs	1.0
3003.0609999656676	2.560280000000148	epochs	0.0
3003.0609999656676	0.5	epochs	-1.0
3003.0609999656676	0.5	epochs	1.0
3003.5609999656676	1.0	epochs	1.0
3004.5609999656676	1.060280000000148	epochs	1.0
3005.0609999656676	0.5	epochs	-1.0
3005.621279965668	0.9396999999999025	epochs	0.0
3008.927999973297	0.09999999999990905	epochs	0.0
3008.927999973297	0.04500000000007276	epochs	1.0
3008.972999973297	0.010019999999713036	epochs	1.0
3008.983019973297	0.044980000000123255	epochs	1.0
3009.027999973297	0.5002600000002531	epochs	0.0
3009.027999973297	0.5	epochs	-1.0
3009.027999973297	0.5	epochs	1.0
3009.527999973297	0.0002600000002530578	epochs	1.0
3009.5282599732973	2.9997199999997974	epochs	0.0
3017.0780000686646	0.09999999999990905	epochs	0.0
3017.0780000686646	0.04500000000007276	epochs	1.0
3017.1230000686646	0.010019999999713036	epochs	1.0
3017.1330200686643	0.044980000000123255	epochs	1.0
3017.1780000686645	2.5595400000001973	epochs	0.0
3017.1780000686645	0.5	epochs	-1.0
3017.1780000686645	0.5	epochs	1.0
3017.6780000686645	1.0	epochs	1.0
3018.6780000686645	1.0595400000001973	epochs	1.0
3019.1780000686645	0.5	epochs	-1.0
3019.7375400686647	0.9404399999998532	epochs	0.0
3022.973000049591	0.09999999999990905	epochs	0.0
3022.973000049591	0.04500000000007276	epochs	1.0
3023.018000049591	0.010019999999713036	epochs	1.0
3023.028020049591	0.044980000000123255	epochs	1.0
3023.073000049591	2.5001200000001518	epochs	0.0
3023.073000049591	0.5	epochs	-1.0
3023.073000049591	0.5	epochs	1.0
3023.573000049591	1.0	epochs	1.0
3024.573000049591	1.0001200000001518	epochs	1.0
3025.073000049591	0.5	epochs	-1.0
3025.573120049591	0.9998599999998987	epochs	0.0
3028.956000328064	0.09999999999990905	epochs	0.0
3028.956000328064	0.04500000000007276	epochs	1.0
3029.001000328064	0.010019999999713036	epochs	1.0
3029.0110203280638	0.044980000000123255	epochs	1.0
3029.056000328064	2.519920000000184	epochs	0.0
3029.056000328064	0.5	epochs	-1.0
3029.056000328064	0.5	epochs	1.0
3029.556000328064	1.0	epochs	1.0
3030.556000328064	1.0199200000001838	epochs	1.0
3031.056000328064	0.5	epochs	-1.0
3031.575920328064	0.9800599999998667	epochs	0.0
3034.9479999542236	0.09999999999990905	epochs	0.0
3034.9479999542236	0.04500000000007276	epochs	1.0
3034.9929999542237	0.010019999999713036	epochs	1.0
3035.0030199542234	0.044980000000123255	epochs	1.0
3035.0479999542235	2.5596599999998944	epochs	0.0
3035.0479999542235	0.5	epochs	-1.0
3035.0479999542235	0.5	epochs	1.0
3035.5479999542235	1.0	epochs	1.0
3036.5479999542235	1.0596599999998944	epochs	1.0
3037.0479999542235	0.5	epochs	-1.0
3037.6076599542234	0.9403200000001561	epochs	0.0
3041.215000152588	0.15297999999984313	epochs	0.0
3041.215000152588	0.0500000000001819	epochs	1.0
3041.265000152588	0.0029999999997016857	epochs	1.0
3041.268000152588	0.09997999999995955	epochs	1.0
3044.848999977112	0.15297999999984313	epochs	0.0
3044.848999977112	0.0500000000001819	epochs	1.0
3044.898999977112	0.0029999999997016857	epochs	1.0
3044.9019999771117	0.09997999999995955	epochs	1.0
3048.53200006485	0.15297999999984313	epochs	0.0
3048.53200006485	0.0500000000001819	epochs	1.0
3048.58200006485	0.0029999999997016857	epochs	1.0
3048.5850000648497	0.09997999999995955	epochs	1.0
3052.1490001678467	0.15297999999984313	epochs	0.0
3052.1490001678467	0.0500000000001819	epochs	1.0
3052.199000167847	0.0029999999997016857	epochs	1.0
3052.2020001678466	0.09997999999995955	epochs	1.0
3055.781000137329	0.15297999999984313	epochs	0.0
3055.781000137329	0.0500000000001819	epochs	1.0
3055.8310001373293	0.0029999999997016857	epochs	1.0
3055.834000137329	0.09997999999995955	epochs	1.0
3059.531000137329	0.15297999999984313	epochs	0.0
3059.531000137329	0.0500000000001819	epochs	1.0
3059.5810001373293	0.0029999999997016857	epochs	1.0
3059.584000137329	0.09997999999995955	epochs	1.0
3063.321000099182	0.15297999999984313	epochs	0.0
3063.321000099182	0.0500000000001819	epochs	1.0
3063.3710000991823	0.0029999999997016857	epochs	1.0
3063.374000099182	0.09997999999995955	epochs	1.0
3067.1040000915527	0.15297999999984313	epochs	0.0
3067.1040000915527	0.0500000000001819	epochs	1.0
3067.154000091553	0.0029999999997016857	epochs	1.0
3067.1570000915526	0.09997999999995955	epochs	1.0
3070.9710001945496	0.15297999999984313	epochs	0.0
3070.9710001945496	0.0500000000001819	epochs	1.0
3071.0210001945497	0.0029999999997016857	epochs	1.0
3071.0240001945494	0.09997999999995955	epochs	1.0
3074.955000400543	0.15297999999984313	epochs	0.0
3074.955000400543	0.0500000000001819	epochs	1.0
3075.0050004005434	0.0029999999997016857	epochs	1.0
3075.008000400543	0.09997999999995955	epochs	1.0
3078.8550000190735	0.15297999999984313	epochs	0.0
3078.8550000190735	0.0500000000001819	epochs	1.0
3078.9050000190737	0.0029999999997016857	epochs	1.0
3078.9080000190734	0.09997999999995955	epochs	1.0
3082.805000305176	0.15297999999984313	epochs	0.0
3082.805000305176	0.0500000000001819	epochs	1.0
3082.855000305176	0.0029999999997016857	epochs	1.0
3082.8580003051757	0.09997999999995955	epochs	1.0
3086.733000278473	0.15297999999984313	epochs	0.0
3086.733000278473	0.0500000000001819	epochs	1.0
3086.783000278473	0.0029999999997016857	epochs	1.0
3086.786000278473	0.09997999999995955	epochs	1.0
3090.800000190735	0.15297999999984313	epochs	0.0
3090.800000190735	0.0500000000001819	epochs	1.0
3090.850000190735	0.0029999999997016857	epochs	1.0
3090.8530001907347	0.09997999999995955	epochs	1.0
3094.970000267029	0.09999999999990905	epochs	0.0
3094.970000267029	0.04500000000007276	epochs	1.0
3095.015000267029	0.010019999999713036	epochs	1.0
3095.0250202670286	0.044980000000123255	epochs	1.0
3095.0700002670287	1.540140000000065	epochs	0.0
3095.0700002670287	0.5	epochs	-1.0
3095.0700002670287	0.5	epochs	1.0
3095.5700002670287	0.003000000000156433	epochs	1.0
3095.573000267029	1.0371399999999085	epochs	1.0
3096.073000267029	0.5	epochs	-1.0
3096.610140267029	0.06284000000005108	epochs	0.0
3100.4539999961853	0.09999999999990905	epochs	0.0
3100.4539999961853	0.04500000000007276	epochs	1.0
3100.4989999961854	0.010019999999713036	epochs	1.0
3100.509019996185	0.044980000000123255	epochs	1.0
3100.553999996185	1.602980000000116	epochs	0.0
3100.553999996185	0.5	epochs	-1.0
3100.553999996185	0.5	epochs	1.0
3101.053999996185	0.003000000000156433	epochs	1.0
3101.0569999961854	1.0999799999999595	epochs	1.0
3101.5569999961854	0.5	epochs	-1.0
3106.0350003242493	0.09999999999990905	epochs	0.0
3106.0350003242493	0.04500000000007276	epochs	1.0
3106.0800003242493	0.010019999999713036	epochs	1.0
3106.090020324249	0.044980000000123255	epochs	1.0
3106.135000324249	0.5396200000000135	epochs	0.0
3106.135000324249	0.5	epochs	-1.0
3106.135000324249	0.5	epochs	1.0
3106.635000324249	0.003000000000156433	epochs	1.0
3106.6380003242493	0.0366199999998571	epochs	1.0
3106.674620324249	1.0633600000001024	epochs	0.0
3110.5350003242493	0.09999999999990905	epochs	0.0
3110.5350003242493	0.04500000000007276	epochs	1.0
3110.5800003242493	0.010019999999713036	epochs	1.0
3110.590020324249	0.044980000000123255	epochs	1.0
3110.635000324249	0.5005000000001019	epochs	0.0
3110.635000324249	0.5	epochs	-1.0
3110.635000324249	0.5	epochs	1.0
3111.135000324249	0.0005000000001018634	epochs	1.0
3111.1355003242493	1.1024800000000141	epochs	0.0
3114.9950003623962	0.09999999999990905	epochs	0.0
3114.9950003623962	0.04500000000007276	epochs	1.0
3115.0400003623963	0.010019999999713036	epochs	1.0
3115.050020362396	0.044980000000123255	epochs	1.0
3115.095000362396	1.540140000000065	epochs	0.0
3115.095000362396	0.5	epochs	-1.0
3115.095000362396	0.5	epochs	1.0
3115.595000362396	0.003000000000156433	epochs	1.0
3115.5980003623963	1.0371399999999085	epochs	1.0
3116.0980003623963	0.5	epochs	-1.0
3116.635140362396	0.06284000000005108	epochs	0.0
3120.5610003471375	0.09999999999990905	epochs	0.0
3120.5610003471375	0.04500000000007276	epochs	1.0
3120.6060003471375	0.010019999999713036	epochs	1.0
3120.6160203471372	0.044980000000123255	epochs	1.0
3120.6610003471374	0.540480000000116	epochs	0.0
3120.6610003471374	0.5	epochs	-1.0
3120.6610003471374	0.5	epochs	1.0
3121.1610003471374	0.003000000000156433	epochs	1.0
3121.1640003471375	0.037479999999959546	epochs	1.0
3121.2014803471375	1.0625	epochs	0.0
3133.866000175476	0.09999999999990905	epochs	0.0
3133.866000175476	0.04500000000007276	epochs	1.0
3133.911000175476	0.010019999999713036	epochs	1.0
3133.921020175476	0.044980000000123255	epochs	1.0
3133.966000175476	1.539639999999963	epochs	0.0
3133.966000175476	0.5	epochs	-1.0
3133.966000175476	0.5	epochs	1.0
3134.466000175476	0.003000000000156433	epochs	1.0
3134.469000175476	1.0366399999998066	epochs	1.0
3134.969000175476	0.5	epochs	-1.0
3135.505640175476	0.06334000000015294	epochs	0.0
3139.4710001945496	0.09999999999990905	epochs	0.0
3139.4710001945496	0.04500000000007276	epochs	1.0
3139.5160001945496	0.010019999999713036	epochs	1.0
3139.5260201945493	0.044980000000123255	epochs	1.0
3139.5710001945495	1.5605199999999968	epochs	0.0
3139.5710001945495	0.5	epochs	-1.0
3139.5710001945495	0.5	epochs	1.0
3140.0710001945495	0.003000000000156433	epochs	1.0
3140.0740001945496	1.0575199999998404	epochs	1.0
3140.5740001945496	0.5	epochs	-1.0
3141.1315201945495	0.04246000000011918	epochs	0.0
3145.205000400543	0.09999999999990905	epochs	0.0
3145.205000400543	0.04500000000007276	epochs	1.0
3145.2500004005433	0.010019999999713036	epochs	1.0
3145.260020400543	0.044980000000123255	epochs	1.0
3145.305000400543	1.5598800000002484	epochs	0.0
3145.305000400543	0.5	epochs	-1.0
3145.305000400543	0.5	epochs	1.0
3145.805000400543	0.003000000000156433	epochs	1.0
3145.8080004005433	1.056880000000092	epochs	1.0
3146.3080004005433	0.5	epochs	-1.0
3146.8648804005434	0.04309999999986758	epochs	0.0
3150.959000110626	0.09999999999990905	epochs	0.0
3150.959000110626	0.04500000000007276	epochs	1.0
3151.0040001106263	0.010019999999713036	epochs	1.0
3151.014020110626	0.044980000000123255	epochs	1.0
3151.059000110626	0.5398800000002666	epochs	0.0
3151.059000110626	0.5	epochs	-1.0
3151.059000110626	0.5	epochs	1.0
3151.559000110626	0.003000000000156433	epochs	1.0
3151.5620001106263	0.03688000000011016	epochs	1.0
3151.5988801106264	1.0630999999998494	epochs	0.0
3181.184000015259	0.09999999999990905	epochs	0.0
3181.184000015259	0.04500000000007276	epochs	1.0
3181.229000015259	0.010019999999713036	epochs	1.0
3181.2390200152586	0.044980000000123255	epochs	1.0
3181.2840000152587	0.5003400000000511	epochs	0.0
3181.2840000152587	0.5	epochs	-1.0
3181.2840000152587	0.5	epochs	1.0
3181.7840000152587	0.0003400000000510772	epochs	1.0
3181.7843400152587	1.102640000000065	epochs	0.0
3185.934000015259	0.09999999999990905	epochs	0.0
3185.934000015259	0.04500000000007276	epochs	1.0
3185.979000015259	0.010019999999713036	epochs	1.0
3185.9890200152586	0.044980000000123255	epochs	1.0
3186.0340000152587	1.5602600000001985	epochs	0.0
3186.0340000152587	0.5	epochs	-1.0
3186.0340000152587	0.5	epochs	1.0
3186.5340000152587	0.003000000000156433	epochs	1.0
3186.537000015259	1.057260000000042	epochs	1.0
3187.037000015259	0.5	epochs	-1.0
3187.594260015259	0.04271999999991749	epochs	0.0
3191.7070002555847	0.09999999999990905	epochs	0.0
3191.7070002555847	0.04500000000007276	epochs	1.0
3191.752000255585	0.010019999999713036	epochs	1.0
3191.7620202555845	0.044980000000123255	epochs	1.0
3191.8070002555846	0.5401200000001154	epochs	0.0
3191.8070002555846	0.5	epochs	-1.0
3191.8070002555846	0.5	epochs	1.0
3192.3070002555846	0.003000000000156433	epochs	1.0
3192.310000255585	0.037119999999958964	epochs	1.0
3192.3471202555847	1.0628600000000006	epochs	0.0
3196.544000148773	0.09999999999990905	epochs	0.0
3196.544000148773	0.04500000000007276	epochs	1.0
3196.5890001487733	0.010019999999713036	epochs	1.0
3196.599020148773	0.044980000000123255	epochs	1.0
3196.644000148773	1.5597600000000966	epochs	0.0
3196.644000148773	0.5	epochs	-1.0
3196.644000148773	0.5	epochs	1.0
3197.144000148773	0.003000000000156433	epochs	1.0
3197.1470001487733	1.0567599999999402	epochs	1.0
3197.6470001487733	0.5	epochs	-1.0
3198.203760148773	0.043220000000019354	epochs	0.0
3202.4100003242493	0.09999999999990905	epochs	0.0
3202.4100003242493	0.04500000000007276	epochs	1.0
3202.4550003242493	0.010019999999713036	epochs	1.0
3202.465020324249	0.044980000000123255	epochs	1.0
3202.510000324249	1.5598199999999451	epochs	0.0
3202.510000324249	0.5	epochs	-1.0
3202.510000324249	0.5	epochs	1.0
3203.010000324249	0.003000000000156433	epochs	1.0
3203.0130003242493	1.0568199999997887	epochs	1.0
3203.5130003242493	0.5	epochs	-1.0
3204.069820324249	0.04316000000017084	epochs	0.0
3216.294000148773	0.09999999999990905	epochs	0.0
3216.294000148773	0.04496000000017375	epochs	1.0
3216.3389601487734	0.010080000000016298	epochs	1.0
3216.3490401487734	0.044959999999719	epochs	1.0
3216.394000148773	2.0	epochs	0.0
3218.394000148773	5.4003200000001925	epochs	0.0
3218.394000148773	1.0	epochs	1.0
3218.394000148773	0.5	epochs	-1.0
3218.894000148773	4.9003200000001925	epochs	-1.0
3219.394000148773	4.4003200000001925	epochs	1.0
3219.394000148773	8.000000025276677e-05	epochs	2.0
3219.3940801487734	4.356719999999768	epochs	-1.0
3219.3940801487734	1.9745599999996557	epochs	2.0
3219.3940801487734	1.0985599999999067	epochs	3.0
3220.4926401487733	0.875999999999749	epochs	3.0
3221.368640148773	1.352400000000216	epochs	2.0
3221.368640148773	0.7286400000002686	epochs	3.0
3222.0972801487733	0.6237599999999475	epochs	3.0
3222.721040148773	1.0297599999998965	epochs	2.0
3222.721040148773	0.5453600000000733	epochs	3.0
3223.2664001487733	0.4843999999998232	epochs	3.0
3223.750800148773	0.04352000000017142	epochs	2.0
3223.750800148773	0.04352000000017142	epochs	3.0
3223.7943201487733	16.59960000000001	epochs	0.0
3228.5120000839233	0.09999999999990905	epochs	0.0
3228.5120000839233	0.04496000000017375	epochs	1.0
3228.5569600839235	0.010080000000016298	epochs	1.0
3228.5670400839235	0.044959999999719	epochs	1.0
3228.6120000839232	2.0	epochs	0.0
3230.6120000839232	21.539920000000166	epochs	0.0
3230.6120000839232	1.0	epochs	1.0
3230.6120000839232	0.5	epochs	-1.0
3231.1120000839232	19.999520000000302	epochs	-1.0
3231.6120000839232	20.0	epochs	1.0
3231.6120000839232	8.000000025276677e-05	epochs	2.0
3231.6120800839235	4.356719999999768	epochs	-1.0
3231.6120800839235	1.9745599999996557	epochs	2.0
3231.6120800839235	1.0985599999999067	epochs	3.0
3232.7106400839234	0.875999999999749	epochs	3.0
3233.586640083923	1.352400000000216	epochs	2.0
3233.586640083923	0.7286400000002686	epochs	3.0
3234.3152800839234	0.6237599999999475	epochs	3.0
3234.9390400839234	1.0297599999998965	epochs	2.0
3234.9390400839234	0.5453600000000733	epochs	3.0
3235.4844000839234	0.4843999999998232	epochs	3.0
3235.9688000839233	0.8317600000000311	epochs	2.0
3235.9688000839233	0.4357599999998456	epochs	3.0
3236.404560083923	0.39600000000018554	epochs	3.0
3236.8005600839233	0.6978399999998146	epochs	2.0
3236.8005600839233	0.362880000000132	epochs	3.0
3237.1634400839234	0.3349599999996826	epochs	3.0
3237.498400083923	0.6010400000000118	epochs	2.0
3237.498400083923	0.3108799999999974	epochs	3.0
3237.809280083923	0.2901600000000144	epochs	3.0
3238.099440083923	0.5278400000001966	epochs	2.0
3238.099440083923	0.2719200000001365	epochs	3.0
3238.3713600839233	0.2559200000000601	epochs	3.0
3238.6272800839233	0.47064000000000306	epochs	2.0
3238.6272800839233	0.2416800000000876	epochs	3.0
3238.8689600839234	0.22895999999991545	epochs	3.0
3239.0979200839233	0.42455999999992855	epochs	2.0
3239.0979200839233	0.21743999999989683	epochs	3.0
3239.315360083923	0.20712000000003172	epochs	3.0
3239.5224800839233	0.3867199999999684	epochs	2.0
3239.5224800839233	0.19768000000021857	epochs	3.0
3239.7201600839235	0.18903999999974985	epochs	3.0
3239.909200083923	0.35512000000016997	epochs	2.0
3239.909200083923	0.1811999999999898	epochs	3.0
3240.090400083923	0.17392000000018015	epochs	3.0
3240.2643200839234	0.32823999999982334	epochs	2.0
3240.2643200839234	0.16719999999986612	epochs	3.0
3240.4315200839233	0.16103999999995722	epochs	3.0
3240.592560083923	0.30520000000024083	epochs	2.0
3240.592560083923	0.1552799999999479	epochs	3.0
3240.747840083923	0.14992000000029293	epochs	3.0
3240.8977600839235	0.28512000000000626	epochs	2.0
3240.8977600839235	0.14487999999983003	epochs	3.0
3241.0426400839233	0.14024000000017622	epochs	3.0
3241.1828800839235	0.26751999999987675	epochs	2.0
3241.1828800839235	0.13583999999991647	epochs	3.0
3241.3187200839234	0.13167999999996027	epochs	3.0
3241.4504000839233	0.2520800000002055	epochs	2.0
3241.4504000839233	0.12784000000010565	epochs	3.0
3241.5782400839234	0.12424000000009983	epochs	3.0
3241.7024800839235	0.2381599999998798	epochs	2.0
3241.7024800839235	0.12071999999989202	epochs	3.0
3241.8232000839234	0.11743999999998778	epochs	3.0
3241.9406400839234	0.225840000000062	epochs	2.0
3241.9406400839234	0.11439999999993233	epochs	3.0
3242.0550400839234	0.11144000000012966	epochs	3.0
3242.1664800839235	0.2146399999996902	epochs	2.0
3242.1664800839235	0.10863999999992302	epochs	3.0
3242.2751200839234	0.10599999999976717	epochs	3.0
3242.381120083923	0.20448000000033062	epochs	2.0
3242.381120083923	0.10344000000031883	epochs	3.0
3242.4845600839235	0.10104000000001179	epochs	3.0
3242.5856000839235	0.19535999999970954	epochs	2.0
3242.5856000839235	0.09879999999975553	epochs	3.0
3242.6844000839233	0.09655999999995402	epochs	3.0
3242.780960083923	0.18695999999999913	epochs	2.0
3242.780960083923	0.09448000000020329	epochs	3.0
3242.8754400839234	0.09247999999979584	epochs	3.0
3242.967920083923	0.1792000000000371	epochs	2.0
3242.967920083923	0.09048000000029788	epochs	3.0
3243.0584000839235	0.08871999999973923	epochs	3.0
3243.1471200839233	0.17208000000027823	epochs	2.0
3243.1471200839233	0.08688000000029206	epochs	3.0
3243.2340000839235	0.08519999999998618	epochs	3.0
3243.3192000839235	0.165520000000015	epochs	2.0
3243.3192000839235	0.08359999999993306	epochs	3.0
3243.4028000839235	0.08192000000008193	epochs	3.0
3243.4847200839235	0.15951999999970212	epochs	2.0
3243.4847200839235	0.08047999999962485	epochs	3.0
3243.565200083923	0.07904000000007727	epochs	3.0
3243.6442400839233	0.15376000000014756	epochs	2.0
3243.6442400839233	0.07760000000007494	epochs	3.0
3243.7218400839233	0.07616000000007261	epochs	3.0
3243.7980000839234	0.14856000000008862	epochs	2.0
3243.7980000839234	0.07495999999991909	epochs	3.0
3243.8729600839233	0.07360000000016953	epochs	3.0
3243.9465600839235	0.1436799999996765	epochs	2.0
3243.9465600839235	0.07247999999981403	epochs	3.0
3244.0190400839233	0.07119999999986248	epochs	3.0
3244.090240083923	0.1390400000000227	epochs	2.0
3244.090240083923	0.07007999999996173	epochs	3.0
3244.160320083923	0.06896000000006097	epochs	3.0
3244.229280083923	0.13472000000001572	epochs	2.0
3244.229280083923	0.06791999999995824	epochs	3.0
3244.297200083923	0.06680000000005748	epochs	3.0
3244.364000083923	0.1307200000001103	epochs	2.0
3244.364000083923	0.06584000000020751	epochs	3.0
3244.4298400839234	0.0648799999999028	epochs	3.0
3244.4947200839233	0.1268000000000029	epochs	2.0
3244.4947200839233	0.06383999999980006	epochs	3.0
3244.558560083923	0.06296000000020285	epochs	3.0
3244.6215200839233	0.12328000000024986	epochs	2.0
3244.6215200839233	0.0620800000001509	epochs	3.0
3244.6836000839235	0.06120000000009895	epochs	3.0
3244.7448000839236	0.11983999999984007	epochs	2.0
3244.7448000839236	0.060319999999592255	epochs	3.0
3244.805120083923	0.05952000000024782	epochs	3.0
3244.8646400839234	0.11663999999973385	epochs	2.0
3244.8646400839234	0.05871999999999389	epochs	3.0
3244.9233600839234	0.05791999999973996	epochs	3.0
3244.981280083923	0.11360000000013315	epochs	2.0
3244.981280083923	0.05720000000019354	epochs	3.0
3245.0384800839233	0.05639999999993961	epochs	3.0
3245.0948800839233	0.1107200000001285	epochs	2.0
3245.0948800839233	0.055679999999938445	epochs	3.0
3245.150560083923	0.05504000000019005	epochs	3.0
3245.2056000839234	0.10791999999992186	epochs	2.0
3245.2056000839234	0.05423999999993612	epochs	3.0
3245.2598400839233	0.05367999999998574	epochs	3.0
3245.3135200839233	0.10528000000022075	epochs	2.0
3245.3135200839233	0.052959999999984575	epochs	3.0
3245.3664800839233	0.05232000000023618	epochs	3.0
3245.4188000839235	0.10287999999991371	epochs	2.0
3245.4188000839235	0.05175999999983105	epochs	3.0
3245.4705600839234	0.051120000000082655	epochs	3.0
3245.5216800839235	0.10039999999980864	epochs	2.0
3245.5216800839235	0.05047999999987951	epochs	3.0
3245.5721600839233	0.04991999999992913	epochs	3.0
3245.6220800839233	0.0982400000002599	epochs	2.0
3245.6220800839233	0.049359999999978754	epochs	3.0
3245.6714400839232	0.04888000000028114	epochs	3.0
3245.7203200839235	0.09600000000000364	epochs	2.0
3245.7203200839235	0.04823999999962325	epochs	3.0
3245.768560083923	0.04776000000038039	epochs	3.0
3245.8163200839235	0.09391999999979816	epochs	2.0
3245.8163200839235	0.04719999999997526	epochs	3.0
3245.8635200839235	0.0467199999998229	epochs	3.0
3245.9102400839233	0.09191999999984546	epochs	2.0
3245.9102400839233	0.046159999999872525	epochs	3.0
3245.956400083923	0.04575999999997293	epochs	3.0
3246.002160083923	0.09007999999994354	epochs	2.0
3246.002160083923	0.04528000000027532	epochs	3.0
3246.0474400839234	0.044799999999668216	epochs	3.0
3246.092240083923	0.0881600000002436	epochs	2.0
3246.092240083923	0.04432000000042535	epochs	3.0
3246.1365600839235	0.04383999999981825	epochs	3.0
3246.1804000839234	0.08647999999993772	epochs	2.0
3246.1804000839234	0.043439999999918655	epochs	3.0
3246.2238400839233	0.04304000000001906	epochs	3.0
3246.2668800839233	0.08471999999983382	epochs	2.0
3246.2668800839233	0.042559999999866704	epochs	3.0
3246.309440083923	0.04215999999996711	epochs	3.0
3246.351600083923	0.08320000000003347	epochs	2.0
3246.351600083923	0.04176000000006752	epochs	3.0
3246.393360083923	0.04143999999996595	epochs	3.0
3246.434800083923	0.08152000000018234	epochs	2.0
3246.434800083923	0.04096000000026834	epochs	3.0
3246.4757600839234	0.040559999999914	epochs	3.0
3246.5163200839233	0.08008000000018001	epochs	2.0
3246.5163200839233	0.040239999999812426	epochs	3.0
3246.556560083923	0.03984000000036758	epochs	3.0
3246.5964000839235	0.07863999999972293	epochs	2.0
3246.5964000839235	0.03951999999981126	epochs	3.0
3246.6359200839233	0.03911999999991167	epochs	3.0
3246.6750400839232	0.07720000000017535	epochs	2.0
3246.6750400839232	0.038800000000264845	epochs	3.0
3246.7138400839235	0.038399999999910506	epochs	3.0
3246.7522400839234	0.07591999999976906	epochs	2.0
3246.7522400839234	0.0381600000000617	epochs	3.0
3246.7904000839235	0.03775999999970736	epochs	3.0
3246.828160083923	0.0745600000000195	epochs	2.0
3246.828160083923	0.037440000000060536	epochs	3.0
3246.8656000839233	0.037119999999958964	epochs	3.0
3246.902720083923	0.07336000000032072	epochs	2.0
3246.902720083923	0.03680000000031214	epochs	3.0
3246.9395200839235	0.036560000000008586	epochs	3.0
3246.9760800839235	0.07207999999991443	epochs	2.0
3246.9760800839235	0.036159999999654246	epochs	3.0
3247.012240083923	0.03592000000026019	epochs	3.0
3247.0481600839234	0.07087999999976091	epochs	2.0
3247.0481600839234	0.03559999999970387	epochs	3.0
3247.083760083923	0.035280000000057044	epochs	3.0
3247.119040083923	0.06984000000011292	epochs	2.0
3247.119040083923	0.03504000000020824	epochs	3.0
3247.1540800839234	0.034799999999904685	epochs	3.0
3247.1888800839233	0.0686399999999594	epochs	2.0
3247.1888800839233	0.03447999999980311	epochs	3.0
3247.223360083923	0.03416000000015629	epochs	3.0
3247.2575200839233	0.06759999999985666	epochs	2.0
3247.2575200839233	0.033919999999852735	epochs	3.0
3247.291440083923	0.03368000000000393	epochs	3.0
3247.325120083923	0.06656000000020867	epochs	2.0
3247.325120083923	0.03344000000015512	epochs	3.0
3247.3585600839233	0.03312000000005355	epochs	3.0
3247.3916800839233	0.06559999999990396	epochs	2.0
3247.3916800839233	0.032960000000002765	epochs	3.0
3247.4246400839234	0.03263999999990119	epochs	3.0
3247.4572800839233	0.06456000000025597	epochs	2.0
3247.4572800839233	0.03240000000005239	epochs	3.0
3247.4896800839233	0.03216000000020358	epochs	3.0
3247.5218400839235	0.06367999999974927	epochs	2.0
3247.5218400839235	0.03199999999969805	epochs	3.0
3247.553840083923	0.03168000000005122	epochs	3.0
3247.5855200839233	0.0627199999998993	epochs	2.0
3247.5855200839233	0.03144000000020242	epochs	3.0
3247.6169600839235	0.031279999999696884	epochs	3.0
3247.648240083923	0.0618400000003021	epochs	2.0
3247.648240083923	0.031040000000302825	epochs	3.0
3247.6792800839235	0.030799999999999272	epochs	3.0
3247.7100800839235	0.0609599999997954	epochs	2.0
3247.7100800839235	0.03055999999969572	epochs	3.0
3247.740640083923	0.03040000000009968	epochs	3.0
3247.7710400839233	0.060159999999996217	epochs	2.0
3247.7710400839233	0.030160000000250875	epochs	3.0
3247.8012000839235	0.02999999999974534	epochs	3.0
3247.8312000839232	0.059279999999944266	epochs	2.0
3247.8312000839232	0.029680000000098516	epochs	3.0
3247.8608800839233	0.02959999999984575	epochs	3.0
3247.890480083923	0.05848000000014508	epochs	2.0
3247.890480083923	0.029359999999996944	epochs	3.0
3247.919840083923	0.02912000000014814	epochs	3.0
3247.9489600839233	0.05776000000014392	epochs	2.0
3247.9489600839233	0.028960000000097352	epochs	3.0
3247.9779200839234	0.028800000000046566	epochs	3.0
3248.0067200839235	0.05695999999988999	epochs	2.0
3248.0067200839235	0.028559999999743013	epochs	3.0
3248.035280083923	0.028400000000146974	epochs	3.0
3248.0636800839234	0.05623999999988882	epochs	2.0
3248.0636800839234	0.02815999999984342	epochs	3.0
3248.091840083923	0.028080000000045402	epochs	3.0
3248.1199200839233	0.05544000000008964	epochs	2.0
3248.1199200839233	0.027840000000196596	epochs	3.0
3248.1477600839235	0.027599999999893043	epochs	3.0
3248.1753600839234	0.05488000000013926	epochs	2.0
3248.1753600839234	0.027520000000095024	epochs	3.0
3248.2028800839234	0.027360000000044238	epochs	3.0
3248.2302400839235	0.05407999999988533	epochs	2.0
3248.2302400839235	0.027119999999740685	epochs	3.0
3248.2573600839232	0.026960000000144646	epochs	3.0
3248.2843200839234	0.053440000000136934	epochs	2.0
3248.2843200839234	0.02680000000009386	epochs	3.0
3248.3111200839235	0.026640000000043074	epochs	3.0
3248.3377600839235	0.05287999999973181	epochs	2.0
3248.3377600839235	0.026479999999992287	epochs	3.0
3248.3642400839235	0.02639999999973952	epochs	3.0
3248.3906400839232	0.05216000000018539	epochs	2.0
3248.3906400839232	0.026159999999890715	epochs	3.0
3248.416800083923	0.026000000000294676	epochs	3.0
3248.4428000839234	0.05151999999998225	epochs	2.0
3248.4428000839234	0.025839999999789143	epochs	3.0
3248.468640083923	0.025680000000193104	epochs	3.0
3248.4943200839234	0.05096000000003187	epochs	2.0
3248.4943200839234	0.025599999999940337	epochs	3.0
3248.5199200839234	0.02536000000009153	epochs	3.0
3248.5452800839234	0.05040000000008149	epochs	2.0
3248.5452800839234	0.025279999999838765	epochs	3.0
3248.5705600839233	0.025120000000242726	epochs	3.0
3248.5956800839235	0.049759999999878346	epochs	2.0
3248.5956800839235	0.024959999999737192	epochs	3.0
3248.6206400839233	0.024800000000141154	epochs	3.0
3248.6454400839234	0.04919999999992797	epochs	2.0
3248.6454400839234	0.024640000000090367	epochs	3.0
3248.6700800839235	0.0245599999998376	epochs	3.0
3248.6946400839233	0.04872000000023036	epochs	2.0
3248.6946400839233	0.024399999999786814	epochs	3.0
3248.719040083923	0.024320000000443542	epochs	3.0
3248.7433600839236	0.048079999999572465	epochs	2.0
3248.7433600839236	0.024079999999685242	epochs	3.0
3248.7674400839232	0.023999999999887223	epochs	3.0
3248.791440083923	0.0476000000003296	epochs	2.0
3248.791440083923	0.023840000000291184	epochs	3.0
3248.8152800839234	0.023760000000038417	epochs	3.0
3248.8390400839235	0.047119999999722495	epochs	2.0
3248.8390400839235	0.02359999999998763	epochs	3.0
3248.8626400839235	0.023519999999734864	epochs	3.0
3248.886160083923	0.046560000000226864	epochs	2.0
3248.886160083923	0.023360000000138825	epochs	3.0
3248.9095200839233	0.02320000000008804	epochs	3.0
3248.9327200839234	0.046080000000074506	epochs	2.0
3248.9327200839234	0.023119999999835272	epochs	3.0
3248.9558400839232	0.022960000000239233	epochs	3.0
3248.9788000839235	0.04559999999992215	epochs	2.0
3248.9788000839235	0.022879999999986467	epochs	3.0
3249.0016800839235	0.02271999999993568	epochs	3.0
3249.0244000839234	0.04511999999976979	epochs	2.0
3249.0244000839234	0.02264000000013766	epochs	3.0
3249.0470400839235	0.022479999999632128	epochs	3.0
3249.069520083923	0.04464000000007218	epochs	2.0
3249.069520083923	0.022400000000288856	epochs	3.0
3249.0919200839235	0.022239999999783322	epochs	3.0
3249.1141600839233	0.044240000000172586	epochs	2.0
3249.1141600839233	0.022159999999985303	epochs	3.0
3249.1363200839232	0.022080000000187283	epochs	3.0
3249.1584000839234	0.04376000000002023	epochs	2.0
3249.1584000839234	0.021920000000136497	epochs	3.0
3249.1803200839236	0.02183999999988373	epochs	3.0
3249.2021600839234	0.04335999999966589	epochs	2.0
3249.2021600839234	0.02176000000008571	epochs	3.0
3249.2239200839235	0.021599999999580177	epochs	3.0
3249.245520083923	0.042880000000423024	epochs	2.0
3249.245520083923	0.021440000000438886	epochs	3.0
3249.2669600839235	0.02143999999998414	epochs	3.0
3249.2884000839235	0.04247999999961394	epochs	2.0
3249.2884000839235	0.021279999999933352	epochs	3.0
3249.3096800839235	0.021199999999680585	epochs	3.0
3249.330880083923	0.04208000000016909	epochs	2.0
3249.330880083923	0.021040000000084547	epochs	3.0
3249.3519200839232	0.021040000000084547	epochs	3.0
3249.3729600839233	0.041679999999814754	epochs	2.0
3249.3729600839233	0.02088000000003376	epochs	3.0
3249.3938400839234	0.020799999999780994	epochs	3.0
3249.414640083923	0.04120000000011714	epochs	2.0
3249.414640083923	0.020640000000184955	epochs	3.0
3249.4352800839233	0.020559999999932188	epochs	3.0
3249.4558400839232	0.04088000000001557	epochs	2.0
3249.4558400839232	0.020559999999932188	epochs	3.0
3249.476400083923	0.020320000000083382	epochs	3.0
3249.4967200839233	0.040559999999914	epochs	2.0
3249.4967200839233	0.020320000000083382	epochs	3.0
3249.5170400839233	0.020239999999830616	epochs	3.0
3249.537280083923	0.04008000000021639	epochs	2.0
3249.537280083923	0.020080000000234577	epochs	3.0
3249.5573600839234	0.01999999999998181	epochs	3.0
3249.5773600839234	0.039760000000114815	epochs	2.0
3249.5773600839234	0.019919999999729043	epochs	3.0
3249.597280083923	0.01984000000038577	epochs	3.0
3249.6171200839235	0.03944000000001324	epochs	2.0
3249.6171200839235	0.019759999999678257	epochs	3.0
3249.636880083923	0.019680000000334985	epochs	3.0
3249.6565600839235	0.0390399999996589	epochs	2.0
3249.6565600839235	0.01951999999982945	epochs	3.0
3249.6760800839234	0.01951999999982945	epochs	3.0
3249.695600083923	0.03864000000021406	epochs	2.0
3249.695600083923	0.019360000000233413	epochs	3.0
3249.7149600839234	0.019279999999980646	epochs	3.0
3249.7342400839234	0.038399999999910506	epochs	2.0
3249.7342400839234	0.019279999999980646	epochs	3.0
3249.7535200839234	0.01911999999992986	epochs	3.0
3249.7726400839233	0.038000000000010914	epochs	2.0
3249.7726400839233	0.01904000000013184	epochs	3.0
3249.7916800839234	0.018959999999879074	epochs	3.0
3249.8106400839233	0.03767999999990934	epochs	2.0
3249.8106400839233	0.018880000000081054	epochs	3.0
3249.8295200839234	0.018799999999828287	epochs	3.0
3249.848320083923	0.03736000000026252	epochs	2.0
3249.848320083923	0.018720000000030268	epochs	3.0
3249.8670400839233	0.01864000000023225	epochs	3.0
3249.8856800839235	0.0370399999997062	epochs	2.0
3249.8856800839235	0.018559999999979482	epochs	3.0
3249.9042400839235	0.018479999999726715	epochs	3.0
3249.922720083923	0.03672000000005937	epochs	2.0
3249.922720083923	0.018399999999928696	epochs	3.0
3249.941120083923	0.018320000000130676	epochs	3.0
3249.9594400839233	0.036480000000210566	epochs	2.0
3249.9594400839233	0.01823999999987791	epochs	3.0
3249.977680083923	0.018240000000332657	epochs	3.0
3249.9959200839235	0.03607999999985623	epochs	2.0
3249.9959200839235	0.018079999999827123	epochs	3.0
3250.0140000839233	0.018000000000029104	epochs	3.0
3250.0320000839233	0.03584000000000742	epochs	2.0
3250.0320000839233	0.017920000000231084	epochs	3.0
3250.0499200839236	0.017919999999776337	epochs	3.0
3250.0678400839233	0.03551999999990585	epochs	2.0
3250.0678400839233	0.017760000000180298	epochs	3.0
3250.0856000839235	0.01775999999972555	epochs	3.0
3250.1033600839232	0.035200000000259024	epochs	2.0
3250.1033600839232	0.01767999999992753	epochs	3.0
3250.121040083923	0.017520000000331493	epochs	3.0
3250.1385600839235	0.03495999999995547	epochs	2.0
3250.1385600839235	0.017519999999876745	epochs	3.0
3250.1560800839234	0.017440000000078726	epochs	3.0
3250.1735200839234	0.034720000000106666	epochs	2.0
3250.1735200839234	0.017440000000078726	epochs	3.0
3250.1909600839235	0.01728000000002794	epochs	3.0
3250.2082400839236	0.03440000000000509	epochs	2.0
3250.2082400839236	0.017199999999775173	epochs	3.0
3250.2254400839233	0.01720000000022992	epochs	3.0
3250.2426400839236	0.03415999999970154	epochs	2.0
3250.2426400839236	0.017119999999977153	epochs	3.0
3250.2597600839235	0.017039999999724387	epochs	3.0
3250.2768000839233	0.033840000000054715	epochs	2.0
3250.2768000839233	0.016959999999926367	epochs	3.0
3250.293760083923	0.016880000000128348	epochs	3.0
3250.3106400839233	0.03360000000020591	epochs	2.0
3250.3106400839233	0.01679999999987558	epochs	3.0
3250.327440083923	0.01680000000033033	epochs	3.0
3250.3442400839235	0.03335999999990236	epochs	2.0
3250.3442400839235	0.016719999999622814	epochs	3.0
3250.360960083923	0.016640000000279542	epochs	3.0
3250.3776000839234	0.03312000000005355	epochs	2.0
3250.3776000839234	0.016560000000026776	epochs	3.0
3250.3941600839235	0.016560000000026776	epochs	3.0
3250.4107200839235	0.03279999999995198	epochs	2.0
3250.4107200839235	0.01639999999997599	epochs	3.0
3250.4271200839235	0.01639999999997599	epochs	3.0
3250.4435200839234	0.03256000000010317	epochs	2.0
3250.4435200839234	0.016319999999723223	epochs	3.0
3250.459840083923	0.01624000000037995	epochs	3.0
3250.4760800839235	0.03239999999959764	epochs	2.0
3250.4760800839235	0.016239999999925203	epochs	3.0
3250.4923200839235	0.016159999999672436	epochs	3.0
3250.508480083923	0.03208000000040556	epochs	2.0
3250.508480083923	0.016080000000329164	epochs	3.0
3250.5245600839235	0.016000000000076398	epochs	3.0
3250.5405600839235	0.03191999999990003	epochs	2.0
3250.5405600839235	0.01599999999962165	epochs	3.0
3250.556560083923	0.015920000000278378	epochs	3.0
3250.5724800839234	0.031599999999798456	epochs	2.0
3250.5724800839234	0.01584000000002561	epochs	3.0
3250.5883200839235	0.015759999999772845	epochs	3.0
3250.6040800839232	0.03144000000020242	epochs	2.0
3250.6040800839232	0.015760000000227592	epochs	3.0
3250.6198400839235	0.015679999999974825	epochs	3.0
3250.6355200839234	0.031199999999898864	epochs	2.0
3250.6355200839234	0.015599999999722058	epochs	3.0
3250.651120083923	0.015600000000176806	epochs	3.0
3250.6667200839233	0.03096000000005006	epochs	2.0
3250.6667200839233	0.015519999999924039	epochs	3.0
3250.6822400839233	0.01544000000012602	epochs	3.0
3250.6976800839234	0.030719999999746506	epochs	2.0
3250.6976800839234	0.01544000000012602	epochs	3.0
3250.7131200839235	0.015279999999620486	epochs	3.0
3250.728400083923	0.030560000000150467	epochs	2.0
3250.728400083923	0.015360000000328	epochs	3.0
3250.7437600839235	0.015199999999822467	epochs	3.0
3250.7589600839233	0.030319999999846914	epochs	2.0
3250.7589600839233	0.015200000000277214	epochs	3.0
3250.7741600839236	0.0151199999995697	epochs	3.0
3250.789280083923	0.030079999999998108	epochs	2.0
3250.789280083923	0.015120000000024447	epochs	3.0
3250.804400083923	0.014959999999973661	epochs	3.0
3250.819360083923	0.02992000000040207	epochs	2.0
3250.819360083923	0.015040000000226428	epochs	3.0
3250.8344000839234	0.014880000000175642	epochs	3.0
3250.8492800839235	0.02967999999964377	epochs	2.0
3250.8492800839235	0.014879999999720894	epochs	3.0
3250.8641600839233	0.014799999999922875	epochs	3.0
3250.878960083923	0.02952000000004773	epochs	2.0
3250.878960083923	0.014800000000377622	epochs	3.0
3250.8937600839236	0.014719999999670108	epochs	3.0
3250.908480083923	0.029280000000198925	epochs	2.0
3250.908480083923	0.014720000000124855	epochs	3.0
3250.9232000839233	0.01456000000007407	epochs	3.0
3250.9377600839234	0.02911999999969339	epochs	2.0
3250.9377600839234	0.014639999999872089	epochs	3.0
3250.9524000839233	0.014479999999821302	epochs	3.0
3250.966880083923	0.028960000000097352	epochs	2.0
3250.966880083923	0.01448000000027605	epochs	3.0
3250.9813600839234	0.014479999999821302	epochs	3.0
3250.995840083923	0.02863999999999578	epochs	2.0
3250.995840083923	0.014320000000225264	epochs	3.0
3251.0101600839234	0.014319999999770516	epochs	3.0
3251.024480083923	0.02856000000019776	epochs	2.0
3251.024480083923	0.014320000000225264	epochs	3.0
3251.0388000839234	0.014239999999972497	epochs	3.0
3251.0530400839234	0.028319999999894208	epochs	2.0
3251.0530400839234	0.01415999999971973	epochs	3.0
3251.067200083923	0.014160000000174477	epochs	3.0
3251.0813600839233	0.02815999999984342	epochs	2.0
3251.0813600839233	0.014160000000174477	epochs	3.0
3251.0955200839235	0.013999999999668944	epochs	3.0
3251.109520083923	0.028000000000247383	epochs	2.0
3251.109520083923	0.014000000000123691	epochs	3.0
3251.1235200839233	0.014000000000123691	epochs	3.0
3251.1375200839234	0.02775999999994383	epochs	2.0
3251.1375200839234	0.013919999999870925	epochs	3.0
3251.1514400839233	0.013840000000072905	epochs	3.0
3251.1652800839233	0.02768000000014581	epochs	2.0
3251.1652800839233	0.013840000000072905	epochs	3.0
3251.1791200839234	0.013840000000072905	epochs	3.0
3251.1929600839235	0.027439999999842257	epochs	2.0
3251.1929600839235	0.013759999999820138	epochs	3.0
3251.2067200839233	0.013680000000022119	epochs	3.0
3251.2204000839233	0.02727999999979147	epochs	2.0
3251.2204000839233	0.013680000000022119	epochs	3.0
3251.2340800839233	0.013599999999769352	epochs	3.0
3251.247680083923	0.027120000000195432	epochs	2.0
3251.247680083923	0.01352000000042608	epochs	3.0
3251.2612000839235	0.013599999999769352	epochs	3.0
3251.2748000839233	0.02687999999989188	epochs	2.0
3251.2748000839233	0.013440000000173313	epochs	3.0
3251.2882400839235	0.013439999999718566	epochs	3.0
3251.301680083923	0.02680000000009386	epochs	2.0
3251.301680083923	0.013440000000173313	epochs	3.0
3251.3151200839234	0.013359999999920547	epochs	3.0
3251.3284800839233	0.026560000000245054	epochs	2.0
3251.3284800839233	0.013280000000122527	epochs	3.0
3251.3417600839234	0.013280000000122527	epochs	3.0
3251.3550400839235	0.026479999999992287	epochs	2.0
3251.3550400839235	0.01327999999966778	epochs	3.0
3251.368320083923	0.013200000000324508	epochs	3.0
3251.3815200839235	0.026239999999688735	epochs	2.0
3251.3815200839235	0.013119999999616994	epochs	3.0
3251.394640083923	0.013120000000071741	epochs	3.0
3251.407760083923	0.026159999999890715	epochs	2.0
3251.407760083923	0.013120000000071741	epochs	3.0
3251.4208800839233	0.013039999999818974	epochs	3.0
3251.433920083923	0.026000000000294676	epochs	2.0
3251.433920083923	0.013040000000273722	epochs	3.0
3251.4469600839234	0.012960000000020955	epochs	3.0
3251.4599200839234	0.025759999999991123	epochs	2.0
3251.4599200839234	0.012879999999768188	epochs	3.0
3251.472800083923	0.012880000000222935	epochs	3.0
3251.4856800839234	0.025679999999738357	epochs	2.0
3251.4856800839234	0.012879999999768188	epochs	3.0
3251.498560083923	0.012799999999970169	epochs	3.0
3251.511360083923	0.025520000000142318	epochs	2.0
3251.511360083923	0.012800000000424916	epochs	3.0
3251.5241600839236	0.012719999999717402	epochs	3.0
3251.5368800839233	0.02536000000009153	epochs	2.0
3251.5368800839233	0.01272000000017215	epochs	3.0
3251.5496000839235	0.012639999999919382	epochs	3.0
3251.5622400839234	0.025200000000040745	epochs	2.0
3251.5622400839234	0.012639999999919382	epochs	3.0
3251.5748800839233	0.012560000000121363	epochs	3.0
3251.5874400839234	0.0245599999998376	epochs	2.0
3251.6115200839236	0.5	epochs	-1.0
3251.6120000839232	0.5399200000001656	epochs	1.0
3252.1519200839234	0.4600000000000364	epochs	0.0
3257.0190000534058	0.09999999999990905	epochs	0.0
3257.0190000534058	0.04496000000017375	epochs	1.0
3257.063960053406	0.010080000000016298	epochs	1.0
3257.074040053406	0.044959999999719	epochs	1.0
3257.1190000534057	2.0	epochs	0.0
3259.1190000534057	21.51927999999998	epochs	0.0
3259.1190000534057	1.0	epochs	1.0
3259.1190000534057	0.5	epochs	-1.0
3259.6190000534057	19.999520000000302	epochs	-1.0
3260.1190000534057	20.0	epochs	1.0
3260.1190000534057	8.000000025276677e-05	epochs	2.0
3260.119080053406	4.356719999999768	epochs	-1.0
3260.119080053406	1.9745599999996557	epochs	2.0
3260.119080053406	1.0985599999999067	epochs	3.0
3261.217640053406	0.875999999999749	epochs	3.0
3262.0936400534056	1.352400000000216	epochs	2.0
3262.0936400534056	0.7286400000002686	epochs	3.0
3262.822280053406	0.6237599999999475	epochs	3.0
3263.446040053406	1.0297599999998965	epochs	2.0
3263.446040053406	0.5453600000000733	epochs	3.0
3263.991400053406	0.4843999999998232	epochs	3.0
3264.4758000534057	0.8317600000000311	epochs	2.0
3264.4758000534057	0.4357599999998456	epochs	3.0
3264.9115600534055	0.39600000000018554	epochs	3.0
3265.3075600534057	0.6978399999998146	epochs	2.0
3265.3075600534057	0.362880000000132	epochs	3.0
3265.670440053406	0.3349599999996826	epochs	3.0
3266.0054000534055	0.6010400000000118	epochs	2.0
3266.0054000534055	0.3108799999999974	epochs	3.0
3266.3162800534055	0.2901600000000144	epochs	3.0
3266.6064400534055	0.5278400000001966	epochs	2.0
3266.6064400534055	0.2719200000001365	epochs	3.0
3266.8783600534057	0.2559200000000601	epochs	3.0
3267.1342800534057	0.47064000000000306	epochs	2.0
3267.1342800534057	0.2416800000000876	epochs	3.0
3267.375960053406	0.22895999999991545	epochs	3.0
3267.6049200534057	0.42455999999992855	epochs	2.0
3267.6049200534057	0.21743999999989683	epochs	3.0
3267.8223600534056	0.20712000000003172	epochs	3.0
3268.0294800534057	0.3867199999999684	epochs	2.0
3268.0294800534057	0.19768000000021857	epochs	3.0
3268.227160053406	0.18903999999974985	epochs	3.0
3268.4162000534056	0.35512000000016997	epochs	2.0
3268.4162000534056	0.1811999999999898	epochs	3.0
3268.5974000534056	0.17392000000018015	epochs	3.0
3268.771320053406	0.32823999999982334	epochs	2.0
3268.771320053406	0.16719999999986612	epochs	3.0
3268.9385200534057	0.16103999999995722	epochs	3.0
3269.0995600534056	0.30520000000024083	epochs	2.0
3269.0995600534056	0.1552799999999479	epochs	3.0
3269.2548400534056	0.14992000000029293	epochs	3.0
3269.404760053406	0.28512000000000626	epochs	2.0
3269.404760053406	0.14487999999983003	epochs	3.0
3269.5496400534057	0.14024000000017622	epochs	3.0
3269.689880053406	0.26751999999987675	epochs	2.0
3269.689880053406	0.13583999999991647	epochs	3.0
3269.825720053406	0.13167999999996027	epochs	3.0
3269.9574000534058	0.2520800000002055	epochs	2.0
3269.9574000534058	0.12784000000010565	epochs	3.0
3270.085240053406	0.12424000000009983	epochs	3.0
3270.209480053406	0.2381599999998798	epochs	2.0
3270.209480053406	0.12071999999989202	epochs	3.0
3270.330200053406	0.11743999999998778	epochs	3.0
3270.447640053406	0.225840000000062	epochs	2.0
3270.447640053406	0.11439999999993233	epochs	3.0
3270.562040053406	0.11144000000012966	epochs	3.0
3270.673480053406	0.2146399999996902	epochs	2.0
3270.673480053406	0.10863999999992302	epochs	3.0
3270.782120053406	0.10599999999976717	epochs	3.0
3270.8881200534056	0.20448000000033062	epochs	2.0
3270.8881200534056	0.10344000000031883	epochs	3.0
3270.991560053406	0.10104000000001179	epochs	3.0
3271.092600053406	0.19535999999970954	epochs	2.0
3271.092600053406	0.09879999999975553	epochs	3.0
3271.1914000534057	0.09655999999995402	epochs	3.0
3271.2879600534056	0.18695999999999913	epochs	2.0
3271.2879600534056	0.09448000000020329	epochs	3.0
3271.382440053406	0.09247999999979584	epochs	3.0
3271.4749200534056	0.1792000000000371	epochs	2.0
3271.4749200534056	0.09048000000029788	epochs	3.0
3271.565400053406	0.08871999999973923	epochs	3.0
3271.6541200534057	0.17208000000027823	epochs	2.0
3271.6541200534057	0.08688000000029206	epochs	3.0
3271.741000053406	0.08519999999998618	epochs	3.0
3271.826200053406	0.165520000000015	epochs	2.0
3271.826200053406	0.08359999999993306	epochs	3.0
3271.909800053406	0.08192000000008193	epochs	3.0
3271.991720053406	0.15951999999970212	epochs	2.0
3271.991720053406	0.08047999999962485	epochs	3.0
3272.0722000534056	0.07904000000007727	epochs	3.0
3272.1512400534057	0.15376000000014756	epochs	2.0
3272.1512400534057	0.07760000000007494	epochs	3.0
3272.2288400534057	0.07616000000007261	epochs	3.0
3272.305000053406	0.14856000000008862	epochs	2.0
3272.305000053406	0.07495999999991909	epochs	3.0
3272.3799600534057	0.07360000000016953	epochs	3.0
3272.453560053406	0.1436799999996765	epochs	2.0
3272.453560053406	0.07247999999981403	epochs	3.0
3272.5260400534057	0.07119999999986248	epochs	3.0
3272.5972400534056	0.1390400000000227	epochs	2.0
3272.5972400534056	0.07007999999996173	epochs	3.0
3272.6673200534055	0.06896000000006097	epochs	3.0
3272.7362800534056	0.13472000000001572	epochs	2.0
3272.7362800534056	0.06791999999995824	epochs	3.0
3272.8042000534056	0.06680000000005748	epochs	3.0
3272.8710000534056	0.1307200000001103	epochs	2.0
3272.8710000534056	0.06584000000020751	epochs	3.0
3272.936840053406	0.0648799999999028	epochs	3.0
3273.0017200534057	0.1268000000000029	epochs	2.0
3273.0017200534057	0.06383999999980006	epochs	3.0
3273.0655600534055	0.06296000000020285	epochs	3.0
3273.1285200534057	0.12328000000024986	epochs	2.0
3273.1285200534057	0.0620800000001509	epochs	3.0
3273.190600053406	0.06120000000009895	epochs	3.0
3273.251800053406	0.11983999999984007	epochs	2.0
3273.251800053406	0.060319999999592255	epochs	3.0
3273.3121200534056	0.05952000000024782	epochs	3.0
3273.371640053406	0.11663999999973385	epochs	2.0
3273.371640053406	0.05871999999999389	epochs	3.0
3273.430360053406	0.05791999999973996	epochs	3.0
3273.4882800534056	0.11360000000013315	epochs	2.0
3273.4882800534056	0.05720000000019354	epochs	3.0
3273.5454800534058	0.05639999999993961	epochs	3.0
3273.6018800534057	0.1107200000001285	epochs	2.0
3273.6018800534057	0.055679999999938445	epochs	3.0
3273.6575600534056	0.05504000000019005	epochs	3.0
3273.712600053406	0.10791999999992186	epochs	2.0
3273.712600053406	0.05423999999993612	epochs	3.0
3273.7668400534058	0.05367999999998574	epochs	3.0
3273.8205200534057	0.10528000000022075	epochs	2.0
3273.8205200534057	0.052959999999984575	epochs	3.0
3273.8734800534057	0.05232000000023618	epochs	3.0
3273.925800053406	0.10287999999991371	epochs	2.0
3273.925800053406	0.05175999999983105	epochs	3.0
3273.977560053406	0.051120000000082655	epochs	3.0
3274.028680053406	0.10039999999980864	epochs	2.0
3274.028680053406	0.05047999999987951	epochs	3.0
3274.0791600534058	0.04991999999992913	epochs	3.0
3274.1290800534057	0.0982400000002599	epochs	2.0
3274.1290800534057	0.049359999999978754	epochs	3.0
3274.1784400534057	0.04888000000028114	epochs	3.0
3274.227320053406	0.09600000000000364	epochs	2.0
3274.227320053406	0.04823999999962325	epochs	3.0
3274.2755600534056	0.04776000000038039	epochs	3.0
3274.323320053406	0.09391999999979816	epochs	2.0
3274.323320053406	0.04719999999997526	epochs	3.0
3274.370520053406	0.0467199999998229	epochs	3.0
3274.4172400534057	0.09191999999984546	epochs	2.0
3274.4172400534057	0.046159999999872525	epochs	3.0
3274.4634000534056	0.04575999999997293	epochs	3.0
3274.5091600534056	0.09007999999994354	epochs	2.0
3274.5091600534056	0.04528000000027532	epochs	3.0
3274.554440053406	0.044799999999668216	epochs	3.0
3274.5992400534055	0.0881600000002436	epochs	2.0
3274.5992400534055	0.04432000000042535	epochs	3.0
3274.643560053406	0.04383999999981825	epochs	3.0
3274.687400053406	0.08647999999993772	epochs	2.0
3274.687400053406	0.043439999999918655	epochs	3.0
3274.7308400534057	0.04304000000001906	epochs	3.0
3274.7738800534057	0.08471999999983382	epochs	2.0
3274.7738800534057	0.042559999999866704	epochs	3.0
3274.8164400534056	0.04215999999996711	epochs	3.0
3274.8586000534056	0.08320000000003347	epochs	2.0
3274.8586000534056	0.04176000000006752	epochs	3.0
3274.9003600534056	0.04143999999996595	epochs	3.0
3274.9418000534056	0.08152000000018234	epochs	2.0
3274.9418000534056	0.04096000000026834	epochs	3.0
3274.982760053406	0.040559999999914	epochs	3.0
3275.0233200534058	0.08008000000018001	epochs	2.0
3275.0233200534058	0.040239999999812426	epochs	3.0
3275.0635600534056	0.03984000000036758	epochs	3.0
3275.103400053406	0.07863999999972293	epochs	2.0
3275.103400053406	0.03951999999981126	epochs	3.0
3275.1429200534058	0.03911999999991167	epochs	3.0
3275.1820400534057	0.07720000000017535	epochs	2.0
3275.1820400534057	0.038800000000264845	epochs	3.0
3275.220840053406	0.038399999999910506	epochs	3.0
3275.259240053406	0.07591999999976906	epochs	2.0
3275.259240053406	0.0381600000000617	epochs	3.0
3275.297400053406	0.03775999999970736	epochs	3.0
3275.3351600534056	0.0745600000000195	epochs	2.0
3275.3351600534056	0.037440000000060536	epochs	3.0
3275.3726000534057	0.037119999999958964	epochs	3.0
3275.4097200534056	0.07336000000032072	epochs	2.0
3275.4097200534056	0.03680000000031214	epochs	3.0
3275.446520053406	0.036560000000008586	epochs	3.0
3275.483080053406	0.07207999999991443	epochs	2.0
3275.483080053406	0.036159999999654246	epochs	3.0
3275.5192400534056	0.03592000000026019	epochs	3.0
3275.555160053406	0.07087999999976091	epochs	2.0
3275.555160053406	0.03559999999970387	epochs	3.0
3275.5907600534056	0.035280000000057044	epochs	3.0
3275.6260400534056	0.06984000000011292	epochs	2.0
3275.6260400534056	0.03504000000020824	epochs	3.0
3275.661080053406	0.034799999999904685	epochs	3.0
3275.6958800534057	0.0686399999999594	epochs	2.0
3275.6958800534057	0.03447999999980311	epochs	3.0
3275.7303600534055	0.03416000000015629	epochs	3.0
3275.7645200534057	0.06759999999985666	epochs	2.0
3275.7645200534057	0.033919999999852735	epochs	3.0
3275.7984400534056	0.03368000000000393	epochs	3.0
3275.8321200534056	0.06656000000020867	epochs	2.0
3275.8321200534056	0.03344000000015512	epochs	3.0
3275.8655600534057	0.03312000000005355	epochs	3.0
3275.8986800534058	0.06559999999990396	epochs	2.0
3275.8986800534058	0.032960000000002765	epochs	3.0
3275.9316400534058	0.03263999999990119	epochs	3.0
3275.9642800534057	0.06456000000025597	epochs	2.0
3275.9642800534057	0.03240000000005239	epochs	3.0
3275.9966800534057	0.03216000000020358	epochs	3.0
3276.028840053406	0.06367999999974927	epochs	2.0
3276.028840053406	0.03199999999969805	epochs	3.0
3276.0608400534056	0.03168000000005122	epochs	3.0
3276.0925200534057	0.0627199999998993	epochs	2.0
3276.0925200534057	0.03144000000020242	epochs	3.0
3276.123960053406	0.031279999999696884	epochs	3.0
3276.1552400534056	0.0618400000003021	epochs	2.0
3276.1552400534056	0.031040000000302825	epochs	3.0
3276.186280053406	0.030799999999999272	epochs	3.0
3276.217080053406	0.0609599999997954	epochs	2.0
3276.217080053406	0.03055999999969572	epochs	3.0
3276.2476400534056	0.03040000000009968	epochs	3.0
3276.2780400534057	0.060159999999996217	epochs	2.0
3276.2780400534057	0.030160000000250875	epochs	3.0
3276.308200053406	0.02999999999974534	epochs	3.0
3276.3382000534057	0.059279999999944266	epochs	2.0
3276.3382000534057	0.029680000000098516	epochs	3.0
3276.3678800534058	0.02959999999984575	epochs	3.0
3276.3974800534056	0.05848000000014508	epochs	2.0
3276.3974800534056	0.029359999999996944	epochs	3.0
3276.4268400534056	0.02912000000014814	epochs	3.0
3276.4559600534058	0.05776000000014392	epochs	2.0
3276.4559600534058	0.028960000000097352	epochs	3.0
3276.484920053406	0.028800000000046566	epochs	3.0
3276.513720053406	0.05695999999988999	epochs	2.0
3276.513720053406	0.028559999999743013	epochs	3.0
3276.5422800534056	0.028400000000146974	epochs	3.0
3276.570680053406	0.05623999999988882	epochs	2.0
3276.570680053406	0.02815999999984342	epochs	3.0
3276.5988400534056	0.028080000000045402	epochs	3.0
3276.6269200534057	0.05544000000008964	epochs	2.0
3276.6269200534057	0.027840000000196596	epochs	3.0
3276.654760053406	0.027599999999893043	epochs	3.0
3276.682360053406	0.05488000000013926	epochs	2.0
3276.682360053406	0.027520000000095024	epochs	3.0
3276.709880053406	0.027360000000044238	epochs	3.0
3276.737240053406	0.05407999999988533	epochs	2.0
3276.737240053406	0.027119999999740685	epochs	3.0
3276.7643600534057	0.026960000000144646	epochs	3.0
3276.791320053406	0.053440000000136934	epochs	2.0
3276.791320053406	0.02680000000009386	epochs	3.0
3276.818120053406	0.026640000000043074	epochs	3.0
3276.844760053406	0.05287999999973181	epochs	2.0
3276.844760053406	0.026479999999992287	epochs	3.0
3276.871240053406	0.02639999999973952	epochs	3.0
3276.8976400534057	0.05216000000018539	epochs	2.0
3276.8976400534057	0.026159999999890715	epochs	3.0
3276.9238000534056	0.026000000000294676	epochs	3.0
3276.949800053406	0.05151999999998225	epochs	2.0
3276.949800053406	0.025839999999789143	epochs	3.0
3276.9756400534056	0.025680000000193104	epochs	3.0
3277.001320053406	0.05096000000003187	epochs	2.0
3277.001320053406	0.025599999999940337	epochs	3.0
3277.026920053406	0.02536000000009153	epochs	3.0
3277.052280053406	0.05040000000008149	epochs	2.0
3277.052280053406	0.025279999999838765	epochs	3.0
3277.0775600534057	0.025120000000242726	epochs	3.0
3277.102680053406	0.049759999999878346	epochs	2.0
3277.102680053406	0.024959999999737192	epochs	3.0
3277.1276400534057	0.024800000000141154	epochs	3.0
3277.152440053406	0.04919999999992797	epochs	2.0
3277.152440053406	0.024640000000090367	epochs	3.0
3277.177080053406	0.0245599999998376	epochs	3.0
3277.2016400534058	0.04872000000023036	epochs	2.0
3277.2016400534058	0.024399999999786814	epochs	3.0
3277.2260400534055	0.024320000000443542	epochs	3.0
3277.250360053406	0.048079999999572465	epochs	2.0
3277.250360053406	0.024079999999685242	epochs	3.0
3277.2744400534057	0.023999999999887223	epochs	3.0
3277.2984400534056	0.0476000000003296	epochs	2.0
3277.2984400534056	0.023840000000291184	epochs	3.0
3277.322280053406	0.023760000000038417	epochs	3.0
3277.346040053406	0.047119999999722495	epochs	2.0
3277.346040053406	0.02359999999998763	epochs	3.0
3277.369640053406	0.023519999999734864	epochs	3.0
3277.3931600534056	0.046560000000226864	epochs	2.0
3277.3931600534056	0.023360000000138825	epochs	3.0
3277.4165200534057	0.02320000000008804	epochs	3.0
3277.439720053406	0.046080000000074506	epochs	2.0
3277.439720053406	0.023119999999835272	epochs	3.0
3277.4628400534057	0.022960000000239233	epochs	3.0
3277.485800053406	0.04559999999992215	epochs	2.0
3277.485800053406	0.022879999999986467	epochs	3.0
3277.508680053406	0.02271999999993568	epochs	3.0
3277.531400053406	0.04511999999976979	epochs	2.0
3277.531400053406	0.02264000000013766	epochs	3.0
3277.554040053406	0.022479999999632128	epochs	3.0
3277.5765200534056	0.04464000000007218	epochs	2.0
3277.5765200534056	0.022400000000288856	epochs	3.0
3277.598920053406	0.022239999999783322	epochs	3.0
3277.6211600534057	0.044240000000172586	epochs	2.0
3277.6211600534057	0.022159999999985303	epochs	3.0
3277.6433200534057	0.022080000000187283	epochs	3.0
3277.665400053406	0.04376000000002023	epochs	2.0
3277.665400053406	0.021920000000136497	epochs	3.0
3277.687320053406	0.02183999999988373	epochs	3.0
3277.709160053406	0.04335999999966589	epochs	2.0
3277.709160053406	0.02176000000008571	epochs	3.0
3277.730920053406	0.021599999999580177	epochs	3.0
3277.7525200534055	0.042880000000423024	epochs	2.0
3277.7525200534055	0.021440000000438886	epochs	3.0
3277.773960053406	0.02143999999998414	epochs	3.0
3277.795400053406	0.04247999999961394	epochs	2.0
3277.795400053406	0.021279999999933352	epochs	3.0
3277.816680053406	0.021199999999680585	epochs	3.0
3277.8378800534056	0.04208000000016909	epochs	2.0
3277.8378800534056	0.021040000000084547	epochs	3.0
3277.8589200534057	0.021040000000084547	epochs	3.0
3277.8799600534057	0.041679999999814754	epochs	2.0
3277.8799600534057	0.02088000000003376	epochs	3.0
3277.900840053406	0.020799999999780994	epochs	3.0
3277.9216400534056	0.04120000000011714	epochs	2.0
3277.9216400534056	0.020640000000184955	epochs	3.0
3277.9422800534057	0.020559999999932188	epochs	3.0
3277.9628400534057	0.04088000000001557	epochs	2.0
3277.9628400534057	0.020559999999932188	epochs	3.0
3277.9834000534056	0.020320000000083382	epochs	3.0
3278.0037200534057	0.040559999999914	epochs	2.0
3278.0037200534057	0.020320000000083382	epochs	3.0
3278.0240400534058	0.020239999999830616	epochs	3.0
3278.0442800534056	0.04008000000021639	epochs	2.0
3278.0442800534056	0.020080000000234577	epochs	3.0
3278.064360053406	0.01999999999998181	epochs	3.0
3278.084360053406	0.039760000000114815	epochs	2.0
3278.084360053406	0.019919999999729043	epochs	3.0
3278.1042800534055	0.01984000000038577	epochs	3.0
3278.124120053406	0.03944000000001324	epochs	2.0
3278.124120053406	0.019759999999678257	epochs	3.0
3278.1438800534056	0.019680000000334985	epochs	3.0
3278.163560053406	0.0390399999996589	epochs	2.0
3278.163560053406	0.01951999999982945	epochs	3.0
3278.183080053406	0.01951999999982945	epochs	3.0
3278.2026000534056	0.03864000000021406	epochs	2.0
3278.2026000534056	0.019360000000233413	epochs	3.0
3278.221960053406	0.019279999999980646	epochs	3.0
3278.241240053406	0.038399999999910506	epochs	2.0
3278.241240053406	0.019279999999980646	epochs	3.0
3278.260520053406	0.01911999999992986	epochs	3.0
3278.2796400534057	0.038000000000010914	epochs	2.0
3278.2796400534057	0.01904000000013184	epochs	3.0
3278.298680053406	0.018959999999879074	epochs	3.0
3278.3176400534057	0.03767999999990934	epochs	2.0
3278.3176400534057	0.018880000000081054	epochs	3.0
3278.336520053406	0.018799999999828287	epochs	3.0
3278.3553200534056	0.03736000000026252	epochs	2.0
3278.3553200534056	0.018720000000030268	epochs	3.0
3278.3740400534057	0.01864000000023225	epochs	3.0
3278.392680053406	0.0370399999997062	epochs	2.0
3278.392680053406	0.018559999999979482	epochs	3.0
3278.411240053406	0.018479999999726715	epochs	3.0
3278.4297200534056	0.03672000000005937	epochs	2.0
3278.4297200534056	0.018399999999928696	epochs	3.0
3278.4481200534055	0.018320000000130676	epochs	3.0
3278.4664400534057	0.036480000000210566	epochs	2.0
3278.4664400534057	0.01823999999987791	epochs	3.0
3278.4846800534056	0.018240000000332657	epochs	3.0
3278.502920053406	0.03607999999985623	epochs	2.0
3278.502920053406	0.018079999999827123	epochs	3.0
3278.5210000534057	0.018000000000029104	epochs	3.0
3278.5390000534057	0.03584000000000742	epochs	2.0
3278.5390000534057	0.017920000000231084	epochs	3.0
3278.556920053406	0.017919999999776337	epochs	3.0
3278.5748400534058	0.03551999999990585	epochs	2.0
3278.5748400534058	0.017760000000180298	epochs	3.0
3278.592600053406	0.01775999999972555	epochs	3.0
3278.6103600534057	0.035200000000259024	epochs	2.0
3278.6103600534057	0.01767999999992753	epochs	3.0
3278.6280400534056	0.017520000000331493	epochs	3.0
3278.645560053406	0.03495999999995547	epochs	2.0
3278.645560053406	0.017519999999876745	epochs	3.0
3278.663080053406	0.017440000000078726	epochs	3.0
3278.680520053406	0.034720000000106666	epochs	2.0
3278.680520053406	0.017440000000078726	epochs	3.0
3278.697960053406	0.01728000000002794	epochs	3.0
3278.715240053406	0.03440000000000509	epochs	2.0
3278.715240053406	0.017199999999775173	epochs	3.0
3278.7324400534058	0.01720000000022992	epochs	3.0
3278.749640053406	0.03415999999970154	epochs	2.0
3278.749640053406	0.017119999999977153	epochs	3.0
3278.766760053406	0.017039999999724387	epochs	3.0
3278.7838000534057	0.033840000000054715	epochs	2.0
3278.7838000534057	0.016959999999926367	epochs	3.0
3278.8007600534056	0.016880000000128348	epochs	3.0
3278.8176400534057	0.03360000000020591	epochs	2.0
3278.8176400534057	0.01679999999987558	epochs	3.0
3278.8344400534056	0.01680000000033033	epochs	3.0
3278.851240053406	0.03335999999990236	epochs	2.0
3278.851240053406	0.016719999999622814	epochs	3.0
3278.8679600534056	0.016640000000279542	epochs	3.0
3278.884600053406	0.03312000000005355	epochs	2.0
3278.884600053406	0.016560000000026776	epochs	3.0
3278.901160053406	0.016560000000026776	epochs	3.0
3278.917720053406	0.03279999999995198	epochs	2.0
3278.917720053406	0.01639999999997599	epochs	3.0
3278.934120053406	0.01639999999997599	epochs	3.0
3278.950520053406	0.03256000000010317	epochs	2.0
3278.950520053406	0.016319999999723223	epochs	3.0
3278.9668400534056	0.01624000000037995	epochs	3.0
3278.983080053406	0.03239999999959764	epochs	2.0
3278.983080053406	0.016239999999925203	epochs	3.0
3278.999320053406	0.016159999999672436	epochs	3.0
3279.0154800534056	0.03208000000040556	epochs	2.0
3279.0154800534056	0.016080000000329164	epochs	3.0
3279.031560053406	0.016000000000076398	epochs	3.0
3279.047560053406	0.03191999999990003	epochs	2.0
3279.047560053406	0.01599999999962165	epochs	3.0
3279.0635600534056	0.015920000000278378	epochs	3.0
3279.079480053406	0.031599999999798456	epochs	2.0
3279.079480053406	0.01584000000002561	epochs	3.0
3279.095320053406	0.015759999999772845	epochs	3.0
3279.1110800534057	0.03144000000020242	epochs	2.0
3279.1110800534057	0.015760000000227592	epochs	3.0
3279.126840053406	0.015679999999974825	epochs	3.0
3279.142520053406	0.031199999999898864	epochs	2.0
3279.142520053406	0.015599999999722058	epochs	3.0
3279.1581200534056	0.015600000000176806	epochs	3.0
3279.1737200534058	0.03096000000005006	epochs	2.0
3279.1737200534058	0.015519999999924039	epochs	3.0
3279.1892400534057	0.01544000000012602	epochs	3.0
3279.204680053406	0.030719999999746506	epochs	2.0
3279.204680053406	0.01544000000012602	epochs	3.0
3279.220120053406	0.015279999999620486	epochs	3.0
3279.2354000534056	0.030560000000150467	epochs	2.0
3279.2354000534056	0.015360000000328	epochs	3.0
3279.250760053406	0.015199999999822467	epochs	3.0
3279.2659600534057	0.030319999999846914	epochs	2.0
3279.2659600534057	0.015200000000277214	epochs	3.0
3279.281160053406	0.0151199999995697	epochs	3.0
3279.2962800534056	0.030079999999998108	epochs	2.0
3279.2962800534056	0.015120000000024447	epochs	3.0
3279.3114000534056	0.014959999999973661	epochs	3.0
3279.3263600534056	0.02992000000040207	epochs	2.0
3279.3263600534056	0.015040000000226428	epochs	3.0
3279.341400053406	0.014880000000175642	epochs	3.0
3279.356280053406	0.02967999999964377	epochs	2.0
3279.356280053406	0.014879999999720894	epochs	3.0
3279.3711600534057	0.014799999999922875	epochs	3.0
3279.3859600534056	0.02952000000004773	epochs	2.0
3279.3859600534056	0.014800000000377622	epochs	3.0
3279.400760053406	0.014719999999670108	epochs	3.0
3279.4154800534056	0.029280000000198925	epochs	2.0
3279.4154800534056	0.014720000000124855	epochs	3.0
3279.4302000534058	0.01456000000007407	epochs	3.0
3279.444760053406	0.02911999999969339	epochs	2.0
3279.444760053406	0.014639999999872089	epochs	3.0
3279.4594000534057	0.014479999999821302	epochs	3.0
3279.4738800534055	0.028960000000097352	epochs	2.0
3279.4738800534055	0.01448000000027605	epochs	3.0
3279.488360053406	0.014479999999821302	epochs	3.0
3279.5028400534056	0.02863999999999578	epochs	2.0
3279.5028400534056	0.014320000000225264	epochs	3.0
3279.517160053406	0.014319999999770516	epochs	3.0
3279.5314800534056	0.02856000000019776	epochs	2.0
3279.5314800534056	0.014320000000225264	epochs	3.0
3279.545800053406	0.014239999999972497	epochs	3.0
3279.560040053406	0.028319999999894208	epochs	2.0
3279.560040053406	0.01415999999971973	epochs	3.0
3279.5742000534055	0.014160000000174477	epochs	3.0
3279.5883600534057	0.02815999999984342	epochs	2.0
3279.5883600534057	0.014160000000174477	epochs	3.0
3279.602520053406	0.013999999999668944	epochs	3.0
3279.6165200534056	0.028000000000247383	epochs	2.0
3279.6165200534056	0.014000000000123691	epochs	3.0
3279.6305200534057	0.014000000000123691	epochs	3.0
3279.644520053406	0.02775999999994383	epochs	2.0
3279.644520053406	0.013919999999870925	epochs	3.0
3279.6584400534057	0.013840000000072905	epochs	3.0
3279.6722800534058	0.02768000000014581	epochs	2.0
3279.6722800534058	0.013840000000072905	epochs	3.0
3279.686120053406	0.013840000000072905	epochs	3.0
3279.699960053406	0.027439999999842257	epochs	2.0
3279.699960053406	0.013759999999820138	epochs	3.0
3279.7137200534057	0.013680000000022119	epochs	3.0
3279.7274000534057	0.02727999999979147	epochs	2.0
3279.7274000534057	0.013680000000022119	epochs	3.0
3279.7410800534058	0.013599999999769352	epochs	3.0
3279.7546800534055	0.027120000000195432	epochs	2.0
3279.7546800534055	0.01352000000042608	epochs	3.0
3279.768200053406	0.013599999999769352	epochs	3.0
3279.7818000534057	0.02687999999989188	epochs	2.0
3279.7818000534057	0.013440000000173313	epochs	3.0
3279.795240053406	0.013439999999718566	epochs	3.0
3279.8086800534056	0.02680000000009386	epochs	2.0
3279.8086800534056	0.013440000000173313	epochs	3.0
3279.822120053406	0.013359999999920547	epochs	3.0
3279.8354800534057	0.026560000000245054	epochs	2.0
3279.8354800534057	0.013280000000122527	epochs	3.0
3279.848760053406	0.013280000000122527	epochs	3.0
3279.862040053406	0.026479999999992287	epochs	2.0
3279.862040053406	0.01327999999966778	epochs	3.0
3279.8753200534056	0.013200000000324508	epochs	3.0
3279.888520053406	0.026239999999688735	epochs	2.0
3279.888520053406	0.013119999999616994	epochs	3.0
3279.9016400534056	0.013120000000071741	epochs	3.0
3279.9147600534056	0.026159999999890715	epochs	2.0
3279.9147600534056	0.013120000000071741	epochs	3.0
3279.9278800534057	0.013039999999818974	epochs	3.0
3279.9409200534055	0.026000000000294676	epochs	2.0
3279.9409200534055	0.013040000000273722	epochs	3.0
3279.953960053406	0.012960000000020955	epochs	3.0
3279.966920053406	0.025759999999991123	epochs	2.0
3279.966920053406	0.012879999999768188	epochs	3.0
3279.9798000534056	0.012880000000222935	epochs	3.0
3279.992680053406	0.025679999999738357	epochs	2.0
3279.992680053406	0.012879999999768188	epochs	3.0
3280.0055600534056	0.012799999999970169	epochs	3.0
3280.0183600534056	0.025520000000142318	epochs	2.0
3280.0183600534056	0.012800000000424916	epochs	3.0
3280.031160053406	0.012719999999717402	epochs	3.0
3280.0438800534057	0.02536000000009153	epochs	2.0
3280.0438800534057	0.01272000000017215	epochs	3.0
3280.056600053406	0.012639999999919382	epochs	3.0
3280.069240053406	0.025200000000040745	epochs	2.0
3280.069240053406	0.012639999999919382	epochs	3.0
3280.0818800534057	0.012560000000121363	epochs	3.0
3280.094440053406	0.0245599999998376	epochs	2.0
3280.118520053406	0.5	epochs	-1.0
3280.1190000534057	0.5192799999999806	epochs	1.0
3280.6382800534057	0.48064000000022133	epochs	0.0
3285.223000049591	0.09999999999990905	epochs	0.0
3285.223000049591	0.04496000000017375	epochs	1.0
3285.2679600495912	0.010080000000016298	epochs	1.0
3285.2780400495913	0.044959999999719	epochs	1.0
3285.323000049591	2.0	epochs	0.0
3287.323000049591	0.5195200000002842	epochs	0.0
3287.323000049591	0.5195200000002842	epochs	1.0
3287.323000049591	0.5	epochs	-1.0
3287.823000049591	0.0195200000002842	epochs	-1.0
3287.8425200495913	21.480399999999918	epochs	0.0
3292.3810000419617	0.09999999999990905	epochs	0.0
3292.3810000419617	0.04496000000017375	epochs	1.0
3292.425960041962	0.010080000000016298	epochs	1.0
3292.436040041962	0.044959999999719	epochs	1.0
3292.4810000419616	2.0	epochs	0.0
3294.4810000419616	0.5203999999998814	epochs	0.0
3294.4810000419616	0.5203999999998814	epochs	1.0
3294.4810000419616	0.5	epochs	-1.0
3294.9810000419616	0.020399999999881402	epochs	-1.0
3295.0014000419615	21.47952000000032	epochs	0.0
3299.6200003623962	0.09999999999990905	epochs	0.0
3299.6200003623962	0.04496000000017375	epochs	1.0
3299.6649603623964	0.010080000000016298	epochs	1.0
3299.6750403623964	0.044959999999719	epochs	1.0
3299.720000362396	2.0	epochs	0.0
3301.720000362396	21.51944000000003	epochs	0.0
3301.720000362396	1.0	epochs	1.0
3301.720000362396	0.5	epochs	-1.0
3302.220000362396	19.999520000000302	epochs	-1.0
3302.720000362396	20.0	epochs	1.0
3302.720000362396	8.000000025276677e-05	epochs	2.0
3302.7200803623964	4.356719999999768	epochs	-1.0
3302.7200803623964	1.9745599999996557	epochs	2.0
3302.7200803623964	1.0985599999999067	epochs	3.0
3303.8186403623963	0.875999999999749	epochs	3.0
3304.694640362396	1.352400000000216	epochs	2.0
3304.694640362396	0.7286400000002686	epochs	3.0
3305.4232803623963	0.6237599999999475	epochs	3.0
3306.0470403623963	1.0297599999998965	epochs	2.0
3306.0470403623963	0.5453600000000733	epochs	3.0
3306.5924003623963	0.4843999999998232	epochs	3.0
3307.076800362396	0.8317600000000311	epochs	2.0
3307.076800362396	0.4357599999998456	epochs	3.0
3307.512560362396	0.39600000000018554	epochs	3.0
3307.908560362396	0.6978399999998146	epochs	2.0
3307.908560362396	0.362880000000132	epochs	3.0
3308.2714403623963	0.3349599999996826	epochs	3.0
3308.606400362396	0.6010400000000118	epochs	2.0
3308.606400362396	0.3108799999999974	epochs	3.0
3308.917280362396	0.2901600000000144	epochs	3.0
3309.207440362396	0.5278400000001966	epochs	2.0
3309.207440362396	0.2719200000001365	epochs	3.0
3309.479360362396	0.2559200000000601	epochs	3.0
3309.735280362396	0.47064000000000306	epochs	2.0
3309.735280362396	0.2416800000000876	epochs	3.0
3309.9769603623963	0.22895999999991545	epochs	3.0
3310.2059203623962	0.42455999999992855	epochs	2.0
3310.2059203623962	0.21743999999989683	epochs	3.0
3310.423360362396	0.20712000000003172	epochs	3.0
3310.630480362396	0.3867199999999684	epochs	2.0
3310.630480362396	0.19768000000021857	epochs	3.0
3310.8281603623964	0.18903999999974985	epochs	3.0
3311.017200362396	0.35512000000016997	epochs	2.0
3311.017200362396	0.1811999999999898	epochs	3.0
3311.198400362396	0.17392000000018015	epochs	3.0
3311.3723203623963	0.32823999999982334	epochs	2.0
3311.3723203623963	0.16719999999986612	epochs	3.0
3311.539520362396	0.16103999999995722	epochs	3.0
3311.700560362396	0.30520000000024083	epochs	2.0
3311.700560362396	0.1552799999999479	epochs	3.0
3311.855840362396	0.14992000000029293	epochs	3.0
3312.0057603623964	0.28512000000000626	epochs	2.0
3312.0057603623964	0.14487999999983003	epochs	3.0
3312.150640362396	0.14024000000017622	epochs	3.0
3312.2908803623964	0.26751999999987675	epochs	2.0
3312.2908803623964	0.13583999999991647	epochs	3.0
3312.4267203623963	0.13167999999996027	epochs	3.0
3312.5584003623962	0.2520800000002055	epochs	2.0
3312.5584003623962	0.12784000000010565	epochs	3.0
3312.6862403623963	0.12424000000009983	epochs	3.0
3312.8104803623964	0.2381599999998798	epochs	2.0
3312.8104803623964	0.12071999999989202	epochs	3.0
3312.9312003623963	0.11743999999998778	epochs	3.0
3313.0486403623963	0.225840000000062	epochs	2.0
3313.0486403623963	0.11439999999993233	epochs	3.0
3313.1630403623963	0.11144000000012966	epochs	3.0
3313.2744803623964	0.2146399999996902	epochs	2.0
3313.2744803623964	0.10863999999992302	epochs	3.0
3313.3831203623963	0.10599999999976717	epochs	3.0
3313.489120362396	0.20448000000033062	epochs	2.0
3313.489120362396	0.10344000000031883	epochs	3.0
3313.5925603623964	0.10104000000001179	epochs	3.0
3313.6936003623964	0.19535999999970954	epochs	2.0
3313.6936003623964	0.09879999999975553	epochs	3.0
3313.792400362396	0.09655999999995402	epochs	3.0
3313.888960362396	0.18695999999999913	epochs	2.0
3313.888960362396	0.09448000000020329	epochs	3.0
3313.9834403623963	0.09247999999979584	epochs	3.0
3314.075920362396	0.1792000000000371	epochs	2.0
3314.075920362396	0.09048000000029788	epochs	3.0
3314.1664003623964	0.08871999999973923	epochs	3.0
3314.255120362396	0.17208000000027823	epochs	2.0
3314.255120362396	0.08688000000029206	epochs	3.0
3314.3420003623964	0.08519999999998618	epochs	3.0
3314.4272003623964	0.165520000000015	epochs	2.0
3314.4272003623964	0.08359999999993306	epochs	3.0
3314.5108003623964	0.08192000000008193	epochs	3.0
3314.5927203623964	0.15951999999970212	epochs	2.0
3314.5927203623964	0.08047999999962485	epochs	3.0
3314.673200362396	0.07904000000007727	epochs	3.0
3314.752240362396	0.15376000000014756	epochs	2.0
3314.752240362396	0.07760000000007494	epochs	3.0
3314.829840362396	0.07616000000007261	epochs	3.0
3314.9060003623963	0.14856000000008862	epochs	2.0
3314.9060003623963	0.07495999999991909	epochs	3.0
3314.980960362396	0.07360000000016953	epochs	3.0
3315.0545603623964	0.1436799999996765	epochs	2.0
3315.0545603623964	0.07247999999981403	epochs	3.0
3315.127040362396	0.07119999999986248	epochs	3.0
3315.198240362396	0.1390400000000227	epochs	2.0
3315.198240362396	0.07007999999996173	epochs	3.0
3315.268320362396	0.06896000000006097	epochs	3.0
3315.337280362396	0.13472000000001572	epochs	2.0
3315.337280362396	0.06791999999995824	epochs	3.0
3315.405200362396	0.06680000000005748	epochs	3.0
3315.472000362396	0.1307200000001103	epochs	2.0
3315.472000362396	0.06584000000020751	epochs	3.0
3315.5378403623963	0.0648799999999028	epochs	3.0
3315.602720362396	0.1268000000000029	epochs	2.0
3315.602720362396	0.06383999999980006	epochs	3.0
3315.666560362396	0.06296000000020285	epochs	3.0
3315.729520362396	0.12328000000024986	epochs	2.0
3315.729520362396	0.0620800000001509	epochs	3.0
3315.7916003623964	0.06120000000009895	epochs	3.0
3315.8528003623965	0.11983999999984007	epochs	2.0
3315.8528003623965	0.060319999999592255	epochs	3.0
3315.913120362396	0.05952000000024782	epochs	3.0
3315.9726403623963	0.11663999999973385	epochs	2.0
3315.9726403623963	0.05871999999999389	epochs	3.0
3316.0313603623963	0.05791999999973996	epochs	3.0
3316.089280362396	0.11360000000013315	epochs	2.0
3316.089280362396	0.05720000000019354	epochs	3.0
3316.1464803623962	0.05639999999993961	epochs	3.0
3316.202880362396	0.1107200000001285	epochs	2.0
3316.202880362396	0.055679999999938445	epochs	3.0
3316.258560362396	0.05504000000019005	epochs	3.0
3316.3136003623963	0.10791999999992186	epochs	2.0
3316.3136003623963	0.05423999999993612	epochs	3.0
3316.3678403623962	0.05367999999998574	epochs	3.0
3316.421520362396	0.10528000000022075	epochs	2.0
3316.421520362396	0.052959999999984575	epochs	3.0
3316.474480362396	0.05232000000023618	epochs	3.0
3316.5268003623964	0.10287999999991371	epochs	2.0
3316.5268003623964	0.05175999999983105	epochs	3.0
3316.5785603623963	0.051120000000082655	epochs	3.0
3316.6296803623964	0.10039999999980864	epochs	2.0
3316.6296803623964	0.05047999999987951	epochs	3.0
3316.6801603623962	0.04991999999992913	epochs	3.0
3316.730080362396	0.0982400000002599	epochs	2.0
3316.730080362396	0.049359999999978754	epochs	3.0
3316.779440362396	0.04888000000028114	epochs	3.0
3316.8283203623964	0.09600000000000364	epochs	2.0
3316.8283203623964	0.04823999999962325	epochs	3.0
3316.876560362396	0.04776000000038039	epochs	3.0
3316.9243203623964	0.09391999999979816	epochs	2.0
3316.9243203623964	0.04719999999997526	epochs	3.0
3316.9715203623964	0.0467199999998229	epochs	3.0
3317.018240362396	0.09191999999984546	epochs	2.0
3317.018240362396	0.046159999999872525	epochs	3.0
3317.064400362396	0.04575999999997293	epochs	3.0
3317.110160362396	0.09007999999994354	epochs	2.0
3317.110160362396	0.04528000000027532	epochs	3.0
3317.1554403623963	0.044799999999668216	epochs	3.0
3317.200240362396	0.0881600000002436	epochs	2.0
3317.200240362396	0.04432000000042535	epochs	3.0
3317.2445603623964	0.04383999999981825	epochs	3.0
3317.2884003623963	0.08647999999993772	epochs	2.0
3317.2884003623963	0.043439999999918655	epochs	3.0
3317.331840362396	0.04304000000001906	epochs	3.0
3317.374880362396	0.08471999999983382	epochs	2.0
3317.374880362396	0.042559999999866704	epochs	3.0
3317.417440362396	0.04215999999996711	epochs	3.0
3317.459600362396	0.08320000000003347	epochs	2.0
3317.459600362396	0.04176000000006752	epochs	3.0
3317.501360362396	0.04143999999996595	epochs	3.0
3317.542800362396	0.08152000000018234	epochs	2.0
3317.542800362396	0.04096000000026834	epochs	3.0
3317.5837603623963	0.040559999999914	epochs	3.0
3317.6243203623962	0.08008000000018001	epochs	2.0
3317.6243203623962	0.040239999999812426	epochs	3.0
3317.664560362396	0.03984000000036758	epochs	3.0
3317.7044003623964	0.07863999999972293	epochs	2.0
3317.7044003623964	0.03951999999981126	epochs	3.0
3317.7439203623962	0.03911999999991167	epochs	3.0
3317.783040362396	0.07720000000017535	epochs	2.0
3317.783040362396	0.038800000000264845	epochs	3.0
3317.8218403623964	0.038399999999910506	epochs	3.0
3317.8602403623963	0.07591999999976906	epochs	2.0
3317.8602403623963	0.0381600000000617	epochs	3.0
3317.8984003623964	0.03775999999970736	epochs	3.0
3317.936160362396	0.0745600000000195	epochs	2.0
3317.936160362396	0.037440000000060536	epochs	3.0
3317.973600362396	0.037119999999958964	epochs	3.0
3318.010720362396	0.07336000000032072	epochs	2.0
3318.010720362396	0.03680000000031214	epochs	3.0
3318.0475203623964	0.036560000000008586	epochs	3.0
3318.0840803623964	0.07207999999991443	epochs	2.0
3318.0840803623964	0.036159999999654246	epochs	3.0
3318.120240362396	0.03592000000026019	epochs	3.0
3318.1561603623963	0.07087999999976091	epochs	2.0
3318.1561603623963	0.03559999999970387	epochs	3.0
3318.191760362396	0.035280000000057044	epochs	3.0
3318.227040362396	0.06984000000011292	epochs	2.0
3318.227040362396	0.03504000000020824	epochs	3.0
3318.2620803623963	0.034799999999904685	epochs	3.0
3318.296880362396	0.0686399999999594	epochs	2.0
3318.296880362396	0.03447999999980311	epochs	3.0
3318.331360362396	0.03416000000015629	epochs	3.0
3318.365520362396	0.06759999999985666	epochs	2.0
3318.365520362396	0.033919999999852735	epochs	3.0
3318.399440362396	0.03368000000000393	epochs	3.0
3318.433120362396	0.06656000000020867	epochs	2.0
3318.433120362396	0.03344000000015512	epochs	3.0
3318.466560362396	0.03312000000005355	epochs	3.0
3318.4996803623962	0.06559999999990396	epochs	2.0
3318.4996803623962	0.032960000000002765	epochs	3.0
3318.5326403623963	0.03263999999990119	epochs	3.0
3318.565280362396	0.06456000000025597	epochs	2.0
3318.565280362396	0.03240000000005239	epochs	3.0
3318.597680362396	0.03216000000020358	epochs	3.0
3318.6298403623964	0.06367999999974927	epochs	2.0
3318.6298403623964	0.03199999999969805	epochs	3.0
3318.661840362396	0.03168000000005122	epochs	3.0
3318.693520362396	0.0627199999998993	epochs	2.0
3318.693520362396	0.03144000000020242	epochs	3.0
3318.7249603623964	0.031279999999696884	epochs	3.0
3318.756240362396	0.0618400000003021	epochs	2.0
3318.756240362396	0.031040000000302825	epochs	3.0
3318.7872803623964	0.030799999999999272	epochs	3.0
3318.8180803623964	0.0609599999997954	epochs	2.0
3318.8180803623964	0.03055999999969572	epochs	3.0
3318.848640362396	0.03040000000009968	epochs	3.0
3318.879040362396	0.060159999999996217	epochs	2.0
3318.879040362396	0.030160000000250875	epochs	3.0
3318.9092003623964	0.02999999999974534	epochs	3.0
3318.939200362396	0.059279999999944266	epochs	2.0
3318.939200362396	0.029680000000098516	epochs	3.0
3318.9688803623962	0.02959999999984575	epochs	3.0
3318.998480362396	0.05848000000014508	epochs	2.0
3318.998480362396	0.029359999999996944	epochs	3.0
3319.027840362396	0.02912000000014814	epochs	3.0
3319.0569603623962	0.05776000000014392	epochs	2.0
3319.0569603623962	0.028960000000097352	epochs	3.0
3319.0859203623963	0.028800000000046566	epochs	3.0
3319.1147203623964	0.05695999999988999	epochs	2.0
3319.1147203623964	0.028559999999743013	epochs	3.0
3319.143280362396	0.028400000000146974	epochs	3.0
3319.1716803623963	0.05623999999988882	epochs	2.0
3319.1716803623963	0.02815999999984342	epochs	3.0
3319.199840362396	0.028080000000045402	epochs	3.0
3319.227920362396	0.05544000000008964	epochs	2.0
3319.227920362396	0.027840000000196596	epochs	3.0
3319.2557603623964	0.027599999999893043	epochs	3.0
3319.2833603623963	0.05488000000013926	epochs	2.0
3319.2833603623963	0.027520000000095024	epochs	3.0
3319.3108803623963	0.027360000000044238	epochs	3.0
3319.3382403623964	0.05407999999988533	epochs	2.0
3319.3382403623964	0.027119999999740685	epochs	3.0
3319.365360362396	0.026960000000144646	epochs	3.0
3319.3923203623963	0.053440000000136934	epochs	2.0
3319.3923203623963	0.02680000000009386	epochs	3.0
3319.4191203623964	0.026640000000043074	epochs	3.0
3319.4457603623964	0.05287999999973181	epochs	2.0
3319.4457603623964	0.026479999999992287	epochs	3.0
3319.4722403623964	0.02639999999973952	epochs	3.0
3319.498640362396	0.05216000000018539	epochs	2.0
3319.498640362396	0.026159999999890715	epochs	3.0
3319.524800362396	0.026000000000294676	epochs	3.0
3319.5508003623963	0.05151999999998225	epochs	2.0
3319.5508003623963	0.025839999999789143	epochs	3.0
3319.576640362396	0.025680000000193104	epochs	3.0
3319.6023203623963	0.05096000000003187	epochs	2.0
3319.6023203623963	0.025599999999940337	epochs	3.0
3319.6279203623963	0.02536000000009153	epochs	3.0
3319.6532803623963	0.05040000000008149	epochs	2.0
3319.6532803623963	0.025279999999838765	epochs	3.0
3319.678560362396	0.025120000000242726	epochs	3.0
3319.7036803623964	0.049759999999878346	epochs	2.0
3319.7036803623964	0.024959999999737192	epochs	3.0
3319.728640362396	0.024800000000141154	epochs	3.0
3319.7534403623963	0.04919999999992797	epochs	2.0
3319.7534403623963	0.024640000000090367	epochs	3.0
3319.7780803623964	0.0245599999998376	epochs	3.0
3319.8026403623962	0.04872000000023036	epochs	2.0
3319.8026403623962	0.024399999999786814	epochs	3.0
3319.827040362396	0.024320000000443542	epochs	3.0
3319.8513603623965	0.048079999999572465	epochs	2.0
3319.8513603623965	0.024079999999685242	epochs	3.0
3319.875440362396	0.023999999999887223	epochs	3.0
3319.899440362396	0.0476000000003296	epochs	2.0
3319.899440362396	0.023840000000291184	epochs	3.0
3319.9232803623963	0.023760000000038417	epochs	3.0
3319.9470403623964	0.047119999999722495	epochs	2.0
3319.9470403623964	0.02359999999998763	epochs	3.0
3319.9706403623964	0.023519999999734864	epochs	3.0
3319.994160362396	0.046560000000226864	epochs	2.0
3319.994160362396	0.023360000000138825	epochs	3.0
3320.017520362396	0.02320000000008804	epochs	3.0
3320.0407203623963	0.046080000000074506	epochs	2.0
3320.0407203623963	0.023119999999835272	epochs	3.0
3320.063840362396	0.022960000000239233	epochs	3.0
3320.0868003623964	0.04559999999992215	epochs	2.0
3320.0868003623964	0.022879999999986467	epochs	3.0
3320.1096803623964	0.02271999999993568	epochs	3.0
3320.1324003623963	0.04511999999976979	epochs	2.0
3320.1324003623963	0.02264000000013766	epochs	3.0
3320.1550403623964	0.022479999999632128	epochs	3.0
3320.177520362396	0.04464000000007218	epochs	2.0
3320.177520362396	0.022400000000288856	epochs	3.0
3320.1999203623964	0.022239999999783322	epochs	3.0
3320.222160362396	0.044240000000172586	epochs	2.0
3320.222160362396	0.022159999999985303	epochs	3.0
3320.244320362396	0.022080000000187283	epochs	3.0
3320.2664003623963	0.04376000000002023	epochs	2.0
3320.2664003623963	0.021920000000136497	epochs	3.0
3320.2883203623965	0.02183999999988373	epochs	3.0
3320.3101603623963	0.04335999999966589	epochs	2.0
3320.3101603623963	0.02176000000008571	epochs	3.0
3320.3319203623964	0.021599999999580177	epochs	3.0
3320.353520362396	0.042880000000423024	epochs	2.0
3320.353520362396	0.021440000000438886	epochs	3.0
3320.3749603623965	0.02143999999998414	epochs	3.0
3320.3964003623964	0.04247999999961394	epochs	2.0
3320.3964003623964	0.021279999999933352	epochs	3.0
3320.4176803623964	0.021199999999680585	epochs	3.0
3320.438880362396	0.04208000000016909	epochs	2.0
3320.438880362396	0.021040000000084547	epochs	3.0
3320.459920362396	0.021040000000084547	epochs	3.0
3320.480960362396	0.041679999999814754	epochs	2.0
3320.480960362396	0.02088000000003376	epochs	3.0
3320.5018403623963	0.020799999999780994	epochs	3.0
3320.522640362396	0.04120000000011714	epochs	2.0
3320.522640362396	0.020640000000184955	epochs	3.0
3320.543280362396	0.020559999999932188	epochs	3.0
3320.563840362396	0.04088000000001557	epochs	2.0
3320.563840362396	0.020559999999932188	epochs	3.0
3320.584400362396	0.020320000000083382	epochs	3.0
3320.604720362396	0.040559999999914	epochs	2.0
3320.604720362396	0.020320000000083382	epochs	3.0
3320.6250403623962	0.020239999999830616	epochs	3.0
3320.645280362396	0.04008000000021639	epochs	2.0
3320.645280362396	0.020080000000234577	epochs	3.0
3320.6653603623963	0.01999999999998181	epochs	3.0
3320.6853603623963	0.039760000000114815	epochs	2.0
3320.6853603623963	0.019919999999729043	epochs	3.0
3320.705280362396	0.01984000000038577	epochs	3.0
3320.7251203623964	0.03944000000001324	epochs	2.0
3320.7251203623964	0.019759999999678257	epochs	3.0
3320.744880362396	0.019680000000334985	epochs	3.0
3320.7645603623964	0.0390399999996589	epochs	2.0
3320.7645603623964	0.01951999999982945	epochs	3.0
3320.7840803623963	0.01951999999982945	epochs	3.0
3320.803600362396	0.03864000000021406	epochs	2.0
3320.803600362396	0.019360000000233413	epochs	3.0
3320.8229603623963	0.019279999999980646	epochs	3.0
3320.8422403623963	0.038399999999910506	epochs	2.0
3320.8422403623963	0.019279999999980646	epochs	3.0
3320.8615203623963	0.01911999999992986	epochs	3.0
3320.880640362396	0.038000000000010914	epochs	2.0
3320.880640362396	0.01904000000013184	epochs	3.0
3320.8996803623963	0.018959999999879074	epochs	3.0
3320.918640362396	0.03767999999990934	epochs	2.0
3320.918640362396	0.018880000000081054	epochs	3.0
3320.9375203623963	0.018799999999828287	epochs	3.0
3320.956320362396	0.03736000000026252	epochs	2.0
3320.956320362396	0.018720000000030268	epochs	3.0
3320.975040362396	0.01864000000023225	epochs	3.0
3320.9936803623964	0.0370399999997062	epochs	2.0
3320.9936803623964	0.018559999999979482	epochs	3.0
3321.0122403623964	0.018479999999726715	epochs	3.0
3321.030720362396	0.03672000000005937	epochs	2.0
3321.030720362396	0.018399999999928696	epochs	3.0
3321.049120362396	0.018320000000130676	epochs	3.0
3321.067440362396	0.036480000000210566	epochs	2.0
3321.067440362396	0.01823999999987791	epochs	3.0
3321.085680362396	0.018240000000332657	epochs	3.0
3321.1039203623964	0.03607999999985623	epochs	2.0
3321.1039203623964	0.018079999999827123	epochs	3.0
3321.122000362396	0.018000000000029104	epochs	3.0
3321.140000362396	0.03584000000000742	epochs	2.0
3321.140000362396	0.017920000000231084	epochs	3.0
3321.1579203623965	0.017919999999776337	epochs	3.0
3321.1758403623962	0.03551999999990585	epochs	2.0
3321.1758403623962	0.017760000000180298	epochs	3.0
3321.1936003623964	0.01775999999972555	epochs	3.0
3321.211360362396	0.035200000000259024	epochs	2.0
3321.211360362396	0.01767999999992753	epochs	3.0
3321.229040362396	0.017520000000331493	epochs	3.0
3321.2465603623964	0.03495999999995547	epochs	2.0
3321.2465603623964	0.017519999999876745	epochs	3.0
3321.2640803623963	0.017440000000078726	epochs	3.0
3321.2815203623963	0.034720000000106666	epochs	2.0
3321.2815203623963	0.017440000000078726	epochs	3.0
3321.2989603623964	0.01728000000002794	epochs	3.0
3321.3162403623965	0.03440000000000509	epochs	2.0
3321.3162403623965	0.017199999999775173	epochs	3.0
3321.3334403623962	0.01720000000022992	epochs	3.0
3321.3506403623965	0.03415999999970154	epochs	2.0
3321.3506403623965	0.017119999999977153	epochs	3.0
3321.3677603623964	0.017039999999724387	epochs	3.0
3321.384800362396	0.033840000000054715	epochs	2.0
3321.384800362396	0.016959999999926367	epochs	3.0
3321.401760362396	0.016880000000128348	epochs	3.0
3321.418640362396	0.03360000000020591	epochs	2.0
3321.418640362396	0.01679999999987558	epochs	3.0
3321.435440362396	0.01680000000033033	epochs	3.0
3321.4522403623964	0.03335999999990236	epochs	2.0
3321.4522403623964	0.016719999999622814	epochs	3.0
3321.468960362396	0.016640000000279542	epochs	3.0
3321.4856003623963	0.03312000000005355	epochs	2.0
3321.4856003623963	0.016560000000026776	epochs	3.0
3321.5021603623964	0.016560000000026776	epochs	3.0
3321.5187203623964	0.03279999999995198	epochs	2.0
3321.5187203623964	0.01639999999997599	epochs	3.0
3321.5351203623964	0.01639999999997599	epochs	3.0
3321.5515203623963	0.03256000000010317	epochs	2.0
3321.5515203623963	0.016319999999723223	epochs	3.0
3321.567840362396	0.01624000000037995	epochs	3.0
3321.5840803623964	0.03239999999959764	epochs	2.0
3321.5840803623964	0.016239999999925203	epochs	3.0
3321.6003203623964	0.016159999999672436	epochs	3.0
3321.616480362396	0.03208000000040556	epochs	2.0
3321.616480362396	0.016080000000329164	epochs	3.0
3321.6325603623964	0.016000000000076398	epochs	3.0
3321.6485603623964	0.03191999999990003	epochs	2.0
3321.6485603623964	0.01599999999962165	epochs	3.0
3321.664560362396	0.015920000000278378	epochs	3.0
3321.6804803623963	0.031599999999798456	epochs	2.0
3321.6804803623963	0.01584000000002561	epochs	3.0
3321.6963203623964	0.015759999999772845	epochs	3.0
3321.712080362396	0.03144000000020242	epochs	2.0
3321.712080362396	0.015760000000227592	epochs	3.0
3321.7278403623964	0.015679999999974825	epochs	3.0
3321.7435203623963	0.031199999999898864	epochs	2.0
3321.7435203623963	0.015599999999722058	epochs	3.0
3321.759120362396	0.015600000000176806	epochs	3.0
3321.7747203623962	0.03096000000005006	epochs	2.0
3321.7747203623962	0.015519999999924039	epochs	3.0
3321.790240362396	0.01544000000012602	epochs	3.0
3321.8056803623963	0.030719999999746506	epochs	2.0
3321.8056803623963	0.01544000000012602	epochs	3.0
3321.8211203623964	0.015279999999620486	epochs	3.0
3321.836400362396	0.030560000000150467	epochs	2.0
3321.836400362396	0.015360000000328	epochs	3.0
3321.8517603623964	0.015199999999822467	epochs	3.0
3321.866960362396	0.030319999999846914	epochs	2.0
3321.866960362396	0.015200000000277214	epochs	3.0
3321.8821603623965	0.0151199999995697	epochs	3.0
3321.897280362396	0.030079999999998108	epochs	2.0
3321.897280362396	0.015120000000024447	epochs	3.0
3321.912400362396	0.014959999999973661	epochs	3.0
3321.927360362396	0.02992000000040207	epochs	2.0
3321.927360362396	0.015040000000226428	epochs	3.0
3321.9424003623963	0.014880000000175642	epochs	3.0
3321.9572803623964	0.02967999999964377	epochs	2.0
3321.9572803623964	0.014879999999720894	epochs	3.0
3321.972160362396	0.014799999999922875	epochs	3.0
3321.986960362396	0.02952000000004773	epochs	2.0
3321.986960362396	0.014800000000377622	epochs	3.0
3322.0017603623965	0.014719999999670108	epochs	3.0
3322.016480362396	0.029280000000198925	epochs	2.0
3322.016480362396	0.014720000000124855	epochs	3.0
3322.0312003623962	0.01456000000007407	epochs	3.0
3322.0457603623963	0.02911999999969339	epochs	2.0
3322.0457603623963	0.014639999999872089	epochs	3.0
3322.060400362396	0.014479999999821302	epochs	3.0
3322.074880362396	0.028960000000097352	epochs	2.0
3322.074880362396	0.01448000000027605	epochs	3.0
3322.0893603623963	0.014479999999821302	epochs	3.0
3322.103840362396	0.02863999999999578	epochs	2.0
3322.103840362396	0.014320000000225264	epochs	3.0
3322.1181603623963	0.014319999999770516	epochs	3.0
3322.132480362396	0.02856000000019776	epochs	2.0
3322.132480362396	0.014320000000225264	epochs	3.0
3322.1468003623963	0.014239999999972497	epochs	3.0
3322.1610403623963	0.028319999999894208	epochs	2.0
3322.1610403623963	0.01415999999971973	epochs	3.0
3322.175200362396	0.014160000000174477	epochs	3.0
3322.189360362396	0.02815999999984342	epochs	2.0
3322.189360362396	0.014160000000174477	epochs	3.0
3322.2035203623964	0.013999999999668944	epochs	3.0
3322.217520362396	0.028000000000247383	epochs	2.0
3322.217520362396	0.014000000000123691	epochs	3.0
3322.231520362396	0.014000000000123691	epochs	3.0
3322.2455203623963	0.02775999999994383	epochs	2.0
3322.2455203623963	0.013919999999870925	epochs	3.0
3322.259440362396	0.013840000000072905	epochs	3.0
3322.2732803623962	0.02768000000014581	epochs	2.0
3322.2732803623962	0.013840000000072905	epochs	3.0
3322.2871203623963	0.013840000000072905	epochs	3.0
3322.3009603623964	0.027439999999842257	epochs	2.0
3322.3009603623964	0.013759999999820138	epochs	3.0
3322.314720362396	0.013680000000022119	epochs	3.0
3322.328400362396	0.02727999999979147	epochs	2.0
3322.328400362396	0.013680000000022119	epochs	3.0
3322.3420803623962	0.013599999999769352	epochs	3.0
3322.355680362396	0.027120000000195432	epochs	2.0
3322.355680362396	0.01352000000042608	epochs	3.0
3322.3692003623964	0.013599999999769352	epochs	3.0
3322.382800362396	0.02687999999989188	epochs	2.0
3322.382800362396	0.013440000000173313	epochs	3.0
3322.3962403623964	0.013439999999718566	epochs	3.0
3322.409680362396	0.02680000000009386	epochs	2.0
3322.409680362396	0.013440000000173313	epochs	3.0
3322.4231203623963	0.013359999999920547	epochs	3.0
3322.436480362396	0.026560000000245054	epochs	2.0
3322.436480362396	0.013280000000122527	epochs	3.0
3322.4497603623963	0.013280000000122527	epochs	3.0
3322.4630403623964	0.026479999999992287	epochs	2.0
3322.4630403623964	0.01327999999966778	epochs	3.0
3322.476320362396	0.013200000000324508	epochs	3.0
3322.4895203623964	0.026239999999688735	epochs	2.0
3322.4895203623964	0.013119999999616994	epochs	3.0
3322.502640362396	0.013120000000071741	epochs	3.0
3322.515760362396	0.026159999999890715	epochs	2.0
3322.515760362396	0.013120000000071741	epochs	3.0
3322.528880362396	0.013039999999818974	epochs	3.0
3322.541920362396	0.026000000000294676	epochs	2.0
3322.541920362396	0.013040000000273722	epochs	3.0
3322.5549603623963	0.012960000000020955	epochs	3.0
3322.5679203623963	0.025759999999991123	epochs	2.0
3322.5679203623963	0.012879999999768188	epochs	3.0
3322.580800362396	0.012880000000222935	epochs	3.0
3322.5936803623963	0.025679999999738357	epochs	2.0
3322.5936803623963	0.012879999999768188	epochs	3.0
3322.606560362396	0.012799999999970169	epochs	3.0
3322.619360362396	0.025520000000142318	epochs	2.0
3322.619360362396	0.012800000000424916	epochs	3.0
3322.6321603623965	0.012719999999717402	epochs	3.0
3322.644880362396	0.02536000000009153	epochs	2.0
3322.644880362396	0.01272000000017215	epochs	3.0
3322.6576003623964	0.012639999999919382	epochs	3.0
3322.6702403623963	0.025200000000040745	epochs	2.0
3322.6702403623963	0.012639999999919382	epochs	3.0
3322.682880362396	0.012560000000121363	epochs	3.0
3322.6954403623963	0.0245599999998376	epochs	2.0
3322.7195203623965	0.5	epochs	-1.0
3322.720000362396	0.5194400000000314	epochs	1.0
3323.239440362396	0.48048000000017055	epochs	0.0
3339.844000339508	0.09999999999990905	epochs	0.0
3339.844000339508	0.04496000000017375	epochs	1.0
3339.8889603395082	0.010080000000016298	epochs	1.0
3339.8990403395082	0.044959999999719	epochs	1.0
3339.944000339508	2.0	epochs	0.0
3341.944000339508	5.400079999999889	epochs	0.0
3341.944000339508	1.0	epochs	1.0
3341.944000339508	0.5	epochs	-1.0
3342.444000339508	4.900079999999889	epochs	-1.0
3342.944000339508	4.400079999999889	epochs	1.0
3342.944000339508	8.000000025276677e-05	epochs	2.0
3342.944080339508	4.356719999999768	epochs	-1.0
3342.944080339508	1.9745599999996557	epochs	2.0
3342.944080339508	1.0985599999999067	epochs	3.0
3344.042640339508	0.875999999999749	epochs	3.0
3344.918640339508	1.352400000000216	epochs	2.0
3344.918640339508	0.7286400000002686	epochs	3.0
3345.647280339508	0.6237599999999475	epochs	3.0
3346.271040339508	1.0297599999998965	epochs	2.0
3346.271040339508	0.5453600000000733	epochs	3.0
3346.816400339508	0.4843999999998232	epochs	3.0
3347.300800339508	0.04327999999986787	epochs	2.0
3347.300800339508	0.04327999999986787	epochs	3.0
3347.344080339508	16.599840000000313	epochs	0.0
3352.0740003585815	0.09999999999990905	epochs	0.0
3352.0740003585815	0.04496000000017375	epochs	1.0
3352.1189603585817	0.010080000000016298	epochs	1.0
3352.1290403585817	0.044959999999719	epochs	1.0
3352.1740003585815	2.0	epochs	0.0
3354.1740003585815	21.4996799999999	epochs	0.0
3354.1740003585815	1.0	epochs	1.0
3354.1740003585815	0.5	epochs	-1.0
3354.6740003585815	19.999520000000302	epochs	-1.0
3355.1740003585815	20.0	epochs	1.0
3355.1740003585815	8.000000025276677e-05	epochs	2.0
3355.1740803585817	4.356719999999768	epochs	-1.0
3355.1740803585817	1.9745599999996557	epochs	2.0
3355.1740803585817	1.0985599999999067	epochs	3.0
3356.2726403585816	0.875999999999749	epochs	3.0
3357.1486403585814	1.352400000000216	epochs	2.0
3357.1486403585814	0.7286400000002686	epochs	3.0
3357.8772803585816	0.6237599999999475	epochs	3.0
3358.5010403585816	1.0297599999998965	epochs	2.0
3358.5010403585816	0.5453600000000733	epochs	3.0
3359.0464003585816	0.4843999999998232	epochs	3.0
3359.5308003585815	0.8317600000000311	epochs	2.0
3359.5308003585815	0.4357599999998456	epochs	3.0
3359.9665603585813	0.39600000000018554	epochs	3.0
3360.3625603585815	0.6978399999998146	epochs	2.0
3360.3625603585815	0.362880000000132	epochs	3.0
3360.7254403585816	0.3349599999996826	epochs	3.0
3361.0604003585813	0.6010400000000118	epochs	2.0
3361.0604003585813	0.3108799999999974	epochs	3.0
3361.3712803585813	0.2901600000000144	epochs	3.0
3361.6614403585813	0.5278400000001966	epochs	2.0
3361.6614403585813	0.2719200000001365	epochs	3.0
3361.9333603585815	0.2559200000000601	epochs	3.0
3362.1892803585815	0.47064000000000306	epochs	2.0
3362.1892803585815	0.2416800000000876	epochs	3.0
3362.4309603585816	0.22895999999991545	epochs	3.0
3362.6599203585815	0.42455999999992855	epochs	2.0
3362.6599203585815	0.21743999999989683	epochs	3.0
3362.8773603585814	0.20712000000003172	epochs	3.0
3363.0844803585815	0.3867199999999684	epochs	2.0
3363.0844803585815	0.19768000000021857	epochs	3.0
3363.2821603585817	0.18903999999974985	epochs	3.0
3363.4712003585814	0.35512000000016997	epochs	2.0
3363.4712003585814	0.1811999999999898	epochs	3.0
3363.6524003585814	0.17392000000018015	epochs	3.0
3363.8263203585816	0.32823999999982334	epochs	2.0
3363.8263203585816	0.16719999999986612	epochs	3.0
3363.9935203585815	0.16103999999995722	epochs	3.0
3364.1545603585814	0.30520000000024083	epochs	2.0
3364.1545603585814	0.1552799999999479	epochs	3.0
3364.3098403585814	0.14992000000029293	epochs	3.0
3364.4597603585817	0.28512000000000626	epochs	2.0
3364.4597603585817	0.14487999999983003	epochs	3.0
3364.6046403585815	0.14024000000017622	epochs	3.0
3364.7448803585817	0.26751999999987675	epochs	2.0
3364.7448803585817	0.13583999999991647	epochs	3.0
3364.8807203585816	0.13167999999996027	epochs	3.0
3365.0124003585815	0.2520800000002055	epochs	2.0
3365.0124003585815	0.12784000000010565	epochs	3.0
3365.1402403585817	0.12424000000009983	epochs	3.0
3365.2644803585817	0.2381599999998798	epochs	2.0
3365.2644803585817	0.12071999999989202	epochs	3.0
3365.3852003585816	0.11743999999998778	epochs	3.0
3365.5026403585816	0.225840000000062	epochs	2.0
3365.5026403585816	0.11439999999993233	epochs	3.0
3365.6170403585816	0.11144000000012966	epochs	3.0
3365.7284803585817	0.2146399999996902	epochs	2.0
3365.7284803585817	0.10863999999992302	epochs	3.0
3365.8371203585816	0.10599999999976717	epochs	3.0
3365.9431203585814	0.20448000000033062	epochs	2.0
3365.9431203585814	0.10344000000031883	epochs	3.0
3366.0465603585817	0.10104000000001179	epochs	3.0
3366.1476003585817	0.19535999999970954	epochs	2.0
3366.1476003585817	0.09879999999975553	epochs	3.0
3366.2464003585815	0.09655999999995402	epochs	3.0
3366.3429603585814	0.18695999999999913	epochs	2.0
3366.3429603585814	0.09448000000020329	epochs	3.0
3366.4374403585816	0.09247999999979584	epochs	3.0
3366.5299203585814	0.1792000000000371	epochs	2.0
3366.5299203585814	0.09048000000029788	epochs	3.0
3366.6204003585817	0.08871999999973923	epochs	3.0
3366.7091203585815	0.17208000000027823	epochs	2.0
3366.7091203585815	0.08688000000029206	epochs	3.0
3366.7960003585818	0.08519999999998618	epochs	3.0
3366.8812003585817	0.165520000000015	epochs	2.0
3366.8812003585817	0.08359999999993306	epochs	3.0
3366.9648003585817	0.08192000000008193	epochs	3.0
3367.0467203585818	0.15951999999970212	epochs	2.0
3367.0467203585818	0.08047999999962485	epochs	3.0
3367.1272003585814	0.07904000000007727	epochs	3.0
3367.2062403585815	0.15376000000014756	epochs	2.0
3367.2062403585815	0.07760000000007494	epochs	3.0
3367.2838403585815	0.07616000000007261	epochs	3.0
3367.3600003585816	0.14856000000008862	epochs	2.0
3367.3600003585816	0.07495999999991909	epochs	3.0
3367.4349603585815	0.07360000000016953	epochs	3.0
3367.5085603585817	0.1436799999996765	epochs	2.0
3367.5085603585817	0.07247999999981403	epochs	3.0
3367.5810403585815	0.07119999999986248	epochs	3.0
3367.6522403585814	0.1390400000000227	epochs	2.0
3367.6522403585814	0.07007999999996173	epochs	3.0
3367.7223203585813	0.06896000000006097	epochs	3.0
3367.7912803585814	0.13472000000001572	epochs	2.0
3367.7912803585814	0.06791999999995824	epochs	3.0
3367.8592003585813	0.06680000000005748	epochs	3.0
3367.9260003585814	0.1307200000001103	epochs	2.0
3367.9260003585814	0.06584000000020751	epochs	3.0
3367.9918403585816	0.0648799999999028	epochs	3.0
3368.0567203585815	0.1268000000000029	epochs	2.0
3368.0567203585815	0.06383999999980006	epochs	3.0
3368.1205603585813	0.06296000000020285	epochs	3.0
3368.1835203585815	0.12328000000024986	epochs	2.0
3368.1835203585815	0.0620800000001509	epochs	3.0
3368.2456003585817	0.06120000000009895	epochs	3.0
3368.3068003585818	0.11983999999984007	epochs	2.0
3368.3068003585818	0.060319999999592255	epochs	3.0
3368.3671203585814	0.05952000000024782	epochs	3.0
3368.4266403585816	0.11663999999973385	epochs	2.0
3368.4266403585816	0.05871999999999389	epochs	3.0
3368.4853603585816	0.05791999999973996	epochs	3.0
3368.5432803585813	0.11360000000013315	epochs	2.0
3368.5432803585813	0.05720000000019354	epochs	3.0
3368.6004803585815	0.05639999999993961	epochs	3.0
3368.6568803585815	0.1107200000001285	epochs	2.0
3368.6568803585815	0.055679999999938445	epochs	3.0
3368.7125603585814	0.05504000000019005	epochs	3.0
3368.7676003585816	0.10791999999992186	epochs	2.0
3368.7676003585816	0.05423999999993612	epochs	3.0
3368.8218403585815	0.05367999999998574	epochs	3.0
3368.8755203585815	0.10528000000022075	epochs	2.0
3368.8755203585815	0.052959999999984575	epochs	3.0
3368.9284803585815	0.05232000000023618	epochs	3.0
3368.9808003585817	0.10287999999991371	epochs	2.0
3368.9808003585817	0.05175999999983105	epochs	3.0
3369.0325603585816	0.051120000000082655	epochs	3.0
3369.0836803585817	0.10039999999980864	epochs	2.0
3369.0836803585817	0.05047999999987951	epochs	3.0
3369.1341603585815	0.04991999999992913	epochs	3.0
3369.1840803585815	0.0982400000002599	epochs	2.0
3369.1840803585815	0.049359999999978754	epochs	3.0
3369.2334403585814	0.04888000000028114	epochs	3.0
3369.2823203585817	0.09600000000000364	epochs	2.0
3369.2823203585817	0.04823999999962325	epochs	3.0
3369.3305603585814	0.04776000000038039	epochs	3.0
3369.3783203585817	0.09391999999979816	epochs	2.0
3369.3783203585817	0.04719999999997526	epochs	3.0
3369.4255203585817	0.0467199999998229	epochs	3.0
3369.4722403585815	0.09191999999984546	epochs	2.0
3369.4722403585815	0.046159999999872525	epochs	3.0
3369.5184003585814	0.04575999999997293	epochs	3.0
3369.5641603585814	0.09007999999994354	epochs	2.0
3369.5641603585814	0.04528000000027532	epochs	3.0
3369.6094403585817	0.044799999999668216	epochs	3.0
3369.6542403585813	0.0881600000002436	epochs	2.0
3369.6542403585813	0.04432000000042535	epochs	3.0
3369.6985603585817	0.04383999999981825	epochs	3.0
3369.7424003585816	0.08647999999993772	epochs	2.0
3369.7424003585816	0.043439999999918655	epochs	3.0
3369.7858403585815	0.04304000000001906	epochs	3.0
3369.8288803585815	0.08471999999983382	epochs	2.0
3369.8288803585815	0.042559999999866704	epochs	3.0
3369.8714403585814	0.04215999999996711	epochs	3.0
3369.9136003585813	0.08320000000003347	epochs	2.0
3369.9136003585813	0.04176000000006752	epochs	3.0
3369.9553603585814	0.04143999999996595	epochs	3.0
3369.9968003585814	0.08152000000018234	epochs	2.0
3369.9968003585814	0.04096000000026834	epochs	3.0
3370.0377603585816	0.040559999999914	epochs	3.0
3370.0783203585815	0.08008000000018001	epochs	2.0
3370.0783203585815	0.040239999999812426	epochs	3.0
3370.1185603585814	0.03984000000036758	epochs	3.0
3370.1584003585817	0.07863999999972293	epochs	2.0
3370.1584003585817	0.03951999999981126	epochs	3.0
3370.1979203585815	0.03911999999991167	epochs	3.0
3370.2370403585815	0.07720000000017535	epochs	2.0
3370.2370403585815	0.038800000000264845	epochs	3.0
3370.2758403585817	0.038399999999910506	epochs	3.0
3370.3142403585816	0.07591999999976906	epochs	2.0
3370.3142403585816	0.0381600000000617	epochs	3.0
3370.3524003585817	0.03775999999970736	epochs	3.0
3370.3901603585814	0.0745600000000195	epochs	2.0
3370.3901603585814	0.037440000000060536	epochs	3.0
3370.4276003585815	0.037119999999958964	epochs	3.0
3370.4647203585814	0.07336000000032072	epochs	2.0
3370.4647203585814	0.03680000000031214	epochs	3.0
3370.5015203585817	0.036560000000008586	epochs	3.0
3370.5380803585817	0.07207999999991443	epochs	2.0
3370.5380803585817	0.036159999999654246	epochs	3.0
3370.5742403585814	0.03592000000026019	epochs	3.0
3370.6101603585817	0.07087999999976091	epochs	2.0
3370.6101603585817	0.03559999999970387	epochs	3.0
3370.6457603585814	0.035280000000057044	epochs	3.0
3370.6810403585814	0.06984000000011292	epochs	2.0
3370.6810403585814	0.03504000000020824	epochs	3.0
3370.7160803585816	0.034799999999904685	epochs	3.0
3370.7508803585815	0.0686399999999594	epochs	2.0
3370.7508803585815	0.03447999999980311	epochs	3.0
3370.7853603585813	0.03416000000015629	epochs	3.0
3370.8195203585815	0.06759999999985666	epochs	2.0
3370.8195203585815	0.033919999999852735	epochs	3.0
3370.8534403585813	0.03368000000000393	epochs	3.0
3370.8871203585813	0.06656000000020867	epochs	2.0
3370.8871203585813	0.03344000000015512	epochs	3.0
3370.9205603585815	0.03312000000005355	epochs	3.0
3370.9536803585816	0.06559999999990396	epochs	2.0
3370.9536803585816	0.032960000000002765	epochs	3.0
3370.9866403585816	0.03263999999990119	epochs	3.0
3371.0192803585815	0.06456000000025597	epochs	2.0
3371.0192803585815	0.03240000000005239	epochs	3.0
3371.0516803585815	0.03216000000020358	epochs	3.0
3371.0838403585817	0.06367999999974927	epochs	2.0
3371.0838403585817	0.03199999999969805	epochs	3.0
3371.1158403585814	0.03168000000005122	epochs	3.0
3371.1475203585815	0.0627199999998993	epochs	2.0
3371.1475203585815	0.03144000000020242	epochs	3.0
3371.1789603585817	0.031279999999696884	epochs	3.0
3371.2102403585814	0.0618400000003021	epochs	2.0
3371.2102403585814	0.031040000000302825	epochs	3.0
3371.2412803585817	0.030799999999999272	epochs	3.0
3371.2720803585817	0.0609599999997954	epochs	2.0
3371.2720803585817	0.03055999999969572	epochs	3.0
3371.3026403585814	0.03040000000009968	epochs	3.0
3371.3330403585815	0.060159999999996217	epochs	2.0
3371.3330403585815	0.030160000000250875	epochs	3.0
3371.3632003585817	0.02999999999974534	epochs	3.0
3371.3932003585815	0.059279999999944266	epochs	2.0
3371.3932003585815	0.029680000000098516	epochs	3.0
3371.4228803585816	0.02959999999984575	epochs	3.0
3371.4524803585814	0.05848000000014508	epochs	2.0
3371.4524803585814	0.029359999999996944	epochs	3.0
3371.4818403585814	0.02912000000014814	epochs	3.0
3371.5109603585815	0.05776000000014392	epochs	2.0
3371.5109603585815	0.028960000000097352	epochs	3.0
3371.5399203585816	0.028800000000046566	epochs	3.0
3371.5687203585817	0.05695999999988999	epochs	2.0
3371.5687203585817	0.028559999999743013	epochs	3.0
3371.5972803585814	0.028400000000146974	epochs	3.0
3371.6256803585816	0.05623999999988882	epochs	2.0
3371.6256803585816	0.02815999999984342	epochs	3.0
3371.6538403585814	0.028080000000045402	epochs	3.0
3371.6819203585815	0.05544000000008964	epochs	2.0
3371.6819203585815	0.027840000000196596	epochs	3.0
3371.7097603585817	0.027599999999893043	epochs	3.0
3371.7373603585816	0.05488000000013926	epochs	2.0
3371.7373603585816	0.027520000000095024	epochs	3.0
3371.7648803585816	0.027360000000044238	epochs	3.0
3371.7922403585817	0.05407999999988533	epochs	2.0
3371.7922403585817	0.027119999999740685	epochs	3.0
3371.8193603585814	0.026960000000144646	epochs	3.0
3371.8463203585816	0.053440000000136934	epochs	2.0
3371.8463203585816	0.02680000000009386	epochs	3.0
3371.8731203585817	0.026640000000043074	epochs	3.0
3371.8997603585817	0.05287999999973181	epochs	2.0
3371.8997603585817	0.026479999999992287	epochs	3.0
3371.9262403585817	0.02639999999973952	epochs	3.0
3371.9526403585814	0.05216000000018539	epochs	2.0
3371.9526403585814	0.026159999999890715	epochs	3.0
3371.9788003585813	0.026000000000294676	epochs	3.0
3372.0048003585816	0.05151999999998225	epochs	2.0
3372.0048003585816	0.025839999999789143	epochs	3.0
3372.0306403585814	0.025680000000193104	epochs	3.0
3372.0563203585816	0.05096000000003187	epochs	2.0
3372.0563203585816	0.025599999999940337	epochs	3.0
3372.0819203585816	0.02536000000009153	epochs	3.0
3372.1072803585816	0.05040000000008149	epochs	2.0
3372.1072803585816	0.025279999999838765	epochs	3.0
3372.1325603585815	0.025120000000242726	epochs	3.0
3372.1576803585817	0.049759999999878346	epochs	2.0
3372.1576803585817	0.024959999999737192	epochs	3.0
3372.1826403585815	0.024800000000141154	epochs	3.0
3372.2074403585816	0.04919999999992797	epochs	2.0
3372.2074403585816	0.024640000000090367	epochs	3.0
3372.2320803585817	0.0245599999998376	epochs	3.0
3372.2566403585815	0.04872000000023036	epochs	2.0
3372.2566403585815	0.024399999999786814	epochs	3.0
3372.2810403585813	0.024320000000443542	epochs	3.0
3372.3053603585818	0.048079999999572465	epochs	2.0
3372.3053603585818	0.024079999999685242	epochs	3.0
3372.3294403585815	0.023999999999887223	epochs	3.0
3372.3534403585813	0.0476000000003296	epochs	2.0
3372.3534403585813	0.023840000000291184	epochs	3.0
3372.3772803585816	0.023760000000038417	epochs	3.0
3372.4010403585817	0.047119999999722495	epochs	2.0
3372.4010403585817	0.02359999999998763	epochs	3.0
3372.4246403585817	0.023519999999734864	epochs	3.0
3372.4481603585814	0.046560000000226864	epochs	2.0
3372.4481603585814	0.023360000000138825	epochs	3.0
3372.4715203585815	0.02320000000008804	epochs	3.0
3372.4947203585816	0.046080000000074506	epochs	2.0
3372.4947203585816	0.023119999999835272	epochs	3.0
3372.5178403585815	0.022960000000239233	epochs	3.0
3372.5408003585817	0.04559999999992215	epochs	2.0
3372.5408003585817	0.022879999999986467	epochs	3.0
3372.5636803585817	0.02271999999993568	epochs	3.0
3372.5864003585816	0.04511999999976979	epochs	2.0
3372.5864003585816	0.02264000000013766	epochs	3.0
3372.6090403585818	0.022479999999632128	epochs	3.0
3372.6315203585814	0.04464000000007218	epochs	2.0
3372.6315203585814	0.022400000000288856	epochs	3.0
3372.6539203585817	0.022239999999783322	epochs	3.0
3372.6761603585815	0.044240000000172586	epochs	2.0
3372.6761603585815	0.022159999999985303	epochs	3.0
3372.6983203585814	0.022080000000187283	epochs	3.0
3372.7204003585816	0.04376000000002023	epochs	2.0
3372.7204003585816	0.021920000000136497	epochs	3.0
3372.7423203585818	0.02183999999988373	epochs	3.0
3372.7641603585816	0.04335999999966589	epochs	2.0
3372.7641603585816	0.02176000000008571	epochs	3.0
3372.7859203585817	0.021599999999580177	epochs	3.0
3372.8075203585813	0.042880000000423024	epochs	2.0
3372.8075203585813	0.021440000000438886	epochs	3.0
3372.8289603585818	0.02143999999998414	epochs	3.0
3372.8504003585817	0.04247999999961394	epochs	2.0
3372.8504003585817	0.021279999999933352	epochs	3.0
3372.8716803585817	0.021199999999680585	epochs	3.0
3372.8928803585814	0.04208000000016909	epochs	2.0
3372.8928803585814	0.021040000000084547	epochs	3.0
3372.9139203585814	0.021040000000084547	epochs	3.0
3372.9349603585815	0.041679999999814754	epochs	2.0
3372.9349603585815	0.02088000000003376	epochs	3.0
3372.9558403585816	0.020799999999780994	epochs	3.0
3372.9766403585813	0.04120000000011714	epochs	2.0
3372.9766403585813	0.020640000000184955	epochs	3.0
3372.9972803585815	0.020559999999932188	epochs	3.0
3373.0178403585815	0.04088000000001557	epochs	2.0
3373.0178403585815	0.020559999999932188	epochs	3.0
3373.0384003585814	0.020320000000083382	epochs	3.0
3373.0587203585815	0.040559999999914	epochs	2.0
3373.0587203585815	0.020320000000083382	epochs	3.0
3373.0790403585816	0.020239999999830616	epochs	3.0
3373.0992803585814	0.04008000000021639	epochs	2.0
3373.0992803585814	0.020080000000234577	epochs	3.0
3373.1193603585816	0.01999999999998181	epochs	3.0
3373.1393603585816	0.039760000000114815	epochs	2.0
3373.1393603585816	0.019919999999729043	epochs	3.0
3373.1592803585813	0.01984000000038577	epochs	3.0
3373.1791203585817	0.03944000000001324	epochs	2.0
3373.1791203585817	0.019759999999678257	epochs	3.0
3373.1988803585814	0.019680000000334985	epochs	3.0
3373.2185603585817	0.0390399999996589	epochs	2.0
3373.2185603585817	0.01951999999982945	epochs	3.0
3373.2380803585816	0.01951999999982945	epochs	3.0
3373.2576003585814	0.03864000000021406	epochs	2.0
3373.2576003585814	0.019360000000233413	epochs	3.0
3373.2769603585816	0.019279999999980646	epochs	3.0
3373.2962403585816	0.038399999999910506	epochs	2.0
3373.2962403585816	0.019279999999980646	epochs	3.0
3373.3155203585816	0.01911999999992986	epochs	3.0
3373.3346403585815	0.038000000000010914	epochs	2.0
3373.3346403585815	0.01904000000013184	epochs	3.0
3373.3536803585816	0.018959999999879074	epochs	3.0
3373.3726403585815	0.03767999999990934	epochs	2.0
3373.3726403585815	0.018880000000081054	epochs	3.0
3373.3915203585816	0.018799999999828287	epochs	3.0
3373.4103203585814	0.03736000000026252	epochs	2.0
3373.4103203585814	0.018720000000030268	epochs	3.0
3373.4290403585815	0.01864000000023225	epochs	3.0
3373.4476803585817	0.0370399999997062	epochs	2.0
3373.4476803585817	0.018559999999979482	epochs	3.0
3373.4662403585817	0.018479999999726715	epochs	3.0
3373.4847203585814	0.03672000000005937	epochs	2.0
3373.4847203585814	0.018399999999928696	epochs	3.0
3373.5031203585813	0.018320000000130676	epochs	3.0
3373.5214403585815	0.036480000000210566	epochs	2.0
3373.5214403585815	0.01823999999987791	epochs	3.0
3373.5396803585813	0.018240000000332657	epochs	3.0
3373.5579203585817	0.03607999999985623	epochs	2.0
3373.5579203585817	0.018079999999827123	epochs	3.0
3373.5760003585815	0.018000000000029104	epochs	3.0
3373.5940003585815	0.03584000000000742	epochs	2.0
3373.5940003585815	0.017920000000231084	epochs	3.0
3373.6119203585818	0.017919999999776337	epochs	3.0
3373.6298403585815	0.03551999999990585	epochs	2.0
3373.6298403585815	0.017760000000180298	epochs	3.0
3373.6476003585817	0.01775999999972555	epochs	3.0
3373.6653603585814	0.035200000000259024	epochs	2.0
3373.6653603585814	0.01767999999992753	epochs	3.0
3373.6830403585814	0.017520000000331493	epochs	3.0
3373.7005603585817	0.03495999999995547	epochs	2.0
3373.7005603585817	0.017519999999876745	epochs	3.0
3373.7180803585816	0.017440000000078726	epochs	3.0
3373.7355203585817	0.034720000000106666	epochs	2.0
3373.7355203585817	0.017440000000078726	epochs	3.0
3373.7529603585817	0.01728000000002794	epochs	3.0
3373.7702403585818	0.03440000000000509	epochs	2.0
3373.7702403585818	0.017199999999775173	epochs	3.0
3373.7874403585815	0.01720000000022992	epochs	3.0
3373.8046403585818	0.03415999999970154	epochs	2.0
3373.8046403585818	0.017119999999977153	epochs	3.0
3373.8217603585817	0.017039999999724387	epochs	3.0
3373.8388003585815	0.033840000000054715	epochs	2.0
3373.8388003585815	0.016959999999926367	epochs	3.0
3373.8557603585814	0.016880000000128348	epochs	3.0
3373.8726403585815	0.03360000000020591	epochs	2.0
3373.8726403585815	0.01679999999987558	epochs	3.0
3373.8894403585814	0.01680000000033033	epochs	3.0
3373.9062403585817	0.03335999999990236	epochs	2.0
3373.9062403585817	0.016719999999622814	epochs	3.0
3373.9229603585813	0.016640000000279542	epochs	3.0
3373.9396003585816	0.03312000000005355	epochs	2.0
3373.9396003585816	0.016560000000026776	epochs	3.0
3373.9561603585817	0.016560000000026776	epochs	3.0
3373.9727203585817	0.03279999999995198	epochs	2.0
3373.9727203585817	0.01639999999997599	epochs	3.0
3373.9891203585817	0.01639999999997599	epochs	3.0
3374.0055203585816	0.03256000000010317	epochs	2.0
3374.0055203585816	0.016319999999723223	epochs	3.0
3374.0218403585814	0.01624000000037995	epochs	3.0
3374.0380803585817	0.03239999999959764	epochs	2.0
3374.0380803585817	0.016239999999925203	epochs	3.0
3374.0543203585817	0.016159999999672436	epochs	3.0
3374.0704803585813	0.03208000000040556	epochs	2.0
3374.0704803585813	0.016080000000329164	epochs	3.0
3374.0865603585817	0.016000000000076398	epochs	3.0
3374.1025603585817	0.03191999999990003	epochs	2.0
3374.1025603585817	0.01599999999962165	epochs	3.0
3374.1185603585814	0.015920000000278378	epochs	3.0
3374.1344803585816	0.031599999999798456	epochs	2.0
3374.1344803585816	0.01584000000002561	epochs	3.0
3374.1503203585817	0.015759999999772845	epochs	3.0
3374.1660803585814	0.03144000000020242	epochs	2.0
3374.1660803585814	0.015760000000227592	epochs	3.0
3374.1818403585817	0.015679999999974825	epochs	3.0
3374.1975203585816	0.031199999999898864	epochs	2.0
3374.1975203585816	0.015599999999722058	epochs	3.0
3374.2131203585814	0.015600000000176806	epochs	3.0
3374.2287203585815	0.03096000000005006	epochs	2.0
3374.2287203585815	0.015519999999924039	epochs	3.0
3374.2442403585815	0.01544000000012602	epochs	3.0
3374.2596803585816	0.030719999999746506	epochs	2.0
3374.2596803585816	0.01544000000012602	epochs	3.0
3374.2751203585817	0.015279999999620486	epochs	3.0
3374.2904003585813	0.030560000000150467	epochs	2.0
3374.2904003585813	0.015360000000328	epochs	3.0
3374.3057603585817	0.015199999999822467	epochs	3.0
3374.3209603585815	0.030319999999846914	epochs	2.0
3374.3209603585815	0.015200000000277214	epochs	3.0
3374.3361603585818	0.0151199999995697	epochs	3.0
3374.3512803585813	0.030079999999998108	epochs	2.0
3374.3512803585813	0.015120000000024447	epochs	3.0
3374.3664003585814	0.014959999999973661	epochs	3.0
3374.3813603585813	0.02992000000040207	epochs	2.0
3374.3813603585813	0.015040000000226428	epochs	3.0
3374.3964003585816	0.014880000000175642	epochs	3.0
3374.4112803585817	0.02967999999964377	epochs	2.0
3374.4112803585817	0.014879999999720894	epochs	3.0
3374.4261603585815	0.014799999999922875	epochs	3.0
3374.4409603585814	0.02952000000004773	epochs	2.0
3374.4409603585814	0.014800000000377622	epochs	3.0
3374.4557603585818	0.014719999999670108	epochs	3.0
3374.4704803585814	0.029280000000198925	epochs	2.0
3374.4704803585814	0.014720000000124855	epochs	3.0
3374.4852003585816	0.01456000000007407	epochs	3.0
3374.4997603585816	0.02911999999969339	epochs	2.0
3374.4997603585816	0.014639999999872089	epochs	3.0
3374.5144003585815	0.014479999999821302	epochs	3.0
3374.5288803585813	0.028960000000097352	epochs	2.0
3374.5288803585813	0.01448000000027605	epochs	3.0
3374.5433603585816	0.014479999999821302	epochs	3.0
3374.5578403585814	0.02863999999999578	epochs	2.0
3374.5578403585814	0.014320000000225264	epochs	3.0
3374.5721603585816	0.014319999999770516	epochs	3.0
3374.5864803585814	0.02856000000019776	epochs	2.0
3374.5864803585814	0.014320000000225264	epochs	3.0
3374.6008003585816	0.014239999999972497	epochs	3.0
3374.6150403585816	0.028319999999894208	epochs	2.0
3374.6150403585816	0.01415999999971973	epochs	3.0
3374.6292003585813	0.014160000000174477	epochs	3.0
3374.6433603585815	0.02815999999984342	epochs	2.0
3374.6433603585815	0.014160000000174477	epochs	3.0
3374.6575203585817	0.013999999999668944	epochs	3.0
3374.6715203585813	0.028000000000247383	epochs	2.0
3374.6715203585813	0.014000000000123691	epochs	3.0
3374.6855203585815	0.014000000000123691	epochs	3.0
3374.6995203585816	0.02775999999994383	epochs	2.0
3374.6995203585816	0.013919999999870925	epochs	3.0
3374.7134403585815	0.013840000000072905	epochs	3.0
3374.7272803585815	0.02768000000014581	epochs	2.0
3374.7272803585815	0.013840000000072905	epochs	3.0
3374.7411203585816	0.013840000000072905	epochs	3.0
3374.7549603585817	0.027439999999842257	epochs	2.0
3374.7549603585817	0.013759999999820138	epochs	3.0
3374.7687203585815	0.013680000000022119	epochs	3.0
3374.7824003585815	0.02727999999979147	epochs	2.0
3374.7824003585815	0.013680000000022119	epochs	3.0
3374.7960803585815	0.013599999999769352	epochs	3.0
3374.8096803585813	0.027120000000195432	epochs	2.0
3374.8096803585813	0.01352000000042608	epochs	3.0
3374.8232003585817	0.013599999999769352	epochs	3.0
3374.8368003585815	0.02687999999989188	epochs	2.0
3374.8368003585815	0.013440000000173313	epochs	3.0
3374.8502403585817	0.013439999999718566	epochs	3.0
3374.8636803585814	0.02680000000009386	epochs	2.0
3374.8636803585814	0.013440000000173313	epochs	3.0
3374.8771203585816	0.013359999999920547	epochs	3.0
3374.8904803585815	0.026560000000245054	epochs	2.0
3374.8904803585815	0.013280000000122527	epochs	3.0
3374.9037603585816	0.013280000000122527	epochs	3.0
3374.9170403585817	0.026479999999992287	epochs	2.0
3374.9170403585817	0.01327999999966778	epochs	3.0
3374.9303203585814	0.013200000000324508	epochs	3.0
3374.9435203585817	0.026239999999688735	epochs	2.0
3374.9435203585817	0.013119999999616994	epochs	3.0
3374.9566403585814	0.013120000000071741	epochs	3.0
3374.9697603585814	0.026159999999890715	epochs	2.0
3374.9697603585814	0.013120000000071741	epochs	3.0
3374.9828803585815	0.013039999999818974	epochs	3.0
3374.9959203585813	0.026000000000294676	epochs	2.0
3374.9959203585813	0.013040000000273722	epochs	3.0
3375.0089603585816	0.012960000000020955	epochs	3.0
3375.0219203585816	0.025759999999991123	epochs	2.0
3375.0219203585816	0.012879999999768188	epochs	3.0
3375.0348003585814	0.012880000000222935	epochs	3.0
3375.0476803585816	0.025679999999738357	epochs	2.0
3375.0476803585816	0.012879999999768188	epochs	3.0
3375.0605603585814	0.012799999999970169	epochs	3.0
3375.0733603585813	0.025520000000142318	epochs	2.0
3375.0733603585813	0.012800000000424916	epochs	3.0
3375.0861603585818	0.012719999999717402	epochs	3.0
3375.0988803585815	0.02536000000009153	epochs	2.0
3375.0988803585815	0.01272000000017215	epochs	3.0
3375.1116003585817	0.012639999999919382	epochs	3.0
3375.1242403585816	0.025200000000040745	epochs	2.0
3375.1242403585816	0.012639999999919382	epochs	3.0
3375.1368803585815	0.012560000000121363	epochs	3.0
3375.1494403585816	0.0245599999998376	epochs	2.0
3375.1735203585818	0.5	epochs	-1.0
3375.1740003585815	0.4996799999998984	epochs	1.0
3375.6736803585814	0.5002400000003036	epochs	0.0
3380.571000099182	0.09999999999990905	epochs	0.0
3380.571000099182	0.04496000000017375	epochs	1.0
3380.6159600991823	0.010080000000016298	epochs	1.0
3380.6260400991823	0.044959999999719	epochs	1.0
3380.671000099182	2.0	epochs	0.0
3382.671000099182	21.50016000000005	epochs	0.0
3382.671000099182	1.0	epochs	1.0
3382.671000099182	0.5	epochs	-1.0
3383.171000099182	19.999520000000302	epochs	-1.0
3383.671000099182	20.0	epochs	1.0
3383.671000099182	8.000000025276677e-05	epochs	2.0
3383.6710800991823	4.356719999999768	epochs	-1.0
3383.6710800991823	1.9745599999996557	epochs	2.0
3383.6710800991823	1.0985599999999067	epochs	3.0
3384.769640099182	0.875999999999749	epochs	3.0
3385.645640099182	1.352400000000216	epochs	2.0
3385.645640099182	0.7286400000002686	epochs	3.0
3386.374280099182	0.6237599999999475	epochs	3.0
3386.998040099182	1.0297599999998965	epochs	2.0
3386.998040099182	0.5453600000000733	epochs	3.0
3387.5434000991822	0.4843999999998232	epochs	3.0
3388.027800099182	0.8317600000000311	epochs	2.0
3388.027800099182	0.4357599999998456	epochs	3.0
3388.463560099182	0.39600000000018554	epochs	3.0
3388.859560099182	0.6978399999998146	epochs	2.0
3388.859560099182	0.362880000000132	epochs	3.0
3389.222440099182	0.3349599999996826	epochs	3.0
3389.557400099182	0.6010400000000118	epochs	2.0
3389.557400099182	0.3108799999999974	epochs	3.0
3389.868280099182	0.2901600000000144	epochs	3.0
3390.158440099182	0.5278400000001966	epochs	2.0
3390.158440099182	0.2719200000001365	epochs	3.0
3390.430360099182	0.2559200000000601	epochs	3.0
3390.686280099182	0.47064000000000306	epochs	2.0
3390.686280099182	0.2416800000000876	epochs	3.0
3390.927960099182	0.22895999999991545	epochs	3.0
3391.156920099182	0.42455999999992855	epochs	2.0
3391.156920099182	0.21743999999989683	epochs	3.0
3391.374360099182	0.20712000000003172	epochs	3.0
3391.581480099182	0.3867199999999684	epochs	2.0
3391.581480099182	0.19768000000021857	epochs	3.0
3391.7791600991823	0.18903999999974985	epochs	3.0
3391.968200099182	0.35512000000016997	epochs	2.0
3391.968200099182	0.1811999999999898	epochs	3.0
3392.149400099182	0.17392000000018015	epochs	3.0
3392.323320099182	0.32823999999982334	epochs	2.0
3392.323320099182	0.16719999999986612	epochs	3.0
3392.490520099182	0.16103999999995722	epochs	3.0
3392.651560099182	0.30520000000024083	epochs	2.0
3392.651560099182	0.1552799999999479	epochs	3.0
3392.806840099182	0.14992000000029293	epochs	3.0
3392.9567600991822	0.28512000000000626	epochs	2.0
3392.9567600991822	0.14487999999983003	epochs	3.0
3393.101640099182	0.14024000000017622	epochs	3.0
3393.2418800991823	0.26751999999987675	epochs	2.0
3393.2418800991823	0.13583999999991647	epochs	3.0
3393.377720099182	0.13167999999996027	epochs	3.0
3393.509400099182	0.2520800000002055	epochs	2.0
3393.509400099182	0.12784000000010565	epochs	3.0
3393.6372400991822	0.12424000000009983	epochs	3.0
3393.7614800991823	0.2381599999998798	epochs	2.0
3393.7614800991823	0.12071999999989202	epochs	3.0
3393.8822000991822	0.11743999999998778	epochs	3.0
3393.999640099182	0.225840000000062	epochs	2.0
3393.999640099182	0.11439999999993233	epochs	3.0
3394.114040099182	0.11144000000012966	epochs	3.0
3394.2254800991823	0.2146399999996902	epochs	2.0
3394.2254800991823	0.10863999999992302	epochs	3.0
3394.334120099182	0.10599999999976717	epochs	3.0
3394.440120099182	0.20448000000033062	epochs	2.0
3394.440120099182	0.10344000000031883	epochs	3.0
3394.5435600991823	0.10104000000001179	epochs	3.0
3394.6446000991823	0.19535999999970954	epochs	2.0
3394.6446000991823	0.09879999999975553	epochs	3.0
3394.743400099182	0.09655999999995402	epochs	3.0
3394.839960099182	0.18695999999999913	epochs	2.0
3394.839960099182	0.09448000000020329	epochs	3.0
3394.934440099182	0.09247999999979584	epochs	3.0
3395.026920099182	0.1792000000000371	epochs	2.0
3395.026920099182	0.09048000000029788	epochs	3.0
3395.1174000991823	0.08871999999973923	epochs	3.0
3395.206120099182	0.17208000000027823	epochs	2.0
3395.206120099182	0.08688000000029206	epochs	3.0
3395.2930000991823	0.08519999999998618	epochs	3.0
3395.3782000991823	0.165520000000015	epochs	2.0
3395.3782000991823	0.08359999999993306	epochs	3.0
3395.4618000991823	0.08192000000008193	epochs	3.0
3395.5437200991823	0.15951999999970212	epochs	2.0
3395.5437200991823	0.08047999999962485	epochs	3.0
3395.624200099182	0.07904000000007727	epochs	3.0
3395.703240099182	0.15376000000014756	epochs	2.0
3395.703240099182	0.07760000000007494	epochs	3.0
3395.780840099182	0.07616000000007261	epochs	3.0
3395.857000099182	0.14856000000008862	epochs	2.0
3395.857000099182	0.07495999999991909	epochs	3.0
3395.931960099182	0.07360000000016953	epochs	3.0
3396.0055600991823	0.1436799999996765	epochs	2.0
3396.0055600991823	0.07247999999981403	epochs	3.0
3396.078040099182	0.07119999999986248	epochs	3.0
3396.149240099182	0.1390400000000227	epochs	2.0
3396.149240099182	0.07007999999996173	epochs	3.0
3396.219320099182	0.06896000000006097	epochs	3.0
3396.288280099182	0.13472000000001572	epochs	2.0
3396.288280099182	0.06791999999995824	epochs	3.0
3396.356200099182	0.06680000000005748	epochs	3.0
3396.423000099182	0.1307200000001103	epochs	2.0
3396.423000099182	0.06584000000020751	epochs	3.0
3396.488840099182	0.0648799999999028	epochs	3.0
3396.553720099182	0.1268000000000029	epochs	2.0
3396.553720099182	0.06383999999980006	epochs	3.0
3396.617560099182	0.06296000000020285	epochs	3.0
3396.680520099182	0.12328000000024986	epochs	2.0
3396.680520099182	0.0620800000001509	epochs	3.0
3396.7426000991823	0.06120000000009895	epochs	3.0
3396.8038000991824	0.11983999999984007	epochs	2.0
3396.8038000991824	0.060319999999592255	epochs	3.0
3396.864120099182	0.05952000000024782	epochs	3.0
3396.923640099182	0.11663999999973385	epochs	2.0
3396.923640099182	0.05871999999999389	epochs	3.0
3396.982360099182	0.05791999999973996	epochs	3.0
3397.040280099182	0.11360000000013315	epochs	2.0
3397.040280099182	0.05720000000019354	epochs	3.0
3397.097480099182	0.05639999999993961	epochs	3.0
3397.153880099182	0.1107200000001285	epochs	2.0
3397.153880099182	0.055679999999938445	epochs	3.0
3397.209560099182	0.05504000000019005	epochs	3.0
3397.264600099182	0.10791999999992186	epochs	2.0
3397.264600099182	0.05423999999993612	epochs	3.0
3397.318840099182	0.05367999999998574	epochs	3.0
3397.372520099182	0.10528000000022075	epochs	2.0
3397.372520099182	0.052959999999984575	epochs	3.0
3397.425480099182	0.05232000000023618	epochs	3.0
3397.4778000991823	0.10287999999991371	epochs	2.0
3397.4778000991823	0.05175999999983105	epochs	3.0
3397.529560099182	0.051120000000082655	epochs	3.0
3397.5806800991822	0.10039999999980864	epochs	2.0
3397.5806800991822	0.05047999999987951	epochs	3.0
3397.631160099182	0.04991999999992913	epochs	3.0
3397.681080099182	0.0982400000002599	epochs	2.0
3397.681080099182	0.049359999999978754	epochs	3.0
3397.730440099182	0.04888000000028114	epochs	3.0
3397.7793200991823	0.09600000000000364	epochs	2.0
3397.7793200991823	0.04823999999962325	epochs	3.0
3397.827560099182	0.04776000000038039	epochs	3.0
3397.8753200991823	0.09391999999979816	epochs	2.0
3397.8753200991823	0.04719999999997526	epochs	3.0
3397.9225200991823	0.0467199999998229	epochs	3.0
3397.969240099182	0.09191999999984546	epochs	2.0
3397.969240099182	0.046159999999872525	epochs	3.0
3398.015400099182	0.04575999999997293	epochs	3.0
3398.061160099182	0.09007999999994354	epochs	2.0
3398.061160099182	0.04528000000027532	epochs	3.0
3398.1064400991822	0.044799999999668216	epochs	3.0
3398.151240099182	0.0881600000002436	epochs	2.0
3398.151240099182	0.04432000000042535	epochs	3.0
3398.1955600991823	0.04383999999981825	epochs	3.0
3398.239400099182	0.08647999999993772	epochs	2.0
3398.239400099182	0.043439999999918655	epochs	3.0
3398.282840099182	0.04304000000001906	epochs	3.0
3398.325880099182	0.08471999999983382	epochs	2.0
3398.325880099182	0.042559999999866704	epochs	3.0
3398.368440099182	0.04215999999996711	epochs	3.0
3398.410600099182	0.08320000000003347	epochs	2.0
3398.410600099182	0.04176000000006752	epochs	3.0
3398.452360099182	0.04143999999996595	epochs	3.0
3398.493800099182	0.08152000000018234	epochs	2.0
3398.493800099182	0.04096000000026834	epochs	3.0
3398.534760099182	0.040559999999914	epochs	3.0
3398.575320099182	0.08008000000018001	epochs	2.0
3398.575320099182	0.040239999999812426	epochs	3.0
3398.615560099182	0.03984000000036758	epochs	3.0
3398.6554000991823	0.07863999999972293	epochs	2.0
3398.6554000991823	0.03951999999981126	epochs	3.0
3398.694920099182	0.03911999999991167	epochs	3.0
3398.734040099182	0.07720000000017535	epochs	2.0
3398.734040099182	0.038800000000264845	epochs	3.0
3398.7728400991823	0.038399999999910506	epochs	3.0
3398.811240099182	0.07591999999976906	epochs	2.0
3398.811240099182	0.0381600000000617	epochs	3.0
3398.8494000991823	0.03775999999970736	epochs	3.0
3398.887160099182	0.0745600000000195	epochs	2.0
3398.887160099182	0.037440000000060536	epochs	3.0
3398.924600099182	0.037119999999958964	epochs	3.0
3398.961720099182	0.07336000000032072	epochs	2.0
3398.961720099182	0.03680000000031214	epochs	3.0
3398.9985200991823	0.036560000000008586	epochs	3.0
3399.0350800991823	0.07207999999991443	epochs	2.0
3399.0350800991823	0.036159999999654246	epochs	3.0
3399.071240099182	0.03592000000026019	epochs	3.0
3399.1071600991822	0.07087999999976091	epochs	2.0
3399.1071600991822	0.03559999999970387	epochs	3.0
3399.142760099182	0.035280000000057044	epochs	3.0
3399.178040099182	0.06984000000011292	epochs	2.0
3399.178040099182	0.03504000000020824	epochs	3.0
3399.213080099182	0.034799999999904685	epochs	3.0
3399.247880099182	0.0686399999999594	epochs	2.0
3399.247880099182	0.03447999999980311	epochs	3.0
3399.282360099182	0.03416000000015629	epochs	3.0
3399.316520099182	0.06759999999985666	epochs	2.0
3399.316520099182	0.033919999999852735	epochs	3.0
3399.350440099182	0.03368000000000393	epochs	3.0
3399.384120099182	0.06656000000020867	epochs	2.0
3399.384120099182	0.03344000000015512	epochs	3.0
3399.417560099182	0.03312000000005355	epochs	3.0
3399.450680099182	0.06559999999990396	epochs	2.0
3399.450680099182	0.032960000000002765	epochs	3.0
3399.483640099182	0.03263999999990119	epochs	3.0
3399.516280099182	0.06456000000025597	epochs	2.0
3399.516280099182	0.03240000000005239	epochs	3.0
3399.548680099182	0.03216000000020358	epochs	3.0
3399.5808400991823	0.06367999999974927	epochs	2.0
3399.5808400991823	0.03199999999969805	epochs	3.0
3399.612840099182	0.03168000000005122	epochs	3.0
3399.644520099182	0.0627199999998993	epochs	2.0
3399.644520099182	0.03144000000020242	epochs	3.0
3399.6759600991822	0.031279999999696884	epochs	3.0
3399.707240099182	0.0618400000003021	epochs	2.0
3399.707240099182	0.031040000000302825	epochs	3.0
3399.7382800991822	0.030799999999999272	epochs	3.0
3399.7690800991822	0.0609599999997954	epochs	2.0
3399.7690800991822	0.03055999999969572	epochs	3.0
3399.799640099182	0.03040000000009968	epochs	3.0
3399.830040099182	0.060159999999996217	epochs	2.0
3399.830040099182	0.030160000000250875	epochs	3.0
3399.8602000991823	0.02999999999974534	epochs	3.0
3399.890200099182	0.059279999999944266	epochs	2.0
3399.890200099182	0.029680000000098516	epochs	3.0
3399.919880099182	0.02959999999984575	epochs	3.0
3399.949480099182	0.05848000000014508	epochs	2.0
3399.949480099182	0.029359999999996944	epochs	3.0
3399.978840099182	0.02912000000014814	epochs	3.0
3400.007960099182	0.05776000000014392	epochs	2.0
3400.007960099182	0.028960000000097352	epochs	3.0
3400.036920099182	0.028800000000046566	epochs	3.0
3400.0657200991823	0.05695999999988999	epochs	2.0
3400.0657200991823	0.028559999999743013	epochs	3.0
3400.094280099182	0.028400000000146974	epochs	3.0
3400.122680099182	0.05623999999988882	epochs	2.0
3400.122680099182	0.02815999999984342	epochs	3.0
3400.150840099182	0.028080000000045402	epochs	3.0
3400.178920099182	0.05544000000008964	epochs	2.0
3400.178920099182	0.027840000000196596	epochs	3.0
3400.2067600991822	0.027599999999893043	epochs	3.0
3400.234360099182	0.05488000000013926	epochs	2.0
3400.234360099182	0.027520000000095024	epochs	3.0
3400.2618800991822	0.027360000000044238	epochs	3.0
3400.2892400991823	0.05407999999988533	epochs	2.0
3400.2892400991823	0.027119999999740685	epochs	3.0
3400.316360099182	0.026960000000144646	epochs	3.0
3400.343320099182	0.053440000000136934	epochs	2.0
3400.343320099182	0.02680000000009386	epochs	3.0
3400.3701200991823	0.026640000000043074	epochs	3.0
3400.3967600991823	0.05287999999973181	epochs	2.0
3400.3967600991823	0.026479999999992287	epochs	3.0
3400.4232400991823	0.02639999999973952	epochs	3.0
3400.449640099182	0.05216000000018539	epochs	2.0
3400.449640099182	0.026159999999890715	epochs	3.0
3400.475800099182	0.026000000000294676	epochs	3.0
3400.501800099182	0.05151999999998225	epochs	2.0
3400.501800099182	0.025839999999789143	epochs	3.0
3400.527640099182	0.025680000000193104	epochs	3.0
3400.553320099182	0.05096000000003187	epochs	2.0
3400.553320099182	0.025599999999940337	epochs	3.0
3400.578920099182	0.02536000000009153	epochs	3.0
3400.6042800991822	0.05040000000008149	epochs	2.0
3400.6042800991822	0.025279999999838765	epochs	3.0
3400.629560099182	0.025120000000242726	epochs	3.0
3400.6546800991823	0.049759999999878346	epochs	2.0
3400.6546800991823	0.024959999999737192	epochs	3.0
3400.679640099182	0.024800000000141154	epochs	3.0
3400.704440099182	0.04919999999992797	epochs	2.0
3400.704440099182	0.024640000000090367	epochs	3.0
3400.7290800991823	0.0245599999998376	epochs	3.0
3400.753640099182	0.04872000000023036	epochs	2.0
3400.753640099182	0.024399999999786814	epochs	3.0
3400.778040099182	0.024320000000443542	epochs	3.0
3400.8023600991824	0.048079999999572465	epochs	2.0
3400.8023600991824	0.024079999999685242	epochs	3.0
3400.826440099182	0.023999999999887223	epochs	3.0
3400.850440099182	0.0476000000003296	epochs	2.0
3400.850440099182	0.023840000000291184	epochs	3.0
3400.874280099182	0.023760000000038417	epochs	3.0
3400.8980400991823	0.047119999999722495	epochs	2.0
3400.8980400991823	0.02359999999998763	epochs	3.0
3400.9216400991822	0.023519999999734864	epochs	3.0
3400.945160099182	0.046560000000226864	epochs	2.0
3400.945160099182	0.023360000000138825	epochs	3.0
3400.968520099182	0.02320000000008804	epochs	3.0
3400.991720099182	0.046080000000074506	epochs	2.0
3400.991720099182	0.023119999999835272	epochs	3.0
3401.014840099182	0.022960000000239233	epochs	3.0
3401.0378000991823	0.04559999999992215	epochs	2.0
3401.0378000991823	0.022879999999986467	epochs	3.0
3401.0606800991823	0.02271999999993568	epochs	3.0
3401.083400099182	0.04511999999976979	epochs	2.0
3401.083400099182	0.02264000000013766	epochs	3.0
3401.1060400991823	0.022479999999632128	epochs	3.0
3401.128520099182	0.04464000000007218	epochs	2.0
3401.128520099182	0.022400000000288856	epochs	3.0
3401.1509200991823	0.022239999999783322	epochs	3.0
3401.173160099182	0.044240000000172586	epochs	2.0
3401.173160099182	0.022159999999985303	epochs	3.0
3401.195320099182	0.022080000000187283	epochs	3.0
3401.217400099182	0.04376000000002023	epochs	2.0
3401.217400099182	0.021920000000136497	epochs	3.0
3401.2393200991824	0.02183999999988373	epochs	3.0
3401.2611600991822	0.04335999999966589	epochs	2.0
3401.2611600991822	0.02176000000008571	epochs	3.0
3401.2829200991823	0.021599999999580177	epochs	3.0
3401.304520099182	0.042880000000423024	epochs	2.0
3401.304520099182	0.021440000000438886	epochs	3.0
3401.3259600991823	0.02143999999998414	epochs	3.0
3401.3474000991823	0.04247999999961394	epochs	2.0
3401.3474000991823	0.021279999999933352	epochs	3.0
3401.3686800991823	0.021199999999680585	epochs	3.0
3401.389880099182	0.04208000000016909	epochs	2.0
3401.389880099182	0.021040000000084547	epochs	3.0
3401.410920099182	0.021040000000084547	epochs	3.0
3401.431960099182	0.041679999999814754	epochs	2.0
3401.431960099182	0.02088000000003376	epochs	3.0
3401.452840099182	0.020799999999780994	epochs	3.0
3401.473640099182	0.04120000000011714	epochs	2.0
3401.473640099182	0.020640000000184955	epochs	3.0
3401.494280099182	0.020559999999932188	epochs	3.0
3401.514840099182	0.04088000000001557	epochs	2.0
3401.514840099182	0.020559999999932188	epochs	3.0
3401.535400099182	0.020320000000083382	epochs	3.0
3401.555720099182	0.040559999999914	epochs	2.0
3401.555720099182	0.020320000000083382	epochs	3.0
3401.576040099182	0.020239999999830616	epochs	3.0
3401.596280099182	0.04008000000021639	epochs	2.0
3401.596280099182	0.020080000000234577	epochs	3.0
3401.616360099182	0.01999999999998181	epochs	3.0
3401.636360099182	0.039760000000114815	epochs	2.0
3401.636360099182	0.019919999999729043	epochs	3.0
3401.656280099182	0.01984000000038577	epochs	3.0
3401.6761200991823	0.03944000000001324	epochs	2.0
3401.6761200991823	0.019759999999678257	epochs	3.0
3401.695880099182	0.019680000000334985	epochs	3.0
3401.7155600991823	0.0390399999996589	epochs	2.0
3401.7155600991823	0.01951999999982945	epochs	3.0
3401.735080099182	0.01951999999982945	epochs	3.0
3401.754600099182	0.03864000000021406	epochs	2.0
3401.754600099182	0.019360000000233413	epochs	3.0
3401.773960099182	0.019279999999980646	epochs	3.0
3401.793240099182	0.038399999999910506	epochs	2.0
3401.793240099182	0.019279999999980646	epochs	3.0
3401.812520099182	0.01911999999992986	epochs	3.0
3401.831640099182	0.038000000000010914	epochs	2.0
3401.831640099182	0.01904000000013184	epochs	3.0
3401.8506800991822	0.018959999999879074	epochs	3.0
3401.869640099182	0.03767999999990934	epochs	2.0
3401.869640099182	0.018880000000081054	epochs	3.0
3401.888520099182	0.018799999999828287	epochs	3.0
3401.907320099182	0.03736000000026252	epochs	2.0
3401.907320099182	0.018720000000030268	epochs	3.0
3401.926040099182	0.01864000000023225	epochs	3.0
3401.9446800991823	0.0370399999997062	epochs	2.0
3401.9446800991823	0.018559999999979482	epochs	3.0
3401.9632400991823	0.018479999999726715	epochs	3.0
3401.981720099182	0.03672000000005937	epochs	2.0
3401.981720099182	0.018399999999928696	epochs	3.0
3402.000120099182	0.018320000000130676	epochs	3.0
3402.018440099182	0.036480000000210566	epochs	2.0
3402.018440099182	0.01823999999987791	epochs	3.0
3402.036680099182	0.018240000000332657	epochs	3.0
3402.0549200991823	0.03607999999985623	epochs	2.0
3402.0549200991823	0.018079999999827123	epochs	3.0
3402.073000099182	0.018000000000029104	epochs	3.0
3402.091000099182	0.03584000000000742	epochs	2.0
3402.091000099182	0.017920000000231084	epochs	3.0
3402.1089200991823	0.017919999999776337	epochs	3.0
3402.126840099182	0.03551999999990585	epochs	2.0
3402.126840099182	0.017760000000180298	epochs	3.0
3402.1446000991823	0.01775999999972555	epochs	3.0
3402.162360099182	0.035200000000259024	epochs	2.0
3402.162360099182	0.01767999999992753	epochs	3.0
3402.180040099182	0.017520000000331493	epochs	3.0
3402.1975600991823	0.03495999999995547	epochs	2.0
3402.1975600991823	0.017519999999876745	epochs	3.0
3402.215080099182	0.017440000000078726	epochs	3.0
3402.2325200991822	0.034720000000106666	epochs	2.0
3402.2325200991822	0.017440000000078726	epochs	3.0
3402.2499600991823	0.01728000000002794	epochs	3.0
3402.2672400991823	0.03440000000000509	epochs	2.0
3402.2672400991823	0.017199999999775173	epochs	3.0
3402.284440099182	0.01720000000022992	epochs	3.0
3402.3016400991824	0.03415999999970154	epochs	2.0
3402.3016400991824	0.017119999999977153	epochs	3.0
3402.3187600991823	0.017039999999724387	epochs	3.0
3402.335800099182	0.033840000000054715	epochs	2.0
3402.335800099182	0.016959999999926367	epochs	3.0
3402.352760099182	0.016880000000128348	epochs	3.0
3402.369640099182	0.03360000000020591	epochs	2.0
3402.369640099182	0.01679999999987558	epochs	3.0
3402.386440099182	0.01680000000033033	epochs	3.0
3402.4032400991823	0.03335999999990236	epochs	2.0
3402.4032400991823	0.016719999999622814	epochs	3.0
3402.419960099182	0.016640000000279542	epochs	3.0
3402.436600099182	0.03312000000005355	epochs	2.0
3402.436600099182	0.016560000000026776	epochs	3.0
3402.4531600991822	0.016560000000026776	epochs	3.0
3402.4697200991823	0.03279999999995198	epochs	2.0
3402.4697200991823	0.01639999999997599	epochs	3.0
3402.4861200991822	0.01639999999997599	epochs	3.0
3402.502520099182	0.03256000000010317	epochs	2.0
3402.502520099182	0.016319999999723223	epochs	3.0
3402.518840099182	0.01624000000037995	epochs	3.0
3402.5350800991823	0.03239999999959764	epochs	2.0
3402.5350800991823	0.016239999999925203	epochs	3.0
3402.5513200991822	0.016159999999672436	epochs	3.0
3402.567480099182	0.03208000000040556	epochs	2.0
3402.567480099182	0.016080000000329164	epochs	3.0
3402.5835600991823	0.016000000000076398	epochs	3.0
3402.5995600991823	0.03191999999990003	epochs	2.0
3402.5995600991823	0.01599999999962165	epochs	3.0
3402.615560099182	0.015920000000278378	epochs	3.0
3402.631480099182	0.031599999999798456	epochs	2.0
3402.631480099182	0.01584000000002561	epochs	3.0
3402.6473200991823	0.015759999999772845	epochs	3.0
3402.663080099182	0.03144000000020242	epochs	2.0
3402.663080099182	0.015760000000227592	epochs	3.0
3402.6788400991823	0.015679999999974825	epochs	3.0
3402.6945200991822	0.031199999999898864	epochs	2.0
3402.6945200991822	0.015599999999722058	epochs	3.0
3402.710120099182	0.015600000000176806	epochs	3.0
3402.725720099182	0.03096000000005006	epochs	2.0
3402.725720099182	0.015519999999924039	epochs	3.0
3402.741240099182	0.01544000000012602	epochs	3.0
3402.756680099182	0.030719999999746506	epochs	2.0
3402.756680099182	0.01544000000012602	epochs	3.0
3402.7721200991823	0.015279999999620486	epochs	3.0
3402.787400099182	0.030560000000150467	epochs	2.0
3402.787400099182	0.015360000000328	epochs	3.0
3402.8027600991823	0.015199999999822467	epochs	3.0
3402.817960099182	0.030319999999846914	epochs	2.0
3402.817960099182	0.015200000000277214	epochs	3.0
3402.8331600991824	0.0151199999995697	epochs	3.0
3402.848280099182	0.030079999999998108	epochs	2.0
3402.848280099182	0.015120000000024447	epochs	3.0
3402.863400099182	0.014959999999973661	epochs	3.0
3402.878360099182	0.02992000000040207	epochs	2.0
3402.878360099182	0.015040000000226428	epochs	3.0
3402.893400099182	0.014880000000175642	epochs	3.0
3402.9082800991823	0.02967999999964377	epochs	2.0
3402.9082800991823	0.014879999999720894	epochs	3.0
3402.923160099182	0.014799999999922875	epochs	3.0
3402.937960099182	0.02952000000004773	epochs	2.0
3402.937960099182	0.014800000000377622	epochs	3.0
3402.9527600991823	0.014719999999670108	epochs	3.0
3402.967480099182	0.029280000000198925	epochs	2.0
3402.967480099182	0.014720000000124855	epochs	3.0
3402.982200099182	0.01456000000007407	epochs	3.0
3402.996760099182	0.02911999999969339	epochs	2.0
3402.996760099182	0.014639999999872089	epochs	3.0
3403.011400099182	0.014479999999821302	epochs	3.0
3403.025880099182	0.028960000000097352	epochs	2.0
3403.025880099182	0.01448000000027605	epochs	3.0
3403.040360099182	0.014479999999821302	epochs	3.0
3403.054840099182	0.02863999999999578	epochs	2.0
3403.054840099182	0.014320000000225264	epochs	3.0
3403.069160099182	0.014319999999770516	epochs	3.0
3403.083480099182	0.02856000000019776	epochs	2.0
3403.083480099182	0.014320000000225264	epochs	3.0
3403.097800099182	0.014239999999972497	epochs	3.0
3403.112040099182	0.028319999999894208	epochs	2.0
3403.112040099182	0.01415999999971973	epochs	3.0
3403.126200099182	0.014160000000174477	epochs	3.0
3403.140360099182	0.02815999999984342	epochs	2.0
3403.140360099182	0.014160000000174477	epochs	3.0
3403.1545200991823	0.013999999999668944	epochs	3.0
3403.168520099182	0.028000000000247383	epochs	2.0
3403.168520099182	0.014000000000123691	epochs	3.0
3403.182520099182	0.014000000000123691	epochs	3.0
3403.196520099182	0.02775999999994383	epochs	2.0
3403.196520099182	0.013919999999870925	epochs	3.0
3403.210440099182	0.013840000000072905	epochs	3.0
3403.224280099182	0.02768000000014581	epochs	2.0
3403.224280099182	0.013840000000072905	epochs	3.0
3403.238120099182	0.013840000000072905	epochs	3.0
3403.2519600991823	0.027439999999842257	epochs	2.0
3403.2519600991823	0.013759999999820138	epochs	3.0
3403.265720099182	0.013680000000022119	epochs	3.0
3403.279400099182	0.02727999999979147	epochs	2.0
3403.279400099182	0.013680000000022119	epochs	3.0
3403.293080099182	0.013599999999769352	epochs	3.0
3403.306680099182	0.027120000000195432	epochs	2.0
3403.306680099182	0.01352000000042608	epochs	3.0
3403.3202000991823	0.013599999999769352	epochs	3.0
3403.333800099182	0.02687999999989188	epochs	2.0
3403.333800099182	0.013440000000173313	epochs	3.0
3403.3472400991823	0.013439999999718566	epochs	3.0
3403.360680099182	0.02680000000009386	epochs	2.0
3403.360680099182	0.013440000000173313	epochs	3.0
3403.374120099182	0.013359999999920547	epochs	3.0
3403.387480099182	0.026560000000245054	epochs	2.0
3403.387480099182	0.013280000000122527	epochs	3.0
3403.400760099182	0.013280000000122527	epochs	3.0
3403.4140400991823	0.026479999999992287	epochs	2.0
3403.4140400991823	0.01327999999966778	epochs	3.0
3403.427320099182	0.013200000000324508	epochs	3.0
3403.4405200991823	0.026239999999688735	epochs	2.0
3403.4405200991823	0.013119999999616994	epochs	3.0
3403.453640099182	0.013120000000071741	epochs	3.0
3403.466760099182	0.026159999999890715	epochs	2.0
3403.466760099182	0.013120000000071741	epochs	3.0
3403.479880099182	0.013039999999818974	epochs	3.0
3403.492920099182	0.026000000000294676	epochs	2.0
3403.492920099182	0.013040000000273722	epochs	3.0
3403.505960099182	0.012960000000020955	epochs	3.0
3403.518920099182	0.025759999999991123	epochs	2.0
3403.518920099182	0.012879999999768188	epochs	3.0
3403.531800099182	0.012880000000222935	epochs	3.0
3403.544680099182	0.025679999999738357	epochs	2.0
3403.544680099182	0.012879999999768188	epochs	3.0
3403.557560099182	0.012799999999970169	epochs	3.0
3403.570360099182	0.025520000000142318	epochs	2.0
3403.570360099182	0.012800000000424916	epochs	3.0
3403.5831600991824	0.012719999999717402	epochs	3.0
3403.595880099182	0.02536000000009153	epochs	2.0
3403.595880099182	0.01272000000017215	epochs	3.0
3403.6086000991822	0.012639999999919382	epochs	3.0
3403.621240099182	0.025200000000040745	epochs	2.0
3403.621240099182	0.012639999999919382	epochs	3.0
3403.633880099182	0.012560000000121363	epochs	3.0
3403.646440099182	0.0245599999998376	epochs	2.0
3403.6705200991823	0.5	epochs	-1.0
3403.671000099182	0.5001600000000508	epochs	1.0
3404.171160099182	0.4997600000001512	epochs	0.0
3409.1050000190735	0.09999999999990905	epochs	0.0
3409.1050000190735	0.04496000000017375	epochs	1.0
3409.1499600190737	0.010080000000016298	epochs	1.0
3409.1600400190737	0.044959999999719	epochs	1.0
3409.2050000190734	2.0	epochs	0.0
3411.2050000190734	21.519920000000184	epochs	0.0
3411.2050000190734	1.0	epochs	1.0
3411.2050000190734	0.5	epochs	-1.0
3411.7050000190734	19.999520000000302	epochs	-1.0
3412.2050000190734	20.0	epochs	1.0
3412.2050000190734	8.000000025276677e-05	epochs	2.0
3412.2050800190736	4.356719999999768	epochs	-1.0
3412.2050800190736	1.9745599999996557	epochs	2.0
3412.2050800190736	1.0985599999999067	epochs	3.0
3413.3036400190736	0.875999999999749	epochs	3.0
3414.1796400190733	1.352400000000216	epochs	2.0
3414.1796400190733	0.7286400000002686	epochs	3.0
3414.9082800190736	0.6237599999999475	epochs	3.0
3415.5320400190735	1.0297599999998965	epochs	2.0
3415.5320400190735	0.5453600000000733	epochs	3.0
3416.0774000190736	0.4843999999998232	epochs	3.0
3416.5618000190734	0.8317600000000311	epochs	2.0
3416.5618000190734	0.4357599999998456	epochs	3.0
3416.9975600190733	0.39600000000018554	epochs	3.0
3417.3935600190734	0.6978399999998146	epochs	2.0
3417.3935600190734	0.362880000000132	epochs	3.0
3417.7564400190736	0.3349599999996826	epochs	3.0
3418.0914000190733	0.6010400000000118	epochs	2.0
3418.0914000190733	0.3108799999999974	epochs	3.0
3418.4022800190733	0.2901600000000144	epochs	3.0
3418.6924400190733	0.5278400000001966	epochs	2.0
3418.6924400190733	0.2719200000001365	epochs	3.0
3418.9643600190734	0.2559200000000601	epochs	3.0
3419.2202800190735	0.47064000000000306	epochs	2.0
3419.2202800190735	0.2416800000000876	epochs	3.0
3419.4619600190736	0.22895999999991545	epochs	3.0
3419.6909200190735	0.42455999999992855	epochs	2.0
3419.6909200190735	0.21743999999989683	epochs	3.0
3419.9083600190734	0.20712000000003172	epochs	3.0
3420.1154800190734	0.3867199999999684	epochs	2.0
3420.1154800190734	0.19768000000021857	epochs	3.0
3420.3131600190736	0.18903999999974985	epochs	3.0
3420.5022000190734	0.35512000000016997	epochs	2.0
3420.5022000190734	0.1811999999999898	epochs	3.0
3420.6834000190734	0.17392000000018015	epochs	3.0
3420.8573200190735	0.32823999999982334	epochs	2.0
3420.8573200190735	0.16719999999986612	epochs	3.0
3421.0245200190734	0.16103999999995722	epochs	3.0
3421.1855600190734	0.30520000000024083	epochs	2.0
3421.1855600190734	0.1552799999999479	epochs	3.0
3421.3408400190733	0.14992000000029293	epochs	3.0
3421.4907600190736	0.28512000000000626	epochs	2.0
3421.4907600190736	0.14487999999983003	epochs	3.0
3421.6356400190734	0.14024000000017622	epochs	3.0
3421.7758800190736	0.26751999999987675	epochs	2.0
3421.7758800190736	0.13583999999991647	epochs	3.0
3421.9117200190735	0.13167999999996027	epochs	3.0
3422.0434000190735	0.2520800000002055	epochs	2.0
3422.0434000190735	0.12784000000010565	epochs	3.0
3422.1712400190736	0.12424000000009983	epochs	3.0
3422.2954800190737	0.2381599999998798	epochs	2.0
3422.2954800190737	0.12071999999989202	epochs	3.0
3422.4162000190736	0.11743999999998778	epochs	3.0
3422.5336400190736	0.225840000000062	epochs	2.0
3422.5336400190736	0.11439999999993233	epochs	3.0
3422.6480400190735	0.11144000000012966	epochs	3.0
3422.7594800190736	0.2146399999996902	epochs	2.0
3422.7594800190736	0.10863999999992302	epochs	3.0
3422.8681200190736	0.10599999999976717	epochs	3.0
3422.9741200190733	0.20448000000033062	epochs	2.0
3422.9741200190733	0.10344000000031883	epochs	3.0
3423.0775600190736	0.10104000000001179	epochs	3.0
3423.1786000190737	0.19535999999970954	epochs	2.0
3423.1786000190737	0.09879999999975553	epochs	3.0
3423.2774000190734	0.09655999999995402	epochs	3.0
3423.3739600190734	0.18695999999999913	epochs	2.0
3423.3739600190734	0.09448000000020329	epochs	3.0
3423.4684400190736	0.09247999999979584	epochs	3.0
3423.5609200190734	0.1792000000000371	epochs	2.0
3423.5609200190734	0.09048000000029788	epochs	3.0
3423.6514000190737	0.08871999999973923	epochs	3.0
3423.7401200190734	0.17208000000027823	epochs	2.0
3423.7401200190734	0.08688000000029206	epochs	3.0
3423.8270000190737	0.08519999999998618	epochs	3.0
3423.9122000190737	0.165520000000015	epochs	2.0
3423.9122000190737	0.08359999999993306	epochs	3.0
3423.9958000190736	0.08192000000008193	epochs	3.0
3424.0777200190737	0.15951999999970212	epochs	2.0
3424.0777200190737	0.08047999999962485	epochs	3.0
3424.1582000190733	0.07904000000007727	epochs	3.0
3424.2372400190734	0.15376000000014756	epochs	2.0
3424.2372400190734	0.07760000000007494	epochs	3.0
3424.3148400190735	0.07616000000007261	epochs	3.0
3424.3910000190735	0.14856000000008862	epochs	2.0
3424.3910000190735	0.07495999999991909	epochs	3.0
3424.4659600190735	0.07360000000016953	epochs	3.0
3424.5395600190736	0.1436799999996765	epochs	2.0
3424.5395600190736	0.07247999999981403	epochs	3.0
3424.6120400190734	0.07119999999986248	epochs	3.0
3424.6832400190733	0.1390400000000227	epochs	2.0
3424.6832400190733	0.07007999999996173	epochs	3.0
3424.7533200190733	0.06896000000006097	epochs	3.0
3424.8222800190733	0.13472000000001572	epochs	2.0
3424.8222800190733	0.06791999999995824	epochs	3.0
3424.8902000190733	0.06680000000005748	epochs	3.0
3424.9570000190733	0.1307200000001103	epochs	2.0
3424.9570000190733	0.06584000000020751	epochs	3.0
3425.0228400190736	0.0648799999999028	epochs	3.0
3425.0877200190735	0.1268000000000029	epochs	2.0
3425.0877200190735	0.06383999999980006	epochs	3.0
3425.1515600190733	0.06296000000020285	epochs	3.0
3425.2145200190735	0.12328000000024986	epochs	2.0
3425.2145200190735	0.0620800000001509	epochs	3.0
3425.2766000190736	0.06120000000009895	epochs	3.0
3425.3378000190737	0.11983999999984007	epochs	2.0
3425.3378000190737	0.060319999999592255	epochs	3.0
3425.3981200190733	0.05952000000024782	epochs	3.0
3425.4576400190736	0.11663999999973385	epochs	2.0
3425.4576400190736	0.05871999999999389	epochs	3.0
3425.5163600190735	0.05791999999973996	epochs	3.0
3425.5742800190733	0.11360000000013315	epochs	2.0
3425.5742800190733	0.05720000000019354	epochs	3.0
3425.6314800190735	0.05639999999993961	epochs	3.0
3425.6878800190734	0.1107200000001285	epochs	2.0
3425.6878800190734	0.055679999999938445	epochs	3.0
3425.7435600190734	0.05504000000019005	epochs	3.0
3425.7986000190735	0.10791999999992186	epochs	2.0
3425.7986000190735	0.05423999999993612	epochs	3.0
3425.8528400190735	0.05367999999998574	epochs	3.0
3425.9065200190735	0.10528000000022075	epochs	2.0
3425.9065200190735	0.052959999999984575	epochs	3.0
3425.9594800190735	0.05232000000023618	epochs	3.0
3426.0118000190737	0.10287999999991371	epochs	2.0
3426.0118000190737	0.05175999999983105	epochs	3.0
3426.0635600190735	0.051120000000082655	epochs	3.0
3426.1146800190736	0.10039999999980864	epochs	2.0
3426.1146800190736	0.05047999999987951	epochs	3.0
3426.1651600190735	0.04991999999992913	epochs	3.0
3426.2150800190734	0.0982400000002599	epochs	2.0
3426.2150800190734	0.049359999999978754	epochs	3.0
3426.2644400190734	0.04888000000028114	epochs	3.0
3426.3133200190737	0.09600000000000364	epochs	2.0
3426.3133200190737	0.04823999999962325	epochs	3.0
3426.3615600190733	0.04776000000038039	epochs	3.0
3426.4093200190737	0.09391999999979816	epochs	2.0
3426.4093200190737	0.04719999999997526	epochs	3.0
3426.4565200190737	0.0467199999998229	epochs	3.0
3426.5032400190735	0.09191999999984546	epochs	2.0
3426.5032400190735	0.046159999999872525	epochs	3.0
3426.5494000190733	0.04575999999997293	epochs	3.0
3426.5951600190733	0.09007999999994354	epochs	2.0
3426.5951600190733	0.04528000000027532	epochs	3.0
3426.6404400190736	0.044799999999668216	epochs	3.0
3426.6852400190733	0.0881600000002436	epochs	2.0
3426.6852400190733	0.04432000000042535	epochs	3.0
3426.7295600190737	0.04383999999981825	epochs	3.0
3426.7734000190735	0.08647999999993772	epochs	2.0
3426.7734000190735	0.043439999999918655	epochs	3.0
3426.8168400190734	0.04304000000001906	epochs	3.0
3426.8598800190734	0.08471999999983382	epochs	2.0
3426.8598800190734	0.042559999999866704	epochs	3.0
3426.9024400190733	0.04215999999996711	epochs	3.0
3426.9446000190733	0.08320000000003347	epochs	2.0
3426.9446000190733	0.04176000000006752	epochs	3.0
3426.9863600190733	0.04143999999996595	epochs	3.0
3427.0278000190733	0.08152000000018234	epochs	2.0
3427.0278000190733	0.04096000000026834	epochs	3.0
3427.0687600190736	0.040559999999914	epochs	3.0
3427.1093200190735	0.08008000000018001	epochs	2.0
3427.1093200190735	0.040239999999812426	epochs	3.0
3427.1495600190733	0.03984000000036758	epochs	3.0
3427.1894000190737	0.07863999999972293	epochs	2.0
3427.1894000190737	0.03951999999981126	epochs	3.0
3427.2289200190735	0.03911999999991167	epochs	3.0
3427.2680400190734	0.07720000000017535	epochs	2.0
3427.2680400190734	0.038800000000264845	epochs	3.0
3427.3068400190737	0.038399999999910506	epochs	3.0
3427.3452400190736	0.07591999999976906	epochs	2.0
3427.3452400190736	0.0381600000000617	epochs	3.0
3427.3834000190736	0.03775999999970736	epochs	3.0
3427.4211600190733	0.0745600000000195	epochs	2.0
3427.4211600190733	0.037440000000060536	epochs	3.0
3427.4586000190734	0.037119999999958964	epochs	3.0
3427.4957200190734	0.07336000000032072	epochs	2.0
3427.4957200190734	0.03680000000031214	epochs	3.0
3427.5325200190737	0.036560000000008586	epochs	3.0
3427.5690800190737	0.07207999999991443	epochs	2.0
3427.5690800190737	0.036159999999654246	epochs	3.0
3427.6052400190733	0.03592000000026019	epochs	3.0
3427.6411600190736	0.07087999999976091	epochs	2.0
3427.6411600190736	0.03559999999970387	epochs	3.0
3427.6767600190733	0.035280000000057044	epochs	3.0
3427.7120400190734	0.06984000000011292	epochs	2.0
3427.7120400190734	0.03504000000020824	epochs	3.0
3427.7470800190736	0.034799999999904685	epochs	3.0
3427.7818800190735	0.0686399999999594	epochs	2.0
3427.7818800190735	0.03447999999980311	epochs	3.0
3427.8163600190733	0.03416000000015629	epochs	3.0
3427.8505200190734	0.06759999999985666	epochs	2.0
3427.8505200190734	0.033919999999852735	epochs	3.0
3427.8844400190733	0.03368000000000393	epochs	3.0
3427.9181200190733	0.06656000000020867	epochs	2.0
3427.9181200190733	0.03344000000015512	epochs	3.0
3427.9515600190734	0.03312000000005355	epochs	3.0
3427.9846800190735	0.06559999999990396	epochs	2.0
3427.9846800190735	0.032960000000002765	epochs	3.0
3428.0176400190735	0.03263999999990119	epochs	3.0
3428.0502800190734	0.06456000000025597	epochs	2.0
3428.0502800190734	0.03240000000005239	epochs	3.0
3428.0826800190735	0.03216000000020358	epochs	3.0
3428.1148400190737	0.06367999999974927	epochs	2.0
3428.1148400190737	0.03199999999969805	epochs	3.0
3428.1468400190734	0.03168000000005122	epochs	3.0
3428.1785200190734	0.0627199999998993	epochs	2.0
3428.1785200190734	0.03144000000020242	epochs	3.0
3428.2099600190736	0.031279999999696884	epochs	3.0
3428.2412400190733	0.0618400000003021	epochs	2.0
3428.2412400190733	0.031040000000302825	epochs	3.0
3428.2722800190736	0.030799999999999272	epochs	3.0
3428.3030800190736	0.0609599999997954	epochs	2.0
3428.3030800190736	0.03055999999969572	epochs	3.0
3428.3336400190733	0.03040000000009968	epochs	3.0
3428.3640400190734	0.060159999999996217	epochs	2.0
3428.3640400190734	0.030160000000250875	epochs	3.0
3428.3942000190737	0.02999999999974534	epochs	3.0
3428.4242000190734	0.059279999999944266	epochs	2.0
3428.4242000190734	0.029680000000098516	epochs	3.0
3428.4538800190735	0.02959999999984575	epochs	3.0
3428.4834800190733	0.05848000000014508	epochs	2.0
3428.4834800190733	0.029359999999996944	epochs	3.0
3428.5128400190733	0.02912000000014814	epochs	3.0
3428.5419600190735	0.05776000000014392	epochs	2.0
3428.5419600190735	0.028960000000097352	epochs	3.0
3428.5709200190736	0.028800000000046566	epochs	3.0
3428.5997200190736	0.05695999999988999	epochs	2.0
3428.5997200190736	0.028559999999743013	epochs	3.0
3428.6282800190734	0.028400000000146974	epochs	3.0
3428.6566800190735	0.05623999999988882	epochs	2.0
3428.6566800190735	0.02815999999984342	epochs	3.0
3428.6848400190734	0.028080000000045402	epochs	3.0
3428.7129200190734	0.05544000000008964	epochs	2.0
3428.7129200190734	0.027840000000196596	epochs	3.0
3428.7407600190736	0.027599999999893043	epochs	3.0
3428.7683600190735	0.05488000000013926	epochs	2.0
3428.7683600190735	0.027520000000095024	epochs	3.0
3428.7958800190736	0.027360000000044238	epochs	3.0
3428.8232400190736	0.05407999999988533	epochs	2.0
3428.8232400190736	0.027119999999740685	epochs	3.0
3428.8503600190734	0.026960000000144646	epochs	3.0
3428.8773200190735	0.053440000000136934	epochs	2.0
3428.8773200190735	0.02680000000009386	epochs	3.0
3428.9041200190736	0.026640000000043074	epochs	3.0
3428.9307600190737	0.05287999999973181	epochs	2.0
3428.9307600190737	0.026479999999992287	epochs	3.0
3428.9572400190737	0.02639999999973952	epochs	3.0
3428.9836400190734	0.05216000000018539	epochs	2.0
3428.9836400190734	0.026159999999890715	epochs	3.0
3429.0098000190733	0.026000000000294676	epochs	3.0
3429.0358000190736	0.05151999999998225	epochs	2.0
3429.0358000190736	0.025839999999789143	epochs	3.0
3429.0616400190734	0.025680000000193104	epochs	3.0
3429.0873200190736	0.05096000000003187	epochs	2.0
3429.0873200190736	0.025599999999940337	epochs	3.0
3429.1129200190735	0.02536000000009153	epochs	3.0
3429.1382800190736	0.05040000000008149	epochs	2.0
3429.1382800190736	0.025279999999838765	epochs	3.0
3429.1635600190734	0.025120000000242726	epochs	3.0
3429.1886800190737	0.049759999999878346	epochs	2.0
3429.1886800190737	0.024959999999737192	epochs	3.0
3429.2136400190734	0.024800000000141154	epochs	3.0
3429.2384400190736	0.04919999999992797	epochs	2.0
3429.2384400190736	0.024640000000090367	epochs	3.0
3429.2630800190736	0.0245599999998376	epochs	3.0
3429.2876400190735	0.04872000000023036	epochs	2.0
3429.2876400190735	0.024399999999786814	epochs	3.0
3429.3120400190733	0.024320000000443542	epochs	3.0
3429.3363600190737	0.048079999999572465	epochs	2.0
3429.3363600190737	0.024079999999685242	epochs	3.0
3429.3604400190734	0.023999999999887223	epochs	3.0
3429.3844400190733	0.0476000000003296	epochs	2.0
3429.3844400190733	0.023840000000291184	epochs	3.0
3429.4082800190736	0.023760000000038417	epochs	3.0
3429.4320400190736	0.047119999999722495	epochs	2.0
3429.4320400190736	0.02359999999998763	epochs	3.0
3429.4556400190736	0.023519999999734864	epochs	3.0
3429.4791600190733	0.046560000000226864	epochs	2.0
3429.4791600190733	0.023360000000138825	epochs	3.0
3429.5025200190735	0.02320000000008804	epochs	3.0
3429.5257200190736	0.046080000000074506	epochs	2.0
3429.5257200190736	0.023119999999835272	epochs	3.0
3429.5488400190734	0.022960000000239233	epochs	3.0
3429.5718000190736	0.04559999999992215	epochs	2.0
3429.5718000190736	0.022879999999986467	epochs	3.0
3429.5946800190736	0.02271999999993568	epochs	3.0
3429.6174000190736	0.04511999999976979	epochs	2.0
3429.6174000190736	0.02264000000013766	epochs	3.0
3429.6400400190737	0.022479999999632128	epochs	3.0
3429.6625200190733	0.04464000000007218	epochs	2.0
3429.6625200190733	0.022400000000288856	epochs	3.0
3429.6849200190736	0.022239999999783322	epochs	3.0
3429.7071600190734	0.044240000000172586	epochs	2.0
3429.7071600190734	0.022159999999985303	epochs	3.0
3429.7293200190734	0.022080000000187283	epochs	3.0
3429.7514000190736	0.04376000000002023	epochs	2.0
3429.7514000190736	0.021920000000136497	epochs	3.0
3429.7733200190737	0.02183999999988373	epochs	3.0
3429.7951600190736	0.04335999999966589	epochs	2.0
3429.7951600190736	0.02176000000008571	epochs	3.0
3429.8169200190737	0.021599999999580177	epochs	3.0
3429.8385200190733	0.042880000000423024	epochs	2.0
3429.8385200190733	0.021440000000438886	epochs	3.0
3429.8599600190737	0.02143999999998414	epochs	3.0
3429.8814000190737	0.04247999999961394	epochs	2.0
3429.8814000190737	0.021279999999933352	epochs	3.0
3429.9026800190736	0.021199999999680585	epochs	3.0
3429.9238800190733	0.04208000000016909	epochs	2.0
3429.9238800190733	0.021040000000084547	epochs	3.0
3429.9449200190734	0.021040000000084547	epochs	3.0
3429.9659600190735	0.041679999999814754	epochs	2.0
3429.9659600190735	0.02088000000003376	epochs	3.0
3429.9868400190735	0.020799999999780994	epochs	3.0
3430.0076400190733	0.04120000000011714	epochs	2.0
3430.0076400190733	0.020640000000184955	epochs	3.0
3430.0282800190735	0.020559999999932188	epochs	3.0
3430.0488400190734	0.04088000000001557	epochs	2.0
3430.0488400190734	0.020559999999932188	epochs	3.0
3430.0694000190733	0.020320000000083382	epochs	3.0
3430.0897200190734	0.040559999999914	epochs	2.0
3430.0897200190734	0.020320000000083382	epochs	3.0
3430.1100400190735	0.020239999999830616	epochs	3.0
3430.1302800190733	0.04008000000021639	epochs	2.0
3430.1302800190733	0.020080000000234577	epochs	3.0
3430.1503600190736	0.01999999999998181	epochs	3.0
3430.1703600190735	0.039760000000114815	epochs	2.0
3430.1703600190735	0.019919999999729043	epochs	3.0
3430.1902800190733	0.01984000000038577	epochs	3.0
3430.2101200190737	0.03944000000001324	epochs	2.0
3430.2101200190737	0.019759999999678257	epochs	3.0
3430.2298800190733	0.019680000000334985	epochs	3.0
3430.2495600190737	0.0390399999996589	epochs	2.0
3430.2495600190737	0.01951999999982945	epochs	3.0
3430.2690800190735	0.01951999999982945	epochs	3.0
3430.2886000190733	0.03864000000021406	epochs	2.0
3430.2886000190733	0.019360000000233413	epochs	3.0
3430.3079600190736	0.019279999999980646	epochs	3.0
3430.3272400190735	0.038399999999910506	epochs	2.0
3430.3272400190735	0.019279999999980646	epochs	3.0
3430.3465200190735	0.01911999999992986	epochs	3.0
3430.3656400190735	0.038000000000010914	epochs	2.0
3430.3656400190735	0.01904000000013184	epochs	3.0
3430.3846800190736	0.018959999999879074	epochs	3.0
3430.4036400190735	0.03767999999990934	epochs	2.0
3430.4036400190735	0.018880000000081054	epochs	3.0
3430.4225200190735	0.018799999999828287	epochs	3.0
3430.4413200190734	0.03736000000026252	epochs	2.0
3430.4413200190734	0.018720000000030268	epochs	3.0
3430.4600400190734	0.01864000000023225	epochs	3.0
3430.4786800190736	0.0370399999997062	epochs	2.0
3430.4786800190736	0.018559999999979482	epochs	3.0
3430.4972400190736	0.018479999999726715	epochs	3.0
3430.5157200190733	0.03672000000005937	epochs	2.0
3430.5157200190733	0.018399999999928696	epochs	3.0
3430.5341200190733	0.018320000000130676	epochs	3.0
3430.5524400190734	0.036480000000210566	epochs	2.0
3430.5524400190734	0.01823999999987791	epochs	3.0
3430.5706800190733	0.018240000000332657	epochs	3.0
3430.5889200190736	0.03607999999985623	epochs	2.0
3430.5889200190736	0.018079999999827123	epochs	3.0
3430.6070000190734	0.018000000000029104	epochs	3.0
3430.6250000190735	0.03584000000000742	epochs	2.0
3430.6250000190735	0.017920000000231084	epochs	3.0
3430.6429200190737	0.017919999999776337	epochs	3.0
3430.6608400190735	0.03551999999990585	epochs	2.0
3430.6608400190735	0.017760000000180298	epochs	3.0
3430.6786000190737	0.01775999999972555	epochs	3.0
3430.6963600190734	0.035200000000259024	epochs	2.0
3430.6963600190734	0.01767999999992753	epochs	3.0
3430.7140400190733	0.017520000000331493	epochs	3.0
3430.7315600190736	0.03495999999995547	epochs	2.0
3430.7315600190736	0.017519999999876745	epochs	3.0
3430.7490800190735	0.017440000000078726	epochs	3.0
3430.7665200190736	0.034720000000106666	epochs	2.0
3430.7665200190736	0.017440000000078726	epochs	3.0
3430.7839600190737	0.01728000000002794	epochs	3.0
3430.8012400190737	0.03440000000000509	epochs	2.0
3430.8012400190737	0.017199999999775173	epochs	3.0
3430.8184400190735	0.01720000000022992	epochs	3.0
3430.8356400190737	0.03415999999970154	epochs	2.0
3430.8356400190737	0.017119999999977153	epochs	3.0
3430.8527600190737	0.017039999999724387	epochs	3.0
3430.8698000190734	0.033840000000054715	epochs	2.0
3430.8698000190734	0.016959999999926367	epochs	3.0
3430.8867600190733	0.016880000000128348	epochs	3.0
3430.9036400190735	0.03360000000020591	epochs	2.0
3430.9036400190735	0.01679999999987558	epochs	3.0
3430.9204400190733	0.01680000000033033	epochs	3.0
3430.9372400190737	0.03335999999990236	epochs	2.0
3430.9372400190737	0.016719999999622814	epochs	3.0
3430.9539600190733	0.016640000000279542	epochs	3.0
3430.9706000190736	0.03312000000005355	epochs	2.0
3430.9706000190736	0.016560000000026776	epochs	3.0
3430.9871600190736	0.016560000000026776	epochs	3.0
3431.0037200190736	0.03279999999995198	epochs	2.0
3431.0037200190736	0.01639999999997599	epochs	3.0
3431.0201200190736	0.01639999999997599	epochs	3.0
3431.0365200190736	0.03256000000010317	epochs	2.0
3431.0365200190736	0.016319999999723223	epochs	3.0
3431.0528400190733	0.01624000000037995	epochs	3.0
3431.0690800190737	0.03239999999959764	epochs	2.0
3431.0690800190737	0.016239999999925203	epochs	3.0
3431.0853200190736	0.016159999999672436	epochs	3.0
3431.1014800190733	0.03208000000040556	epochs	2.0
3431.1014800190733	0.016080000000329164	epochs	3.0
3431.1175600190736	0.016000000000076398	epochs	3.0
3431.1335600190737	0.03191999999990003	epochs	2.0
3431.1335600190737	0.01599999999962165	epochs	3.0
3431.1495600190733	0.015920000000278378	epochs	3.0
3431.1654800190736	0.031599999999798456	epochs	2.0
3431.1654800190736	0.01584000000002561	epochs	3.0
3431.1813200190736	0.015759999999772845	epochs	3.0
3431.1970800190734	0.03144000000020242	epochs	2.0
3431.1970800190734	0.015760000000227592	epochs	3.0
3431.2128400190736	0.015679999999974825	epochs	3.0
3431.2285200190736	0.031199999999898864	epochs	2.0
3431.2285200190736	0.015599999999722058	epochs	3.0
3431.2441200190733	0.015600000000176806	epochs	3.0
3431.2597200190735	0.03096000000005006	epochs	2.0
3431.2597200190735	0.015519999999924039	epochs	3.0
3431.2752400190734	0.01544000000012602	epochs	3.0
3431.2906800190735	0.030719999999746506	epochs	2.0
3431.2906800190735	0.01544000000012602	epochs	3.0
3431.3061200190737	0.015279999999620486	epochs	3.0
3431.3214000190733	0.030560000000150467	epochs	2.0
3431.3214000190733	0.015360000000328	epochs	3.0
3431.3367600190736	0.015199999999822467	epochs	3.0
3431.3519600190734	0.030319999999846914	epochs	2.0
3431.3519600190734	0.015200000000277214	epochs	3.0
3431.3671600190737	0.0151199999995697	epochs	3.0
3431.3822800190733	0.030079999999998108	epochs	2.0
3431.3822800190733	0.015120000000024447	epochs	3.0
3431.3974000190733	0.014959999999973661	epochs	3.0
3431.4123600190733	0.02992000000040207	epochs	2.0
3431.4123600190733	0.015040000000226428	epochs	3.0
3431.4274000190735	0.014880000000175642	epochs	3.0
3431.4422800190737	0.02967999999964377	epochs	2.0
3431.4422800190737	0.014879999999720894	epochs	3.0
3431.4571600190734	0.014799999999922875	epochs	3.0
3431.4719600190733	0.02952000000004773	epochs	2.0
3431.4719600190733	0.014800000000377622	epochs	3.0
3431.4867600190737	0.014719999999670108	epochs	3.0
3431.5014800190734	0.029280000000198925	epochs	2.0
3431.5014800190734	0.014720000000124855	epochs	3.0
3431.5162000190735	0.01456000000007407	epochs	3.0
3431.5307600190736	0.02911999999969339	epochs	2.0
3431.5307600190736	0.014639999999872089	epochs	3.0
3431.5454000190734	0.014479999999821302	epochs	3.0
3431.5598800190733	0.028960000000097352	epochs	2.0
3431.5598800190733	0.01448000000027605	epochs	3.0
3431.5743600190735	0.014479999999821302	epochs	3.0
3431.5888400190734	0.02863999999999578	epochs	2.0
3431.5888400190734	0.014320000000225264	epochs	3.0
3431.6031600190736	0.014319999999770516	epochs	3.0
3431.6174800190734	0.02856000000019776	epochs	2.0
3431.6174800190734	0.014320000000225264	epochs	3.0
3431.6318000190736	0.014239999999972497	epochs	3.0
3431.6460400190736	0.028319999999894208	epochs	2.0
3431.6460400190736	0.01415999999971973	epochs	3.0
3431.6602000190733	0.014160000000174477	epochs	3.0
3431.6743600190734	0.02815999999984342	epochs	2.0
3431.6743600190734	0.014160000000174477	epochs	3.0
3431.6885200190736	0.013999999999668944	epochs	3.0
3431.7025200190733	0.028000000000247383	epochs	2.0
3431.7025200190733	0.014000000000123691	epochs	3.0
3431.7165200190734	0.014000000000123691	epochs	3.0
3431.7305200190735	0.02775999999994383	epochs	2.0
3431.7305200190735	0.013919999999870925	epochs	3.0
3431.7444400190734	0.013840000000072905	epochs	3.0
3431.7582800190735	0.02768000000014581	epochs	2.0
3431.7582800190735	0.013840000000072905	epochs	3.0
3431.7721200190736	0.013840000000072905	epochs	3.0
3431.7859600190736	0.027439999999842257	epochs	2.0
3431.7859600190736	0.013759999999820138	epochs	3.0
3431.7997200190734	0.013680000000022119	epochs	3.0
3431.8134000190735	0.02727999999979147	epochs	2.0
3431.8134000190735	0.013680000000022119	epochs	3.0
3431.8270800190735	0.013599999999769352	epochs	3.0
3431.8406800190733	0.027120000000195432	epochs	2.0
3431.8406800190733	0.01352000000042608	epochs	3.0
3431.8542000190737	0.013599999999769352	epochs	3.0
3431.8678000190735	0.02687999999989188	epochs	2.0
3431.8678000190735	0.013440000000173313	epochs	3.0
3431.8812400190736	0.013439999999718566	epochs	3.0
3431.8946800190733	0.02680000000009386	epochs	2.0
3431.8946800190733	0.013440000000173313	epochs	3.0
3431.9081200190735	0.013359999999920547	epochs	3.0
3431.9214800190734	0.026560000000245054	epochs	2.0
3431.9214800190734	0.013280000000122527	epochs	3.0
3431.9347600190736	0.013280000000122527	epochs	3.0
3431.9480400190737	0.026479999999992287	epochs	2.0
3431.9480400190737	0.01327999999966778	epochs	3.0
3431.9613200190734	0.013200000000324508	epochs	3.0
3431.9745200190737	0.026239999999688735	epochs	2.0
3431.9745200190737	0.013119999999616994	epochs	3.0
3431.9876400190733	0.013120000000071741	epochs	3.0
3432.0007600190734	0.026159999999890715	epochs	2.0
3432.0007600190734	0.013120000000071741	epochs	3.0
3432.0138800190734	0.013039999999818974	epochs	3.0
3432.0269200190733	0.026000000000294676	epochs	2.0
3432.0269200190733	0.013040000000273722	epochs	3.0
3432.0399600190735	0.012960000000020955	epochs	3.0
3432.0529200190736	0.025759999999991123	epochs	2.0
3432.0529200190736	0.012879999999768188	epochs	3.0
3432.0658000190733	0.012880000000222935	epochs	3.0
3432.0786800190735	0.025679999999738357	epochs	2.0
3432.0786800190735	0.012879999999768188	epochs	3.0
3432.0915600190733	0.012799999999970169	epochs	3.0
3432.1043600190733	0.025520000000142318	epochs	2.0
3432.1043600190733	0.012800000000424916	epochs	3.0
3432.1171600190737	0.012719999999717402	epochs	3.0
3432.1298800190734	0.02536000000009153	epochs	2.0
3432.1298800190734	0.01272000000017215	epochs	3.0
3432.1426000190736	0.012639999999919382	epochs	3.0
3432.1552400190735	0.025200000000040745	epochs	2.0
3432.1552400190735	0.012639999999919382	epochs	3.0
3432.1678800190734	0.012560000000121363	epochs	3.0
3432.1804400190736	0.0245599999998376	epochs	2.0
3432.2045200190737	0.5	epochs	-1.0
3432.2050000190734	0.5199200000001838	epochs	1.0
3432.7249200190736	0.4800000000000182	epochs	0.0
3448.3720002174377	0.09999999999990905	epochs	0.0
3448.3720002174377	0.04496000000017375	epochs	1.0
3448.416960217438	0.010080000000016298	epochs	1.0
3448.427040217438	0.044959999999719	epochs	1.0
3448.4720002174377	0.22992000000022017	epochs	0.0
3448.4720002174377	0.0500000000001819	epochs	1.0
3448.522000217438	0.009999999999763531	epochs	1.0
3448.5320002174376	0.0500000000001819	epochs	1.0
3448.582000217438	0.009999999999763531	epochs	1.0
3448.5920002174375	0.0500000000001819	epochs	1.0
3448.6420002174377	0.010000000000218279	epochs	1.0
3448.652000217438	0.04991999999992913	epochs	1.0
